stu_id,site_id,incident_id,incident_date,schoolyr,incident_time,suspension_days,minor_incident,major_incident
67012757,67_67399_5136971,137377,2/26/26,2025-2026,10:00 AM,0,1,0
67012936,67_67399_5136971,136240,11/15/25,2025-2026,2:00 PM,0,1,0
67012956,67_67399_5136971,135916,10/23/25,2025-2026,12:00 PM,0,1,0
67012956,67_67399_5136971,137665,3/14/26,2025-2026,1:30 PM,0,2,0
67012961,67_67399_5136971,136243,11/15/25,2025-2026,2:00 PM,0,0,1
67012961,67_67399_5136971,136386,12/2/25,2025-2026,3:23 PM,0,1,0
67012961,67_67399_5136971,136398,12/3/25,2025-2026,11:40 AM,0,1,0
67012968,67_67399_5136971,136346,11/21/25,2025-2026,2:22 PM,0,2,0
67012976,67_67399_5136971,137909,4/1/26,2025-2026,8:20 AM,0,0,0
67013035,67_67399_5136971,135933,10/17/25,2025-2026,12:00 PM,0,0,1
67013035,67_67399_5136971,137864,3/24/26,2025-2026,3:00 PM,0,1,0
67013038,67_67399_5136971,136618,1/8/26,2025-2026,11:30 AM,0,1,0
67013067,67_67399_5136978,136755,1/17/26,2025-2026,10:17 AM,0,1,0
67013067,67_67399_5136978,138114,4/11/26,2025-2026,3:20 PM,2,0,0
67013067,67_67399_5136978,138662,5/29/26,2025-2026,2:07 PM,0,1,0
67013083,67_67399_5136978,136130,11/7/25,2025-2026,11:11 AM,0,0,1
67013089,67_67399_5136978,138112,4/11/26,2025-2026,3:20 PM,1,0,0
67013092,67_67399_5136978,137866,3/26/26,2025-2026,1:35 PM,1,0,0
67013092,67_67399_5136978,138138,4/14/26,2025-2026,3:37 PM,0,1,0
67013092,67_67399_5136978,138315,5/5/26,2025-2026,3:04 PM,0,1,1
67013264,67_67399_5136972,136327,11/21/25,2025-2026,12:48 PM,0,1,0
67013264,67_67399_5136972,136365,11/22/25,2025-2026,10:20 AM,0,1,0
67013264,67_67399_5136972,136548,12/16/25,2025-2026,1:35 PM,0,1,0
67013264,67_67399_5136972,138153,4/15/26,2025-2026,10:30 AM,0,1,0
67013265,67_67399_5136972,138525,5/16/26,2025-2026,3:19 PM,0,0,1
67013272,67_67399_5136972,135988,10/29/25,2025-2026,1:11 PM,0,1,0
67013272,67_67399_5136972,136681,1/14/26,2025-2026,11:46 AM,0,1,0
67013272,67_67399_5136972,137635,3/13/26,2025-2026,5:55 PM,0,0,1
67013272,67_67399_5136972,137615,3/13/26,2025-2026,8:28 AM,0,0,1
67013277,67_67399_5136972,137605,3/12/26,2025-2026,11:35 AM,0,1,0
67013277,67_67399_5136972,137621,3/13/26,2025-2026,12:32 PM,0,1,0
67013277,67_67399_5136972,137805,3/24/26,2025-2026,9:42 AM,0,1,0
67013277,67_67399_5136972,137954,4/3/26,2025-2026,8:50 AM,0,0,1
67013277,67_67399_5136972,138025,4/8/26,2025-2026,10:25 AM,0,1,0
67013277,67_67399_5136972,138044,4/9/26,2025-2026,11:52 AM,0,1,0
67013277,67_67399_5136972,138095,4/11/26,2025-2026,9:28 AM,0,0,1
67013277,67_67399_5136972,138141,4/14/26,2025-2026,1:30 PM,0,0,1
67013277,67_67399_5136972,138175,4/16/26,2025-2026,2:39 PM,0,0,1
67013277,67_67399_5136972,138242,4/17/26,2025-2026,1:15 PM,0,1,0
67013277,67_67399_5136972,138243,4/29/26,2025-2026,11:40 AM,0,0,1
67013277,67_67399_5136972,138314,5/5/26,2025-2026,1:27 PM,1,0,0
67013287,67_67399_5136972,138337,5/6/26,2025-2026,9:55 AM,0,0,0
67013310,67_67399_5136972,137033,2/4/26,2025-2026,1:43 PM,0,1,0
67013318,67_67399_5136972,136704,1/15/26,2025-2026,10:52 AM,0,0,1
67013318,67_67399_5136972,137032,2/4/26,2025-2026,1:37 PM,0,1,0
67013318,67_67399_5136972,137235,2/14/26,2025-2026,3:01 PM,0,1,0
67013318,67_67399_5136972,137342,2/24/26,2025-2026,3:20 PM,0,0,1
67013329,67_67399_5136972,137705,3/18/26,2025-2026,2:03 PM,0,1,0
67013329,67_67399_5136972,138336,5/6/26,2025-2026,9:55 AM,0,0,0
67013342,67_67399_5136972,136680,1/14/26,2025-2026,11:43 AM,0,1,0
67013342,67_67399_5136972,137634,3/13/26,2025-2026,5:48 PM,0,0,1
67013342,67_67399_5136972,138091,4/10/26,2025-2026,4:14 PM,0,0,1
67013353,67_67399_5136972,136569,12/18/25,2025-2026,1:28 PM,0,1,0
67013353,67_67399_5136972,136664,1/13/26,2025-2026,1:37 PM,0,1,0
67013353,67_67399_5136972,138092,4/10/26,2025-2026,4:16 PM,0,0,1
67013353,67_67399_5136972,138335,5/6/26,2025-2026,9:55 AM,1,0,0
67013414,67_67399_5136972,138689,6/2/26,2025-2026,11:15 AM,0,0,1
67013448,67_67399_5136972,135502,9/19/25,2025-2026,5:08 PM,0,1,0
67013476,67_67399_5136972,136400,12/3/25,2025-2026,9:30 AM,0,0,0
67013516,67_67399_5136972,135786,10/11/25,2025-2026,10:30 AM,0,0,1
67013577,67_67399_5136972,135476,9/18/25,2025-2026,10:24 AM,0,1,0
67013577,67_67399_5136972,135667,10/4/25,2025-2026,10:02 AM,0,1,0
67013577,67_67399_5136972,136417,12/4/25,2025-2026,1:41 PM,0,1,0
67013599,67_67399_5136972,135505,9/20/25,2025-2026,11:21 AM,0,0,1
67013606,67_67399_5136972,135726,10/8/25,2025-2026,2:19 PM,0,1,1
67013606,67_67399_5136972,136727,1/16/26,2025-2026,10:19 AM,0,0,1
67013606,67_67399_5136972,137015,2/4/26,2025-2026,9:40 AM,0,0,1
67013606,67_67399_5136972,137277,2/20/26,2025-2026,10:16 AM,1,0,2
67013609,67_67399_5136972,137188,2/13/26,2025-2026,9:45 AM,0,0,1
67013619,67_67399_5136972,135725,10/8/25,2025-2026,2:15 PM,0,1,1
67013639,67_67399_5136972,136475,12/10/25,2025-2026,11:03 AM,0,0,1
67013656,67_67399_5136972,137167,2/12/26,2025-2026,12:34 PM,0,0,1
67013656,67_67399_5136972,138131,4/14/26,2025-2026,1:17 PM,0,0,1
67013693,67_67399_5136972,135769,10/10/25,2025-2026,1:47 PM,0,1,0
67013693,67_67399_5136972,137970,3/21/26,2025-2026,1:53 PM,0,0,1
67013693,67_67399_5136972,137971,3/21/26,2025-2026,1:53 PM,0,0,1
67013701,67_67399_5136972,137161,2/12/26,2025-2026,10:50 AM,0,1,1
67013701,67_67399_5136972,137294,2/21/26,2025-2026,10:32 AM,0,0,1
67013701,67_67399_5136972,138433,5/13/26,2025-2026,9:15 AM,0,0,1
67013818,67_67399_5136978,137670,3/14/26,2025-2026,2:50 PM,0,0,0
67013822,67_67399_5136978,136804,1/23/26,2025-2026,9:40 AM,0,1,0
67013822,67_67399_5136978,136998,2/3/26,2025-2026,11:36 AM,0,3,0
67013822,67_67399_5136978,137558,3/10/26,2025-2026,2:01 PM,0,3,0
67013822,67_67399_5136978,138521,5/16/26,2025-2026,2:24 PM,0,0,1
67013826,67_67399_5136978,137613,3/12/26,2025-2026,10:00 AM,1,0,1
67013830,67_67399_5136978,137669,3/14/26,2025-2026,2:50 PM,1,0,0
67013838,67_67399_5136978,136170,11/12/25,2025-2026,10:49 AM,0,2,0
67013838,67_67399_5136978,136452,12/6/25,2025-2026,12:15 PM,1,0,0
67013838,67_67399_5136978,136803,1/23/26,2025-2026,9:37 AM,0,1,0
67013838,67_67399_5136978,137560,3/10/26,2025-2026,2:06 PM,0,2,0
67013866,67_67399_5136978,135627,10/2/25,2025-2026,9:30 AM,0,1,0
67013872,67_67399_5136978,136756,1/16/26,2025-2026,11:30 AM,2,0,0
67013877,67_67399_5136978,137966,4/3/26,2025-2026,1:34 PM,0,2,0
67013885,67_67399_5136978,136754,1/16/26,2025-2026,11:30 AM,1,0,0
67013885,67_67399_5136978,137965,4/3/26,2025-2026,1:30 PM,0,1,0
67013886,67_67399_5136978,136997,2/3/26,2025-2026,11:32 AM,0,3,0
67013886,67_67399_5136978,137559,3/10/26,2025-2026,2:04 PM,0,3,0
67012774,67_67399_5136971,137420,2/27/26,2025-2026,11:45 AM,3,0,0
67014089,67_67399_5136973,138536,5/19/26,2025-2026,1:33 PM,0,1,0
67014105,67_67399_5136973,136670,1/13/26,2025-2026,2:55 PM,0,1,0
67014112,67_67399_5136973,136669,1/13/26,2025-2026,2:43 PM,0,1,0
67014112,67_67399_5136973,138363,5/7/26,2025-2026,1:59 PM,0,1,0
67014477,67_67399_5136978,137612,3/12/26,2025-2026,4:37 PM,0,0,1
67014488,67_67399_5136978,136545,12/4/25,2025-2026,1:45 PM,0,0,1
67014161,67_67399_5136973,135590,9/27/25,2025-2026,3:10 PM,0,0,0
67014161,67_67399_5136973,138143,4/15/26,2025-2026,8:30 AM,0,0,0
67014161,67_67399_5136973,138228,4/29/26,2025-2026,9:46 AM,0,0,0
67014549,67_67399_5136974,137969,4/3/26,2025-2026,1:09 PM,0,0,0
67014581,67_67399_5136974,138313,5/2/26,2025-2026,2:02 PM,0,0,0
67014583,67_67399_5136974,137581,3/11/26,2025-2026,1:15 PM,0,1,0
67014663,67_67399_5136974,137810,3/21/26,2025-2026,11:20 AM,0,1,0
67014672,67_67399_5136974,137724,3/19/26,2025-2026,11:55 AM,0,1,0
67014676,67_67399_5136974,138254,4/30/26,2025-2026,1:19 PM,0,0,1
67014700,67_67399_5136974,137749,3/19/26,2025-2026,11:55 AM,0,1,0
67014723,67_67399_5136974,137576,3/11/26,2025-2026,12:12 PM,0,1,0
67014726,67_67399_5136974,137102,2/6/26,2025-2026,3:36 PM,0,1,0
67014735,67_67399_5136974,138081,4/10/26,2025-2026,11:18 AM,0,1,1
67014735,67_67399_5136974,138116,4/14/26,2025-2026,8:31 AM,0,1,0
67014735,67_67399_5136974,138316,5/6/26,2025-2026,8:10 AM,0,1,0
67014735,67_67399_5136974,138355,5/7/26,2025-2026,12:23 PM,0,0,1
67014772,67_67399_5136974,136150,11/8/25,2025-2026,1:48 PM,0,1,0
67014772,67_67399_5136974,136921,1/29/26,2025-2026,1:07 PM,0,2,0
67014772,67_67399_5136974,137126,2/7/26,2025-2026,3:12 PM,0,2,0
67014772,67_67399_5136974,137300,2/21/26,2025-2026,12:47 PM,0,0,1
67014772,67_67399_5136974,138496,5/15/26,2025-2026,2:25 PM,0,0,1
67014772,67_67399_5136974,138597,5/22/26,2025-2026,12:14 PM,0,2,0
67014783,67_67399_5136974,136577,12/19/25,2025-2026,12:05 PM,0,0,1
67014783,67_67399_5136974,136615,1/8/26,2025-2026,8:56 AM,0,1,0
67014783,67_67399_5136974,137806,3/24/26,2025-2026,2:34 PM,1,0,0
67014783,67_67399_5136974,137854,3/26/26,2025-2026,11:12 AM,0,1,0
67014783,67_67399_5136974,138068,4/10/26,2025-2026,8:25 AM,0,0,1
67014783,67_67399_5136974,138438,5/13/26,2025-2026,10:47 AM,0,1,0
67014783,67_67399_5136974,138495,5/15/26,2025-2026,2:21 PM,0,0,1
67014783,67_67399_5136974,138626,5/27/26,2025-2026,8:18 AM,0,0,1
67014800,67_67399_5136974,135183,8/23/25,2025-2026,10:53 AM,5,0,0
67014804,67_67399_5136974,136603,1/7/26,2025-2026,12:10 PM,0,0,1
67014805,67_67399_5136974,136336,11/21/25,2025-2026,2:19 PM,0,1,0
67014807,67_67399_5136974,136746,1/16/26,2025-2026,2:51 PM,0,1,0
67014813,67_67399_5136974,136675,1/14/26,2025-2026,10:03 AM,0,1,0
67014815,67_67399_5136974,135495,9/19/25,2025-2026,1:37 PM,0,1,0
67014816,67_67399_5136974,136558,12/17/25,2025-2026,12:01 PM,0,0,1
67014818,67_67399_5136974,138140,4/14/26,2025-2026,4:06 PM,0,2,0
67014818,67_67399_5136974,138206,4/28/26,2025-2026,8:38 AM,0,1,0
67014819,67_67399_5136974,138094,4/11/26,2025-2026,8:20 AM,0,0,1
67014838,67_67399_5136974,136697,1/15/26,2025-2026,7:48 AM,0,1,0
67014838,67_67399_5136974,137526,3/6/26,2025-2026,2:45 PM,0,0,1
67014846,67_67399_5136974,135499,9/19/25,2025-2026,3:09 PM,0,1,0
67014846,67_67399_5136974,137752,3/20/26,2025-2026,2:01 PM,0,1,0
67014854,67_67399_5136974,136696,1/15/26,2025-2026,7:42 AM,0,1,0
67014858,67_67399_5136974,137319,2/24/26,2025-2026,10:04 AM,0,1,0
67014861,67_67399_5136974,137823,3/24/26,2025-2026,2:30 PM,0,0,0
67014871,67_67399_5136974,136709,1/15/26,2025-2026,12:35 PM,0,0,0
67014878,67_67399_5136974,135947,10/25/25,2025-2026,10:15 AM,0,1,1
67014878,67_67399_5136974,137958,4/3/26,2025-2026,11:39 AM,0,1,1
67014878,67_67399_5136974,138084,4/10/26,2025-2026,12:02 PM,0,2,1
67014878,67_67399_5136974,138263,5/1/26,2025-2026,10:00 AM,0,2,0
67014878,67_67399_5136974,138308,5/5/26,2025-2026,12:35 PM,0,1,0
67014878,67_67399_5136974,138309,5/5/26,2025-2026,12:35 PM,0,1,0
67014878,67_67399_5136974,138513,5/15/26,2025-2026,12:25 PM,0,0,0
67014888,67_67399_5136974,138441,5/13/26,2025-2026,12:37 PM,0,0,0
67014891,67_67399_5136974,136938,1/29/26,2025-2026,10:23 PM,0,0,0
67014897,67_67399_5136974,137390,2/27/26,2025-2026,9:10 AM,0,1,1
67014897,67_67399_5136974,138484,5/15/26,2025-2026,12:36 PM,0,1,0
67014902,67_67399_5136974,137156,2/11/26,2025-2026,2:00 PM,0,0,0
67014904,67_67399_5136974,136800,1/23/26,2025-2026,8:58 AM,0,0,0
67014904,67_67399_5136974,137025,2/4/26,2025-2026,11:23 AM,0,1,0
67014909,67_67399_5136974,137014,2/3/26,2025-2026,9:32 AM,0,1,0
67014919,67_67399_5136974,138293,5/2/26,2025-2026,10:29 AM,0,2,0
67014920,67_67399_5136974,135452,9/13/25,2025-2026,11:59 AM,0,1,0
67014920,67_67399_5136974,136650,1/10/26,2025-2026,2:40 PM,0,1,0
67014932,67_67399_5136974,135290,8/29/25,2025-2026,12:25 PM,0,0,1
67014932,67_67399_5136974,136914,1/29/26,2025-2026,12:06 PM,0,0,0
67014937,67_67399_5136974,138331,5/6/26,2025-2026,1:41 PM,0,0,0
67014941,67_67399_5136974,137478,3/5/26,2025-2026,11:50 AM,0,2,0
67014941,67_67399_5136974,137758,3/20/26,2025-2026,4:27 PM,0,2,0
67014943,67_67399_5136974,135292,8/29/25,2025-2026,12:25 PM,0,0,1
67014944,67_67399_5136974,135660,10/3/25,2025-2026,2:03 PM,0,1,0
67014948,67_67399_5136974,136982,1/31/26,2025-2026,12:46 PM,0,0,0
67014957,67_67399_5136974,138609,5/23/26,2025-2026,10:39 AM,0,1,0
67014964,67_67399_5136974,135654,10/2/25,2025-2026,12:00 PM,0,1,0
67014964,67_67399_5136974,135670,10/4/25,2025-2026,8:10 AM,2,0,0
67014964,67_67399_5136974,136119,11/7/25,2025-2026,12:27 PM,0,0,1
67014964,67_67399_5136974,137376,2/26/26,2025-2026,10:21 AM,0,1,0
67014964,67_67399_5136974,137536,3/7/26,2025-2026,10:16 AM,0,1,0
67014976,67_67399_5136974,135900,10/21/25,2025-2026,2:50 PM,0,0,1
67014983,67_67399_5136974,137606,3/12/26,2025-2026,1:50 PM,0,1,0
67014987,67_67399_5136974,137601,3/12/26,2025-2026,12:01 PM,0,1,1
67014992,67_67399_5136974,135468,9/17/25,2025-2026,9:33 AM,0,0,1
67014992,67_67399_5136974,135509,9/20/25,2025-2026,12:02 PM,0,0,1
67014992,67_67399_5136974,135552,9/25/25,2025-2026,10:02 AM,0,0,1
67014992,67_67399_5136974,135934,10/24/25,2025-2026,10:32 AM,0,1,0
67014992,67_67399_5136974,136148,11/8/25,2025-2026,12:07 PM,0,1,0
67014992,67_67399_5136974,136264,11/19/25,2025-2026,9:45 AM,0,0,1
67014992,67_67399_5136974,136805,1/23/26,2025-2026,10:03 AM,0,1,0
67014992,67_67399_5136974,136944,1/30/26,2025-2026,9:57 AM,0,0,1
67014992,67_67399_5136974,137148,2/11/26,2025-2026,12:18 PM,0,1,0
67014992,67_67399_5136974,137963,4/3/26,2025-2026,12:37 PM,0,1,0
67014992,67_67399_5136974,138024,4/8/26,2025-2026,10:29 AM,0,0,1
67014992,67_67399_5136974,138055,4/9/26,2025-2026,1:58 PM,0,0,2
67014992,67_67399_5136974,138227,4/29/26,2025-2026,9:46 AM,0,1,0
67014992,67_67399_5136974,138275,5/1/26,2025-2026,1:51 PM,0,0,1
67014992,67_67399_5136974,138356,5/7/26,2025-2026,12:36 PM,0,0,1
67014992,67_67399_5136974,138380,5/8/26,2025-2026,12:34 PM,0,1,0
67014992,67_67399_5136974,138486,5/15/26,2025-2026,1:04 PM,0,0,0
67014997,67_67399_5136974,137748,3/20/26,2025-2026,12:36 PM,0,0,1
67014998,67_67399_5136974,136186,11/8/25,2025-2026,12:00 PM,0,0,1
67014998,67_67399_5136974,138382,5/8/26,2025-2026,1:29 PM,0,1,0
67015027,67_67399_5136974,135477,9/18/25,2025-2026,10:37 AM,0,1,0
67015027,67_67399_5136974,137225,2/14/26,2025-2026,12:30 PM,0,0,1
67015030,67_67399_5136974,136308,11/19/25,2025-2026,12:00 PM,0,0,1
67015041,67_67399_5136974,135238,8/28/25,2025-2026,12:55 PM,0,1,0
67015041,67_67399_5136974,135317,9/5/25,2025-2026,9:45 AM,0,1,0
67015041,67_67399_5136974,135374,9/10/25,2025-2026,9:44 AM,0,1,0
67015041,67_67399_5136974,137699,3/18/26,2025-2026,11:08 AM,0,1,0
67015045,67_67399_5136974,136366,11/21/25,2025-2026,1:00 PM,0,0,0
67015045,67_67399_5136974,136387,12/2/25,2025-2026,5:45 PM,0,2,0
67015045,67_67399_5136974,136394,12/3/25,2025-2026,10:10 AM,0,1,0
67015045,67_67399_5136974,137309,2/21/26,2025-2026,10:25 AM,0,0,0
67015045,67_67399_5136974,138443,5/13/26,2025-2026,12:50 PM,0,0,1
67015059,67_67399_5136974,137142,2/11/26,2025-2026,11:13 AM,0,1,0
67015059,67_67399_5136974,138508,5/16/26,2025-2026,9:47 AM,0,0,1
67015059,67_67399_5136974,138600,5/22/26,2025-2026,2:23 PM,0,0,1
67015092,67_67399_5136978,135681,10/4/25,2025-2026,12:57 PM,0,0,1
67015092,67_67399_5136978,135907,10/22/25,2025-2026,9:30 AM,0,1,0
67015092,67_67399_5136978,136484,12/11/25,2025-2026,8:59 AM,0,0,1
67015092,67_67399_5136978,136541,12/16/25,2025-2026,10:13 AM,0,0,1
67015092,67_67399_5136978,136549,12/16/25,2025-2026,3:02 PM,0,0,1
67015092,67_67399_5136978,136765,1/17/26,2025-2026,2:36 PM,0,0,0
67015092,67_67399_5136978,136810,1/23/26,2025-2026,11:49 AM,0,0,0
67015092,67_67399_5136978,136857,1/24/26,2025-2026,2:48 PM,0,0,1
67015092,67_67399_5136978,137384,2/26/26,2025-2026,1:15 PM,0,0,1
67015092,67_67399_5136978,137451,3/4/26,2025-2026,9:52 AM,0,0,1
67015092,67_67399_5136978,138376,5/6/26,2025-2026,1:00 PM,0,0,0
67015092,67_67399_5136978,138488,5/15/26,2025-2026,1:16 PM,0,0,1
67015092,67_67399_5136978,138623,5/23/26,2025-2026,2:39 PM,0,0,1
67015092,67_67399_5136978,138604,5/23/26,2025-2026,9:23 AM,0,0,1
67015095,67_67399_5136978,136024,10/31/25,2025-2026,10:00 AM,2,0,0
67015095,67_67399_5136978,136172,11/12/25,2025-2026,11:45 AM,0,0,1
67015095,67_67399_5136978,136726,1/16/26,2025-2026,10:13 AM,0,0,0
67015095,67_67399_5136978,137293,2/21/26,2025-2026,9:44 AM,0,1,0
67015095,67_67399_5136978,137698,3/18/26,2025-2026,10:33 AM,0,0,1
67015095,67_67399_5136978,138039,4/9/26,2025-2026,10:36 AM,0,0,1
67015095,67_67399_5136978,138291,5/2/26,2025-2026,9:34 AM,0,0,1
67015095,67_67399_5136978,138605,5/23/26,2025-2026,9:55 AM,0,0,0
67015100,67_67399_5136978,137652,3/14/26,2025-2026,11:41 AM,0,0,0
67015108,67_67399_5136978,136832,1/24/26,2025-2026,10:11 AM,0,0,0
67015111,67_67399_5136978,138164,4/16/26,2025-2026,10:57 AM,0,0,1
67015111,67_67399_5136978,138262,5/1/26,2025-2026,9:01 AM,0,1,0
67015112,67_67399_5136978,138716,6/4/26,2025-2026,1:55 PM,0,1,0
67015115,67_67399_5136978,135583,9/27/25,2025-2026,12:06 PM,0,0,1
67015116,67_67399_5136978,136391,12/3/25,2025-2026,9:07 AM,0,0,1
67015121,67_67399_5136978,138204,4/28/26,2025-2026,7:54 AM,0,0,1
67015125,67_67399_5136978,137991,4/7/26,2025-2026,8:26 AM,0,0,1
67015145,67_67399_5136978,137537,3/7/26,2025-2026,9:50 AM,0,0,1
67015147,67_67399_5136978,135668,10/4/25,2025-2026,8:11 AM,0,0,0
67015150,67_67399_5136978,138205,4/17/26,2025-2026,2:40 PM,0,0,1
67015168,67_67399_5136978,138203,4/28/26,2025-2026,7:45 AM,0,0,1
67015178,67_67399_5136978,138132,4/14/26,2025-2026,1:53 PM,0,1,0
67014800,67_67399_5136974,135556,9/23/25,2025-2026,10:10 AM,0,0,1
67014800,67_67399_5136974,135557,9/25/25,2025-2026,1:15 PM,0,0,1
67014800,67_67399_5136974,135639,10/2/25,2025-2026,1:15 PM,0,0,1
67014800,67_67399_5136974,135650,10/2/25,2025-2026,1:45 PM,2,0,0
67014800,67_67399_5136974,135954,10/25/25,2025-2026,1:45 PM,3,0,0
67014800,67_67399_5136974,135953,10/25/25,2025-2026,12:25 PM,0,0,2
67014800,67_67399_5136974,136192,11/13/25,2025-2026,9:28 PM,0,0,0
67015152,67_67399_5136978,138556,5/20/26,2025-2026,10:15 AM,0,0,0
67015218,67_67399_5136975,136123,11/6/25,2025-2026,9:40 AM,0,1,1
67015218,67_67399_5136975,136136,11/7/25,2025-2026,9:40 AM,0,2,0
67015220,67_67399_5136975,138680,5/27/26,2025-2026,9:38 AM,0,1,0
67015224,67_67399_5136975,138595,5/22/26,2025-2026,11:39 AM,0,1,0
67015243,67_67399_5136975,138699,6/3/26,2025-2026,9:42 AM,1,0,0
67015311,67_67399_5136975,136684,1/14/26,2025-2026,11:50 PM,0,1,0
67015315,67_67399_5136975,136683,1/14/26,2025-2026,11:06 AM,0,1,0
67015317,67_67399_5136975,136682,1/14/26,2025-2026,11:50 AM,0,1,0
67015320,67_67399_5136975,137259,2/19/26,2025-2026,11:03 AM,1,0,1
67015347,67_67399_5136975,136978,1/31/26,2025-2026,12:21 PM,0,0,0
67015373,67_67399_5136975,135507,9/20/25,2025-2026,11:59 AM,0,0,0
67015390,67_67399_5136975,138710,6/4/26,2025-2026,10:37 AM,0,1,0
67015411,67_67399_5136975,138616,5/23/26,2025-2026,1:13 PM,0,0,1
67015411,67_67399_5136975,138614,5/23/26,2025-2026,12:09 PM,0,0,1
67015411,67_67399_5136975,138615,5/23/26,2025-2026,12:50 PM,0,1,0
67015477,67_67399_5136975,136229,11/14/25,2025-2026,2:30 PM,1,0,0
67015510,67_67399_5136975,135859,10/17/25,2025-2026,12:47 PM,0,0,0
67015510,67_67399_5136975,136228,11/14/25,2025-2026,2:30 AM,1,0,0
67015511,67_67399_5136975,135471,9/17/25,2025-2026,10:49 AM,0,0,1
67015511,67_67399_5136975,135858,10/17/25,2025-2026,12:40 PM,0,0,0
67015525,67_67399_5136975,136672,1/11/26,2025-2026,2:15 PM,0,1,0
67015625,67_67399_5136979,135462,9/13/25,2025-2026,2:37 PM,2,0,0
67015651,67_67399_5136979,138101,4/10/26,2025-2026,1:40 PM,0,1,0
67015658,67_67399_5136979,135412,9/11/25,2025-2026,1:00 PM,0,2,0
67015662,67_67399_5136979,135358,9/9/25,2025-2026,12:00 AM,0,0,0
67015679,67_67399_5136979,135879,10/18/25,2025-2026,1:01 PM,1,0,0
67015681,67_67399_5136979,135917,10/18/25,2025-2026,12:30 PM,1,0,0
67015681,67_67399_5136979,136951,1/30/26,2025-2026,12:40 PM,1,0,0
67014070,67_67399_5136973,135615,10/1/25,2025-2026,11:48 AM,0,1,0
67014070,67_67399_5136973,135699,10/7/25,2025-2026,12:15 PM,0,0,0
67014070,67_67399_5136973,136897,1/29/26,2025-2026,9:23 AM,0,0,1
67014070,67_67399_5136973,137112,2/7/26,2025-2026,10:39 AM,0,0,1
67014407,67_67399_5136973,137063,2/4/26,2025-2026,12:30 PM,0,0,1
67014407,67_67399_5136973,137084,2/6/26,2025-2026,12:40 PM,0,0,1
67014800,67_67399_5136974,138734,5/29/26,2025-2026,11:30 AM,0,0,0
67015692,67_67399_5136976,138706,5/29/26,2025-2026,11:25 AM,0,0,0
67015700,67_67399_5136976,136972,1/31/26,2025-2026,9:30 AM,0,0,0
67015713,67_67399_5136976,136725,1/16/26,2025-2026,10:00 AM,0,0,0
67015752,67_67399_5136976,138310,5/5/26,2025-2026,1:05 PM,0,1,1
67015795,67_67399_5136976,135985,10/29/25,2025-2026,12:24 PM,0,1,0
67015803,67_67399_5136976,137668,3/14/26,2025-2026,12:50 PM,0,1,0
67015824,67_67399_5136976,136768,1/17/26,2025-2026,2:55 PM,0,1,0
67015850,67_67399_5136976,136016,10/30/25,2025-2026,11:40 AM,0,0,0
67015858,67_67399_5136976,138011,4/3/26,2025-2026,8:33 AM,0,1,0
67015871,67_67399_5136976,135606,9/30/25,2025-2026,3:57 PM,0,1,0
67015903,67_67399_5136976,135540,9/24/25,2025-2026,11:44 AM,0,0,1
67015903,67_67399_5136976,135613,10/1/25,2025-2026,11:29 AM,0,0,1
67015924,67_67399_5136976,135380,9/10/25,2025-2026,1:00 PM,0,0,1
67015925,67_67399_5136976,137489,3/5/26,2025-2026,2:15 PM,0,0,0
67015927,67_67399_5136976,136504,12/6/25,2025-2026,4:45 PM,0,0,0
67015927,67_67399_5136976,137249,2/18/26,2025-2026,9:50 AM,0,0,1
67015930,67_67399_5136976,137711,3/19/26,2025-2026,11:30 AM,0,0,1
67015939,67_67399_5136976,137307,2/21/26,2025-2026,12:56 PM,0,0,1
67015940,67_67399_5136976,135731,10/9/25,2025-2026,11:01 AM,0,0,1
67015940,67_67399_5136976,135777,10/10/25,2025-2026,3:23 PM,0,0,1
67015940,67_67399_5136976,135904,10/22/25,2025-2026,8:30 AM,0,0,1
67015940,67_67399_5136976,136588,12/19/25,2025-2026,8:30 AM,0,0,0
67015940,67_67399_5136976,136609,1/7/26,2025-2026,10:45 PM,0,0,1
67015940,67_67399_5136976,136747,1/16/26,2025-2026,9:15 PM,0,0,1
67015940,67_67399_5136976,138735,3/19/26,2025-2026,12:25 PM,0,0,0
67015951,67_67399_5136976,135574,9/25/25,2025-2026,1:00 PM,0,0,0
67015951,67_67399_5136976,136743,1/16/26,2025-2026,2:21 PM,0,0,1
67015961,67_67399_5136976,137184,2/12/26,2025-2026,2:04 PM,0,1,0
67015964,67_67399_5136976,137518,3/6/26,2025-2026,1:25 PM,0,0,1
67015964,67_67399_5136976,137882,3/27/26,2025-2026,1:50 PM,0,0,1
67015972,67_67399_5136976,137708,3/17/26,2025-2026,2:47 PM,0,0,1
67015977,67_67399_5136976,136587,12/16/25,2025-2026,8:00 AM,0,0,0
67015981,67_67399_5136976,135981,10/28/25,2025-2026,11:59 AM,0,0,1
67015992,67_67399_5136976,138187,4/17/26,2025-2026,12:04 PM,0,0,2
67015994,67_67399_5136976,137318,2/24/26,2025-2026,9:20 AM,0,0,1
67016001,67_67399_5136976,135592,9/27/25,2025-2026,1:50 PM,0,0,1
67016024,67_67399_5136976,136568,12/18/25,2025-2026,10:35 AM,0,0,1
67016024,67_67399_5136976,136913,1/28/26,2025-2026,10:35 AM,0,2,0
67016028,67_67399_5136976,137706,3/17/26,2025-2026,2:47 PM,0,0,1
67016028,67_67399_5136976,137789,3/24/26,2025-2026,11:05 AM,0,0,1
67016029,67_67399_5136976,137474,3/5/26,2025-2026,10:10 AM,0,1,1
67016029,67_67399_5136976,138271,5/1/26,2025-2026,12:48 PM,0,0,2
67016033,67_67399_5136976,136251,11/18/25,2025-2026,9:45 AM,0,0,1
67016033,67_67399_5136976,136377,12/2/25,2025-2026,11:38 AM,0,0,1
67016033,67_67399_5136976,136397,12/3/25,2025-2026,11:31 AM,0,0,1
67016033,67_67399_5136976,136487,12/11/25,2025-2026,9:30 AM,0,0,1
67016033,67_67399_5136976,136506,12/12/25,2025-2026,10:09 AM,0,0,1
67016033,67_67399_5136976,136572,12/17/25,2025-2026,11:55 AM,0,0,1
67016033,67_67399_5136976,136573,12/18/25,2025-2026,12:10 PM,0,0,1
67016033,67_67399_5136976,136575,12/19/25,2025-2026,10:35 AM,0,0,1
67016033,67_67399_5136976,136929,1/29/26,2025-2026,10:45 AM,0,0,3
67016033,67_67399_5136976,137103,2/5/26,2025-2026,10:40 AM,0,1,0
67016033,67_67399_5136976,137226,2/14/26,2025-2026,11:40 PM,0,4,3
67016033,67_67399_5136976,137334,2/24/26,2025-2026,11:30 AM,0,1,1
67016033,67_67399_5136976,137433,3/3/26,2025-2026,1:06 PM,0,0,1
67016033,67_67399_5136976,137431,3/3/26,2025-2026,10:30 AM,0,0,1
67016033,67_67399_5136976,138505,5/16/26,2025-2026,8:26 AM,0,0,2
67016033,67_67399_5136976,138646,5/28/26,2025-2026,8:25 AM,0,0,1
67016036,67_67399_5136976,136037,10/31/25,2025-2026,2:35 PM,0,0,0
67016036,67_67399_5136976,136054,11/1/25,2025-2026,12:45 PM,0,0,1
67016036,67_67399_5136976,136379,12/2/25,2025-2026,11:43 AM,0,0,1
67016036,67_67399_5136976,136571,12/18/25,2025-2026,2:30 PM,0,0,1
67016036,67_67399_5136976,137087,2/6/26,2025-2026,1:13 PM,0,0,1
67016036,67_67399_5136976,137129,2/7/26,2025-2026,9:30 AM,0,0,1
67016036,67_67399_5136976,137228,2/14/26,2025-2026,1:34 PM,0,1,1
67016036,67_67399_5136976,137248,2/18/26,2025-2026,11:18 AM,0,3,1
67016036,67_67399_5136976,137473,3/5/26,2025-2026,10:00 AM,0,0,1
67016036,67_67399_5136976,137929,4/2/26,2025-2026,11:38 AM,0,0,1
67016036,67_67399_5136976,138177,4/16/26,2025-2026,1:30 PM,0,1,0
67016038,67_67399_5136976,138277,5/1/26,2025-2026,2:11 PM,0,0,1
67016039,67_67399_5136976,136056,11/1/25,2025-2026,1:18 PM,0,0,1
67016042,67_67399_5136979,137049,2/5/26,2025-2026,11:30 AM,0,0,0
67016088,67_67399_5136979,135909,10/22/25,2025-2026,10:01 PM,0,0,1
67013939,67_67399_5136973,138279,5/1/26,2025-2026,11:25 PM,0,0,0
67014638,67_67399_5136974,135943,10/25/25,2025-2026,9:18 AM,0,2,0
67015273,67_67399_5136975,135751,9/24/25,2025-2026,6:54 AM,0,2,0
67015273,67_67399_5136975,135730,10/9/25,2025-2026,11:01 AM,0,1,1
67015273,67_67399_5136975,135803,10/14/25,2025-2026,7:34 AM,0,2,0
67015751,67_67399_5136976,135526,9/23/25,2025-2026,9:00 AM,0,1,1
67016118,67_67399_5136977,136728,1/16/26,2025-2026,10:27 AM,0,1,0
67016118,67_67399_5136977,136842,1/24/26,2025-2026,11:50 AM,0,1,0
67016118,67_67399_5136977,137957,4/3/26,2025-2026,11:41 AM,0,1,0
67016121,67_67399_5136977,135844,10/16/25,2025-2026,3:04 PM,0,1,0
67016121,67_67399_5136977,135881,10/18/25,2025-2026,2:34 PM,0,1,0
67016123,67_67399_5136977,135843,10/16/25,2025-2026,2:58 PM,0,2,1
67016126,67_67399_5136977,137986,4/4/26,2025-2026,11:45 AM,0,0,0
67016137,67_67399_5136977,135910,10/23/25,2025-2026,9:56 AM,0,0,0
67016137,67_67399_5136977,136214,11/14/25,2025-2026,12:57 PM,0,1,0
67016137,67_67399_5136977,137075,2/6/26,2025-2026,11:42 AM,0,1,0
67016137,67_67399_5136977,137686,3/17/26,2025-2026,9:40 AM,0,1,0
67016137,67_67399_5136977,137869,3/27/26,2025-2026,10:54 AM,0,0,1
67016137,67_67399_5136977,138150,4/15/26,2025-2026,11:42 AM,0,2,0
67016137,67_67399_5136977,138189,4/17/26,2025-2026,12:07 PM,0,0,1
67016138,67_67399_5136977,135854,10/17/25,2025-2026,11:46 AM,0,3,0
67016139,67_67399_5136977,136382,12/2/25,2025-2026,2:14 PM,0,0,0
67016144,67_67399_5136977,136426,12/5/25,2025-2026,9:56 AM,0,0,0
67016144,67_67399_5136977,137943,4/2/26,2025-2026,3:08 PM,0,0,0
67016145,67_67399_5136977,135895,10/22/25,2025-2026,9:52 AM,0,0,0
67016148,67_67399_5136977,138240,4/29/26,2025-2026,8:10 PM,0,0,0
67016149,67_67399_5136977,137199,2/13/26,2025-2026,1:36 PM,0,2,0
67016153,67_67399_5136977,135724,10/8/25,2025-2026,1:14 PM,0,0,0
67016158,67_67399_5136977,135712,10/7/25,2025-2026,3:34 PM,0,0,0
67016158,67_67399_5136977,136314,11/21/25,2025-2026,9:49 AM,0,1,0
67016159,67_67399_5136977,135852,10/17/25,2025-2026,10:54 AM,0,3,0
67016159,67_67399_5136977,136215,11/14/25,2025-2026,1:00 PM,0,3,0
67016159,67_67399_5136977,136427,12/5/25,2025-2026,9:59 AM,0,2,0
67016159,67_67399_5136977,136798,1/22/26,2025-2026,11:35 AM,0,0,0
67016159,67_67399_5136977,136958,1/30/26,2025-2026,1:35 AM,0,0,0
67016159,67_67399_5136977,137687,3/17/26,2025-2026,9:40 AM,0,1,0
67016159,67_67399_5136977,137818,3/25/26,2025-2026,11:42 AM,0,0,1
67016160,67_67399_5136977,136870,1/28/26,2025-2026,9:30 AM,0,0,0
67016160,67_67399_5136977,136977,1/31/26,2025-2026,11:25 PM,0,1,0
67016160,67_67399_5136977,137198,2/13/26,2025-2026,10:00 AM,0,1,0
67016160,67_67399_5136977,138236,4/29/26,2025-2026,12:37 PM,0,0,1
67016163,67_67399_5136977,135428,9/12/25,2025-2026,10:15 AM,0,1,2
67016163,67_67399_5136977,135607,10/1/25,2025-2026,9:00 AM,0,0,2
67016163,67_67399_5136977,136280,11/18/25,2025-2026,10:20 AM,0,0,1
67016165,67_67399_5136977,135810,10/15/25,2025-2026,11:47 AM,0,2,0
67016165,67_67399_5136977,136042,11/1/25,2025-2026,9:46 AM,0,1,0
67016165,67_67399_5136977,136423,12/4/25,2025-2026,3:31 PM,0,2,0
67016165,67_67399_5136977,136957,1/29/26,2025-2026,9:35 AM,0,1,0
67016166,67_67399_5136977,135752,9/25/25,2025-2026,6:58 AM,0,2,0
67016166,67_67399_5136977,135754,9/27/25,2025-2026,7:05 AM,0,2,0
67016166,67_67399_5136977,135756,10/3/25,2025-2026,7:15 AM,0,2,0
67016166,67_67399_5136977,135755,10/4/25,2025-2026,7:12 AM,0,2,0
67016166,67_67399_5136977,135753,10/10/25,2025-2026,7:01 AM,0,2,0
67016166,67_67399_5136977,135811,10/15/25,2025-2026,11:50 AM,0,2,0
67016166,67_67399_5136977,136381,12/2/25,2025-2026,2:06 PM,0,1,0
67016166,67_67399_5136977,136524,12/13/25,2025-2026,11:54 AM,0,1,0
67016173,67_67399_5136977,136353,11/22/25,2025-2026,11:03 AM,0,1,0
67016181,67_67399_5136977,136986,1/31/26,2025-2026,12:15 PM,0,0,1
67016181,67_67399_5136977,138297,5/2/26,2025-2026,11:30 PM,0,0,1
67016191,67_67399_5136977,138105,4/11/26,2025-2026,11:58 AM,0,0,1
67016194,67_67399_5136977,135908,10/22/25,2025-2026,2:58 PM,0,3,2
67016210,67_67399_5136977,136271,11/19/25,2025-2026,10:59 AM,0,0,0
67016210,67_67399_5136977,136612,1/7/26,2025-2026,8:47 AM,0,0,1
67016210,67_67399_5136977,137570,3/11/26,2025-2026,10:27 AM,0,0,0
67016211,67_67399_5136977,135487,9/18/25,2025-2026,7:50 PM,0,1,0
67016211,67_67399_5136977,135661,10/3/25,2025-2026,3:36 PM,0,1,0
67016211,67_67399_5136977,135800,10/14/25,2025-2026,3:08 PM,0,1,0
67016211,67_67399_5136977,136046,11/1/25,2025-2026,8:33 AM,1,0,1
67016211,67_67399_5136977,136562,12/16/25,2025-2026,2:10 PM,0,1,1
67016211,67_67399_5136977,136624,1/8/26,2025-2026,10:30 AM,0,0,1
67016217,67_67399_5136977,137726,3/19/26,2025-2026,12:42 PM,0,0,0
67016228,67_67399_5136977,137035,2/4/26,2025-2026,11:40 AM,0,1,0
67016230,67_67399_5136977,137850,3/26/26,2025-2026,1:22 PM,0,0,0
67016230,67_67399_5136977,137998,4/7/26,2025-2026,1:35 PM,0,0,2
67016230,67_67399_5136977,137996,4/7/26,2025-2026,1:10 PM,0,1,2
67016230,67_67399_5136977,137997,4/7/26,2025-2026,1:10 PM,0,1,2
67016230,67_67399_5136977,138183,4/17/26,2025-2026,10:07 AM,0,0,0
67016237,67_67399_5136977,135448,9/12/25,2025-2026,4:31 PM,0,1,0
67016241,67_67399_5136977,137152,2/11/26,2025-2026,11:50 AM,0,0,0
67016243,67_67399_5136977,135454,9/13/25,2025-2026,2:00 PM,0,0,0
67016243,67_67399_5136977,138473,5/14/26,2025-2026,12:40 PM,0,0,0
67016248,67_67399_5136977,138472,5/14/26,2025-2026,8:50 AM,0,0,1
67016250,67_67399_5136977,135560,9/25/25,2025-2026,3:57 PM,0,1,0
67016250,67_67399_5136977,137852,3/26/26,2025-2026,1:29 PM,0,1,0
67016250,67_67399_5136977,138483,5/15/26,2025-2026,12:39 PM,0,0,1
67016260,67_67399_5136977,136632,1/9/26,2025-2026,1:14 PM,0,0,0
67016271,67_67399_5136977,136161,11/9/25,2025-2026,3:05 PM,0,0,0
67016271,67_67399_5136977,137036,2/4/26,2025-2026,11:50 AM,0,1,0
67016274,67_67399_5136977,135663,10/3/25,2025-2026,3:45 PM,0,1,0
67016277,67_67399_5136977,137495,3/6/26,2025-2026,9:11 AM,0,0,1
67016283,67_67399_5136977,135662,10/3/25,2025-2026,3:40 PM,0,1,0
67016314,67_67399_5136977,138471,5/14/26,2025-2026,1:35 PM,0,0,0
67016317,67_67399_5136977,135708,10/3/25,2025-2026,10:00 AM,0,1,0
67016317,67_67399_5136977,135700,10/7/25,2025-2026,12:42 PM,0,0,1
67016317,67_67399_5136977,136000,10/25/25,2025-2026,12:30 PM,0,1,0
67016317,67_67399_5136977,135999,10/29/25,2025-2026,12:30 PM,0,1,0
67016317,67_67399_5136977,136061,10/30/25,2025-2026,12:30 PM,0,1,0
67016317,67_67399_5136977,136036,10/31/25,2025-2026,2:35 PM,0,0,1
67016317,67_67399_5136977,136064,11/1/25,2025-2026,11:45 AM,0,1,0
67016317,67_67399_5136977,136141,11/7/25,2025-2026,9:20 AM,0,2,2
67016317,67_67399_5136977,136246,11/15/25,2025-2026,8:09 AM,0,0,1
67016317,67_67399_5136977,136992,1/31/26,2025-2026,1:00 PM,0,1,0
67016317,67_67399_5136977,137442,2/21/26,2025-2026,2:00 PM,0,0,2
67016317,67_67399_5136977,137745,3/19/26,2025-2026,6:20 PM,0,1,1
67016373,67_67399_5136977,137780,3/21/26,2025-2026,2:32 PM,0,1,0
67016402,67_67399_5136977,135320,9/5/25,2025-2026,3:40 PM,0,0,1
67016402,67_67399_5136977,136165,11/8/25,2025-2026,1:00 PM,0,0,1
67016402,67_67399_5136977,137545,3/7/26,2025-2026,1:45 PM,0,1,0
67016402,67_67399_5136977,137939,4/2/26,2025-2026,1:40 PM,0,0,1
67016408,67_67399_5136977,137543,3/7/26,2025-2026,1:33 PM,0,1,1
67016419,67_67399_5136977,135689,10/4/25,2025-2026,12:55 PM,0,0,1
67016420,67_67399_5136977,135768,10/10/25,2025-2026,1:04 PM,0,2,0
67016420,67_67399_5136977,136420,12/4/25,2025-2026,1:53 PM,0,0,1
67016420,67_67399_5136977,136676,1/13/26,2025-2026,9:49 AM,0,1,1
67016420,67_67399_5136977,136712,1/15/26,2025-2026,1:05 PM,0,2,0
67016427,67_67399_5136977,136033,10/31/25,2025-2026,10:29 AM,0,0,0
67016428,67_67399_5136977,135319,9/5/25,2025-2026,3:33 PM,0,1,0
67016428,67_67399_5136977,135625,10/1/25,2025-2026,5:42 PM,0,1,0
67016428,67_67399_5136977,136163,11/8/25,2025-2026,1:00 PM,0,0,1
67016428,67_67399_5136977,136216,11/14/25,2025-2026,1:35 PM,0,0,1
67016440,67_67399_5136977,137872,3/27/26,2025-2026,11:21 AM,0,1,0
67016443,67_67399_5136977,135321,9/5/25,2025-2026,3:44 PM,0,0,1
67016450,67_67399_5136977,137287,2/20/26,2025-2026,2:16 PM,0,1,1
67016457,67_67399_5136977,138176,4/16/26,2025-2026,4:54 PM,0,1,1
67016466,67_67399_5136977,136164,11/8/25,2025-2026,1:00 PM,0,0,1
67016473,67_67399_5136977,136716,1/15/26,2025-2026,3:11 PM,0,1,1
67016488,67_67399_5136977,137458,3/4/26,2025-2026,8:00 AM,0,2,0
67016505,67_67399_5136977,136540,12/12/25,2025-2026,9:30 AM,0,1,0
67016505,67_67399_5136977,138448,5/13/26,2025-2026,1:22 PM,0,1,0
67016526,67_67399_5136977,138449,5/13/26,2025-2026,1:28 PM,0,1,0
67016556,67_67399_5136977,136071,11/4/25,2025-2026,11:37 AM,2,0,1
67016563,67_67399_5136977,135840,10/16/25,2025-2026,2:24 PM,0,1,0
67016565,67_67399_5136977,138211,4/28/26,2025-2026,1:51 PM,0,0,0
67016567,67_67399_5136977,137688,3/17/26,2025-2026,2:08 PM,0,1,0
67016568,67_67399_5136977,137058,2/5/26,2025-2026,2:32 PM,0,1,0
67016568,67_67399_5136977,138223,4/28/26,2025-2026,9:55 AM,0,1,0
67016571,67_67399_5136977,138364,5/7/26,2025-2026,2:32 PM,0,0,0
67016591,67_67399_5136977,138460,5/14/26,2025-2026,10:49 AM,0,1,0
67016596,67_67399_5136977,135875,10/17/25,2025-2026,10:36 AM,0,0,1
67016596,67_67399_5136977,135874,10/18/25,2025-2026,10:29 AM,1,0,2
67016596,67_67399_5136977,137387,2/26/26,2025-2026,2:17 PM,0,1,0
67016605,67_67399_5136977,137076,2/6/26,2025-2026,11:27 AM,0,1,0
67016609,67_67399_5136977,138492,5/15/26,2025-2026,2:16 PM,0,1,0
67016622,67_67399_5136977,137168,2/12/26,2025-2026,12:42 PM,0,0,0
67016631,67_67399_5136977,138658,5/29/26,2025-2026,1:06 PM,0,1,0
67016636,67_67399_5136977,137289,2/21/26,2025-2026,9:08 AM,0,1,0
67016653,67_67399_5136979,137636,3/13/26,2025-2026,2:50 PM,0,3,0
67016655,67_67399_5136979,136679,1/14/26,2025-2026,10:57 AM,0,0,1
67016655,67_67399_5136979,137207,2/13/26,2025-2026,2:50 PM,0,3,0
67016655,67_67399_5136979,138133,4/14/26,2025-2026,1:02 PM,1,0,1
67016659,67_67399_5136979,135688,10/4/25,2025-2026,3:57 PM,0,0,1
67016659,67_67399_5136979,135939,10/24/25,2025-2026,12:10 PM,0,0,1
67016662,67_67399_5136979,136052,11/1/25,2025-2026,12:54 PM,1,0,1
67016662,67_67399_5136979,138721,4/17/26,2025-2026,1:00 PM,0,1,1
67016662,67_67399_5136979,138287,5/1/26,2025-2026,2:50 PM,0,4,0
67016672,67_67399_5136979,138722,4/7/26,2025-2026,12:08 PM,0,0,1
67016675,67_67399_5136979,138365,5/7/26,2025-2026,2:40 PM,0,0,0
67016676,67_67399_5136979,137208,2/13/26,2025-2026,2:50 PM,0,3,0
67016677,67_67399_5136979,138585,5/21/26,2025-2026,2:50 PM,0,2,0
67016681,67_67399_5136979,135456,9/13/25,2025-2026,3:16 PM,0,0,1
67016681,67_67399_5136979,135643,10/2/25,2025-2026,10:15 AM,0,0,1
67016681,67_67399_5136979,136584,12/20/25,2025-2026,4:09 PM,0,2,0
67016681,67_67399_5136979,136717,1/15/26,2025-2026,3:26 PM,0,1,0
67016681,67_67399_5136979,138285,5/1/26,2025-2026,5:21 PM,0,3,0
67016686,67_67399_5136979,136160,11/8/25,2025-2026,4:10 PM,0,2,0
67016686,67_67399_5136979,138157,4/15/26,2025-2026,3:07 PM,0,2,0
67016690,67_67399_5136979,135935,10/24/25,2025-2026,12:42 PM,0,0,1
67016690,67_67399_5136979,137948,4/2/26,2025-2026,2:05 PM,0,0,1
67016690,67_67399_5136979,138584,5/21/26,2025-2026,2:50 PM,0,4,0
67016696,67_67399_5136979,137671,3/14/26,2025-2026,8:30 AM,0,2,0
67016696,67_67399_5136979,138288,5/1/26,2025-2026,2:50 PM,0,3,0
67016700,67_67399_5136979,138583,5/21/26,2025-2026,4:16 PM,0,2,0
67016701,67_67399_5136979,135686,10/4/25,2025-2026,10:00 AM,0,0,1
67016709,67_67399_5136979,135262,8/28/25,2025-2026,2:50 PM,0,0,1
67016709,67_67399_5136979,137444,3/3/26,2025-2026,12:15 PM,0,0,1
67016710,67_67399_5136979,138723,4/7/26,2025-2026,9:14 AM,0,0,1
67016711,67_67399_5136979,136611,1/7/26,2025-2026,5:33 PM,0,3,0
67016716,67_67399_5136979,138139,4/14/26,2025-2026,4:11 PM,0,2,0
67016717,67_67399_5136979,136295,11/20/25,2025-2026,10:51 AM,0,3,0
67016717,67_67399_5136979,136453,12/6/25,2025-2026,7:31 PM,0,4,0
67016717,67_67399_5136979,137209,2/13/26,2025-2026,3:00 PM,1,0,1
67016717,67_67399_5136979,137759,3/20/26,2025-2026,1:50 PM,0,4,0
67016717,67_67399_5136979,138286,5/1/26,2025-2026,2:50 PM,0,4,0
67016720,67_67399_5136979,137672,3/14/26,2025-2026,8:35 AM,0,1,0
67016727,67_67399_5136978,137230,2/14/26,2025-2026,1:57 PM,0,0,1
67016730,67_67399_5136978,137763,3/21/26,2025-2026,9:19 AM,0,2,0
67016731,67_67399_5136978,136428,12/5/25,2025-2026,10:39 AM,0,0,1
67016746,67_67399_5136978,135593,9/30/25,2025-2026,9:01 AM,0,1,0
67016746,67_67399_5136978,135805,10/15/25,2025-2026,8:53 AM,0,1,0
67016746,67_67399_5136978,135932,10/24/25,2025-2026,9:02 AM,0,1,0
67016746,67_67399_5136978,136067,11/4/25,2025-2026,9:19 AM,0,1,0
67016746,67_67399_5136978,136829,1/24/26,2025-2026,9:25 AM,0,1,0
67016746,67_67399_5136978,136945,1/30/26,2025-2026,10:32 AM,0,1,0
67016746,67_67399_5136978,137158,2/12/26,2025-2026,9:25 AM,0,1,0
67016746,67_67399_5136978,137186,2/13/26,2025-2026,9:26 AM,0,1,0
67016746,67_67399_5136978,137497,3/6/26,2025-2026,9:19 AM,0,1,0
67016746,67_67399_5136978,137531,3/7/26,2025-2026,8:54 AM,0,1,0
67016746,67_67399_5136978,137739,3/20/26,2025-2026,9:28 AM,0,0,1
67016746,67_67399_5136978,137834,3/26/26,2025-2026,8:24 AM,0,0,1
67016746,67_67399_5136978,137946,4/3/26,2025-2026,9:20 AM,0,0,1
67016747,67_67399_5136978,135785,10/11/25,2025-2026,9:59 AM,0,0,0
67016747,67_67399_5136978,138703,6/3/26,2025-2026,12:00 PM,0,0,1
67016750,67_67399_5136978,136509,12/12/25,2025-2026,11:56 AM,0,0,1
67016750,67_67399_5136978,136724,1/16/26,2025-2026,10:00 AM,0,0,1
67016751,67_67399_5136978,135376,9/10/25,2025-2026,10:07 AM,0,1,0
67016752,67_67399_5136978,135430,9/12/25,2025-2026,11:00 AM,0,1,0
67016752,67_67399_5136978,135424,9/12/25,2025-2026,10:30 AM,0,1,0
67016752,67_67399_5136978,136405,12/4/25,2025-2026,8:28 AM,0,1,0
67016752,67_67399_5136978,137910,4/1/26,2025-2026,9:04 AM,0,1,0
67016753,67_67399_5136978,137042,2/5/26,2025-2026,10:30 AM,0,1,0
67016753,67_67399_5136978,138103,4/11/26,2025-2026,11:58 AM,0,0,1
67016753,67_67399_5136978,138535,5/19/26,2025-2026,12:04 PM,0,1,0
67016759,67_67399_5136978,135179,8/22/25,2025-2026,3:00 PM,3,0,0
67016759,67_67399_5136978,135308,9/3/25,2025-2026,12:00 PM,0,0,0
67016761,67_67399_5136978,135576,9/26/25,2025-2026,1:20 PM,0,1,0
67016761,67_67399_5136978,135814,10/15/25,2025-2026,1:06 PM,0,2,0
67016761,67_67399_5136978,136482,12/11/25,2025-2026,8:45 AM,0,1,0
67016761,67_67399_5136978,136537,12/16/25,2025-2026,8:53 AM,0,1,0
67016761,67_67399_5136978,136770,1/21/26,2025-2026,11:22 AM,0,2,0
67016761,67_67399_5136978,137744,3/20/26,2025-2026,10:52 AM,0,1,0
67016765,67_67399_5136978,136654,1/13/26,2025-2026,10:30 AM,0,0,1
67016765,67_67399_5136978,137329,2/24/26,2025-2026,1:35 PM,0,1,0
67016765,67_67399_5136978,137475,3/5/26,2025-2026,10:55 AM,0,1,0
67016765,67_67399_5136978,137546,3/7/26,2025-2026,2:29 PM,0,1,0
67016765,67_67399_5136978,137865,3/27/26,2025-2026,10:12 AM,0,1,0
67016765,67_67399_5136978,138464,5/14/26,2025-2026,1:00 PM,0,1,0
67016765,67_67399_5136978,138519,5/16/26,2025-2026,12:00 PM,0,1,0
67016767,67_67399_5136978,138398,5/9/26,2025-2026,2:20 PM,0,1,0
67016769,67_67399_5136978,136811,1/23/26,2025-2026,11:36 AM,0,1,0
67016773,67_67399_5136978,135770,10/10/25,2025-2026,2:10 PM,0,0,0
67016775,67_67399_5136978,135821,10/14/25,2025-2026,9:00 AM,0,0,0
67016775,67_67399_5136978,136474,12/10/25,2025-2026,11:07 AM,0,0,1
67016777,67_67399_5136978,135178,8/22/25,2025-2026,10:20 AM,0,1,0
67016777,67_67399_5136978,135318,9/5/25,2025-2026,11:42 AM,0,1,0
67016777,67_67399_5136978,135425,9/12/25,2025-2026,10:31 AM,0,1,0
67016777,67_67399_5136978,135537,9/24/25,2025-2026,11:12 AM,0,0,1
67016777,67_67399_5136978,136254,11/18/25,2025-2026,2:02 PM,0,1,0
67016777,67_67399_5136978,138515,5/16/26,2025-2026,11:17 AM,0,2,0
67016780,67_67399_5136978,135483,9/18/25,2025-2026,12:20 PM,0,1,0
67016785,67_67399_5136978,136713,1/15/26,2025-2026,2:15 PM,0,0,1
67016785,67_67399_5136978,137055,2/5/26,2025-2026,1:52 PM,0,0,1
67016785,67_67399_5136978,137916,4/1/26,2025-2026,1:24 PM,0,1,1
67016785,67_67399_5136978,138104,4/11/26,2025-2026,12:02 PM,0,0,1
67016788,67_67399_5136978,136667,1/13/26,2025-2026,1:30 PM,0,1,0
67016788,67_67399_5136978,137262,2/19/26,2025-2026,12:00 PM,0,0,1
67016794,67_67399_5136978,138458,5/14/26,2025-2026,10:33 AM,0,0,1
67016798,67_67399_5136978,137549,3/10/26,2025-2026,10:57 AM,0,1,0
67016798,67_67399_5136978,137787,3/24/26,2025-2026,10:04 AM,0,0,1
67016799,67_67399_5136978,137227,2/14/26,2025-2026,1:28 PM,0,1,0
67016799,67_67399_5136978,138560,5/21/26,2025-2026,8:50 AM,0,2,0
67016805,67_67399_5136978,135735,10/9/25,2025-2026,12:23 PM,0,1,0
67016811,67_67399_5136978,136187,11/13/25,2025-2026,11:53 AM,0,3,0
67016811,67_67399_5136978,136196,11/13/25,2025-2026,1:44 PM,0,1,0
67016812,67_67399_5136978,136580,12/20/25,2025-2026,8:29 AM,0,0,1
67016812,67_67399_5136978,136600,1/7/26,2025-2026,11:00 AM,0,2,0
67016812,67_67399_5136978,136658,1/13/26,2025-2026,10:54 AM,0,0,1
67016812,67_67399_5136978,136898,1/29/26,2025-2026,9:33 AM,0,1,0
67016812,67_67399_5136978,137024,1/31/26,2025-2026,4:00 PM,2,0,0
67016812,67_67399_5136978,137750,3/20/26,2025-2026,1:51 PM,0,2,0
67016814,67_67399_5136978,135172,8/22/25,2025-2026,8:18 AM,0,1,0
67016814,67_67399_5136978,135266,8/29/25,2025-2026,2:00 PM,0,1,0
67016814,67_67399_5136978,135279,8/30/25,2025-2026,11:15 AM,0,1,0
67016814,67_67399_5136978,135286,8/30/25,2025-2026,1:59 PM,0,1,0
67016814,67_67399_5136978,135359,9/9/25,2025-2026,2:21 PM,0,1,0
67016814,67_67399_5136978,135514,9/20/25,2025-2026,2:29 PM,0,1,0
67016814,67_67399_5136978,135541,9/24/25,2025-2026,11:51 AM,0,0,1
67016814,67_67399_5136978,135559,9/25/25,2025-2026,2:46 PM,0,0,1
67016814,67_67399_5136978,135807,10/15/25,2025-2026,10:00 AM,0,1,0
67016814,67_67399_5136978,135991,10/29/25,2025-2026,1:37 PM,0,0,1
67016814,67_67399_5136978,136011,10/30/25,2025-2026,11:15 AM,0,0,1
67016814,67_67399_5136978,136230,11/15/25,2025-2026,10:54 AM,0,0,1
67016814,67_67399_5136978,136276,11/19/25,2025-2026,12:59 PM,0,0,1
67016814,67_67399_5136978,136430,12/5/25,2025-2026,11:33 AM,0,0,1
67016814,67_67399_5136978,136495,12/11/25,2025-2026,1:53 PM,0,0,1
67016814,67_67399_5136978,136511,12/12/25,2025-2026,12:06 PM,0,0,1
67016814,67_67399_5136978,136539,12/16/25,2025-2026,8:37 AM,0,2,1
67016814,67_67399_5136978,136766,1/17/26,2025-2026,1:20 PM,0,0,1
67016814,67_67399_5136978,137114,2/7/26,2025-2026,11:00 AM,0,0,1
67016814,67_67399_5136978,137109,2/7/26,2025-2026,10:01 AM,0,2,0
67016814,67_67399_5136978,137181,2/12/26,2025-2026,2:39 PM,0,2,0
67016814,67_67399_5136978,137533,3/7/26,2025-2026,9:12 AM,0,1,0
67016814,67_67399_5136978,137584,3/11/26,2025-2026,12:50 PM,0,1,0
67016814,67_67399_5136978,137595,3/11/26,2025-2026,12:00 PM,0,1,0
67016814,67_67399_5136978,137623,3/13/26,2025-2026,12:15 PM,0,1,0
67016814,67_67399_5136978,137800,3/24/26,2025-2026,11:34 PM,0,1,0
67016814,67_67399_5136978,137898,3/28/26,2025-2026,12:55 PM,0,0,0
67016814,67_67399_5136978,137899,3/28/26,2025-2026,1:50 PM,0,1,0
67016814,67_67399_5136978,137937,4/2/26,2025-2026,1:06 PM,0,0,0
67016814,67_67399_5136978,138006,4/7/26,2025-2026,12:00 PM,0,0,1
67016814,67_67399_5136978,138033,4/8/26,2025-2026,12:00 PM,0,0,0
67016814,67_67399_5136978,138264,4/16/26,2025-2026,4:00 PM,1,0,0
67016814,67_67399_5136978,138325,5/6/26,2025-2026,11:33 AM,0,0,1
67016814,67_67399_5136978,138347,5/7/26,2025-2026,9:51 AM,0,1,0
67016814,67_67399_5136978,138402,5/12/26,2025-2026,10:14 AM,0,0,1
67016814,67_67399_5136978,138410,5/12/26,2025-2026,1:30 PM,0,0,1
67016814,67_67399_5136978,138479,5/15/26,2025-2026,10:32 AM,0,1,0
67016814,67_67399_5136978,138533,5/19/26,2025-2026,11:55 AM,1,0,1
67016814,67_67399_5136978,138619,5/23/26,2025-2026,2:14 PM,0,1,1
67016816,67_67399_5136978,136100,11/6/25,2025-2026,11:10 AM,0,0,0
67016816,67_67399_5136978,136275,11/19/25,2025-2026,12:56 PM,0,0,1
67016816,67_67399_5136978,136908,1/29/26,2025-2026,10:57 AM,0,1,0
67016816,67_67399_5136978,137163,2/12/26,2025-2026,11:45 AM,0,1,0
67016816,67_67399_5136978,137796,3/24/26,2025-2026,1:15 PM,0,1,0
67016816,67_67399_5136978,138423,5/12/26,2025-2026,1:52 PM,0,1,0
67016817,67_67399_5136978,137901,3/28/26,2025-2026,1:48 PM,0,1,0
67016817,67_67399_5136978,138005,4/7/26,2025-2026,12:00 PM,0,1,0
67016818,67_67399_5136978,136617,1/8/26,2025-2026,10:22 AM,0,0,0
67016823,67_67399_5136978,136820,1/23/26,2025-2026,2:12 PM,0,1,0
67016825,67_67399_5136978,136025,10/31/25,2025-2026,10:44 AM,0,0,1
67016825,67_67399_5136978,136666,1/13/26,2025-2026,1:30 PM,0,1,0
67016825,67_67399_5136978,137843,3/26/26,2025-2026,11:50 AM,0,2,0
67016825,67_67399_5136978,138077,4/10/26,2025-2026,10:45 AM,0,1,0
67016825,67_67399_5136978,138232,4/28/26,2025-2026,1:07 PM,2,0,0
67016826,67_67399_5136978,137127,2/7/26,2025-2026,3:21 PM,0,0,0
67016829,67_67399_5136978,136880,1/28/26,2025-2026,11:27 AM,0,1,0
67016830,67_67399_5136978,135426,9/12/25,2025-2026,10:20 AM,0,1,0
67016830,67_67399_5136978,135463,9/16/25,2025-2026,12:30 AM,0,1,0
67016830,67_67399_5136978,135511,9/20/25,2025-2026,1:31 PM,0,0,1
67016830,67_67399_5136978,135558,9/25/25,2025-2026,2:42 PM,0,0,1
67016830,67_67399_5136978,136265,11/19/25,2025-2026,9:47 AM,0,0,1
67016830,67_67399_5136978,136483,12/11/25,2025-2026,8:55 AM,0,0,1
67016830,67_67399_5136978,136640,1/9/26,2025-2026,2:29 PM,0,1,0
67016830,67_67399_5136978,136657,1/13/26,2025-2026,10:51 AM,0,0,1
67016830,67_67399_5136978,137107,2/6/26,2025-2026,4:00 PM,0,0,0
67016830,67_67399_5136978,137422,3/3/26,2025-2026,8:30 AM,0,1,0
67016830,67_67399_5136978,137608,3/12/26,2025-2026,2:44 PM,0,1,1
67016830,67_67399_5136978,137662,3/14/26,2025-2026,1:51 PM,0,2,0
67016830,67_67399_5136978,137690,3/17/26,2025-2026,3:59 PM,0,0,1
67016830,67_67399_5136978,137762,3/21/26,2025-2026,9:02 AM,0,0,1
67016830,67_67399_5136978,138476,5/15/26,2025-2026,10:29 AM,0,1,1
67016830,67_67399_5136978,138510,5/16/26,2025-2026,9:58 AM,0,0,1
67016830,67_67399_5136978,138527,5/19/26,2025-2026,8:44 AM,0,0,1
67016830,67_67399_5136978,138636,5/27/26,2025-2026,11:56 AM,0,2,0
67016833,67_67399_5136978,137017,1/31/26,2025-2026,4:00 PM,2,0,0
67016839,67_67399_5136978,135653,10/3/25,2025-2026,12:00 PM,0,1,0
67016839,67_67399_5136978,135680,10/4/25,2025-2026,11:00 AM,0,0,0
67016839,67_67399_5136978,136142,11/8/25,2025-2026,9:40 AM,0,2,0
67016839,67_67399_5136978,136485,12/11/25,2025-2026,9:11 AM,0,1,0
67016839,67_67399_5136978,136655,1/13/26,2025-2026,10:41 AM,0,0,1
67016839,67_67399_5136978,138046,4/9/26,2025-2026,9:40 AM,2,0,0
67016841,67_67399_5136978,135702,10/7/25,2025-2026,1:04 PM,0,1,0
67016841,67_67399_5136978,137301,2/21/26,2025-2026,11:45 AM,0,0,0
67016850,67_67399_5136978,135798,10/14/25,2025-2026,1:11 PM,0,0,0
67016853,67_67399_5136978,135931,10/24/25,2025-2026,8:58 AM,0,1,0
67016859,67_67399_5136978,136814,1/23/26,2025-2026,11:53 AM,0,1,0
67016870,67_67399_5136978,136619,1/8/26,2025-2026,1:25 PM,0,1,0
67016870,67_67399_5136978,136645,1/10/26,2025-2026,11:09 AM,0,0,1
67016870,67_67399_5136978,136779,1/22/26,2025-2026,1:31 PM,0,3,0
67016870,67_67399_5136978,137219,2/14/26,2025-2026,11:18 AM,0,1,0
67016870,67_67399_5136978,137320,2/24/26,2025-2026,10:10 AM,0,1,0
67016870,67_67399_5136978,137651,3/14/26,2025-2026,10:55 AM,0,0,1
67016870,67_67399_5136978,137824,3/25/26,2025-2026,1:18 PM,0,0,1
67016870,67_67399_5136978,137935,4/2/26,2025-2026,1:15 PM,0,0,1
67016876,67_67399_5136978,136447,12/6/25,2025-2026,1:51 PM,0,1,0
67016876,67_67399_5136978,138444,5/13/26,2025-2026,12:50 PM,0,1,0
67016879,67_67399_5136978,135378,9/10/25,2025-2026,10:20 AM,0,1,0
67016879,67_67399_5136978,135850,10/17/25,2025-2026,10:02 AM,0,1,0
67016879,67_67399_5136978,136875,1/28/26,2025-2026,10:55 AM,0,1,0
67016879,67_67399_5136978,137476,3/5/26,2025-2026,10:57 AM,0,1,0
67016879,67_67399_5136978,138026,4/8/26,2025-2026,10:38 AM,0,1,0
67016884,67_67399_5136978,137074,1/29/26,2025-2026,11:00 AM,0,1,1
67016886,67_67399_5136978,136518,12/12/25,2025-2026,2:55 PM,0,1,0
67016886,67_67399_5136978,137362,2/25/26,2025-2026,1:07 PM,0,1,0
67016886,67_67399_5136978,137448,3/4/26,2025-2026,8:34 AM,0,1,0
67016886,67_67399_5136978,137911,4/1/26,2025-2026,9:05 AM,0,1,0
67016886,67_67399_5136978,138457,5/14/26,2025-2026,10:35 AM,0,1,0
67016886,67_67399_5136978,138506,5/16/26,2025-2026,8:58 AM,0,1,0
67016890,67_67399_5136978,137153,2/11/26,2025-2026,1:35 PM,0,0,0
67016900,67_67399_5136978,137128,2/7/26,2025-2026,10:00 AM,0,0,0
67016916,67_67399_5136978,135550,9/25/25,2025-2026,8:21 AM,0,1,0
67016916,67_67399_5136978,136441,12/6/25,2025-2026,9:48 AM,0,0,1
67016916,67_67399_5136978,136848,1/24/26,2025-2026,12:16 PM,0,0,1
67016916,67_67399_5136978,137005,2/3/26,2025-2026,2:32 PM,0,0,0
67016919,67_67399_5136978,136253,11/18/25,2025-2026,11:58 AM,0,1,0
67016919,67_67399_5136978,137944,4/3/26,2025-2026,8:57 AM,0,1,0
67016919,67_67399_5136978,138108,4/11/26,2025-2026,1:20 PM,0,1,0
67016919,67_67399_5136978,138546,5/20/26,2025-2026,9:54 AM,0,1,0
67016922,67_67399_5136978,135311,8/28/25,2025-2026,12:00 PM,2,0,0
67016924,67_67399_5136978,135734,10/9/25,2025-2026,12:01 PM,0,1,0
67016924,67_67399_5136978,137145,2/7/26,2025-2026,11:39 AM,0,0,0
67016932,67_67399_5136978,135435,9/12/25,2025-2026,1:10 PM,0,1,0
67016932,67_67399_5136978,135577,9/26/25,2025-2026,1:20 PM,0,1,0
67016932,67_67399_5136978,136653,1/13/26,2025-2026,10:27 AM,0,0,1
67016932,67_67399_5136978,137423,3/3/26,2025-2026,8:33 AM,0,1,0
67016932,67_67399_5136978,137561,3/11/26,2025-2026,8:08 AM,0,1,0
67016932,67_67399_5136978,138509,5/16/26,2025-2026,9:55 AM,0,0,1
67016933,67_67399_5136978,138031,4/8/26,2025-2026,11:48 AM,0,1,0
67016944,67_67399_5136978,138390,5/9/26,2025-2026,10:30 AM,0,1,0
67016945,67_67399_5136978,136210,11/14/25,2025-2026,11:10 AM,0,2,0
67016945,67_67399_5136978,136595,1/6/26,2025-2026,2:39 PM,0,2,0
67016947,67_67399_5136978,138269,5/1/26,2025-2026,11:14 AM,0,1,0
67016949,67_67399_5136978,135979,10/29/25,2025-2026,10:52 AM,0,0,1
67016950,67_67399_5136978,135464,9/16/25,2025-2026,12:30 PM,0,1,0
67016950,67_67399_5136978,136991,1/31/26,2025-2026,2:00 PM,0,0,1
67016985,67_67399_5136978,137010,2/4/26,2025-2026,8:36 AM,0,1,0
67016986,67_67399_5136978,135914,10/23/25,2025-2026,11:56 AM,0,2,0
67016986,67_67399_5136978,138096,4/11/26,2025-2026,10:16 AM,0,0,1
67016988,67_67399_5136978,135690,10/4/25,2025-2026,10:54 AM,0,1,0
67016988,67_67399_5136978,136710,1/15/26,2025-2026,1:23 PM,0,0,1
67016989,67_67399_5136978,136926,1/29/26,2025-2026,1:36 PM,0,1,0
67016990,67_67399_5136978,137942,4/2/26,2025-2026,2:29 PM,0,0,1
67016996,67_67399_5136978,136733,1/16/26,2025-2026,11:59 AM,0,1,0
67016996,67_67399_5136978,137265,2/19/26,2025-2026,1:35 PM,0,1,0
67016996,67_67399_5136978,137678,3/17/26,2025-2026,11:37 AM,0,2,0
67016999,67_67399_5136978,135375,9/10/25,2025-2026,10:06 AM,0,1,0
67016999,67_67399_5136978,136557,12/17/25,2025-2026,11:48 AM,0,2,0
67016999,67_67399_5136978,136665,1/13/26,2025-2026,1:57 PM,0,1,0
67016999,67_67399_5136978,136702,1/15/26,2025-2026,10:03 AM,0,2,0
67016999,67_67399_5136978,138296,5/2/26,2025-2026,1:17 PM,0,2,0
67016999,67_67399_5136978,138540,5/19/26,2025-2026,2:30 PM,0,2,0
67016999,67_67399_5136978,138565,5/21/26,2025-2026,10:15 AM,0,1,1
67017011,67_67399_5136978,135535,9/23/25,2025-2026,3:32 PM,0,0,1
67017011,67_67399_5136978,135693,10/7/25,2025-2026,10:22 AM,0,0,1
67017011,67_67399_5136978,136226,11/15/25,2025-2026,9:46 AM,0,1,0
67017011,67_67399_5136978,136390,12/3/25,2025-2026,8:35 AM,0,1,0
67017011,67_67399_5136978,136559,12/17/25,2025-2026,1:31 PM,0,0,1
67017011,67_67399_5136978,137143,2/11/26,2025-2026,11:17 AM,0,1,0
67017011,67_67399_5136978,137173,2/12/26,2025-2026,1:00 PM,0,0,1
67017011,67_67399_5136978,138250,4/30/26,2025-2026,12:12 PM,0,1,0
67017011,67_67399_5136978,138413,5/12/26,2025-2026,1:39 PM,0,0,1
67017011,67_67399_5136978,138534,5/19/26,2025-2026,12:00 PM,0,0,1
67017011,67_67399_5136978,138566,5/21/26,2025-2026,10:42 AM,0,1,0
67017012,67_67399_5136978,135184,8/23/25,2025-2026,1:15 PM,0,1,0
67017012,67_67399_5136978,137164,2/12/26,2025-2026,12:03 PM,0,1,0
67017014,67_67399_5136978,135236,8/28/25,2025-2026,1:00 PM,0,0,0
67017015,67_67399_5136978,137703,3/18/26,2025-2026,1:12 PM,0,0,0
67017015,67_67399_5136978,138009,4/7/26,2025-2026,2:56 PM,0,1,0
67017015,67_67399_5136978,138020,4/8/26,2025-2026,9:31 AM,0,0,1
67017019,67_67399_5136978,135588,9/27/25,2025-2026,1:56 PM,0,1,0
67017019,67_67399_5136978,136656,1/13/26,2025-2026,10:44 AM,0,0,1
67017019,67_67399_5136978,138477,5/15/26,2025-2026,10:32 AM,0,1,0
67017019,67_67399_5136978,138478,5/15/26,2025-2026,10:34 AM,0,0,1
67017019,67_67399_5136978,138528,5/19/26,2025-2026,9:24 AM,0,1,0
67017022,67_67399_5136978,137363,2/25/26,2025-2026,1:11 PM,0,1,0
67017023,67_67399_5136978,137578,3/11/26,2025-2026,12:53 PM,0,0,1
67017026,67_67399_5136978,136227,11/15/25,2025-2026,9:52 AM,0,2,0
67017032,67_67399_5136978,135297,8/28/25,2025-2026,12:00 PM,2,0,0
67017032,67_67399_5136978,135596,9/30/25,2025-2026,11:42 AM,0,1,0
67017032,67_67399_5136978,138265,5/1/26,2025-2026,10:30 AM,0,1,0
67017032,67_67399_5136978,138660,5/29/26,2025-2026,11:30 AM,0,0,0
67017035,67_67399_5136978,136877,1/27/26,2025-2026,11:00 AM,0,1,0
67017038,67_67399_5136978,135417,9/12/25,2025-2026,8:20 AM,0,0,1
67017038,67_67399_5136978,135912,10/23/25,2025-2026,11:23 AM,0,1,0
67017039,67_67399_5136978,136937,1/29/26,2025-2026,12:10 PM,0,0,0
67017040,67_67399_5136978,137147,2/11/26,2025-2026,12:15 PM,0,1,0
67017054,67_67399_5136978,138613,5/23/26,2025-2026,11:35 AM,0,0,1
67017070,67_67399_5136978,136218,11/14/25,2025-2026,1:35 PM,0,1,0
67017070,67_67399_5136978,137508,3/6/26,2025-2026,12:01 PM,0,1,0
67017070,67_67399_5136978,137554,3/10/26,2025-2026,11:51 AM,0,1,0
67017070,67_67399_5136978,137650,3/14/26,2025-2026,10:52 AM,0,0,1
67017070,67_67399_5136978,138099,4/11/26,2025-2026,10:42 AM,0,1,0
67017070,67_67399_5136978,138098,4/11/26,2025-2026,10:42 AM,0,1,0
67017073,67_67399_5136978,135347,9/6/25,2025-2026,1:15 PM,0,1,0
67017073,67_67399_5136978,138280,5/1/26,2025-2026,2:29 PM,0,1,0
67017074,67_67399_5136978,137618,3/13/26,2025-2026,10:23 AM,0,2,0
67017075,67_67399_5136978,135349,9/6/25,2025-2026,2:07 PM,0,1,0
67017075,67_67399_5136978,135903,10/22/25,2025-2026,12:24 PM,0,0,1
67017075,67_67399_5136978,136628,1/9/26,2025-2026,11:01 AM,0,1,0
67017075,67_67399_5136978,137279,2/20/26,2025-2026,11:07 AM,0,0,1
67017077,67_67399_5136978,136896,1/27/26,2025-2026,11:00 AM,0,1,0
67017077,67_67399_5136978,138268,4/16/26,2025-2026,4:00 PM,0,0,1
67017082,67_67399_5136978,136995,2/3/26,2025-2026,10:19 AM,0,1,0
67017082,67_67399_5136978,137296,2/21/26,2025-2026,11:10 AM,0,2,0
67017082,67_67399_5136978,137840,3/26/26,2025-2026,11:26 AM,0,0,1
67017086,67_67399_5136978,138480,5/15/26,2025-2026,10:38 AM,0,1,0
67017089,67_67399_5136980,137794,3/24/26,2025-2026,12:00 PM,0,1,0
67017092,67_67399_5136980,135325,8/21/25,2025-2026,10:15 AM,0,0,1
67017092,67_67399_5136980,135175,8/22/25,2025-2026,12:48 PM,0,1,0
67017092,67_67399_5136980,135326,8/22/25,2025-2026,10:00 AM,0,0,1
67017092,67_67399_5136980,135186,8/23/25,2025-2026,12:00 PM,3,0,0
67017092,67_67399_5136980,135306,9/4/25,2025-2026,2:18 PM,0,3,0
67017092,67_67399_5136980,135324,9/4/25,2025-2026,2:35 PM,0,0,1
67017092,67_67399_5136980,135322,9/5/25,2025-2026,12:50 PM,0,0,1
67017092,67_67399_5136980,135333,9/5/25,2025-2026,1:00 PM,0,0,1
67017092,67_67399_5136980,135335,9/5/25,2025-2026,2:00 PM,0,0,0
67017092,67_67399_5136980,135407,9/11/25,2025-2026,12:19 PM,0,1,0
67017092,67_67399_5136980,135498,9/19/25,2025-2026,12:45 PM,0,1,0
67017092,67_67399_5136980,135534,9/24/25,2025-2026,8:21 AM,0,0,1
67017092,67_67399_5136980,135566,9/26/25,2025-2026,9:59 AM,0,1,0
67017092,67_67399_5136980,135587,9/27/25,2025-2026,1:48 PM,0,2,0
67017092,67_67399_5136980,135605,9/30/25,2025-2026,1:30 AM,1,0,0
67017092,67_67399_5136980,135641,10/2/25,2025-2026,12:30 PM,0,1,0
67017095,67_67399_5136980,136043,11/1/25,2025-2026,10:15 AM,0,2,0
67017095,67_67399_5136980,136711,1/15/26,2025-2026,1:29 PM,0,1,0
67017097,67_67399_5136980,137945,4/3/26,2025-2026,9:11 AM,0,0,0
67017098,67_67399_5136980,135611,10/1/25,2025-2026,10:54 AM,0,0,1
67017098,67_67399_5136980,135919,10/23/25,2025-2026,1:39 PM,0,1,0
67017098,67_67399_5136980,135946,10/25/25,2025-2026,9:21 AM,0,1,1
67017098,67_67399_5136980,135986,10/29/25,2025-2026,1:05 PM,0,0,0
67017098,67_67399_5136980,136002,10/30/25,2025-2026,8:33 AM,0,1,0
67017098,67_67399_5136980,136111,11/6/25,2025-2026,1:50 PM,0,0,1
67017098,67_67399_5136980,136137,11/7/25,2025-2026,12:30 PM,0,1,0
67017098,67_67399_5136980,136342,11/21/25,2025-2026,3:08 PM,0,0,1
67017098,67_67399_5136980,136363,11/22/25,2025-2026,2:52 PM,0,1,0
67017098,67_67399_5136980,136409,12/4/25,2025-2026,10:36 AM,0,1,0
67017098,67_67399_5136980,136470,12/9/25,2025-2026,1:18 PM,0,1,0
67017098,67_67399_5136980,136494,12/11/25,2025-2026,1:37 PM,0,1,0
67017098,67_67399_5136980,136521,12/13/25,2025-2026,8:42 AM,0,1,0
67017098,67_67399_5136980,136648,1/10/26,2025-2026,1:11 PM,0,2,0
67017098,67_67399_5136980,136719,1/15/26,2025-2026,2:00 PM,0,0,0
67017098,67_67399_5136980,136703,1/15/26,2025-2026,10:07 AM,0,1,0
67017098,67_67399_5136980,136699,1/15/26,2025-2026,9:13 AM,0,1,0
67017098,67_67399_5136980,136720,1/15/26,2025-2026,2:00 PM,0,0,0
67017098,67_67399_5136980,136732,1/16/26,2025-2026,10:00 AM,0,0,0
67017098,67_67399_5136980,136751,1/16/26,2025-2026,1:30 PM,0,0,1
67017098,67_67399_5136980,136767,1/16/26,2025-2026,2:00 PM,1,0,1
67017098,67_67399_5136980,136745,1/16/26,2025-2026,2:51 PM,0,1,0
67017098,67_67399_5136980,136833,1/24/26,2025-2026,10:34 AM,0,1,0
67017098,67_67399_5136980,136902,1/29/26,2025-2026,9:45 AM,0,0,1
67017098,67_67399_5136980,136950,1/30/26,2025-2026,1:17 PM,0,1,0
67017098,67_67399_5136980,137009,2/3/26,2025-2026,6:11 PM,0,0,1
67017098,67_67399_5136980,136993,2/3/26,2025-2026,9:08 AM,0,2,0
67017098,67_67399_5136980,137124,2/7/26,2025-2026,1:00 PM,0,1,0
67017098,67_67399_5136980,137157,2/12/26,2025-2026,8:55 AM,0,1,0
67017098,67_67399_5136980,137171,2/12/26,2025-2026,1:31 PM,0,0,1
67017098,67_67399_5136980,137551,3/10/26,2025-2026,11:07 AM,0,1,0
67017098,67_67399_5136980,137696,3/18/26,2025-2026,9:45 AM,0,1,0
67017098,67_67399_5136980,137766,3/21/26,2025-2026,10:17 AM,0,1,0
67017098,67_67399_5136980,137822,3/25/26,2025-2026,12:42 PM,0,0,1
67017098,67_67399_5136980,137836,3/26/26,2025-2026,9:45 AM,0,0,1
67017098,67_67399_5136980,137897,3/28/26,2025-2026,1:21 PM,0,1,0
67017098,67_67399_5136980,138348,5/7/26,2025-2026,9:59 AM,0,1,0
67017098,67_67399_5136980,138608,5/23/26,2025-2026,10:57 AM,0,0,1
67017099,67_67399_5136980,137315,2/20/26,2025-2026,11:32 AM,0,0,1
67017103,67_67399_5136980,137571,3/11/26,2025-2026,10:30 AM,0,0,0
67017104,67_67399_5136980,137037,2/5/26,2025-2026,8:46 AM,0,1,1
67017104,67_67399_5136980,137704,3/18/26,2025-2026,1:31 PM,0,1,0
67017105,67_67399_5136980,138209,4/28/26,2025-2026,1:21 PM,0,1,0
67017106,67_67399_5136980,136536,12/16/25,2025-2026,8:39 AM,0,1,0
67017106,67_67399_5136980,136920,1/29/26,2025-2026,12:58 PM,0,0,1
67017109,67_67399_5136980,136488,12/11/25,2025-2026,10:35 AM,0,1,0
67017112,67_67399_5136980,136816,1/23/26,2025-2026,12:30 PM,0,1,0
67017113,67_67399_5136980,137067,2/6/26,2025-2026,8:55 AM,0,1,0
67017113,67_67399_5136980,137159,2/12/26,2025-2026,9:23 AM,0,1,0
67017113,67_67399_5136980,137714,3/18/26,2025-2026,10:37 AM,0,1,0
67017119,67_67399_5136980,135965,10/28/25,2025-2026,12:26 PM,0,1,0
67017119,67_67399_5136980,138351,5/7/26,2025-2026,10:40 AM,0,1,0
67017129,67_67399_5136980,136493,12/11/25,2025-2026,1:36 PM,0,1,0
67017130,67_67399_5136980,137506,3/6/26,2025-2026,11:31 AM,0,0,1
67017133,67_67399_5136980,135563,9/26/25,2025-2026,8:33 AM,0,1,0
67017133,67_67399_5136980,138129,4/14/26,2025-2026,12:50 PM,0,1,0
67017134,67_67399_5136980,135215,8/27/25,2025-2026,12:30 PM,0,1,0
67017134,67_67399_5136980,137311,2/21/26,2025-2026,1:56 PM,0,1,0
67017134,67_67399_5136980,137469,3/5/26,2025-2026,8:57 AM,0,1,0
67017134,67_67399_5136980,137567,3/11/26,2025-2026,10:04 AM,0,1,0
67017134,67_67399_5136980,137568,3/11/26,2025-2026,10:04 AM,0,1,0
67017135,67_67399_5136980,136432,12/5/25,2025-2026,12:42 PM,0,1,0
67017135,67_67399_5136980,136478,12/10/25,2025-2026,12:53 PM,0,0,0
67017135,67_67399_5136980,136542,12/16/25,2025-2026,10:19 AM,0,0,1
67017135,67_67399_5136980,136550,12/17/25,2025-2026,9:34 AM,0,0,1
67017135,67_67399_5136980,136686,1/14/26,2025-2026,11:00 AM,0,1,0
67017135,67_67399_5136980,136837,1/24/26,2025-2026,11:02 AM,0,0,1
67017135,67_67399_5136980,136889,1/28/26,2025-2026,1:17 PM,0,1,0
67017135,67_67399_5136980,137712,3/19/26,2025-2026,9:44 AM,0,1,0
67017137,67_67399_5136980,135181,8/23/25,2025-2026,8:10 AM,0,0,0
67017137,67_67399_5136980,136376,11/21/25,2025-2026,4:16 PM,0,0,0
67017141,67_67399_5136980,135370,9/10/25,2025-2026,8:03 AM,0,1,0
67017141,67_67399_5136980,135416,9/12/25,2025-2026,8:06 AM,0,1,0
67017141,67_67399_5136980,136404,11/21/25,2025-2026,4:34 PM,0,0,0
67017147,67_67399_5136980,136146,11/8/25,2025-2026,11:29 AM,0,1,0
67017147,67_67399_5136980,136900,1/29/26,2025-2026,10:11 AM,0,0,1
67017147,67_67399_5136980,137924,4/2/26,2025-2026,9:27 AM,0,1,0
67017147,67_67399_5136980,138118,4/14/26,2025-2026,9:07 AM,0,1,0
67017151,67_67399_5136980,136496,12/11/25,2025-2026,1:55 PM,0,1,0
67017151,67_67399_5136980,137172,2/12/26,2025-2026,1:33 PM,0,0,1
67017151,67_67399_5136980,137297,2/21/26,2025-2026,11:26 AM,0,1,0
67017151,67_67399_5136980,138120,4/14/26,2025-2026,11:03 AM,0,1,0
67017151,67_67399_5136980,138327,5/6/26,2025-2026,12:00 PM,0,1,0
67017151,67_67399_5136980,138648,5/28/26,2025-2026,10:59 AM,0,1,0
67017160,67_67399_5136980,135642,10/2/25,2025-2026,2:30 PM,0,1,0
67017160,67_67399_5136980,135896,10/22/25,2025-2026,9:56 AM,0,2,0
67017160,67_67399_5136980,136456,12/9/25,2025-2026,9:50 AM,0,1,0
67017160,67_67399_5136980,137068,2/6/26,2025-2026,9:02 AM,0,1,0
67017160,67_67399_5136980,137104,2/7/26,2025-2026,8:22 AM,0,0,1
67017160,67_67399_5136980,137130,2/11/26,2025-2026,8:26 AM,0,1,1
67017166,67_67399_5136980,136659,1/13/26,2025-2026,10:57 AM,0,0,1
67017166,67_67399_5136980,136910,1/29/26,2025-2026,11:03 AM,0,0,1
67017173,67_67399_5136980,135410,9/11/25,2025-2026,1:33 PM,0,1,0
67017173,67_67399_5136980,136128,11/7/25,2025-2026,1:58 PM,0,0,1
67017173,67_67399_5136980,136345,11/21/25,2025-2026,4:34 PM,0,0,0
67017173,67_67399_5136980,136620,1/8/26,2025-2026,2:35 PM,0,1,0
67017173,67_67399_5136980,136662,1/13/26,2025-2026,12:56 PM,0,1,0
67017173,67_67399_5136980,136738,1/16/26,2025-2026,1:24 PM,0,2,0
67017173,67_67399_5136980,137622,3/13/26,2025-2026,1:18 PM,0,0,1
67017173,67_67399_5136980,137849,3/26/26,2025-2026,1:19 PM,0,0,1
67017173,67_67399_5136980,137896,3/28/26,2025-2026,12:38 PM,0,0,1
67017173,67_67399_5136980,138016,4/8/26,2025-2026,9:10 AM,0,0,1
67017173,67_67399_5136980,138258,4/30/26,2025-2026,2:11 PM,0,1,0
67017173,67_67399_5136980,138620,5/23/26,2025-2026,12:30 PM,0,0,1
67017174,67_67399_5136980,135492,9/19/25,2025-2026,12:04 PM,0,0,0
67017174,67_67399_5136980,136440,12/5/25,2025-2026,2:32 PM,0,1,0
67017174,67_67399_5136980,136741,1/16/26,2025-2026,12:30 PM,0,1,0
67017174,67_67399_5136980,136827,1/24/26,2025-2026,8:15 AM,0,0,1
67017174,67_67399_5136980,137383,2/26/26,2025-2026,12:50 PM,0,1,0
67017174,67_67399_5136980,137550,3/10/26,2025-2026,11:07 AM,0,1,0
67017174,67_67399_5136980,138079,4/10/26,2025-2026,11:22 AM,0,1,0
67017174,67_67399_5136980,138106,4/11/26,2025-2026,12:12 PM,0,1,0
67017174,67_67399_5136980,138151,4/15/26,2025-2026,11:54 AM,0,1,0
67017175,67_67399_5136980,135890,10/21/25,2025-2026,2:00 PM,0,1,0
67017178,67_67399_5136980,135409,9/11/25,2025-2026,1:27 PM,0,1,0
67017178,67_67399_5136980,135685,10/4/25,2025-2026,1:45 PM,0,1,0
67017178,67_67399_5136980,136434,12/5/25,2025-2026,1:01 PM,0,1,0
67017178,67_67399_5136980,136850,1/24/26,2025-2026,12:31 PM,0,1,0
67017178,67_67399_5136980,136943,1/30/26,2025-2026,9:45 AM,0,0,0
67017181,67_67399_5136980,136433,12/5/25,2025-2026,12:58 PM,0,1,0
67017181,67_67399_5136980,137481,3/3/26,2025-2026,10:00 AM,0,0,1
67017188,67_67399_5136980,137247,2/18/26,2025-2026,10:37 AM,0,0,1
67017190,67_67399_5136980,135655,10/3/25,2025-2026,1:10 PM,0,0,1
67017191,67_67399_5136980,136512,12/12/25,2025-2026,12:40 PM,0,1,0
67017196,67_67399_5136980,136723,1/16/26,2025-2026,9:45 AM,0,1,0
67017197,67_67399_5136980,135597,9/30/25,2025-2026,12:29 PM,0,1,0
67017197,67_67399_5136980,136868,1/28/26,2025-2026,10:02 AM,0,1,0
67017199,67_67399_5136980,137857,3/26/26,2025-2026,11:17 AM,0,1,0
67017200,67_67399_5136980,136528,12/13/25,2025-2026,1:51 PM,0,1,0
67017201,67_67399_5136980,135437,9/12/25,2025-2026,1:22 PM,0,1,0
67017208,67_67399_5136980,136290,11/20/25,2025-2026,9:17 AM,0,1,0
67017208,67_67399_5136980,137140,2/11/26,2025-2026,10:53 AM,0,0,1
67017210,67_67399_5136980,137149,2/11/26,2025-2026,12:16 PM,0,0,1
67017223,67_67399_5136980,136084,11/5/25,2025-2026,1:02 PM,0,1,0
67017227,67_67399_5136980,135974,10/29/25,2025-2026,8:30 AM,0,1,0
67017228,67_67399_5136980,136871,1/28/26,2025-2026,10:20 AM,0,1,0
67017228,67_67399_5136980,136872,1/28/26,2025-2026,10:20 AM,0,1,0
67017229,67_67399_5136980,135747,10/9/25,2025-2026,2:28 PM,0,1,0
67017230,67_67399_5136980,136122,11/7/25,2025-2026,12:52 PM,0,0,1
67017230,67_67399_5136980,136579,12/19/25,2025-2026,1:28 PM,0,1,0
67017230,67_67399_5136980,137364,2/25/26,2025-2026,1:19 PM,0,0,1
67017230,67_67399_5136980,137779,3/21/26,2025-2026,2:30 PM,0,1,0
67017230,67_67399_5136980,137893,3/28/26,2025-2026,12:00 PM,0,0,1
67017234,67_67399_5136980,136734,1/16/26,2025-2026,12:44 PM,0,1,0
67017234,67_67399_5136980,137099,2/6/26,2025-2026,2:50 PM,0,1,0
67017234,67_67399_5136980,137530,3/7/26,2025-2026,8:17 AM,0,1,0
67017234,67_67399_5136980,137878,3/27/26,2025-2026,12:28 PM,0,1,0
67017234,67_67399_5136980,137870,3/27/26,2025-2026,11:00 AM,0,0,1
67017234,67_67399_5136980,137968,4/3/26,2025-2026,1:46 PM,0,1,0
67017234,67_67399_5136980,138282,5/1/26,2025-2026,12:40 PM,0,1,0
67017234,67_67399_5136980,138357,5/7/26,2025-2026,12:41 PM,0,1,0
67017234,67_67399_5136980,138406,5/12/26,2025-2026,11:08 AM,0,1,0
67017234,67_67399_5136980,138532,5/19/26,2025-2026,11:03 AM,0,0,1
67017235,67_67399_5136980,137339,2/24/26,2025-2026,1:22 PM,0,1,0
67017238,67_67399_5136980,136639,1/9/26,2025-2026,2:28 PM,0,1,0
67017239,67_67399_5136980,137647,3/14/26,2025-2026,9:58 AM,0,0,1
67017249,67_67399_5136980,135191,8/23/25,2025-2026,12:00 PM,3,0,0
67017249,67_67399_5136980,135316,9/5/25,2025-2026,11:35 AM,0,1,0
67017249,67_67399_5136980,135701,10/7/25,2025-2026,12:48 PM,0,1,0
67017249,67_67399_5136980,135834,10/16/25,2025-2026,1:13 PM,0,1,0
67017249,67_67399_5136980,136802,1/23/26,2025-2026,9:25 AM,0,0,1
67017249,67_67399_5136980,137213,2/14/26,2025-2026,10:03 AM,0,1,0
67017249,67_67399_5136980,137848,3/26/26,2025-2026,12:31 PM,0,1,0
67017249,67_67399_5136980,137982,4/1/26,2025-2026,9:30 AM,2,0,0
67017259,67_67399_5136980,135553,9/25/25,2025-2026,11:47 AM,0,0,1
67017259,67_67399_5136980,136869,1/28/26,2025-2026,10:03 AM,0,1,0
67017259,67_67399_5136980,137001,2/3/26,2025-2026,12:30 PM,0,0,1
67017260,67_67399_5136980,135645,10/3/25,2025-2026,10:21 AM,0,1,0
67017267,67_67399_5136980,135251,8/29/25,2025-2026,8:00 AM,1,0,1
67017267,67_67399_5136980,135449,9/12/25,2025-2026,4:00 PM,5,0,0
67017267,67_67399_5136980,135857,10/17/25,2025-2026,12:30 PM,2,0,0
67017267,67_67399_5136980,137011,1/31/26,2025-2026,4:00 PM,5,0,0
67017275,67_67399_5136980,136350,11/22/25,2025-2026,10:27 AM,0,1,0
67017275,67_67399_5136980,136631,1/9/26,2025-2026,1:20 PM,0,1,0
67017275,67_67399_5136980,137610,3/12/26,2025-2026,2:40 PM,0,0,1
67017276,67_67399_5136980,136819,1/23/26,2025-2026,1:20 PM,0,1,0
67017276,67_67399_5136980,137470,3/5/26,2025-2026,8:59 AM,0,1,0
67017281,67_67399_5136980,135434,9/12/25,2025-2026,1:13 PM,0,1,0
67017282,67_67399_5136980,137425,3/3/26,2025-2026,9:37 AM,0,1,0
67017287,67_67399_5136980,136055,11/1/25,2025-2026,1:04 PM,0,0,1
67017290,67_67399_5136980,135402,9/11/25,2025-2026,10:34 AM,0,0,1
67017290,67_67399_5136980,135649,10/3/25,2025-2026,11:01 AM,0,0,1
67017290,67_67399_5136980,135709,10/7/25,2025-2026,1:48 PM,0,1,0
67017290,67_67399_5136980,135894,10/21/25,2025-2026,9:03 AM,0,0,1
67017290,67_67399_5136980,136006,10/30/25,2025-2026,9:52 AM,0,1,0
67017290,67_67399_5136980,136082,11/5/25,2025-2026,10:24 AM,0,0,1
67017290,67_67399_5136980,136152,11/8/25,2025-2026,2:17 PM,0,1,0
67017290,67_67399_5136980,136383,12/2/25,2025-2026,2:20 PM,0,0,1
67017290,67_67399_5136980,136444,12/6/25,2025-2026,10:46 AM,0,1,0
67017290,67_67399_5136980,136465,12/9/25,2025-2026,1:40 PM,0,1,0
67017290,67_67399_5136980,136516,12/12/25,2025-2026,1:20 PM,0,1,0
67017290,67_67399_5136980,136661,1/13/26,2025-2026,11:05 AM,0,0,1
67017290,67_67399_5136980,136771,1/21/26,2025-2026,12:12 PM,0,0,1
67017290,67_67399_5136980,137071,2/6/26,2025-2026,10:47 AM,0,0,1
67017290,67_67399_5136980,137349,2/25/26,2025-2026,10:39 AM,0,1,0
67017290,67_67399_5136980,137562,3/11/26,2025-2026,8:25 AM,0,0,1
67017290,67_67399_5136980,137648,3/14/26,2025-2026,10:13 AM,0,0,1
67017290,67_67399_5136980,137721,3/19/26,2025-2026,11:46 AM,0,1,0
67017290,67_67399_5136980,137761,3/21/26,2025-2026,8:52 AM,0,1,0
67017290,67_67399_5136980,137974,4/3/26,2025-2026,2:32 PM,0,1,0
67017290,67_67399_5136980,138040,4/9/26,2025-2026,11:04 AM,0,1,0
67017293,67_67399_5136980,137375,2/26/26,2025-2026,9:47 AM,0,1,0
67017294,67_67399_5136980,136126,11/7/25,2025-2026,12:56 PM,0,1,0
67017294,67_67399_5136980,136292,11/20/25,2025-2026,8:43 AM,0,0,1
67017294,67_67399_5136980,136457,12/9/25,2025-2026,10:00 AM,0,1,0
67017294,67_67399_5136980,137434,3/3/26,2025-2026,1:57 PM,0,1,1
67017294,67_67399_5136980,137936,4/2/26,2025-2026,1:32 PM,0,1,0
67017296,67_67399_5136980,138278,5/1/26,2025-2026,2:14 PM,0,0,1
67017299,67_67399_5136980,137976,4/3/26,2025-2026,1:45 PM,0,1,0
67017303,67_67399_5136980,138191,4/17/26,2025-2026,1:09 PM,0,1,0
67017303,67_67399_5136980,138530,5/19/26,2025-2026,10:18 AM,0,0,1
67017305,67_67399_5136980,136040,11/1/25,2025-2026,9:13 AM,0,0,1
67017306,67_67399_5136980,137275,2/20/26,2025-2026,8:50 AM,0,1,0
67017306,67_67399_5136980,137274,2/20/26,2025-2026,8:50 AM,0,1,0
67017306,67_67399_5136980,137496,3/6/26,2025-2026,9:05 AM,0,1,1
67017307,67_67399_5136980,136389,12/3/25,2025-2026,8:32 AM,0,1,0
67017308,67_67399_5136980,136112,11/6/25,2025-2026,2:09 PM,0,1,0
67017308,67_67399_5136980,136527,12/13/25,2025-2026,12:59 PM,0,1,0
67017308,67_67399_5136980,136634,1/9/26,2025-2026,1:37 PM,0,1,0
67017308,67_67399_5136980,136674,1/14/26,2025-2026,9:25 AM,0,1,0
67017308,67_67399_5136980,136714,1/15/26,2025-2026,2:27 PM,0,0,1
67017309,67_67399_5136980,137276,2/20/26,2025-2026,9:45 AM,0,1,0
67017310,67_67399_5136980,135192,8/23/25,2025-2026,12:00 PM,1,0,0
67017310,67_67399_5136980,135657,10/3/25,2025-2026,1:28 PM,0,1,1
67017310,67_67399_5136980,136003,10/30/25,2025-2026,9:42 AM,0,1,0
67017310,67_67399_5136980,136356,11/22/25,2025-2026,12:27 PM,0,2,0
67017310,67_67399_5136980,136647,1/10/26,2025-2026,12:47 PM,0,1,0
67017310,67_67399_5136980,136715,1/15/26,2025-2026,2:32 PM,0,1,0
67017310,67_67399_5136980,136785,1/22/26,2025-2026,2:43 PM,0,2,0
67017310,67_67399_5136980,137224,2/14/26,2025-2026,12:24 PM,0,2,0
67017310,67_67399_5136980,137267,2/19/26,2025-2026,2:48 PM,0,1,1
67017310,67_67399_5136980,137428,3/3/26,2025-2026,10:50 AM,0,1,0
67017310,67_67399_5136980,137541,3/7/26,2025-2026,12:42 PM,0,2,0
67017310,67_67399_5136980,137563,3/11/26,2025-2026,9:11 AM,0,2,0
67017310,67_67399_5136980,137941,4/2/26,2025-2026,2:22 PM,0,0,1
67017310,67_67399_5136980,137920,4/2/26,2025-2026,8:42 AM,0,1,0
67017310,67_67399_5136980,138060,4/9/26,2025-2026,2:29 PM,0,0,1
67017310,67_67399_5136980,138273,5/1/26,2025-2026,1:46 PM,0,1,0
67017311,67_67399_5136980,136167,11/12/25,2025-2026,9:29 AM,0,0,1
67017311,67_67399_5136980,136597,1/6/26,2025-2026,11:20 AM,0,1,0
67017311,67_67399_5136980,137542,3/7/26,2025-2026,1:19 PM,0,1,0
67017313,67_67399_5136980,135486,9/18/25,2025-2026,12:00 PM,0,0,0
67017313,67_67399_5136980,136520,12/12/25,2025-2026,3:55 PM,0,0,1
67017313,67_67399_5136980,136753,1/17/26,2025-2026,9:54 AM,0,0,1
67017313,67_67399_5136980,137048,2/5/26,2025-2026,11:21 AM,0,0,1
67017313,67_67399_5136980,137263,2/19/26,2025-2026,11:55 AM,2,0,0
67017313,67_67399_5136980,137468,3/5/26,2025-2026,8:29 AM,0,1,0
67017315,67_67399_5136980,136045,11/1/25,2025-2026,10:22 AM,0,1,0
67017315,67_67399_5136980,136129,11/7/25,2025-2026,2:07 PM,0,0,1
67017315,67_67399_5136980,136621,1/8/26,2025-2026,2:41 PM,0,2,0
67017315,67_67399_5136980,136633,1/9/26,2025-2026,1:27 PM,0,1,0
67017315,67_67399_5136980,137283,2/20/26,2025-2026,1:48 PM,0,1,0
67017315,67_67399_5136980,137386,2/26/26,2025-2026,2:07 PM,0,1,0
67017315,67_67399_5136980,137519,3/6/26,2025-2026,1:51 PM,0,1,0
67017315,67_67399_5136980,137683,3/17/26,2025-2026,1:44 PM,0,0,1
67017315,67_67399_5136980,138272,5/1/26,2025-2026,1:40 PM,0,1,0
67017319,67_67399_5136980,135264,8/23/25,2025-2026,12:00 PM,0,0,0
67017319,67_67399_5136980,136105,11/6/25,2025-2026,12:22 PM,0,0,1
67017319,67_67399_5136980,136235,11/15/25,2025-2026,12:49 PM,0,1,0
67017319,67_67399_5136980,136223,11/15/25,2025-2026,8:53 AM,0,1,0
67017319,67_67399_5136980,137832,3/25/26,2025-2026,6:17 PM,0,0,2
67017319,67_67399_5136980,138598,5/22/26,2025-2026,12:45 PM,0,1,0
67017322,67_67399_5136980,136085,11/5/25,2025-2026,1:05 PM,0,1,0
67017322,67_67399_5136980,138229,4/29/26,2025-2026,9:45 AM,0,1,0
67017323,67_67399_5136980,136553,12/17/25,2025-2026,10:06 AM,0,1,0
67017323,67_67399_5136980,137242,2/18/26,2025-2026,10:11 AM,0,0,1
67017323,67_67399_5136980,137801,3/24/26,2025-2026,12:53 PM,0,0,1
67017323,67_67399_5136980,137950,4/3/26,2025-2026,10:47 AM,0,1,0
67017323,67_67399_5136980,138001,4/7/26,2025-2026,2:05 PM,0,1,0
67017323,67_67399_5136980,138117,4/14/26,2025-2026,8:57 AM,0,1,0
67017324,67_67399_5136980,135446,9/12/25,2025-2026,12:00 PM,0,0,0
67017325,67_67399_5136980,135920,10/23/25,2025-2026,1:56 PM,0,1,0
67017327,67_67399_5136980,135411,9/11/25,2025-2026,1:36 PM,0,1,0
67017327,67_67399_5136980,135584,9/27/25,2025-2026,12:58 PM,0,1,0
67017327,67_67399_5136980,138361,5/7/26,2025-2026,1:10 PM,0,1,0
67017330,67_67399_5136980,135523,9/23/25,2025-2026,10:28 AM,0,1,0
67017330,67_67399_5136980,135742,10/9/25,2025-2026,1:25 PM,0,0,1
67017330,67_67399_5136980,135921,10/23/25,2025-2026,2:16 PM,0,2,0
67017330,67_67399_5136980,135938,10/24/25,2025-2026,1:28 PM,0,1,0
67017330,67_67399_5136980,136174,11/12/25,2025-2026,12:38 PM,0,0,1
67017330,67_67399_5136980,136491,12/11/25,2025-2026,1:00 PM,0,1,0
67017330,67_67399_5136980,136731,1/16/26,2025-2026,11:14 AM,0,0,1
67017330,67_67399_5136980,136781,1/22/26,2025-2026,1:53 PM,0,0,0
67017330,67_67399_5136980,137088,2/6/26,2025-2026,1:19 PM,0,1,0
67017330,67_67399_5136980,137089,2/6/26,2025-2026,1:21 PM,0,1,0
67017330,67_67399_5136980,137223,2/14/26,2025-2026,12:22 PM,0,2,0
67017330,67_67399_5136980,137238,2/18/26,2025-2026,9:19 AM,0,2,0
67017330,67_67399_5136980,137258,2/19/26,2025-2026,10:40 AM,0,1,0
67017330,67_67399_5136980,137565,3/11/26,2025-2026,9:19 AM,0,2,0
67017330,67_67399_5136980,137684,3/17/26,2025-2026,1:50 PM,0,0,1
67017330,67_67399_5136980,137682,3/17/26,2025-2026,1:40 PM,0,1,0
67017330,67_67399_5136980,137895,3/28/26,2025-2026,12:33 PM,0,0,1
67017330,67_67399_5136980,137967,4/3/26,2025-2026,1:38 PM,0,0,1
67017330,67_67399_5136980,138080,4/10/26,2025-2026,11:20 AM,0,0,1
67017330,67_67399_5136980,138107,4/11/26,2025-2026,12:23 PM,0,0,1
67017330,67_67399_5136980,138395,5/9/26,2025-2026,1:19 PM,0,0,1
67017330,67_67399_5136980,138403,5/12/26,2025-2026,10:41 AM,0,1,0
67017330,67_67399_5136980,138466,5/14/26,2025-2026,1:29 PM,0,0,1
67017330,67_67399_5136980,138590,5/22/26,2025-2026,11:09 AM,0,0,1
67017332,67_67399_5136980,135485,9/18/25,2025-2026,12:00 PM,0,0,0
67017332,67_67399_5136980,136742,1/16/26,2025-2026,2:10 PM,0,1,0
67017332,67_67399_5136980,137053,2/5/26,2025-2026,2:10 PM,0,1,0
67017332,67_67399_5136980,138318,5/6/26,2025-2026,9:02 AM,0,1,0
67017334,67_67399_5136980,135493,9/19/25,2025-2026,12:00 PM,0,0,1
67017334,67_67399_5136980,136966,1/30/26,2025-2026,2:53 PM,0,1,0
67017336,67_67399_5136980,138647,5/28/26,2025-2026,9:45 AM,2,0,1
67017337,67_67399_5136980,137122,2/7/26,2025-2026,11:00 AM,0,0,0
67017338,67_67399_5136980,135182,8/23/25,2025-2026,8:10 AM,1,0,0
67017338,67_67399_5136980,135323,9/3/25,2025-2026,8:30 AM,0,1,0
67017338,67_67399_5136980,135305,9/4/25,2025-2026,1:14 PM,0,0,1
67017338,67_67399_5136980,135457,9/16/25,2025-2026,3:10 PM,0,0,1
67017338,67_67399_5136980,136110,11/6/25,2025-2026,1:41 PM,0,0,2
67017338,67_67399_5136980,136166,11/12/25,2025-2026,9:26 AM,0,0,1
67017338,67_67399_5136980,136236,11/15/25,2025-2026,12:51 PM,0,1,0
67017338,67_67399_5136980,136224,11/15/25,2025-2026,9:01 AM,0,1,0
67017338,67_67399_5136980,136312,11/21/25,2025-2026,9:28 AM,0,1,0
67017338,67_67399_5136980,136449,12/6/25,2025-2026,2:06 PM,0,1,0
67017338,67_67399_5136980,136464,12/9/25,2025-2026,2:55 PM,0,1,0
67017338,67_67399_5136980,136593,1/6/26,2025-2026,11:30 AM,0,1,0
67017338,67_67399_5136980,136596,1/6/26,2025-2026,11:20 AM,0,1,0
67017338,67_67399_5136980,136646,1/10/26,2025-2026,11:02 AM,0,0,1
67017338,67_67399_5136980,136721,1/16/26,2025-2026,9:15 AM,0,1,0
67017338,67_67399_5136980,136901,1/29/26,2025-2026,9:45 AM,0,2,0
67017338,67_67399_5136980,137012,2/4/26,2025-2026,8:57 AM,0,0,1
67017338,67_67399_5136980,137154,2/11/26,2025-2026,2:09 PM,0,1,0
67017338,67_67399_5136980,137272,2/19/26,2025-2026,3:00 PM,0,0,1
67017338,67_67399_5136980,137365,2/25/26,2025-2026,1:25 PM,0,0,1
67017338,67_67399_5136980,137430,3/3/26,2025-2026,11:05 AM,0,0,1
67017338,67_67399_5136980,137552,3/10/26,2025-2026,11:28 AM,0,0,1
67017338,67_67399_5136980,137566,3/11/26,2025-2026,9:12 AM,0,0,1
67017338,67_67399_5136980,137879,3/27/26,2025-2026,12:47 PM,0,0,1
67017338,67_67399_5136980,137889,3/28/26,2025-2026,8:26 AM,0,1,0
67017338,67_67399_5136980,137925,4/2/26,2025-2026,9:37 AM,0,0,1
67017338,67_67399_5136980,138130,4/14/26,2025-2026,12:53 PM,0,1,0
67017338,67_67399_5136980,138267,4/30/26,2025-2026,2:00 PM,0,0,1
67017338,67_67399_5136980,138256,4/30/26,2025-2026,1:40 PM,0,0,1
67017338,67_67399_5136980,138306,5/5/26,2025-2026,10:57 AM,0,0,1
67017339,67_67399_5136980,136435,12/5/25,2025-2026,1:03 PM,0,1,0
67017341,67_67399_5136980,136329,11/21/25,2025-2026,1:26 PM,0,1,0
67017341,67_67399_5136980,137482,3/3/26,2025-2026,10:00 AM,0,0,1
67017344,67_67399_5136980,137039,2/5/26,2025-2026,9:30 AM,0,1,0
67017344,67_67399_5136980,138109,4/11/26,2025-2026,1:30 PM,0,1,0
67017346,67_67399_5136980,135263,8/29/25,2025-2026,12:30 PM,1,0,0
67017346,67_67399_5136980,135484,9/18/25,2025-2026,12:00 PM,0,0,0
67017346,67_67399_5136980,137498,3/6/26,2025-2026,9:28 AM,0,1,1
67017346,67_67399_5136980,138071,4/10/26,2025-2026,9:11 AM,0,1,0
67017349,67_67399_5136980,136127,11/7/25,2025-2026,12:56 PM,0,1,0
67017349,67_67399_5136980,136267,11/19/25,2025-2026,10:12 AM,0,0,1
67017349,67_67399_5136980,137455,3/4/26,2025-2026,12:10 PM,0,1,0
67017349,67_67399_5136980,137713,3/19/26,2025-2026,10:28 AM,0,1,1
67017349,67_67399_5136980,137952,4/2/26,2025-2026,8:10 AM,2,0,0
67017349,67_67399_5136980,138059,4/9/26,2025-2026,12:00 PM,1,0,0
67017360,67_67399_5136980,136277,11/19/25,2025-2026,1:08 PM,0,1,0
67017362,67_67399_5136980,135213,8/27/25,2025-2026,12:30 PM,0,1,0
67017363,67_67399_5136980,136772,1/21/26,2025-2026,12:41 PM,0,0,1
67017363,67_67399_5136980,137203,2/13/26,2025-2026,1:43 PM,0,2,0
67017363,67_67399_5136980,138078,4/10/26,2025-2026,11:05 AM,0,0,1
67017363,67_67399_5136980,138255,4/30/26,2025-2026,1:25 PM,0,0,1
67017364,67_67399_5136980,135216,8/27/25,2025-2026,12:30 PM,0,1,0
67017364,67_67399_5136980,135533,9/24/25,2025-2026,9:41 AM,0,1,0
67017366,67_67399_5136980,136826,1/23/26,2025-2026,12:00 PM,0,0,0
67017366,67_67399_5136980,137933,4/2/26,2025-2026,12:42 PM,2,0,0
67017366,67_67399_5136980,138072,4/10/26,2025-2026,9:51 AM,0,1,0
67017366,67_67399_5136980,138350,5/7/26,2025-2026,10:38 AM,0,1,0
67017368,67_67399_5136980,135214,8/27/25,2025-2026,12:30 PM,0,1,0
67017370,67_67399_5136980,135665,10/4/25,2025-2026,8:28 AM,0,1,0
67017370,67_67399_5136980,137947,4/3/26,2025-2026,9:38 AM,0,1,0
67017370,67_67399_5136980,138137,4/14/26,2025-2026,2:43 PM,0,1,0
67017370,67_67399_5136980,138307,5/5/26,2025-2026,11:53 AM,0,1,0
67017370,67_67399_5136980,138404,5/12/26,2025-2026,10:38 AM,0,1,0
67017372,67_67399_5136980,137658,3/14/26,2025-2026,12:47 PM,0,0,1
67017372,67_67399_5136980,138645,5/28/26,2025-2026,9:30 AM,0,1,0
67017372,67_67399_5136980,138652,5/28/26,2025-2026,12:53 PM,0,0,1
67017376,67_67399_5136980,136125,11/7/25,2025-2026,1:25 PM,0,1,0
67017376,67_67399_5136980,136635,1/9/26,2025-2026,1:41 PM,0,1,0
67017376,67_67399_5136980,136847,1/24/26,2025-2026,12:14 PM,0,1,0
67017376,67_67399_5136980,137056,2/5/26,2025-2026,2:29 PM,0,1,0
67017376,67_67399_5136980,137516,3/6/26,2025-2026,1:27 PM,0,2,0
67017376,67_67399_5136980,138123,4/14/26,2025-2026,11:13 AM,0,1,0
67017376,67_67399_5136980,138121,4/14/26,2025-2026,11:08 AM,0,2,0
67017376,67_67399_5136980,138144,4/15/26,2025-2026,9:23 AM,0,0,1
67017376,67_67399_5136980,138274,5/1/26,2025-2026,1:49 PM,0,1,0
67017377,67_67399_5136980,137041,2/5/26,2025-2026,10:17 AM,0,0,1
67017377,67_67399_5136980,137764,3/21/26,2025-2026,9:36 AM,0,0,1
67017378,67_67399_5136980,135338,9/6/25,2025-2026,12:08 PM,0,1,0
67017378,67_67399_5136980,135936,10/24/25,2025-2026,12:50 PM,0,0,1
67017378,67_67399_5136980,136247,11/13/25,2025-2026,8:26 AM,0,1,0
67017378,67_67399_5136980,137677,3/17/26,2025-2026,11:08 AM,0,1,0
67017378,67_67399_5136980,138329,5/6/26,2025-2026,12:16 PM,0,0,1
67017380,67_67399_5136980,135610,10/1/25,2025-2026,9:56 AM,0,1,0
67017380,67_67399_5136980,136063,10/30/25,2025-2026,8:00 AM,0,0,0
67017380,67_67399_5136980,136159,11/8/25,2025-2026,9:40 AM,0,0,0
67017380,67_67399_5136980,136359,11/21/25,2025-2026,4:00 PM,0,0,0
67017380,67_67399_5136980,138266,5/1/26,2025-2026,10:43 AM,0,1,0
67017380,67_67399_5136980,138328,5/6/26,2025-2026,12:02 PM,0,1,0
67017380,67_67399_5136980,138381,5/8/26,2025-2026,12:48 PM,0,0,1
67017384,67_67399_5136980,135173,8/22/25,2025-2026,8:47 AM,0,0,1
67017384,67_67399_5136980,136446,11/20/25,2025-2026,7:13 AM,5,0,0
67017384,67_67399_5136980,136718,1/16/26,2025-2026,7:25 AM,0,1,0
67017385,67_67399_5136980,137245,2/14/26,2025-2026,2:15 PM,0,1,0
67017385,67_67399_5136980,137460,3/4/26,2025-2026,11:47 AM,0,0,0
67017389,67_67399_5136980,135482,9/18/25,2025-2026,12:00 PM,0,1,0
67017396,67_67399_5136980,135450,9/12/25,2025-2026,8:00 AM,0,0,0
67017396,67_67399_5136980,136360,11/21/25,2025-2026,4:00 PM,0,0,0
67017396,67_67399_5136980,136744,1/15/26,2025-2026,12:14 PM,0,1,0
67017396,67_67399_5136980,136807,1/23/26,2025-2026,9:44 AM,0,1,0
67017396,67_67399_5136980,137691,3/17/26,2025-2026,3:00 PM,0,0,1
67017396,67_67399_5136980,138321,5/6/26,2025-2026,10:26 AM,0,1,0
67017396,67_67399_5136980,138667,5/30/26,2025-2026,9:00 AM,0,0,0
67017399,67_67399_5136980,137785,3/24/26,2025-2026,9:37 AM,0,1,0
67017401,67_67399_5136980,135265,8/29/25,2025-2026,2:07 PM,0,1,0
67017401,67_67399_5136980,135267,8/29/25,2025-2026,2:41 PM,0,1,0
67017401,67_67399_5136980,135555,9/25/25,2025-2026,1:51 PM,0,1,0
67017401,67_67399_5136980,135767,10/10/25,2025-2026,12:41 PM,0,0,1
67017401,67_67399_5136980,135782,10/11/25,2025-2026,8:55 AM,0,0,1
67017401,67_67399_5136980,135791,10/11/25,2025-2026,1:07 PM,0,1,0
67017403,67_67399_5136980,137185,2/12/26,2025-2026,2:15 PM,0,1,0
67017407,67_67399_5136980,136660,1/13/26,2025-2026,11:02 AM,0,0,1
67017409,67_67399_5136980,135256,8/28/25,2025-2026,2:30 PM,2,0,0
67017409,67_67399_5136980,137066,2/4/26,2025-2026,11:40 AM,0,0,1
67017409,67_67399_5136980,137347,2/25/26,2025-2026,7:30 AM,0,0,1
67017409,67_67399_5136980,137795,3/24/26,2025-2026,12:00 PM,0,1,0
67017409,67_67399_5136980,137927,4/2/26,2025-2026,9:54 AM,0,0,0
67017415,67_67399_5136980,137737,3/19/26,2025-2026,11:00 AM,0,0,1
67017420,67_67399_5136980,135789,10/11/25,2025-2026,11:10 AM,0,1,0
67017424,67_67399_5136980,135250,8/26/25,2025-2026,2:00 PM,0,0,1
67017424,67_67399_5136980,135994,10/29/25,2025-2026,8:36 AM,2,0,0
67017428,67_67399_5136980,135174,8/22/25,2025-2026,8:51 AM,0,0,1
67017428,67_67399_5136980,137440,3/3/26,2025-2026,2:30 PM,0,1,0
67017437,67_67399_5136980,138226,4/29/26,2025-2026,9:34 AM,0,1,0
67017401,67_67399_5136980,136402,12/3/25,2025-2026,3:59 PM,0,0,1
67017401,67_67399_5136980,136616,1/7/26,2025-2026,12:00 PM,0,0,0
67017444,67_67399_5136979,136106,11/5/25,2025-2026,12:45 PM,0,1,0
67017444,67_67399_5136979,137201,2/13/26,2025-2026,2:34 PM,0,0,1
67017446,67_67399_5136979,137535,3/7/26,2025-2026,9:43 AM,0,1,0
67017447,67_67399_5136979,136931,1/29/26,2025-2026,2:31 PM,0,0,1
67017447,67_67399_5136979,136976,1/31/26,2025-2026,11:36 AM,0,0,1
67017447,67_67399_5136979,137131,2/11/26,2025-2026,9:04 AM,0,1,0
67017447,67_67399_5136979,137269,2/19/26,2025-2026,2:59 PM,0,1,0
67017447,67_67399_5136979,137396,2/27/26,2025-2026,9:00 AM,0,0,0
67017447,67_67399_5136979,137527,3/6/26,2025-2026,3:01 PM,0,0,1
67017447,67_67399_5136979,137564,3/11/26,2025-2026,9:11 AM,0,0,1
67017449,67_67399_5136979,137452,3/4/26,2025-2026,10:05 AM,0,2,0
67017449,67_67399_5136979,137653,3/14/26,2025-2026,11:40 AM,0,2,0
67017449,67_67399_5136979,138300,5/2/26,2025-2026,3:06 PM,0,2,0
67017452,67_67399_5136979,138489,5/15/26,2025-2026,1:46 PM,0,0,1
67017454,67_67399_5136979,135743,10/9/25,2025-2026,1:53 PM,0,0,1
67017454,67_67399_5136979,136279,11/19/25,2025-2026,1:42 PM,0,0,1
67017454,67_67399_5136979,136431,12/5/25,2025-2026,11:46 AM,0,1,0
67017454,67_67399_5136979,136838,1/24/26,2025-2026,11:21 AM,0,0,1
67017454,67_67399_5136979,136928,1/29/26,2025-2026,2:11 PM,0,0,1
67017454,67_67399_5136979,136927,1/29/26,2025-2026,1:52 PM,0,0,1
67017454,67_67399_5136979,137170,2/12/26,2025-2026,1:29 PM,0,0,1
67017454,67_67399_5136979,137175,2/12/26,2025-2026,1:55 PM,0,0,1
67017454,67_67399_5136979,137218,2/14/26,2025-2026,11:17 AM,0,0,1
67017454,67_67399_5136979,137407,2/27/26,2025-2026,11:57 AM,0,0,1
67017454,67_67399_5136979,137438,3/3/26,2025-2026,2:33 PM,0,0,1
67017454,67_67399_5136979,137459,3/4/26,2025-2026,1:29 PM,0,0,1
67017454,67_67399_5136979,137493,3/5/26,2025-2026,2:20 PM,0,2,0
67017454,67_67399_5136979,137483,3/5/26,2025-2026,1:46 PM,0,0,1
67017454,67_67399_5136979,137596,3/12/26,2025-2026,9:26 AM,0,0,1
67017454,67_67399_5136979,137782,3/21/26,2025-2026,3:20 PM,0,1,0
67017454,67_67399_5136979,137771,3/21/26,2025-2026,11:45 AM,0,3,0
67017454,67_67399_5136979,137827,3/25/26,2025-2026,2:09 PM,0,0,1
67017454,67_67399_5136979,137875,3/27/26,2025-2026,1:10 PM,0,2,0
67017454,67_67399_5136979,137912,4/1/26,2025-2026,9:55 AM,3,0,0
67017454,67_67399_5136979,138066,4/9/26,2025-2026,3:20 PM,0,1,0
67017454,67_67399_5136979,138093,4/10/26,2025-2026,1:25 PM,0,0,1
67017454,67_67399_5136979,138113,4/11/26,2025-2026,2:15 PM,0,2,0
67017454,67_67399_5136979,138367,5/7/26,2025-2026,2:50 PM,0,1,0
67017454,67_67399_5136979,138386,5/8/26,2025-2026,11:35 AM,0,2,0
67017454,67_67399_5136979,138424,5/12/26,2025-2026,10:30 AM,0,2,0
67017454,67_67399_5136979,138440,5/13/26,2025-2026,9:00 AM,2,0,0
67017454,67_67399_5136979,138548,5/20/26,2025-2026,9:20 AM,0,2,1
67017454,67_67399_5136979,138572,5/21/26,2025-2026,12:01 PM,0,1,0
67017454,67_67399_5136979,138634,5/27/26,2025-2026,10:45 AM,0,2,0
67017459,67_67399_5136979,135342,9/6/25,2025-2026,10:00 AM,0,0,1
67017464,67_67399_5136979,136990,1/31/26,2025-2026,2:58 PM,0,1,0
67017464,67_67399_5136979,137913,4/1/26,2025-2026,10:13 AM,0,0,1
67017467,67_67399_5136979,137811,3/25/26,2025-2026,9:49 AM,0,0,1
67017467,67_67399_5136979,138208,4/28/26,2025-2026,11:32 AM,0,0,1
67017473,67_67399_5136979,138185,4/17/26,2025-2026,11:19 AM,0,0,1
67017473,67_67399_5136979,138461,5/14/26,2025-2026,11:20 AM,0,2,0
67017475,67_67399_5136979,137137,2/4/26,2025-2026,9:30 AM,0,0,0
67017476,67_67399_5136979,136027,10/31/25,2025-2026,10:59 AM,0,2,0
67017476,67_67399_5136979,136411,12/4/25,2025-2026,12:16 PM,0,1,0
67017476,67_67399_5136979,136855,1/24/26,2025-2026,2:27 PM,0,1,0
67017476,67_67399_5136979,138047,4/9/26,2025-2026,12:53 PM,0,0,1
67017477,67_67399_5136979,136849,1/24/26,2025-2026,12:14 PM,0,0,1
67017478,67_67399_5136979,135453,9/13/25,2025-2026,12:58 PM,0,0,1
67017478,67_67399_5136979,136410,12/4/25,2025-2026,12:02 PM,0,0,2
67017478,67_67399_5136979,137479,3/5/26,2025-2026,11:48 AM,0,0,2
67017478,67_67399_5136979,138396,5/9/26,2025-2026,1:44 PM,0,0,1
67017484,67_67399_5136979,136425,12/4/25,2025-2026,4:11 PM,0,0,1
67017484,67_67399_5136979,137494,3/6/26,2025-2026,8:26 AM,0,1,0
67017484,67_67399_5136979,137732,3/19/26,2025-2026,3:09 PM,0,1,0
67017484,67_67399_5136979,138214,4/28/26,2025-2026,3:04 PM,0,1,0
67017484,67_67399_5136979,138554,5/20/26,2025-2026,12:33 PM,0,2,0
67017505,67_67399_5136979,137523,3/6/26,2025-2026,2:30 PM,0,2,0
67017510,67_67399_5136979,138487,5/15/26,2025-2026,1:14 PM,0,1,0
67017513,67_67399_5136979,135787,10/11/25,2025-2026,8:00 AM,0,0,0
67017514,67_67399_5136979,135538,9/24/25,2025-2026,11:38 AM,0,1,0
67017514,67_67399_5136979,136331,11/21/25,2025-2026,2:07 PM,0,1,0
67017514,67_67399_5136979,136630,1/9/26,2025-2026,11:57 AM,0,1,0
67017514,67_67399_5136979,136922,1/29/26,2025-2026,1:22 PM,0,2,0
67017514,67_67399_5136979,137134,2/4/26,2025-2026,9:30 AM,0,0,0
67017514,67_67399_5136979,137054,2/5/26,2025-2026,2:10 PM,0,0,1
67017514,67_67399_5136979,137907,3/28/26,2025-2026,2:15 PM,0,0,1
67017514,67_67399_5136979,138220,4/28/26,2025-2026,3:29 PM,0,2,0
67017514,67_67399_5136979,138377,5/8/26,2025-2026,10:26 AM,0,0,1
67017514,67_67399_5136979,138715,6/5/26,2025-2026,9:19 AM,0,1,0
67017520,67_67399_5136979,136374,12/2/25,2025-2026,11:13 AM,0,2,0
67017520,67_67399_5136979,137403,2/26/26,2025-2026,2:55 PM,0,2,0
67017520,67_67399_5136979,137529,3/6/26,2025-2026,1:45 PM,0,0,2
67017520,67_67399_5136979,137556,3/10/26,2025-2026,12:00 PM,0,2,0
67017520,67_67399_5136979,137757,3/20/26,2025-2026,1:45 PM,0,2,0
67017526,67_67399_5136979,137528,3/6/26,2025-2026,1:10 PM,0,2,0
67017526,67_67399_5136979,137995,4/7/26,2025-2026,11:05 AM,0,3,0
67017526,67_67399_5136979,138067,4/9/26,2025-2026,2:30 PM,0,2,0
67017539,67_67399_5136979,136175,11/8/25,2025-2026,1:03 PM,0,2,0
67017544,67_67399_5136979,136796,1/22/26,2025-2026,3:42 PM,0,0,1
67017544,67_67399_5136979,137166,2/12/26,2025-2026,12:26 PM,0,0,1
67017555,67_67399_5136979,138207,4/28/26,2025-2026,9:33 AM,0,0,1
67017557,67_67399_5136979,137144,2/11/26,2025-2026,11:40 AM,0,1,0
67017557,67_67399_5136979,137239,2/18/26,2025-2026,10:01 AM,0,1,0
67017557,67_67399_5136979,137640,3/13/26,2025-2026,9:39 AM,0,1,0
67017557,67_67399_5136979,137973,4/3/26,2025-2026,2:16 PM,0,3,0
67017557,67_67399_5136979,138514,5/16/26,2025-2026,11:08 AM,0,2,0
67017558,67_67399_5136979,137949,4/1/26,2025-2026,10:17 AM,0,1,0
67017573,67_67399_5136979,135911,10/23/25,2025-2026,8:30 AM,0,0,1
67017573,67_67399_5136979,136407,12/4/25,2025-2026,8:32 AM,0,0,1
67017573,67_67399_5136979,136671,1/10/26,2025-2026,12:00 PM,0,0,0
67017573,67_67399_5136979,136792,1/22/26,2025-2026,3:24 PM,0,0,1
67017573,67_67399_5136979,137030,2/4/26,2025-2026,12:00 PM,0,0,0
67017573,67_67399_5136979,137354,2/25/26,2025-2026,12:30 PM,0,1,0
67017573,67_67399_5136979,137409,2/27/26,2025-2026,12:08 PM,0,1,0
67017573,67_67399_5136979,138302,5/2/26,2025-2026,3:13 PM,0,1,0
67017581,67_67399_5136979,137139,2/4/26,2025-2026,9:30 AM,0,0,0
67017581,67_67399_5136979,138684,6/2/26,2025-2026,10:34 AM,0,1,0
67017594,67_67399_5136979,138618,5/23/26,2025-2026,1:58 PM,3,0,0
67017602,67_67399_5136979,137856,3/24/26,2025-2026,12:00 PM,0,1,0
67017608,67_67399_5136979,135978,10/29/25,2025-2026,10:23 AM,0,0,1
67017608,67_67399_5136979,136752,1/17/26,2025-2026,8:34 AM,0,1,0
67017608,67_67399_5136979,137160,2/12/26,2025-2026,9:44 AM,0,0,1
67017608,67_67399_5136979,138145,4/15/26,2025-2026,9:49 AM,0,1,0
67017608,67_67399_5136979,138283,5/1/26,2025-2026,3:21 PM,0,0,1
67017608,67_67399_5136979,138562,5/21/26,2025-2026,9:44 AM,0,0,1
67017608,67_67399_5136979,138627,5/27/26,2025-2026,8:41 AM,0,1,0
67017608,67_67399_5136979,138673,5/30/26,2025-2026,1:50 PM,0,0,1
67017611,67_67399_5136979,137118,2/7/26,2025-2026,1:01 PM,0,0,1
67017621,67_67399_5136979,137115,2/7/26,2025-2026,11:43 AM,0,2,1
67017621,67_67399_5136979,137165,2/12/26,2025-2026,12:22 PM,0,0,1
67017621,67_67399_5136979,137463,3/4/26,2025-2026,9:30 AM,0,2,0
67017621,67_67399_5136979,137659,3/14/26,2025-2026,1:16 PM,0,0,1
67017621,67_67399_5136979,138188,4/17/26,2025-2026,11:50 AM,0,2,0
67017625,67_67399_5136979,138712,6/5/26,2025-2026,8:56 AM,0,0,1
67017627,67_67399_5136979,135381,9/10/25,2025-2026,12:55 PM,0,0,1
67017627,67_67399_5136979,135393,9/10/25,2025-2026,1:00 PM,0,0,0
67017627,67_67399_5136979,135784,10/11/25,2025-2026,8:00 AM,0,0,0
67017627,67_67399_5136979,136324,11/18/25,2025-2026,3:20 PM,5,0,0
67017627,67_67399_5136979,137214,12/9/25,2025-2026,10:15 AM,0,2,0
67017627,67_67399_5136979,136984,1/31/26,2025-2026,11:45 AM,0,0,1
67017627,67_67399_5136979,137206,2/3/26,2025-2026,10:30 AM,0,0,1
67017627,67_67399_5136979,137174,2/5/26,2025-2026,9:30 AM,0,0,0
67017627,67_67399_5136979,137061,2/5/26,2025-2026,3:28 PM,0,1,0
67017630,67_67399_5136979,136004,10/30/25,2025-2026,9:46 AM,0,2,0
67017630,67_67399_5136979,137346,2/25/26,2025-2026,8:35 AM,0,1,0
67017630,67_67399_5136979,138436,5/13/26,2025-2026,10:02 AM,0,2,0
67017640,67_67399_5136979,136135,11/7/25,2025-2026,3:02 PM,0,2,0
67017641,67_67399_5136979,137871,3/27/26,2025-2026,11:18 AM,0,0,1
67017641,67_67399_5136979,138029,4/8/26,2025-2026,11:26 AM,0,1,0
67017644,67_67399_5136979,137348,2/25/26,2025-2026,9:33 AM,0,1,0
67017644,67_67399_5136979,137401,2/26/26,2025-2026,11:45 AM,0,0,0
67017644,67_67399_5136979,137602,3/12/26,2025-2026,12:15 PM,0,2,0
67017644,67_67399_5136979,137867,3/27/26,2025-2026,10:34 AM,0,1,0
67017644,67_67399_5136979,138042,4/9/26,2025-2026,11:38 AM,0,0,1
67017644,67_67399_5136979,138083,4/10/26,2025-2026,12:00 PM,4,1,1
67017647,67_67399_5136979,137046,2/5/26,2025-2026,10:54 AM,0,1,0
67017650,67_67399_5136979,135354,9/9/25,2025-2026,8:36 AM,0,1,0
67017650,67_67399_5136979,136825,1/23/26,2025-2026,2:59 PM,0,0,1
67017650,67_67399_5136979,137243,2/18/26,2025-2026,10:28 AM,0,2,0
67017650,67_67399_5136979,137491,3/5/26,2025-2026,4:29 PM,0,0,1
67017652,67_67399_5136979,135863,10/17/25,2025-2026,1:53 PM,0,1,0
67017655,67_67399_5136979,137524,3/6/26,2025-2026,2:35 PM,0,1,0
67017655,67_67399_5136979,138298,5/2/26,2025-2026,2:39 PM,0,2,0
67017660,67_67399_5136979,136793,1/22/26,2025-2026,3:34 PM,0,0,1
67017660,67_67399_5136979,137100,2/6/26,2025-2026,3:30 PM,0,0,1
67017660,67_67399_5136979,137702,3/18/26,2025-2026,11:28 AM,0,2,0
67017664,67_67399_5136979,135562,9/25/25,2025-2026,2:15 AM,0,0,0
67017675,67_67399_5136979,137426,3/3/26,2025-2026,9:43 AM,0,2,0
67017675,67_67399_5136979,137692,3/18/26,2025-2026,8:57 AM,0,2,0
67017680,67_67399_5136979,136013,10/30/25,2025-2026,11:27 AM,0,2,0
67017680,67_67399_5136979,136304,11/20/25,2025-2026,2:20 PM,0,0,1
67017680,67_67399_5136979,136463,12/9/25,2025-2026,3:02 PM,0,1,0
67017680,67_67399_5136979,137736,3/19/26,2025-2026,8:06 AM,0,1,1
67017680,67_67399_5136979,138124,4/14/26,2025-2026,11:37 AM,0,1,1
67017681,67_67399_5136979,136231,11/15/25,2025-2026,11:02 AM,0,0,1
67017681,67_67399_5136979,136278,11/19/25,2025-2026,1:40 PM,0,0,1
67017681,67_67399_5136979,137138,2/4/26,2025-2026,9:30 AM,0,0,0
67017683,67_67399_5136979,136364,11/22/25,2025-2026,3:19 PM,0,0,1
67017683,67_67399_5136979,138633,1/13/26,2025-2026,10:58 AM,0,2,0
67017683,67_67399_5136979,136797,1/22/26,2025-2026,4:07 PM,0,0,1
67017683,67_67399_5136979,138642,2/18/26,2025-2026,11:21 AM,0,0,1
67017683,67_67399_5136979,138644,3/24/26,2025-2026,2:30 PM,0,1,0
67017683,67_67399_5136979,138643,4/2/26,2025-2026,11:50 AM,0,0,1
67017683,67_67399_5136979,138628,5/27/26,2025-2026,8:47 AM,4,0,0
67017686,67_67399_5136979,137890,3/28/26,2025-2026,10:28 AM,0,1,0
67017695,67_67399_5136979,136538,12/16/25,2025-2026,9:15 AM,0,1,0
67017702,67_67399_5136979,137772,3/21/26,2025-2026,12:28 PM,0,1,0
67017702,67_67399_5136979,138097,4/11/26,2025-2026,10:36 AM,0,1,0
67017704,67_67399_5136979,135775,10/10/25,2025-2026,2:00 PM,0,0,1
67017704,67_67399_5136979,135941,10/24/25,2025-2026,3:24 PM,0,0,2
67017704,67_67399_5136979,135937,10/24/25,2025-2026,1:26 PM,0,0,1
67017704,67_67399_5136979,136168,11/12/25,2025-2026,9:31 AM,0,0,1
67017704,67_67399_5136979,136217,11/14/25,2025-2026,9:30 AM,0,0,0
67017704,67_67399_5136979,136415,12/4/25,2025-2026,12:40 PM,0,1,0
67017704,67_67399_5136979,136471,12/10/25,2025-2026,9:07 AM,0,0,1
67017704,67_67399_5136979,136967,1/30/26,2025-2026,3:02 PM,0,1,0
67017704,67_67399_5136979,137232,2/14/26,2025-2026,2:42 PM,0,1,0
67017704,67_67399_5136979,137418,2/27/26,2025-2026,1:10 PM,0,2,0
67017704,67_67399_5136979,137480,3/5/26,2025-2026,12:36 PM,0,1,0
67017711,67_67399_5136979,136519,12/12/25,2025-2026,2:57 PM,0,0,1
67017711,67_67399_5136979,137202,2/13/26,2025-2026,2:55 PM,0,0,1
67017712,67_67399_5136979,137402,2/26/26,2025-2026,2:50 PM,0,2,0
67017734,67_67399_5136979,136157,11/8/25,2025-2026,2:57 PM,0,0,1
67017734,67_67399_5136979,136173,11/12/25,2025-2026,12:25 PM,0,0,1
67017734,67_67399_5136979,136195,11/13/25,2025-2026,1:17 PM,0,0,1
67017734,67_67399_5136979,136245,11/15/25,2025-2026,2:30 PM,0,0,1
67017734,67_67399_5136979,136260,11/18/25,2025-2026,1:13 PM,0,0,1
67017735,67_67399_5136979,136121,11/7/25,2025-2026,10:30 AM,0,0,0
67017735,67_67399_5136979,137043,2/5/26,2025-2026,10:32 AM,0,2,0
67017735,67_67399_5136979,137216,2/13/26,2025-2026,1:45 PM,0,0,1
67017735,67_67399_5136979,137406,2/26/26,2025-2026,11:56 AM,3,0,0
67017741,67_67399_5136979,136220,11/14/25,2025-2026,9:30 AM,0,0,0
67017745,67_67399_5136979,137951,4/2/26,2025-2026,10:53 AM,0,0,1
67017749,67_67399_5136981,137776,3/21/26,2025-2026,1:20 PM,0,2,0
67017749,67_67399_5136981,137799,3/24/26,2025-2026,1:28 PM,0,0,1
67017749,67_67399_5136981,137905,3/28/26,2025-2026,8:55 AM,0,0,1
67017754,67_67399_5136981,137231,2/14/26,2025-2026,2:40 PM,0,0,1
67017757,67_67399_5136981,136068,11/4/25,2025-2026,9:42 AM,0,1,0
67017757,67_67399_5136981,136274,11/19/25,2025-2026,11:20 AM,0,0,1
67017757,67_67399_5136981,136917,1/29/26,2025-2026,11:10 AM,0,1,0
67017757,67_67399_5136981,137073,2/6/26,2025-2026,11:12 AM,0,1,0
67017757,67_67399_5136981,137345,2/24/26,2025-2026,1:35 PM,0,0,1
67017766,67_67399_5136981,136108,11/6/25,2025-2026,12:53 PM,0,2,0
67017766,67_67399_5136981,136307,11/20/25,2025-2026,2:30 PM,0,1,0
67017766,67_67399_5136981,136936,1/28/26,2025-2026,9:30 AM,0,0,1
67017767,67_67399_5136981,135229,8/28/25,2025-2026,11:50 AM,0,0,0
67017767,67_67399_5136981,135473,9/17/25,2025-2026,8:05 AM,0,0,0
67017767,67_67399_5136981,136263,11/18/25,2025-2026,1:47 PM,0,0,0
67017767,67_67399_5136981,138596,5/22/26,2025-2026,12:03 PM,0,2,0
67017770,67_67399_5136981,135510,9/20/25,2025-2026,1:32 PM,0,2,0
67017770,67_67399_5136981,135762,10/10/25,2025-2026,10:19 AM,0,0,1
67017770,67_67399_5136981,136348,11/22/25,2025-2026,9:37 AM,0,0,1
67017770,67_67399_5136981,136865,1/28/26,2025-2026,9:21 AM,0,0,0
67017770,67_67399_5136981,137121,2/7/26,2025-2026,2:09 PM,0,0,1
67017770,67_67399_5136981,138136,4/14/26,2025-2026,2:35 PM,0,1,0
67017770,67_67399_5136981,138369,5/7/26,2025-2026,12:45 PM,4,0,1
67017772,67_67399_5136981,136283,11/19/25,2025-2026,2:42 PM,0,1,0
67017772,67_67399_5136981,136777,1/22/26,2025-2026,12:06 PM,0,1,0
67017772,67_67399_5136981,136879,1/28/26,2025-2026,11:27 AM,0,1,0
67017776,67_67399_5136981,138370,5/7/26,2025-2026,12:45 PM,2,0,1
67017788,67_67399_5136981,138563,5/21/26,2025-2026,9:58 AM,0,1,0
67017792,67_67399_5136981,136321,11/21/25,2025-2026,11:10 AM,0,2,0
67017792,67_67399_5136981,136808,1/23/26,2025-2026,10:55 AM,0,0,2
67017795,67_67399_5136981,135884,10/21/25,2025-2026,9:10 AM,0,1,0
67017795,67_67399_5136981,136062,10/25/25,2025-2026,2:00 PM,0,0,0
67017795,67_67399_5136981,136291,11/20/25,2025-2026,9:17 AM,0,1,0
67017795,67_67399_5136981,137525,12/15/25,2025-2026,2:50 PM,0,1,0
67017795,67_67399_5136981,137825,12/16/25,2025-2026,10:20 PM,0,0,1
67017795,67_67399_5136981,137826,12/18/25,2025-2026,2:02 PM,0,1,0
67017795,67_67399_5136981,137839,1/20/26,2025-2026,11:23 AM,0,2,0
67017795,67_67399_5136981,137841,1/21/26,2025-2026,1:10 PM,0,3,0
67017795,67_67399_5136981,137842,1/22/26,2025-2026,1:38 PM,0,1,0
67017795,67_67399_5136981,136815,1/23/26,2025-2026,9:00 AM,0,0,1
67017795,67_67399_5136981,136841,1/24/26,2025-2026,11:51 AM,0,1,0
67017795,67_67399_5136981,136862,1/27/26,2025-2026,11:26 AM,0,2,0
67017795,67_67399_5136981,136932,1/29/26,2025-2026,2:37 PM,0,0,1
67017795,67_67399_5136981,137013,2/4/26,2025-2026,9:21 AM,0,0,1
67017795,67_67399_5136981,137858,2/5/26,2025-2026,8:37 AM,0,2,0
67017795,67_67399_5136981,137860,2/10/26,2025-2026,9:52 AM,0,2,0
67017795,67_67399_5136981,137132,2/11/26,2025-2026,9:16 AM,0,2,0
67017795,67_67399_5136981,137861,2/11/26,2025-2026,9:54 AM,0,2,0
67017795,67_67399_5136981,137220,2/14/26,2025-2026,11:28 AM,0,1,0
67017795,67_67399_5136981,137863,2/14/26,2025-2026,9:56 AM,0,2,0
67017795,67_67399_5136981,137237,2/18/26,2025-2026,9:14 AM,0,1,0
67017795,67_67399_5136981,137868,2/19/26,2025-2026,10:50 AM,0,2,0
67017795,67_67399_5136981,137268,2/19/26,2025-2026,2:55 PM,0,0,1
67017795,67_67399_5136981,137388,2/26/26,2025-2026,2:43 PM,0,0,0
67017795,67_67399_5136981,137415,2/27/26,2025-2026,2:01 PM,0,0,1
67017795,67_67399_5136981,137488,3/3/26,2025-2026,2:05 PM,0,1,0
67017795,67_67399_5136981,137487,3/5/26,2025-2026,2:08 PM,0,0,1
67017795,67_67399_5136981,137503,3/6/26,2025-2026,10:22 AM,0,0,1
67017795,67_67399_5136981,137515,3/6/26,2025-2026,1:13 PM,0,0,1
67017795,67_67399_5136981,137588,3/11/26,2025-2026,2:02 PM,0,2,0
67017795,67_67399_5136981,137790,3/12/26,2025-2026,11:30 AM,2,0,0
67017795,67_67399_5136981,137781,3/21/26,2025-2026,2:56 PM,0,0,1
67017795,67_67399_5136981,137775,3/21/26,2025-2026,1:20 PM,0,1,0
67017795,67_67399_5136981,137793,3/24/26,2025-2026,11:00 AM,4,1,1
67017800,67_67399_5136981,137695,3/18/26,2025-2026,8:30 AM,0,1,0
67017817,67_67399_5136981,137620,3/13/26,2025-2026,12:00 PM,0,0,1
67017817,67_67399_5136981,137987,4/4/26,2025-2026,11:33 AM,0,1,0
67017824,67_67399_5136981,138498,5/15/26,2025-2026,1:00 PM,3,0,0
67017827,67_67399_5136981,137631,3/13/26,2025-2026,4:22 PM,0,0,1
67017827,67_67399_5136981,137641,3/14/26,2025-2026,9:47 AM,0,0,1
67017829,67_67399_5136981,137062,2/5/26,2025-2026,11:00 AM,0,1,0
67017834,67_67399_5136981,136414,12/4/25,2025-2026,12:07 PM,0,1,0
67017840,67_67399_5136981,135812,10/15/25,2025-2026,12:04 PM,0,1,0
67017840,67_67399_5136981,135892,10/21/25,2025-2026,2:54 PM,0,1,0
67017840,67_67399_5136981,135948,10/25/25,2025-2026,10:20 AM,0,0,1
67017840,67_67399_5136981,136565,12/18/25,2025-2026,10:22 AM,0,1,0
67017840,67_67399_5136981,137904,3/28/26,2025-2026,10:00 AM,0,1,1
67017841,67_67399_5136981,136412,12/4/25,2025-2026,12:19 PM,0,1,0
67017841,67_67399_5136981,137007,2/3/26,2025-2026,2:46 PM,0,0,1
67017841,67_67399_5136981,137642,3/13/26,2025-2026,9:53 AM,0,0,1
67017843,67_67399_5136981,137008,2/3/26,2025-2026,2:50 PM,0,1,0
67017847,67_67399_5136981,138455,5/14/26,2025-2026,9:09 AM,0,1,0
67017854,67_67399_5136981,135977,10/29/25,2025-2026,10:19 AM,0,1,0
67017857,67_67399_5136981,136490,12/11/25,2025-2026,12:10 PM,0,0,2
67017857,67_67399_5136981,137194,2/13/26,2025-2026,10:45 AM,0,1,1
67017861,67_67399_5136981,137633,3/13/26,2025-2026,4:28 PM,0,0,1
67017866,67_67399_5136981,136502,12/12/25,2025-2026,8:55 AM,0,0,1
67017866,67_67399_5136981,136818,1/23/26,2025-2026,1:28 PM,0,0,1
67017866,67_67399_5136981,137398,2/27/26,2025-2026,9:23 AM,0,0,1
67017866,67_67399_5136981,137484,3/5/26,2025-2026,9:10 AM,0,2,0
67017866,67_67399_5136981,137874,3/27/26,2025-2026,9:00 AM,0,2,0
67017880,67_67399_5136981,137902,3/28/26,2025-2026,2:43 PM,0,1,0
67017880,67_67399_5136981,138023,4/8/26,2025-2026,10:04 AM,0,1,0
67017880,67_67399_5136981,138491,5/15/26,2025-2026,2:10 PM,0,3,0
67017882,67_67399_5136981,137486,3/5/26,2025-2026,10:45 AM,0,2,0
67017891,67_67399_5136981,136979,1/31/26,2025-2026,12:31 PM,0,1,0
67017894,67_67399_5136981,136930,1/28/26,2025-2026,9:30 AM,0,0,1
67017897,67_67399_5136981,137108,2/7/26,2025-2026,9:00 AM,0,0,0
67017897,67_67399_5136981,137603,3/12/26,2025-2026,1:16 PM,0,0,1
67017904,67_67399_5136981,135883,10/21/25,2025-2026,9:00 AM,0,1,0
67017904,67_67399_5136981,135944,10/25/25,2025-2026,8:50 AM,0,0,1
67017904,67_67399_5136981,137215,2/14/26,2025-2026,8:23 AM,0,2,0
67017904,67_67399_5136981,137586,3/11/26,2025-2026,1:58 PM,0,3,0
67017904,67_67399_5136981,137697,3/18/26,2025-2026,10:02 AM,0,1,0
67017904,67_67399_5136981,138021,4/8/26,2025-2026,8:25 AM,0,0,1
67017905,67_67399_5136981,136115,11/6/25,2025-2026,3:08 PM,0,0,1
67017905,67_67399_5136981,136878,1/28/26,2025-2026,10:25 AM,0,0,0
67017906,67_67399_5136981,135802,10/14/25,2025-2026,2:47 PM,0,1,0
67017906,67_67399_5136981,136413,12/4/25,2025-2026,11:45 AM,0,2,0
67017906,67_67399_5136981,137029,2/4/26,2025-2026,11:45 AM,0,0,1
67017906,67_67399_5136981,137955,4/3/26,2025-2026,11:05 AM,0,1,0
67017910,67_67399_5136981,138493,5/15/26,2025-2026,2:18 PM,0,1,0
67017917,67_67399_5136981,138582,5/21/26,2025-2026,3:41 PM,0,1,0
67017920,67_67399_5136981,136445,12/6/25,2025-2026,10:46 AM,0,1,0
67017920,67_67399_5136981,138333,5/6/26,2025-2026,2:16 PM,0,0,1
67017924,67_67399_5136981,136344,11/21/25,2025-2026,4:13 PM,0,1,0
67017926,67_67399_5136981,137078,2/6/26,2025-2026,11:00 AM,0,2,0
67017927,67_67399_5136981,137643,3/13/26,2025-2026,9:56 AM,0,0,1
67017928,67_67399_5136981,135589,9/27/25,2025-2026,3:05 PM,0,1,0
67017928,67_67399_5136981,136388,12/2/25,2025-2026,2:54 PM,0,1,0
67017928,67_67399_5136981,137629,3/13/26,2025-2026,4:11 PM,0,0,1
67017929,67_67399_5136981,136586,1/6/26,2025-2026,10:30 AM,0,0,0
67017929,67_67399_5136981,137461,3/4/26,2025-2026,11:00 AM,0,0,2
67017930,67_67399_5136981,138366,5/7/26,2025-2026,12:45 PM,4,0,1
67017933,67_67399_5136981,137590,3/11/26,2025-2026,1:35 PM,3,0,0
67017938,67_67399_5136981,135792,10/11/25,2025-2026,2:43 PM,0,1,0
67017940,67_67399_5136981,137485,3/5/26,2025-2026,12:05 PM,0,2,0
67017940,67_67399_5136981,137646,3/13/26,2025-2026,10:02 AM,0,0,1
67017947,67_67399_5136981,136874,1/28/26,2025-2026,10:25 AM,0,0,0
67017950,67_67399_5136981,137645,3/13/26,2025-2026,10:00 AM,0,0,1
67017957,67_67399_5136981,137589,3/11/26,2025-2026,1:30 PM,3,0,0
67017957,67_67399_5136981,137978,4/3/26,2025-2026,3:06 PM,0,1,0
67017959,67_67399_5136981,135591,9/27/25,2025-2026,3:20 PM,0,1,0
67017967,67_67399_5136981,136834,1/24/26,2025-2026,9:40 AM,0,0,1
67017967,67_67399_5136981,137538,3/7/26,2025-2026,9:50 AM,0,1,0
67017972,67_67399_5136981,135710,10/7/25,2025-2026,3:04 PM,0,0,1
67017972,67_67399_5136981,136401,12/3/25,2025-2026,10:30 AM,0,0,0
67017972,67_67399_5136981,136643,1/10/26,2025-2026,9:00 AM,0,0,2
67017972,67_67399_5136981,137738,3/20/26,2025-2026,9:29 AM,0,1,0
67017972,67_67399_5136981,138035,4/8/26,2025-2026,11:15 AM,0,0,1
67017972,67_67399_5136981,138294,5/2/26,2025-2026,12:30 PM,0,1,0
67017972,67_67399_5136981,138561,5/21/26,2025-2026,9:27 AM,0,0,2
67017978,67_67399_5136981,136311,10/21/25,2025-2026,9:00 AM,0,0,0
67017978,67_67399_5136981,136266,11/18/25,2025-2026,1:47 PM,0,0,0
67017978,67_67399_5136981,136812,1/23/26,2025-2026,10:10 AM,0,0,2
67017978,67_67399_5136981,138426,5/12/26,2025-2026,1:45 PM,0,1,0
67017985,67_67399_5136981,135167,8/21/25,2025-2026,8:10 AM,0,0,0
67017985,67_67399_5136981,135440,9/12/25,2025-2026,12:45 PM,0,0,0
67017985,67_67399_5136981,136197,10/22/25,2025-2026,9:50 AM,0,0,1
67017985,67_67399_5136981,136138,11/7/25,2025-2026,3:00 PM,0,0,0
67017986,67_67399_5136981,137592,3/11/26,2025-2026,11:22 AM,0,1,0
67017990,67_67399_5136981,135788,10/11/25,2025-2026,10:17 AM,0,1,0
67017990,67_67399_5136981,136916,1/29/26,2025-2026,11:40 AM,0,0,2
67017995,67_67399_5136981,137594,3/11/26,2025-2026,11:19 AM,0,1,0
67017995,67_67399_5136981,137630,3/13/26,2025-2026,4:18 PM,0,0,1
67018020,67_67399_5136981,138470,5/14/26,2025-2026,2:38 PM,0,1,0
67018023,67_67399_5136981,137644,3/13/26,2025-2026,9:57 AM,0,0,1
67018024,67_67399_5136981,138693,6/2/26,2025-2026,2:11 PM,0,1,0
67018025,67_67399_5136981,137632,3/13/26,2025-2026,4:26 PM,0,0,1
67018025,67_67399_5136981,138579,5/21/26,2025-2026,2:31 PM,0,2,0
67018032,67_67399_5136981,136103,11/6/25,2025-2026,10:40 AM,0,0,0
67018032,67_67399_5136981,136194,11/13/25,2025-2026,1:13 PM,0,2,0
67018033,67_67399_5136981,137111,2/7/26,2025-2026,9:00 AM,3,0,0
67018040,67_67399_5136981,136132,11/7/25,2025-2026,2:41 PM,0,1,0
67018044,67_67399_5136981,136904,1/28/26,2025-2026,12:30 PM,0,0,1
67018045,67_67399_5136981,136956,1/30/26,2025-2026,1:53 PM,0,0,1
67018045,67_67399_5136981,137953,4/3/26,2025-2026,11:00 AM,0,1,0
67018046,67_67399_5136981,136955,1/30/26,2025-2026,1:47 PM,0,1,0
67018050,67_67399_5136981,138432,5/13/26,2025-2026,8:32 AM,0,1,2
67018052,67_67399_5136981,137587,3/11/26,2025-2026,11:53 AM,0,1,0
67018066,67_67399_5136981,137906,3/28/26,2025-2026,2:05 PM,0,0,1
67017094,67_67399_5136980,136560,12/17/25,2025-2026,1:45 PM,0,1,0
67017094,67_67399_5136980,136924,1/29/26,2025-2026,1:28 PM,1,0,0
67018075,67_67399_5136980,135628,10/2/25,2025-2026,10:35 AM,0,2,0
67018075,67_67399_5136980,135799,10/14/25,2025-2026,2:30 PM,0,1,0
67018075,67_67399_5136980,137831,3/25/26,2025-2026,2:50 PM,0,1,0
67018075,67_67399_5136980,138169,4/16/26,2025-2026,12:30 PM,0,1,0
67018076,67_67399_5136980,138049,4/8/26,2025-2026,12:45 PM,0,0,1
67018080,67_67399_5136980,136436,12/5/25,2025-2026,11:40 AM,0,0,0
67018082,67_67399_5136980,137246,2/18/26,2025-2026,11:08 AM,0,3,1
67018084,67_67399_5136980,135309,9/4/25,2025-2026,4:24 PM,0,2,1
67018084,67_67399_5136980,135377,9/10/25,2025-2026,10:10 AM,0,0,1
67018084,67_67399_5136980,135400,9/10/25,2025-2026,3:15 PM,0,0,0
67018084,67_67399_5136980,135469,9/17/25,2025-2026,9:49 AM,0,1,0
67018084,67_67399_5136980,135504,9/20/25,2025-2026,10:45 AM,0,0,2
67018084,67_67399_5136980,135525,9/23/25,2025-2026,11:43 AM,0,1,0
67018084,67_67399_5136980,135543,9/24/25,2025-2026,12:24 PM,0,2,0
67018084,67_67399_5136980,135579,9/27/25,2025-2026,10:36 AM,0,1,0
67018084,67_67399_5136980,135631,10/2/25,2025-2026,11:28 AM,0,2,0
67018084,67_67399_5136980,135646,10/3/25,2025-2026,10:24 AM,0,2,0
67018084,67_67399_5136980,135696,10/7/25,2025-2026,11:03 AM,0,2,0
67018084,67_67399_5136980,135720,10/8/25,2025-2026,11:04 AM,0,0,1
67018084,67_67399_5136980,135763,10/10/25,2025-2026,11:04 AM,0,2,0
67018084,67_67399_5136980,135796,10/14/25,2025-2026,11:13 AM,0,1,2
67018085,67_67399_5136980,135524,9/23/25,2025-2026,11:40 AM,0,1,0
67018085,67_67399_5136980,136048,11/1/25,2025-2026,12:17 PM,0,1,0
67018085,67_67399_5136980,136340,11/21/25,2025-2026,2:30 PM,0,0,0
67018085,67_67399_5136980,136761,1/17/26,2025-2026,1:30 PM,0,0,2
67018085,67_67399_5136980,137064,2/6/26,2025-2026,8:13 AM,0,0,1
67018085,67_67399_5136980,137240,2/18/26,2025-2026,9:46 AM,0,0,1
67018085,67_67399_5136980,137501,3/6/26,2025-2026,10:05 AM,0,0,1
67018085,67_67399_5136980,137880,3/27/26,2025-2026,1:34 PM,0,1,0
67018085,67_67399_5136980,137917,4/1/26,2025-2026,1:59 PM,0,3,0
67018085,67_67399_5136980,137926,4/2/26,2025-2026,9:41 AM,0,1,0
67018085,67_67399_5136980,138358,5/7/26,2025-2026,11:45 AM,0,1,0
67018085,67_67399_5136980,138349,5/7/26,2025-2026,10:13 AM,0,1,0
67018085,67_67399_5136980,138385,5/8/26,2025-2026,12:55 PM,0,0,0
67018085,67_67399_5136980,138375,5/8/26,2025-2026,9:44 AM,0,1,0
67018086,67_67399_5136980,135490,9/19/25,2025-2026,9:51 AM,0,1,0
67018088,67_67399_5136980,135867,10/17/25,2025-2026,2:23 PM,0,1,0
67018088,67_67399_5136980,138354,5/7/26,2025-2026,11:59 AM,0,1,0
67018089,67_67399_5136980,135176,8/22/25,2025-2026,11:30 AM,0,1,1
67018089,67_67399_5136980,135439,9/12/25,2025-2026,2:09 PM,0,1,0
67018089,67_67399_5136980,135672,10/4/25,2025-2026,10:15 AM,0,0,1
67018089,67_67399_5136980,136017,10/30/25,2025-2026,12:10 PM,0,1,0
67018089,67_67399_5136980,136074,11/4/25,2025-2026,12:05 PM,0,2,0
67018089,67_67399_5136980,136086,11/5/25,2025-2026,1:31 PM,0,0,1
67018089,67_67399_5136980,136087,11/5/25,2025-2026,1:26 PM,0,0,1
67018089,67_67399_5136980,136205,11/14/25,2025-2026,9:19 AM,0,0,0
67018089,67_67399_5136980,136473,12/10/25,2025-2026,10:15 AM,0,0,0
67018089,67_67399_5136980,136505,12/12/25,2025-2026,9:33 AM,0,1,1
67018089,67_67399_5136980,136567,12/18/25,2025-2026,9:55 AM,0,0,0
67018091,67_67399_5136980,138360,5/7/26,2025-2026,1:02 PM,0,1,0
67018094,67_67399_5136980,135332,9/6/25,2025-2026,9:00 AM,0,0,1
67018094,67_67399_5136980,135438,9/12/25,2025-2026,2:00 PM,0,2,1
67018094,67_67399_5136980,135500,9/19/25,2025-2026,2:45 PM,0,0,2
67018094,67_67399_5136980,135823,10/16/25,2025-2026,10:54 AM,0,0,1
67018094,67_67399_5136980,135913,10/23/25,2025-2026,11:27 AM,0,1,0
67018094,67_67399_5136980,136073,11/4/25,2025-2026,11:48 AM,0,2,0
67018094,67_67399_5136980,136208,11/14/25,2025-2026,10:45 AM,0,2,0
67018094,67_67399_5136980,136244,11/16/25,2025-2026,8:30 AM,0,0,1
67018094,67_67399_5136980,136289,11/19/25,2025-2026,3:59 PM,0,0,1
67018094,67_67399_5136980,136270,11/19/25,2025-2026,11:29 AM,0,1,0
67018094,67_67399_5136980,136535,12/14/25,2025-2026,10:59 AM,0,0,1
67018094,67_67399_5136980,136839,1/24/26,2025-2026,11:14 AM,0,1,0
67018094,67_67399_5136980,136974,1/31/26,2025-2026,11:20 AM,0,1,2
67018094,67_67399_5136980,137507,3/6/26,2025-2026,11:57 AM,0,0,1
67018094,67_67399_5136980,137700,3/18/26,2025-2026,11:26 AM,0,0,1
67018094,67_67399_5136980,137754,3/20/26,2025-2026,11:50 AM,0,2,0
67018094,67_67399_5136980,137928,4/2/26,2025-2026,10:58 AM,0,1,0
67018094,67_67399_5136980,137981,4/3/26,2025-2026,3:25 PM,0,1,0
67018094,67_67399_5136980,138166,4/16/26,2025-2026,11:34 AM,0,1,0
67018094,67_67399_5136980,138292,5/2/26,2025-2026,9:29 AM,0,2,1
67018094,67_67399_5136980,138304,5/5/26,2025-2026,10:36 AM,0,2,0
67018094,67_67399_5136980,138346,5/7/26,2025-2026,9:29 AM,0,2,0
67018094,67_67399_5136980,138416,5/12/26,2025-2026,12:50 PM,0,0,1
67018094,67_67399_5136980,138405,5/12/26,2025-2026,10:51 AM,0,1,0
67018094,67_67399_5136980,138517,5/16/26,2025-2026,11:46 AM,0,2,0
67018094,67_67399_5136980,138529,5/19/26,2025-2026,10:04 AM,0,1,2
67018094,67_67399_5136980,138720,6/5/26,2025-2026,2:30 PM,0,1,1
67018097,67_67399_5136980,135339,9/6/25,2025-2026,12:22 PM,0,0,1
67018097,67_67399_5136980,135636,10/1/25,2025-2026,12:30 PM,0,0,2
67018097,67_67399_5136980,135669,10/4/25,2025-2026,10:15 AM,0,0,1
67018097,67_67399_5136980,135856,10/17/25,2025-2026,12:26 PM,0,1,0
67018097,67_67399_5136980,136442,12/6/25,2025-2026,10:25 AM,0,2,0
67018097,67_67399_5136980,136607,1/7/26,2025-2026,11:45 AM,0,0,2
67018097,67_67399_5136980,137445,3/3/26,2025-2026,2:12 PM,0,0,0
67018103,67_67399_5136980,135260,8/29/25,2025-2026,11:15 AM,2,0,0
67018103,67_67399_5136980,137964,4/3/26,2025-2026,12:50 PM,0,2,0
67018108,67_67399_5136980,137313,2/21/26,2025-2026,12:47 PM,0,0,0
67018108,67_67399_5136980,138088,4/10/26,2025-2026,1:12 PM,0,0,0
67018109,67_67399_5136980,135313,9/5/25,2025-2026,10:23 AM,0,1,0
67018110,67_67399_5136980,135470,9/17/25,2025-2026,10:15 AM,0,2,0
67018110,67_67399_5136980,137023,2/4/26,2025-2026,11:18 AM,0,1,1
67018110,67_67399_5136980,138245,4/30/26,2025-2026,9:42 AM,0,2,1
67018116,67_67399_5136980,138126,4/14/26,2025-2026,11:58 AM,0,1,0
67018119,67_67399_5136980,137804,3/24/26,2025-2026,2:27 PM,0,2,0
67018119,67_67399_5136980,138705,6/3/26,2025-2026,2:28 PM,0,1,0
67018128,67_67399_5136980,135757,10/10/25,2025-2026,8:13 AM,0,1,0
67018128,67_67399_5136980,136500,12/11/25,2025-2026,2:40 PM,0,1,0
67018130,67_67399_5136980,135604,9/30/25,2025-2026,12:00 PM,0,0,1
67018133,67_67399_5136980,136325,11/21/25,2025-2026,12:10 PM,0,1,0
67018133,67_67399_5136980,138115,4/14/26,2025-2026,2:00 PM,0,0,0
67018139,67_67399_5136980,137815,3/25/26,2025-2026,11:40 AM,0,1,0
67018139,67_67399_5136980,138002,4/7/26,2025-2026,12:20 PM,0,1,0
67018140,67_67399_5136980,135773,10/10/25,2025-2026,2:31 PM,0,1,0
67018140,67_67399_5136980,136564,12/18/25,2025-2026,10:18 AM,0,3,0
67018140,67_67399_5136980,137094,2/6/26,2025-2026,1:10 PM,3,0,0
67018140,67_67399_5136980,137884,3/27/26,2025-2026,2:26 PM,0,1,0
67018140,67_67399_5136980,138612,5/23/26,2025-2026,11:13 AM,0,1,0
67018141,67_67399_5136980,135404,9/11/25,2025-2026,11:07 AM,0,0,1
67018141,67_67399_5136980,135928,10/23/25,2025-2026,2:15 PM,0,0,0
67018141,67_67399_5136980,135966,10/28/25,2025-2026,1:43 PM,0,1,0
67018141,67_67399_5136980,136334,11/21/25,2025-2026,1:36 PM,0,1,0
67018141,67_67399_5136980,136479,12/10/25,2025-2026,1:38 PM,0,1,0
67018141,67_67399_5136980,136590,1/6/26,2025-2026,1:50 PM,0,1,0
67018141,67_67399_5136980,136780,1/22/26,2025-2026,1:51 PM,0,1,0
67018141,67_67399_5136980,137016,2/4/26,2025-2026,9:52 AM,0,1,0
67018141,67_67399_5136980,137462,3/4/26,2025-2026,2:12 PM,0,1,0
67018141,67_67399_5136980,138007,4/7/26,2025-2026,2:33 PM,0,1,0
67018141,67_67399_5136980,138558,5/20/26,2025-2026,2:36 PM,0,1,0
67018141,67_67399_5136980,138557,5/20/26,2025-2026,2:13 PM,0,1,0
67018141,67_67399_5136980,138638,5/27/26,2025-2026,3:13 PM,0,1,0
67018143,67_67399_5136980,135674,10/4/25,2025-2026,11:30 AM,0,0,1
67018143,67_67399_5136980,136740,1/16/26,2025-2026,9:20 AM,0,0,0
67018143,67_67399_5136980,137021,2/4/26,2025-2026,11:00 AM,0,1,2
67018143,67_67399_5136980,137113,2/7/26,2025-2026,10:58 AM,0,2,1
67018143,67_67399_5136980,137191,2/13/26,2025-2026,11:12 AM,0,0,1
67018143,67_67399_5136980,137368,2/25/26,2025-2026,2:07 PM,0,0,1
67018143,67_67399_5136980,137450,3/4/26,2025-2026,9:28 AM,0,1,0
67018143,67_67399_5136980,137765,3/21/26,2025-2026,9:18 AM,0,2,0
67018143,67_67399_5136980,137923,4/2/26,2025-2026,9:03 AM,0,0,1
67018143,67_67399_5136980,138237,4/29/26,2025-2026,1:57 PM,0,1,0
67018143,67_67399_5136980,138635,5/27/26,2025-2026,11:46 AM,0,0,1
67018143,67_67399_5136980,138657,5/29/26,2025-2026,12:25 PM,0,0,1
67018144,67_67399_5136980,135240,8/28/25,2025-2026,2:59 PM,0,1,1
67018144,67_67399_5136980,135851,10/17/25,2025-2026,9:20 AM,0,1,0
67018144,67_67399_5136980,136556,12/17/25,2025-2026,10:54 AM,0,2,0
67018146,67_67399_5136980,135676,10/4/25,2025-2026,12:14 PM,0,1,0
67018149,67_67399_5136980,135431,9/12/25,2025-2026,12:15 PM,0,1,0
67018149,67_67399_5136980,136403,12/3/25,2025-2026,1:35 PM,0,2,0
67018149,67_67399_5136980,137065,2/6/26,2025-2026,8:25 AM,0,2,0
67018150,67_67399_5136980,137254,2/18/26,2025-2026,1:50 PM,0,2,0
67018150,67_67399_5136980,138570,5/21/26,2025-2026,11:20 AM,0,0,1
67018156,67_67399_5136980,135197,8/27/25,2025-2026,7:55 AM,0,1,0
67018156,67_67399_5136980,135760,10/9/25,2025-2026,10:50 AM,0,2,0
67018156,67_67399_5136980,136608,1/7/26,2025-2026,11:45 AM,0,0,2
67018156,67_67399_5136980,137189,2/13/26,2025-2026,10:23 AM,0,0,1
67018156,67_67399_5136980,137285,2/20/26,2025-2026,2:12 PM,0,4,0
67018156,67_67399_5136980,138576,5/21/26,2025-2026,11:20 AM,0,1,1
67018159,67_67399_5136980,136821,1/23/26,2025-2026,2:08 PM,0,1,0
67018159,67_67399_5136980,136891,1/28/26,2025-2026,1:45 PM,0,2,0
67018159,67_67399_5136980,137090,2/6/26,2025-2026,1:30 PM,0,1,0
67018159,67_67399_5136980,137435,3/3/26,2025-2026,1:54 PM,0,0,1
67018159,67_67399_5136980,137520,3/6/26,2025-2026,1:57 PM,0,0,2
67018159,67_67399_5136980,137979,4/3/26,2025-2026,3:12 PM,0,1,0
67018159,67_67399_5136980,138453,5/13/26,2025-2026,2:53 PM,0,0,0
67018159,67_67399_5136980,138538,5/19/26,2025-2026,1:56 PM,0,2,0
67018161,67_67399_5136980,135479,9/18/25,2025-2026,11:43 AM,0,1,0
67018163,67_67399_5136980,137456,3/4/26,2025-2026,12:23 PM,0,1,0
67018166,67_67399_5136980,137326,2/24/26,2025-2026,10:40 AM,0,0,0
67018166,67_67399_5136980,137767,3/21/26,2025-2026,9:18 AM,0,1,0
67018166,67_67399_5136980,137813,3/25/26,2025-2026,10:22 AM,0,1,0
67018169,67_67399_5136980,137988,4/4/26,2025-2026,1:10 PM,0,0,1
67018171,67_67399_5136980,135295,8/30/25,2025-2026,7:55 AM,0,1,0
67018174,67_67399_5136980,138447,5/13/26,2025-2026,1:20 PM,0,0,1
67018174,67_67399_5136980,138719,6/5/26,2025-2026,2:19 PM,0,0,1
67018181,67_67399_5136980,135829,10/16/25,2025-2026,11:40 AM,0,0,1
67018181,67_67399_5136980,138610,5/23/26,2025-2026,9:30 AM,0,1,0
67018186,67_67399_5136980,136636,1/9/26,2025-2026,9:13 AM,0,0,1
67018186,67_67399_5136980,138631,5/27/26,2025-2026,9:30 AM,0,3,0
67018189,67_67399_5136980,137082,2/6/26,2025-2026,12:55 PM,0,1,0
67018194,67_67399_5136980,135298,9/3/25,2025-2026,12:01 PM,0,1,0
67018194,67_67399_5136980,135382,9/10/25,2025-2026,2:45 PM,0,2,0
67018194,67_67399_5136980,137821,3/25/26,2025-2026,10:16 AM,0,0,0
67018199,67_67399_5136980,137080,2/6/26,2025-2026,12:15 PM,0,1,0
67018199,67_67399_5136980,137081,2/6/26,2025-2026,12:33 PM,0,1,0
67018210,67_67399_5136980,138383,5/8/26,2025-2026,1:31 PM,0,0,1
67018210,67_67399_5136980,138379,5/8/26,2025-2026,11:37 AM,0,0,1
67018211,67_67399_5136980,136735,1/16/26,2025-2026,12:50 PM,0,1,0
67018216,67_67399_5136980,138052,4/9/26,2025-2026,11:20 AM,0,1,0
67018220,67_67399_5136980,135458,9/16/25,2025-2026,8:05 AM,0,1,0
67018223,67_67399_5136980,135815,10/15/25,2025-2026,2:18 PM,0,1,0
67018223,67_67399_5136980,135846,10/17/25,2025-2026,8:10 AM,0,1,0
67018225,67_67399_5136980,135687,10/4/25,2025-2026,2:23 PM,0,1,1
67018227,67_67399_5136980,137600,3/12/26,2025-2026,11:58 AM,0,1,0
67018228,67_67399_5136980,135195,8/27/25,2025-2026,8:08 AM,0,1,0
67018228,67_67399_5136980,135423,9/12/25,2025-2026,10:24 AM,0,1,0
67018228,67_67399_5136980,136069,11/4/25,2025-2026,10:15 AM,0,0,0
67018228,67_67399_5136980,136102,11/6/25,2025-2026,11:36 AM,0,1,0
67018228,67_67399_5136980,137379,2/26/26,2025-2026,10:40 AM,0,1,0
67018229,67_67399_5136980,135474,9/18/25,2025-2026,9:15 AM,0,1,0
67018230,67_67399_5136980,135270,8/29/25,2025-2026,8:15 AM,0,1,0
67018230,67_67399_5136980,137819,3/25/26,2025-2026,12:03 PM,0,1,0
67018232,67_67399_5136980,138451,5/13/26,2025-2026,2:10 PM,0,2,0
67018234,67_67399_5136980,135199,8/27/25,2025-2026,9:15 AM,0,1,0
67018243,67_67399_5136980,136685,1/14/26,2025-2026,9:45 AM,0,0,0
67018243,67_67399_5136980,137110,2/7/26,2025-2026,10:43 AM,0,1,0
67018245,67_67399_5136980,135315,9/5/25,2025-2026,11:30 AM,0,1,0
67018245,67_67399_5136980,136510,12/12/25,2025-2026,11:47 AM,0,2,0
67018245,67_67399_5136980,136784,1/22/26,2025-2026,2:26 PM,0,0,0
67018245,67_67399_5136980,137768,3/21/26,2025-2026,7:54 AM,0,0,0
67018245,67_67399_5136980,137990,4/4/26,2025-2026,3:01 PM,0,0,2
67018249,67_67399_5136980,135405,9/11/25,2025-2026,12:02 PM,0,0,1
67018249,67_67399_5136980,135733,10/9/25,2025-2026,11:53 AM,0,1,1
67018249,67_67399_5136980,136343,11/21/25,2025-2026,3:00 PM,0,2,0
67018249,67_67399_5136980,136965,1/30/26,2025-2026,2:40 PM,0,0,1
67018252,67_67399_5136980,138611,5/23/26,2025-2026,11:05 AM,0,1,0
67018258,67_67399_5136980,135528,9/23/25,2025-2026,11:35 AM,0,2,0
67018258,67_67399_5136980,136282,11/19/25,2025-2026,2:30 PM,0,2,1
67018258,67_67399_5136980,136378,12/2/25,2025-2026,11:27 AM,0,0,1
67018258,67_67399_5136980,137369,2/25/26,2025-2026,2:27 PM,0,2,1
67018258,67_67399_5136980,137432,3/3/26,2025-2026,12:00 PM,0,1,0
67018258,67_67399_5136980,137597,3/12/26,2025-2026,11:23 AM,0,2,0
67018258,67_67399_5136980,137701,3/18/26,2025-2026,11:24 AM,0,0,1
67018258,67_67399_5136980,137719,3/19/26,2025-2026,11:18 AM,0,1,0
67018258,67_67399_5136980,138421,5/12/26,2025-2026,2:50 PM,0,1,1
67018258,67_67399_5136980,138687,6/2/26,2025-2026,10:35 AM,0,2,0
67018258,67_67399_5136980,138696,6/2/26,2025-2026,2:19 PM,0,1,0
67018259,67_67399_5136980,137136,2/11/26,2025-2026,10:20 AM,0,1,0
67018266,67_67399_5136980,136252,11/18/25,2025-2026,11:10 AM,0,2,0
67018266,67_67399_5136980,136959,1/30/26,2025-2026,1:59 PM,0,1,0
67018266,67_67399_5136980,138000,4/7/26,2025-2026,1:44 PM,0,1,0
67018266,67_67399_5136980,138481,5/15/26,2025-2026,11:25 AM,0,0,0
67018270,67_67399_5136980,137846,3/26/26,2025-2026,12:21 PM,0,0,1
67018273,67_67399_5136980,136729,1/15/26,2025-2026,3:16 PM,0,0,1
67018287,67_67399_5136980,135415,9/12/25,2025-2026,8:01 AM,0,1,0
67018287,67_67399_5136980,135599,9/30/25,2025-2026,1:11 PM,3,0,0
67018287,67_67399_5136980,137404,2/27/26,2025-2026,11:56 AM,0,2,0
67018287,67_67399_5136980,138326,5/6/26,2025-2026,11:50 AM,0,1,0
67018287,67_67399_5136980,138679,6/2/26,2025-2026,9:25 AM,0,1,1
67018292,67_67399_5136980,137743,3/20/26,2025-2026,10:40 AM,0,0,0
67018294,67_67399_5136980,137477,3/5/26,2025-2026,11:45 AM,0,1,0
67018304,67_67399_5136980,136940,1/30/26,2025-2026,9:03 AM,0,1,1
67018304,67_67399_5136980,138181,4/17/26,2025-2026,8:43 AM,0,0,1
67018307,67_67399_5136980,136947,1/30/26,2025-2026,11:54 AM,0,1,1
67018307,67_67399_5136980,137557,3/10/26,2025-2026,1:48 PM,0,0,1
67018307,67_67399_5136980,138362,5/7/26,2025-2026,1:44 PM,0,2,0
67018308,67_67399_5136980,138076,4/10/26,2025-2026,10:33 AM,0,0,1
67018309,67_67399_5136980,137151,2/11/26,2025-2026,12:54 PM,0,1,0
67018316,67_67399_5136980,135766,10/10/25,2025-2026,12:20 PM,0,2,0
67018316,67_67399_5136980,136349,11/22/25,2025-2026,10:20 AM,0,2,0
67018316,67_67399_5136980,136919,1/29/26,2025-2026,12:43 PM,0,1,0
67018316,67_67399_5136980,137734,3/19/26,2025-2026,3:45 PM,0,0,1
67018316,67_67399_5136980,138450,5/13/26,2025-2026,10:14 AM,0,0,0
67018316,67_67399_5136980,138500,5/15/26,2025-2026,1:40 PM,0,2,0
67018316,67_67399_5136980,138545,5/20/26,2025-2026,9:55 AM,0,2,0
67018316,67_67399_5136980,138544,5/20/26,2025-2026,9:09 AM,0,0,0
67018316,67_67399_5136980,138625,5/23/26,2025-2026,2:35 PM,0,1,0
67018316,67_67399_5136980,138686,6/2/26,2025-2026,10:35 AM,0,2,0
67018320,67_67399_5136980,135551,9/25/25,2025-2026,9:21 AM,0,1,0
67018323,67_67399_5136980,135255,8/29/25,2025-2026,10:44 AM,0,2,0
67018323,67_67399_5136980,135527,9/23/25,2025-2026,11:55 AM,0,2,0
67018323,67_67399_5136980,135614,10/1/25,2025-2026,11:58 AM,0,0,2
67018323,67_67399_5136980,135732,10/9/25,2025-2026,11:33 AM,0,0,2
67018323,67_67399_5136980,135849,10/16/25,2025-2026,3:30 PM,0,2,2
67018323,67_67399_5136980,136147,11/8/25,2025-2026,11:43 AM,0,1,0
67018323,67_67399_5136980,136207,11/14/25,2025-2026,10:34 AM,0,2,1
67018323,67_67399_5136980,136333,11/18/25,2025-2026,9:15 AM,0,0,0
67018323,67_67399_5136980,136287,11/19/25,2025-2026,2:40 PM,0,0,2
67018323,67_67399_5136980,136268,11/19/25,2025-2026,11:05 AM,0,2,1
67018323,67_67399_5136980,136285,11/19/25,2025-2026,2:53 PM,0,1,1
67018323,67_67399_5136980,136297,11/19/25,2025-2026,2:15 PM,0,1,2
67018330,67_67399_5136980,135549,9/24/25,2025-2026,11:50 AM,0,1,0
67018330,67_67399_5136980,135878,10/18/25,2025-2026,11:52 AM,0,1,0
67018330,67_67399_5136980,136860,1/27/26,2025-2026,10:53 AM,0,1,0
67018330,67_67399_5136980,137960,4/3/26,2025-2026,11:45 AM,0,2,0
67018330,67_67399_5136980,138469,5/14/26,2025-2026,2:25 PM,0,1,0
67018334,67_67399_5136980,138178,4/17/26,2025-2026,8:17 AM,0,1,0
67018337,67_67399_5136980,137547,3/10/26,2025-2026,8:45 AM,0,1,0
67018342,67_67399_5136980,135208,8/27/25,2025-2026,11:57 AM,0,1,0
67018348,67_67399_5136980,136203,11/14/25,2025-2026,9:19 AM,0,0,0
67018348,67_67399_5136980,137453,3/4/26,2025-2026,10:27 AM,0,0,0
67018348,67_67399_5136980,137625,3/13/26,2025-2026,2:02 PM,0,1,0
67018348,67_67399_5136980,137660,3/14/26,2025-2026,1:28 PM,0,0,1
67018348,67_67399_5136980,137680,3/17/26,2025-2026,1:20 PM,0,0,1
67018348,67_67399_5136980,138305,5/5/26,2025-2026,10:44 AM,0,1,0
67018348,67_67399_5136980,138324,5/6/26,2025-2026,11:29 AM,0,1,0
67018348,67_67399_5136980,138352,5/7/26,2025-2026,10:37 AM,0,4,0
67018348,67_67399_5136980,138434,5/12/26,2025-2026,9:53 AM,3,0,1
67018348,67_67399_5136980,138695,6/2/26,2025-2026,2:19 PM,0,1,0
67018349,67_67399_5136980,135196,8/27/25,2025-2026,8:08 AM,0,1,0
67018349,67_67399_5136980,135866,10/17/25,2025-2026,2:46 PM,0,1,0
67018349,67_67399_5136980,137092,2/6/26,2025-2026,1:34 PM,0,2,0
67018349,67_67399_5136980,137197,2/13/26,2025-2026,1:22 PM,0,0,0
67018349,67_67399_5136980,137221,2/14/26,2025-2026,12:00 PM,0,0,0
67018349,67_67399_5136980,138691,6/2/26,2025-2026,12:08 PM,0,1,0
67018352,67_67399_5136980,135399,9/11/25,2025-2026,3:15 PM,1,0,0
67018352,67_67399_5136980,137797,3/24/26,2025-2026,1:24 PM,0,2,0
67018372,67_67399_5136980,136688,1/14/26,2025-2026,10:50 AM,0,0,0
67018373,67_67399_5136980,138180,4/17/26,2025-2026,8:41 AM,0,0,1
67018376,67_67399_5136980,137270,2/19/26,2025-2026,3:19 PM,0,1,1
67018376,67_67399_5136980,137419,2/27/26,2025-2026,3:10 PM,0,0,1
67018376,67_67399_5136980,137466,3/4/26,2025-2026,3:28 PM,0,1,2
67018379,67_67399_5136980,135522,9/23/25,2025-2026,8:10 AM,0,1,0
67018380,67_67399_5136980,136489,12/11/25,2025-2026,10:48 AM,0,1,0
67018382,67_67399_5136980,136026,10/31/25,2025-2026,10:30 AM,0,0,0
67018382,67_67399_5136980,137000,2/3/26,2025-2026,11:57 AM,0,1,1
67018386,67_67399_5136980,135554,9/25/25,2025-2026,12:21 PM,0,1,0
67018386,67_67399_5136980,137119,2/7/26,2025-2026,1:34 PM,0,0,1
67018386,67_67399_5136980,138179,4/17/26,2025-2026,8:21 AM,0,0,1
67018386,67_67399_5136980,138688,6/2/26,2025-2026,11:38 AM,0,0,1
67018392,67_67399_5136980,137400,2/27/26,2025-2026,11:45 AM,0,1,0
67018396,67_67399_5136980,135899,10/22/25,2025-2026,10:33 AM,0,1,0
67018406,67_67399_5136980,135387,9/10/25,2025-2026,3:15 PM,0,1,0
67018406,67_67399_5136980,135906,10/22/25,2025-2026,1:24 PM,0,1,1
67018406,67_67399_5136980,136005,10/30/25,2025-2026,9:42 AM,0,2,1
67018406,67_67399_5136980,136139,11/7/25,2025-2026,10:10 AM,0,1,1
67018406,67_67399_5136980,136145,11/8/25,2025-2026,10:53 AM,0,2,1
67018406,67_67399_5136980,136443,12/6/25,2025-2026,10:32 AM,0,2,0
67018406,67_67399_5136980,136905,1/29/26,2025-2026,10:19 AM,0,1,0
67018406,67_67399_5136980,136946,1/30/26,2025-2026,11:20 AM,0,1,0
67018406,67_67399_5136980,137446,3/3/26,2025-2026,2:12 PM,0,0,1
67018406,67_67399_5136980,137817,3/25/26,2025-2026,10:16 AM,0,0,0
67018408,67_67399_5136980,136322,11/21/25,2025-2026,11:27 AM,0,0,0
67018408,67_67399_5136980,137777,3/21/26,2025-2026,2:06 PM,0,2,0
67018408,67_67399_5136980,137829,3/25/26,2025-2026,2:23 PM,0,2,1
67018408,67_67399_5136980,137914,4/1/26,2025-2026,9:40 AM,0,0,1
67018418,67_67399_5136980,136778,1/22/26,2025-2026,1:13 PM,0,1,0
67018418,67_67399_5136980,137661,3/13/26,2025-2026,3:15 PM,0,0,0
67018418,67_67399_5136980,138442,5/13/26,2025-2026,12:37 PM,0,1,0
67018423,67_67399_5136980,135231,8/28/25,2025-2026,11:26 AM,0,1,0
67018423,67_67399_5136980,135337,9/6/25,2025-2026,12:20 PM,0,1,0
67018423,67_67399_5136980,135403,9/10/25,2025-2026,3:15 PM,0,0,0
67018423,67_67399_5136980,135656,10/3/25,2025-2026,1:40 PM,0,2,0
67018423,67_67399_5136980,135817,10/15/25,2025-2026,3:22 PM,0,1,0
67018423,67_67399_5136980,136259,11/18/25,2025-2026,2:57 PM,0,1,1
67018423,67_67399_5136980,136421,12/4/25,2025-2026,2:53 PM,0,1,0
67018423,67_67399_5136980,136476,12/10/25,2025-2026,11:55 AM,3,0,0
67018423,67_67399_5136980,136822,1/23/26,2025-2026,2:27 PM,0,1,0
67018423,67_67399_5136980,136952,1/30/26,2025-2026,1:28 PM,0,2,0
67018423,67_67399_5136980,137436,3/3/26,2025-2026,2:14 PM,0,1,0
67018423,67_67399_5136980,137773,3/21/26,2025-2026,1:24 PM,0,0,1
67018423,67_67399_5136980,138661,5/29/26,2025-2026,1:56 PM,0,1,0
67018427,67_67399_5136980,135190,8/26/25,2025-2026,12:23 PM,0,1,0
67018428,67_67399_5136980,135600,9/30/25,2025-2026,1:01 PM,0,1,0
67018428,67_67399_5136980,137290,2/21/26,2025-2026,9:22 AM,0,2,0
67018428,67_67399_5136980,137353,2/25/26,2025-2026,12:25 PM,0,1,0
67018428,67_67399_5136980,138664,5/29/26,2025-2026,2:30 PM,3,0,0
67018434,67_67399_5136980,135341,9/6/25,2025-2026,2:02 PM,0,0,1
67018434,67_67399_5136980,137059,2/5/26,2025-2026,2:34 PM,0,0,1
67018437,67_67399_5136980,135459,9/16/25,2025-2026,8:05 AM,0,1,0
67018438,67_67399_5136980,135929,10/23/25,2025-2026,1:30 PM,0,0,0
67018440,67_67399_5136980,136749,1/17/26,2025-2026,2:30 PM,0,1,0
67018440,67_67399_5136980,137449,3/4/26,2025-2026,9:28 AM,0,2,0
67018440,67_67399_5136980,137820,3/25/26,2025-2026,12:00 PM,0,1,1
67018440,67_67399_5136980,138261,4/30/26,2025-2026,3:10 PM,0,0,1
67018441,67_67399_5136980,138122,4/14/26,2025-2026,11:09 AM,0,2,0
67018442,67_67399_5136980,137876,3/27/26,2025-2026,11:20 PM,0,0,0
67018442,67_67399_5136980,138339,5/6/26,2025-2026,3:00 PM,0,1,0
67018446,67_67399_5136980,135536,9/24/25,2025-2026,10:51 AM,0,1,0
67018446,67_67399_5136980,135871,10/17/25,2025-2026,3:50 PM,0,1,0
67018446,67_67399_5136980,135902,10/22/25,2025-2026,11:30 AM,0,1,0
67018446,67_67399_5136980,135967,10/28/25,2025-2026,2:05 PM,0,1,0
67018446,67_67399_5136980,136031,10/31/25,2025-2026,10:30 AM,0,0,0
67018446,67_67399_5136980,136209,11/14/25,2025-2026,10:58 AM,0,1,0
67018446,67_67399_5136980,136269,11/19/25,2025-2026,11:14 AM,0,1,0
67018446,67_67399_5136980,136375,12/2/25,2025-2026,11:15 AM,0,1,0
67018446,67_67399_5136980,136508,12/11/25,2025-2026,9:35 AM,0,0,0
67018446,67_67399_5136980,136601,1/7/26,2025-2026,11:12 AM,0,1,0
67018446,67_67399_5136980,137755,3/20/26,2025-2026,11:45 AM,0,2,0
67018446,67_67399_5136980,138161,4/16/26,2025-2026,9:44 AM,0,2,1
67018446,67_67399_5136980,138248,4/30/26,2025-2026,11:17 AM,0,1,0
67018446,67_67399_5136980,138414,5/12/26,2025-2026,12:50 PM,0,0,1
67018446,67_67399_5136980,138427,5/12/26,2025-2026,12:30 PM,0,0,1
67018448,67_67399_5136980,135585,9/27/25,2025-2026,1:04 PM,0,2,0
67018450,67_67399_5136980,136362,11/22/25,2025-2026,2:15 PM,0,2,1
67018450,67_67399_5136980,137417,2/27/26,2025-2026,2:32 PM,0,1,0
67018452,67_67399_5136980,137718,3/19/26,2025-2026,11:18 AM,0,1,0
67018455,67_67399_5136980,136001,10/30/25,2025-2026,8:16 AM,0,1,1
67018459,67_67399_5136980,136578,12/19/25,2025-2026,1:22 PM,0,1,0
67018462,67_67399_5136980,137190,2/13/26,2025-2026,10:57 AM,0,1,2
67018465,67_67399_5136980,135976,10/29/25,2025-2026,9:23 AM,0,0,1
67018465,67_67399_5136980,137607,3/12/26,2025-2026,2:13 PM,0,1,0
67018465,67_67399_5136980,138037,4/9/26,2025-2026,9:47 AM,0,1,0
67018465,67_67399_5136980,138182,4/17/26,2025-2026,10:07 AM,0,1,0
67018466,67_67399_5136980,135512,9/20/25,2025-2026,12:00 PM,0,0,1
67018466,67_67399_5136980,135719,10/8/25,2025-2026,10:05 AM,0,0,1
67018466,67_67399_5136980,135855,10/17/25,2025-2026,11:37 AM,0,1,0
67018466,67_67399_5136980,136060,11/1/25,2025-2026,1:50 PM,0,2,0
67018467,67_67399_5136980,135169,8/21/25,2025-2026,3:12 PM,0,0,0
67018467,67_67399_5136980,135630,10/2/25,2025-2026,11:30 AM,0,0,1
67018467,67_67399_5136980,136884,1/28/26,2025-2026,11:32 AM,0,1,0
67018467,67_67399_5136980,138467,5/14/26,2025-2026,9:53 AM,0,0,1
67018469,67_67399_5136980,138624,5/23/26,2025-2026,2:30 PM,0,1,0
67018469,67_67399_5136980,138704,6/3/26,2025-2026,2:21 PM,0,1,1
67018471,67_67399_5136980,135565,9/26/25,2025-2026,8:15 AM,0,1,0
67018471,67_67399_5136980,135652,10/3/25,2025-2026,11:50 AM,0,2,0
67018471,67_67399_5136980,135774,10/10/25,2025-2026,2:40 PM,0,1,0
67018471,67_67399_5136980,136480,12/10/25,2025-2026,2:16 PM,0,1,0
67018471,67_67399_5136980,137086,2/6/26,2025-2026,1:09 PM,3,0,0
67018471,67_67399_5136980,137859,3/26/26,2025-2026,2:15 PM,0,0,1
67018471,67_67399_5136980,138393,5/9/26,2025-2026,11:39 AM,0,1,0
67018472,67_67399_5136980,135586,9/27/25,2025-2026,1:07 PM,0,0,1
67018472,67_67399_5136980,138564,5/21/26,2025-2026,10:28 AM,0,4,0
67018473,67_67399_5136980,135168,8/21/25,2025-2026,3:12 PM,0,0,0
67018473,67_67399_5136980,135350,9/6/25,2025-2026,11:20 AM,0,2,0
67018473,67_67399_5136980,137352,2/25/26,2025-2026,11:20 AM,2,0,0
67018473,67_67399_5136980,137980,4/3/26,2025-2026,3:18 PM,0,1,0
67018473,67_67399_5136980,138155,4/15/26,2025-2026,2:14 PM,0,0,1
67018475,67_67399_5136980,136448,12/5/25,2025-2026,3:15 PM,0,0,2
67018475,67_67399_5136980,137291,2/20/26,2025-2026,1:05 PM,0,2,0
67018479,67_67399_5136980,137994,4/7/26,2025-2026,11:40 AM,0,0,0
67018480,67_67399_5136980,136070,11/4/25,2025-2026,10:28 AM,0,2,0
67018480,67_67399_5136980,136555,12/17/25,2025-2026,10:33 AM,0,3,1
67018480,67_67399_5136980,137837,3/26/26,2025-2026,10:34 AM,0,1,0
67018480,67_67399_5136980,137918,4/1/26,2025-2026,3:08 PM,0,2,0
67018480,67_67399_5136980,138559,5/20/26,2025-2026,2:39 PM,0,2,0
67018481,67_67399_5136980,136543,12/16/25,2025-2026,11:58 AM,0,2,0
67018483,67_67399_5136980,135612,10/1/25,2025-2026,11:11 AM,0,1,0
67018483,67_67399_5136980,135783,10/11/25,2025-2026,9:19 AM,0,1,0
67018483,67_67399_5136980,138594,5/22/26,2025-2026,11:39 AM,0,1,0
67018484,67_67399_5136980,137333,2/24/26,2025-2026,1:59 PM,0,0,1
67018486,67_67399_5136980,138674,5/30/26,2025-2026,2:39 PM,0,0,0
67018491,67_67399_5136980,136831,1/24/26,2025-2026,8:04 AM,2,0,0
67018495,67_67399_5136980,136101,11/6/25,2025-2026,11:33 AM,0,1,0
67018496,67_67399_5136980,135544,9/24/25,2025-2026,1:08 PM,0,1,0
67018496,67_67399_5136980,135860,10/17/25,2025-2026,12:58 PM,0,1,0
67018496,67_67399_5136980,136113,11/6/25,2025-2026,2:52 PM,0,0,1
67018496,67_67399_5136980,136881,1/28/26,2025-2026,11:21 AM,0,1,0
67018496,67_67399_5136980,137096,2/6/26,2025-2026,1:50 PM,0,2,0
67018496,67_67399_5136980,138690,6/2/26,2025-2026,12:08 PM,0,1,0
67018497,67_67399_5136980,135223,8/28/25,2025-2026,8:01 AM,0,1,0
67018500,67_67399_5136980,135546,9/24/25,2025-2026,11:30 PM,0,1,1
67018500,67_67399_5136980,135868,10/17/25,2025-2026,2:20 PM,0,2,0
67018500,67_67399_5136980,136257,11/18/25,2025-2026,2:35 PM,0,2,0
67018500,67_67399_5136980,136373,12/2/25,2025-2026,11:13 AM,0,3,0
67018500,67_67399_5136980,137057,2/5/26,2025-2026,2:13 PM,0,0,2
67018500,67_67399_5136980,137141,2/11/26,2025-2026,10:56 AM,0,1,1
67018500,67_67399_5136980,137256,2/18/26,2025-2026,2:13 PM,0,2,0
67018500,67_67399_5136980,137624,3/13/26,2025-2026,1:29 PM,0,1,1
67018500,67_67399_5136980,137723,3/19/26,2025-2026,11:18 AM,0,1,0
67018500,67_67399_5136980,137798,3/24/26,2025-2026,1:28 PM,0,0,1
67018501,67_67399_5136980,135237,8/28/25,2025-2026,12:54 PM,0,1,0
67018504,67_67399_5136980,135897,10/22/25,2025-2026,10:22 AM,0,1,0
67018507,67_67399_5136980,135940,10/24/25,2025-2026,2:11 PM,0,1,0
67018507,67_67399_5136980,135968,10/28/25,2025-2026,2:18 PM,0,1,1
67018507,67_67399_5136980,136234,11/15/25,2025-2026,12:10 PM,0,0,2
67018507,67_67399_5136980,136310,11/21/25,2025-2026,8:22 AM,0,1,0
67018507,67_67399_5136980,136399,12/3/25,2025-2026,1:49 PM,0,3,0
67018507,67_67399_5136980,136455,12/9/25,2025-2026,11:33 AM,0,1,1
67018507,67_67399_5136980,136501,12/11/25,2025-2026,3:08 PM,0,1,1
67018507,67_67399_5136980,136625,1/9/26,2025-2026,9:03 AM,0,1,1
67018507,67_67399_5136980,136763,1/17/26,2025-2026,2:32 PM,0,2,0
67018507,67_67399_5136980,136851,1/24/26,2025-2026,12:16 PM,0,1,1
67018507,67_67399_5136980,137070,2/6/26,2025-2026,10:01 AM,0,1,0
67018507,67_67399_5136980,137266,2/19/26,2025-2026,2:12 PM,0,1,0
67018507,67_67399_5136980,137381,2/26/26,2025-2026,12:16 PM,0,1,2
67018507,67_67399_5136980,137374,2/26/26,2025-2026,9:09 AM,0,0,1
67018507,67_67399_5136980,137637,3/14/26,2025-2026,8:20 AM,0,0,2
67018507,67_67399_5136980,138338,5/6/26,2025-2026,3:00 PM,0,1,0
67018507,67_67399_5136980,138555,5/20/26,2025-2026,1:32 PM,0,0,1
67018507,67_67399_5136980,138581,5/21/26,2025-2026,3:11 PM,0,0,1
67018507,67_67399_5136980,138702,6/3/26,2025-2026,12:18 PM,0,1,0
67018516,67_67399_5136980,135422,9/12/25,2025-2026,10:15 AM,0,2,0
67018522,67_67399_5136980,137022,2/4/26,2025-2026,11:14 AM,0,1,0
67018528,67_67399_5136980,135578,9/27/25,2025-2026,10:24 AM,0,1,1
67018528,67_67399_5136980,136083,11/5/25,2025-2026,10:41 AM,0,1,0
67018529,67_67399_5136980,136996,2/3/26,2025-2026,10:36 AM,0,0,1
67018530,67_67399_5136980,137281,2/20/26,2025-2026,12:14 PM,0,1,0
67018530,67_67399_5136980,137956,4/3/26,2025-2026,11:48 AM,0,1,0
67018531,67_67399_5136980,136806,1/23/26,2025-2026,10:09 AM,0,1,0
67018534,67_67399_5136980,138683,6/2/26,2025-2026,10:09 AM,0,1,0
67018539,67_67399_5136980,135640,10/2/25,2025-2026,3:23 PM,0,0,0
67018539,67_67399_5136980,136093,11/6/25,2025-2026,9:15 AM,0,1,0
67018541,67_67399_5136980,138184,4/17/26,2025-2026,10:15 AM,1,0,1
67018542,67_67399_5136980,135177,8/22/25,2025-2026,3:02 PM,0,2,0
67018542,67_67399_5136980,135360,9/9/25,2025-2026,2:48 PM,0,1,0
67018542,67_67399_5136980,137371,2/25/26,2025-2026,2:45 PM,0,1,0
67018545,67_67399_5136980,137544,3/7/26,2025-2026,1:46 PM,0,2,0
67018545,67_67399_5136980,137975,4/3/26,2025-2026,2:38 PM,0,1,0
67018545,67_67399_5136980,138003,4/7/26,2025-2026,2:06 PM,0,3,1
67018545,67_67399_5136980,138312,5/5/26,2025-2026,1:44 PM,0,1,1
67018545,67_67399_5136980,138641,5/27/26,2025-2026,11:10 AM,0,1,0
67018546,67_67399_5136980,136602,1/7/26,2025-2026,11:27 AM,0,1,0
67018548,67_67399_5136980,135406,9/11/25,2025-2026,12:25 PM,0,1,0
67018549,67_67399_5136980,136574,12/19/25,2025-2026,8:20 AM,0,1,0
67018549,67_67399_5136980,138571,5/21/26,2025-2026,11:50 AM,0,1,0
67018549,67_67399_5136980,138669,5/30/26,2025-2026,12:53 PM,0,0,1
67018553,67_67399_5136980,137770,3/21/26,2025-2026,11:12 AM,0,1,0
67018554,67_67399_5136980,135877,10/18/25,2025-2026,11:30 AM,0,2,0
67018558,67_67399_5136980,137312,2/21/26,2025-2026,3:11 PM,0,0,1
67018560,67_67399_5136980,135617,10/1/25,2025-2026,12:25 PM,0,1,0
67018560,67_67399_5136980,137233,2/14/26,2025-2026,2:48 PM,0,2,0
67018560,67_67399_5136980,137389,2/27/26,2025-2026,8:16 AM,0,1,0
67018560,67_67399_5136980,137792,3/24/26,2025-2026,12:14 PM,0,1,0
67018560,67_67399_5136980,138550,5/20/26,2025-2026,11:55 AM,0,0,0
67018561,67_67399_5136980,135478,9/18/25,2025-2026,11:06 AM,0,1,0
67018561,67_67399_5136980,136183,11/13/25,2025-2026,9:40 AM,0,1,0
67018571,67_67399_5136980,135408,9/10/25,2025-2026,3:15 PM,0,0,0
67018571,67_67399_5136980,135695,10/7/25,2025-2026,11:01 AM,0,2,0
67018571,67_67399_5136980,135721,10/8/25,2025-2026,11:30 AM,0,2,0
67018571,67_67399_5136980,135901,10/22/25,2025-2026,11:26 AM,0,1,0
67018571,67_67399_5136980,138665,5/30/26,2025-2026,10:16 AM,0,1,0
67018572,67_67399_5136980,136393,12/3/25,2025-2026,9:20 AM,0,1,0
67018572,67_67399_5136980,137321,2/24/26,2025-2026,10:27 AM,0,1,0
67018575,67_67399_5136980,135258,8/29/25,2025-2026,11:15 AM,0,0,0
67018575,67_67399_5136980,135491,9/19/25,2025-2026,9:45 AM,0,0,1
67018575,67_67399_5136980,136092,11/5/25,2025-2026,2:45 PM,1,0,0
67018575,67_67399_5136980,136458,12/9/25,2025-2026,11:48 AM,0,0,0
67018575,67_67399_5136980,136673,1/14/26,2025-2026,8:23 AM,0,0,1
67018575,67_67399_5136980,136769,1/21/26,2025-2026,9:18 AM,0,0,0
67018575,67_67399_5136980,136885,1/28/26,2025-2026,11:32 AM,0,1,0
67018575,67_67399_5136980,138640,5/27/26,2025-2026,11:10 AM,0,1,0
67018576,67_67399_5136980,135421,9/12/25,2025-2026,10:15 AM,0,2,0
67018584,67_67399_5136980,135334,9/6/25,2025-2026,10:20 AM,0,0,0
67018584,67_67399_5136980,135825,10/16/25,2025-2026,10:56 AM,0,1,1
67018584,67_67399_5136980,135996,10/29/25,2025-2026,2:24 PM,0,1,1
67018584,67_67399_5136980,136899,1/28/26,2025-2026,8:05 AM,0,0,0
67018584,67_67399_5136980,137845,3/26/26,2025-2026,12:14 PM,0,1,0
67018584,67_67399_5136980,138197,4/17/26,2025-2026,2:35 PM,0,1,0
67018584,67_67399_5136980,138368,5/7/26,2025-2026,3:53 PM,0,2,0
67018584,67_67399_5136980,138490,5/15/26,2025-2026,1:55 PM,0,2,0
67018584,67_67399_5136980,138537,5/19/26,2025-2026,1:54 PM,0,1,0
67018584,67_67399_5136980,138568,5/21/26,2025-2026,11:08 AM,0,1,0
67018589,67_67399_5136980,137742,3/20/26,2025-2026,10:09 AM,0,2,0
67018591,67_67399_5136980,135624,10/1/25,2025-2026,3:12 PM,0,0,1
67018591,67_67399_5136980,136089,11/5/25,2025-2026,2:46 PM,3,0,0
67018591,67_67399_5136980,136296,11/20/25,2025-2026,12:04 PM,0,0,1
67018591,67_67399_5136980,136339,11/21/25,2025-2026,2:35 PM,0,0,0
67018591,67_67399_5136980,136912,1/29/26,2025-2026,9:15 AM,5,0,0
67018593,67_67399_5136980,138195,4/17/26,2025-2026,1:52 PM,0,0,1
67018595,67_67399_5136980,137443,3/3/26,2025-2026,3:13 PM,0,0,1
67018595,67_67399_5136980,138547,5/20/26,2025-2026,10:01 AM,0,2,0
67018597,67_67399_5136980,135388,9/11/25,2025-2026,8:08 AM,0,1,0
67018601,67_67399_5136980,138010,4/8/26,2025-2026,8:13 AM,0,1,0
67018603,67_67399_5136980,135185,8/26/25,2025-2026,7:58 AM,0,1,0
67018606,67_67399_5136980,137681,3/17/26,2025-2026,1:22 PM,0,0,1
67018606,67_67399_5136980,138032,4/8/26,2025-2026,12:27 PM,0,3,1
67018609,67_67399_5136980,138086,4/10/26,2025-2026,12:43 PM,0,0,1
67018609,67_67399_5136980,138167,4/16/26,2025-2026,12:26 PM,0,0,1
67018609,67_67399_5136980,138459,5/14/26,2025-2026,10:37 AM,0,1,0
67018609,67_67399_5136980,138573,5/21/26,2025-2026,12:04 PM,0,0,1
67018609,67_67399_5136980,138682,6/2/26,2025-2026,9:53 AM,0,0,1
67018618,67_67399_5136980,135419,9/12/25,2025-2026,9:16 AM,0,2,0
67018624,67_67399_5136980,138394,5/9/26,2025-2026,12:31 PM,0,1,0
67018625,67_67399_5136980,135778,10/10/25,2025-2026,3:15 PM,0,0,0
67018625,67_67399_5136980,135820,10/16/25,2025-2026,8:30 AM,0,1,0
67018629,67_67399_5136980,136764,1/17/26,2025-2026,2:20 PM,0,0,0
67018631,67_67399_5136980,135848,10/17/25,2025-2026,9:39 AM,0,1,0
67018631,67_67399_5136980,138085,4/10/26,2025-2026,12:38 PM,0,0,1
67018634,67_67399_5136980,135444,9/12/25,2025-2026,3:10 PM,0,1,0
67018634,67_67399_5136980,137361,2/25/26,2025-2026,1:00 PM,0,1,0
67018636,67_67399_5136980,136687,1/14/26,2025-2026,9:45 AM,2,0,0
67018636,67_67399_5136980,138053,4/9/26,2025-2026,1:42 PM,0,1,0
67018637,67_67399_5136980,138193,4/17/26,2025-2026,1:44 PM,0,0,1
67018645,67_67399_5136980,135609,10/1/25,2025-2026,10:22 AM,0,1,0
67018645,67_67399_5136980,136750,1/17/26,2025-2026,2:05 PM,0,1,0
67018645,67_67399_5136980,137370,2/25/26,2025-2026,2:44 PM,0,0,1
67018645,67_67399_5136980,137454,3/4/26,2025-2026,11:51 AM,0,1,0
67018645,67_67399_5136980,138028,4/8/26,2025-2026,8:50 AM,0,0,1
67018645,67_67399_5136980,138198,4/17/26,2025-2026,2:36 PM,0,1,1
67018645,67_67399_5136980,138199,4/17/26,2025-2026,2:36 PM,0,1,1
67018645,67_67399_5136980,138200,4/17/26,2025-2026,2:44 PM,0,0,1
67018645,67_67399_5136980,138574,5/21/26,2025-2026,12:08 PM,0,0,1
67018646,67_67399_5136980,136080,11/5/25,2025-2026,8:00 AM,0,1,0
67018649,67_67399_5136980,136316,11/21/25,2025-2026,9:22 AM,0,0,0
67018649,67_67399_5136980,136911,1/29/26,2025-2026,11:20 AM,0,0,0
67018653,67_67399_5136980,137399,2/27/26,2025-2026,11:41 AM,0,1,0
67018656,67_67399_5136980,135441,9/12/25,2025-2026,2:30 PM,0,3,0
67018656,67_67399_5136980,135447,9/12/25,2025-2026,3:12 PM,3,0,1
67018656,67_67399_5136980,135506,9/20/25,2025-2026,9:45 AM,0,0,1
67018658,67_67399_5136980,135644,10/3/25,2025-2026,8:48 AM,0,1,0
67018658,67_67399_5136980,135794,10/10/25,2025-2026,2:30 PM,0,0,2
67018658,67_67399_5136980,135795,10/11/25,2025-2026,10:40 AM,0,1,1
67018658,67_67399_5136980,136523,12/13/25,2025-2026,9:26 AM,0,2,0
67018658,67_67399_5136980,136801,1/23/26,2025-2026,9:22 AM,0,3,1
67018658,67_67399_5136980,136866,1/27/26,2025-2026,3:17 PM,0,1,0
67018658,67_67399_5136980,137427,3/3/26,2025-2026,9:55 AM,0,2,0
67018658,67_67399_5136980,137656,3/14/26,2025-2026,11:16 AM,0,2,0
67018658,67_67399_5136980,138135,4/14/26,2025-2026,2:28 PM,0,0,1
67018658,67_67399_5136980,138246,4/30/26,2025-2026,10:28 AM,0,1,0
67018660,67_67399_5136980,135219,8/27/25,2025-2026,3:13 PM,0,1,0
67018660,67_67399_5136980,136293,11/20/25,2025-2026,10:38 AM,0,2,0
67018660,67_67399_5136980,137052,2/5/26,2025-2026,1:57 PM,0,1,0
67018660,67_67399_5136980,137038,2/5/26,2025-2026,9:15 AM,0,1,0
67018660,67_67399_5136980,137413,2/27/26,2025-2026,1:27 PM,0,1,0
67018661,67_67399_5136980,138593,5/22/26,2025-2026,11:36 AM,0,0,1
67018666,67_67399_5136980,135718,10/8/25,2025-2026,10:14 AM,0,1,1
67018666,67_67399_5136980,136008,10/30/25,2025-2026,9:30 AM,0,1,1
67018666,67_67399_5136980,137517,3/6/26,2025-2026,1:21 PM,0,1,0
67018666,67_67399_5136980,137502,3/6/26,2025-2026,10:17 AM,0,0,2
67018671,67_67399_5136980,136722,1/16/26,2025-2026,9:15 AM,0,0,0
67018673,67_67399_5136980,135679,10/4/25,2025-2026,12:33 PM,0,1,0
67018674,67_67399_5136980,136534,12/14/25,2025-2026,10:53 AM,0,0,1
67018674,67_67399_5136980,136975,1/31/26,2025-2026,11:20 AM,0,1,2
67018674,67_67399_5136980,137288,2/21/26,2025-2026,8:23 AM,0,1,0
67018677,67_67399_5136980,135621,10/1/25,2025-2026,2:27 PM,0,1,0
67018677,67_67399_5136980,136294,11/20/25,2025-2026,10:38 AM,0,2,0
67018678,67_67399_5136980,135394,9/10/25,2025-2026,3:15 PM,0,0,0
67018678,67_67399_5136980,135445,9/12/25,2025-2026,3:10 PM,0,2,0
67018678,67_67399_5136980,135418,9/12/25,2025-2026,9:20 AM,0,2,0
67018678,67_67399_5136980,135619,10/1/25,2025-2026,1:56 PM,0,2,0
67018678,67_67399_5136980,135616,10/1/25,2025-2026,12:05 PM,0,0,2
67018678,67_67399_5136980,135637,10/2/25,2025-2026,2:19 PM,0,2,0
67018678,67_67399_5136980,135737,10/9/25,2025-2026,9:22 AM,0,0,1
67018678,67_67399_5136980,135761,10/9/25,2025-2026,2:20 PM,0,1,0
67018678,67_67399_5136980,135801,10/14/25,2025-2026,2:59 PM,0,1,0
67018678,67_67399_5136980,135898,10/22/25,2025-2026,10:15 AM,0,1,1
67018678,67_67399_5136980,136144,11/8/25,2025-2026,10:36 AM,0,2,1
67018678,67_67399_5136980,136156,11/8/25,2025-2026,2:45 PM,0,0,1
67018678,67_67399_5136980,136188,11/13/25,2025-2026,11:56 AM,0,2,0
67018678,67_67399_5136980,136439,12/5/25,2025-2026,2:10 PM,0,1,1
67018678,67_67399_5136980,136817,1/23/26,2025-2026,11:30 AM,0,0,1
67018678,67_67399_5136980,137437,3/3/26,2025-2026,2:23 PM,0,1,0
67018678,67_67399_5136980,138057,4/9/26,2025-2026,2:11 PM,0,0,1
67018679,67_67399_5136980,135488,9/19/25,2025-2026,8:28 AM,0,1,1
67018685,67_67399_5136980,138152,4/15/26,2025-2026,1:33 PM,0,2,1
67018686,67_67399_5136980,138172,4/16/26,2025-2026,2:42 PM,0,1,0
67018692,67_67399_5136980,135876,10/18/25,2025-2026,11:14 AM,0,1,0
67018696,67_67399_5136980,135336,9/6/25,2025-2026,11:30 AM,0,1,0
67018696,67_67399_5136980,135581,9/27/25,2025-2026,11:44 AM,0,1,0
67018699,67_67399_5136980,136372,12/2/25,2025-2026,9:48 AM,0,1,0
67018699,67_67399_5136980,137421,3/3/26,2025-2026,8:23 AM,0,1,0
67018699,67_67399_5136980,138194,4/17/26,2025-2026,1:49 PM,0,0,1
67018706,67_67399_5136980,137324,2/24/26,2025-2026,12:10 PM,0,1,0
67018709,67_67399_5136980,138629,5/27/26,2025-2026,9:10 AM,0,0,2
67018711,67_67399_5136980,138257,4/30/26,2025-2026,2:01 PM,0,1,0
67018711,67_67399_5136980,138299,5/2/26,2025-2026,2:55 PM,0,2,0
67018712,67_67399_5136980,136907,1/29/26,2025-2026,10:24 AM,0,0,0
67018712,67_67399_5136980,138149,4/15/26,2025-2026,11:35 AM,0,1,0
67018712,67_67399_5136980,138701,6/3/26,2025-2026,11:21 AM,0,3,0
67018714,67_67399_5136980,136999,2/3/26,2025-2026,11:54 AM,0,1,1
67018725,67_67399_5136980,135828,10/16/25,2025-2026,11:56 AM,0,1,0
67018725,67_67399_5136980,138359,5/7/26,2025-2026,12:58 PM,0,1,0
67018729,67_67399_5136980,136408,12/4/25,2025-2026,10:29 AM,0,0,0
67018730,67_67399_5136980,135666,10/4/25,2025-2026,9:17 AM,0,1,0
67018730,67_67399_5136980,135779,10/10/25,2025-2026,3:15 PM,0,0,0
67018730,67_67399_5136980,137464,3/4/26,2025-2026,2:44 PM,0,1,0
67018732,67_67399_5136980,137292,2/21/26,2025-2026,9:35 AM,0,1,0
67018740,67_67399_5136980,137675,3/17/26,2025-2026,9:24 AM,0,1,0
67018747,67_67399_5136980,138588,5/22/26,2025-2026,9:15 AM,0,0,1
67018748,67_67399_5136980,137816,3/25/26,2025-2026,11:56 AM,0,1,0
67018750,67_67399_5136980,136939,1/30/26,2025-2026,8:58 AM,0,1,1
67018750,67_67399_5136980,137424,3/3/26,2025-2026,9:03 AM,0,0,1
67018750,67_67399_5136980,137575,3/11/26,2025-2026,11:20 AM,0,0,0
67018750,67_67399_5136980,137741,3/20/26,2025-2026,9:40 AM,0,0,0
67018750,67_67399_5136980,138159,4/16/26,2025-2026,8:50 AM,0,0,1
67018751,67_67399_5136980,135608,10/1/25,2025-2026,10:18 AM,0,1,0
67018752,67_67399_5136980,138617,5/23/26,2025-2026,1:47 PM,0,3,0
67018752,67_67399_5136980,138639,5/27/26,2025-2026,10:10 AM,0,1,0
67018759,67_67399_5136980,137273,2/20/26,2025-2026,8:14 AM,0,1,0
67018759,67_67399_5136980,137323,2/24/26,2025-2026,8:50 AM,0,1,0
67018759,67_67399_5136980,137467,3/5/26,2025-2026,8:15 AM,0,1,0
67018759,67_67399_5136980,138069,4/10/26,2025-2026,8:39 AM,0,1,0
67018768,67_67399_5136980,138428,5/2/26,2025-2026,3:20 PM,0,0,0
67018768,67_67399_5136980,138445,5/12/26,2025-2026,3:28 PM,3,0,0
67018769,67_67399_5136980,135268,8/29/25,2025-2026,2:28 PM,0,3,0
67018769,67_67399_5136980,135280,8/30/25,2025-2026,11:43 AM,0,1,0
67018769,67_67399_5136980,135513,9/20/25,2025-2026,12:00 PM,0,0,1
67018769,67_67399_5136980,135827,10/16/25,2025-2026,11:14 AM,0,1,1
67018769,67_67399_5136980,135870,10/17/25,2025-2026,3:58 PM,0,0,1
67018769,67_67399_5136980,136352,11/22/25,2025-2026,10:42 AM,0,1,0
67018769,67_67399_5136980,136370,12/2/25,2025-2026,10:55 AM,0,1,0
67018769,67_67399_5136980,137250,2/18/26,2025-2026,10:30 AM,0,1,0
67018769,67_67399_5136980,137251,2/18/26,2025-2026,11:35 AM,0,1,0
67018769,67_67399_5136980,137814,3/25/26,2025-2026,10:29 AM,0,2,0
67018769,67_67399_5136980,138004,4/7/26,2025-2026,2:00 PM,0,1,0
67018769,67_67399_5136980,138070,4/10/26,2025-2026,8:35 AM,0,1,0
67018769,67_67399_5136980,138119,4/14/26,2025-2026,10:35 AM,0,1,0
67018769,67_67399_5136980,138156,4/15/26,2025-2026,1:55 PM,0,1,0
67018769,67_67399_5136980,138158,4/16/26,2025-2026,7:22 AM,0,1,0
67018769,67_67399_5136980,138601,5/22/26,2025-2026,2:27 PM,0,0,1
67018773,67_67399_5136980,135460,9/16/25,2025-2026,11:03 AM,0,2,0
67018773,67_67399_5136980,135826,10/16/25,2025-2026,11:30 AM,0,1,0
67018773,67_67399_5136980,136416,12/4/25,2025-2026,12:51 PM,0,1,0
67018773,67_67399_5136980,136730,1/16/26,2025-2026,8:46 AM,0,1,0
67018773,67_67399_5136980,137932,4/2/26,2025-2026,12:12 PM,0,0,1
67018773,67_67399_5136980,138409,5/12/26,2025-2026,11:53 AM,0,1,0
67018774,67_67399_5136980,138418,5/12/26,2025-2026,2:06 PM,0,1,0
67018781,67_67399_5136980,135997,10/29/25,2025-2026,2:39 PM,0,0,1
67018781,67_67399_5136980,136507,12/12/25,2025-2026,11:00 AM,0,1,0
67018781,67_67399_5136980,136918,1/29/26,2025-2026,12:40 PM,0,1,0
67018781,67_67399_5136980,136962,1/30/26,2025-2026,9:12 AM,0,0,0
67018783,67_67399_5136980,136451,12/6/25,2025-2026,2:53 PM,0,1,0
67018787,67_67399_5136980,137179,2/12/26,2025-2026,2:24 PM,0,0,1
67018787,67_67399_5136980,137715,3/19/26,2025-2026,11:04 AM,0,0,1
67018787,67_67399_5136980,137934,4/2/26,2025-2026,12:08 PM,0,1,0
67018803,67_67399_5136980,135673,10/4/25,2025-2026,11:33 AM,0,0,1
67018803,67_67399_5136980,137471,3/5/26,2025-2026,9:23 AM,0,0,1
67018803,67_67399_5136980,138663,5/29/26,2025-2026,2:39 PM,0,1,0
67018805,67_67399_5136980,138575,5/21/26,2025-2026,12:46 PM,0,0,1
67018809,67_67399_5136980,136461,12/9/25,2025-2026,12:06 PM,0,0,1
67018813,67_67399_5136980,136760,1/17/26,2025-2026,12:00 PM,0,0,1
67018816,67_67399_5136980,136211,11/14/25,2025-2026,10:50 AM,0,1,0
67018816,67_67399_5136980,136799,1/23/26,2025-2026,8:40 AM,0,1,0
67018816,67_67399_5136980,136867,1/28/26,2025-2026,9:30 AM,0,0,1
67018816,67_67399_5136980,137336,2/24/26,2025-2026,2:35 PM,0,1,0
67018822,67_67399_5136980,136627,1/9/26,2025-2026,10:02 AM,0,3,0
67018828,67_67399_5136980,135384,9/10/25,2025-2026,8:15 AM,0,1,0
67018831,67_67399_5136980,137210,2/14/26,2025-2026,8:43 AM,0,1,0
67018833,67_67399_5136980,135194,8/27/25,2025-2026,8:35 AM,0,0,1
67018838,67_67399_5136980,135864,10/17/25,2025-2026,2:13 PM,0,2,0
67018838,67_67399_5136980,137812,3/25/26,2025-2026,10:26 AM,0,1,0
67018838,67_67399_5136980,138417,5/12/26,2025-2026,2:02 PM,0,1,1
67018838,67_67399_5136980,138685,6/2/26,2025-2026,10:41 AM,0,1,0
67018841,67_67399_5136980,138303,5/5/26,2025-2026,8:15 AM,0,0,0
67018842,67_67399_5136980,135973,10/28/25,2025-2026,1:40 PM,0,1,0
67018844,67_67399_5136980,136690,1/14/26,2025-2026,1:40 PM,0,0,0
67018856,67_67399_5136980,137628,3/13/26,2025-2026,1:44 PM,0,1,0
67018856,67_67399_5136980,137627,3/13/26,2025-2026,2:40 PM,0,1,0
67018856,67_67399_5136980,138295,5/2/26,2025-2026,1:21 PM,0,0,1
67018862,67_67399_5136980,136691,1/14/26,2025-2026,2:45 PM,0,0,1
67018862,67_67399_5136980,137397,2/27/26,2025-2026,10:40 AM,0,1,0
67018867,67_67399_5136980,136233,11/15/25,2025-2026,11:51 AM,0,1,0
67018867,67_67399_5136980,138173,4/16/26,2025-2026,2:35 PM,0,0,0
67018875,67_67399_5136980,135804,10/14/25,2025-2026,11:25 AM,0,1,0
67018875,67_67399_5136980,137034,2/4/26,2025-2026,2:30 PM,0,0,1
67018875,67_67399_5136980,138542,5/19/26,2025-2026,2:42 PM,0,1,0
67018883,67_67399_5136980,135249,8/29/25,2025-2026,8:19 AM,0,1,0
67018883,67_67399_5136980,135348,9/6/25,2025-2026,3:41 PM,0,1,0
67018885,67_67399_5136980,136695,1/14/26,2025-2026,2:27 PM,0,1,0
67018886,67_67399_5136980,135602,9/30/25,2025-2026,11:36 AM,0,1,1
67018898,67_67399_5136980,135472,9/17/25,2025-2026,12:00 PM,0,0,1
67018898,67_67399_5136980,137255,2/18/26,2025-2026,2:14 PM,0,1,0
67018898,67_67399_5136980,138174,4/16/26,2025-2026,3:10 PM,0,1,0
67018898,67_67399_5136980,138196,4/17/26,2025-2026,2:14 PM,0,1,0
67018900,67_67399_5136980,136759,1/17/26,2025-2026,12:00 PM,0,0,0
67018904,67_67399_5136980,136171,11/12/25,2025-2026,11:19 AM,0,1,1
67018908,67_67399_5136980,138238,4/29/26,2025-2026,2:36 PM,0,0,0
67018911,67_67399_5136980,135704,10/4/25,2025-2026,1:27 PM,0,1,0
67018916,67_67399_5136980,137261,2/19/26,2025-2026,11:47 AM,0,0,1
67018917,67_67399_5136980,138170,4/16/26,2025-2026,2:35 PM,0,0,0
67018917,67_67399_5136980,138474,5/14/26,2025-2026,3:10 PM,0,1,0
67018923,67_67399_5136980,135357,9/9/25,2025-2026,11:41 AM,0,0,0
67018923,67_67399_5136980,137253,2/12/26,2025-2026,2:20 PM,0,0,0
67018923,67_67399_5136980,137392,2/27/26,2025-2026,9:53 AM,0,1,0
67018923,67_67399_5136980,137760,3/20/26,2025-2026,1:30 PM,0,0,1
67018923,67_67399_5136980,138520,5/16/26,2025-2026,12:12 PM,0,1,0
67018924,67_67399_5136980,136757,1/17/26,2025-2026,11:54 AM,0,1,0
67018924,67_67399_5136980,136915,1/29/26,2025-2026,12:12 PM,0,1,0
67018924,67_67399_5136980,137395,2/27/26,2025-2026,11:13 AM,0,0,1
67018924,67_67399_5136980,138289,5/1/26,2025-2026,11:00 AM,0,0,2
67018925,67_67399_5136980,136302,11/20/25,2025-2026,1:25 PM,0,0,1
67018925,67_67399_5136980,136497,12/11/25,2025-2026,2:06 PM,0,1,0
67018928,67_67399_5136980,135304,9/4/25,2025-2026,10:18 AM,0,0,0
67018928,67_67399_5136980,136151,11/8/25,2025-2026,2:11 PM,0,1,1
67018928,67_67399_5136980,137097,2/6/26,2025-2026,2:33 PM,0,1,0
67018928,67_67399_5136980,137205,2/13/26,2025-2026,2:56 PM,0,0,0
67018928,67_67399_5136980,137341,2/24/26,2025-2026,3:00 PM,0,0,1
67018928,67_67399_5136980,137338,2/24/26,2025-2026,2:45 PM,0,0,1
67018928,67_67399_5136980,138252,4/30/26,2025-2026,11:45 AM,0,1,0
67018929,67_67399_5136980,135340,9/6/25,2025-2026,1:13 PM,0,1,0
67018929,67_67399_5136980,136219,11/14/25,2025-2026,1:14 PM,0,1,0
67018929,67_67399_5136980,137204,2/13/26,2025-2026,2:55 PM,0,0,1
67018929,67_67399_5136980,138431,5/12/26,2025-2026,3:19 PM,3,0,0
67018931,67_67399_5136980,136706,1/15/26,2025-2026,11:08 AM,0,1,0
67018934,67_67399_5136980,136178,11/12/25,2025-2026,6:25 PM,0,1,0
67018934,67_67399_5136980,137410,2/27/26,2025-2026,12:12 PM,0,0,1
67018934,67_67399_5136980,137472,3/5/26,2025-2026,9:30 AM,0,0,1
67018934,67_67399_5136980,138043,4/9/26,2025-2026,11:38 AM,0,0,1
67018938,67_67399_5136980,135494,9/19/25,2025-2026,12:18 PM,0,0,1
67018938,67_67399_5136980,135683,10/4/25,2025-2026,1:21 PM,0,0,1
67018938,67_67399_5136980,135697,10/7/25,2025-2026,11:26 AM,0,0,1
67018938,67_67399_5136980,135764,10/10/25,2025-2026,11:29 AM,0,0,1
67018938,67_67399_5136980,135790,10/11/25,2025-2026,11:42 AM,0,0,1
67018938,67_67399_5136980,135831,10/16/25,2025-2026,12:05 PM,0,0,1
67018938,67_67399_5136980,135888,10/21/25,2025-2026,11:22 AM,0,0,1
67018938,67_67399_5136980,136041,11/1/25,2025-2026,9:31 AM,0,0,1
67018938,67_67399_5136980,136256,11/15/25,2025-2026,1:30 PM,0,1,0
67018938,67_67399_5136980,136707,1/15/26,2025-2026,11:39 AM,0,0,1
67018938,67_67399_5136980,137655,3/14/26,2025-2026,11:50 AM,0,2,0
67018938,67_67399_5136980,137654,3/14/26,2025-2026,11:50 AM,0,2,0
67018938,67_67399_5136980,137722,3/19/26,2025-2026,11:57 AM,0,1,0
67018938,67_67399_5136980,137791,3/24/26,2025-2026,12:04 PM,0,0,1
67018938,67_67399_5136980,138102,4/11/26,2025-2026,11:41 AM,0,1,0
67018938,67_67399_5136980,138168,4/16/26,2025-2026,9:25 AM,0,1,0
67018938,67_67399_5136980,138213,4/28/26,2025-2026,1:40 PM,0,1,0
67018938,67_67399_5136980,138415,5/12/26,2025-2026,1:49 PM,0,1,0
67018938,67_67399_5136980,138553,5/20/26,2025-2026,12:22 PM,0,1,0
67018941,67_67399_5136980,136258,11/18/25,2025-2026,2:49 PM,0,1,0
67018941,67_67399_5136980,136782,1/22/26,2025-2026,2:01 PM,0,1,0
67018941,67_67399_5136980,138342,5/7/26,2025-2026,8:39 AM,0,1,0
67018945,67_67399_5136980,137730,3/19/26,2025-2026,2:46 PM,0,1,0
67018945,67_67399_5136980,138290,5/2/26,2025-2026,9:23 AM,0,0,0
67018947,67_67399_5136980,137579,3/11/26,2025-2026,12:48 PM,0,0,0
67018950,67_67399_5136980,135193,8/27/25,2025-2026,8:29 AM,0,0,1
67018950,67_67399_5136980,135958,10/28/25,2025-2026,9:20 AM,0,0,0
67018950,67_67399_5136980,136076,11/4/25,2025-2026,1:47 PM,0,1,0
67018950,67_67399_5136980,136090,11/5/25,2025-2026,1:25 PM,0,0,0
67018950,67_67399_5136980,137626,3/13/26,2025-2026,2:04 PM,0,0,1
67018955,67_67399_5136980,136605,1/7/26,2025-2026,1:29 PM,0,0,1
67018955,67_67399_5136980,137938,4/2/26,2025-2026,1:34 PM,0,1,1
67018955,67_67399_5136980,138111,4/11/26,2025-2026,2:21 PM,0,0,1
67018955,67_67399_5136980,138651,5/28/26,2025-2026,12:03 PM,0,0,2
67018956,67_67399_5136980,136689,1/14/26,2025-2026,2:37 PM,0,2,0
67018962,67_67399_5136980,138518,5/16/26,2025-2026,12:06 PM,0,0,1
67018963,67_67399_5136980,135808,10/15/25,2025-2026,11:10 AM,0,1,0
67018963,67_67399_5136980,137351,2/25/26,2025-2026,11:06 AM,0,1,0
67018963,67_67399_5136980,137716,3/19/26,2025-2026,11:10 AM,0,1,0
67018964,67_67399_5136980,135371,9/10/25,2025-2026,8:35 AM,0,1,0
67018967,67_67399_5136980,138425,5/9/26,2025-2026,3:00 PM,0,0,1
67018968,67_67399_5136980,137548,3/10/26,2025-2026,10:07 AM,0,1,0
67018969,67_67399_5136980,136708,1/15/26,2025-2026,11:55 AM,0,1,0
67018971,67_67399_5136980,135433,9/12/25,2025-2026,12:25 PM,0,0,1
67018971,67_67399_5136980,135561,9/25/25,2025-2026,10:15 AM,3,0,0
67018971,67_67399_5136980,137553,3/10/26,2025-2026,11:37 AM,0,1,0
67018972,67_67399_5136980,136032,10/31/25,2025-2026,11:13 AM,0,1,1
67018974,67_67399_5136980,135703,10/7/25,2025-2026,1:23 PM,0,1,0
67018979,67_67399_5136980,138412,5/12/26,2025-2026,1:42 PM,0,0,1
67018990,67_67399_5136980,135228,8/28/25,2025-2026,10:00 AM,1,0,1
67018994,67_67399_5136980,135242,8/28/25,2025-2026,12:18 PM,0,1,0
67019001,67_67399_5136980,136739,1/16/26,2025-2026,1:38 PM,0,3,0
67019001,67_67399_5136980,136783,1/22/26,2025-2026,2:03 PM,0,1,0
67019001,67_67399_5136980,137385,2/26/26,2025-2026,1:17 PM,0,0,1
67019010,67_67399_5136980,136044,11/1/25,2025-2026,9:50 AM,0,1,0
67019010,67_67399_5136980,136369,12/2/25,2025-2026,10:45 AM,0,1,0
67019010,67_67399_5136980,137569,3/11/26,2025-2026,10:16 AM,0,1,0
67019010,67_67399_5136980,138677,5/30/26,2025-2026,10:30 AM,0,1,0
67019012,67_67399_5136980,136424,12/4/25,2025-2026,2:50 PM,0,1,0
67019018,67_67399_5136980,136072,11/4/25,2025-2026,11:26 AM,0,1,0
67019018,67_67399_5136980,137720,3/19/26,2025-2026,11:00 AM,0,1,0
67019020,67_67399_5136980,135694,10/7/25,2025-2026,10:35 AM,0,1,0
67019033,67_67399_5136980,136104,11/6/25,2025-2026,11:25 AM,0,1,0
67019033,67_67399_5136980,136861,1/27/26,2025-2026,11:14 AM,0,0,1
67019034,67_67399_5136980,136232,11/15/25,2025-2026,11:43 AM,0,0,1
67019053,67_67399_5136980,137619,3/13/26,2025-2026,11:23 AM,0,1,0
67019053,67_67399_5136980,137961,4/3/26,2025-2026,11:59 AM,0,1,0
67019057,67_67399_5136980,135427,9/12/25,2025-2026,11:25 AM,0,1,0
67019057,67_67399_5136980,138212,4/28/26,2025-2026,2:19 PM,0,0,1
67019058,67_67399_5136980,135887,10/21/25,2025-2026,11:20 AM,0,1,1
67019061,67_67399_5136980,137344,2/24/26,2025-2026,3:00 PM,0,1,0
67019061,67_67399_5136980,137340,2/24/26,2025-2026,2:50 PM,0,0,1
67019061,67_67399_5136980,138371,5/8/26,2025-2026,8:10 AM,0,1,0
67019062,67_67399_5136980,136638,1/9/26,2025-2026,2:18 PM,0,0,1
67019066,67_67399_5136980,135361,9/9/25,2025-2026,3:05 PM,0,0,1
67019067,67_67399_5136980,136610,1/7/26,2025-2026,1:50 PM,0,1,0
67019070,67_67399_5136980,136300,11/16/25,2025-2026,8:00 AM,0,1,0
67019075,67_67399_5136980,137317,2/24/26,2025-2026,9:20 AM,0,1,0
67019075,67_67399_5136980,137582,3/11/26,2025-2026,1:29 PM,0,1,0
67019077,67_67399_5136980,137855,3/26/26,2025-2026,1:50 PM,0,1,0
67019079,67_67399_5136980,136773,1/21/26,2025-2026,2:46 PM,0,0,1
67019081,67_67399_5136980,135287,8/30/25,2025-2026,9:50 AM,0,1,0
67019081,67_67399_5136980,135329,9/6/25,2025-2026,8:16 AM,0,1,0
67019081,67_67399_5136980,135531,9/23/25,2025-2026,2:47 PM,0,1,0
67019083,67_67399_5136980,136298,11/16/25,2025-2026,9:47 AM,0,1,0
67019085,67_67399_5136980,135520,9/20/25,2025-2026,1:17 PM,0,0,1
67019085,67_67399_5136980,136057,11/1/25,2025-2026,1:52 PM,0,1,0
67019085,67_67399_5136980,136606,1/7/26,2025-2026,1:39 PM,0,1,0
67019085,67_67399_5136980,136892,1/28/26,2025-2026,2:01 PM,0,1,0
67019085,67_67399_5136980,137003,2/3/26,2025-2026,1:55 PM,0,0,1
67019086,67_67399_5136980,137784,3/19/26,2025-2026,3:20 PM,0,0,1
67019087,67_67399_5136980,135368,9/9/25,2025-2026,12:11 PM,0,1,0
67019090,67_67399_5136980,135271,8/29/25,2025-2026,4:20 PM,0,0,0
67019090,67_67399_5136980,137304,2/21/26,2025-2026,12:34 PM,3,0,0
67019091,67_67399_5136980,135993,10/29/25,2025-2026,1:20 PM,0,0,0
67019093,67_67399_5136980,135519,9/20/25,2025-2026,12:00 PM,0,0,1
67019093,67_67399_5136980,137915,4/1/26,2025-2026,11:54 AM,0,1,0
67019093,67_67399_5136980,138475,5/15/26,2025-2026,8:20 AM,0,1,0
67019098,67_67399_5136980,136698,1/15/26,2025-2026,8:52 AM,0,1,0
67019099,67_67399_5136980,138015,4/8/26,2025-2026,9:10 AM,0,2,0
67019099,67_67399_5136980,138341,5/7/26,2025-2026,8:31 AM,0,1,0
67019103,67_67399_5136980,135300,9/3/25,2025-2026,12:44 PM,0,1,1
67019103,67_67399_5136980,136028,10/31/25,2025-2026,8:39 AM,0,1,0
67019103,67_67399_5136980,136079,11/4/25,2025-2026,2:32 PM,0,1,0
67019103,67_67399_5136980,136091,11/5/25,2025-2026,1:40 PM,2,0,0
67019103,67_67399_5136980,138454,5/14/26,2025-2026,8:59 AM,0,1,0
67019104,67_67399_5136980,138400,5/12/26,2025-2026,8:49 AM,0,0,1
67019105,67_67399_5136980,136315,11/21/25,2025-2026,9:42 AM,0,0,1
67019106,67_67399_5136980,135603,9/30/25,2025-2026,2:10 PM,0,0,1
67019107,67_67399_5136980,135886,10/21/25,2025-2026,10:03 AM,0,1,0
67019109,67_67399_5136980,136623,1/8/26,2025-2026,1:45 PM,0,1,0
67019111,67_67399_5136980,135396,9/11/25,2025-2026,8:45 AM,0,1,0
67019111,67_67399_5136980,136642,1/9/26,2025-2026,12:25 PM,0,1,0
67019113,67_67399_5136980,135413,9/11/25,2025-2026,2:45 PM,0,0,1
67019113,67_67399_5136980,135481,9/18/25,2025-2026,12:08 PM,0,0,1
67019113,67_67399_5136980,135738,10/8/25,2025-2026,2:30 PM,0,0,1
67019113,67_67399_5136980,136288,11/19/25,2025-2026,2:30 PM,0,1,0
67019113,67_67399_5136980,136419,12/4/25,2025-2026,1:49 PM,0,1,0
67019113,67_67399_5136980,137079,2/6/26,2025-2026,12:20 PM,0,0,1
67019116,67_67399_5136980,135765,10/10/25,2025-2026,10:00 AM,0,1,0
67019127,67_67399_5136980,136095,11/6/25,2025-2026,10:23 AM,0,1,0
67019129,67_67399_5136980,138411,5/12/26,2025-2026,1:38 PM,0,0,1
67019131,67_67399_5136980,135989,10/29/25,2025-2026,1:20 PM,0,2,0
67019131,67_67399_5136980,137133,2/11/26,2025-2026,9:48 AM,0,2,0
67019131,67_67399_5136980,137984,4/4/26,2025-2026,11:05 AM,0,0,0
67019138,67_67399_5136980,137408,2/27/26,2025-2026,11:59 AM,0,0,0
67019139,67_67399_5136980,137583,3/11/26,2025-2026,1:37 PM,0,1,0
67019139,67_67399_5136980,138589,5/22/26,2025-2026,9:33 AM,0,1,0
67019150,67_67399_5136980,135362,9/9/25,2025-2026,2:22 PM,0,0,1
67019150,67_67399_5136980,137135,2/11/26,2025-2026,3:05 PM,0,0,1
67019152,67_67399_5136980,135521,9/23/25,2025-2026,8:17 AM,0,2,0
67019153,67_67399_5136980,135539,9/24/25,2025-2026,11:39 AM,2,0,1
67019153,67_67399_5136980,136007,10/30/25,2025-2026,10:20 AM,0,1,0
67019153,67_67399_5136980,136693,1/14/26,2025-2026,1:35 PM,3,0,1
67019160,67_67399_5136980,137093,2/6/26,2025-2026,1:30 PM,1,0,0
67019161,67_67399_5136980,135222,8/26/25,2025-2026,12:50 PM,0,1,0
67019162,67_67399_5136980,137614,3/11/26,2025-2026,1:00 PM,0,0,1
67019165,67_67399_5136980,136014,10/30/25,2025-2026,11:46 AM,0,1,0
67019166,67_67399_5136980,136305,11/20/25,2025-2026,2:20 PM,0,1,0
67019168,67_67399_5136980,136204,11/14/25,2025-2026,8:10 AM,0,1,0
67019171,67_67399_5136980,136973,1/31/26,2025-2026,11:33 AM,0,0,1
67019171,67_67399_5136980,137162,2/12/26,2025-2026,11:27 AM,0,3,0
67019172,67_67399_5136980,138649,5/28/26,2025-2026,11:22 AM,0,1,0
67019180,67_67399_5136980,135957,10/28/25,2025-2026,9:22 AM,0,0,1
67019181,67_67399_5136980,137807,3/24/26,2025-2026,11:30 AM,0,1,0
67019200,67_67399_5136980,135711,10/7/25,2025-2026,3:07 PM,0,0,1
67019200,67_67399_5136980,136758,1/17/26,2025-2026,12:00 PM,0,0,0
67019201,67_67399_5136980,137883,3/27/26,2025-2026,11:20 AM,0,0,0
67019201,67_67399_5136980,138504,5/15/26,2025-2026,3:20 PM,0,0,0
67019207,67_67399_5136980,137769,3/21/26,2025-2026,10:39 AM,0,2,0
67019207,67_67399_5136980,137881,3/27/26,2025-2026,1:40 PM,0,1,0
67019208,67_67399_5136980,135970,10/28/25,2025-2026,2:30 PM,0,0,0
67019213,67_67399_5136980,138419,5/12/26,2025-2026,2:13 PM,0,1,0
67019213,67_67399_5136980,138420,5/12/26,2025-2026,2:13 PM,0,1,0
67019218,67_67399_5136980,135984,10/29/25,2025-2026,12:25 PM,0,2,0
67019218,67_67399_5136980,137729,3/19/26,2025-2026,2:11 PM,0,2,0
67019219,67_67399_5136980,136863,1/27/26,2025-2026,12:43 PM,0,2,0
67019219,67_67399_5136980,137429,3/3/26,2025-2026,11:06 AM,0,1,0
67019219,67_67399_5136980,137666,3/14/26,2025-2026,2:53 PM,0,1,0
67019219,67_67399_5136980,137921,4/2/26,2025-2026,8:44 AM,0,1,0
67019224,67_67399_5136980,136828,1/23/26,2025-2026,11:34 AM,0,0,0
67019226,67_67399_5136980,137580,3/11/26,2025-2026,1:15 PM,0,0,0
67019226,67_67399_5136980,138606,5/23/26,2025-2026,10:15 AM,0,0,0
67019241,67_67399_5136980,137604,3/12/26,2025-2026,2:03 PM,0,1,0
67019241,67_67399_5136980,138468,5/14/26,2025-2026,2:08 PM,0,1,0
67019250,67_67399_5136980,135363,9/9/25,2025-2026,2:22 PM,0,0,1
67019250,67_67399_5136980,135461,9/16/25,2025-2026,11:43 AM,0,2,0
67019250,67_67399_5136980,135671,10/4/25,2025-2026,11:24 AM,0,2,0
67019250,67_67399_5136980,135915,10/23/25,2025-2026,12:01 PM,0,0,1
67019250,67_67399_5136980,136099,11/6/25,2025-2026,11:24 AM,0,1,0
67019250,67_67399_5136980,137405,2/27/26,2025-2026,11:55 AM,0,0,1
67019250,67_67399_5136980,137731,3/19/26,2025-2026,1:40 PM,0,1,0
67019253,67_67399_5136980,136249,11/18/25,2025-2026,8:14 AM,0,0,1
67019255,67_67399_5136980,135466,9/16/25,2025-2026,1:35 PM,0,0,1
67019255,67_67399_5136980,135715,10/8/25,2025-2026,8:09 AM,0,2,1
67019255,67_67399_5136980,137985,4/4/26,2025-2026,11:32 AM,0,3,0
67019258,67_67399_5136980,138190,4/17/26,2025-2026,11:26 AM,0,0,1
67019262,67_67399_5136980,138408,5/12/26,2025-2026,11:43 AM,0,1,0
67019268,67_67399_5136980,136599,1/7/26,2025-2026,8:35 AM,0,1,0
67019268,67_67399_5136980,136651,1/10/26,2025-2026,3:07 PM,0,1,1
67019273,67_67399_5136980,135570,9/26/25,2025-2026,11:06 AM,0,1,0
67019273,67_67399_5136980,135623,10/1/25,2025-2026,2:50 PM,0,2,0
67019273,67_67399_5136980,135847,10/17/25,2025-2026,9:15 AM,0,0,0
67019273,67_67399_5136980,136018,10/30/25,2025-2026,12:45 PM,1,0,0
67019273,67_67399_5136980,136893,1/28/26,2025-2026,2:23 PM,0,2,0
67019273,67_67399_5136980,137002,2/3/26,2025-2026,1:50 PM,1,0,1
67019273,67_67399_5136980,137710,3/19/26,2025-2026,9:10 AM,0,1,1
67019273,67_67399_5136980,138100,4/11/26,2025-2026,10:30 AM,0,1,0
67019273,67_67399_5136980,138134,4/14/26,2025-2026,2:28 PM,0,2,0
67019273,67_67399_5136980,138401,5/12/26,2025-2026,9:43 AM,0,1,0
67019275,67_67399_5136980,135282,8/30/25,2025-2026,8:08 AM,0,1,0
67019281,67_67399_5136980,136701,1/15/26,2025-2026,9:40 AM,0,2,0
67019281,67_67399_5136980,137707,3/18/26,2025-2026,2:25 PM,0,1,0
67019281,67_67399_5136980,138319,5/6/26,2025-2026,9:49 AM,0,0,1
67019286,67_67399_5136980,136319,11/20/25,2025-2026,11:00 AM,0,1,0
67019291,67_67399_5136980,137717,3/19/26,2025-2026,11:08 AM,0,0,1
67019295,67_67399_5136980,135364,9/9/25,2025-2026,2:22 PM,0,0,1
67019295,67_67399_5136980,135835,10/16/25,2025-2026,1:18 PM,0,0,1
67019295,67_67399_5136980,137894,3/28/26,2025-2026,12:12 PM,0,2,0
67019295,67_67399_5136980,138165,4/16/26,2025-2026,11:34 AM,0,1,0
67019298,67_67399_5136980,137532,3/7/26,2025-2026,3:30 PM,0,0,0
67019300,67_67399_5136980,135225,8/28/25,2025-2026,7:58 AM,0,1,0
67019300,67_67399_5136980,135959,10/26/25,2025-2026,7:30 PM,0,0,0
67019301,67_67399_5136980,137367,2/25/26,2025-2026,1:53 PM,0,1,0
67019301,67_67399_5136980,138437,5/13/26,2025-2026,10:38 AM,0,0,1
67019301,67_67399_5136980,138607,5/23/26,2025-2026,10:20 AM,3,0,0
67019310,67_67399_5136980,138247,4/30/26,2025-2026,10:53 AM,0,1,0
67019317,67_67399_5136980,135188,8/26/25,2025-2026,12:09 PM,0,1,0
67019318,67_67399_5136980,135227,8/28/25,2025-2026,8:05 AM,0,1,0
67019320,67_67399_5136980,138090,4/10/26,2025-2026,2:39 PM,0,1,0
67019324,67_67399_5136980,137393,2/27/26,2025-2026,10:15 AM,0,0,1
67019326,67_67399_5136980,135568,9/26/25,2025-2026,10:30 AM,0,0,1
67019326,67_67399_5136980,136499,12/11/25,2025-2026,2:27 PM,0,1,0
67019326,67_67399_5136980,136517,12/12/25,2025-2026,2:17 PM,0,1,0
67019326,67_67399_5136980,136547,12/16/25,2025-2026,2:16 PM,0,1,0
67019326,67_67399_5136980,136576,12/19/25,2025-2026,11:55 AM,0,1,0
67019340,67_67399_5136980,135198,8/27/25,2025-2026,8:06 AM,0,1,0
67019342,67_67399_5136980,136809,1/23/26,2025-2026,11:44 AM,0,0,1
67019352,67_67399_5136980,136582,12/20/25,2025-2026,12:40 PM,0,1,0
67019364,67_67399_5136980,137117,2/7/26,2025-2026,12:53 PM,0,0,1
67019377,67_67399_5136980,135289,8/30/25,2025-2026,9:51 AM,0,1,0
67019379,67_67399_5136980,136552,12/17/25,2025-2026,9:59 AM,0,0,1
67019380,67_67399_5136980,135677,10/4/25,2025-2026,10:30 PM,0,0,0
67019380,67_67399_5136980,138577,5/21/26,2025-2026,1:28 PM,0,1,0
67019388,67_67399_5136980,136317,11/21/25,2025-2026,10:15 AM,0,1,0
67019388,67_67399_5136980,136551,12/17/25,2025-2026,9:46 AM,0,2,2
67019396,67_67399_5136980,136844,1/24/26,2025-2026,12:08 PM,0,0,1
67019402,67_67399_5136980,137271,2/19/26,2025-2026,12:55 PM,0,1,0
67019405,67_67399_5136980,136845,1/24/26,2025-2026,12:06 PM,0,0,1
67019409,67_67399_5136980,136355,11/22/25,2025-2026,12:05 PM,0,0,1
67019409,67_67399_5136980,137534,3/7/26,2025-2026,3:30 PM,1,0,0
67019412,67_67399_5136980,135869,10/17/25,2025-2026,3:44 PM,0,0,1
67019416,67_67399_5136980,135809,10/15/25,2025-2026,11:14 AM,0,0,1
67019417,67_67399_5136980,138452,5/13/26,2025-2026,2:14 PM,0,1,0
67019418,67_67399_5136980,135272,8/29/25,2025-2026,2:15 PM,1,0,0
67019418,67_67399_5136980,135620,10/1/25,2025-2026,2:19 PM,0,1,0
67019425,67_67399_5136980,136585,1/6/26,2025-2026,10:15 AM,0,1,0
67019429,67_67399_5136980,136326,11/21/25,2025-2026,12:23 PM,0,2,1
67019429,67_67399_5136980,137676,9/11/26,2025-2026,8:10 AM,0,1,0
67019443,67_67399_5136980,137891,3/28/26,2025-2026,11:16 AM,0,1,0
67019447,67_67399_5136980,138632,5/27/26,2025-2026,10:47 AM,0,0,1
67019448,67_67399_5136980,137959,4/3/26,2025-2026,11:50 AM,0,2,0
67019449,67_67399_5136980,135390,9/11/25,2025-2026,8:07 AM,0,1,0
67019453,67_67399_5136980,135918,10/23/25,2025-2026,12:15 PM,0,0,0
67019463,67_67399_5136980,137327,2/24/26,2025-2026,12:54 PM,0,0,0
67019463,67_67399_5136980,138462,5/14/26,2025-2026,10:50 AM,0,1,0
67019469,67_67399_5136980,135837,10/16/25,2025-2026,9:39 AM,0,0,1
67019469,67_67399_5136980,136544,12/16/25,2025-2026,12:04 PM,0,1,0
67019469,67_67399_5136980,136794,1/22/26,2025-2026,2:20 PM,0,0,0
67019469,67_67399_5136980,138592,5/22/26,2025-2026,11:18 AM,0,1,1
67019470,67_67399_5136980,136795,1/22/26,2025-2026,2:40 PM,0,0,0
67019470,67_67399_5136980,137295,2/21/26,2025-2026,10:50 AM,0,1,0
67019470,67_67399_5136980,138148,4/15/26,2025-2026,10:43 AM,0,1,0
67019470,67_67399_5136980,138463,5/14/26,2025-2026,10:50 AM,0,1,0
67019481,67_67399_5136980,137331,2/24/26,2025-2026,1:32 PM,0,0,1
67019484,67_67399_5136980,136953,1/30/26,2025-2026,1:31 PM,0,2,1
67019504,67_67399_5136980,135344,9/6/25,2025-2026,3:13 PM,0,0,1
67019513,67_67399_5136980,136222,11/14/25,2025-2026,3:05 PM,0,1,0
67019516,67_67399_5136980,135633,10/2/25,2025-2026,11:29 PM,0,0,1
67019516,67_67399_5136980,138082,4/10/26,2025-2026,11:40 AM,0,1,0
67019523,67_67399_5136980,135962,10/25/25,2025-2026,2:28 PM,0,1,0
67019526,67_67399_5136980,136392,12/3/25,2025-2026,9:19 AM,0,1,1
67019526,67_67399_5136980,137373,2/26/26,2025-2026,9:13 AM,0,2,1
67019526,67_67399_5136980,137539,3/7/26,2025-2026,10:52 AM,0,1,0
67019526,67_67399_5136980,137830,3/25/26,2025-2026,3:06 PM,0,1,0
67019527,67_67399_5136980,135736,10/8/25,2025-2026,9:11 AM,0,0,1
67019533,67_67399_5136980,136460,12/6/25,2025-2026,1:30 PM,0,1,0
67019536,67_67399_5136980,136813,1/21/26,2025-2026,12:25 PM,0,0,1
67019543,67_67399_5136980,135189,8/26/25,2025-2026,8:11 AM,0,1,0
67019543,67_67399_5136980,135717,10/8/25,2025-2026,9:47 AM,0,1,0
67019545,67_67399_5136980,136934,1/29/26,2025-2026,3:07 PM,0,1,0
67019557,67_67399_5136980,135963,10/18/25,2025-2026,2:20 PM,0,1,1
67019557,67_67399_5136980,136736,1/16/26,2025-2026,11:15 AM,0,1,0
67019557,67_67399_5136980,138621,5/23/26,2025-2026,2:38 PM,0,0,1
67019562,67_67399_5136980,135201,8/27/25,2025-2026,8:17 AM,0,1,0
67019572,67_67399_5136980,136788,1/22/26,2025-2026,2:20 PM,0,1,0
67019577,67_67399_5136980,135836,10/16/25,2025-2026,1:29 PM,0,1,0
67019577,67_67399_5136980,135861,10/17/25,2025-2026,1:24 PM,0,1,0
67019577,67_67399_5136980,136238,11/15/25,2025-2026,1:41 PM,0,1,0
67019577,67_67399_5136980,137573,3/11/26,2025-2026,11:10 AM,0,1,0
67019585,67_67399_5136980,136189,11/13/25,2025-2026,12:11 PM,0,1,0
67019588,67_67399_5136980,135278,8/30/25,2025-2026,10:56 AM,0,0,1
67019588,67_67399_5136980,135299,9/3/25,2025-2026,12:51 PM,0,1,0
67019588,67_67399_5136980,135301,9/3/25,2025-2026,1:42 PM,0,0,1
67019588,67_67399_5136980,137125,2/7/26,2025-2026,3:16 PM,0,1,0
67019591,67_67399_5136980,135283,8/30/25,2025-2026,8:15 AM,0,1,0
67019593,67_67399_5136980,135233,8/28/25,2025-2026,8:19 AM,0,1,0
67019596,67_67399_5136980,136162,11/12/25,2025-2026,8:31 AM,0,1,0
67019596,67_67399_5136980,136774,1/22/26,2025-2026,8:31 AM,0,1,0
67019598,67_67399_5136980,136486,12/11/25,2025-2026,9:10 AM,0,1,0
67019603,67_67399_5136980,136994,2/3/26,2025-2026,9:18 AM,0,0,1
67019604,67_67399_5136980,135345,9/6/25,2025-2026,3:14 PM,0,0,1
67019609,67_67399_5136980,136591,12/28/25,2025-2026,2:01 PM,0,1,0
67019612,67_67399_5136980,135707,10/7/25,2025-2026,1:45 PM,0,0,1
67019612,67_67399_5136980,135862,10/17/25,2025-2026,9:57 AM,0,0,1
67019614,67_67399_5136980,137169,2/12/26,2025-2026,10:23 AM,0,0,0
67019614,67_67399_5136980,138523,5/15/26,2025-2026,12:00 PM,3,0,0
67019619,67_67399_5136980,136969,1/30/26,2025-2026,2:56 PM,0,0,1
67019619,67_67399_5136980,137892,3/28/26,2025-2026,11:17 AM,0,0,1
67019638,67_67399_5136980,135842,10/16/25,2025-2026,2:39 PM,0,1,0
67019638,67_67399_5136980,136200,11/13/25,2025-2026,11:00 AM,0,0,0
67019638,67_67399_5136980,136337,11/21/25,2025-2026,1:50 PM,0,1,0
67019638,67_67399_5136980,136886,1/28/26,2025-2026,12:41 PM,0,1,0
67019638,67_67399_5136980,136882,1/28/26,2025-2026,11:40 AM,0,0,1
67019638,67_67399_5136980,137060,2/5/26,2025-2026,2:47 PM,0,1,0
67019638,67_67399_5136980,137298,2/21/26,2025-2026,11:29 AM,0,1,0
67019638,67_67399_5136980,137847,3/26/26,2025-2026,12:25 PM,2,0,0
67019641,67_67399_5136980,135716,10/8/25,2025-2026,8:31 AM,0,1,0
67019641,67_67399_5136980,138171,4/16/26,2025-2026,2:35 PM,0,1,0
67019644,67_67399_5136980,135822,10/16/25,2025-2026,9:30 AM,0,0,1
67019653,67_67399_5136980,137756,3/19/26,2025-2026,3:19 PM,0,0,1
67019663,67_67399_5136980,138231,4/29/26,2025-2026,10:27 AM,0,4,0
67019664,67_67399_5136980,136963,1/30/26,2025-2026,2:43 PM,0,1,0
67019664,67_67399_5136980,136964,1/30/26,2025-2026,2:43 PM,0,1,0
67019665,67_67399_5136980,136154,11/8/25,2025-2026,2:29 PM,0,2,1
67019665,67_67399_5136980,137521,3/6/26,2025-2026,2:25 PM,0,3,1
67019665,67_67399_5136980,138260,4/30/26,2025-2026,3:17 PM,0,1,1
67019667,67_67399_5136980,135634,10/2/25,2025-2026,11:20 AM,3,0,0
67019667,67_67399_5136980,138008,4/7/26,2025-2026,2:37 PM,0,0,0
67019672,67_67399_5136980,135692,10/7/25,2025-2026,10:15 AM,0,1,0
67019675,67_67399_5136980,136029,10/31/25,2025-2026,10:27 AM,0,1,0
67019677,67_67399_5136980,135501,9/19/25,2025-2026,2:53 PM,0,1,0
67019677,67_67399_5136980,136022,10/30/25,2025-2026,1:50 PM,0,0,1
67019677,67_67399_5136980,136737,1/16/26,2025-2026,11:15 AM,0,1,0
67019678,67_67399_5136980,136338,11/21/25,2025-2026,2:40 PM,0,1,0
67019679,67_67399_5136980,136098,11/6/25,2025-2026,9:19 AM,0,0,0
67019688,67_67399_5136980,136020,10/30/25,2025-2026,1:50 PM,0,0,0
67019688,67_67399_5136980,136694,1/14/26,2025-2026,2:25 PM,0,1,0
67019688,67_67399_5136980,136883,1/28/26,2025-2026,11:44 AM,0,0,1
67019688,67_67399_5136980,137280,2/20/26,2025-2026,11:30 AM,0,1,0
67019688,67_67399_5136980,137299,2/21/26,2025-2026,11:31 AM,0,1,0
67019688,67_67399_5136980,138630,5/27/26,2025-2026,8:40 AM,0,1,0
67019694,67_67399_5136980,136546,12/16/25,2025-2026,11:57 AM,0,0,1
67019712,67_67399_5136980,136368,12/2/25,2025-2026,9:14 AM,0,2,0
67019715,67_67399_5136980,135969,10/26/25,2025-2026,7:30 PM,0,0,0
67019720,67_67399_5136980,137050,2/5/26,2025-2026,11:59 AM,0,1,0
67019720,67_67399_5136980,137366,2/25/26,2025-2026,1:45 PM,0,0,1
67019721,67_67399_5136980,135391,9/11/25,2025-2026,8:08 AM,0,1,0
67019729,67_67399_5136980,135618,10/1/25,2025-2026,12:56 PM,0,0,0
67019729,67_67399_5136980,136116,11/7/25,2025-2026,8:21 AM,0,1,0
67019729,67_67399_5136980,136406,12/4/25,2025-2026,8:31 AM,0,0,1
67019740,67_67399_5136980,135398,9/11/25,2025-2026,9:26 AM,0,1,0
67019741,67_67399_5136980,137844,3/26/26,2025-2026,12:03 PM,0,0,0
67019745,67_67399_5136980,135816,10/15/25,2025-2026,2:28 PM,0,0,1
67019745,67_67399_5136980,135841,10/16/25,2025-2026,2:23 PM,0,1,0
67019745,67_67399_5136980,135926,10/23/25,2025-2026,2:17 PM,0,1,0
67019745,67_67399_5136980,136199,11/13/25,2025-2026,2:25 PM,0,0,1
67019745,67_67399_5136980,136960,1/30/26,2025-2026,1:58 PM,0,0,1
67019745,67_67399_5136980,137098,2/6/26,2025-2026,2:39 PM,0,1,0
67019745,67_67399_5136980,138567,5/21/26,2025-2026,11:01 AM,0,1,0
67019746,67_67399_5136980,137599,3/12/26,2025-2026,11:40 AM,0,1,0
67019747,67_67399_5136980,135429,9/12/25,2025-2026,11:29 AM,0,0,1
67019763,67_67399_5136980,135432,9/12/25,2025-2026,12:36 PM,0,1,0
67019767,67_67399_5136980,136570,12/18/25,2025-2026,10:34 AM,0,2,1
67019771,67_67399_5136980,137411,2/27/26,2025-2026,12:35 PM,0,0,1
67019771,67_67399_5136980,137725,3/19/26,2025-2026,12:28 PM,0,1,1
67019772,67_67399_5136980,135705,10/7/25,2025-2026,1:39 PM,0,1,1
67019772,67_67399_5136980,137394,2/27/26,2025-2026,10:59 AM,0,3,0
67019773,67_67399_5136980,136598,1/6/26,2025-2026,2:45 PM,0,0,0
67019777,67_67399_5136980,135314,9/5/25,2025-2026,10:25 AM,0,3,0
67019778,67_67399_5136980,138373,5/8/26,2025-2026,9:36 AM,0,0,1
67019781,67_67399_5136980,137195,2/13/26,2025-2026,12:44 PM,0,1,0
67019791,67_67399_5136980,136009,10/30/25,2025-2026,10:33 AM,0,1,0
67019794,67_67399_5136980,135210,8/27/25,2025-2026,8:29 AM,0,1,0
67019794,67_67399_5136980,135356,9/9/25,2025-2026,9:30 AM,0,1,0
67019794,67_67399_5136980,137391,2/27/26,2025-2026,9:33 AM,0,1,0
67019794,67_67399_5136980,137774,3/21/26,2025-2026,1:20 PM,0,1,0
67019803,67_67399_5136980,135601,9/30/25,2025-2026,2:17 PM,0,1,0
67019808,67_67399_5136980,135853,10/17/25,2025-2026,11:07 AM,0,1,0
67019808,67_67399_5136980,136581,12/20/25,2025-2026,12:25 PM,0,1,0
67019813,67_67399_5136980,138678,5/30/26,2025-2026,12:30 PM,0,1,0
67019814,67_67399_5136980,136202,11/14/25,2025-2026,9:12 AM,0,1,0
67019815,67_67399_5136980,135273,8/30/25,2025-2026,8:25 AM,0,0,1
67019815,67_67399_5136980,136341,11/21/25,2025-2026,12:20 PM,0,1,0
67019815,67_67399_5136980,136318,11/21/25,2025-2026,10:26 AM,0,2,0
67019815,67_67399_5136980,137101,2/6/26,2025-2026,3:05 PM,0,1,0
67019818,67_67399_5136980,138397,5/9/26,2025-2026,1:15 PM,0,1,0
67019821,67_67399_5136980,135595,9/26/25,2025-2026,3:00 PM,0,0,0
67019821,67_67399_5136980,135739,10/9/25,2025-2026,12:56 PM,2,0,1
67019821,67_67399_5136980,136134,11/7/25,2025-2026,9:20 AM,0,1,0
67019825,67_67399_5136980,137077,2/6/26,2025-2026,11:06 AM,0,0,1
67019825,67_67399_5136980,138522,5/16/26,2025-2026,1:27 PM,0,1,0
67019827,67_67399_5136980,135830,10/16/25,2025-2026,12:03 PM,0,1,0
67019827,67_67399_5136980,136371,12/2/25,2025-2026,10:57 AM,0,1,0
67019827,67_67399_5136980,137786,3/24/26,2025-2026,10:02 AM,0,1,0
67019836,67_67399_5136980,135961,10/28/25,2025-2026,11:00 AM,0,1,0
67019836,67_67399_5136980,136124,11/7/25,2025-2026,1:10 PM,0,1,0
67019844,67_67399_5136980,136313,11/21/25,2025-2026,9:51 AM,0,0,0
67019846,67_67399_5136980,138013,4/8/26,2025-2026,9:01 AM,0,2,0
67019848,67_67399_5136980,136614,1/7/26,2025-2026,12:35 PM,0,1,0
67019852,67_67399_5136980,137783,3/19/26,2025-2026,3:20 PM,0,0,1
67019854,67_67399_5136980,135567,9/26/25,2025-2026,10:22 AM,0,1,0
67019856,67_67399_5136980,137977,4/3/26,2025-2026,3:06 PM,0,1,1
67019872,67_67399_5136980,135204,8/27/25,2025-2026,10:51 AM,0,2,0
67019872,67_67399_5136980,138531,5/19/26,2025-2026,10:37 AM,0,1,0
67019873,67_67399_5136980,136522,12/13/25,2025-2026,9:18 AM,0,0,1
67019874,67_67399_5136980,136047,11/1/25,2025-2026,12:09 PM,0,2,0
67019878,67_67399_5136980,135729,10/9/25,2025-2026,10:43 AM,0,1,0
67019878,67_67399_5136980,136895,1/29/26,2025-2026,7:48 AM,0,4,1
67019878,67_67399_5136980,137512,3/6/26,2025-2026,12:14 PM,0,0,1
67019893,67_67399_5136980,138162,4/16/26,2025-2026,9:46 AM,0,1,0
67019894,67_67399_5136980,138330,5/6/26,2025-2026,1:30 PM,0,0,1
67019899,67_67399_5136980,138345,5/7/26,2025-2026,8:56 AM,0,1,0
67019910,67_67399_5136980,136909,1/29/26,2025-2026,10:55 AM,0,1,0
67019910,67_67399_5136980,137217,2/14/26,2025-2026,11:13 AM,0,1,0
67019910,67_67399_5136980,138501,5/15/26,2025-2026,3:14 PM,0,2,0
67019916,67_67399_5136980,137919,4/2/26,2025-2026,8:38 AM,0,1,0
67019916,67_67399_5136980,138014,4/8/26,2025-2026,9:05 AM,0,2,0
67019920,67_67399_5136980,135517,9/20/25,2025-2026,2:40 PM,0,0,1
67019926,67_67399_5136980,135951,10/25/25,2025-2026,1:17 PM,0,1,0
67019927,67_67399_5136980,136629,1/9/26,2025-2026,11:16 AM,0,1,1
67019931,67_67399_5136980,135366,9/9/25,2025-2026,11:58 AM,0,1,0
67019931,67_67399_5136980,135516,9/20/25,2025-2026,2:37 PM,0,1,0
67019931,67_67399_5136980,135564,9/26/25,2025-2026,8:43 AM,0,1,0
67019931,67_67399_5136980,135706,10/4/25,2025-2026,1:46 PM,0,0,1
67019931,67_67399_5136980,135793,10/11/25,2025-2026,2:20 PM,0,0,1
67019931,67_67399_5136980,136306,11/20/25,2025-2026,3:00 PM,0,0,1
67019931,67_67399_5136980,136652,1/13/26,2025-2026,8:51 AM,0,1,0
67019931,67_67399_5136980,137177,2/12/26,2025-2026,2:21 PM,0,1,0
67019932,67_67399_5136980,135518,9/20/25,2025-2026,2:50 PM,0,2,1
67019932,67_67399_5136980,135723,10/8/25,2025-2026,9:30 AM,0,0,1
67019932,67_67399_5136980,135964,10/18/25,2025-2026,2:20 PM,0,0,1
67019932,67_67399_5136980,137040,2/5/26,2025-2026,9:34 AM,0,1,0
67019932,67_67399_5136980,138038,4/9/26,2025-2026,8:50 AM,0,1,0
67019932,67_67399_5136980,138276,5/1/26,2025-2026,12:10 PM,0,0,1
67019937,67_67399_5136980,136155,11/8/25,2025-2026,2:32 PM,0,2,1
67019937,67_67399_5136980,137176,2/12/26,2025-2026,10:25 AM,0,0,0
67019937,67_67399_5136980,137522,3/6/26,2025-2026,2:28 PM,0,2,1
67019937,67_67399_5136980,138259,4/30/26,2025-2026,3:15 PM,0,1,1
67019939,67_67399_5136980,136096,11/6/25,2025-2026,10:44 AM,0,2,1
67019939,67_67399_5136980,136250,11/18/25,2025-2026,10:24 AM,0,1,1
67019944,67_67399_5136980,135451,9/13/25,2025-2026,10:48 AM,0,1,0
67019944,67_67399_5136980,135972,10/28/25,2025-2026,12:30 PM,0,0,1
67019944,67_67399_5136980,136021,10/30/25,2025-2026,1:30 PM,0,0,1
67019944,67_67399_5136980,136030,10/31/25,2025-2026,10:27 AM,0,1,0
67019944,67_67399_5136980,138160,4/16/26,2025-2026,9:31 AM,0,1,0
67019944,67_67399_5136980,138622,5/23/26,2025-2026,2:40 PM,0,1,0
67019946,67_67399_5136980,136668,1/13/26,2025-2026,2:30 PM,0,1,0
67019946,67_67399_5136980,136786,1/22/26,2025-2026,2:20 PM,0,1,0
67019955,67_67399_5136980,135759,10/10/25,2025-2026,9:23 AM,0,0,1
67019963,67_67399_5136980,135998,10/29/25,2025-2026,1:20 PM,0,1,0
67019963,67_67399_5136980,136357,11/22/25,2025-2026,12:36 PM,0,1,0
67019963,67_67399_5136980,136351,11/22/25,2025-2026,10:35 AM,0,1,0
67019966,67_67399_5136980,135369,9/9/25,2025-2026,12:23 PM,0,1,0
67019967,67_67399_5136980,136380,12/2/25,2025-2026,10:26 PM,0,0,1
67019972,67_67399_5136980,135346,9/6/25,2025-2026,3:15 PM,0,0,1
67019972,67_67399_5136980,135746,10/9/25,2025-2026,2:30 PM,0,1,1
67019972,67_67399_5136980,136330,11/20/25,2025-2026,2:26 PM,0,2,1
67019977,67_67399_5136980,135187,8/26/25,2025-2026,8:00 AM,0,1,0
67019980,67_67399_5136980,136864,1/27/26,2025-2026,1:38 PM,0,0,1
67019980,67_67399_5136980,136903,1/29/26,2025-2026,10:24 AM,0,1,0
67020012,67_67399_5136980,137416,2/27/26,2025-2026,2:30 PM,0,1,0
67020019,67_67399_5136980,138065,4/9/26,2025-2026,10:35 AM,0,0,1
67020023,67_67399_5136980,137182,2/12/26,2025-2026,12:29 PM,0,1,0
67020027,67_67399_5136980,137778,3/21/26,2025-2026,3:22 PM,0,0,1
67020028,67_67399_5136980,137244,2/18/26,2025-2026,10:30 AM,0,2,0
67020031,67_67399_5136980,135594,9/26/25,2025-2026,1:00 PM,0,0,0
67020033,67_67399_5136980,135294,8/30/25,2025-2026,9:52 AM,0,1,0
67020037,67_67399_5136980,137808,3/25/26,2025-2026,8:33 AM,0,1,0
67020053,67_67399_5136980,135436,9/12/25,2025-2026,1:30 PM,0,0,1
67020053,67_67399_5136980,135569,9/26/25,2025-2026,10:55 AM,0,1,0
67020053,67_67399_5136980,136563,12/18/25,2025-2026,10:01 AM,0,1,1
67020069,67_67399_5136980,136169,11/12/25,2025-2026,10:28 AM,0,1,0
67020069,67_67399_5136980,136184,11/13/25,2025-2026,10:27 AM,0,1,0
67020073,67_67399_5136980,135927,10/23/25,2025-2026,2:15 PM,0,1,0
67020073,67_67399_5136980,137116,2/7/26,2025-2026,12:43 PM,0,0,1
67020073,67_67399_5136980,137689,3/17/26,2025-2026,2:51 PM,0,0,1
67020073,67_67399_5136980,137835,3/26/26,2025-2026,9:17 AM,0,1,0
67020075,67_67399_5136980,138019,4/8/26,2025-2026,9:21 AM,0,1,0
67020077,67_67399_5136980,137187,2/13/26,2025-2026,9:38 AM,0,1,0
67020077,67_67399_5136980,137992,4/7/26,2025-2026,9:46 AM,0,0,1
67020077,67_67399_5136980,138244,4/29/26,2025-2026,3:10 PM,0,0,1
67020082,67_67399_5136980,136933,1/29/26,2025-2026,2:48 PM,0,0,1
67020082,67_67399_5136980,137441,3/3/26,2025-2026,2:43 PM,0,0,1
67020083,67_67399_5136980,136835,1/24/26,2025-2026,10:25 AM,0,0,1
67020083,67_67399_5136980,138384,5/8/26,2025-2026,1:15 PM,0,0,0
67020084,67_67399_5136980,135548,9/24/25,2025-2026,2:13 PM,0,0,1
67020096,67_67399_5136980,136566,12/18/25,2025-2026,10:33 AM,0,0,1
67020099,67_67399_5136980,135455,9/13/25,2025-2026,3:14 PM,0,1,0
67020099,67_67399_5136980,138655,5/29/26,2025-2026,11:30 AM,0,1,1
67020106,67_67399_5136980,135651,10/3/25,2025-2026,11:42 AM,0,0,1
67020106,67_67399_5136980,135797,10/14/25,2025-2026,12:45 PM,0,1,0
67020119,67_67399_5136980,135819,10/16/25,2025-2026,7:55 AM,0,0,1
67020119,67_67399_5136980,135956,10/25/25,2025-2026,3:05 PM,0,1,1
67020120,67_67399_5136980,136561,12/17/25,2025-2026,2:26 PM,0,1,0
67020126,67_67399_5136980,136117,11/7/25,2025-2026,12:03 PM,0,0,1
67020126,67_67399_5136980,136961,1/30/26,2025-2026,9:12 AM,0,1,0
67020131,67_67399_5136980,136622,1/8/26,2025-2026,1:40 PM,0,1,0
67020138,67_67399_5136980,135980,10/29/25,2025-2026,11:12 AM,0,2,1
67020140,67_67399_5136980,136983,1/31/26,2025-2026,12:00 PM,0,0,1
67020149,67_67399_5136980,135658,10/3/25,2025-2026,12:24 PM,3,0,0
67020149,67_67399_5136980,136948,1/30/26,2025-2026,12:01 PM,0,1,0
67020149,67_67399_5136980,137962,4/3/26,2025-2026,12:22 PM,0,1,0
67020149,67_67399_5136980,138087,4/10/26,2025-2026,12:45 PM,0,1,0
67020150,67_67399_5136980,136492,12/11/25,2025-2026,1:04 PM,0,0,1
67020150,67_67399_5136980,137314,2/21/26,2025-2026,3:55 PM,0,0,1
67020152,67_67399_5136980,137306,2/21/26,2025-2026,12:57 PM,0,0,1
67020153,67_67399_5136980,135880,10/18/25,2025-2026,1:24 PM,0,0,1
67020153,67_67399_5136980,136385,12/2/25,2025-2026,1:20 PM,0,0,0
67020160,67_67399_5136980,135310,9/5/25,2025-2026,8:53 AM,0,2,0
67020160,67_67399_5136980,135343,9/6/25,2025-2026,2:57 PM,0,0,1
67020160,67_67399_5136980,135442,9/12/25,2025-2026,2:48 PM,0,1,1
67020160,67_67399_5136980,135580,9/27/25,2025-2026,10:58 AM,0,1,0
67020160,67_67399_5136980,135648,10/3/25,2025-2026,10:51 AM,0,2,0
67020160,67_67399_5136980,136626,1/9/26,2025-2026,9:20 AM,0,0,0
67020160,67_67399_5136980,137983,4/2/26,2025-2026,10:25 AM,0,1,0
67020160,67_67399_5136980,138142,4/15/26,2025-2026,8:35 AM,0,1,1
67020160,67_67399_5136980,138270,5/1/26,2025-2026,11:20 AM,0,1,0
67020160,67_67399_5136980,138456,5/14/26,2025-2026,10:09 AM,0,0,1
67020162,67_67399_5136980,135467,9/16/25,2025-2026,2:19 PM,0,2,0
67020162,67_67399_5136980,135542,9/24/25,2025-2026,12:12 PM,0,0,1
67020162,67_67399_5136980,135832,10/16/25,2025-2026,11:45 PM,0,0,1
67020164,67_67399_5136980,135545,9/24/25,2025-2026,10:55 PM,0,0,1
67020164,67_67399_5136980,136790,1/22/26,2025-2026,2:40 PM,0,0,0
67020164,67_67399_5136980,137302,2/21/26,2025-2026,12:10 PM,3,0,0
67020169,67_67399_5136980,137886,3/27/26,2025-2026,12:40 PM,0,0,0
67020181,67_67399_5136980,136941,1/30/26,2025-2026,9:25 AM,0,0,1
67020181,67_67399_5136980,138041,4/9/26,2025-2026,10:57 AM,0,0,1
67019675,67_67399_5136980,137500,3/5/26,2025-2026,9:52 AM,0,1,0
67019675,67_67399_5136980,138332,5/6/26,2025-2026,1:53 PM,0,1,0
67019677,67_67399_5136980,137499,3/5/26,2025-2026,9:48 AM,0,1,0
67019777,67_67399_5136980,136239,11/15/25,2025-2026,1:45 PM,0,0,1
67019777,67_67399_5136980,137505,3/6/26,2025-2026,11:32 AM,0,1,0
67019874,67_67399_5136980,137504,3/5/26,2025-2026,10:30 AM,0,1,0
67019972,67_67399_5136980,138210,4/28/26,2025-2026,2:05 PM,0,2,0
67020084,67_67399_5136980,138281,5/1/26,2025-2026,2:38 PM,0,1,0
67020098,67_67399_5136980,137540,3/6/26,2025-2026,10:56 AM,0,0,0
67020930,67_67399_5136981,138284,5/1/26,2025-2026,10:15 AM,0,0,1
67020930,67_67399_5136981,138713,5/28/26,2025-2026,10:15 AM,0,2,0
67020932,67_67399_5136981,138707,6/4/26,2025-2026,11:00 AM,0,1,1
67020940,67_67399_5136981,138045,4/9/26,2025-2026,12:18 PM,0,1,0
67020941,67_67399_5136981,135572,9/26/25,2025-2026,2:04 PM,0,1,0
67020941,67_67399_5136981,135728,10/8/25,2025-2026,2:32 PM,0,0,1
67020941,67_67399_5136981,135992,10/29/25,2025-2026,1:32 PM,0,0,1
67020941,67_67399_5136981,136323,11/21/25,2025-2026,11:40 AM,0,0,1
67020945,67_67399_5136981,135379,9/10/25,2025-2026,11:00 AM,0,0,1
67020948,67_67399_5136981,137572,3/11/26,2025-2026,10:30 AM,0,0,1
