site_id,course_name,section_id,course_id,college_dept,deptartment,credits,max_students,grade_level
67_67399_5136971,1st Grade,1 BC-SI-03,G01,,Elementary Department Code,0,24,1
67_67399_5136971,1st Grade,1 BC-SI-04,G01,,Elementary Department Code,0,24,1
67_67399_5136971,Specialized.Acad.Instr.,1-3 BC SAI,SAI,,General,0,15,
67_67399_5136971,2nd Grade,2 BC-SI-06,G02,,Elementary Department Code,0,24,2
67_67399_5136971,2nd Grade,2 BC-SI-07,G02,,Elementary Department Code,0,24,2
67_67399_5136971,2nd Grade,2 BC-SI-12,G02,,Elementary Department Code,0,24,2
67_67399_5136971,3rd Grade,3 BC-SI-5,G03,,Elementary Department Code,0,24,3
67_67399_5136971,3rd Grade,3 BC-SI-8,G03,,Elementary Department Code,0,24,3
67_67399_5136971,4th Grade,4 BC-SI-16,G04,,Elementary Department Code,0,33,4
67_67399_5136971,4th Grade,4 BC-SI-22,G04,,Elementary Department Code,0,33,4
67_67399_5136971,Specialized.Acad.Instr.,4-6 BC-SAI,SAI,,General,0,24,
67_67399_5136971,5th Grade,5-BC-SI-17,G05,,Elementary Department Code,0,33,5
67_67399_5136971,5th Grade,5BC-SI-20,G05,,Elementary Department Code,0,33,5
67_67399_5136971,6th Grade,6 BC-SI-18,G06,,Elementary Department Code,0,33,6
67_67399_5136971,6th Grade,6 BC-SI-19,G06,,Elementary Department Code,0,33,6
67_67399_5136971,Kindergarten,K BC-SI-1,G0K,,Elementary Department Code,0,24,KN
67_67399_5136971,Kindergarten,K BC-SI-2,G0K,,Elementary Department Code,0,24,KN
67_67399_5136971,Specialized.Acad.Instr.,K-1 BC SAI,SAI,,General,0,10,
67_67399_5136971,Transitional Kinder,TKBC-SI-12,TK,,Elementary Department Code,0,24,TK
67_67399_5136972,1st Grade,1 CC-SI-34,G01,,Elementary Department Code,0,24,1
67_67399_5136972,1st Grade,1 CC-SI-37,G01,,Elementary Department Code,0,24,1
67_67399_5136972,1st Grade,1 CC-SI-39,G01,,Elementary Department Code,0,24,1
67_67399_5136972,1st Grade,1 CC-SI-40,G01,,Elementary Department Code,0,24,1
67_67399_5136972,Specialized.Acad.Instr.,1-3 CC-SAI-33,SAI,,General,0,24,
67_67399_5136972,1st Grade,1-CC-SI-36,G01,,Elementary Department Code,0,24,1
67_67399_5136972,2nd Grade,2 CC-SI-30,G02,,Elementary Department Code,0,24,2
67_67399_5136972,2nd Grade,2 CC-SI-31,G02,,Elementary Department Code,0,24,2
67_67399_5136972,2nd Grade,2 CC-SI-32,G02,,Elementary Department Code,0,24,2
67_67399_5136972,2nd Grade,2 CC-SI-35,G02,,Elementary Department Code,0,24,2
67_67399_5136972,3rd Grade,3 CC-SI-18,G03,,Elementary Department Code,0,24,3
67_67399_5136972,3rd Grade,3 CC-SI-23,G03,,Elementary Department Code,0,24,3
67_67399_5136972,3rd Grade,3 CC-SI-27,G03,,Elementary Department Code,0,24,3
67_67399_5136972,3rd Grade,3 CC-SI-28,G03,,Elementary Department Code,0,24,3
67_67399_5136972,3rd Grade,3 CC-SI-29,G03,,Elementary Department Code,0,24,3
67_67399_5136972,4th Grade,4 CC-SI-14,G04,,Elementary Department Code,0,33,4
67_67399_5136972,4th Grade,4 CC-SI-19,G04,,Elementary Department Code,0,33,4
67_67399_5136972,4th Grade,4 CC-SI-20,G04,,Elementary Department Code,0,33,4
67_67399_5136972,4th Grade,4 CC-SI-21,G04,,Elementary Department Code,0,33,4
67_67399_5136972,Specialized.Acad.Instr.,4-6 CC SAI,SAI,,General,0,24,
67_67399_5136972,4th Grade,4-CC-SI-18,G04,,Elementary Department Code,0,33,4
67_67399_5136972,5th Grade,5 CC-SI-11,G05,,Elementary Department Code,0,33,5
67_67399_5136972,5th Grade,5 CC-SI-12,G05,,Elementary Department Code,0,33,5
67_67399_5136972,5th Grade,5 CC-SI-13,G05,,Elementary Department Code,0,33,5
67_67399_5136972,5th Grade,5 CC-SI-14,G05,,Elementary Department Code,0,33,5
67_67399_5136972,6th Grade,6 CC-SI-08,G06,,Elementary Department Code,0,33,6
67_67399_5136972,6th Grade,6 CC-SI-09,G06,,Elementary Department Code,0,33,6
67_67399_5136972,6th Grade,6 CC-SI-15,G06,,Elementary Department Code,0,33,6
67_67399_5136972,Kindergarten,K CC-SI-03,G0K,,Elementary Department Code,0,24,KN
67_67399_5136972,Kindergarten,K CC-SI-04,G0K,,Elementary Department Code,0,24,KN
67_67399_5136972,Kindergarten,K CC-SI-05,G0K,,Elementary Department Code,0,24,KN
67_67399_5136972,Specialized.Acad.Instr.,K-3 CC-SAI-ESN-26,SAI,,General,0,24,
67_67399_5136972,Transitional Kinder,T CC-SI-01,TK,,Elementary Department Code,0,24,TK
67_67399_5136972,Transitional Kinder,T CC-SI-06,TK,,Elementary Department Code,0,24,TK
67_67399_5136972,Specialized.Acad.Instr.,TK-2 CC-SAI-02,SAI,,General,0,15,
67_67399_5136973,1st Grade,1 DL-SI-23,G01,,Elementary Department Code,0,24,1
67_67399_5136973,Specialized.Acad.Instr.,1-3 DL-SAI-52,SAI,,General,0,30,
67_67399_5136973,1st Grade,1DL-DI-T12,G01,,Elementary Department Code,0,24,1
67_67399_5136973,1st Grade,1DL-DI-T13,G01,,Elementary Department Code,0,24,1
67_67399_5136973,1st Grade,1DL-SI-T13,G01,,Elementary Department Code,0,24,1
67_67399_5136973,2nd Grade,2 DL-SI-T5,G02,,Elementary Department Code,0,24,2
67_67399_5136973,2nd Grade,2 DL-SI-T7,G02,,Elementary Department Code,0,24,2
67_67399_5136973,2nd Grade,2 DL-SI-T8,G02,,Elementary Department Code,0,24,2
67_67399_5136973,3rd Grade,3 DL-SI-22,G03,,Elementary Department Code,0,24,3
67_67399_5136973,3rd Grade,3 DL-SI-23,G03,,Elementary Department Code,0,24,3
67_67399_5136973,3rd Grade,3 DL-SI-24,G03,,Elementary Department Code,0,24,3
67_67399_5136973,4th Grade,4 DL-SI-32,G04,,Elementary Department Code,0,33,4
67_67399_5136973,4th Grade,4 DL-SI-33,G04,,Elementary Department Code,0,33,4
67_67399_5136973,4th Grade,4 DL-SI-34,G04,,Elementary Department Code,0,33,4
67_67399_5136973,Specialized.Acad.Instr.,4-6 DL-SAI-51,SAI,,General,0,30,
67_67399_5136973,5th Grade,5 DL-SI-42,G05,,Elementary Department Code,0,33,5
67_67399_5136973,5th Grade,5 DL-SI-43,G05,,Elementary Department Code,0,33,5
67_67399_5136973,5th Grade,5 DL-SI-44,G05,,Elementary Department Code,0,33,5
67_67399_5136973,6th Grade,6 DL-SI-54,G06,,Elementary Department Code,0,33,6
67_67399_5136973,6th Grade,6 DL-SI-55,G06,,Elementary Department Code,0,33,6
67_67399_5136973,6th Grade,6 DL-SI-56,G06,,Elementary Department Code,0,33,6
67_67399_5136973,Kindergarten,K DL-DI-K1,G0K,,Elementary Department Code,0,24,KN
67_67399_5136973,Kindergarten,K DL-DI-K4,G0K,,Elementary Department Code,0,24,KN
67_67399_5136973,Kindergarten,K DL-SI-12,G0K,,Elementary Department Code,0,24,KN
67_67399_5136973,Transitional Kinder,T DL-DI-K2,TK,,Elementary Department Code,0,24,TK
67_67399_5136973,Transitional Kinder,T DL-DI-T10,TK,,Elementary Department Code,0,24,TK
67_67399_5136974,Specialized.Acad.Instr.,1-3JN-SAI-2,SAI,,General,0,20,
67_67399_5136974,1st Grade,1JN-SI-11,G01,,Elementary Department Code,0,24,1
67_67399_5136974,1st Grade,1JN-SI-12,G01,,Elementary Department Code,0,24,1
67_67399_5136974,1st Grade,1JN-SI-13,G01,,Elementary Department Code,0,24,1
67_67399_5136974,1st Grade,1JN-SI-33,G01,,Elementary Department Code,0,24,1
67_67399_5136974,2nd Grade,2JN-SI-08,G02,,Elementary Department Code,0,24,2
67_67399_5136974,2nd Grade,2JN-SI-09,G02,,Elementary Department Code,0,24,2
67_67399_5136974,2nd Grade,2JN-SI-19,G02,,Elementary Department Code,0,24,2
67_67399_5136974,3rd Grade,3JN-SI-03,G03,,Elementary Department Code,0,24,3
67_67399_5136974,3rd Grade,3JN-SI-04,G03,,Elementary Department Code,0,24,3
67_67399_5136974,3rd Grade,3JN-SI-05,G03,,Elementary Department Code,0,24,3
67_67399_5136974,3rd Grade,3JN-SI-07,G03,,Elementary Department Code,0,24,3
67_67399_5136974,3rd Grade,3JN-SI-08,G03,,Elementary Department Code,0,24,3
67_67399_5136974,Specialized.Acad.Instr.,4-6JN-SAI-13,SAI,,General,0,25,
67_67399_5136974,Specialized.Acad.Instr.,4-6JN-SAI-22,SAI,,General,0,25,
67_67399_5136974,Specialized.Acad.Instr.,4-6JN-SAI-29,SAI,,General,0,24,
67_67399_5136974,4th Grade,4JN-SI-16,G04,,Elementary Department Code,0,33,4
67_67399_5136974,4th Grade,4JN-SI-17,G04,,Elementary Department Code,0,33,4
67_67399_5136974,4th Grade,4JN-SI-18,G04,,Elementary Department Code,0,33,4
67_67399_5136974,5th Grade,5JN-SI-14,G05,,Elementary Department Code,0,33,5
67_67399_5136974,5th Grade,5JN-SI-15,G05,,Elementary Department Code,0,33,5
67_67399_5136974,5th Grade,5JN-SI-37,G05,,Elementary Department Code,0,33,5
67_67399_5136974,6th Grade,6JN-S1-23,G06,,Elementary Department Code,0,33,6
67_67399_5136974,6th Grade,6JN-SI-20,G06,,Elementary Department Code,0,33,6
67_67399_5136974,6th Grade,6JN-SI-21,G06,,Elementary Department Code,0,33,6
67_67399_5136974,Kindergarten,KJN-SI-01,G0K,,Elementary Department Code,0,24,KN
67_67399_5136974,Kindergarten,KJN-SI-02,G0K,,Elementary Department Code,0,24,KN
67_67399_5136974,Kindergarten,KJN-SI-03,G0K,,Elementary Department Code,0,24,KN
67_67399_5136974,Kindergarten,KJN-SI-05,G0K,,Elementary Department Code,0,24,KN
67_67399_5136974,Kindergarten,KJN-SI-40,G0K,,Elementary Department Code,0,24,KN
67_67399_5136974,Specialized.Acad.Instr.,TK-1JN-SAI-1,SAI,,General,0,20,
67_67399_5136974,Transitional Kinder,TKJN-SI-06,TK,,Elementary Department Code,0,24,TK
67_67399_5136974,Transitional Kinder,TKJN-SI-10,TK,,Elementary Department Code,0,24,TK
67_67399_5136975,Kindergarten,0K KG-SI-A,G0K,,Elementary Department Code,0,24,KN
67_67399_5136975,Kindergarten,0K KG-SI-B,G0K,,Elementary Department Code,0,24,KN
67_67399_5136975,1st Grade,1 KG-SI-03,G01,,Elementary Department Code,0,24,1
67_67399_5136975,1st Grade,1 KG-SI-05,G01,,Elementary Department Code,0,24,1
67_67399_5136975,2nd Grade,2 KG-SI-15,G02,,Elementary Department Code,0,24,2
67_67399_5136975,2nd Grade,2 KG-SI-18,G02,,Elementary Department Code,0,24,2
67_67399_5136975,2nd Grade,2 KG-SI-20,G02,,Elementary Department Code,0,24,2
67_67399_5136975,Specialized.Acad.Instr.,2-4 KG-SAI,SAI,,General,0,24,
67_67399_5136975,3rd Grade,3 KG-SI-14,G03,,Elementary Department Code,0,24,3
67_67399_5136975,3rd Grade,3 KG-SI-16,G03,,Elementary Department Code,0,24,3
67_67399_5136975,3rd Grade,3 KG-SI-17,G03,,Elementary Department Code,0,24,3
67_67399_5136975,4th Grade,4 KG-SI-19,G04,,Elementary Department Code,0,33,4
67_67399_5136975,4th Grade,4 KG-SI-21,G04,,Elementary Department Code,0,33,4
67_67399_5136975,5th Grade,5 KG-SI-26,G05,,Elementary Department Code,0,33,5
67_67399_5136975,5th Grade,5 KG-SI-27,G05,,Elementary Department Code,0,33,5
67_67399_5136975,Specialized.Acad.Instr.,5-6 KG-SAI,SAI,,General,0,20,
67_67399_5136975,6th Grade,6 KG-SI-29,G06,,Elementary Department Code,0,33,6
67_67399_5136975,6th Grade,6 KG-SI-31,G06,,Elementary Department Code,0,33,6
67_67399_5136975,Transitional Kinder,T KG-SI-D,TK,,Elementary Department Code,0,24,TK
67_67399_5136975,Specialized.Acad.Instr.,TK-1 KG-SAI,SAI,,General,0,20,
67_67399_5136976,3rd Grade,03MS-SI-13,G03,,Elementary Department Code,0,24,3
67_67399_5136976,Specialized.Acad.Instr.,1-3-MS-SAI,SAI,,General,0,15,
67_67399_5136976,Specialized.Acad.Instr.,1-4-MS-SAI,SAI,,General,0,15,
67_67399_5136976,1st Grade,1MS-SI-16,G01,,Elementary Department Code,0,24,1
67_67399_5136976,1st Grade,1MS-SI-17,G01,,Elementary Department Code,0,24,1
67_67399_5136976,Specialized.Acad.Instr.,2-4-MS-SAI,SAI,,General,0,15,
67_67399_5136976,2nd Grade,2MS-SI-14,G02,,Elementary Department Code,0,24,2
67_67399_5136976,2nd Grade,2MS-SI-15,G02,,Elementary Department Code,0,24,2
67_67399_5136976,Specialized.Acad.Instr.,3-6-MS-SAI,SAI,,General,0,5,
67_67399_5136976,3rd Grade,3MS-SI-02,G03,,Elementary Department Code,0,24,3
67_67399_5136976,Specialized.Acad.Instr.,4-6-MS-SAI,SAI,,General,0,15,
67_67399_5136976,4th/5th Grade,4/5MS-SI06,G045,,Elementary Department Code,0,33,5
67_67399_5136976,4th Grade,4MS-SI-05,G04,,Elementary Department Code,0,33,4
67_67399_5136976,4th Grade,4MS-SI-06,G04,,Elementary Department Code,0,33,4
67_67399_5136976,5th Grade,5MS-SI-11,G05,,Elementary Department Code,0,33,5
67_67399_5136976,5th Grade,5MS-SI-12,G05,,Elementary Department Code,0,33,5
67_67399_5136976,6th Grade,6MS-SI-09,G06,,Elementary Department Code,0,33,6
67_67399_5136976,6th Grade,6MS-SI-10,G06,,Elementary Department Code,0,33,6
67_67399_5136976,Specialized.Acad.Instr.,K-1-MS-SAI,SAI,,General,0,15,
67_67399_5136976,Kindergarten,K-MS-SI-20,G0K,,Elementary Department Code,0,24,KN
67_67399_5136976,Kindergarten,K-MS-SI-A,G0K,,Elementary Department Code,0,24,KN
67_67399_5136976,Specialized.Acad.Instr.,T-K-MS-SAI,SAI,,General,0,15,
67_67399_5136976,Transitional Kinder,T-MS-SI-19,TK,,Elementary Department Code,0,24,TK
67_67399_5136977,1st Grade,1 RD-SI-20,G01,,Elementary Department Code,0,24,1
67_67399_5136977,1st Grade,1 RD-SI-21,G01,,Elementary Department Code,0,24,1
67_67399_5136977,1st Grade,1 RD-SI-22,G01,,Elementary Department Code,0,24,1
67_67399_5136977,1st Grade,1 RD-SI-23,G01,,Elementary Department Code,0,24,1
67_67399_5136977,2nd Grade,2 RD-SI-13,G02,,Elementary Department Code,0,24,2
67_67399_5136977,2nd Grade,2 RD-SI-14,G02,,Elementary Department Code,0,24,2
67_67399_5136977,2nd Grade,2 RD-SI-15,G02,,Elementary Department Code,0,24,2
67_67399_5136977,2nd Grade,2 RD-SI-18,G02,,Elementary Department Code,0,24,2
67_67399_5136977,2nd Grade,2 RD-SI-25,G02,,Elementary Department Code,0,24,2
67_67399_5136977,Specialized.Acad.Instr.,2-3 SAI RD,SAI,,General,0,14,
67_67399_5136977,3rd Grade,3 RD-SI-16,G03,,Elementary Department Code,0,24,3
67_67399_5136977,3rd Grade,3 RD-SI-17,G03,,Elementary Department Code,0,24,3
67_67399_5136977,3rd Grade,3 RD-SI-18,G03,,Elementary Department Code,0,24,3
67_67399_5136977,3rd Grade,3 RD-SI-27,G03,,Elementary Department Code,0,24,3
67_67399_5136977,Specialized.Acad.Instr.,3-5 RD SDC ESN,SAI,,General,0,24,
67_67399_5136977,4th Grade,4 RD-SI-09,G04,,Elementary Department Code,0,33,4
67_67399_5136977,4th Grade,4 RD-SI-10,G04,,Elementary Department Code,0,33,4
67_67399_5136977,Specialized.Acad.Instr.,4-6 RD ESN,SAI,,General,0,25,
67_67399_5136977,Specialized.Acad.Instr.,4-6 RD SAI,SAI,,General,0,25,
67_67399_5136977,4th/5th Grade,4/5RD-SI11,G045,,Elementary Department Code,0,33,5
67_67399_5136977,5th Grade,5 RD-SI-05,G05,,Elementary Department Code,0,33,5
67_67399_5136977,5th Grade,5 RD-SI-6,G05,,Elementary Department Code,0,33,5
67_67399_5136977,Specialized.Acad.Instr.,5-6 RD SDC ESN,SAI,,General,0,25,
67_67399_5136977,6th Grade,6 RD-SI-01,G06,,Elementary Department Code,0,34,6
67_67399_5136977,6th Grade,6 RD-SI-02,G06,,Elementary Department Code,0,33,6
67_67399_5136977,6th Grade,6 RD-SI-07,G06,,Elementary Department Code,0,33,6
67_67399_5136977,Kindergarten,K RD-SI-K1,G0K,,Elementary Department Code,0,24,KN
67_67399_5136977,Kindergarten,K RD-SI-K4,G0K,,Elementary Department Code,0,24,KN
67_67399_5136977,Kindergarten,K RD-SI-K5,G0K,,Elementary Department Code,0,24,KN
67_67399_5136977,Specialized.Acad.Instr.,TK-1RD SAI,SAI,,General,0,24,
67_67399_5136977,Transitional Kinder,TKRD-SI-K2,TK,,Elementary Department Code,0,24,TK
67_67399_5136978,ALGEBRA I 1S,63920,2075,Mathematics,Mathematics,5,34,
67_67399_5136978,ALGEBRA I 2S,64285,2076,Mathematics,Mathematics,5,34,
67_67399_5136978,LIT/WRITING 8,77799,2113,,English,10,34,8
67_67399_5136978,ASB LEADERSHIP,298405,2717,,General,10,34,
67_67399_5136978,SCIENCE 7,573433,3470,,Life Science,10,34,7
67_67399_5136978,SCIENCE 7,573464,3470,,Life Science,10,34,7
67_67399_5136978,SCIENCE 7,573492,3470,,Life Science,10,34,7
67_67399_5136978,SCIENCE 7,573523,3470,,Life Science,10,34,7
67_67399_5136978,SCIENCE 7,573553,3470,,Life Science,10,34,7
67_67399_5136978,SCIENCE 7,573584,3470,,Life Science,10,34,7
67_67399_5136978,SCIENCE 7,573614,3470,,Life Science,10,34,7
67_67399_5136978,SCIENCE 7,573645,3470,,Life Science,10,34,7
67_67399_5136978,SCIENCE 7,573676,3470,,Life Science,10,34,7
67_67399_5136978,SCIENCE 7,573706,3470,,Life Science,10,34,7
67_67399_5136978,SCIENCE 7C,575259,3475,,Life Science,10,20,7
67_67399_5136978,SCIENCE 7C,575290,3475,,Life Science,10,20,7
67_67399_5136978,SCIENCE 8,577085,3480,,Physical Science,10,34,8
67_67399_5136978,SCIENCE 8,577116,3480,,Physical Science,10,34,8
67_67399_5136978,SCIENCE 8,577145,3480,,Physical Science,10,34,8
67_67399_5136978,SCIENCE 8,577176,3480,,Physical Science,10,34,8
67_67399_5136978,SCIENCE 8,577206,3480,,Physical Science,10,34,8
67_67399_5136978,SCIENCE 8,577237,3480,,Physical Science,10,34,8
67_67399_5136978,SCIENCE 8,577267,3480,,Physical Science,10,34,8
67_67399_5136978,SCIENCE 8,577298,3480,,Physical Science,10,34,8
67_67399_5136978,SCIENCE 8,577329,3480,,Physical Science,10,34,8
67_67399_5136978,SCIENCE 8,577359,3480,,Physical Science,10,34,8
67_67399_5136978,Science 8 C,577451,3481,,Physical Science,10,34,8
67_67399_5136978,Science 8 C,577482,3481,,Physical Science,10,34,8
67_67399_5136978,SPANISH II 1S,774682,4021,Foreign Language,Foreign Language,5,34,
67_67399_5136978,SPANISH II 2S,886080,4326,Foreign Language,Foreign Language,5,34,
67_67399_5136978,US HISTORY 8,962051,4534,,Social Science,10,34,8
67_67399_5136978,US HISTORY 8,962082,4534,,Social Science,10,34,8
67_67399_5136978,US HISTORY 8,962110,4534,,Social Science,10,34,8
67_67399_5136978,US HISTORY 8,962141,4534,,Social Science,10,34,8
67_67399_5136978,US HISTORY 8,962171,4534,,Social Science,10,34,8
67_67399_5136978,US HISTORY 8,962202,4534,,Social Science,10,34,8
67_67399_5136978,US HISTORY 8,962232,4534,,Social Science,10,34,8
67_67399_5136978,US HISTORY 8,962263,4534,,Social Science,10,34,8
67_67399_5136978,US HISTORY 8,962294,4534,,Social Science,10,34,8
67_67399_5136978,US HISTORY 8,962324,4534,,Social Science,10,34,8
67_67399_5136978,US HISTORY 8C,962416,4535,,Social Science,10,34,8
67_67399_5136978,US HISTORY 8C,962447,4535,,Social Science,10,34,8
67_67399_5136978,MATH 8 CORE,1202746,5193,,Mathematics,10,34,8
67_67399_5136978,MATH 8 CORE,1202777,5193,,Mathematics,10,34,8
67_67399_5136978,MATH 8 CORE,1202805,5193,,Mathematics,10,34,8
67_67399_5136978,MATH 8 CORE,1202836,5193,,Mathematics,10,34,8
67_67399_5136978,MATH 8 CORE,1202866,5193,,Mathematics,10,34,8
67_67399_5136978,MATH 8 CORE,1202897,5193,,Mathematics,10,34,8
67_67399_5136978,MATH 8 CORE,1202927,5193,,Mathematics,10,34,8
67_67399_5136978,MATH 8 CORE,1202958,5193,,Mathematics,10,34,8
67_67399_5136978,MATH 8 CORE,1202989,5193,,Mathematics,10,34,8
67_67399_5136978,MATH 8 CORE,1203019,5193,,Mathematics,10,34,8
67_67399_5136978,MATH 8C,1203841,5196,,Mathematics,10,34,8
67_67399_5136978,MATH 8C,1203872,5196,,Mathematics,10,34,8
67_67399_5136978,MATH 8C,1203901,5196,,Mathematics,10,20,8
67_67399_5136978,MATH 8C,1203932,5196,,Mathematics,10,20,8
67_67399_5136978,AVID 8 Excel,1316701,5505,,General,10,34,8
67_67399_5136978,AVID 7 Excel,1317066,5506,,General,10,34,7
67_67399_5136978,AVID 7,1317431,5507,,General,10,34,7
67_67399_5136978,AVID 7,1317462,5507,,General,10,34,7
67_67399_5136978,AVID 8,1317796,5508,,General,10,34,8
67_67399_5136978,AVID 8,1317827,5508,,General,10,34,8
67_67399_5136978,MATH 7 CORE,1687057,6519,,Mathematics,10,34,7
67_67399_5136978,MATH 7 CORE,1687088,6519,,Mathematics,10,34,7
67_67399_5136978,MATH 7 CORE,1687116,6519,,Mathematics,10,0,7
67_67399_5136978,MATH 7 CORE,1687147,6519,,Mathematics,10,34,7
67_67399_5136978,MATH 7 CORE,1687177,6519,,Mathematics,10,34,7
67_67399_5136978,MATH 7 CORE,1687208,6519,,Mathematics,10,34,7
67_67399_5136978,MATH 7 CORE,1687238,6519,,Mathematics,10,34,7
67_67399_5136978,MATH 7 CORE,1687269,6519,,Mathematics,10,34,7
67_67399_5136978,MATH 7 CORE,1687300,6519,,Mathematics,10,34,7
67_67399_5136978,MATH 7 CORE,1687330,6519,,Mathematics,10,34,7
67_67399_5136978,MATH 7 CORE,1687391,6519,,Mathematics,10,0,7
67_67399_5136978,MATH 7C,1687788,6521,,Mathematics,10,34,7
67_67399_5136978,MATH 7C,1687819,6521,,Mathematics,10,34,7
67_67399_5136978,MATH 7C,1687847,6521,,Mathematics,10,20,7
67_67399_5136978,PE COED 7,2144706,7772,,Physical Education,10,40,7
67_67399_5136978,PE COED 7,2144737,7772,,Physical Education,10,40,7
67_67399_5136978,PE COED 7,2144766,7772,,Physical Education,10,40,7
67_67399_5136978,PE COED 7,2144797,7772,,Physical Education,10,40,7
67_67399_5136978,PE COED 7,2144827,7772,,Physical Education,10,40,7
67_67399_5136978,PE COED 7,2144858,7772,,Physical Education,10,40,7
67_67399_5136978,PE COED 7,2144888,7772,,Physical Education,10,40,7
67_67399_5136978,PE COED 7,2144919,7772,,Physical Education,10,40,7
67_67399_5136978,PE COED 7,2144950,7772,,Physical Education,10,40,7
67_67399_5136978,PE COED 7,2144980,7772,,Physical Education,10,40,7
67_67399_5136978,PE COED 8,2145072,7773,,Physical Education,5,40,8
67_67399_5136978,PE COED 8,2145103,7773,,Physical Education,5,40,8
67_67399_5136978,PE COED 8,2145131,7773,,Physical Education,5,40,8
67_67399_5136978,PE COED 8,2145162,7773,,Physical Education,5,40,8
67_67399_5136978,PE COED 8,2145192,7773,,Physical Education,5,40,8
67_67399_5136978,PE COED 8,2145223,7773,,Physical Education,5,40,8
67_67399_5136978,PE COED 8,2145253,7773,,Physical Education,5,40,8
67_67399_5136978,PE COED 8,2145284,7773,,Physical Education,5,40,8
67_67399_5136978,PE COED 8,2145315,7773,,Physical Education,5,40,8
67_67399_5136978,PE COED 8,2145345,7773,,Physical Education,5,40,8
67_67399_5136978,WORLD HISTORY 7,0495-01,495,,Social Science,10,34,7
67_67399_5136978,WORLD HISTORY 7,0495-02,495,,Social Science,10,34,7
67_67399_5136978,WORLD HISTORY 7,0495-03,495,,Social Science,10,34,7
67_67399_5136978,WORLD HISTORY 7,0495-04,495,,Social Science,10,34,7
67_67399_5136978,WORLD HISTORY 7,0495-05,495,,Social Science,10,34,7
67_67399_5136978,WORLD HISTORY 7,0495-06,495,,Social Science,10,34,7
67_67399_5136978,WORLD HISTORY 7,0495-07,495,,Social Science,10,34,7
67_67399_5136978,WORLD HISTORY 7,0495-08,495,,Social Science,10,34,7
67_67399_5136978,WORLD HISTORY 7,0495-09,495,,Social Science,10,34,7
67_67399_5136978,WORLD HISTORY 7,0495-10,495,,Social Science,10,34,7
67_67399_5136978,WORLD HISTORY 7C,0496-01,496,,Social Science,10,34,7
67_67399_5136978,WORLD HISTORY 7C,0496-02,496,,Social Science,10,20,7
67_67399_5136978,LANGUAGE ARTS 7C,1422-01,1422,,English,10,34,7
67_67399_5136978,LANGUAGE ARTS 7C,1422-02,1422,,English,10,34,7
67_67399_5136978,LANGUAGE ARTS 7C,1422-03,1422,,English,10,20,7
67_67399_5136978,LANGUAGE ARTS 8C,1427-01,1427,,English,10,34,8
67_67399_5136978,LANGUAGE ARTS 8C,1427-02,1427,,English,10,34,8
67_67399_5136978,LANGUAGE ARTS 8C,1427-03,1427,,English,10,20,8
67_67399_5136978,LANGUAGE ARTS 8C,1427-04,1427,,English,10,20,8
67_67399_5136978,LANGUAGE ARTS 7,1444-01,1444,,English,10,34,7
67_67399_5136978,LANGUAGE ARTS 7,1444-02,1444,,English,10,34,7
67_67399_5136978,LANGUAGE ARTS 7,1444-03,1444,,English,10,34,7
67_67399_5136978,LANGUAGE ARTS 7,1444-04,1444,,English,10,34,7
67_67399_5136978,LANGUAGE ARTS 7,1444-05,1444,,English,10,34,7
67_67399_5136978,LANGUAGE ARTS 7,1444-06,1444,,English,10,34,7
67_67399_5136978,LANGUAGE ARTS 7,1444-07,1444,,English,10,34,7
67_67399_5136978,LANGUAGE ARTS 7,1444-08,1444,,English,10,34,7
67_67399_5136978,LANGUAGE ARTS 7,1444-09,1444,,English,10,34,7
67_67399_5136978,LANGUAGE ARTS 8,1447-01,1447,,English,10,34,8
67_67399_5136978,LANGUAGE ARTS 8,1447-02,1447,,English,10,34,8
67_67399_5136978,LANGUAGE ARTS 8,1447-03,1447,,English,10,34,8
67_67399_5136978,LANGUAGE ARTS 8,1447-04,1447,,English,10,34,8
67_67399_5136978,LANGUAGE ARTS 8,1447-05,1447,,English,10,34,8
67_67399_5136978,LANGUAGE ARTS 8,1447-06,1447,,English,10,34,8
67_67399_5136978,LANGUAGE ARTS 8,1447-07,1447,,English,10,34,8
67_67399_5136978,LANGUAGE ARTS 8,1447-08,1447,,English,10,34,8
67_67399_5136978,LANGUAGE ARTS 8,1447-09,1447,,English,10,34,8
67_67399_5136978,LANGUAGE ARTS 8,1447-10,1447,,English,10,34,8
67_67399_5136978,ACCELERATED 7TH GRADE,2386-77,2386,,Mathematics,10,34,7
67_67399_5136978,ACCELERATED 7TH GRADE,2386-78,2386,,Mathematics,10,34,7
67_67399_5136978,STEM 8,4305-72,4305,,Mathematics,10,0,8
67_67399_5136978,STEM 8,4305-81,4305,,Mathematics,10,34,8
67_67399_5136978,STEM 8,4305-82,4305,,Mathematics,10,34,8
67_67399_5136978,MATH 7 CORE,6519-13,6519,,Mathematics,10,34,7
67_67399_5136978,MATH 7 CORE,6519-14,6519,,Mathematics,10,34,7
67_67399_5136978,MATH 7 CORE,6519-15,6519,,Mathematics,10,34,7
67_67399_5136978,MATH 7 CORE,6519-16,6519,,Mathematics,10,34,7
67_67399_5136978,ENG LANG ARTS NC,C9100NC-01,C9100NC,,English,10,20,
67_67399_5136978,LANGUAGE IN CONTENT C,C9104C-01,C9104C,,General,10,34,
67_67399_5136978,LANGUAGE IN CONTENT C,C9104C-02,C9104C,,General,10,20,
67_67399_5136978,LANGUAGE IN CONTENT 7,C9104G7-01,C9104G7,,General,10,34,7
67_67399_5136978,LANGUAGE IN CONTENT 7,C9104G7-02,C9104G7,,General,10,34,7
67_67399_5136978,LANGUAGE IN CONTENT 7,C9104G7-03,C9104G7,,General,10,34,7
67_67399_5136978,LANGUAGE IN CONTENT 7,C9104G7-04,C9104G7,,General,10,34,7
67_67399_5136978,LANGUAGE IN CONTENT 7,C9104G7-05,C9104G7,,General,10,34,7
67_67399_5136978,LANGUAGE IN CONTENT 8,C9104G8-01,C9104G8,,General,10,34,8
67_67399_5136978,LANGUAGE IN CONTENT 8,C9104G8-02,C9104G8,,General,10,34,8
67_67399_5136978,LANGUAGE IN CONTENT 8,C9104G8-03,C9104G8,,General,10,34,8
67_67399_5136978,LANGUAGE IN CONTENT 8,C9104G8-04,C9104G8,,General,10,34,8
67_67399_5136978,LANG IN CONTENT NC,C9104NC-01,C9104NC,,General,10,34,
67_67399_5136978,LANG IN CONTENT NC,C9104NC-02,C9104NC,,General,10,0,
67_67399_5136978,LANG IN CONTENT NC,C9104NC-03,C9104NC,,General,10,20,
67_67399_5136978,STEM 7,C922209-71,C922209,,Mathematics,10,34,7
67_67399_5136978,INTRO TO CAREERS 8 S1,C922803-81,C922803,,General,0,25,8
67_67399_5136978,INTRO TO CAREERS 8 S1,C922803-82,C922803,,General,0,34,8
67_67399_5136978,INTRO TO CAREERS 8 S1,C922803-83,C922803,,General,0,34,8
67_67399_5136978,INTRO TO CAREERS 8 S2,C922804-81,C922804,,General,0,25,8
67_67399_5136978,INTRO TO CAREERS 8 S2,C922804-82,C922804,,General,0,34,8
67_67399_5136978,INTRO TO CAREERS 8 S2,C922804-83,C922804,,General,0,34,8
67_67399_5136978,INTRO TO CAREERS 7 S1,C922807-71,C922807,,General,0,25,7
67_67399_5136978,INTRO TO CAREERS 7 S1,C922807-72,C922807,,General,0,25,7
67_67399_5136978,INTRO TO CAREERS 7 S2,C922808-71,C922808,,General,0,25,7
67_67399_5136978,INTRO TO CAREERS 7 S2,C922808-72,C922808,,General,0,25,7
67_67399_5136978,MESA,C9233001-1,C9233001,,General,10,34,
67_67399_5136978,MUSIC 7/8,c929001-01,C929001,,General,10,55,
67_67399_5136978,MUSIC 7,C929002-01,C929002,,General,10,34,7
67_67399_5136978,MUSIC 7,C929002-02,C929002,,General,10,34,7
67_67399_5136978,MUSIC 7,C929002-03,C929002,,General,10,34,7
67_67399_5136978,MUSIC 8,C929003-01,C929003,,General,10,34,8
67_67399_5136978,MUSIC 8,C929003-02,C929003,,General,10,34,8
67_67399_5136979,ALGEBRA I 1S,63920,2075,Mathematics,Mathematics,5,34,
67_67399_5136979,ALGEBRA I 2S,64285,2076,Mathematics,Mathematics,5,34,
67_67399_5136979,ASB LEADERSHIP,298405,2717,,General,10,28,
67_67399_5136979,SCIENCE 7,573433,3470,,Life Science,10,32,7
67_67399_5136979,SCIENCE 7,573464,3470,,Life Science,10,32,7
67_67399_5136979,SCIENCE 7,573492,3470,,Life Science,10,32,7
67_67399_5136979,SCIENCE 7,573523,3470,,Life Science,10,32,7
67_67399_5136979,SCIENCE 7,573553,3470,,Life Science,10,32,7
67_67399_5136979,SCIENCE 7,573584,3470,,Life Science,10,32,7
67_67399_5136979,SCIENCE 7,573614,3470,,Life Science,10,32,7
67_67399_5136979,SCIENCE 7,573645,3470,,Life Science,10,32,7
67_67399_5136979,SCIENCE 7C,575259,3475,,Life Science,10,25,7
67_67399_5136979,SCIENCE 7C,575290,3475,,Life Science,10,20,7
67_67399_5136979,SCIENCE 8,577085,3480,,Physical Science,10,32,8
67_67399_5136979,SCIENCE 8,577116,3480,,Physical Science,10,32,8
67_67399_5136979,SCIENCE 8,577145,3480,,Physical Science,10,32,8
67_67399_5136979,SCIENCE 8,577176,3480,,Physical Science,10,32,8
67_67399_5136979,SCIENCE 8,577206,3480,,Physical Science,10,32,8
67_67399_5136979,SCIENCE 8,577237,3480,,Physical Science,10,32,8
67_67399_5136979,SCIENCE 8,577267,3480,,Physical Science,10,32,8
67_67399_5136979,SCIENCE 8,577298,3480,,Physical Science,10,32,8
67_67399_5136979,SCIENCE 8,577329,3480,,Physical Science,10,32,8
67_67399_5136979,SCIENCE 8,577359,3480,,Physical Science,10,32,8
67_67399_5136979,Science 8 C,577451,3481,,Physical Science,10,20,8
67_67399_5136979,Science 8 C,577482,3481,,Physical Science,10,25,8
67_67399_5136979,SPANISH II 1S,774682,4021,Foreign Language,Foreign Language,5,34,
67_67399_5136979,STEM 8,878410,4305,,Mathematics,10,34,8
67_67399_5136979,SPANISH II 2S,886080,4326,Foreign Language,Foreign Language,5,34,
67_67399_5136979,US HISTORY 8,962051,4534,,Social Science,10,34,8
67_67399_5136979,US HISTORY 8,962082,4534,,Social Science,10,34,8
67_67399_5136979,US HISTORY 8,962110,4534,,Social Science,10,34,8
67_67399_5136979,US HISTORY 8,962141,4534,,Social Science,10,34,8
67_67399_5136979,US HISTORY 8,962171,4534,,Social Science,10,34,8
67_67399_5136979,US HISTORY 8,962202,4534,,Social Science,10,34,8
67_67399_5136979,US HISTORY 8,962232,4534,,Social Science,10,34,8
67_67399_5136979,US HISTORY 8,962263,4534,,Social Science,10,34,8
67_67399_5136979,US HISTORY 8,962294,4534,,Social Science,10,34,8
67_67399_5136979,US HISTORY 8,962324,4534,,Social Science,10,34,8
67_67399_5136979,MATH 8,1203476,5195,,Mathematics,10,34,8
67_67399_5136979,MATH 8,1203507,5195,,Mathematics,10,34,8
67_67399_5136979,MATH 8,1203535,5195,,Mathematics,10,34,8
67_67399_5136979,MATH 8,1203566,5195,,Mathematics,10,34,8
67_67399_5136979,MATH 8,1203596,5195,,Mathematics,10,34,8
67_67399_5136979,MATH 8,1203627,5195,,Mathematics,10,34,8
67_67399_5136979,MATH 8,1203657,5195,,Mathematics,10,34,8
67_67399_5136979,MATH 8,1203688,5195,,Mathematics,10,34,8
67_67399_5136979,MATH 8,1203719,5195,,Mathematics,10,34,8
67_67399_5136979,MATH 8C,1203841,5196,,Mathematics,10,25,8
67_67399_5136979,MATH 8C,1203872,5196,,Mathematics,10,25,8
67_67399_5136979,MATH 7,1687422,6520,,Mathematics,10,34,7
67_67399_5136979,MATH 7,1687453,6520,,Mathematics,10,34,7
67_67399_5136979,MATH 7,1687482,6520,,Mathematics,10,34,7
67_67399_5136979,MATH 7,1687513,6520,,Mathematics,10,34,7
67_67399_5136979,MATH 7,1687543,6520,,Mathematics,10,34,7
67_67399_5136979,MATH 7,1687574,6520,,Mathematics,10,34,7
67_67399_5136979,MATH 7,1687604,6520,,Mathematics,10,34,7
67_67399_5136979,MATH 7,1687635,6520,,Mathematics,10,34,7
67_67399_5136979,MATH 7C,1687788,6521,,Mathematics,10,25,7
67_67399_5136979,MATH 7C,1687819,6521,,Mathematics,10,25,7
67_67399_5136979,MUSIC 7/8,1990633,C929001,,General,10,40,
67_67399_5136979,MUSIC 7/8,1990664,C929001,,General,10,40,
67_67399_5136979,MUSIC 7/8,1990694,C929001,,General,10,40,
67_67399_5136979,MUSIC 7/8,1990725,C929001,,General,10,40,
67_67399_5136979,PE COED 7,2144706,7772,,Physical Education,10,40,7
67_67399_5136979,PE COED 7,2144737,7772,,Physical Education,10,40,7
67_67399_5136979,PE COED 7,2144766,7772,,Physical Education,10,40,7
67_67399_5136979,PE COED 7,2144797,7772,,Physical Education,10,40,7
67_67399_5136979,PE COED 7,2144827,7772,,Physical Education,10,40,7
67_67399_5136979,PE COED 7,2144858,7772,,Physical Education,10,40,7
67_67399_5136979,PE COED 7,2144919,7772,,Physical Education,10,40,7
67_67399_5136979,PE COED 7,2144950,7772,,Physical Education,10,40,7
67_67399_5136979,PE COED 7,2144980,7772,,Physical Education,10,40,7
67_67399_5136979,PE COED 8,2145072,7773,,Physical Education,5,40,8
67_67399_5136979,PE COED 8,2145103,7773,,Physical Education,5,40,8
67_67399_5136979,PE COED 8,2145131,7773,,Physical Education,5,40,8
67_67399_5136979,PE COED 8,2145162,7773,,Physical Education,5,40,8
67_67399_5136979,PE COED 8,2145192,7773,,Physical Education,5,40,8
67_67399_5136979,PE COED 8,2145223,7773,,Physical Education,5,40,8
67_67399_5136979,PE COED 8,2145253,7773,,Physical Education,5,40,8
67_67399_5136979,PE COED 8,2145284,7773,,Physical Education,5,40,8
67_67399_5136979,WORLD HISTORY 7,0495-01,495,,Social Science,10,34,7
67_67399_5136979,WORLD HISTORY 7,0495-02,495,,Social Science,10,34,7
67_67399_5136979,WORLD HISTORY 7,0495-03,495,,Social Science,10,34,7
67_67399_5136979,WORLD HISTORY 7,0495-04,495,,Social Science,10,34,7
67_67399_5136979,WORLD HISTORY 7,0495-05,495,,Social Science,10,34,7
67_67399_5136979,WORLD HISTORY 7,0495-06,495,,Social Science,10,34,7
67_67399_5136979,WORLD HISTORY 7,0495-07,495,,Social Science,10,34,7
67_67399_5136979,WORLD HISTORY 7,0495-08,495,,Social Science,10,34,7
67_67399_5136979,WORLD HISTORY 7,0495-09,495,,Social Science,10,34,7
67_67399_5136979,WORLD HISTORY 7,0495-10,495,,Social Science,10,34,7
67_67399_5136979,WORLD HISTORY 7C,0496-01,496,,Social Science,10,25,7
67_67399_5136979,WORLD HISTORY 7C,0496-02,496,,Social Science,10,20,7
67_67399_5136979,LANGUAGE ARTS 7C,1422-01,1422,,English,10,25,7
67_67399_5136979,LANGUAGE ARTS 7C,1422-02,1422,,English,10,25,7
67_67399_5136979,LANGUAGE ARTS 8C,1427-01,1427,,English,10,25,8
67_67399_5136979,LANGUAGE ARTS 8C,1427-02,1427,,English,10,25,8
67_67399_5136979,LANGUAGE ARTS 7,1444-01,1444,,English,10,34,7
67_67399_5136979,LANGUAGE ARTS 7,1444-02,1444,,English,10,34,7
67_67399_5136979,LANGUAGE ARTS 7,1444-03,1444,,English,10,34,7
67_67399_5136979,LANGUAGE ARTS 7,1444-04,1444,,English,10,34,7
67_67399_5136979,LANGUAGE ARTS 7,1444-05,1444,,English,10,34,7
67_67399_5136979,LANGUAGE ARTS 7,1444-06,1444,,English,10,34,7
67_67399_5136979,LANGUAGE ARTS 7,1444-07,1444,,English,10,34,7
67_67399_5136979,LANGUAGE ARTS 7,1444-90,1444,,English,10,34,7
67_67399_5136979,LANGUAGE ARTS 7,1444-91,1444,,English,10,34,7
67_67399_5136979,LANGUAGE ARTS 7,1444-92,1444,,English,10,34,7
67_67399_5136979,LANGUAGE ARTS 8,1447-01,1447,,English,10,34,8
67_67399_5136979,LANGUAGE ARTS 8,1447-02,1447,,English,10,34,8
67_67399_5136979,LANGUAGE ARTS 8,1447-03,1447,,English,10,34,8
67_67399_5136979,LANGUAGE ARTS 8,1447-04,1447,,English,10,34,8
67_67399_5136979,LANGUAGE ARTS 8,1447-05,1447,,English,10,34,8
67_67399_5136979,LANGUAGE ARTS 8,1447-06,1447,,English,10,34,8
67_67399_5136979,LANGUAGE ARTS 8,1447-90,1447,,English,10,34,8
67_67399_5136979,LANGUAGE ARTS 8,1447-91,1447,,English,10,34,8
67_67399_5136979,LANGUAGE ARTS 8,1447-92,1447,,English,10,34,8
67_67399_5136979,ACCELERATED 7TH GRADE,2386-77,2386,,Mathematics,10,30,7
67_67399_5136979,SCIENCE 7,3470-F7,3470,,Life Science,10,32,7
67_67399_5136979,SCIENCE 8,3480-F8,3480,,Physical Science,10,32,8
67_67399_5136979,AVID 8 Excel,5505 SE-91,5505,,General,10,34,8
67_67399_5136979,AVID 7 Excel,5506 SE-92,5506,,General,10,34,7
67_67399_5136979,AVID 7,5507-90,5507,,General,10,34,7
67_67399_5136979,AVID 7,5507-91,5507,,General,10,34,7
67_67399_5136979,AVID 8,5508-90,5508,,General,10,34,8
67_67399_5136979,AVID 8,5508-92,5508,,General,10,34,8
67_67399_5136979,MATH 7,6520-77,6520,,Mathematics,10,30,7
67_67399_5136979,MARCHING BAND,7350-78,7350,Arts,Music,10,60,
67_67399_5136979,PE COED 7,7772-78,7772,,Physical Education,10,40,7
67_67399_5136979,FFA 7th,C710001-07,C710001,,General,0,32,7
67_67399_5136979,FFA 8th,C710002-08,C710002,,General,0,32,8
67_67399_5136979,LANGUAGE ARTS 7 ESN,C910002-07,C910002,,English,10,25,7
67_67399_5136979,LANGUAGE ARTS 8 ESN,C910003-08,C910003,,English,10,25,8
67_67399_5136979,ENG LANG ARTS NC,C9100NC-77,C9100NC,,English,10,20,
67_67399_5136979,ENG LANG ARTS NC,C9100NC-88,C9100NC,,English,10,25,
67_67399_5136979,LANGUAGE IN CONTENT 7,C9104G7-01,C9104G7,,General,10,34,7
67_67399_5136979,LANGUAGE IN CONTENT 7,C9104G7-02,C9104G7,,General,10,34,7
67_67399_5136979,LANGUAGE IN CONTENT 7,C9104G7-03,C9104G7,,General,10,34,7
67_67399_5136979,LANGUAGE IN CONTENT 7,C9104G7-04,C9104G7,,General,10,34,7
67_67399_5136979,LANGUAGE IN CONTENT 7C,C9104G7C-1,C9104G7C,,General,10,25,7
67_67399_5136979,LANGUAGE IN CONTENT 7C,C9104G7C-2,C9104G7C,,General,10,25,7
67_67399_5136979,LANGUAGE IN CONTENT 8,C9104G8-01,C9104G8,,General,10,34,8
67_67399_5136979,LANGUAGE IN CONTENT 8,C9104G8-02,C9104G8,,General,10,34,8
67_67399_5136979,LANGUAGE IN CONTENT 8,C9104G8-03,C9104G8,,General,10,34,8
67_67399_5136979,LANGUAGE IN CONTENT 8,C9104G8-04,C9104G8,,General,10,34,8
67_67399_5136979,LANGUAGE IN CONTENT 8C,C9104G8C-01,C9104G8C,,General,10,25,8
67_67399_5136979,LANGUAGE IN CONTENT 8C,C9104G8C-2,C9104G8C,,General,10,25,8
67_67399_5136979,LANG IN CONTENT NC,C9104NC-77,C9104NC,,General,10,20,
67_67399_5136979,LANG IN CONTENT NC,C9104NC-78,C9104NC,,General,10,25,
67_67399_5136979,LANG IN CONTENT NC,C9104NC-88,C9104NC,,General,10,20,
67_67399_5136979,WORLD HISTORY 7 ESN,C917201-07,C917201,,Social Science,10,25,7
67_67399_5136979,US HISTORY 8 ESN,C917301-08,C917301,,Social Science,10,25,8
67_67399_5136979,INTRO TO CAREERS 8 S1,C922803-04,C922803,,General,0,25,8
67_67399_5136979,INTRO TO CAREERS 8 S1,C922803-05,C922803,,General,0,34,8
67_67399_5136979,INTRO TO CAREERS 8 S2,C922804-04,C922804,,General,0,25,8
67_67399_5136979,INTRO TO CAREERS 8 S2,C922804-05,C922804,,General,0,34,8
67_67399_5136979,INTRO TO CAREERS 7 S1,C922807-71,C922807,,General,0,25,7
67_67399_5136979,INTRO TO CAREERS 7 S1,C922807-72,C922807,,General,0,34,7
67_67399_5136979,INTRO TO CAREERS 7 S2,C922808-71,C922808,,General,0,25,7
67_67399_5136979,INTRO TO CAREERS 7 S2,C922808-72,C922808,,General,0,34,7
67_67399_5136979,INDPT LIVING SKILLS,C923205-07,C923205,,General,0,25,
67_67399_5136979,INDPT LIVING SKILLS,C923205-08,C923205,,General,0,25,
67_67399_5136979,MESA,c9233001-01,C9233001,,General,10,32,
67_67399_5136979,MATH 7 ESN,C924001-07,C924001,,Mathematics,10,25,7
67_67399_5136979,MATH 8 ESN,C924002-08,C924002,,Mathematics,10,25,8
67_67399_5136979,SCIENCE 7 ESN,C932801-07,C932801,,Life Science,10,25,7
67_67399_5136979,SCIENCE 8 ESN,C932901-08,C932901,,Physical Science,10,25,8
67_67399_5136980,ENG LANG ARTS IB,0008364-04,8364,,English,10,20,
67_67399_5136980,ALGEBRA IA,0061-50,61,,Mathematics,5,20,
67_67399_5136980,ALGEBRA IA,0061-51,61,,Mathematics,5,20,
67_67399_5136980,ALGEBRA IA,0061-52,61,,Mathematics,5,20,
67_67399_5136980,ALGEBRA IA,0061-53,61,,Mathematics,5,20,
67_67399_5136980,ALGEBRA IA,0061-54,61,,Mathematics,5,20,
67_67399_5136980,ALGEBRA IB,0062-50,62,,Mathematics,5,20,
67_67399_5136980,ALGEBRA IB,0062-51,62,,Mathematics,5,20,
67_67399_5136980,ALGEBRA IB,0062-52,62,,Mathematics,5,20,
67_67399_5136980,ALGEBRA IB,0062-53,62,,Mathematics,5,20,
67_67399_5136980,ALGEBRA IB,0062-54,62,,Mathematics,5,20,
67_67399_5136980,AVID 10,0215-01,215,,General,10,34,
67_67399_5136980,AVID 10,0215-03,215,,General,10,34,
67_67399_5136980,AVID 10,0215-04,215,,General,10,34,
67_67399_5136980,AVID 10,0215-05,215,,General,10,34,
67_67399_5136980,AVID 10,0215-06,215,,General,10,34,
67_67399_5136980,AVID 10,0215-07,215,,General,10,34,
67_67399_5136980,AVID 11,0218-01,218,,General,10,34,
67_67399_5136980,AVID 11,0218-02,218,,General,10,34,
67_67399_5136980,AVID 11,0218-03,218,,General,10,34,
67_67399_5136980,AVID 11,0218-04,218,,General,10,34,
67_67399_5136980,ART I,0915-01,915,Arts,Art,10,25,
67_67399_5136980,ART I,0915-02,915,Arts,Art,10,25,
67_67399_5136980,ART I,0915-03,915,Arts,Art,10,25,
67_67399_5136980,ART I,0915-04,915,Arts,Art,10,25,
67_67399_5136980,ART I,0915-10,915,Arts,Art,10,25,
67_67399_5136980,ART I,0915-11,915,Arts,Art,10,25,
67_67399_5136980,ART I,0915-12,915,Arts,Art,10,25,
67_67399_5136980,ART I,0915-13,915,Arts,Art,10,25,
67_67399_5136980,ART I,0915-50,915,Arts,Art,10,25,
67_67399_5136980,ART I,0915-51,915,Arts,Art,10,25,
67_67399_5136980,ART I,0915-52,915,Arts,Art,10,25,
67_67399_5136980,ART I,0915-53,915,Arts,Art,10,25,
67_67399_5136980,ART I,0915-54,915,Arts,Art,10,25,
67_67399_5136980,ART I,0915-55,915,Arts,Art,10,25,
67_67399_5136980,ART I,0915-56,915,Arts,Art,10,25,
67_67399_5136980,ART I,0915-57,915,Arts,Art,10,25,
67_67399_5136980,ART I,0915-58,915,Arts,Art,10,25,
67_67399_5136980,ART I,0915-59,915,Arts,Art,10,25,
67_67399_5136980,ART I,0915-60,915,Arts,Art,10,25,
67_67399_5136980,ART I,0915-61,915,Arts,Art,10,25,
67_67399_5136980,ART II,0918-01,918,Arts,Art,10,25,
67_67399_5136980,ART II,0918-02,918,Arts,Art,10,25,
67_67399_5136980,HON ENGLISH LIT 1S,1224-50,1224,Electives,General,5,34,
67_67399_5136980,HON ENGLISH LIT 1S,1224-51,1224,Electives,General,5,34,
67_67399_5136980,HON ENGLISH LIT 1S,1224-52,1224,Electives,General,5,34,
67_67399_5136980,HON ENGLISH LIT 2S,1226-50,1226,Electives,General,5,34,
67_67399_5136980,HON ENGLISH LIT 2S,1226-51,1226,Electives,General,5,34,
67_67399_5136980,HON ENGLISH LIT 2S,1226-52,1226,Electives,General,5,34,
67_67399_5136980,ENGLISH 12 1S,1254-01,1254,English,English,5,34,
67_67399_5136980,ENGLISH 12 1S,1254-02,1254,English,English,5,34,
67_67399_5136980,ENGLISH 12 1S,1254-03,1254,English,English,5,34,
67_67399_5136980,ENGLISH 12 1S,1254-04,1254,English,English,5,34,
67_67399_5136980,ENGLISH 12 1S,1254-05,1254,English,English,5,34,
67_67399_5136980,ENGLISH 12 1S,1254-06,1254,English,English,5,34,
67_67399_5136980,ENGLISH 12 1S,1254-07,1254,English,English,5,34,
67_67399_5136980,ENGLISH 12 1S,1254-08,1254,English,English,5,34,
67_67399_5136980,ENGLISH 12 1S,1254-09,1254,English,English,5,34,
67_67399_5136980,ENGLISH 12 1S,1254-11,1254,English,English,5,34,
67_67399_5136980,ENGLISH 12 1S,1254-12,1254,English,English,5,34,
67_67399_5136980,ENGLISH 12 1S,1254-13,1254,English,English,5,34,
67_67399_5136980,ENGLISH 12 1S,1254-14,1254,English,English,5,34,
67_67399_5136980,ENGLISH 12 1S,1254-15,1254,English,English,5,34,
67_67399_5136980,ENGLISH 12 1S,1254-16,1254,English,English,5,34,
67_67399_5136980,ENGLISH 12 1S,1254-17,1254,English,English,5,34,
67_67399_5136980,ENGLISH 12 1S,1254-18,1254,English,English,5,34,
67_67399_5136980,ENGLISH 12 1S,1254-19,1254,English,English,5,34,
67_67399_5136980,ENGLISH 12 1S,1254-20,1254,English,English,5,34,
67_67399_5136980,ENGLISH 12 2S,1256-01,1256,English,English,5,34,
67_67399_5136980,ENGLISH 12 2S,1256-02,1256,English,English,5,34,
67_67399_5136980,ENGLISH 12 2S,1256-03,1256,English,English,5,34,
67_67399_5136980,ENGLISH 12 2S,1256-04,1256,English,English,5,34,
67_67399_5136980,ENGLISH 12 2S,1256-05,1256,English,English,5,34,
67_67399_5136980,ENGLISH 12 2S,1256-06,1256,English,English,5,34,
67_67399_5136980,ENGLISH 12 2S,1256-07,1256,English,English,5,34,
67_67399_5136980,ENGLISH 12 2S,1256-09,1256,English,English,5,34,
67_67399_5136980,ENGLISH 12 2S,1256-10,1256,English,English,5,34,
67_67399_5136980,ENGLISH 12 2S,1256-11,1256,English,English,5,34,
67_67399_5136980,ENGLISH 12 2S,1256-12,1256,English,English,5,34,
67_67399_5136980,ENGLISH 12 2S,1256-13,1256,English,English,5,34,
67_67399_5136980,ENGLISH 12 2S,1256-14,1256,English,English,5,34,
67_67399_5136980,ENGLISH 12 2S,1256-15,1256,English,English,5,34,
67_67399_5136980,ENGLISH 12 2S,1256-16,1256,English,English,5,34,
67_67399_5136980,ENGLISH 12 2S,1256-18,1256,English,English,5,34,
67_67399_5136980,ENGLISH 12 2S,1256-20,1256,English,English,5,34,
67_67399_5136980,ENGLISH 12 2S,1256-21,1256,English,English,5,34,
67_67399_5136980,ENGLISH 12 2S,1256-22,1256,English,English,5,34,
67_67399_5136980,HON ENGLISH 9 1S,1276-50,1276,English,English,5,34,
67_67399_5136980,HON ENGLISH 9 1S,1276-51,1276,English,English,5,34,
67_67399_5136980,HON ENGLISH 9 1S,1276-52,1276,English,English,5,34,
67_67399_5136980,HON ENGLISH 9 1S,1276-53,1276,English,English,5,34,
67_67399_5136980,HON ENGLISH 9 1S,1276-54,1276,English,English,5,34,
67_67399_5136980,HON ENGLISH 9 1S,1276-55,1276,English,English,5,34,
67_67399_5136980,HON ENGLISH 9 1S,1276-56,1276,English,English,5,34,
67_67399_5136980,HON ENGLISH 9 2S,1280-50,1280,English,English,5,34,
67_67399_5136980,HON ENGLISH 9 2S,1280-51,1280,English,English,5,34,
67_67399_5136980,HON ENGLISH 9 2S,1280-52,1280,English,English,5,34,
67_67399_5136980,HON ENGLISH 9 2S,1280-53,1280,English,English,5,34,
67_67399_5136980,HON ENGLISH 9 2S,1280-54,1280,English,English,5,34,
67_67399_5136980,HON ENGLISH 9 2S,1280-55,1280,English,English,5,34,
67_67399_5136980,HON ENGLISH 9 2S,1280-56,1280,English,English,5,34,
67_67399_5136980,HON ENGLISH 10 1S,1284-01,1284,English,English,5,34,
67_67399_5136980,HON ENGLISH 10 1S,1284-02,1284,English,English,5,34,
67_67399_5136980,HON ENGLISH 10 1S,1284-03,1284,English,English,5,34,
67_67399_5136980,HON ENGLISH 10 1S,1284-04,1284,English,English,5,34,
67_67399_5136980,HON ENGLISH 10 1S,1284-05,1284,English,English,5,34,
67_67399_5136980,HON ENGLISH 10 1S,1284-06,1284,English,English,5,34,
67_67399_5136980,HON ENGLISH 10 2S,1286-01,1286,English,English,5,34,
67_67399_5136980,HON ENGLISH 10 2S,1286-03,1286,English,English,5,34,
67_67399_5136980,HON ENGLISH 10 2S,1286-04,1286,English,English,5,34,
67_67399_5136980,HON ENGLISH 10 2S,1286-05,1286,English,English,5,34,
67_67399_5136980,HON ENGLISH 10 2S,1286-06,1286,English,English,5,34,
67_67399_5136980,HON ENGLISH 10 2S,1286-07,1286,English,English,5,34,
67_67399_5136980,AMERICAN GOVT,1710-01,1710,History,Social Science,5,34,
67_67399_5136980,AMERICAN GOVT,1710-02,1710,History,Social Science,5,34,
67_67399_5136980,AMERICAN GOVT,1710-03,1710,History,Social Science,5,34,
67_67399_5136980,AMERICAN GOVT,1710-04,1710,History,Social Science,5,34,
67_67399_5136980,AMERICAN GOVT,1710-05,1710,History,Social Science,5,34,
67_67399_5136980,AMERICAN GOVT,1710-06,1710,History,Social Science,5,34,
67_67399_5136980,AMERICAN GOVT,1710-07,1710,History,Social Science,5,34,
67_67399_5136980,AMERICAN GOVT,1710-08,1710,History,Social Science,5,34,
67_67399_5136980,AMERICAN GOVT,1710-09,1710,History,Social Science,5,34,
67_67399_5136980,AMERICAN GOVT,1710-10,1710,History,Social Science,5,34,
67_67399_5136980,AMERICAN GOVT,1710-11,1710,History,Social Science,5,34,
67_67399_5136980,AMERICAN GOVT,1710-12,1710,History,Social Science,5,34,
67_67399_5136980,AMERICAN GOVT,1710-13,1710,History,Social Science,5,34,
67_67399_5136980,AMERICAN GOVT,1710-14,1710,History,Social Science,5,34,
67_67399_5136980,AMERICAN GOVT,1710-15,1710,History,Social Science,5,34,
67_67399_5136980,AMERICAN GOVT,1710-16,1710,History,Social Science,5,34,
67_67399_5136980,AMERICAN GOVT,1710-17,1710,History,Social Science,5,34,
67_67399_5136980,AMERICAN GOVT,1710-18,1710,History,Social Science,5,34,
67_67399_5136980,AMERICAN GOVT,1710-19,1710,History,Social Science,5,34,
67_67399_5136980,AMERICAN GOVT,1710-21,1710,History,Social Science,5,34,
67_67399_5136980,AP US HISTORY 1S,1726-01,1726,History,Social Science,5,34,
67_67399_5136980,AP US HISTORY 2S,1728-03,1728,History,Social Science,5,34,
67_67399_5136980,ECONOMICS,1790-01,1790,History,Social Science,5,34,
67_67399_5136980,ECONOMICS,1790-02,1790,History,Social Science,5,34,
67_67399_5136980,ECONOMICS,1790-03,1790,History,Social Science,5,34,
67_67399_5136980,ECONOMICS,1790-04,1790,History,Social Science,5,34,
67_67399_5136980,ECONOMICS,1790-05,1790,History,Social Science,5,34,
67_67399_5136980,ECONOMICS,1790-06,1790,History,Social Science,5,34,
67_67399_5136980,ECONOMICS,1790-07,1790,History,Social Science,5,34,
67_67399_5136980,ECONOMICS,1790-08,1790,History,Social Science,5,34,
67_67399_5136980,ECONOMICS,1790-09,1790,History,Social Science,5,34,
67_67399_5136980,ECONOMICS,1790-10,1790,History,Social Science,5,34,
67_67399_5136980,ECONOMICS,1790-11,1790,History,Social Science,5,34,
67_67399_5136980,ECONOMICS,1790-12,1790,History,Social Science,5,34,
67_67399_5136980,ECONOMICS,1790-13,1790,History,Social Science,5,34,
67_67399_5136980,ECONOMICS,1790-14,1790,History,Social Science,5,34,
67_67399_5136980,ECONOMICS,1790-15,1790,History,Social Science,5,34,
67_67399_5136980,ECONOMICS,1790-16,1790,History,Social Science,5,34,
67_67399_5136980,ECONOMICS,1790-17,1790,History,Social Science,5,34,
67_67399_5136980,ECONOMICS,1790-18,1790,History,Social Science,5,34,
67_67399_5136980,ECONOMICS,1790-19,1790,History,Social Science,5,34,
67_67399_5136980,ECONOMICS,1790-20,1790,History,Social Science,5,34,
67_67399_5136980,ECONOMICS,1790-21,1790,History,Social Science,5,34,
67_67399_5136980,PSYCHOLOGY,1850-01,1850,Electives,General,5,34,
67_67399_5136980,PSYCHOLOGY,1850-02,1850,Electives,General,5,34,
67_67399_5136980,PSYCHOLOGY,1850-03,1850,Electives,General,5,34,
67_67399_5136980,PSYCHOLOGY,1850-04,1850,Electives,General,5,34,
67_67399_5136980,PSYCHOLOGY,1850-05,1850,Electives,General,5,34,
67_67399_5136980,PSYCHOLOGY,1850-06,1850,Electives,General,5,34,
67_67399_5136980,PSYCHOLOGY,1850-07,1850,Electives,General,5,34,
67_67399_5136980,PSYCHOLOGY,1850-08,1850,Electives,General,5,34,
67_67399_5136980,PSYCHOLOGY,1850-09,1850,Electives,General,5,34,
67_67399_5136980,SOCIOLOGY,1883-01,1883,Electives,General,5,34,
67_67399_5136980,SOCIOLOGY,1883-02,1883,Electives,General,5,34,
67_67399_5136980,SOCIOLOGY,1883-03,1883,Electives,General,5,0,
67_67399_5136980,SOCIOLOGY,1883-04,1883,Electives,General,5,34,
67_67399_5136980,SOCIOLOGY,1883-06,1883,Electives,General,5,34,
67_67399_5136980,SOCIOLOGY,1883-07,1883,Electives,General,5,34,
67_67399_5136980,SOCIOLOGY,1883-08,1883,Electives,General,5,34,
67_67399_5136980,SOCIOLOGY,1883-09,1883,Electives,General,5,34,
67_67399_5136980,SOCIOLOGY,1883-10,1883,Electives,General,5,34,
67_67399_5136980,ALGEBRA II 1S,2057-13,2057,Mathematics,Mathematics,5,34,
67_67399_5136980,ALGEBRA II 1S,2057-14,2057,Mathematics,Mathematics,5,34,
67_67399_5136980,ALGEBRA I 1S,2075-50,2075,Mathematics,Mathematics,5,34,
67_67399_5136980,ALGEBRA I 1S,2075-51,2075,Mathematics,Mathematics,5,34,
67_67399_5136980,ALGEBRA I 1S,2075-52,2075,Mathematics,Mathematics,5,34,
67_67399_5136980,ALGEBRA I 1S,2075-53,2075,Mathematics,Mathematics,5,34,
67_67399_5136980,ALGEBRA I 1S,2075-54,2075,Mathematics,Mathematics,5,34,
67_67399_5136980,ALGEBRA I 1S,2075-55,2075,Mathematics,Mathematics,5,34,
67_67399_5136980,ALGEBRA I 1S,2075-56,2075,Mathematics,Mathematics,5,34,
67_67399_5136980,ALGEBRA I 1S,2075-57,2075,Mathematics,Mathematics,5,34,
67_67399_5136980,ALGEBRA I 1S,2075-58,2075,Mathematics,Mathematics,5,34,
67_67399_5136980,ALGEBRA I 1S,2075-59,2075,Mathematics,Mathematics,5,34,
67_67399_5136980,ALGEBRA I 1S,2075-60,2075,Mathematics,Mathematics,5,34,
67_67399_5136980,ALGEBRA I 1S,2075-61,2075,Mathematics,Mathematics,5,34,
67_67399_5136980,ALGEBRA I 1S,2075-62,2075,Mathematics,Mathematics,5,34,
67_67399_5136980,ALGEBRA I 1S,2075-63,2075,Mathematics,Mathematics,5,34,
67_67399_5136980,ALGEBRA I 1S,2075-64,2075,Mathematics,Mathematics,5,34,
67_67399_5136980,ALGEBRA I 1S,2075-65,2075,Mathematics,Mathematics,5,34,
67_67399_5136980,ALGEBRA I 1S,2075-66,2075,Mathematics,Mathematics,5,34,
67_67399_5136980,ALGEBRA I 1S,2075-67,2075,Mathematics,Mathematics,5,34,
67_67399_5136980,ALGEBRA I 2S,2076-50,2076,Mathematics,Mathematics,5,34,
67_67399_5136980,ALGEBRA I 2S,2076-51,2076,Mathematics,Mathematics,5,34,
67_67399_5136980,ALGEBRA I 2S,2076-52,2076,Mathematics,Mathematics,5,34,
67_67399_5136980,ALGEBRA I 2S,2076-53,2076,Mathematics,Mathematics,5,34,
67_67399_5136980,ALGEBRA I 2S,2076-54,2076,Mathematics,Mathematics,5,34,
67_67399_5136980,ALGEBRA I 2S,2076-55,2076,Mathematics,Mathematics,5,34,
67_67399_5136980,ALGEBRA I 2S,2076-56,2076,Mathematics,Mathematics,5,34,
67_67399_5136980,ALGEBRA I 2S,2076-57,2076,Mathematics,Mathematics,5,34,
67_67399_5136980,ALGEBRA I 2S,2076-58,2076,Mathematics,Mathematics,5,34,
67_67399_5136980,ALGEBRA I 2S,2076-59,2076,Mathematics,Mathematics,5,34,
67_67399_5136980,ALGEBRA I 2S,2076-60,2076,Mathematics,Mathematics,5,34,
67_67399_5136980,ALGEBRA I 2S,2076-61,2076,Mathematics,Mathematics,5,34,
67_67399_5136980,ALGEBRA I 2S,2076-62,2076,Mathematics,Mathematics,5,34,
67_67399_5136980,ALGEBRA I 2S,2076-63,2076,Mathematics,Mathematics,5,34,
67_67399_5136980,ALGEBRA I 2S,2076-64,2076,Mathematics,Mathematics,5,34,
67_67399_5136980,ALGEBRA I 2S,2076-65,2076,Mathematics,Mathematics,5,34,
67_67399_5136980,ALGEBRA I 2S,2076-66,2076,Mathematics,Mathematics,5,34,
67_67399_5136980,ALGEBRA I 2S,2076-67,2076,Mathematics,Mathematics,5,34,
67_67399_5136980,UNIFIED PE I,2493-50,2493,,Physical Education,10,40,
67_67399_5136980,UNIFIED PE I,2493-51,2493,,Physical Education,10,40,
67_67399_5136980,BIOLOGY A,3037-50,3037,,Life Science,5,20,
67_67399_5136980,BIOLOGY A,3037-51,3037,,Life Science,5,20,
67_67399_5136980,BIOLOGY A,3037-52,3037,,Life Science,5,20,
67_67399_5136980,BIOLOGY A,3037-53,3037,,Life Science,5,20,
67_67399_5136980,BIOLOGY A,3037-54,3037,,Life Science,5,20,
67_67399_5136980,BIOLOGY B,3038-50,3038,,Life Science,5,20,
67_67399_5136980,BIOLOGY B,3038-51,3038,,Life Science,5,20,
67_67399_5136980,BIOLOGY B,3038-52,3038,,Life Science,5,20,
67_67399_5136980,BIOLOGY B,3038-53,3038,,Life Science,5,20,
67_67399_5136980,BIOLOGY B,3038-54,3038,,Life Science,5,20,
67_67399_5136980,AGRIC BIOLOGY 1S,3064-50,3064,Lab Science,Life Science,5,32,
67_67399_5136980,AGRIC BIOLOGY 1S,3064-51,3064,Lab Science,Life Science,5,32,
67_67399_5136980,AGRIC BIOLOGY 1S,3064-52,3064,Lab Science,Life Science,5,32,
67_67399_5136980,AGRIC BIOLOGY 1S,3064-53,3064,Lab Science,Life Science,5,32,
67_67399_5136980,AGRIC BIOLOGY 1S,3064-54,3064,Lab Science,Life Science,5,32,
67_67399_5136980,AGRIC BIOLOGY 2S,3068-50,3068,Lab Science,Life Science,5,32,
67_67399_5136980,AGRIC BIOLOGY 2S,3068-51,3068,Lab Science,Life Science,5,32,
67_67399_5136980,AGRIC BIOLOGY 2S,3068-52,3068,Lab Science,Life Science,5,32,
67_67399_5136980,AGRIC BIOLOGY 2S,3068-53,3068,Lab Science,Life Science,5,32,
67_67399_5136980,AGRIC BIOLOGY 2S,3068-54,3068,Lab Science,Life Science,5,32,
67_67399_5136980,CHEMISTRY 1S,3121-13,3121,Lab Science,Physical Science,5,32,
67_67399_5136980,CHEMISTRY 1S,3121-14,3121,Lab Science,Physical Science,5,32,
67_67399_5136980,CHEMISTRY 1S,3121-15,3121,Lab Science,Physical Science,5,32,
67_67399_5136980,CHEMISTRY 1S,3121-16,3121,Lab Science,Physical Science,5,32,
67_67399_5136980,CHEMISTRY 1S,3121-17,3121,Lab Science,Physical Science,5,32,
67_67399_5136980,CHEMISTRY 1S,3121-18,3121,Lab Science,Physical Science,5,32,
67_67399_5136980,CHEMISTRY 1S,3121-19,3121,Lab Science,Physical Science,5,32,
67_67399_5136980,CHEMISTRY 1S,3121-20,3121,Lab Science,Physical Science,5,32,
67_67399_5136980,CHEMISTRY 2S,3123-13,3123,Lab Science,Physical Science,5,32,
67_67399_5136980,CHEMISTRY 2S,3123-14,3123,Lab Science,Physical Science,5,32,
67_67399_5136980,CHEMISTRY 2S,3123-15,3123,Lab Science,Physical Science,5,32,
67_67399_5136980,CHEMISTRY 2S,3123-16,3123,Lab Science,Physical Science,5,32,
67_67399_5136980,CHEMISTRY 2S,3123-17,3123,Lab Science,Physical Science,5,32,
67_67399_5136980,CHEMISTRY 2S,3123-18,3123,Lab Science,Physical Science,5,32,
67_67399_5136980,CHEMISTRY 2S,3123-19,3123,Lab Science,Physical Science,5,32,
67_67399_5136980,CHEMISTRY 2S,3123-20,3123,Lab Science,Physical Science,5,32,
67_67399_5136980,ALGEBRA II 2S,3533-13,3533,Mathematics,Mathematics,5,34,
67_67399_5136980,ALGEBRA II 2S,3533-14,3533,Mathematics,Mathematics,5,34,
67_67399_5136980,ALGEBRA II 2S,3533-15,3533,Mathematics,Mathematics,5,34,
67_67399_5136980,SPANISH III 1S,3896-50,3896,Foreign Language,Foreign Language,5,34,
67_67399_5136980,SPANISH III 1S,3896-51,3896,Foreign Language,Foreign Language,5,34,
67_67399_5136980,SPANISH III 1S,3896-52,3896,Foreign Language,Foreign Language,5,34,
67_67399_5136980,SPANISH III 1S,3896-53,3896,Foreign Language,Foreign Language,5,34,
67_67399_5136980,SPANISH III 2S,3897-50,3897,Foreign Language,Foreign Language,5,34,
67_67399_5136980,SPANISH III 2S,3897-52,3897,Foreign Language,Foreign Language,5,34,
67_67399_5136980,SPANISH III 2S,3897-53,3897,Foreign Language,Foreign Language,5,34,
67_67399_5136980,SPANISH III 2S,3897-54,3897,Foreign Language,Foreign Language,5,34,
67_67399_5136980,SPANISH IV 1S,3898-50,3898,Foreign Language,Foreign Language,5,34,
67_67399_5136980,SPANISH IV 1S,3898-51,3898,Foreign Language,Foreign Language,5,34,
67_67399_5136980,SPANISH IV 1S,3898-52,3898,Foreign Language,Foreign Language,5,34,
67_67399_5136980,SPANISH IV 1S,3898-53,3898,Foreign Language,Foreign Language,5,34,
67_67399_5136980,SPANISH IV 2S,3899-50,3899,Foreign Language,Foreign Language,5,34,
67_67399_5136980,SPANISH IV 2S,3899-51,3899,Foreign Language,Foreign Language,5,34,
67_67399_5136980,SPANISH IV 2S,3899-52,3899,Foreign Language,Foreign Language,5,34,
67_67399_5136980,SPANISH IV 2S,3899-53,3899,Foreign Language,Foreign Language,5,34,
67_67399_5136980,SPANISH II 1S,4021-50,4021,Foreign Language,Foreign Language,5,34,
67_67399_5136980,SPANISH II 1S,4021-51,4021,Foreign Language,Foreign Language,5,34,
67_67399_5136980,SPANISH II 2S,4326-50,4326,Foreign Language,Foreign Language,5,34,
67_67399_5136980,SPANISH II 2S,4326-51,4326,Foreign Language,Foreign Language,5,34,
67_67399_5136980,ENGLISH 9A,4578-50,4578,,English,5,20,
67_67399_5136980,ENGLISH 9A,4578-51,4578,,English,5,20,
67_67399_5136980,ENGLISH 9A,4578-52,4578,,English,5,20,
67_67399_5136980,ENGLISH 9A,4578-53,4578,,English,5,20,
67_67399_5136980,ENGLISH 9A,4578-54,4578,,English,5,20,
67_67399_5136980,ENGLISH 9B,4579-50,4579,,English,5,20,
67_67399_5136980,ENGLISH 9B,4579-51,4579,,English,5,20,
67_67399_5136980,ENGLISH 9B,4579-52,4579,,English,5,20,
67_67399_5136980,ENGLISH 9B,4579-53,4579,,English,5,20,
67_67399_5136980,ENGLISH 9B,4579-54,4579,,English,5,20,
67_67399_5136980,SPANISH I 1S,4792-50,4792,Foreign Language,Foreign Language,5,34,
67_67399_5136980,SPANISH I 1S,4792-51,4792,Foreign Language,Foreign Language,5,34,
67_67399_5136980,SPANISH I 2S,4793-50,4793,Foreign Language,Foreign Language,5,34,
67_67399_5136980,SPANISH I 2S,4793-51,4793,Foreign Language,Foreign Language,5,34,
67_67399_5136980,BIOLOGY 2S,5432-50,5432,Lab Science,Life Science,5,32,
67_67399_5136980,BIOLOGY 2S,5432-51,5432,Lab Science,Life Science,5,32,
67_67399_5136980,BIOLOGY 2S,5432-52,5432,Lab Science,Life Science,5,32,
67_67399_5136980,BIOLOGY 2S,5432-53,5432,Lab Science,Life Science,5,32,
67_67399_5136980,BIOLOGY 2S,5432-54,5432,Lab Science,Life Science,5,32,
67_67399_5136980,BIOLOGY 2S,5432-55,5432,Lab Science,Life Science,5,32,
67_67399_5136980,BIOLOGY 2S,5432-56,5432,Lab Science,Life Science,5,32,
67_67399_5136980,BIOLOGY 2S,5432-57,5432,Lab Science,Life Science,5,32,
67_67399_5136980,BIOLOGY 2S,5432-58,5432,Lab Science,Life Science,5,32,
67_67399_5136980,BIOLOGY 2S,5432-59,5432,Lab Science,Life Science,5,32,
67_67399_5136980,BIOLOGY 2S,5432-60,5432,Lab Science,Life Science,5,32,
67_67399_5136980,BIOLOGY 2S,5432-61,5432,Lab Science,Life Science,5,32,
67_67399_5136980,BIOLOGY 2S,5432-62,5432,Lab Science,Life Science,5,32,
67_67399_5136980,BIOLOGY 2S,5432-63,5432,Lab Science,Life Science,5,32,
67_67399_5136980,BIOLOGY 2S,5432-64,5432,Lab Science,Life Science,5,32,
67_67399_5136980,BIOLOGY 2S,5432-65,5432,Lab Science,Life Science,5,32,
67_67399_5136980,PE II,5819-13,5819,,Physical Education,10,40,
67_67399_5136980,PE II,5819-14,5819,,Physical Education,10,40,
67_67399_5136980,PE II,5819-15,5819,,Physical Education,10,40,
67_67399_5136980,PE II,5819-20,5819,,Physical Education,10,40,
67_67399_5136980,PE II,5819-21,5819,,Physical Education,10,40,
67_67399_5136980,PE II,5819-22,5819,,Physical Education,10,40,
67_67399_5136980,PE II,5819-23,5819,,Physical Education,10,40,
67_67399_5136980,PE II,5819-24,5819,,Physical Education,10,40,
67_67399_5136980,PE II,5819-25,5819,,Physical Education,10,40,
67_67399_5136980,PE II,5819-26,5819,,Physical Education,10,40,
67_67399_5136980,PE II,5819-27,5819,,Physical Education,10,40,
67_67399_5136980,PE II,5819-28,5819,,Physical Education,10,40,
67_67399_5136980,PE II,5819-29,5819,,Physical Education,10,40,
67_67399_5136980,PE II,5819-30,5819,,Physical Education,10,40,
67_67399_5136980,PE II,5819-31,5819,,Physical Education,10,40,
67_67399_5136980,PE II,5819-32,5819,,Physical Education,10,40,
67_67399_5136980,PE II,5819-33,5819,,Physical Education,10,40,
67_67399_5136980,PE II,5819-34,5819,,Physical Education,10,40,
67_67399_5136980,AVID 9,5980-50,5980,,General,10,34,
67_67399_5136980,AVID 9,5980-51,5980,,General,10,34,
67_67399_5136980,AVID 9,5980-52,5980,,General,10,34,
67_67399_5136980,AVID 9,5980-53,5980,,General,10,34,
67_67399_5136980,AVID 9,5980-54,5980,,General,10,34,
67_67399_5136980,AVID 9,5980-55,5980,,General,10,34,
67_67399_5136980,AVID 9,5980-56,5980,,General,10,34,
67_67399_5136980,AVID 9,5980-57,5980,,General,10,34,
67_67399_5136980,AVID 9,5980-58,5980,,General,10,34,
67_67399_5136980,AVID 9,5980-59,5980,,General,10,34,
67_67399_5136980,WORLD HISTORY 1S,5991-13,5991,History,Social Science,5,34,
67_67399_5136980,WORLD HISTORY 1S,5991-14,5991,History,Social Science,5,34,
67_67399_5136980,WORLD HISTORY 1S,5991-15,5991,History,Social Science,5,34,
67_67399_5136980,WORLD HISTORY 1S,5991-16,5991,History,Social Science,5,34,
67_67399_5136980,WORLD HISTORY 1S,5991-17,5991,History,Social Science,5,34,
67_67399_5136980,WORLD HISTORY 1S,5991-19,5991,History,Social Science,5,34,
67_67399_5136980,WORLD HISTORY 1S,5991-20,5991,History,Social Science,5,34,
67_67399_5136980,WORLD HISTORY 2S,5992-13,5992,History,Social Science,5,34,
67_67399_5136980,WORLD HISTORY 2S,5992-14,5992,History,Social Science,5,34,
67_67399_5136980,WORLD HISTORY 2S,5992-15,5992,History,Social Science,5,34,
67_67399_5136980,WORLD HISTORY 2S,5992-16,5992,History,Social Science,5,34,
67_67399_5136980,WORLD HISTORY 2S,5992-17,5992,History,Social Science,5,34,
67_67399_5136980,WORLD HISTORY 2S,5992-19,5992,History,Social Science,5,34,
67_67399_5136980,WORLD HISTORY 2S,5992-20,5992,History,Social Science,5,34,
67_67399_5136980,BIOLOGY 1S,6215-50,6215,Lab Science,Life Science,5,32,
67_67399_5136980,BIOLOGY 1S,6215-51,6215,Lab Science,Life Science,5,32,
67_67399_5136980,BIOLOGY 1S,6215-52,6215,Lab Science,Life Science,5,32,
67_67399_5136980,BIOLOGY 1S,6215-53,6215,Lab Science,Life Science,5,32,
67_67399_5136980,BIOLOGY 1S,6215-54,6215,Lab Science,Life Science,5,32,
67_67399_5136980,BIOLOGY 1S,6215-55,6215,Lab Science,Life Science,5,32,
67_67399_5136980,BIOLOGY 1S,6215-56,6215,Lab Science,Life Science,5,32,
67_67399_5136980,BIOLOGY 1S,6215-57,6215,Lab Science,Life Science,5,32,
67_67399_5136980,BIOLOGY 1S,6215-58,6215,Lab Science,Life Science,5,32,
67_67399_5136980,BIOLOGY 1S,6215-59,6215,Lab Science,Life Science,5,32,
67_67399_5136980,BIOLOGY 1S,6215-60,6215,Lab Science,Life Science,5,32,
67_67399_5136980,BIOLOGY 1S,6215-61,6215,Lab Science,Life Science,5,32,
67_67399_5136980,BIOLOGY 1S,6215-62,6215,Lab Science,Life Science,5,32,
67_67399_5136980,BIOLOGY 1S,6215-63,6215,Lab Science,Life Science,5,32,
67_67399_5136980,BIOLOGY 1S,6215-64,6215,Lab Science,Life Science,5,32,
67_67399_5136980,BIOLOGY 1S,6215-65,6215,Lab Science,Life Science,5,32,
67_67399_5136980,ENGLISH 10 1S,6682-13,6682,English,English,5,34,
67_67399_5136980,ENGLISH 10 1S,6682-14,6682,English,English,5,34,
67_67399_5136980,ENGLISH 10 1S,6682-15,6682,English,English,5,34,
67_67399_5136980,ENGLISH 10 2S,6683-13,6683,English,English,5,34,
67_67399_5136980,ENGLISH 10 2S,6683-14,6683,English,English,5,34,
67_67399_5136980,ENGLISH 10 2S,6683-15,6683,English,English,5,34,
67_67399_5136980,ENGLISH 10 2S,6683-16,6683,English,English,5,34,
67_67399_5136980,ENGLISH 10 2S,6683-17,6683,English,English,5,34,
67_67399_5136980,ENGLISH 10 2S,6683-18,6683,English,English,5,34,
67_67399_5136980,ENGLISH 10 2S,6683-21,6683,English,English,5,34,
67_67399_5136980,ENGLISH 11 1S,6687-13,6687,English,English,5,34,
67_67399_5136980,ENGLISH 11 1S,6687-14,6687,English,English,5,34,
67_67399_5136980,ENGLISH 11 1S,6687-15,6687,English,English,5,34,
67_67399_5136980,ENGLISH 11 1S,6687-16,6687,English,English,5,34,
67_67399_5136980,ENGLISH 11 1S,6687-17,6687,English,English,5,34,
67_67399_5136980,ENGLISH 11 1S,6687-18,6687,English,English,5,34,
67_67399_5136980,CONCERT BAND BEGINNERS,7383-50,7383,Arts,Music,10,40,
67_67399_5136980,CONCERT BAND BEGINNERS,7383-51,7383,Arts,Music,10,40,
67_67399_5136980,CHOIR 1S,7500-50,7500,Arts,Music,5,34,
67_67399_5136980,CHOIR 1S,7500-51,7500,Arts,Music,5,34,
67_67399_5136980,CHOIR 2S,7502-50,7502,Arts,Music,5,34,
67_67399_5136980,CHOIR 2S,7502-52,7502,Arts,Music,5,34,
67_67399_5136980,NAVAL SCIENCE I,7641-50,7641,,Physical Education,10,25,
67_67399_5136980,NAVAL SCIENCE I,7641-51,7641,,Physical Education,10,25,
67_67399_5136980,NAVAL SCIENCE I,7641-52,7641,,Physical Education,10,25,
67_67399_5136980,NAVAL SCIENCE I,7641-53,7641,,Physical Education,10,25,
67_67399_5136980,NAVAL SCIENCE I,7641-54,7641,,Physical Education,10,25,
67_67399_5136980,NAVAL SCIENCE I,7641-55,7641,,Physical Education,10,25,
67_67399_5136980,NAVAL SCIENCE I,7641-56,7641,,Physical Education,10,25,
67_67399_5136980,NAVAL SCIENCE I,7641-57,7641,,Physical Education,10,25,
67_67399_5136980,NAVAL SCIENCE I,7641-58,7641,,Physical Education,10,25,
67_67399_5136980,NAVAL SCIENCE I,7641-59,7641,,Physical Education,10,25,
67_67399_5136980,PE I,7651-51,7651,,Physical Education,10,40,
67_67399_5136980,PE I,7651-52,7651,,Physical Education,10,40,
67_67399_5136980,PE I,7651-53,7651,,Physical Education,10,40,
67_67399_5136980,PE I,7651-54,7651,,Physical Education,10,40,
67_67399_5136980,PE I,7651-55,7651,,Physical Education,10,40,
67_67399_5136980,PE I,7651-56,7651,,Physical Education,10,40,
67_67399_5136980,PE I,7651-57,7651,,Physical Education,10,40,
67_67399_5136980,PE I,7651-58,7651,,Physical Education,10,40,
67_67399_5136980,PE I,7651-59,7651,,Physical Education,10,40,
67_67399_5136980,PE I,7651-60,7651,,Physical Education,10,40,
67_67399_5136980,PE I,7651-61,7651,,Physical Education,10,40,
67_67399_5136980,PE I,7651-62,7651,,Physical Education,10,40,
67_67399_5136980,PE I,7651-63,7651,,Physical Education,10,40,
67_67399_5136980,PE I,7651-65,7651,,Physical Education,10,40,
67_67399_5136980,PE I,7651-66,7651,,Physical Education,10,40,
67_67399_5136980,PE I,7651-67,7651,,Physical Education,10,40,
67_67399_5136980,PE I,7651-68,7651,,Physical Education,10,40,
67_67399_5136980,PE I,7651-69,7651,,Physical Education,10,40,
67_67399_5136980,PE I,7651-70,7651,,Physical Education,10,40,
67_67399_5136980,PE I,7651-71,7651,,Physical Education,10,40,
67_67399_5136980,PE I,7651-72,7651,,Physical Education,10,40,
67_67399_5136980,PE I,7651-73,7651,,Physical Education,10,40,
67_67399_5136980,PE I,7651-74,7651,,Physical Education,10,40,
67_67399_5136980,PE I,7651-75,7651,,Physical Education,10,40,
67_67399_5136980,PE I,7651-76,7651,,Physical Education,10,40,
67_67399_5136980,PE I,7651-77,7651,,Physical Education,10,40,
67_67399_5136980,PE I,7651-78,7651,,Physical Education,10,40,
67_67399_5136980,PE I,7651-79,7651,,Physical Education,10,40,
67_67399_5136980,ENGLISH 9 1S,7702-50,7702,English,English,5,34,
67_67399_5136980,ENGLISH 9 1S,7702-51,7702,English,English,5,34,
67_67399_5136980,ENGLISH 9 1S,7702-52,7702,English,English,5,34,
67_67399_5136980,ENGLISH 9 1S,7702-53,7702,English,English,5,34,
67_67399_5136980,ENGLISH 9 1S,7702-54,7702,English,English,5,34,
67_67399_5136980,ENGLISH 9 1S,7702-55,7702,English,English,5,34,
67_67399_5136980,ENGLISH 9 1S,7702-56,7702,English,English,5,34,
67_67399_5136980,ENGLISH 9 1S,7702-57,7702,English,English,5,34,
67_67399_5136980,ENGLISH 9 1S,7702-58,7702,English,English,5,34,
67_67399_5136980,ENGLISH 9 1S,7702-59,7702,English,English,5,34,
67_67399_5136980,ENGLISH 9 1S,7702-60,7702,English,English,5,34,
67_67399_5136980,ENGLISH 9 1S,7702-61,7702,English,English,5,34,
67_67399_5136980,ENGLISH 9 1S,7702-62,7702,English,English,5,34,
67_67399_5136980,ENGLISH 9 1S,7702-63,7702,English,English,5,34,
67_67399_5136980,ENGLISH 9 2S,7708-50,7708,English,English,5,34,
67_67399_5136980,ENGLISH 9 2S,7708-51,7708,English,English,5,34,
67_67399_5136980,ENGLISH 9 2S,7708-52,7708,English,English,5,34,
67_67399_5136980,ENGLISH 9 2S,7708-53,7708,English,English,5,34,
67_67399_5136980,ENGLISH 9 2S,7708-54,7708,English,English,5,34,
67_67399_5136980,ENGLISH 9 2S,7708-55,7708,English,English,5,34,
67_67399_5136980,ENGLISH 9 2S,7708-56,7708,English,English,5,34,
67_67399_5136980,ENGLISH 9 2S,7708-57,7708,English,English,5,34,
67_67399_5136980,ENGLISH 9 2S,7708-58,7708,English,English,5,34,
67_67399_5136980,ENGLISH 9 2S,7708-59,7708,English,English,5,34,
67_67399_5136980,ENGLISH 9 2S,7708-60,7708,English,English,5,34,
67_67399_5136980,ENGLISH 9 2S,7708-61,7708,English,English,5,34,
67_67399_5136980,ENGLISH 9 2S,7708-62,7708,English,English,5,34,
67_67399_5136980,ENGLISH 9 2S,7708-63,7708,English,English,5,34,
67_67399_5136980,US HISTORY 2S,7791-13,7791,History,Social Science,5,34,
67_67399_5136980,US HISTORY 2S,7791-14,7791,History,Social Science,5,34,
67_67399_5136980,US HISTORY 2S,7791-15,7791,History,Social Science,5,34,
67_67399_5136980,US HISTORY 2S,7791-17,7791,History,Social Science,5,34,
67_67399_5136980,US HISTORY 2S,7791-20,7791,History,Social Science,5,34,
67_67399_5136980,US HISTORY 2S,7791-21,7791,History,Social Science,5,34,
67_67399_5136980,US HISTORY 2S,7791-22,7791,History,Social Science,5,34,
67_67399_5136980,US HISTORY 2S,7791-23,7791,History,Social Science,5,34,
67_67399_5136980,US HISTORY 2S,7791-24,7791,History,Social Science,5,34,
67_67399_5136980,ENG LANG ARTS IA,8362-50,8352,,English,10,22,
67_67399_5136980,ENG LANG ARTS IB,8364-50,8364,,English,10,20,
67_67399_5136980,ENGLISH 11 2S,8697-13,8697,English,English,5,34,
67_67399_5136980,ENGLISH 11 2S,8697-14,8697,English,English,5,34,
67_67399_5136980,ENGLISH 11 2S,8697-16,8697,English,English,5,34,
67_67399_5136980,ENGLISH 11 2S,8697-17,8697,English,English,5,34,
67_67399_5136980,ENGLISH 11 2S,8697-18,8697,English,English,5,34,
67_67399_5136980,ENGLISH 11 2S,8697-20,8697,English,English,5,34,
67_67399_5136980,US HISTORY 1S,9226-13,9226,History,Social Science,5,34,
67_67399_5136980,US HISTORY 1S,9226-14,9226,History,Social Science,5,34,
67_67399_5136980,US HISTORY 1S,9226-15,9226,History,Social Science,5,34,
67_67399_5136980,US HISTORY 1S,9226-16,9226,History,Social Science,5,34,
67_67399_5136980,US HISTORY 1S,9226-17,9226,History,Social Science,5,34,
67_67399_5136980,US HISTORY 1S,9226-18,9226,History,Social Science,5,34,
67_67399_5136980,US HISTORY 1S,9226-19,9226,History,Social Science,5,34,
67_67399_5136980,US HISTORY 1S,9226-20,9226,History,Social Science,5,34,
67_67399_5136980,GEOMETRY 1S,9814-13,9814,Mathematics,Mathematics,5,34,
67_67399_5136980,GEOMETRY 1S,9814-14,9814,Mathematics,Mathematics,5,34,
67_67399_5136980,GEOMETRY 1S,9814-15,9814,Mathematics,Mathematics,5,34,
67_67399_5136980,GEOMETRY 1S,9814-16,9814,Mathematics,Mathematics,5,34,
67_67399_5136980,GEOMETRY 1S,9814-17,9814,Mathematics,Mathematics,5,34,
67_67399_5136980,GEOMETRY 1S,9814-18,9814,Mathematics,Mathematics,5,34,
67_67399_5136980,GEOMETRY 1S,9814-20,9814,Mathematics,Mathematics,5,34,
67_67399_5136980,GEOMETRY 1S,9814-21,9814,Mathematics,Mathematics,5,34,
67_67399_5136980,GEOMETRY 1S,9814-22,9814,Mathematics,Mathematics,5,34,
67_67399_5136980,GEOMETRY 1S,9814-23,9814,Mathematics,Mathematics,5,34,
67_67399_5136980,GEOMETRY 1S,9814-24,9814,Mathematics,Mathematics,5,34,
67_67399_5136980,GEOMETRY 1S,9814-25,9814,Mathematics,Mathematics,5,34,
67_67399_5136980,GEOMETRY 1S,9814-26,9814,Mathematics,Mathematics,5,34,
67_67399_5136980,GEOMETRY 1S,9814-50,9814,Mathematics,Mathematics,5,34,
67_67399_5136980,GEOMETRY 1S,9814-51,9814,Mathematics,Mathematics,5,34,
67_67399_5136980,GEOMETRY 2S,9815-18,9815,Mathematics,Mathematics,5,34,
67_67399_5136980,GEOMETRY 2S,9815-19,9815,Mathematics,Mathematics,5,34,
67_67399_5136980,GEOMETRY 2S,9815-20,9815,Mathematics,Mathematics,5,34,
67_67399_5136980,GEOMETRY 2S,9815-21,9815,Mathematics,Mathematics,5,34,
67_67399_5136980,GEOMETRY 2S,9815-29,9815,Mathematics,Mathematics,5,34,
67_67399_5136980,GEOMETRY 2S,9815-30,9815,Mathematics,Mathematics,5,34,
67_67399_5136980,GEOMETRY 2S,9815-31,9815,Mathematics,Mathematics,5,34,
67_67399_5136980,GEOMETRY 2S,9815-32,9815,Mathematics,Mathematics,5,34,
67_67399_5136980,GEOMETRY 2S,9815-33,9815,Mathematics,Mathematics,5,34,
67_67399_5136980,GEOMETRY 2S,9815-34,9815,Mathematics,Mathematics,5,34,
67_67399_5136980,GEOMETRY 2S,9815-35,9815,Mathematics,Mathematics,5,34,
67_67399_5136980,GEOMETRY 2S,9815-36,9815,Mathematics,Mathematics,5,34,
67_67399_5136980,GEOMETRY 2S,9815-37,9815,Mathematics,Mathematics,5,34,
67_67399_5136980,GEOMETRY 2S,9815-50,9815,Mathematics,Mathematics,5,34,
67_67399_5136980,GEOMETRY 2S,9815-51,9815,Mathematics,Mathematics,5,34,
67_67399_5136980,INTRO TO CAREERS 9 1S,C700001-50,C700001,,Industrial Arts/Vocational Education,5,25,
67_67399_5136980,INTRO TO CAREERS 9 1S,C700001-51,C700001,,Industrial Arts/Vocational Education,5,25,
67_67399_5136980,INTRO TO CAREERS 9 1S,C700001-52,C700001,,Industrial Arts/Vocational Education,5,25,
67_67399_5136980,INTRO TO CAREERS 9 1S,C700001-53,C700001,,Industrial Arts/Vocational Education,5,25,
67_67399_5136980,INTRO TO CAREERS 9 1S,C700001-54,C700001,,Industrial Arts/Vocational Education,5,25,
67_67399_5136980,INTRO TO CAREERS 9 2S,C700002-50,C700002,,Industrial Arts/Vocational Education,5,25,
67_67399_5136980,INTRO TO CAREERS 9 2S,C700002-51,C700002,,Industrial Arts/Vocational Education,5,25,
67_67399_5136980,INTRO TO CAREERS 9 2S,C700002-52,C700002,,Industrial Arts/Vocational Education,5,25,
67_67399_5136980,INTRO TO CAREERS 9 2S,C700002-53,C700002,,Industrial Arts/Vocational Education,5,25,
67_67399_5136980,INTRO TO CAREERS 9 2S,C700002-54,C700002,,Industrial Arts/Vocational Education,5,25,
67_67399_5136980,ADV SUSTAINABLE AGRIC 1S,C713403-01,C713403,,Industrial Arts/Vocational Education,5,25,
67_67399_5136980,ADV SUSTAINABLE AGRIC 2S,C713404-01,C713404,,Industrial Arts/Vocational Education,5,25,
67_67399_5136980,PLANT & SOIL SCIENCE 1S,C7171001-01,C7171001,Electives,Life Science,5,25,
67_67399_5136980,PLANT & SOIL SCIENCE 1S,C7171001-02,C7171001,Electives,Life Science,5,25,
67_67399_5136980,PLANT & SOIL SCIENCE 2S,C7171002-01,C7171002,Electives,Life Science,5,25,
67_67399_5136980,PLANT & SOIL SCIENCE 2S,C7171002-02,C7171002,Electives,Life Science,5,25,
67_67399_5136980,INTRO BUSI & FINANCE 1S,C740001-01,C740001,Electives,Industrial Arts/Vocational Education,5,25,
67_67399_5136980,INTRO BUSI & FINANCE 1S,C740001-02,C740001,Electives,Industrial Arts/Vocational Education,5,25,
67_67399_5136980,INTRO BUSI & FINANCE 1S,C740001-03,C740001,Electives,Industrial Arts/Vocational Education,5,25,
67_67399_5136980,INTRO BUSI & FINANCE 1S,C740001-04,C740001,Electives,Industrial Arts/Vocational Education,5,25,
67_67399_5136980,INTRO BUSI & FINANCE 2S,C740002-01,C740002,Electives,Industrial Arts/Vocational Education,5,25,
67_67399_5136980,INTRO BUSI & FINANCE 2S,C740002-02,C740002,Electives,Industrial Arts/Vocational Education,5,25,
67_67399_5136980,INTRO BUSI & FINANCE 2S,C740002-03,C740002,Electives,Industrial Arts/Vocational Education,5,25,
67_67399_5136980,INTRO BUSI & FINANCE 2S,C740002-04,C740002,Electives,Industrial Arts/Vocational Education,5,25,
67_67399_5136980,ADV PUBLIC COMM HEALTH 1S,C795201-01,C795201,,Industrial Arts/Vocational Education,5,25,
67_67399_5136980,ADV PUBLIC COMM HEALTH 2S,C795202-01,C795202,,Industrial Arts/Vocational Education,5,25,
67_67399_5136980,INTRO AUTO SERVICES 1S,C853001-02,C853001,Electives,Industrial Arts/Vocational Education,5,25,
67_67399_5136980,INTRO AUTO SERVICES 1S,C853001-03,C853001,Electives,Industrial Arts/Vocational Education,5,25,
67_67399_5136980,INTRO AUTO SERVICES 2S,C853002-01,C853002,Electives,Industrial Arts/Vocational Education,5,25,
67_67399_5136980,INTRO AUTO SERVICES 2S,C853002-02,C853002,Electives,Industrial Arts/Vocational Education,5,25,
67_67399_5136980,ART I ESN S1,C900001-50,C900001,,Art,5,20,
67_67399_5136980,ART I ESN S2,C900002-50,C900002,,Art,5,20,
67_67399_5136980,AP 2D ART & DESIGN 1S,C900301-01,C900301,,Art,5,25,
67_67399_5136980,AP 2D ART & DESIGN 2S,C900302-01,C900302,,Art,5,25,
67_67399_5136980,LANG IN CONTENT 11 1S,C9104006-01,C9104006,,General,5,34,
67_67399_5136980,LANG IN CONTENT 11 1S,C9104006-02,C9104006,,General,5,34,
67_67399_5136980,LANG IN CONTENT 11 1S,C9104006-03,C9104006,,General,5,34,
67_67399_5136980,LANG IN CONTENT 11 1S,C9104006-04,C9104006,,General,5,34,
67_67399_5136980,LANG IN CONTENT 11 1S,C9104006-05,C9104006,,General,5,34,
67_67399_5136980,LANG IN CONTENT 11 1S,C9104006-06,C9104006,,General,5,34,
67_67399_5136980,LANG IN CONTENT 11 1S,C9104006-07,C9104006,,General,5,34,
67_67399_5136980,LANG IN CONTENT 11 2S,C9104007-03,C9104007,,General,5,34,
67_67399_5136980,LANG IN CONTENT 11 2S,C9104007-04,C9104007,,General,5,34,
67_67399_5136980,LANG IN CONTENT 11 2S,C9104007-05,C9104007,,General,5,34,
67_67399_5136980,LANG IN CONTENT 11 2S,C9104007-06,C9104007,,General,5,34,
67_67399_5136980,LANG IN CONTENT 11 2S,C9104007-07,C9104007,,General,5,34,
67_67399_5136980,LANG IN CONTENT 11 2S,C9104007-12,C9104007,,General,5,34,
67_67399_5136980,LANG IN CONTENT 11 2S,C9104007-13,C9104007,,General,5,34,
67_67399_5136980,LANG IN CONTENT IB 1S,C9104008-01,C9104008,,General,5,20,
67_67399_5136980,LANG IN CONTENT IB 1S,C9104008-03,C9104008,,General,5,20,
67_67399_5136980,LANG IN CONTENT IB 1S,C9104008-50,C9104008,,General,5,30,
67_67399_5136980,LANG IN CONTENT IB 2S,C9104009-01,C9104009,,General,5,20,
67_67399_5136980,LANG IN CONTENT IB 2S,C9104009-03,C9104009,,General,5,20,
67_67399_5136980,LANG IN CONTENT IB 2S,C9104009-04,C9104009,,General,5,20,
67_67399_5136980,LANG IN CONTENT IB 2S,C9104009-05,C9104009,,General,5,20,
67_67399_5136980,LANG IN CONTENT IB 2S,C9104009-50,C9104009,,General,5,20,
67_67399_5136980,LANG IN CONTENT 9 1S,C910415-50,C910415,,General,5,34,
67_67399_5136980,LANG IN CONTENT 9 1S,C910415-51,C910415,,General,5,34,
67_67399_5136980,LANG IN CONTENT 9 1S,C910415-52,C910415,,General,5,34,
67_67399_5136980,LANG IN CONTENT 9 1S,C910415-53,C910415,,General,5,34,
67_67399_5136980,LANG IN CONTENT 9 1S,C910415-54,C910415,,General,5,34,
67_67399_5136980,LANG IN CONTENT 9 1S,C910415-55,C910415,,General,5,34,
67_67399_5136980,LANG IN CONTENT 9 1S,C910415-56,C910415,,General,5,34,
67_67399_5136980,LANG IN CONTENT 9 2S,C910416-51,C910416,,General,5,34,
67_67399_5136980,LANG IN CONTENT 9 2S,C910416-52,C910416,,General,5,34,
67_67399_5136980,LANG IN CONTENT 9 2S,C910416-53,C910416,,General,5,34,
67_67399_5136980,LANG IN CONTENT 9 2S,C910416-54,C910416,,General,5,34,
67_67399_5136980,LANG IN CONTENT 9 2S,C910416-55,C910416,,General,5,34,
67_67399_5136980,LANG IN CONTENT 9 2S,C910416-56,C910416,,General,5,34,
67_67399_5136980,LANG IN CONTENT 9 2S,C910416-59,C910416,,General,5,34,
67_67399_5136980,LANG IN CONTENT 10 1S,C910417-01,C910417,,General,5,34,
67_67399_5136980,LANG IN CONTENT 10 1S,C910417-02,C910417,,General,5,34,
67_67399_5136980,LANG IN CONTENT 10 1S,C910417-03,C910417,,General,5,34,
67_67399_5136980,LANG IN CONTENT 10 1S,C910417-04,C910417,,General,5,34,
67_67399_5136980,LANG IN CONTENT 10 1S,C910417-05,C910417,,General,5,34,
67_67399_5136980,LANG IN CONTENT 10 1S,C910417-06,C910417,,General,5,34,
67_67399_5136980,LANG IN CONTENT 10 1S,C910417-07,C910417,,General,5,34,
67_67399_5136980,LANG IN CONTENT 10 2S,C910418-01,C910418,,General,5,34,
67_67399_5136980,LANG IN CONTENT 10 2S,C910418-05,C910418,,General,5,34,
67_67399_5136980,LANG IN CONTENT 10 2S,C910418-07,C910418,,General,5,34,
67_67399_5136980,LANG IN CONTENT 10 2S,C910418-10,C910418,,General,5,34,
67_67399_5136980,LANG IN CONTENT 10 2S,C910418-11,C910418,,General,5,34,
67_67399_5136980,LANG IN CONTENT 10 2S,C910418-12,C910418,,General,5,34,
67_67399_5136980,LANG IN CONTENT 10 2S,C910418-13,C910418,,General,5,34,
67_67399_5136980,LANG IN CONTENT 10 2S,C910418-14,C910418,,General,5,34,
67_67399_5136980,LANG IN CONTENT 9 ESN S1,C910429-01,C910429,,General,5,20,
67_67399_5136980,LANG IN CONTENT 9 ESN S1,C910429-50,C910429,,General,5,20,
67_67399_5136980,LANG IN CONTENT 9 ESN S2,C910430-02,C910430,,General,5,20,
67_67399_5136980,LANG IN CONTENT 9 ESN S2,C910430-50,C910430,,General,5,20,
67_67399_5136980,ENGLISH 9 ESN S1,C910501-01,C910501,,English,5,20,
67_67399_5136980,ENGLISH 9 ESN S1,C910501-50,C910501,,English,5,20,
67_67399_5136980,LANG IN CONTENT 9 ESN S2,C910502-02,C910430,,General,5,20,
67_67399_5136980,ENGLISH 9 ESN S2,C910502-03,C910502,,English,5,20,
67_67399_5136980,ENGLISH 9 ESN S2,C910502-04,C910502,,English,5,20,
67_67399_5136980,ENGLISH 9 ESN S2,C910502-50,C910502,,English,5,20,
67_67399_5136980,ENGLISH 12 ESN S1,C910801-01,C910801,,English,5,20,
67_67399_5136980,ENGLISH 12 ESN S2,C910802-01,C910802,,English,5,20,
67_67399_5136980,SPANISH I ESN S1,C913001-01,C913001,,Foreign Language,5,20,
67_67399_5136980,SPANISH I ESN S1,C913001-02,C913001,,Foreign Language,5,20,
67_67399_5136980,SPANISH I ESN S2,C913002-02,C913002,,Foreign Language,5,20,
67_67399_5136980,AMERICAN GOVT ESN,C917401-01,C917401,,Social Science,5,20,
67_67399_5136980,ECONOMICS ESN,C917402-01,C917402,,Social Science,5,20,
67_67399_5136980,GET FOCUSED 1S,C922001-50,C922001,,General,5,34,
67_67399_5136980,GET FOCUSED 1S,C922001-51,C922001,,General,5,34,
67_67399_5136980,GET FOCUSED 1S,C922001-52,C922001,,General,5,34,
67_67399_5136980,GET FOCUSED 1S,C922001-53,C922001,,General,5,34,
67_67399_5136980,GET FOCUSED 2S,C922002-50,C922002,,General,5,34,
67_67399_5136980,GET FOCUSED 2S,C922002-51,C922002,,General,5,34,
67_67399_5136980,GET FOCUSED 2S,C922002-52,C922002,,General,5,34,
67_67399_5136980,GET FOCUSED 2S,C922002-53,C922002,,General,5,34,
67_67399_5136980,STEM I 1S,C922203-50,C922203,,General,5,34,
67_67399_5136980,STEM I 1S,C922203-51,C922203,,General,5,34,
67_67399_5136980,STEM I 2S,C922204-50,C922204,,General,5,34,
67_67399_5136980,STEM I 2S,C922204-51,C922204,,General,5,34,
67_67399_5136980,STEM II 1S,C922205-01,C922205,,General,5,34,
67_67399_5136980,STEM II 2S,C922206-01,C922206,,General,5,34,
67_67399_5136980,YEARBOOK & PUBLICATION 1S,C922401-01,C922401,Arts,Art,5,25,
67_67399_5136980,YEARBOOK & PUBLICATION 2S,C922402-01,C922402,Arts,Art,5,34,
67_67399_5136980,AIR COND & REFRIG,C922711-01,C922711,Electives,General,10,25,
67_67399_5136980,AIR COND & REFRIG,C922711-02,C922711,Electives,General,10,25,
67_67399_5136980,CAREER AWARENESS ESN S1,C922805-01,C922805,,General,5,20,
67_67399_5136980,CAREER AWARENESS ESN S2,C922806-01,C922806,,General,5,20,
67_67399_5136980,INDPT LIVING SKILLS I S2,C923202-01,C923202,,General,5,20,
67_67399_5136980,INDPT LIVING SKILLS I S2,C923202-03,C923202,,General,5,20,
67_67399_5136980,MATH I ESN S1,C924501-01,C924501,,Mathematics,5,20,
67_67399_5136980,MATH I ESN S1,C924501-50,C924501,,Mathematics,5,20,
67_67399_5136980,MATH I ESN S2,C924502-02,C924502,,Mathematics,5,20,
67_67399_5136980,MATH I ESN S2,C924502-03,C924502,,Mathematics,5,20,
67_67399_5136980,MATH I ESN S2,C924502-50,C924502,,Mathematics,5,20,
67_67399_5136980,MATH FOR EVERYDAY LIFE S1,C924507-01,C924507,,Mathematics,5,20,
67_67399_5136980,MATH FOR EVERYDAY LIFE S2,C924508-01,C924508,,Mathematics,5,20,
67_67399_5136980,MATH FINANCE 1S,C925401-01,C925401,Mathematics,Mathematics,5,34,
67_67399_5136980,MATH FINANCE 1S,C925401-02,C925401,Mathematics,Mathematics,5,34,
67_67399_5136980,MATH FINANCE 1S,C925401-03,C925401,Mathematics,Mathematics,5,34,
67_67399_5136980,MATH FINANCE 1S,C925401-04,C925401,Mathematics,Mathematics,5,34,
67_67399_5136980,MATH FINANCE 1S,C925401-05,C925401,Mathematics,Mathematics,5,34,
67_67399_5136980,MATH FINANCE 1S,C925401-06,C925401,Mathematics,Mathematics,5,34,
67_67399_5136980,MATH FINANCE 2S,C925402-01,C925402,Mathematics,Mathematics,5,34,
67_67399_5136980,MATH FINANCE 2S,C925402-02,C925402,Mathematics,Mathematics,5,34,
67_67399_5136980,MATH FINANCE 2S,C925402-03,C925402,Mathematics,Mathematics,5,34,
67_67399_5136980,MATH FINANCE 2S,C925402-04,C925402,Mathematics,Mathematics,5,34,
67_67399_5136980,MATH FINANCE 2S,C925402-05,C925402,Mathematics,Mathematics,5,34,
67_67399_5136980,MATH FINANCE 2S,C925402-06,C925402,Mathematics,Mathematics,5,34,
67_67399_5136980,PE TEAM SPORTS II,C931601-01,C931601,,Physical Education,10,40,
67_67399_5136980,PE TEAM SPORTS II,C931601-02,C931601,,Physical Education,10,40,
67_67399_5136980,LIFE SCIENCE ESN S1,C932201-01,C932201,,Life Science,5,20,
67_67399_5136980,LIFE SCIENCE ESN S1,C932201-50,C932201,,Life Science,5,20,
67_67399_5136980,LIFE SCIENCE ESN S2,C932202-02,C932202,,Life Science,5,20,
67_67399_5136980,LIFE SCIENCE ESN S2,C932202-03,C932202,,Life Science,5,20,
67_67399_5136980,LIFE SCIENCE ESN S2,C932202-50,C932202,,Life Science,5,20,
67_67399_5136980,ENVIRONMENTAL GEOLOGY 1S,C934001-03,C934001,Lab Science,Physical Science,5,32,
67_67399_5136980,ENVIRONMENTAL GEOLOGY 1S,C934001-04,C934001,Lab Science,Physical Science,5,32,
67_67399_5136980,ENVIRONMENTAL GEOLOGY 1S,C934001-05,C934001,Lab Science,Physical Science,5,32,
67_67399_5136980,ENVIRONMENTAL GEOLOGY 1S,C934001-06,C934001,Lab Science,Physical Science,5,32,
67_67399_5136980,ENVIRONMENTAL GEOLOGY 1S,C934001-07,C934001,Lab Science,Physical Science,5,32,
67_67399_5136980,ENVIRONMENTAL GEOLOGY 1S,C934001-08,C934001,Lab Science,Physical Science,5,32,
67_67399_5136980,ENVIRONMENTAL GEOLOGY 1S,C934001-10,C934001,Lab Science,Physical Science,5,32,
67_67399_5136980,ENVIRONMENTAL GEOLOGY 1S,C934001-11,C934001,Lab Science,Physical Science,5,32,
67_67399_5136980,ENVIRONMENTAL GEOLOGY 1S,C934001-12,C934001,Lab Science,Physical Science,5,32,
67_67399_5136980,ENVIRONMENTAL GEOLOGY 2S,C934002-01,C934002,Lab Science,Physical Science,5,32,
67_67399_5136980,ENVIRONMENTAL GEOLOGY 2S,C934002-02,C934002,Lab Science,Physical Science,5,32,
67_67399_5136980,ENVIRONMENTAL GEOLOGY 2S,C934002-03,C934002,Lab Science,Physical Science,5,32,
67_67399_5136980,ENVIRONMENTAL GEOLOGY 2S,C934002-04,C934002,Lab Science,Physical Science,5,32,
67_67399_5136980,ENVIRONMENTAL GEOLOGY 2S,C934002-05,C934002,Lab Science,Physical Science,5,32,
67_67399_5136980,ENVIRONMENTAL GEOLOGY 2S,C934002-06,C934002,Lab Science,Physical Science,5,32,
67_67399_5136980,ENVIRONMENTAL GEOLOGY 2S,C934002-07,C934002,Lab Science,Physical Science,5,32,
67_67399_5136980,ENVIRONMENTAL GEOLOGY 2S,C934002-08,C934002,Lab Science,Physical Science,5,32,
67_67399_5136980,ENVIRONMENTAL GEOLOGY 2S,C934002-09,C934002,Lab Science,Physical Science,5,32,
67_67399_5136980,US HISTORY A,1828,1905,,Social Science,5,20,
67_67399_5136980,US HISTORY A,1859,1905,,Social Science,5,20,
67_67399_5136980,US HISTORY A,1887,1905,,Social Science,5,20,
67_67399_5136980,US HISTORY B,2193,1906,,Social Science,5,15,
67_67399_5136980,US HISTORY B,2224,1906,,Social Science,5,20,
67_67399_5136980,US HISTORY B,2252,1906,,Social Science,5,15,
67_67399_5136980,Vocational Ed Subject Area,18384,5,,Industrial Arts/Vocational Education,0,0,
67_67399_5136980,Vocational Ed Subject Area,18749,5,,Industrial Arts/Vocational Education,0,0,
67_67399_5136980,Vocational Ed Subject Area,19115,5,,Industrial Arts/Vocational Education,0,0,
67_67399_5136980,Vocational Ed Subject Area,19480,5,,Industrial Arts/Vocational Education,0,0,
67_67399_5136980,Vocational Ed Subject Area,19845,5,,Industrial Arts/Vocational Education,0,0,
67_67399_5136980,WORLD HISTORY A,23743,1965,,Social Science,5,20,
67_67399_5136980,WORLD HISTORY A,23774,1965,,Social Science,5,20,
67_67399_5136980,WORLD HISTORY A,23802,1965,,Social Science,5,20,
67_67399_5136980,WORLD HISTORY A,23833,1965,,Social Science,5,20,
67_67399_5136980,WORLD HISTORY B,24108,1966,,Social Science,5,15,
67_67399_5136980,WORLD HISTORY B,24139,1966,,Social Science,5,15,
67_67399_5136980,WORLD HISTORY B,24198,1966,,Social Science,5,20,
67_67399_5136980,WORLD HISTORY B,24259,1966,,Social Science,5,20,
67_67399_5136980,AMERICAN GOVT A,27395,1975,,Social Science,5,20,
67_67399_5136980,AP WORLD HIST 1S,27395,75,History,Social Science,5,34,
67_67399_5136980,AP WORLD HIST 1S,27426,75,History,Social Science,5,34,
67_67399_5136980,AMERICAN GOVT A,27426,1975,,Social Science,5,20,
67_67399_5136980,AP WORLD HIST 1S,27454,75,History,Social Science,5,34,
67_67399_5136980,AMERICAN GOVT A,27454,1975,,Social Science,5,0,
67_67399_5136980,AP WORLD HIST 2S,27760,76,History,Social Science,5,34,
67_67399_5136980,AP WORLD HIST 2S,27791,76,History,Social Science,5,34,
67_67399_5136980,AP WORLD HIST 2S,27820,76,History,Social Science,5,34,
67_67399_5136980,DRUMLINE,56250,2054,,Music,10,34,
67_67399_5136980,DRUMLINE,56281,2054,,Music,10,34,
67_67399_5136980,ALGEBRA II 1S,57346,2057,Mathematics,Mathematics,5,34,
67_67399_5136980,ALGEBRA II 1S,57377,2057,Mathematics,Mathematics,5,34,
67_67399_5136980,ALGEBRA II 1S,57405,2057,Mathematics,Mathematics,5,34,
67_67399_5136980,ALGEBRA II 1S,57436,2057,Mathematics,Mathematics,5,34,
67_67399_5136980,ALGEBRA II 1S,57466,2057,Mathematics,Mathematics,5,34,
67_67399_5136980,ALGEBRA II 1S,57497,2057,Mathematics,Mathematics,5,0,
67_67399_5136980,ALGEBRA II 1S,57527,2057,Mathematics,Mathematics,5,34,
67_67399_5136980,ALGEBRA II 1S,57558,2057,Mathematics,Mathematics,5,34,
67_67399_5136980,ALGEBRA II 1S,57589,2057,Mathematics,Mathematics,5,34,
67_67399_5136980,ALGEBRA II 1S,57619,2057,Mathematics,Mathematics,5,34,
67_67399_5136980,ALGEBRA II 1S,57650,2057,Mathematics,Mathematics,5,34,
67_67399_5136980,ALGEBRA II 1S,57680,2057,Mathematics,Mathematics,5,34,
67_67399_5136980,ALGEBRA I 1S,63920,2075,Mathematics,Mathematics,5,34,
67_67399_5136980,ALGEBRA I 1S,63951,2075,Mathematics,Mathematics,5,34,
67_67399_5136980,ALGEBRA I 1S,63979,2075,Mathematics,Mathematics,5,34,
67_67399_5136980,ALGEBRA I 1S,64010,2075,Mathematics,Mathematics,5,34,
67_67399_5136980,ALGEBRA I 1S,64040,2075,Mathematics,Mathematics,5,34,
67_67399_5136980,ALGEBRA I 1S,64071,2075,Mathematics,Mathematics,5,34,
67_67399_5136980,ALGEBRA I 2S,64285,2076,Mathematics,Mathematics,5,34,
67_67399_5136980,ALGEBRA I 2S,64316,2076,Mathematics,Mathematics,5,34,
67_67399_5136980,ALGEBRA I 2S,64345,2076,Mathematics,Mathematics,5,34,
67_67399_5136980,ALGEBRA I 2S,64376,2076,Mathematics,Mathematics,5,34,
67_67399_5136980,ALGEBRA I 2S,64406,2076,Mathematics,Mathematics,5,34,
67_67399_5136980,ALGEBRA I 2S,64437,2076,Mathematics,Mathematics,5,34,
67_67399_5136980,AP COMPUTER SCIENCE 1S,90948,2149,Electives,General,5,34,
67_67399_5136980,AP COMPUTER SCIENCE 2S,91313,2150,Electives,General,5,34,
67_67399_5136980,MATH ANALYSIS 1S,97157,2166,Mathematics,Mathematics,5,34,
67_67399_5136980,MATH ANALYSIS 1S,97188,2166,Mathematics,Mathematics,5,34,
67_67399_5136980,MATH ANALYSIS 1S,97216,2166,Mathematics,Mathematics,5,34,
67_67399_5136980,MATH ANALYSIS 2S,97887,2168,Mathematics,Mathematics,5,34,
67_67399_5136980,MATH ANALYSIS 2S,97947,2168,Mathematics,Mathematics,5,34,
67_67399_5136980,MATH ANALYSIS 2S,98039,2168,Mathematics,Mathematics,5,34,
67_67399_5136980,CONSUMER MATH A,100079,2174,,Mathematics,5,20,
67_67399_5136980,CONSUMER MATH A,100110,2174,,Mathematics,5,0,
67_67399_5136980,CONSUMER MATH B,100809,2176,,Mathematics,5,20,
67_67399_5136980,ADV WELDING,101540,2178,,Industrial Arts/Vocational Education,10,25,
67_67399_5136980,ADV WELDING,101571,2178,,Industrial Arts/Vocational Education,10,25,
67_67399_5136980,ADV WELDING,101599,2178,,Industrial Arts/Vocational Education,10,25,
67_67399_5136980,ADV WELDING,101630,2178,,Industrial Arts/Vocational Education,10,25,
67_67399_5136980,ADV WELDING,101660,2178,,Industrial Arts/Vocational Education,10,25,
67_67399_5136980,ADV WELDING,101691,2178,,Industrial Arts/Vocational Education,10,25,
67_67399_5136980,ADV WELDING,101721,2178,,Industrial Arts/Vocational Education,10,25,
67_67399_5136980,ADV WELDING,101752,2178,,Industrial Arts/Vocational Education,10,25,
67_67399_5136980,ADV WELDING,101783,2178,,Industrial Arts/Vocational Education,10,25,
67_67399_5136980,ADV WELDING,101813,2178,,Industrial Arts/Vocational Education,10,25,
67_67399_5136980,WELDING,102270,2180,,Industrial Arts/Vocational Education,10,25,
67_67399_5136980,WELDING,102301,2180,,Industrial Arts/Vocational Education,10,25,
67_67399_5136980,WELDING,102361,2180,,Industrial Arts/Vocational Education,10,25,
67_67399_5136980,WELDING,102391,2180,,Industrial Arts/Vocational Education,10,25,
67_67399_5136980,CAREERS W/CHILDREN,104827,2187,,Industrial Arts/Vocational Education,10,0,
67_67399_5136980,CAREERS W/CHILDREN,104858,2187,,Industrial Arts/Vocational Education,10,0,
67_67399_5136980,CAREERS W/CHILDREN,104886,2187,,Industrial Arts/Vocational Education,10,25,
67_67399_5136980,CAREERS W/CHILDREN,104917,2187,,Industrial Arts/Vocational Education,10,25,
67_67399_5136980,CAREERS W/CHILDREN,104947,2187,,Industrial Arts/Vocational Education,10,25,
67_67399_5136980,CAREERS W/CHILDREN,104978,2187,,Industrial Arts/Vocational Education,10,25,
67_67399_5136980,CAREERS W/CHILDREN,105008,2187,,Industrial Arts/Vocational Education,10,25,
67_67399_5136980,CAREERS W/CHILDREN,105039,2187,,Industrial Arts/Vocational Education,10,25,
67_67399_5136980,CAREERS W/CHILDREN,105070,2187,,Industrial Arts/Vocational Education,10,25,
67_67399_5136980,CAREERS W/CHILDREN,105100,2187,,Industrial Arts/Vocational Education,10,25,
67_67399_5136980,CHICANO LITERATURE 1S,107384,2194,Electives,Foreign Language,5,34,
67_67399_5136980,CHICANO LITERATURE 1S,107415,2194,Electives,Foreign Language,5,34,
67_67399_5136980,CHICANO LITERATURE 1S,107443,2194,Electives,Foreign Language,5,34,
67_67399_5136980,CHICANO LITERATURE 1S,107565,2194,Electives,Foreign Language,5,34,
67_67399_5136980,CHICANO LITERATURE 2S,108114,2196,Electives,Foreign Language,5,34,
67_67399_5136980,CHICANO LITERATURE 2S,108145,2196,Electives,Foreign Language,5,34,
67_67399_5136980,CHICANO LITERATURE 2S,108174,2196,Electives,Foreign Language,5,34,
67_67399_5136980,CHICANO LITERATURE 2S,108296,2196,Electives,Foreign Language,5,34,
67_67399_5136980,GEOMETRY A,111035,2204,,Mathematics,5,20,
67_67399_5136980,GEOMETRY A,111066,2204,,Mathematics,5,20,
67_67399_5136980,GEOMETRY A,111095,2204,,Mathematics,5,20,
67_67399_5136980,GEOMETRY A,111126,2204,,Mathematics,5,20,
67_67399_5136980,GEOMETRY A,111156,2204,,Mathematics,5,15,
67_67399_5136980,GEOMETRY B,111401,2205,,Mathematics,5,20,
67_67399_5136980,GEOMETRY B,111432,2205,,Mathematics,5,20,
67_67399_5136980,GEOMETRY B,111460,2205,,Mathematics,5,20,
67_67399_5136980,GEOMETRY B,111491,2205,,Mathematics,5,20,
67_67399_5136980,GEOMETRY B,111521,2205,,Mathematics,5,18,
67_67399_5136980,AP CALCULUS A/B 1S,117610,2222,Mathematics,Mathematics,5,34,
67_67399_5136980,AP CALCULUS A/B 2S,118371,2224,Mathematics,Mathematics,5,34,
67_67399_5136980,AP SPAN LANG&CULTURE 1S,205269,2462,Foreign Language,Foreign Language,5,34,
67_67399_5136980,AP SPAN LANG&CULTURE 1S,205300,2462,Foreign Language,Foreign Language,5,34,
67_67399_5136980,AP SPAN LANG&CULTURE 1S,205328,2462,Foreign Language,Foreign Language,5,34,
67_67399_5136980,AP SPAN LANG&CULTURE 1S,205359,2462,Foreign Language,Foreign Language,5,34,
67_67399_5136980,AP SPAN LANG&CULTURE 1S,205389,2462,Foreign Language,Foreign Language,5,34,
67_67399_5136980,AP SPAN LANG&CULTURE 2S,205999,2464,Foreign Language,Foreign Language,5,34,
67_67399_5136980,AP SPAN LANG&CULTURE 2S,206030,2464,Foreign Language,Foreign Language,5,34,
67_67399_5136980,AP SPAN LANG&CULTURE 2S,206059,2464,Foreign Language,Foreign Language,5,34,
67_67399_5136980,AP SPAN LANG&CULTURE 2S,206090,2464,Foreign Language,Foreign Language,5,34,
67_67399_5136980,AP SPAN LANG&CULTURE 2S,206120,2464,Foreign Language,Foreign Language,5,34,
67_67399_5136980,AP SPAN LIT&CULTURE 1S,206730,2466,Foreign Language,Foreign Language,5,34,
67_67399_5136980,AP SPAN LIT&CULTURE 2S,207460,2468,Foreign Language,Foreign Language,5,34,
67_67399_5136980,UNIFIED PE I,216592,2493,,Physical Education,10,40,
67_67399_5136980,UNIFIED PE I,216623,2493,,Physical Education,10,40,
67_67399_5136980,UNIFIED PE I,216651,2493,,Physical Education,10,20,
67_67399_5136980,UNIFIED PE I,216682,2493,,Physical Education,10,20,
67_67399_5136980,MOBILITY AND STRETCHING,217322,2495,,Physical Education,10,40,
67_67399_5136980,MOBILITY AND STRETCHING,217353,2495,,Physical Education,10,40,
67_67399_5136980,MOBILITY AND STRETCHING,217381,2495,,Physical Education,10,40,
67_67399_5136980,MOBILITY AND STRETCHING,217412,2495,,Physical Education,10,40,
67_67399_5136980,MOBILITY AND STRETCHING,217442,2495,,Physical Education,10,40,
67_67399_5136980,MOBILITY AND STRETCHING,217473,2495,,Physical Education,10,40,
67_67399_5136980,DRILL & FLAG,240728,2559,,Non Departmentalized,5,34,
67_67399_5136980,DRILL & FLAG,240756,2559,,Non Departmentalized,5,34,
67_67399_5136980,ASB LEADERSHIP,298405,2717,,General,10,34,
67_67399_5136980,ASB LEADERSHIP,298436,2717,,General,10,34,
67_67399_5136980,ASB LEADERSHIP,298464,2717,,General,10,34,
67_67399_5136980,ASB LEADERSHIP,298495,2717,,General,10,34,
67_67399_5136980,ASB LEADERSHIP,298525,2717,,General,10,34,
67_67399_5136980,ASB LEADERSHIP,298556,2717,,General,10,34,
67_67399_5136980,CHILD PSYCHOLOGY,389351,2966,Electives,Industrial Arts/Vocational Education,10,25,
67_67399_5136980,CHILD PSYCHOLOGY,389382,2966,Electives,Industrial Arts/Vocational Education,10,25,
67_67399_5136980,CHEMISTRY 1S,445963,3121,Lab Science,Physical Science,5,0,
67_67399_5136980,CHEMISTRY 1S,445994,3121,Lab Science,Physical Science,5,32,
67_67399_5136980,CHEMISTRY 1S,446022,3121,Lab Science,Physical Science,5,32,
67_67399_5136980,CHEMISTRY 1S,446053,3121,Lab Science,Physical Science,5,32,
67_67399_5136980,CHEMISTRY 1S,446083,3121,Lab Science,Physical Science,5,32,
67_67399_5136980,CHEMISTRY 1S,446114,3121,Lab Science,Physical Science,5,32,
67_67399_5136980,CHEMISTRY 1S,446144,3121,Lab Science,Physical Science,5,32,
67_67399_5136980,CHEMISTRY 1S,446175,3121,Lab Science,Physical Science,5,32,
67_67399_5136980,CHEMISTRY 1S,446206,3121,Lab Science,Physical Science,5,32,
67_67399_5136980,CHEMISTRY 1S,446236,3121,Lab Science,Physical Science,5,32,
67_67399_5136980,CHEMISTRY 1S,446267,3121,Lab Science,Physical Science,5,32,
67_67399_5136980,CHEMISTRY 1S,446297,3121,Lab Science,Physical Science,5,32,
67_67399_5136980,CHEMISTRY 2S,446693,3123,Lab Science,Physical Science,5,32,
67_67399_5136980,CHEMISTRY 2S,446724,3123,Lab Science,Physical Science,5,32,
67_67399_5136980,CHEMISTRY 2S,446752,3123,Lab Science,Physical Science,5,32,
67_67399_5136980,CHEMISTRY 2S,446783,3123,Lab Science,Physical Science,5,32,
67_67399_5136980,CHEMISTRY 2S,446813,3123,Lab Science,Physical Science,5,32,
67_67399_5136980,CHEMISTRY 2S,446844,3123,Lab Science,Physical Science,5,32,
67_67399_5136980,CHEMISTRY 2S,446874,3123,Lab Science,Physical Science,5,32,
67_67399_5136980,CHEMISTRY 2S,446905,3123,Lab Science,Physical Science,5,32,
67_67399_5136980,CHEMISTRY 2S,446936,3123,Lab Science,Physical Science,5,32,
67_67399_5136980,CHEMISTRY 2S,446966,3123,Lab Science,Physical Science,5,32,
67_67399_5136980,CHEMISTRY 2S,446997,3123,Lab Science,Physical Science,5,32,
67_67399_5136980,CHEMISTRY 2S,447027,3123,Lab Science,Physical Science,5,32,
67_67399_5136980,AP CHEMISTRY 1S,448519,3128,Lab Science,Physical Science,5,32,
67_67399_5136980,AP CHEMISTRY 2S,449250,3130,Lab Science,Physical Science,5,32,
67_67399_5136980,ALGEBRA II 2S,596443,3533,Mathematics,Mathematics,5,34,
67_67399_5136980,ALGEBRA II 2S,596474,3533,Mathematics,Mathematics,5,34,
67_67399_5136980,ALGEBRA II 2S,596502,3533,Mathematics,Mathematics,5,34,
67_67399_5136980,ALGEBRA II 2S,596533,3533,Mathematics,Mathematics,5,34,
67_67399_5136980,ALGEBRA II 2S,596563,3533,Mathematics,Mathematics,5,34,
67_67399_5136980,ALGEBRA II 2S,596594,3533,Mathematics,Mathematics,5,34,
67_67399_5136980,ALGEBRA II 2S,596655,3533,Mathematics,Mathematics,5,34,
67_67399_5136980,ALGEBRA II 2S,596686,3533,Mathematics,Mathematics,5,34,
67_67399_5136980,ALGEBRA II 2S,596716,3533,Mathematics,Mathematics,5,34,
67_67399_5136980,ALGEBRA II 2S,596747,3533,Mathematics,Mathematics,5,34,
67_67399_5136980,ALGEBRA II 2S,596777,3533,Mathematics,Mathematics,5,34,
67_67399_5136980,VETERINARY SCI 1S,622375,3604,Electives,Life Science,5,25,
67_67399_5136980,VETERINARY SCI 1S,622406,3604,Electives,Life Science,5,25,
67_67399_5136980,VETERINARY SCI 2S,623106,3606,Electives,Life Science,5,25,
67_67399_5136980,VETERINARY SCI 2S,623137,3606,Electives,Life Science,5,25,
67_67399_5136980,GRAPHIC DESIGN 1S,641734,3657,Arts,Art,5,25,
67_67399_5136980,GRAPHIC DESIGN 1S,641765,3657,Arts,Art,5,25,
67_67399_5136980,GRAPHIC DESIGN 1S,641793,3657,Arts,Art,5,25,
67_67399_5136980,GRAPHIC DESIGN 2S,642464,3659,Arts,Art,5,25,
67_67399_5136980,GRAPHIC DESIGN 2S,642495,3659,Arts,Art,5,25,
67_67399_5136980,GRAPHIC DESIGN 2S,642523,3659,Arts,Art,5,25,
67_67399_5136980,FORENSIC SCI 1S,643195,3661,Lab Science,Physical Science,5,32,
67_67399_5136980,FORENSIC SCI 1S,643226,3661,Lab Science,Physical Science,5,32,
67_67399_5136980,FORENSIC SCI 1S,643254,3661,Lab Science,Physical Science,5,32,
67_67399_5136980,FORENSIC SCI 1S,643285,3661,Lab Science,Physical Science,5,32,
67_67399_5136980,MEDIC OFFICE ASST,644687,3665,,Industrial Arts/Vocational Education,10,25,
67_67399_5136980,MEDIC OFFICE ASST,644715,3665,,Industrial Arts/Vocational Education,10,25,
67_67399_5136980,MEDIC OFFICE ASST,644746,3665,,Industrial Arts/Vocational Education,10,25,
67_67399_5136980,MEDIC OFFICE ASST,644776,3665,,Industrial Arts/Vocational Education,10,25,
67_67399_5136980,FORENSIC SCI 2S,645386,3667,Lab Science,Physical Science,5,32,
67_67399_5136980,FORENSIC SCI 2S,645417,3667,Lab Science,Physical Science,5,32,
67_67399_5136980,FORENSIC SCI 2S,645445,3667,Lab Science,Physical Science,5,32,
67_67399_5136980,FORENSIC SCI 2S,645476,3667,Lab Science,Physical Science,5,32,
67_67399_5136980,COMPUTER TECHNICIAN,645751,3668,,Industrial Arts/Vocational Education,10,25,
67_67399_5136980,COMPUTER TECHNICIAN,645782,3668,,Industrial Arts/Vocational Education,10,25,
67_67399_5136980,COMPUTER TECHNICIAN,645811,3668,,Industrial Arts/Vocational Education,10,25,
67_67399_5136980,COMPUTER TECHNICIAN,645842,3668,,Industrial Arts/Vocational Education,10,25,
67_67399_5136980,HISP WOMEN IN LIT,655613,3695,Foreign Language,Foreign Language,10,34,
67_67399_5136980,HISP WOMEN IN LIT,655644,3695,Foreign Language,Foreign Language,10,34,
67_67399_5136980,HISP WOMEN IN LIT,655703,3695,Foreign Language,Foreign Language,10,34,
67_67399_5136980,HISP WOMEN IN LIT,655733,3695,Foreign Language,Foreign Language,10,34,
67_67399_5136980,MEXICAN LITERATURE,657804,3701,Foreign Language,Foreign Language,10,34,
67_67399_5136980,MEXICAN LITERATURE,657835,3701,Foreign Language,Foreign Language,10,34,
67_67399_5136980,MEXICAN LITERATURE,657863,3701,Foreign Language,Foreign Language,10,34,
67_67399_5136980,MEXICAN LITERATURE,657894,3701,Foreign Language,Foreign Language,10,34,
67_67399_5136980,MEXICAN LITERATURE,657924,3701,Foreign Language,Foreign Language,10,34,
67_67399_5136980,MEXICAN LITERATURE,657955,3701,Foreign Language,Foreign Language,10,34,
67_67399_5136980,MEXICAN LITERATURE,657985,3701,Foreign Language,Foreign Language,10,34,
67_67399_5136980,MEXICAN LITERATURE,658016,3701,Foreign Language,Foreign Language,10,34,
67_67399_5136980,PHYSICS 1S,723913,3882,Lab Science,Physical Science,5,32,
67_67399_5136980,PHYSICS 1S,723944,3882,Lab Science,Physical Science,5,32,
67_67399_5136980,PHYSICS 1S,723972,3882,Lab Science,Physical Science,5,32,
67_67399_5136980,PHYSICS 1S,724003,3882,Lab Science,Physical Science,5,32,
67_67399_5136980,PHYSICS 2S,725374,3886,Lab Science,Physical Science,5,32,
67_67399_5136980,PHYSICS 2S,725405,3886,Lab Science,Physical Science,5,32,
67_67399_5136980,PHYSICS 2S,725433,3886,Lab Science,Physical Science,5,32,
67_67399_5136980,PHYSICS 2S,Apr-86,3886,Lab Science,Physical Science,5,32,
67_67399_5136980,AP PHYSICS 1S,Jan-88,3888,Lab Science,Physical Science,5,32,
67_67399_5136980,AP PHYSICS 2S,726835,3890,Lab Science,Physical Science,5,32,
67_67399_5136980,SPANISH III 1S,729026,3896,Foreign Language,Foreign Language,5,34,
67_67399_5136980,SPANISH III 1S,729057,3896,Foreign Language,Foreign Language,5,34,
67_67399_5136980,SPANISH III 1S,729086,3896,Foreign Language,Foreign Language,5,34,
67_67399_5136980,SPANISH III 1S,729117,3896,Foreign Language,Foreign Language,5,34,
67_67399_5136980,SPANISH III 1S,729178,3896,Foreign Language,Foreign Language,5,34,
67_67399_5136980,SPANISH III 2S,729392,3897,Foreign Language,Foreign Language,5,34,
67_67399_5136980,SPANISH III 2S,729423,3897,Foreign Language,Foreign Language,5,34,
67_67399_5136980,SPANISH III 2S,729451,3897,Foreign Language,Foreign Language,5,34,
67_67399_5136980,SPANISH III 2S,729482,3897,Foreign Language,Foreign Language,5,34,
67_67399_5136980,SPANISH III 2S,729512,3897,Foreign Language,Foreign Language,5,34,
67_67399_5136980,SPANISH III 2S,729635,3897,Foreign Language,Foreign Language,5,34,
67_67399_5136980,SPANISH III 2S,729665,3897,Foreign Language,Foreign Language,5,34,
67_67399_5136980,SPANISH III 2S,729696,3897,Foreign Language,Foreign Language,5,34,
67_67399_5136980,SPANISH III 2S,Dec-97,3897,Foreign Language,Foreign Language,5,34,
67_67399_5136980,SPANISH IV 1S,729757,3898,Foreign Language,Foreign Language,5,34,
67_67399_5136980,SPANISH IV 1S,729788,3898,Foreign Language,Foreign Language,5,34,
67_67399_5136980,SPANISH IV 1S,729816,3898,Foreign Language,Foreign Language,5,34,
67_67399_5136980,SPANISH IV 1S,729847,3898,Foreign Language,Foreign Language,5,34,
67_67399_5136980,SPANISH IV 1S,729877,3898,Foreign Language,Foreign Language,5,34,
67_67399_5136980,SPANISH IV 1S,729908,3898,Foreign Language,Foreign Language,5,34,
67_67399_5136980,SPANISH IV 1S,729938,3898,Foreign Language,Foreign Language,5,34,
67_67399_5136980,SPANISH IV 1S,729969,3898,Foreign Language,Foreign Language,5,34,
67_67399_5136980,SPANISH IV 1S,730000,3898,Foreign Language,Foreign Language,5,34,
67_67399_5136980,SPANISH IV 2S,730122,3899,Foreign Language,Foreign Language,5,34,
67_67399_5136980,SPANISH IV 2S,730153,3899,Foreign Language,Foreign Language,5,34,
67_67399_5136980,SPANISH IV 2S,730181,3899,Foreign Language,Foreign Language,5,34,
67_67399_5136980,SPANISH IV 2S,730212,3899,Foreign Language,Foreign Language,5,34,
67_67399_5136980,SPANISH IV 2S,730242,3899,Foreign Language,Foreign Language,5,34,
67_67399_5136980,SPANISH IV 2S,730273,3899,Foreign Language,Foreign Language,5,34,
67_67399_5136980,SPANISH IV 2S,Jul-99,3899,Foreign Language,Foreign Language,5,34,
67_67399_5136980,SPANISH IV 2S,730334,3899,Foreign Language,Foreign Language,5,34,
67_67399_5136980,SPANISH IV 2S,730365,3899,Foreign Language,Foreign Language,5,34,
67_67399_5136980,BUSINESS,736696,3917,,Industrial Arts/Vocational Education,10,0,
67_67399_5136980,BUSINESS,736727,3917,,Industrial Arts/Vocational Education,10,0,
67_67399_5136980,BUSINESS,736755,3917,,Industrial Arts/Vocational Education,10,0,
67_67399_5136980,BUSINESS,736786,3917,,Industrial Arts/Vocational Education,10,0,
67_67399_5136980,BUSINESS,736816,3917,,Industrial Arts/Vocational Education,10,0,
67_67399_5136980,SPANISH II 1S,774682,4021,Foreign Language,Foreign Language,5,34,
67_67399_5136980,SPANISH II 1S,774713,4021,Foreign Language,Foreign Language,5,34,
67_67399_5136980,SPANISH II 1S,774741,4021,Foreign Language,Foreign Language,5,34,
67_67399_5136980,SPANISH II 1S,774772,4021,Foreign Language,Foreign Language,5,34,
67_67399_5136980,FOOD TECHNOLOGY,884254,4321,,Industrial Arts/Vocational Education,10,25,
67_67399_5136980,FOOD TECHNOLOGY,Feb-21,4321,,Industrial Arts/Vocational Education,10,25,
67_67399_5136980,FOOD TECHNOLOGY,884374,4321,,Industrial Arts/Vocational Education,10,25,
67_67399_5136980,FOOD TECHNOLOGY,884405,4321,,Industrial Arts/Vocational Education,10,25,
67_67399_5136980,SPANISH II 2S,886080,4326,Foreign Language,Foreign Language,5,34,
67_67399_5136980,SPANISH II 2S,886111,4326,Foreign Language,Foreign Language,5,34,
67_67399_5136980,SPANISH II 2S,886139,4326,Foreign Language,Foreign Language,5,34,
67_67399_5136980,SPANISH II 2S,886170,4326,Foreign Language,Foreign Language,5,34,
67_67399_5136980,ENGLISH 10A,980313,4584,,English,5,20,
67_67399_5136980,ENGLISH 10A,980344,4584,,English,5,20,
67_67399_5136980,ENGLISH 10A,980373,4584,,English,5,20,
67_67399_5136980,ENGLISH 10A,980404,4584,,English,5,20,
67_67399_5136980,ENGLISH 10B,980679,4585,,English,5,20,
67_67399_5136980,ENGLISH 10B,980710,4585,,English,5,20,
67_67399_5136980,ENGLISH 10B,980738,4585,,English,5,20,
67_67399_5136980,ENGLISH 10B,980769,4585,,English,5,20,
67_67399_5136980,EARTH SCIENCE A,993827,4621,,Physical Science,5,20,
67_67399_5136980,EARTH SCIENCE A,993858,4621,,Physical Science,5,20,
67_67399_5136980,EARTH SCIENCE A,993886,4621,,Physical Science,5,20,
67_67399_5136980,EARTH SCIENCE A,993917,4621,,Physical Science,5,20,
67_67399_5136980,EARTH SCIENCE A,993947,4621,,Physical Science,5,15,
67_67399_5136980,EARTH SCIENCE B,994192,4622,,Physical Science,5,20,
67_67399_5136980,EARTH SCIENCE B,994223,4622,,Physical Science,5,20,
67_67399_5136980,EARTH SCIENCE B,994251,4622,,Physical Science,5,20,
67_67399_5136980,EARTH SCIENCE B,994282,4622,,Physical Science,5,20,
67_67399_5136980,EARTH SCIENCE B,994312,4622,,Physical Science,5,15,
67_67399_5136980,MARIACHI,1022316,4699,Arts,Music,10,34,
67_67399_5136980,MARIACHI,1022347,4699,Arts,Music,10,34,
67_67399_5136980,MARIACHI,1022375,4699,Arts,Music,10,34,
67_67399_5136980,MARIACHI,1022406,4699,Arts,Music,10,34,
67_67399_5136980,SPANISH I 1S,1056283,4792,Foreign Language,Foreign Language,5,34,
67_67399_5136980,SPANISH I 1S,1056314,4792,Foreign Language,Foreign Language,5,34,
67_67399_5136980,SPANISH I 2S,1056649,4793,Foreign Language,Foreign Language,5,34,
67_67399_5136980,SPANISH I 2S,1056680,4793,Foreign Language,Foreign Language,5,34,
67_67399_5136980,MEDIC TERMINOLOGY,1093174,4893,,Industrial Arts/Vocational Education,10,25,
67_67399_5136980,MEDIC TERMINOLOGY,1093205,4893,,Industrial Arts/Vocational Education,10,25,
67_67399_5136980,MEDIC TERMINOLOGY,1093264,4893,,Industrial Arts/Vocational Education,10,25,
67_67399_5136980,MEDIC TERMINOLOGY,1093294,4893,,Industrial Arts/Vocational Education,10,25,
67_67399_5136980,AP AMERICAN GOVT,1197997,5180,History,Social Science,5,34,
67_67399_5136980,AP AMERICAN GOVT,1198028,5180,History,Social Science,5,34,
67_67399_5136980,AP AMERICAN GOVT,1198057,5180,History,Social Science,5,34,
67_67399_5136980,AP PSYCHOLOGY,1206763,5204,Electives,General,10,34,
67_67399_5136980,AP PSYCHOLOGY,1206794,5204,Electives,General,10,34,
67_67399_5136980,BIOLOGY 2S,1290098,5432,Lab Science,Life Science,5,32,
67_67399_5136980,BIOLOGY 2S,1290129,5432,Lab Science,Life Science,5,32,
67_67399_5136980,BIOLOGY 2S,1290159,5432,Lab Science,Life Science,5,32,
67_67399_5136980,PASS PROG CYBER HS,1385368,5693,,Non Departmentalized,0,34,
67_67399_5136980,PASS PROG CYBER HS,1385399,5693,,Non Departmentalized,0,0,
67_67399_5136980,PASS PROG CYBER HS,1385427,5693,,Non Departmentalized,0,0,
67_67399_5136980,PASS PROG CYBER HS,1385458,5693,,Non Departmentalized,0,34,
67_67399_5136980,PASS PROG CYBER HS,1385488,5693,,Non Departmentalized,0,34,
67_67399_5136980,PASS PROG CYBER HS,1385519,5693,,Non Departmentalized,0,34,
67_67399_5136980,PASS PROG CYBER HS,1385549,5693,,Non Departmentalized,0,34,
67_67399_5136980,PASS PROG CYBER HS,1385580,5693,,Non Departmentalized,0,34,
67_67399_5136980,PASS PROG CYBER HS,1385611,5693,,Non Departmentalized,0,36,
67_67399_5136980,PASS PROG CYBER HS,1385641,5693,,Non Departmentalized,0,34,
67_67399_5136980,CREDIT RECOVERY 9-12,1392672,5713,,Non Departmentalized,0,34,
67_67399_5136980,CREDIT RECOVERY 9-12,1392703,5713,,Non Departmentalized,0,34,
67_67399_5136980,CREDIT RECOVERY 9-12,1392731,5713,,Non Departmentalized,0,34,
67_67399_5136980,CREDIT RECOVERY 9-12,1392762,5713,,Non Departmentalized,0,34,
67_67399_5136980,STRENGTH TRAINING,1409473,5759,,Physical Education,10,40,
67_67399_5136980,STRENGTH TRAINING,1409504,5759,,Physical Education,10,40,
67_67399_5136980,STRENGTH TRAINING,1409532,5759,,Physical Education,10,40,
67_67399_5136980,STRENGTH TRAINING,1409563,5759,,Physical Education,10,40,
67_67399_5136980,STRENGTH TRAINING,1409593,5759,,Physical Education,10,40,
67_67399_5136980,STRENGTH TRAINING,1409624,5759,,Physical Education,10,20,
67_67399_5136980,STRENGTH TRAINING,1409654,5759,,Physical Education,10,40,
67_67399_5136980,STRENGTH TRAINING,1409685,5759,,Physical Education,10,40,
67_67399_5136980,STRENGTH TRAINING,1409716,5759,,Physical Education,10,40,
67_67399_5136980,STRENGTH TRAINING,1409746,5759,,Physical Education,10,40,
67_67399_5136980,STRENGTH TRAINING,1409777,5759,,Physical Education,10,40,
67_67399_5136980,STRENGTH TRAINING,1409807,5759,,Physical Education,10,20,
67_67399_5136980,ADV FOOD TECHNOLOGY,1414587,5773,,Industrial Arts/Vocational Education,10,25,
67_67399_5136980,ADV FOOD TECHNOLOGY,1414618,5773,,Industrial Arts/Vocational Education,10,25,
67_67399_5136980,ADV FOOD TECHNOLOGY,1414646,5773,,Industrial Arts/Vocational Education,10,25,
67_67399_5136980,ADV FOOD TECHNOLOGY,1414707,5773,,Industrial Arts/Vocational Education,10,25,
67_67399_5136980,ADV FOOD TECHNOLOGY,1414738,5773,,Industrial Arts/Vocational Education,10,25,
67_67399_5136980,ADV FOOD TECHNOLOGY,1414768,5773,,Industrial Arts/Vocational Education,10,25,
67_67399_5136980,ADV FOOD TECHNOLOGY,1414799,5773,,Industrial Arts/Vocational Education,10,25,
67_67399_5136980,ADV FOOD TECHNOLOGY,1414830,5773,,Industrial Arts/Vocational Education,10,25,
67_67399_5136980,ADV FOOD TECHNOLOGY,1414860,5773,,Industrial Arts/Vocational Education,10,25,
67_67399_5136980,ADV FOOD TECHNOLOGY,1414891,5773,,Industrial Arts/Vocational Education,10,25,
67_67399_5136980,ADV FOOD TECHNOLOGY,1414921,5773,,Industrial Arts/Vocational Education,10,25,
67_67399_5136980,ACELLUS ACADEMY ONLINE,1421892,5793,,Non Departmentalized,0,20,
67_67399_5136980,ACELLUS ACADEMY ONLINE,1421923,5793,,Non Departmentalized,0,22,
67_67399_5136980,ACELLUS ACADEMY ONLINE,1421951,5793,,Non Departmentalized,0,20,
67_67399_5136980,ACELLUS ACADEMY ONLINE,1421982,5793,,Non Departmentalized,0,22,
67_67399_5136980,ACELLUS ACADEMY ONLINE,1422012,5793,,Non Departmentalized,0,20,
67_67399_5136980,ACELLUS ACADEMY ONLINE,1422043,5793,,Non Departmentalized,0,20,
67_67399_5136980,ACELLUS ACADEMY ONLINE,1422073,5793,,Non Departmentalized,0,20,
67_67399_5136980,PE II,1431387,5819,,Physical Education,10,40,
67_67399_5136980,PE II,1431418,5819,,Physical Education,10,40,
67_67399_5136980,PE II,1431446,5819,,Physical Education,10,40,
67_67399_5136980,PE II,1431477,5819,,Physical Education,10,40,
67_67399_5136980,PE II,1431507,5819,,Physical Education,10,40,
67_67399_5136980,PE II,1431538,5819,,Physical Education,10,40,
67_67399_5136980,PE II,1431568,5819,,Physical Education,10,40,
67_67399_5136980,PE II,1431599,5819,,Physical Education,10,40,
67_67399_5136980,PE II,1431630,5819,,Physical Education,10,40,
67_67399_5136980,PE II,1431660,5819,,Physical Education,10,40,
67_67399_5136980,PE II,1431691,5819,,Physical Education,10,40,
67_67399_5136980,PE II,1431721,5819,,Physical Education,10,40,
67_67399_5136980,JOURNALISM,1446728,5861,Electives,General,10,34,
67_67399_5136980,JOURNALISM,1446759,5861,Electives,General,10,34,
67_67399_5136980,JOURNALISM,1446818,5861,Electives,General,10,34,
67_67399_5136980,JOURNALISM,1446848,5861,Electives,General,10,34,
67_67399_5136980,JOURNALISM,1446879,5861,Electives,General,10,34,
67_67399_5136980,JOURNALISM,1448978,5861,Electives,General,10,34,
67_67399_5136980,ASPIRE,1458416,5893,,Non Departmentalized,0,20,
67_67399_5136980,ASPIRE,1458447,5893,,Non Departmentalized,0,20,
67_67399_5136980,ASPIRE,1458475,5893,,Non Departmentalized,0,20,
67_67399_5136980,ASPIRE,1458506,5893,,Non Departmentalized,0,20,
67_67399_5136980,ASPIRE,1458536,5893,,Non Departmentalized,0,20,
67_67399_5136980,ASPIRE,1458567,5893,,Non Departmentalized,0,20,
67_67399_5136980,ASPIRE,1458597,5893,,Non Departmentalized,0,20,
67_67399_5136980,AVID SENIOR SEMINAR,1464624,5910,Electives,General,10,34,
67_67399_5136980,AVID SENIOR SEMINAR,1464655,5910,Electives,General,10,34,
67_67399_5136980,AVID SENIOR SEMINAR,1464683,5910,Electives,General,10,34,
67_67399_5136980,AVID SENIOR SEMINAR,1464714,5910,Electives,General,10,34,
67_67399_5136980,WORLD HISTORY 1S,1494209,5991,History,Social Science,5,34,
67_67399_5136980,WORLD HISTORY 1S,1494240,5991,History,Social Science,5,34,
67_67399_5136980,WORLD HISTORY 1S,1494268,5991,History,Social Science,5,34,
67_67399_5136980,WORLD HISTORY 1S,1494299,5991,History,Social Science,5,34,
67_67399_5136980,WORLD HISTORY 1S,1494329,5991,History,Social Science,5,34,
67_67399_5136980,WORLD HISTORY 1S,1494360,5991,History,Social Science,5,34,
67_67399_5136980,WORLD HISTORY 1S,1494390,5991,History,Social Science,5,34,
67_67399_5136980,WORLD HISTORY 1S,1494421,5991,History,Social Science,5,34,
67_67399_5136980,WORLD HISTORY 1S,1494452,5991,History,Social Science,5,34,
67_67399_5136980,WORLD HISTORY 1S,1494482,5991,History,Social Science,5,34,
67_67399_5136980,WORLD HISTORY 1S,1494513,5991,History,Social Science,5,34,
67_67399_5136980,WORLD HISTORY 1S,1494543,5991,History,Social Science,5,34,
67_67399_5136980,WORLD HISTORY 2S,1494574,5992,History,Social Science,5,34,
67_67399_5136980,WORLD HISTORY 2S,1494605,5992,History,Social Science,5,34,
67_67399_5136980,WORLD HISTORY 2S,1494634,5992,History,Social Science,5,34,
67_67399_5136980,WORLD HISTORY 2S,1494665,5992,History,Social Science,5,34,
67_67399_5136980,WORLD HISTORY 2S,1494695,5992,History,Social Science,5,34,
67_67399_5136980,WORLD HISTORY 2S,1494726,5992,History,Social Science,5,34,
67_67399_5136980,WORLD HISTORY 2S,1494756,5992,History,Social Science,5,34,
67_67399_5136980,WORLD HISTORY 2S,1494787,5992,History,Social Science,5,34,
67_67399_5136980,WORLD HISTORY 2S,1494818,5992,History,Social Science,5,34,
67_67399_5136980,WORLD HISTORY 2S,1494848,5992,History,Social Science,5,34,
67_67399_5136980,WORLD HISTORY 2S,1494879,5992,History,Social Science,5,34,
67_67399_5136980,WORLD HISTORY 2S,1494909,5992,History,Social Science,5,34,
67_67399_5136980,ART APPRECIATION,1520507,6063,Arts,Art,10,25,
67_67399_5136980,ART APPRECIATION,1520538,6063,Arts,Art,10,25,
67_67399_5136980,ART APPRECIATION,1520566,6063,Arts,Art,10,25,
67_67399_5136980,ART APPRECIATION,1520597,6063,Arts,Art,10,25,
67_67399_5136980,ART APPRECIATION,1520627,6063,Arts,Art,10,25,
67_67399_5136980,ART APPRECIATION,1520658,6063,Arts,Art,10,25,
67_67399_5136980,ART APPRECIATION,1520688,6063,Arts,Art,10,25,
67_67399_5136980,ART APPRECIATION,1520719,6063,Arts,Art,10,25,
67_67399_5136980,ART APPRECIATION,1520750,6063,Arts,Art,10,25,
67_67399_5136980,ART APPRECIATION,1520780,6063,Arts,Art,10,25,
67_67399_5136980,ART APPRECIATION,1520811,6063,Arts,Art,10,25,
67_67399_5136980,ART APPRECIATION,1520841,6063,Arts,Art,10,25,
67_67399_5136980,VETERINARY TECHNICIAN 1S,1553013,6152,,Industrial Arts/Vocational Education,5,25,
67_67399_5136980,VETERINARY TECHNICIAN 1S,1553044,6152,,Industrial Arts/Vocational Education,5,25,
67_67399_5136980,VETERINARY TECHNICIAN 2S,1554474,6156,,Industrial Arts/Vocational Education,5,25,
67_67399_5136980,VETERINARY TECHNICIAN 2S,1554505,6156,,Industrial Arts/Vocational Education,5,25,
67_67399_5136980,BIOLOGY 1S,1576023,6215,Lab Science,Life Science,5,32,
67_67399_5136980,BIOLOGY 1S,1576054,6215,Lab Science,Life Science,5,32,
67_67399_5136980,BIOLOGY 1S,1576082,6215,Lab Science,Life Science,5,32,
67_67399_5136980,BIOLOGY 1S,1576113,6215,Lab Science,Life Science,5,0,
67_67399_5136980,ANATOMY & PHYSIOLOGY 1S,1577849,6220,Lab Science,Life Science,5,32,
67_67399_5136980,ANATOMY & PHYSIOLOGY 1S,1577880,6220,Lab Science,Life Science,5,32,
67_67399_5136980,ANATOMY & PHYSIOLOGY 1S,1577909,6220,Lab Science,Life Science,5,32,
67_67399_5136980,ANATOMY & PHYSIOLOGY 1S,1577940,6220,Lab Science,Life Science,5,32,
67_67399_5136980,ANATOMY & PHYSIOLOGY 1S,1577970,6220,Lab Science,Life Science,5,32,
67_67399_5136980,PATHOPHYSIOLOGY 1S,1578215,6221,Lab Science,Life Science,5,32,
67_67399_5136980,ANATOMY & PHYSIOLOGY 2S,1579310,6224,Lab Science,Life Science,5,32,
67_67399_5136980,ANATOMY & PHYSIOLOGY 2S,1579341,6224,Lab Science,Life Science,5,32,
67_67399_5136980,ANATOMY & PHYSIOLOGY 2S,1579370,6224,Lab Science,Life Science,5,32,
67_67399_5136980,ANATOMY & PHYSIOLOGY 2S,1579401,6224,Lab Science,Life Science,5,32,
67_67399_5136980,ANATOMY & PHYSIOLOGY 2S,1579431,6224,Lab Science,Life Science,5,32,
67_67399_5136980,PATHOPHYSIOLOGY 2S,1579676,6225,Lab Science,Life Science,5,32,
67_67399_5136980,ENGLISH 11A,1592825,6261,,English,5,20,
67_67399_5136980,ENGLISH 11A,1592856,6261,,English,5,20,
67_67399_5136980,ENGLISH 11A,1592884,6261,,English,5,20,
67_67399_5136980,ENGLISH 11A,1592915,6261,,English,5,20,
67_67399_5136980,ENGLISH 11B,1593190,6262,,English,5,20,
67_67399_5136980,ENGLISH 11B,1593221,6262,,English,5,20,
67_67399_5136980,ENGLISH 11B,1593249,6262,,English,5,15,
67_67399_5136980,ENGLISH 11B,1593310,6262,,English,5,20,
67_67399_5136980,ENGLISH 11B,1593341,6262,,English,5,20,
67_67399_5136980,ENGLISH 12A,1593555,6263,,English,5,20,
67_67399_5136980,ENGLISH 12A,1593586,6263,,English,5,20,
67_67399_5136980,ENGLISH 12A,1593614,6263,,English,5,20,
67_67399_5136980,ENGLISH 12B,1593920,6264,,English,5,20,
67_67399_5136980,ENGLISH 12B,1593951,6264,,English,5,20,
67_67399_5136980,ENGLISH 12B,1593980,6264,,English,5,20,
67_67399_5136980,INTRO TO CRIMINAL JUSTICE 1S,1691440,6531,Electives,Industrial Arts/Vocational Education,5,25,
67_67399_5136980,INTRO TO CRIMINAL JUSTICE 1S,1691471,6531,Electives,Industrial Arts/Vocational Education,5,25,
67_67399_5136980,INTRO TO CRIMINAL JUSTICE 1S,1691499,6531,Electives,Industrial Arts/Vocational Education,5,25,
67_67399_5136980,INTRO TO CRIMINAL JUSTICE 2S,1691805,6532,Electives,Industrial Arts/Vocational Education,5,25,
67_67399_5136980,INTRO TO CRIMINAL JUSTICE 2S,1691836,6532,Electives,Industrial Arts/Vocational Education,5,25,
67_67399_5136980,INTRO TO CRIMINAL JUSTICE 2S,1691865,6532,Electives,Industrial Arts/Vocational Education,5,25,
67_67399_5136980,LAW ENFORCEMENT II 1S,1693266,6536,Electives,Industrial Arts/Vocational Education,5,25,
67_67399_5136980,LAW ENFORCEMENT II 1S,1693297,6536,Electives,Industrial Arts/Vocational Education,5,25,
67_67399_5136980,LAW ENFORCEMENT II 2S,1693632,6537,Electives,Industrial Arts/Vocational Education,5,25,
67_67399_5136980,LAW ENFORCEMENT II 2S,1693663,6537,Electives,Industrial Arts/Vocational Education,5,25,
67_67399_5136980,ADV AGRIC MECHANICS,1704224,6566,,Industrial Arts/Vocational Education,10,25,
67_67399_5136980,ADV AGRIC MECHANICS,1704255,6566,,Industrial Arts/Vocational Education,10,25,
67_67399_5136980,AP ART HIST 1S,1717007,6601,Arts,Art,5,25,
67_67399_5136980,AP ART HIST 2S,1717372,6602,Arts,Art,5,25,
67_67399_5136980,ECONOMICS B,1735634,6652,,Social Science,5,20,
67_67399_5136980,ECONOMICS B,1735665,6652,,Social Science,5,20,
67_67399_5136980,ENGLISH 10 1S,1746592,6682,English,English,5,34,
67_67399_5136980,ENGLISH 10 1S,1746623,6682,English,English,5,34,
67_67399_5136980,ENGLISH 10 1S,1746651,6682,English,English,5,34,
67_67399_5136980,ENGLISH 10 1S,1746682,6682,English,English,5,34,
67_67399_5136980,ENGLISH 10 1S,1746712,6682,English,English,5,34,
67_67399_5136980,ENGLISH 10 1S,1746743,6682,English,English,5,34,
67_67399_5136980,ENGLISH 10 1S,1746773,6682,English,English,5,34,
67_67399_5136980,ENGLISH 10 1S,1746804,6682,English,English,5,34,
67_67399_5136980,ENGLISH 10 1S,1746835,6682,English,English,5,34,
67_67399_5136980,ENGLISH 10 1S,1746865,6682,English,English,5,34,
67_67399_5136980,ENGLISH 10 1S,1746896,6682,English,English,5,34,
67_67399_5136980,ENGLISH 10 1S,1746926,6682,English,English,5,34,
67_67399_5136980,ENGLISH 10 2S,1746957,6683,English,English,5,34,
67_67399_5136980,ENGLISH 10 2S,1746988,6683,English,English,5,34,
67_67399_5136980,ENGLISH 10 2S,1747016,6683,English,English,5,34,
67_67399_5136980,ENGLISH 10 2S,1747138,6683,English,English,5,34,
67_67399_5136980,ENGLISH 10 2S,1747169,6683,English,English,5,34,
67_67399_5136980,ENGLISH 10 2S,1747200,6683,English,English,5,34,
67_67399_5136980,ENGLISH 10 2S,1747230,6683,English,English,5,34,
67_67399_5136980,ENGLISH 10 2S,1747261,6683,English,English,5,34,
67_67399_5136980,ENGLISH 10 2S,1747291,6683,English,English,5,34,
67_67399_5136980,ENGLISH 11 1S,1748418,6687,English,English,5,34,
67_67399_5136980,ENGLISH 11 1S,1748449,6687,English,English,5,34,
67_67399_5136980,ENGLISH 11 1S,1748477,6687,English,English,5,34,
67_67399_5136980,ENGLISH 11 1S,1748508,6687,English,English,5,34,
67_67399_5136980,ENGLISH 11 1S,1748538,6687,English,English,5,34,
67_67399_5136980,ENGLISH 11 1S,1748569,6687,English,English,5,34,
67_67399_5136980,ENGLISH 11 1S,1748599,6687,English,English,5,34,
67_67399_5136980,ENGLISH 11 1S,1748630,6687,English,English,5,34,
67_67399_5136980,ENGLISH 11 1S,1748661,6687,English,English,5,34,
67_67399_5136980,ENGLISH 11 1S,1748691,6687,English,English,5,34,
67_67399_5136980,ENGLISH 11 1S,1748722,6687,English,English,5,34,
67_67399_5136980,ENGLISH 11 1S,1748752,6687,English,English,5,34,
67_67399_5136980,GENERAL SCIENCE 1S,1765584,6734,,Physical Science,5,20,
67_67399_5136980,GENERAL SCIENCE 1S,1765615,6734,,Physical Science,5,0,
67_67399_5136980,GENERAL SCIENCE 2S,1767045,6738,,Physical Science,5,20,
67_67399_5136980,AP ECONOMICS,1768930,6743,History,Social Science,5,34,
67_67399_5136980,AP ECONOMICS,1768961,6743,History,Social Science,5,34,
67_67399_5136980,BEG GUITAR 1S,1873696,7030,,Music,5,34,
67_67399_5136980,BEG GUITAR 1S,1873727,7030,,Music,5,34,
67_67399_5136980,BEG GUITAR 2S,1874426,7032,,Music,5,34,
67_67399_5136980,BEG GUITAR 2S,1874457,7032,,Music,5,34,
67_67399_5136980,JAZZ BAND 1S,1877348,7040,Arts,Music,5,34,
67_67399_5136980,JAZZ BAND 2S,1878079,7042,Arts,Music,5,34,
67_67399_5136980,CONCERT BAND ADVANCED,1918255,7152,Arts,Music,10,34,
67_67399_5136980,CONCERT BAND ADVANCED,1918286,7152,Arts,Music,10,34,
67_67399_5136980,MARCHING BAND,1990574,7350,Arts,Music,10,100,
67_67399_5136980,MARCHING BAND,1990605,7350,Arts,Music,10,100,
67_67399_5136980,AP STATISTICS,1996783,7367,Mathematics,Mathematics,10,34,
67_67399_5136980,AP STATISTICS,1996814,7367,Mathematics,Mathematics,10,34,
67_67399_5136980,CONCERT BAND BEGINNERS,2002686,7383,Arts,Music,10,34,
67_67399_5136980,CONCERT BAND BEGINNERS,2002717,7383,Arts,Music,10,34,
67_67399_5136980,CHOIR 1S,2045360,7500,Arts,Music,5,34,
67_67399_5136980,CHOIR 1S,2045391,7500,Arts,Music,5,34,
67_67399_5136980,CHOIR 2S,2046090,7502,Arts,Music,5,34,
67_67399_5136980,CHOIR 2S,2046121,7502,Arts,Music,5,34,
67_67399_5136980,NAVAL SCIENCE I,2097164,7641,,Physical Education,10,2,
67_67399_5136980,NAVAL SCIENCE I,2097194,7641,,Physical Education,10,2,
67_67399_5136980,NAVAL SCIENCE II,2097590,7643,,Physical Education,10,25,
67_67399_5136980,NAVAL SCIENCE II,2097621,7643,,Physical Education,10,25,
67_67399_5136980,NAVAL SCIENCE II,2097649,7643,,Physical Education,10,25,
67_67399_5136980,NAVAL SCIENCE II,2097680,7643,,Physical Education,10,25,
67_67399_5136980,NAVAL SCIENCE II,2097710,7643,,Physical Education,10,25,
67_67399_5136980,NAVAL SCIENCE II,2097741,7643,,Physical Education,10,25,
67_67399_5136980,NAVAL SCIENCE III,2098321,7645,,Physical Education,10,25,
67_67399_5136980,NAVAL SCIENCE III,2098352,7645,,Physical Education,10,25,
67_67399_5136980,NAVAL SCIENCE III,2098380,7645,,Physical Education,10,1,
67_67399_5136980,NAVAL SCIENCE III,2098411,7645,,Physical Education,10,1,
67_67399_5136980,NAVAL SCIENCE IV,2099051,7647,,Physical Education,10,25,
67_67399_5136980,NAVAL SCIENCE IV,2099082,7647,,Physical Education,10,25,
67_67399_5136980,AP ENG 12 LIT 1S,2099416,7648,English,English,5,34,
67_67399_5136980,AP ENG 12 LIT 1S,2099447,7648,English,English,5,34,
67_67399_5136980,AP ENG 12 LIT 1S,2099476,7648,English,English,5,34,
67_67399_5136980,AP ENG 12 LIT 2S,2101608,7654,English,English,5,34,
67_67399_5136980,AP ENG 12 LIT 2S,2101639,7654,English,English,5,34,
67_67399_5136980,AP ENG 12 LIT 2S,2101667,7654,English,English,5,34,
67_67399_5136980,AP ENG 11 COMP 1S,2137767,7753,English,English,5,34,
67_67399_5136980,AP ENG 11 COMP 1S,2137798,7753,English,English,5,34,
67_67399_5136980,AP ENG 11 COMP 1S,2137826,7753,English,English,5,34,
67_67399_5136980,AP ENG 11 COMP 2S,2139440,7757,English,English,5,34,
67_67399_5136980,AP ENG 11 COMP 2S,2139471,7757,English,English,5,34,
67_67399_5136980,AP ENG 11 COMP 2S,2139501,7757,English,English,5,34,
67_67399_5136980,US HISTORY 2S,2151646,7791,History,Social Science,5,34,
67_67399_5136980,US HISTORY 2S,2151677,7791,History,Social Science,5,34,
67_67399_5136980,US HISTORY 2S,2151705,7791,History,Social Science,5,34,
67_67399_5136980,US HISTORY 2S,2151736,7791,History,Social Science,5,34,
67_67399_5136980,US HISTORY 2S,2151766,7791,History,Social Science,5,34,
67_67399_5136980,US HISTORY 2S,2151797,7791,History,Social Science,5,34,
67_67399_5136980,US HISTORY 2S,2151858,7791,History,Social Science,5,34,
67_67399_5136980,US HISTORY 2S,2151889,7791,History,Social Science,5,34,
67_67399_5136980,US HISTORY 2S,2151919,7791,History,Social Science,5,34,
67_67399_5136980,US HISTORY 2S,2151950,7791,History,Social Science,5,34,
67_67399_5136980,US HISTORY 2S,2151980,7791,History,Social Science,5,34,
67_67399_5136980,AUTO SHOP 1S,2271810,8120,Electives,Industrial Arts/Vocational Education,5,25,
67_67399_5136980,AUTO SHOP 1S,2271841,8120,Electives,Industrial Arts/Vocational Education,5,25,
67_67399_5136980,AUTO SHOP 2S,2272541,8122,Electives,Industrial Arts/Vocational Education,5,25,
67_67399_5136980,AUTO SHOP 2S,2272572,8122,Electives,Industrial Arts/Vocational Education,5,25,
67_67399_5136980,ADV AUTO SHOP 1S,2273271,8124,Electives,Industrial Arts/Vocational Education,5,25,
67_67399_5136980,ADV AUTO SHOP 1S,2273302,8124,Electives,Industrial Arts/Vocational Education,5,25,
67_67399_5136980,ADV AUTO SHOP 2S,2274732,8128,Electives,Industrial Arts/Vocational Education,5,25,
67_67399_5136980,ADV AUTO SHOP 2S,2274763,8128,Electives,Industrial Arts/Vocational Education,5,25,
67_67399_5136980,LATIN AMER THEATER,2275463,8130,Arts,Foreign Language,10,34,
67_67399_5136980,LATIN AMER THEATER,2275494,8130,Arts,Foreign Language,10,34,
67_67399_5136980,LATIN AMER THEATER,2275522,8130,Arts,Foreign Language,10,0,
67_67399_5136980,LATIN AMER THEATER,2275553,8130,Arts,Foreign Language,10,34,
67_67399_5136980,LATIN AMER THEATER,2275583,8130,Arts,Foreign Language,10,34,
67_67399_5136980,ESTUDIANTINA,2281307,8146,Arts,Music,10,34,
67_67399_5136980,ESTUDIANTINA,2281338,8146,Arts,Music,10,34,
67_67399_5136980,ESTUDIANTINA,2281366,8146,Arts,Music,10,34,
67_67399_5136980,ESTUDIANTINA,2281397,8146,Arts,Music,10,34,
67_67399_5136980,ESTUDIANTINA,2281427,8146,Arts,Music,10,34,
67_67399_5136980,ESTUDIANTINA,2281458,8146,Arts,Music,10,34,
67_67399_5136980,ESTUDIANTINA,2281488,8146,Arts,Music,10,34,
67_67399_5136980,ESTUDIANTINA,2281519,8146,Arts,Music,10,34,
67_67399_5136980,ESTUDIANTINA,2281550,8146,Arts,Music,10,34,
67_67399_5136980,ESTUDIANTINA,2281580,8146,Arts,Music,10,34,
67_67399_5136980,UNSCHEDULED,2293725,8180,,Unscheduled Period,0,2800,
67_67399_5136980,UNSCHEDULED,2293756,8180,,Unscheduled Period,0,2800,
67_67399_5136980,UNSCHEDULED,2293999,8180,,Unscheduled Period,0,3000,
67_67399_5136980,UNSCHEDULED,2294030,8180,,Unscheduled Period,0,3000,
67_67399_5136980,SEE COUNSELOR,2294091,8181,,Unscheduled Period,0,0,
67_67399_5136980,SEE COUNSELOR,2294122,8181,,Unscheduled Period,0,0,
67_67399_5136980,SEE COUNSELOR,2294150,8181,,Unscheduled Period,0,0,
67_67399_5136980,SEE COUNSELOR,2294181,8181,,Unscheduled Period,0,0,
67_67399_5136980,SEE COUNSELOR,2294211,8181,,Unscheduled Period,0,0,
67_67399_5136980,SEE COUNSELOR,2294242,8181,,Unscheduled Period,0,0,
67_67399_5136980,SEE COUNSELOR,2294272,8181,,Unscheduled Period,0,0,
67_67399_5136980,ENTREPRENEURSHIP,2348511,8330,,Industrial Arts/Vocational Education,10,25,
67_67399_5136980,ENTREPRENEURSHIP,2348542,8330,,Industrial Arts/Vocational Education,10,25,
67_67399_5136980,ENTREPRENEURSHIP,2348570,8330,,Industrial Arts/Vocational Education,10,25,
67_67399_5136980,ENTREPRENEURSHIP,2348601,8330,,Industrial Arts/Vocational Education,10,25,
67_67399_5136980,ENTREPRENEURSHIP,2348631,8330,,Industrial Arts/Vocational Education,10,25,
67_67399_5136980,ENTREPRENEURSHIP,2348662,8330,,Industrial Arts/Vocational Education,10,25,
67_67399_5136980,ADVANCED ENTREPRENEURSHIP,2349972,8334,,Industrial Arts/Vocational Education,10,25,
67_67399_5136980,ADVANCED ENTREPRENEURSHIP,2350003,8334,,Industrial Arts/Vocational Education,10,25,
67_67399_5136980,ADVANCED ENTREPRENEURSHIP,2350031,8334,,Industrial Arts/Vocational Education,10,25,
67_67399_5136980,ADVANCED ENTREPRENEURSHIP,2350062,8334,,Industrial Arts/Vocational Education,10,25,
67_67399_5136980,ENG LANG ARTS IA,2356546,8352,,English,10,20,
67_67399_5136980,ENG LANG ARTS IA,2356577,8352,,English,10,20,
67_67399_5136980,ENG LANG ARTS IA,2356606,8352,,English,10,20,
67_67399_5136980,ENG LANG ARTS IB,2360929,8364,,English,10,20,
67_67399_5136980,ENG LANG ARTS IB,2360960,8364,,English,10,20,
67_67399_5136980,ENG LANG ARTS IB,2360989,8364,,English,10,20,
67_67399_5136980,VOCATIONAL EDUCATION,2380288,8417,,Industrial Arts/Vocational Education,10,0,
67_67399_5136980,VOCATIONAL EDUCATION,2380319,8417,,Industrial Arts/Vocational Education,10,0,
67_67399_5136980,ENGLISH 11 2S,2482556,8697,English,English,5,34,
67_67399_5136980,ENGLISH 11 2S,2482587,8697,English,English,5,34,
67_67399_5136980,ENGLISH 11 2S,2482615,8697,English,English,5,34,
67_67399_5136980,ENGLISH 11 2S,2482646,8697,English,English,5,34,
67_67399_5136980,ENGLISH 11 2S,2482676,8697,English,English,5,34,
67_67399_5136980,ENGLISH 11 2S,2482707,8697,English,English,5,34,
67_67399_5136980,ENGLISH 11 2S,2482737,8697,English,English,5,34,
67_67399_5136980,ENGLISH 11 2S,2482768,8697,English,English,5,34,
67_67399_5136980,ENGLISH 11 2S,2482799,8697,English,English,5,34,
67_67399_5136980,ENGLISH 11 2S,2482829,8697,English,English,5,34,
67_67399_5136980,ENGLISH 11 2S,2482860,8697,English,English,5,34,
67_67399_5136980,ENGLISH 11 2S,2482890,8697,English,English,5,34,
67_67399_5136980,INTRO TO DRAMA 1S,2555605,8897,Arts,Art,5,25,
67_67399_5136980,INTRO TO DRAMA 1S,2555636,8897,Arts,Art,5,25,
67_67399_5136980,INTRO TO DRAMA 2S,2555970,8898,Arts,Art,5,25,
67_67399_5136980,INTRO TO DRAMA 2S,2556001,8898,Arts,Art,5,25,
67_67399_5136980,LUNCH,2593224,9000,,General,0,1100,
67_67399_5136980,LUNCH,2593255,9000,,General,0,1200,
67_67399_5136980,US HISTORY 1S,2675769,9226,History,Social Science,5,34,
67_67399_5136980,US HISTORY 1S,2675800,9226,History,Social Science,5,34,
67_67399_5136980,US HISTORY 1S,2675828,9226,History,Social Science,5,34,
67_67399_5136980,US HISTORY 1S,2675859,9226,History,Social Science,5,34,
67_67399_5136980,US HISTORY 1S,2675889,9226,History,Social Science,5,34,
67_67399_5136980,US HISTORY 1S,2675920,9226,History,Social Science,5,34,
67_67399_5136980,US HISTORY 1S,2675950,9226,History,Social Science,5,34,
67_67399_5136980,US HISTORY 1S,2675981,9226,History,Social Science,5,34,
67_67399_5136980,US HISTORY 1S,2676012,9226,History,Social Science,5,34,
67_67399_5136980,US HISTORY 1S,2676042,9226,History,Social Science,5,34,
67_67399_5136980,US HISTORY 1S,2676073,9226,History,Social Science,5,34,
67_67399_5136980,US HISTORY 1S,2676103,9226,History,Social Science,5,34,
67_67399_5136980,GEOMETRY 1S,2890531,9814,Mathematics,Mathematics,5,34,
67_67399_5136980,GEOMETRY 1S,2890562,9814,Mathematics,Mathematics,5,34,
67_67399_5136980,GEOMETRY 1S,2890590,9814,Mathematics,Mathematics,5,34,
67_67399_5136980,GEOMETRY 1S,2890621,9814,Mathematics,Mathematics,5,34,
67_67399_5136980,GEOMETRY 1S,2890651,9814,Mathematics,Mathematics,5,34,
67_67399_5136980,GEOMETRY 1S,2890682,9814,Mathematics,Mathematics,5,34,
67_67399_5136980,GEOMETRY 1S,2890712,9814,Mathematics,Mathematics,5,34,
67_67399_5136980,GEOMETRY 1S,2890743,9814,Mathematics,Mathematics,5,34,
67_67399_5136980,GEOMETRY 1S,2890774,9814,Mathematics,Mathematics,5,34,
67_67399_5136980,GEOMETRY 1S,2890804,9814,Mathematics,Mathematics,5,34,
67_67399_5136980,GEOMETRY 1S,2890835,9814,Mathematics,Mathematics,5,34,
67_67399_5136980,GEOMETRY 1S,2890865,9814,Mathematics,Mathematics,5,34,
67_67399_5136980,GEOMETRY 2S,2890896,9815,Mathematics,Mathematics,5,34,
67_67399_5136980,GEOMETRY 2S,2890927,9815,Mathematics,Mathematics,5,34,
67_67399_5136980,GEOMETRY 2S,2890955,9815,Mathematics,Mathematics,5,34,
67_67399_5136980,GEOMETRY 2S,2890986,9815,Mathematics,Mathematics,5,34,
67_67399_5136980,GEOMETRY 2S,2891016,9815,Mathematics,Mathematics,5,34,
67_67399_5136980,GEOMETRY 2S,2891047,9815,Mathematics,Mathematics,5,34,
67_67399_5136980,GEOMETRY 2S,2891077,9815,Mathematics,Mathematics,5,34,
67_67399_5136980,GEOMETRY 2S,2891108,9815,Mathematics,Mathematics,5,34,
67_67399_5136980,GEOMETRY 2S,2891139,9815,Mathematics,Mathematics,5,34,
67_67399_5136980,GEOMETRY 2S,2891169,9815,Mathematics,Mathematics,5,34,
67_67399_5136980,GEOMETRY 2S,2891200,9815,Mathematics,Mathematics,5,34,
67_67399_5136980,GEOMETRY 2S,2891230,9815,Mathematics,Mathematics,5,34,
67_67399_5136980,AVID 10,0215-02,215,,General,10,34,
67_67399_5136980,AVID 10,0215-08,215,,General,10,34,
67_67399_5136980,AVID 11,0218-05,218,,General,10,34,
67_67399_5136980,AVID 11,0218-06,218,,General,10,34,
67_67399_5136980,ART I,0915-05,915,Arts,Art,10,25,
67_67399_5136980,ART I,0915-06,915,Arts,Art,10,25,
67_67399_5136980,ART I,0915-62,915,Arts,Art,10,25,
67_67399_5136980,ART I,0915-63,915,Arts,Art,10,25,
67_67399_5136980,ART I,0915-64,915,Arts,Art,10,25,
67_67399_5136980,ART I,0915-65,915,Arts,Art,10,25,
67_67399_5136980,ART I,0915-66,915,Arts,Art,10,25,
67_67399_5136980,ART I,0915-67,915,Arts,Art,10,25,
67_67399_5136980,ART I,0915-68,915,Arts,Art,10,25,
67_67399_5136980,ART I,0915-69,915,Arts,Art,10,25,
67_67399_5136980,ART I,0915-70,915,Arts,Art,10,25,
67_67399_5136980,ART II,0918-03,918,Arts,Art,10,25,
67_67399_5136980,ART II,0918-04,918,Arts,Art,10,25,
67_67399_5136980,LANG IN CONTENT,1010-50,1010,,English,10,0,
67_67399_5136980,ENGLISH 12 1S,1254-10,1254,English,English,5,0,
67_67399_5136980,HON ENGLISH 10 2S,1288-05,1286,English,English,5,34,
67_67399_5136980,YEARBOOK,1624-01,1624,,General,10,0,
67_67399_5136980,AMERICAN GOVT,1710-20,1710,History,Social Science,5,0,
67_67399_5136980,AP US HISTORY 1S,1726-02,1726,History,Social Science,5,34,
67_67399_5136980,AP US HISTORY 2S,1728-04,1728,History,Social Science,5,34,
67_67399_5136980,ALGEBRA II 1S,1882-01,2057,Mathematics,Mathematics,5,34,
67_67399_5136980,ALGEBRA II 1S,1882-02,2057,Mathematics,Mathematics,5,34,
67_67399_5136980,ALGEBRA II 1S,2057-15,2057,Mathematics,Mathematics,5,34,
67_67399_5136980,ALGEBRA II 1S,2057-16,2057,Mathematics,Mathematics,5,0,
67_67399_5136980,ALGEBRA II 1S,2057-18,2057,Mathematics,Mathematics,5,34,
67_67399_5136980,ALGEBRA I 2S,2076-68,2076,Mathematics,Mathematics,5,34,
67_67399_5136980,CHEMISTRY 1S,3121-00,3121,Lab Science,Physical Science,5,32,
67_67399_5136980,ALGEBRA II 2S,3533-17,3533,Mathematics,Mathematics,5,34,
67_67399_5136980,ALGEBRA II 2S,3533-18,3533,Mathematics,Mathematics,5,34,
67_67399_5136980,ALGEBRA II 2S,3533-19,3533,Mathematics,Mathematics,5,34,
67_67399_5136980,SPANISH IV 1S,3898-54,3898,Foreign Language,Foreign Language,5,34,
67_67399_5136980,SPANISH IV 1S,3898-55,3898,Foreign Language,Foreign Language,5,34,
67_67399_5136980,SPANISH IV 1S,3898-56,3898,Foreign Language,Foreign Language,5,34,
67_67399_5136980,SPANISH IV 2S,3899-54,3899,Foreign Language,Foreign Language,5,34,
67_67399_5136980,SPANISH IV 2S,3899-55,3899,Foreign Language,Foreign Language,5,34,
67_67399_5136980,SPANISH IV 2S,3899-56,3899,Foreign Language,Foreign Language,5,34,
67_67399_5136980,PE II,5819-17,5819,,Physical Education,10,40,
67_67399_5136980,PE II,5819-18,5819,,Physical Education,10,40,
67_67399_5136980,WORLD HISTORY 1S,5991-18,5991,History,Social Science,5,34,
67_67399_5136980,ENGLISH 9 2S,7708-64,7708,English,English,5,34,
67_67399_5136980,SEE COUNSELOR,8180-54,8181,,Unscheduled Period,0,0,
67_67399_5136980,ENG LANG ARTS IA,8352-50,8352,,English,10,20,
67_67399_5136980,LUNCH,9000-50,9000,,General,0,390,
67_67399_5136980,LUNCH,9000-51,9000,,General,0,390,
67_67399_5136980,GEOMETRY 1S,9814-19,9814,Mathematics,Mathematics,5,0,
67_67399_5136980,AGRIC CHEM S1,C713101-01,C713101,Lab Science,Physical Science,5,32,
67_67399_5136980,AGRIC CHEM S1,C713101-02,C713101,Lab Science,Physical Science,5,32,
67_67399_5136980,AGRIC CHEM S1,C713101-03,C713101,Lab Science,Physical Science,5,32,
67_67399_5136980,AGRIC CHEM S1,C713101-04,C713101,Lab Science,Physical Science,5,32,
67_67399_5136980,AGRIC CHEM S1,C713101-05,C713101,Lab Science,Physical Science,5,32,
67_67399_5136980,AGRIC CHEM S2,C713102-01,C713102,Lab Science,Physical Science,5,32,
67_67399_5136980,AGRIC CHEM S2,C713102-02,C713102,Lab Science,Physical Science,5,32,
67_67399_5136980,AGRIC CHEM S2,C713102-03,C713102,Lab Science,Physical Science,5,32,
67_67399_5136980,AGRIC CHEM S2,C713102-04,C713102,Lab Science,Physical Science,5,32,
67_67399_5136980,AGRIC CHEM S2,C713102-05,C713102,Lab Science,Physical Science,5,32,
67_67399_5136980,ADV SUSTAINABLE AGRIC 1S,C713403-02,C713403,,Industrial Arts/Vocational Education,5,0,
67_67399_5136980,ADV PLANT SCIENCE 1S,C717201-01,C717201,,Industrial Arts/Vocational Education,5,25,
67_67399_5136980,ADV PLANT SCIENCE 1S,C717201-02,C717201,,Industrial Arts/Vocational Education,5,25,
67_67399_5136980,ADV PLANT SCIENCE 2S,C717202-01,C717202,,Industrial Arts/Vocational Education,5,25,
67_67399_5136980,ADV PLANT SCIENCE 2S,C717202-02,C717202,,Industrial Arts/Vocational Education,5,25,
67_67399_5136980,INTER CHILD DEV 1S,C751001-01,C751001,,Industrial Arts/Vocational Education,5,25,
67_67399_5136980,INTER CHILD DEV 1S,C751001-02,C751001,,Industrial Arts/Vocational Education,5,25,
67_67399_5136980,INTER CHILD DEV 1S,C751001-03,C751001,,Industrial Arts/Vocational Education,5,25,
67_67399_5136980,INTER CHILD DEV 2S,C751002-01,C751002,,Industrial Arts/Vocational Education,5,25,
67_67399_5136980,INTER CHILD DEV 2S,C751002-02,C751002,,Industrial Arts/Vocational Education,5,25,
67_67399_5136980,INTER CHILD DEV 2S,C751002-03,C751002,,Industrial Arts/Vocational Education,5,25,
67_67399_5136980,ADV CHILD DEV 1S,C751101-01,C751101,,Industrial Arts/Vocational Education,5,25,
67_67399_5136980,ADV CHILD DEV 1S,C751101-02,C751101,,Industrial Arts/Vocational Education,5,25,
67_67399_5136980,ADV CHILD DEV 2S,C751102-01,C751102,,Industrial Arts/Vocational Education,5,25,
67_67399_5136980,ADV CHILD DEV 2S,C751102-02,C751102,,Industrial Arts/Vocational Education,5,25,
67_67399_5136980,CYBERSECURITY 1S,C810001-01,C810001,,Industrial Arts/Vocational Education,5,25,
67_67399_5136980,CYBERSECURITY 2S,C810002-01,C810002,,Industrial Arts/Vocational Education,5,25,
67_67399_5136980,INTRO TO WELDING 1S,C820001-01,C820001,Electives,Industrial Arts/Vocational Education,5,25,
67_67399_5136980,INTRO TO WELDING 2S,C820002-01,C820002,Electives,Industrial Arts/Vocational Education,5,25,
67_67399_5136980,INTRO AUTO SERVICES 1S,C853001-01,C853001,Electives,Industrial Arts/Vocational Education,5,25,
67_67399_5136980,ART I ESN S1,C900001-01,C900001,,Art,5,0,
67_67399_5136980,ART I ESN S1,C900001-02,C900001,,Art,5,20,
67_67399_5136980,ART I ESN S1,C900001-03,C900001,,Art,5,20,
67_67399_5136980,ART I ESN S1,C900001-51,C900001,,Art,5,20,
67_67399_5136980,ART I ESN S2,C900002-01,C900002,,Art,5,20,
67_67399_5136980,ART I ESN S2,C900002-03,C900002,,Art,5,20,
67_67399_5136980,ART I ESN S2,C900002-51,C900002,,Art,5,20,
67_67399_5136980,ART I ESN S2,C900002-52,C900002,,Art,5,1,
67_67399_5136980,HISTORY OF ART II,C902001-01,C902001,Electives,General,10,30,
67_67399_5136980,HISTORY OF ART II,C902001-02,C902001,Electives,General,10,30,
67_67399_5136980,COMP SCI ESSENTIALS 1S,C906201-01,C906201,,General,5,34,
67_67399_5136980,COMP SCI ESSENTIALS 1S,C906201-02,C906201,,General,5,34,
67_67399_5136980,COMP SCI ESSENTIALS 1S,C906201-03,C906201,,General,5,34,
67_67399_5136980,COMP SCI ESSENTIALS 1S,C906201-04,C906201,,General,5,34,
67_67399_5136980,COMP SCI ESSENTIALS 2S,C906202-01,C906202,,General,5,34,
67_67399_5136980,COMP SCI ESSENTIALS 2S,C906202-02,C906202,,General,5,34,
67_67399_5136980,COMP SCI ESSENTIALS 2S,C906202-03,C906202,,General,5,34,
67_67399_5136980,COMP SCI ESSENTIALS 2S,C906202-04,C906202,,General,5,34,
67_67399_5136980,MODERN DANCE 1S,C908001-01,C908001,Arts,Art,5,25,
67_67399_5136980,MODERN DANCE 2S,C908002-01,C908002,Arts,Art,5,25,
67_67399_5136980,EXPO RDG WRTG 12 1S,C910201-01,C910201,,English,5,34,
67_67399_5136980,EXPO RDG WRTG 12 1S,C910201-02,C910201,,English,5,34,
67_67399_5136980,EXPO RDG WRTG 12 1S,C910201-03,C910201,,English,5,34,
67_67399_5136980,EXPO RDG WRTG 12 1S,C910201-04,C910201,,English,5,34,
67_67399_5136980,EXPO RDG WRTG 12 1S,C910201-05,C910201,,English,5,34,
67_67399_5136980,EXPO RDG WRTG 12 1S,C910201-06,C910201,,English,5,34,
67_67399_5136980,EXPO RDG WRTG 12 1S,C910201-07,C910201,,English,5,34,
67_67399_5136980,EXPO RDG WRTG 12 1S,C910201-08,C910201,,English,5,34,
67_67399_5136980,EXPO RDG WRTG 12 1S,C910201-09,C910201,,English,5,34,
67_67399_5136980,EXPO RDG WRTG 12 1S,C910201-11,C910201,,English,5,34,
67_67399_5136980,EXPO RDG WRTG 12 1S,C910201-12,C910201,,English,5,34,
67_67399_5136980,EXPO RDG WRTG 12 1S,C910201-13,C910201,,English,5,34,
67_67399_5136980,EXPO RDG WRTG 12 1S,C910201-14,C910201,,English,5,34,
67_67399_5136980,EXPO RDG WRTG 12 1S,C910201-15,C910201,,English,5,34,
67_67399_5136980,EXPO RDG WRTG 12 1S,C910201-16,C910201,,English,5,34,
67_67399_5136980,EXPO RDG WRTG 12 1S,C910201-17,C910201,,English,5,34,
67_67399_5136980,EXPO RDG WRTG 12 1S,C910201-18,C910201,,English,5,34,
67_67399_5136980,EXPO RDG WRTG 12 2S,C910202-01,C910202,,English,5,34,
67_67399_5136980,EXPO RDG WRTG 12 2S,C910202-02,C910202,,English,5,34,
67_67399_5136980,EXPO RDG WRTG 12 2S,C910202-03,C910202,,English,5,34,
67_67399_5136980,EXPO RDG WRTG 12 2S,C910202-04,C910202,,English,5,34,
67_67399_5136980,EXPO RDG WRTG 12 2S,C910202-05,C910202,,English,5,34,
67_67399_5136980,EXPO RDG WRTG 12 2S,C910202-06,C910202,,English,5,34,
67_67399_5136980,EXPO RDG WRTG 12 2S,C910202-07,C910202,,English,5,34,
67_67399_5136980,EXPO RDG WRTG 12 2S,C910202-09,C910202,,English,5,34,
67_67399_5136980,EXPO RDG WRTG 12 2S,C910202-10,C910202,,English,5,34,
67_67399_5136980,EXPO RDG WRTG 12 2S,C910202-11,C910202,,English,5,34,
67_67399_5136980,EXPO RDG WRTG 12 2S,C910202-12,C910202,,English,5,34,
67_67399_5136980,EXPO RDG WRTG 12 2S,C910202-13,C910202,,English,5,34,
67_67399_5136980,EXPO RDG WRTG 12 2S,C910202-14,C910202,,English,5,34,
67_67399_5136980,EXPO RDG WRTG 12 2S,C910202-15,C910202,,English,5,34,
67_67399_5136980,EXPO RDG WRTG 12 2S,C910202-17,C910202,,English,5,34,
67_67399_5136980,EXPO RDG WRTG 12 2S,C910202-20,C910202,,English,5,34,
67_67399_5136980,EXPO RDG WRTG 12 2S,C910202-21,C910202,,English,5,34,
67_67399_5136980,EXPO RDG WRTG 11 1S,C910203-01,C910203,,English,5,34,
67_67399_5136980,EXPO RDG WRTG 11 1S,C910203-02,C910203,,English,5,34,
67_67399_5136980,EXPO RDG WRTG 11 1S,C910203-03,C910203,,English,5,34,
67_67399_5136980,EXPO RDG WRTG 11 1S,C910203-04,C910203,,English,5,34,
67_67399_5136980,EXPO RDG WRTG 11 1S,C910203-05,C910203,,English,5,34,
67_67399_5136980,EXPO RDG WRTG 11 1S,C910203-06,C910203,,English,5,34,
67_67399_5136980,EXPO RDG WRTG 11 1S,C910203-07,C910203,,English,5,34,
67_67399_5136980,EXPO RDG WRTG 11 1S,C910203-08,C910203,,English,5,34,
67_67399_5136980,EXPO RDG WRTG 11 1S,C910203-09,C910203,,English,5,34,
67_67399_5136980,EXPO RDG WRTG 11 1S,C910203-10,C910203,,English,5,34,
67_67399_5136980,EXPO RDG WRTG 11 1S,C910203-11,C910203,,English,5,34,
67_67399_5136980,EXPO RDG WRTG 11 1S,C910203-12,C910203,,English,5,34,
67_67399_5136980,EXPO RDG WRTG 11 1S,C910203-13,C910203,,English,5,34,
67_67399_5136980,EXPO RDG WRTG 11 1S,C910203-14,C910203,,English,5,34,
67_67399_5136980,EXPO RDG WRTG 11 1S,C910203-15,C910203,,English,5,34,
67_67399_5136980,EXPO RDG WRTG 11 1S,C910203-16,C910203,,English,5,34,
67_67399_5136980,EXPO RDG WRTG 11 1S,C910203-17,C910203,,English,5,34,
67_67399_5136980,EXPO RDG WRTG 11 1S,C910203-18,C910203,,English,5,34,
67_67399_5136980,EXPO RDG WRTG 11 2S,C910204-01,C910204,,English,5,34,
67_67399_5136980,EXPO RDG WRTG 11 2S,C910204-02,C910204,,English,5,34,
67_67399_5136980,EXPO RDG WRTG 11 2S,C910204-03,C910204,,English,5,34,
67_67399_5136980,EXPO RDG WRTG 11 2S,C910204-04,C910204,,English,5,34,
67_67399_5136980,EXPO RDG WRTG 11 2S,C910204-05,C910204,,English,5,34,
67_67399_5136980,EXPO RDG WRTG 11 2S,C910204-06,C910204,,English,5,34,
67_67399_5136980,EXPO RDG WRTG 11 2S,C910204-07,C910204,,English,5,34,
67_67399_5136980,EXPO RDG WRTG 11 2S,C910204-08,C910204,,English,5,34,
67_67399_5136980,EXPO RDG WRTG 11 2S,C910204-09,C910204,,English,5,34,
67_67399_5136980,EXPO RDG WRTG 11 2S,C910204-10,C910204,,English,5,34,
67_67399_5136980,EXPO RDG WRTG 11 2S,C910204-11,C910204,,English,5,34,
67_67399_5136980,EXPO RDG WRTG 11 2S,C910204-12,C910204,,English,5,34,
67_67399_5136980,EXPO RDG WRTG 11 2S,C910204-13,C910204,,English,5,34,
67_67399_5136980,EXPO RDG WRTG 11 2S,C910204-14,C910204,,English,5,34,
67_67399_5136980,EXPO RDG WRTG 11 2S,C910204-16,C910204,,English,5,34,
67_67399_5136980,EXPO RDG WRTG 11 2S,C910204-17,C910204,,English,5,34,
67_67399_5136980,EXPO RDG WRTG 11 2S,C910204-18,C910204,,English,5,34,
67_67399_5136980,EXPO RDG WRTG 11 2S,C910204-19,C910204,,English,5,34,
67_67399_5136980,EXPO RDG WRTG 11 2S,C910204-20,C910204,,English,5,34,
67_67399_5136980,LANG IN CONTENT 11 1S,C910400601,C9104006,,General,5,34,
67_67399_5136980,LANG IN CONTENT 11 1S,C910400605,C9104006,,General,5,34,
67_67399_5136980,LANG IN CONTENT 11 2S,C9104007-10,C9104007,,General,5,0,
67_67399_5136980,LANG IN CONTENT 11 2S,C9104007-11,C9104007,,General,5,0,
67_67399_5136980,LANG IN CONTENT 11 2S,C910400701,C9104007,,General,5,34,
67_67399_5136980,LANG IN CONTENT IB 1S,C9104008-02,C9104008,,General,5,20,
67_67399_5136980,LANG IN CONTENT IB 1S,C910400803,C9104008,,General,5,20,
67_67399_5136980,LANG IN CONTENT IB 1S,C910400850,C9104008,,General,5,20,
67_67399_5136980,LANG IN CONTENT IB 2S,C9104009-02,C9104009,,General,5,20,
67_67399_5136980,LANG IN CONTENT IB 2S,C9104009-5,C9104009,,General,5,20,
67_67399_5136980,LANG IN CONTENT IIB 1S,C9104010-01,C9104010,,General,5,0,
67_67399_5136980,LANG IN CONTENT IIIB 1S,C9104012-01,C9104012,,General,5,0,
67_67399_5136980,LANG IN CONTENT 9 2S,C910416-50,C910416,,General,5,34,
67_67399_5136980,LANG IN CONTENT 9 2S,C910416-57,C910416,,General,5,34,
67_67399_5136980,LANG IN CONTENT 10 2S,C910418-03,C910418,,General,5,34,
67_67399_5136980,LANG IN CONTENT 10 2S,C910418-04,C910418,,General,5,34,
67_67399_5136980,LANG IN CONTENT 10 2S,C910418-06,C910418,,General,5,0,
67_67399_5136980,LANG IN CONTENT 10 2S,C910418-08,C910418,,General,5,0,
67_67399_5136980,LANG IN CONTENT 10 2S,C910418-09,C910418,,General,5,0,
67_67399_5136980,LANG IN CONTENT 9 ESN S1,C910429-02,C910429,,General,5,20,
67_67399_5136980,LANG IN CONTENT 9 ESN S1,C910429-03,C910429,,General,5,20,
67_67399_5136980,LANG IN CONTENT 9 ESN S2,C910430-01,C910430,,General,5,20,
67_67399_5136980,LANG IN CONTENT 9 ESN S2,C910430-04,C910430,,General,5,20,
67_67399_5136980,ENGLISH 9 ESN S2,C910502-01,C910502,,English,5,0,
67_67399_5136980,ENGLISH 9 ESN S2,C910502-52,C910502,,English,5,1,
67_67399_5136980,ENGLISH 10 ESN S1,C910601-50,C910601,,English,5,20,
67_67399_5136980,ENGLISH 10 ESN S2,C910602-50,C910602,,English,5,20,
67_67399_5136980,ENGLISH 11 ESN S1,C910701-01,C910701,,English,5,20,
67_67399_5136980,ENGLISH 11 ESN S2,C910702-01,C910702,,English,5,20,
67_67399_5136980,ENGLISH 12 ESN S1,C910801-03,C910801,,English,5,20,
67_67399_5136980,ENGLISH 12 ESN S2,C910802-02,C910802,,English,5,20,
67_67399_5136980,ENGLISH 12 ESN S2,C910802-03,C910802,,English,5,20,
67_67399_5136980,SPANISH I ESN S1,C913001-50,C913001,,Foreign Language,5,20,
67_67399_5136980,SPANISH I ESN S2,C913002-01,C913002,,Foreign Language,5,0,
67_67399_5136980,SPANISH I ESN S2,C913002-50,C913002,,Foreign Language,5,20,
67_67399_5136980,SPANISH I ESN S2,C913002-52,C913002,,Foreign Language,5,1,
67_67399_5136980,LATIN AMERICAN LIT 1S,C913301-01,C913301,,Foreign Language,5,34,
67_67399_5136980,LATIN AMERICAN LIT 2S,C913302-02,C913302,,Foreign Language,5,34,
67_67399_5136980,WORLD HISTORY ESN S1,C917202-50,C917202,,Social Science,5,20,
67_67399_5136980,WORLD HISTORY ESN S2,C917203-50,C917203,,Social Science,5,20,
67_67399_5136980,US HISTORY ESN S1,C917303-01,C917302,,Social Science,5,20,
67_67399_5136980,US HISTORY ESN S2,C917303-02,C917303,,Social Science,5,20,
67_67399_5136980,US HIST & ETHNIC STD 1S,C917304-05,C917304,History,Social Science,5,34,
67_67399_5136980,US HIST & ETHNIC STD 1S,C917304-06,C917304,History,Social Science,5,34,
67_67399_5136980,US HIST & ETHNIC STD 1S,C917304-07,C917304,History,Social Science,5,34,
67_67399_5136980,US HIST & ETHNIC STD 1S,C917304-08,C917304,History,Social Science,5,34,
67_67399_5136980,US HIST & ETHNIC STD 1S,C917304-09,C917304,History,Social Science,5,34,
67_67399_5136980,US HIST & ETHNIC STD 1S,C917304-10,C917304,History,Social Science,5,34,
67_67399_5136980,US HIST & ETHNIC STD 1S,C917304-11,C917304,History,Social Science,5,34,
67_67399_5136980,US HIST & ETHNIC STD 1S,C917304-12,C917304,History,Social Science,5,34,
67_67399_5136980,US HIST & ETHNIC STD 1S,C917304-13,C917304,History,Social Science,5,34,
67_67399_5136980,US HIST & ETHNIC STD 1S,C917304-14,C917304,History,Social Science,5,34,
67_67399_5136980,US HIST & ETHNIC STD 1S,C917304-16,C917304,History,Social Science,5,34,
67_67399_5136980,US HIST & ETHNIC STD 1S,C917304-17,C917304,History,Social Science,5,34,
67_67399_5136980,US HIST & ETHNIC STD 1S,C917304-18,C917304,History,Social Science,5,34,
67_67399_5136980,US HIST & ETHNIC STD 1S,C917304-19,C917304,History,Social Science,5,34,
67_67399_5136980,US HIST & ETHNIC STD 1S,C917304-20,C917304,History,Social Science,5,34,
67_67399_5136980,US HIST & ETHNIC STD 1S,C917304-21,C917304,History,Social Science,5,34,
67_67399_5136980,US HIST & ETHNIC STD 1S,C917304-24,C917304,History,Social Science,5,34,
67_67399_5136980,US HIST & ETHNIC STD 1S,C917304-25,C917304,History,Social Science,5,34,
67_67399_5136980,US HIST & ETHNIC STD 1S,C917304-26,C917304,History,Social Science,5,34,
67_67399_5136980,US HIST & ETHNIC STD 2S,C917305-06,C917305,History,Social Science,5,34,
67_67399_5136980,US HIST & ETHNIC STD 2S,C917305-08,C917305,History,Social Science,5,34,
67_67399_5136980,US HIST & ETHNIC STD 2S,C917305-09,C917305,History,Social Science,5,34,
67_67399_5136980,US HIST & ETHNIC STD 2S,C917305-10,C917305,History,Social Science,5,34,
67_67399_5136980,US HIST & ETHNIC STD 2S,C917305-11,C917305,History,Social Science,5,34,
67_67399_5136980,US HIST & ETHNIC STD 2S,C917305-12,C917305,History,Social Science,5,34,
67_67399_5136980,US HIST & ETHNIC STD 2S,C917305-13,C917305,History,Social Science,5,34,
67_67399_5136980,US HIST & ETHNIC STD 2S,C917305-14,C917305,History,Social Science,5,34,
67_67399_5136980,US HIST & ETHNIC STD 2S,C917305-15,C917305,History,Social Science,5,34,
67_67399_5136980,US HIST & ETHNIC STD 2S,C917305-17,C917305,History,Social Science,5,34,
67_67399_5136980,US HIST & ETHNIC STD 2S,C917305-20,C917305,History,Social Science,5,34,
67_67399_5136980,US HIST & ETHNIC STD 2S,C917305-21,C917305,History,Social Science,5,34,
67_67399_5136980,US HIST & ETHNIC STD 2S,C917305-22,C917305,History,Social Science,5,34,
67_67399_5136980,US HIST & ETHNIC STD 2S,C917305-23,C917305,History,Social Science,5,34,
67_67399_5136980,US HIST & ETHNIC STD 2S,C917305-24,C917305,History,Social Science,5,34,
67_67399_5136980,US HIST & ETHNIC STD 2S,C917305-25,C917305,History,Social Science,5,34,
67_67399_5136980,US HIST & ETHNIC STD 2S,C917305-26,C917305,History,Social Science,5,34,
67_67399_5136980,US HIST & ETHNIC STD 2S,C917305-27,C917305,History,Social Science,5,34,
67_67399_5136980,US HIST & ETHNIC STD 2S,C917305-28,C917305,History,Social Science,5,34,
67_67399_5136980,AMERICAN GOVT ESN,C917401-03,C917401,,Social Science,5,20,
67_67399_5136980,ECONOMICS ESN,C917402-02,C917402,,Social Science,5,20,
67_67399_5136980,INTRO TO SOCIOLOGY,C920002-01,C920002,Electives,General,10,30,
67_67399_5136980,INTRO TO SOCIOLOGY,C920002-02,C920002,Electives,General,10,30,
67_67399_5136980,US HIST RECONST-PRES,C920003-01,C920003,Electives,General,10,30,
67_67399_5136980,US HIST RECONST-PRES,C920003-02,C920003,Electives,General,10,30,
67_67399_5136980,AMER GOV & POLITICS,C920004-01,C920004,Electives,General,10,30,
67_67399_5136980,AMER GOV & POLITICS,C920004-02,C920004,Electives,General,10,30,
67_67399_5136980,CULTURAL ANTHROPOLOGY,C920005-01,C920005,Electives,General,10,30,
67_67399_5136980,CULTURAL ANTHROPOLOGY,C920005-02,C920005,Electives,General,10,30,
67_67399_5136980,INDIG PEOPLE NORTH AMER,C920006-02,C920006,Electives,General,10,30,
67_67399_5136980,CAREER DEV WBL,C922003-01,C922003,,General,0,20,
67_67399_5136980,CAREER DEV WBL,C922003-02,C922003,,General,0,20,
67_67399_5136980,ADULT LIFE PLANNING,C922004-01,C922004,,General,0,20,
67_67399_5136980,ADULT LIFE PLANNING,C922004-02,C922004,,General,0,20,
67_67399_5136980,COMMUNITY ACCESS,C922005-01,C922005,,General,0,20,
67_67399_5136980,COMMUNITY ACCESS,C922005-02,C922005,,General,0,20,
67_67399_5136980,INDEP LIV & WELLNESS,C922006-01,C922006,,General,0,20,
67_67399_5136980,INDEP LIV & WELLNESS,C922006-02,C922006,,General,0,20,
67_67399_5136980,FUNCTIONAL ACADEMICS,C922007-01,C922007,,General,0,20,
67_67399_5136980,FUNCTIONAL ACADEMICS,C922007-02,C922007,,General,0,20,
67_67399_5136980,INTRO YEARBOOK & PUBL 1S,C922403-01,C922403,Arts,Art,5,25,
67_67399_5136980,INTRO YEARBOOK & PUBL 2S,C922403-02,C922404,Arts,Art,5,34,
67_67399_5136980,COLLEGE SUCCESS SKILLS,C922701-01,C922701,,General,10,30,
67_67399_5136980,INTRO TO PSYCHOLOGY,C922703-01,C922703,Electives,General,10,30,
67_67399_5136980,INTRO TO PSYCHOLOGY,C922703-02,C922703,Electives,General,10,30,
67_67399_5136980,INTRO CHICANO/A STUD,C922704-01,C922704,Electives,General,10,40,
67_67399_5136980,INTRO CHICANO/A STUD,C922704-02,C922704,Electives,General,10,30,
67_67399_5136980,RELIGIONS MODERN WORLD,C922705-02,C922705,Electives,General,10,30,
67_67399_5136980,INTRO TO PUBLIC SPEAKING,C922712-01,C922712,Electives,General,10,40,
67_67399_5136980,INTRO TO PUBLIC SPEAKING,C922712-02,C922712,Electives,General,10,30,
67_67399_5136980,INDPT LIVING SKILLS I S1,C923201-01,C923201,,General,5,20,
67_67399_5136980,INDPNT LIVING SKLS II S1,C923203-01,C923203,,General,5,20,
67_67399_5136980,INDPNT LIVING SKLS II S1,C923203-03,C923203,,General,5,20,
67_67399_5136980,INDPNT LIVING SKLS II S2,C923204-01,C923204,,General,5,20,
67_67399_5136980,ECONOMICS ESN,C923204-02,C917402,,Social Science,5,20,
67_67399_5136980,INDPNT LIVING SKLS II S2,C923204-03,C923204,,General,5,20,
67_67399_5136980,MATH I ESN S2,C924502-01,C924502,,Mathematics,5,0,
67_67399_5136980,MATH I ESN S2,C924502-53,C924502,,Mathematics,5,1,
67_67399_5136980,MATH FOR EVERYDAY LIFE S1,C924507-51,C924507,,Mathematics,5,20,
67_67399_5136980,MATH FOR EVERYDAY LIFE S2,C924507-52,C924508,,Mathematics,5,20,
67_67399_5136980,MATH FINANCE 1S,C925401-07,C925401,Mathematics,Mathematics,5,34,
67_67399_5136980,MATH FINANCE 1S,C925401-08,C925401,Mathematics,Mathematics,5,34,
67_67399_5136980,MATH FINANCE 1S,C925401-09,C925401,Mathematics,Mathematics,5,34,
67_67399_5136980,MATH FINANCE 2S,C925402-07,C925402,Mathematics,Mathematics,5,34,
67_67399_5136980,MATH FINANCE 2S,C925402-08,C925402,Mathematics,Mathematics,5,34,
67_67399_5136980,MATH FINANCE 2S,C925402-09,C925402,Mathematics,Mathematics,5,34,
67_67399_5136980,INTRO MUSIC LIT & LIST,C930301-01,C930301,Electives,Music,10,30,
67_67399_5136980,INTRO MUSIC LIT & LIST,C930301-02,C930301,Electives,Music,10,30,
67_67399_5136980,INTRO MUSIC FNDTN,C930302-02,C930302,Electives,General,10,30,
67_67399_5136980,UNIFIED PE II,C931602-01,C931602,,Physical Education,10,40,
67_67399_5136980,UNIFIED PE II,C931602-02,C931602,,Physical Education,10,40,
67_67399_5136980,UNIFIED PE II,C931602-03,C931602,,Physical Education,10,40,
67_67399_5136980,UNIFIED PE II,C931602-04,C931602,,Physical Education,10,40,
67_67399_5136980,LIFE SCIENCE ESN S2,C932202-01,C932202,,Life Science,5,0,
67_67399_5136980,LIFE SCIENCE ESN S2,C932202-52,C932202,,Life Science,5,1,
67_67399_5136980,PHYSICAL SCIENCE ESN S1,C932301-50,C932301,,Physical Science,5,20,
67_67399_5136980,PHYSICAL SCIENCE ESN S2,C932302-50,C932302,,Physical Education,5,20,
67_67399_5136980,ENVIRONMENTAL GEOLOGY 1S,C934001-01,C934001,Lab Science,Physical Science,5,32,
67_67399_5136980,ENVIRONMENTAL GEOLOGY 1S,C934001-02,C934001,Lab Science,Physical Science,5,32,
67_67399_5136980,ENVIRONMENTAL GEOLOGY 1S,C934001-09,C934001,Lab Science,Physical Science,5,32,
67_67399_5136981,AVID 11,0218-04,218,,General,10,34,
67_67399_5136981,ENGLISH 12 1S,1254-11,1254,English,English,5,25,
67_67399_5136981,ENGLISH 12 2S,1256-05,1256,English,English,5,34,
67_67399_5136981,ENGLISH 12 2S,1256-09,1256,English,English,5,34,
67_67399_5136981,ENGLISH 12 2S,1256-22,1256,English,English,5,25,
67_67399_5136981,AMERICAN GOVT,1710-11,1710,History,Social Science,5,25,
67_67399_5136981,ECONOMICS,1790-12,1790,History,Social Science,5,25,
67_67399_5136981,ECONOMICS,1790-15,1790,History,Social Science,5,34,
67_67399_5136981,ECONOMICS,1790-17,1790,History,Social Science,5,34,
67_67399_5136981,ECONOMICS,1790-21,1790,History,Social Science,5,25,
67_67399_5136981,CHEMISTRY 2S,3123-14,3123,Lab Science,Physical Science,5,32,
67_67399_5136981,WORLD HISTORY 1S,5991-31,5991,History,Social Science,5,25,
67_67399_5136981,ENGLISH 10 1S,6682-51,6682,English,English,5,25,
67_67399_5136981,GEOMETRY 1S,9814-21,9814,Mathematics,Mathematics,5,25,
67_67399_5136981,INTERMEDIATE EMERGENCY RESP,C8410003-51,C8421003,,Industrial Arts/Vocational Education,15,25,
67_67399_5136981,MATH FINANCE 2S,C925402-05,C925402,Mathematics,Mathematics,5,34,
67_67399_5136981,MATH FINANCE 2S,C925402-06,C925402,Mathematics,Mathematics,5,34,
67_67399_5136981,CHEMISTRY 2S,446752,3123,Lab Science,Physical Science,5,32,
67_67399_5136981,MEXICAN LITERATURE,657955,3701,Foreign Language,Foreign Language,10,34,
67_67399_5136981,SPANISH III 2S,729635,3897,Foreign Language,Foreign Language,5,34,
67_67399_5136981,BIOLOGY 2S,1290373,5432,Lab Science,Life Science,5,25,
67_67399_5136981,PASS PROG CYBER HS,1385672,5693,,Non Departmentalized,0,25,
67_67399_5136981,PASS PROG CYBER HS,1385702,5693,,Non Departmentalized,0,25,
67_67399_5136981,ACELLUS ACADEMY ONLINE,1422196,5793,,Non Departmentalized,0,25,
67_67399_5136981,ACELLUS ACADEMY ONLINE,1422226,5793,,Non Departmentalized,0,25,
67_67399_5136981,AVID SENIOR SEMINAR,1464928,5910,Electives,General,10,25,
67_67399_5136981,AVID SENIOR SEMINAR,1464958,5910,Electives,General,10,25,
67_67399_5136981,BIOLOGY 1S,1576327,6215,Lab Science,Life Science,5,25,
67_67399_5136981,ENGLISH 11 1S,1748722,6687,English,English,5,25,
67_67399_5136981,US HISTORY 2S,2151736,7791,History,Social Science,5,34,
67_67399_5136981,US HISTORY 2S,2151980,7791,History,Social Science,5,25,
67_67399_5136981,ENGLISH 11 2S,2482829,8697,English,English,5,34,
67_67399_5136981,US HISTORY 1S,2676073,9226,History,Social Science,5,25,
67_67399_5136981,GEOMETRY 2S,2891108,9815,Mathematics,Mathematics,5,34,
67_67399_5136981,ENGLISH 12 1S,0001254-21,1254,English,English,5,25,
67_67399_5136981,ENGLISH 12 1S,0001254-41,1254,English,English,5,25,
67_67399_5136981,ENGLISH 12 1S,0001254-51,1254,English,English,5,25,
67_67399_5136981,ENGLISH 12 2S,0001256-22,1256,English,English,5,25,
67_67399_5136981,ENGLISH 12 2S,0001256-42,1256,English,English,5,25,
67_67399_5136981,ENGLISH 12 2S,0001256-52,1256,English,English,5,25,
67_67399_5136981,AMERICAN GOVT,0001710-21,1710,History,Social Science,5,25,
67_67399_5136981,AMERICAN GOVT,0001710-31,1710,History,Social Science,5,25,
67_67399_5136981,AMERICAN GOVT,0001710-51,1710,History,Social Science,5,25,
67_67399_5136981,ECONOMICS,0001790-22,1790,History,Social Science,5,25,
67_67399_5136981,ECONOMICS,0001790-32,1790,History,Social Science,5,25,
67_67399_5136981,ECONOMICS,0001790-52,1790,History,Social Science,5,25,
67_67399_5136981,ALGEBRA I 1S,0002075-21,2075,Mathematics,Mathematics,5,25,
67_67399_5136981,ALGEBRA I 1S,0002075-41,2075,Mathematics,Mathematics,5,25,
67_67399_5136981,CHEMISTRY 1S,0003121-31,3121,Lab Science,Physical Science,5,25,
67_67399_5136981,CHEMISTRY 1S,0003121-41,3121,Lab Science,Physical Science,5,25,
67_67399_5136981,PASS PROG CYBER HS,0005693-21,5693,,Non Departmentalized,0,25,
67_67399_5136981,PASS PROG CYBER HS,0005693-22,5693,,Non Departmentalized,0,25,
67_67399_5136981,PASS PROG CYBER HS,0005693-31,5693,,Non Departmentalized,0,25,
67_67399_5136981,PASS PROG CYBER HS,0005693-32,5693,,Non Departmentalized,0,25,
67_67399_5136981,PASS PROG CYBER HS,0005693-41,5693,,Non Departmentalized,0,25,
67_67399_5136981,PASS PROG CYBER HS,0005693-42,5693,,Non Departmentalized,0,25,
67_67399_5136981,PASS PROG CYBER HS,0005693-51,5693,,Non Departmentalized,0,25,
67_67399_5136981,PASS PROG CYBER HS,0005693-52,5693,,Non Departmentalized,0,25,
67_67399_5136981,CREDIT RECOVERY 9-12,0005713-22,5713,,Non Departmentalized,0,25,
67_67399_5136981,CREDIT RECOVERY 9-12,0005713-32,5713,,Non Departmentalized,0,25,
67_67399_5136981,CREDIT RECOVERY 9-12,0005713-42,5713,,Non Departmentalized,0,25,
67_67399_5136981,CREDIT RECOVERY 9-12,0005713-51,5713,,Non Departmentalized,0,25,
67_67399_5136981,CREDIT RECOVERY 9-12,0005713-52,5713,,Non Departmentalized,0,25,
67_67399_5136981,PHYSICAL EDUCATION,0005990-21,5990,,Physical Education,10,25,
67_67399_5136981,PHYSICAL EDUCATION,0005990-22,5990,,Physical Education,10,25,
67_67399_5136981,BIOLOGY 1S,0006215-21,6215,Lab Science,Life Science,5,25,
67_67399_5136981,BIOLOGY 1S,0006215-51,6215,Lab Science,Life Science,5,25,
67_67399_5136981,ENGLISH 11 1S,0006687-31,6687,English,English,5,25,
67_67399_5136981,US HISTORY 2S,0007791-42,7791,History,Social Science,5,25,
67_67399_5136981,ENGLISH 11 2S,0008697-32,8697,English,English,5,25,
67_67399_5136981,US HISTORY 1S,0009226-41,9226,History,Social Science,5,25,
67_67399_5136981,GEOMETRY 1S,0009814-31,9814,Mathematics,Mathematics,5,25,
67_67399_5136981,GEOMETRY 1S,0009814-41,9814,Mathematics,Mathematics,5,25,
67_67399_5136981,GEOMETRY 2S,0009815-32,9815,Mathematics,Mathematics,5,25,
67_67399_5136981,GEOMETRY 2S,0009815-42,9815,Mathematics,Mathematics,5,25,
67_67399_5136981,PASS PROG CYBER HS,005693-211,5693,,Non Departmentalized,0,25,
67_67399_5136981,PASS PROG CYBER HS,005693-222,5693,,Non Departmentalized,0,25,
67_67399_5136981,PASS PROG CYBER HS,005693-311,5693,,Non Departmentalized,0,25,
67_67399_5136981,PASS PROG CYBER HS,005693-322,5693,,Non Departmentalized,0,25,
67_67399_5136981,PASS PROG CYBER HS,005693-411,5693,,Non Departmentalized,0,25,
67_67399_5136981,PASS PROG CYBER HS,005693-422,5693,,Non Departmentalized,0,25,
67_67399_5136981,PASS PROG CYBER HS,005693-511,5693,,Non Departmentalized,0,25,
67_67399_5136981,PASS PROG CYBER HS,005693-522,5693,,Non Departmentalized,0,25,
67_67399_5136981,CREDIT RECOVERY 9-12,005713-422,5713,,Non Departmentalized,0,25,
67_67399_5136981,CREDIT RECOVERY 9-12,005713-522,5713,,Non Departmentalized,0,25,
67_67399_5136981,PASS PROG CYBER HS,05693-2111,5693,,Non Departmentalized,0,25,
67_67399_5136981,PASS PROG CYBER HS,05693-2222,5693,,Non Departmentalized,0,25,
67_67399_5136981,PASS PROG CYBER HS,05693-4111,5693,,Non Departmentalized,0,25,
67_67399_5136981,PASS PROG CYBER HS,05693-4222,5693,,Non Departmentalized,0,25,
67_67399_5136981,CREDIT RECOVERY 9-12,05713-5222,5713,,Non Departmentalized,0,25,
67_67399_5136981,LANG IN CONTENT T1,9104015-32,9104015,,General,5,25,
67_67399_5136981,LANG IN CONTENT T1,9104015-322,9104015,,General,5,25,
67_67399_5136981,LANG IN CONTENT T1,9104015-41,9104015,,General,5,25,
67_67399_5136981,LANG IN CONTENT T1,9104015-42,9104015,,General,5,25,
67_67399_5136981,LANG IN CONTENT T2,9104016-51,9104016,,General,5,25,
67_67399_5136981,LANG IN CONTENT T2,9104016-522,9104016,,General,5,25,
67_67399_5136981,LANG IN CONTENT T3,9104017-51,9104017,,General,5,25,
67_67399_5136981,LANG IN CONTENT T3,9104017-52,9104017,,General,5,25,
67_67399_5136981,INTRO TO BARBERING,C783201-13,C783201,,Industrial Arts/Vocational Education,15,25,
67_67399_5136981,INTRO TO BARBERING,C783201-23,C783201,,Industrial Arts/Vocational Education,15,25,
67_67399_5136981,INTRO TO BARBERING,C783201-33,C783201,,Industrial Arts/Vocational Education,15,25,
67_67399_5136981,INTERM EMERGENCY RESP 1S,C842104-21,C842104,,Industrial Arts/Vocational Education,5,25,
67_67399_5136981,INTERM EMERGENCY RESP 1S,C842104-31,C842104,,Industrial Arts/Vocational Education,5,25,
67_67399_5136981,INTERM EMERGENCY RESP 1S,C842104-51,C842104,,Industrial Arts/Vocational Education,5,25,
67_67399_5136981,INTERM EMERGENCY RESP 2S,C842105-22,C842105,,Industrial Arts/Vocational Education,5,25,
67_67399_5136981,INTERM EMERGENCY RESP 2S,C842105-32,C842105,,Industrial Arts/Vocational Education,5,25,
67_67399_5136981,INTERM EMERGENCY RESP 2S,C842105-52,C842105,,Industrial Arts/Vocational Education,5,25,
67_67399_5136981,ADVANCED EMERGENCY RESP,C842200141,C8422001,,Industrial Arts/Vocational Education,5,25,
67_67399_5136981,ADVANCED EMERGENCY RESP,C842200142,C8422001,,Industrial Arts/Vocational Education,5,25,
67_67399_5136981,PASS PROG CYBER HS,0005693-23,5693,,Non Departmentalized,0,25,
67_67399_5136981,AVID SENIOR SEMINAR,0005910-33,5910,Electives,General,10,25,
67_67399_5136981,PASS PROG CYBER HS,005693--33,5693,,Non Departmentalized,0,25,
67_67399_5136981,PASS PROG CYBER HS,005693-134,5693,,Non Departmentalized,0,25,
67_67399_5136981,PASS PROG CYBER HS,005693-135,5693,,Non Departmentalized,0,25,
67_67399_5136981,PASS PROG CYBER HS,005693-136,5693,,Non Departmentalized,0,25,
67_67399_5136981,PASS PROG CYBER HS,005693-137,5693,,Non Departmentalized,0,25,
67_67399_5136981,PASS PROG CYBER HS,005693-234,5693,,Non Departmentalized,0,25,
67_67399_5136981,PASS PROG CYBER HS,005693-236,5693,,Non Departmentalized,0,25,
67_67399_5136981,PASS PROG CYBER HS,005693-337,5693,,Non Departmentalized,0,25,
67_67399_5136981,PASS PROG CYBER HS,005693-434,5693,,Non Departmentalized,0,25,
67_67399_5136981,PASS PROG CYBER HS,005693-435,5693,,Non Departmentalized,0,30,
67_67399_5136981,PASS PROG CYBER HS,005693-436,5693,,Non Departmentalized,0,25,
67_67399_5136981,PASS PROG CYBER HS,005693-437,5693,,Non Departmentalized,0,25,
67_67399_5136981,PASS PROG CYBER HS,005693-534,5693,,Non Departmentalized,0,25,
67_67399_5136981,PASS PROG CYBER HS,005693-536,5693,,Non Departmentalized,0,25,
67_67399_5136981,PASS PROG CYBER HS,005693-537,5693,,Non Departmentalized,0,25,
67_67399_5136981,AVID 11,0218-11,218,,General,10,25,
67_67399_5136981,PASS PROG CYBER HS,05693-1311,5693,,Non Departmentalized,0,25,
67_67399_5136981,PASS PROG CYBER HS,05693-2310,5693,,Non Departmentalized,0,25,
67_67399_5136981,PASS PROG CYBER HS,05693-2311,5693,,Non Departmentalized,0,25,
67_67399_5136981,PASS PROG CYBER HS,05693-3310,5693,,Non Departmentalized,0,25,
67_67399_5136981,PASS PROG CYBER HS,05693-4311,5693,,Non Departmentalized,0,25,
67_67399_5136981,ENGLISH 12 1S,1254-21,1254,English,English,5,25,
67_67399_5136981,ENGLISH 12 1S,1254-31,1254,English,English,5,25,
67_67399_5136981,ENGLISH 12 1S,1254-41,1254,English,English,5,25,
67_67399_5136981,ENGLISH 12 2S,1256-012,1256,English,English,5,25,
67_67399_5136981,ENGLISH 12 2S,1256-32,1256,English,English,5,25,
67_67399_5136981,ENGLISH 12 2S,1256-42,1256,English,English,5,25,
67_67399_5136981,AMERICAN GOVT,1710-22,1710,History,Social Science,5,25,
67_67399_5136981,AMERICAN GOVT,1710-41,1710,History,Social Science,5,25,
67_67399_5136981,AMERICAN GOVT,1710-52,1710,History,Social Science,5,25,
67_67399_5136981,ECONOMICS,1790-42,1790,History,Social Science,5,25,
67_67399_5136981,ECONOMICS,1790-51,1790,History,Social Science,5,25,
67_67399_5136981,ALGEBRA I 1S,2075-31,2075,Mathematics,Mathematics,5,25,
67_67399_5136981,ALGEBRA I 1S,2075-41,2075,Mathematics,Mathematics,5,25,
67_67399_5136981,ALGEBRA I 2S,2076-32,2076,Mathematics,Mathematics,5,25,
67_67399_5136981,ALGEBRA I 2S,2076-42,2076,Mathematics,Mathematics,5,25,
67_67399_5136981,CHEMISTRY 1S,3121-21,3121,Lab Science,Physical Science,5,25,
67_67399_5136981,CHEMISTRY 1S,3121-41,3121,Lab Science,Physical Science,5,25,
67_67399_5136981,CHEMISTRY 2S,3123-22,3123,Lab Science,Physical Science,5,25,
67_67399_5136981,CHEMISTRY 2S,3123-42,3123,Lab Science,Physical Science,5,25,
67_67399_5136981,PASS PROG CYBER HS,5693-032,5693,,Non Departmentalized,0,25,
67_67399_5136981,PASS PROG CYBER HS,5693-042,5693,,Non Departmentalized,0,30,
67_67399_5136981,PASS PROG CYBER HS,5693-13,5693,,Non Departmentalized,0,25,
67_67399_5136981,PASS PROG CYBER HS,5693-21,5693,,Non Departmentalized,0,25,
67_67399_5136981,PASS PROG CYBER HS,5693-22,5693,,Non Departmentalized,0,25,
67_67399_5136981,PASS PROG CYBER HS,5693-31,5693,,Non Departmentalized,0,25,
67_67399_5136981,PASS PROG CYBER HS,5693-32,5693,,Non Departmentalized,0,25,
67_67399_5136981,PASS PROG CYBER HS,5693-33,5693,,Non Departmentalized,0,25,
67_67399_5136981,PASS PROG CYBER HS,5693-41,5693,,Non Departmentalized,0,25,
67_67399_5136981,PASS PROG CYBER HS,5693-43,5693,,Non Departmentalized,0,25,
67_67399_5136981,PASS PROG CYBER HS,5693-51,5693,,Non Departmentalized,0,25,
67_67399_5136981,PASS PROG CYBER HS,5693-52,5693,,Non Departmentalized,0,25,
67_67399_5136981,PASS PROG CYBER HS,5693-53,5693,,Non Departmentalized,0,25,
67_67399_5136981,ACELLUS ACADEMY ONLINE,5793-13,5793,,Non Departmentalized,0,25,
67_67399_5136981,ACELLUS ACADEMY ONLINE,5793-21,5793,,Non Departmentalized,0,25,
67_67399_5136981,ACELLUS ACADEMY ONLINE,5793-22,5793,,Non Departmentalized,0,25,
67_67399_5136981,ACELLUS ACADEMY ONLINE,5793-23,5793,,Non Departmentalized,0,25,
67_67399_5136981,ACELLUS ACADEMY ONLINE,5793-31,5793,,Non Departmentalized,0,25,
67_67399_5136981,ACELLUS ACADEMY ONLINE,5793-32,5793,,Non Departmentalized,0,25,
67_67399_5136981,ACELLUS ACADEMY ONLINE,5793-33,5793,,Non Departmentalized,0,25,
67_67399_5136981,AVID SENIOR SEMINAR,5910-022,5910,Electives,General,10,25,
67_67399_5136981,PHYSICAL EDUCATION,5990-51,5990,,Physical Education,10,25,
67_67399_5136981,PHYSICAL EDUCATION,5990-52,5990,,Physical Education,10,25,
67_67399_5136981,PHYSICAL EDUCATION,5990-53,5990,,Physical Education,10,25,
67_67399_5136981,WORLD HISTORY 1S,5991-21,5991,History,Social Science,5,25,
67_67399_5136981,WORLD HISTORY 2S,5992-22,5992,History,Social Science,5,25,
67_67399_5136981,WORLD HISTORY 2S,5992-32,5992,History,Social Science,5,25,
67_67399_5136981,ENGLISH 11 1S,6687-51,6687,English,English,5,25,
67_67399_5136981,US HISTORY 2S,7791-42,7791,History,Social Science,5,25,
67_67399_5136981,ENGLISH 11 2S,8697-012,8697,English,English,5,25,
67_67399_5136981,ENGLISH 11 2S,8697-52,8697,English,English,5,25,
67_67399_5136981,LANG IN CONTENT T1,9104015-11,9104015,,General,5,25,
67_67399_5136981,LANG IN CONTENT T1,9104015-21,9104015,,General,5,25,
67_67399_5136981,LANG IN CONTENT T1,9104015-31,9104015,,General,5,25,
67_67399_5136981,LANG IN CONTENT T1,9104015-51,9104015,,General,5,25,
67_67399_5136981,LANG IN CONTENT T2,9104016-12,9104016,,General,5,26,
67_67399_5136981,LANG IN CONTENT T2,9104016-13,9104016,,General,5,25,
67_67399_5136981,LANG IN CONTENT T2,9104016-22,9104016,,General,5,25,
67_67399_5136981,LANG IN CONTENT T2,9104016-23,9104016,,General,5,25,
67_67399_5136981,LANG IN CONTENT T2,9104016-32,9104016,,General,5,25,
67_67399_5136981,LANG IN CONTENT T2,9104016-33,9104016,,General,5,25,
67_67399_5136981,LANG IN CONTENT T2,9104016-52,9104016,,General,5,25,
67_67399_5136981,LANG IN CONTENT T2,9104016-53,9104016,,General,5,25,
67_67399_5136981,US HISTORY 1S,9226-41,9226,History,Social Science,5,25,
67_67399_5136981,MUSIC APPRECIATION T1,9295001-31,9295001,,Music,5,25,
67_67399_5136981,MUSIC APPRECIATION T1,9295001-51,9295001,,Music,5,25,
67_67399_5136981,MUSIC APPRECIATION T2,9295002-32,9295002,,Music,5,25,
67_67399_5136981,MUSIC APPRECIATION T2,9295002-52,9295002,,Music,5,25,
67_67399_5136981,GEOMETRY 1S,9814-41,9814,Mathematics,Mathematics,5,25,
67_67399_5136981,GEOMETRY 2S,9815-22,9815,Mathematics,Mathematics,5,25,
67_67399_5136981,GEOMETRY 2S,9815-42,9815,Mathematics,Mathematics,5,25,
67_67399_5136981,INTERMEDIATE EMERGENCY RESP,C8410003-21,C8421003,,Industrial Arts/Vocational Education,15,25,
67_67399_5136981,INTERMEDIATE EMERGENCY RESP,C8410003-31,C8421003,,Industrial Arts/Vocational Education,15,25,
67_67399_5136981,INTERMEDIATE EMERGENCY RESP,C8410003-41,C8421003,,Industrial Arts/Vocational Education,15,25,
67_67399_5136981,INTERMEDIATE EMERGENCY RESP,C8421003-22,C8421003,,Industrial Arts/Vocational Education,15,25,
67_67399_5136981,INTERMEDIATE EMERGENCY RESP,C8421003-23,C8421003,,Industrial Arts/Vocational Education,15,25,
67_67399_5136981,INTERMEDIATE EMERGENCY RESP,C8421003-32,C8421003,,Industrial Arts/Vocational Education,15,25,
67_67399_5136981,INTERMEDIATE EMERGENCY RESP,C8421003-33,C8421003,,Industrial Arts/Vocational Education,15,25,
67_67399_5136981,INTERMEDIATE EMERGENCY RESP,C8421003-42,C8421003,,Industrial Arts/Vocational Education,15,25,
67_67399_5136981,INTERMEDIATE EMERGENCY RESP,C8421003-43,C8421003,,Industrial Arts/Vocational Education,15,25,
67_67399_5136981,INTERMEDIATE EMERGENCY RESP,C8421003-52,C8421003,,Industrial Arts/Vocational Education,15,25,
67_67399_5136981,INTERMEDIATE EMERGENCY RESP,C8421003-53,C8421003,,Industrial Arts/Vocational Education,15,25,
67_67399_5136980,PASS PROG CYBER HS,0005693-23,5693,,Non Departmentalized,0,25,
67_67399_5136980,AVID SENIOR SEMINAR,0005910-33,5910,Electives,General,10,25,
67_67399_5136980,PASS PROG CYBER HS,005693--33,5693,,Non Departmentalized,0,25,
67_67399_5136980,PASS PROG CYBER HS,005693-134,5693,,Non Departmentalized,0,25,
67_67399_5136980,PASS PROG CYBER HS,005693-135,5693,,Non Departmentalized,0,25,
67_67399_5136980,PASS PROG CYBER HS,005693-136,5693,,Non Departmentalized,0,25,
67_67399_5136980,PASS PROG CYBER HS,005693-137,5693,,Non Departmentalized,0,25,
67_67399_5136980,PASS PROG CYBER HS,005693-234,5693,,Non Departmentalized,0,25,
67_67399_5136980,PASS PROG CYBER HS,005693-236,5693,,Non Departmentalized,0,25,
67_67399_5136980,PASS PROG CYBER HS,005693-337,5693,,Non Departmentalized,0,25,
67_67399_5136980,PASS PROG CYBER HS,005693-434,5693,,Non Departmentalized,0,25,
67_67399_5136980,PASS PROG CYBER HS,005693-435,5693,,Non Departmentalized,0,30,
67_67399_5136980,PASS PROG CYBER HS,005693-436,5693,,Non Departmentalized,0,25,
67_67399_5136980,PASS PROG CYBER HS,005693-437,5693,,Non Departmentalized,0,25,
67_67399_5136980,PASS PROG CYBER HS,005693-534,5693,,Non Departmentalized,0,25,
67_67399_5136980,PASS PROG CYBER HS,005693-536,5693,,Non Departmentalized,0,25,
67_67399_5136980,PASS PROG CYBER HS,005693-537,5693,,Non Departmentalized,0,25,
67_67399_5136980,AVID 11,0218-11,218,,General,10,25,
67_67399_5136980,PASS PROG CYBER HS,05693-1311,5693,,Non Departmentalized,0,25,
67_67399_5136980,PASS PROG CYBER HS,05693-2310,5693,,Non Departmentalized,0,25,
67_67399_5136980,PASS PROG CYBER HS,05693-2311,5693,,Non Departmentalized,0,25,
67_67399_5136980,PASS PROG CYBER HS,05693-3310,5693,,Non Departmentalized,0,25,
67_67399_5136980,PASS PROG CYBER HS,05693-4311,5693,,Non Departmentalized,0,25,
67_67399_5136980,ENGLISH 12 1S,1254-21,1254,English,English,5,25,
67_67399_5136980,ENGLISH 12 1S,1254-31,1254,English,English,5,25,
67_67399_5136980,ENGLISH 12 1S,1254-41,1254,English,English,5,25,
67_67399_5136980,ENGLISH 12 2S,1256-012,1256,English,English,5,25,
67_67399_5136980,ENGLISH 12 2S,1256-32,1256,English,English,5,25,
67_67399_5136980,ENGLISH 12 2S,1256-42,1256,English,English,5,25,
67_67399_5136980,AMERICAN GOVT,1710-22,1710,History,Social Science,5,25,
67_67399_5136980,AMERICAN GOVT,1710-41,1710,History,Social Science,5,25,
67_67399_5136980,AMERICAN GOVT,1710-52,1710,History,Social Science,5,25,
67_67399_5136980,ECONOMICS,1790-42,1790,History,Social Science,5,25,
67_67399_5136980,ECONOMICS,1790-51,1790,History,Social Science,5,25,
67_67399_5136980,ALGEBRA I 1S,2075-31,2075,Mathematics,Mathematics,5,25,
67_67399_5136980,ALGEBRA I 1S,2075-41,2075,Mathematics,Mathematics,5,25,
67_67399_5136980,ALGEBRA I 2S,2076-32,2076,Mathematics,Mathematics,5,25,
67_67399_5136980,ALGEBRA I 2S,2076-42,2076,Mathematics,Mathematics,5,25,
67_67399_5136980,CHEMISTRY 1S,3121-21,3121,Lab Science,Physical Science,5,25,
67_67399_5136980,CHEMISTRY 1S,3121-41,3121,Lab Science,Physical Science,5,25,
67_67399_5136980,CHEMISTRY 2S,3123-22,3123,Lab Science,Physical Science,5,25,
67_67399_5136980,CHEMISTRY 2S,3123-42,3123,Lab Science,Physical Science,5,25,
67_67399_5136980,PASS PROG CYBER HS,5693-032,5693,,Non Departmentalized,0,25,
67_67399_5136980,PASS PROG CYBER HS,5693-042,5693,,Non Departmentalized,0,30,
67_67399_5136980,PASS PROG CYBER HS,5693-13,5693,,Non Departmentalized,0,25,
67_67399_5136980,PASS PROG CYBER HS,5693-21,5693,,Non Departmentalized,0,25,
67_67399_5136980,PASS PROG CYBER HS,5693-22,5693,,Non Departmentalized,0,25,
67_67399_5136980,PASS PROG CYBER HS,5693-31,5693,,Non Departmentalized,0,25,
67_67399_5136980,PASS PROG CYBER HS,5693-32,5693,,Non Departmentalized,0,25,
67_67399_5136980,PASS PROG CYBER HS,5693-33,5693,,Non Departmentalized,0,25,
67_67399_5136980,PASS PROG CYBER HS,5693-41,5693,,Non Departmentalized,0,25,
67_67399_5136980,PASS PROG CYBER HS,5693-43,5693,,Non Departmentalized,0,25,
67_67399_5136980,PASS PROG CYBER HS,5693-51,5693,,Non Departmentalized,0,25,
67_67399_5136980,PASS PROG CYBER HS,5693-52,5693,,Non Departmentalized,0,25,
67_67399_5136980,PASS PROG CYBER HS,5693-53,5693,,Non Departmentalized,0,25,
67_67399_5136980,ACELLUS ACADEMY ONLINE,5793-13,5793,,Non Departmentalized,0,25,
67_67399_5136980,ACELLUS ACADEMY ONLINE,5793-21,5793,,Non Departmentalized,0,25,
67_67399_5136980,ACELLUS ACADEMY ONLINE,5793-22,5793,,Non Departmentalized,0,25,
67_67399_5136980,ACELLUS ACADEMY ONLINE,5793-23,5793,,Non Departmentalized,0,25,
67_67399_5136980,ACELLUS ACADEMY ONLINE,5793-31,5793,,Non Departmentalized,0,25,
67_67399_5136980,ACELLUS ACADEMY ONLINE,5793-32,5793,,Non Departmentalized,0,25,
67_67399_5136980,ACELLUS ACADEMY ONLINE,5793-33,5793,,Non Departmentalized,0,25,
67_67399_5136980,AVID SENIOR SEMINAR,5910-022,5910,Electives,General,10,25,
67_67399_5136980,PHYSICAL EDUCATION,5990-51,5990,,Physical Education,10,25,
67_67399_5136980,PHYSICAL EDUCATION,5990-52,5990,,Physical Education,10,25,
67_67399_5136980,PHYSICAL EDUCATION,5990-53,5990,,Physical Education,10,25,
67_67399_5136980,WORLD HISTORY 1S,5991-21,5991,History,Social Science,5,25,
67_67399_5136980,WORLD HISTORY 2S,5992-22,5992,History,Social Science,5,25,
67_67399_5136980,WORLD HISTORY 2S,5992-32,5992,History,Social Science,5,25,
67_67399_5136980,ENGLISH 11 1S,6687-51,6687,English,English,5,25,
67_67399_5136980,US HISTORY 2S,7791-42,7791,History,Social Science,5,25,
67_67399_5136980,ENGLISH 11 2S,8697-012,8697,English,English,5,25,
67_67399_5136980,ENGLISH 11 2S,8697-52,8697,English,English,5,25,
67_67399_5136980,LANG IN CONTENT T1,9104015-11,9104015,,General,5,25,
67_67399_5136980,LANG IN CONTENT T1,9104015-21,9104015,,General,5,25,
67_67399_5136980,LANG IN CONTENT T1,9104015-31,9104015,,General,5,25,
67_67399_5136980,LANG IN CONTENT T1,9104015-51,9104015,,General,5,25,
67_67399_5136980,LANG IN CONTENT T2,9104016-12,9104016,,General,5,26,
67_67399_5136980,LANG IN CONTENT T2,9104016-13,9104016,,General,5,25,
67_67399_5136980,LANG IN CONTENT T2,9104016-22,9104016,,General,5,25,
67_67399_5136980,LANG IN CONTENT T2,9104016-23,9104016,,General,5,25,
67_67399_5136980,LANG IN CONTENT T2,9104016-32,9104016,,General,5,25,
67_67399_5136980,LANG IN CONTENT T2,9104016-33,9104016,,General,5,25,
67_67399_5136980,LANG IN CONTENT T2,9104016-52,9104016,,General,5,25,
67_67399_5136980,LANG IN CONTENT T2,9104016-53,9104016,,General,5,25,
67_67399_5136980,US HISTORY 1S,9226-41,9226,History,Social Science,5,25,
67_67399_5136980,MUSIC APPRECIATION T1,9295001-31,9295001,,Music,5,25,
67_67399_5136980,MUSIC APPRECIATION T1,9295001-51,9295001,,Music,5,25,
67_67399_5136980,MUSIC APPRECIATION T2,9295002-32,9295002,,Music,5,25,
67_67399_5136980,MUSIC APPRECIATION T2,9295002-52,9295002,,Music,5,25,
67_67399_5136980,GEOMETRY 1S,9814-41,9814,Mathematics,Mathematics,5,25,
67_67399_5136980,GEOMETRY 2S,9815-22,9815,Mathematics,Mathematics,5,25,
67_67399_5136980,GEOMETRY 2S,9815-42,9815,Mathematics,Mathematics,5,25,
67_67399_5136980,INTERMEDIATE EMERGENCY RESP,C8410003-21,C8421003,,Industrial Arts/Vocational Education,15,25,
67_67399_5136980,INTERMEDIATE EMERGENCY RESP,C8410003-31,C8421003,,Industrial Arts/Vocational Education,15,25,
67_67399_5136980,INTERMEDIATE EMERGENCY RESP,C8410003-41,C8421003,,Industrial Arts/Vocational Education,15,25,
67_67399_5136980,INTERMEDIATE EMERGENCY RESP,C8421003-22,C8421003,,Industrial Arts/Vocational Education,15,25,
67_67399_5136980,INTERMEDIATE EMERGENCY RESP,C8421003-23,C8421003,,Industrial Arts/Vocational Education,15,25,
67_67399_5136980,INTERMEDIATE EMERGENCY RESP,C8421003-32,C8421003,,Industrial Arts/Vocational Education,15,25,
67_67399_5136980,INTERMEDIATE EMERGENCY RESP,C8421003-33,C8421003,,Industrial Arts/Vocational Education,15,25,
67_67399_5136980,INTERMEDIATE EMERGENCY RESP,C8421003-42,C8421003,,Industrial Arts/Vocational Education,15,25,
67_67399_5136980,INTERMEDIATE EMERGENCY RESP,C8421003-43,C8421003,,Industrial Arts/Vocational Education,15,25,
67_67399_5136980,INTERMEDIATE EMERGENCY RESP,C8421003-52,C8421003,,Industrial Arts/Vocational Education,15,25,
67_67399_5136980,INTERMEDIATE EMERGENCY RESP,C8421003-53,C8421003,,Industrial Arts/Vocational Education,15,25,
