stu_id,section_id,site_id,start_date,leave_date,schoolyr
67013019,6 BC-SI-18,67_67399_5136971,8/11/25,,2025-2026
67013019,6 BC-SI-19,67_67399_5136971,8/11/25,,2025-2026
67012968,5-BC-SI-17,67_67399_5136971,8/11/25,,2025-2026
67012968,5BC-SI-20,67_67399_5136971,8/11/25,,2025-2026
67013004,6 BC-SI-18,67_67399_5136971,8/11/25,,2025-2026
67013004,6 BC-SI-19,67_67399_5136971,8/11/25,,2025-2026
67012841,3 BC-SI-5,67_67399_5136971,8/11/25,,2025-2026
67012841,3 BC-SI-8,67_67399_5136971,8/11/25,,2025-2026
67013056,0495-01,67_67399_5136978,8/11/25,,2025-2026
67013056,0495-02,67_67399_5136978,8/11/25,,2025-2026
67013095,0495-01,67_67399_5136978,8/11/25,,2025-2026
67013095,0495-02,67_67399_5136978,8/11/25,,2025-2026
67013087,0495-01,67_67399_5136978,8/11/25,,2025-2026
67013087,0495-02,67_67399_5136978,8/11/25,,2025-2026
67013036,6 BC-SI-18,67_67399_5136971,8/11/25,,2025-2026
67013036,6 BC-SI-19,67_67399_5136971,8/11/25,,2025-2026
67012743,1 BC-SI-03,67_67399_5136971,8/11/25,,2025-2026
67012743,1 BC-SI-04,67_67399_5136971,8/11/25,,2025-2026
67012768,2 BC-SI-06,67_67399_5136971,8/11/25,,2025-2026
67012768,2 BC-SI-07,67_67399_5136971,8/11/25,,2025-2026
67012964,5-BC-SI-17,67_67399_5136971,8/11/25,,2025-2026
67012964,5BC-SI-20,67_67399_5136971,8/11/25,,2025-2026
67012756,2 BC-SI-06,67_67399_5136971,8/11/25,,2025-2026
67012756,2 BC-SI-07,67_67399_5136971,8/11/25,,2025-2026
67013119,0495-01,67_67399_5136978,8/11/25,,2025-2026
67013119,0495-02,67_67399_5136978,8/11/25,,2025-2026
67013085,0495-01,67_67399_5136978,8/11/25,,2025-2026
67013085,0495-02,67_67399_5136978,8/11/25,,2025-2026
67012684,K BC-SI-1,67_67399_5136971,8/11/25,,2025-2026
67012684,K BC-SI-2,67_67399_5136971,8/11/25,,2025-2026
67012857,3 BC-SI-5,67_67399_5136971,8/11/25,,2025-2026
67012857,3 BC-SI-8,67_67399_5136971,8/11/25,,2025-2026
67013105,0495-01,67_67399_5136978,8/11/25,,2025-2026
67013105,0495-02,67_67399_5136978,8/11/25,,2025-2026
67012859,4 BC-SI-16,67_67399_5136971,8/11/25,,2025-2026
67012859,4 BC-SI-22,67_67399_5136971,8/11/25,,2025-2026
67012981,5-BC-SI-17,67_67399_5136971,8/11/25,,2025-2026
67012981,5BC-SI-20,67_67399_5136971,8/11/25,,2025-2026
67013014,6 BC-SI-18,67_67399_5136971,8/11/25,,2025-2026
67013014,6 BC-SI-19,67_67399_5136971,8/11/25,,2025-2026
67012907,4 BC-SI-16,67_67399_5136971,8/11/25,,2025-2026
67012907,4 BC-SI-22,67_67399_5136971,8/11/25,,2025-2026
67012746,1 BC-SI-03,67_67399_5136971,8/11/25,,2025-2026
67012746,1 BC-SI-04,67_67399_5136971,8/11/25,,2025-2026
67012703,1 BC-SI-03,67_67399_5136971,8/11/25,,2025-2026
67012703,1 BC-SI-04,67_67399_5136971,8/11/25,,2025-2026
67012710,1 BC-SI-03,67_67399_5136971,8/11/25,,2025-2026
67012710,1 BC-SI-04,67_67399_5136971,8/11/25,,2025-2026
67012764,2 BC-SI-06,67_67399_5136971,8/11/25,,2025-2026
67012764,2 BC-SI-07,67_67399_5136971,8/11/25,,2025-2026
67012985,6 BC-SI-18,67_67399_5136971,8/11/25,,2025-2026
67012985,6 BC-SI-19,67_67399_5136971,8/11/25,,2025-2026
67013089,0495-01,67_67399_5136978,8/11/25,,2025-2026
67013089,0495-02,67_67399_5136978,8/11/25,,2025-2026
67012858,3 BC-SI-5,67_67399_5136971,8/11/25,,2025-2026
67012858,3 BC-SI-8,67_67399_5136971,8/11/25,,2025-2026
67013080,0495-01,67_67399_5136978,8/11/25,,2025-2026
67013080,0495-02,67_67399_5136978,8/11/25,,2025-2026
67013023,6 BC-SI-18,67_67399_5136971,8/11/25,,2025-2026
67013023,6 BC-SI-19,67_67399_5136971,8/11/25,,2025-2026
67012698,1 BC-SI-03,67_67399_5136971,8/11/25,,2025-2026
67012698,1 BC-SI-04,67_67399_5136971,8/11/25,,2025-2026
67012711,1 BC-SI-03,67_67399_5136971,8/11/25,,2025-2026
67012711,1 BC-SI-04,67_67399_5136971,8/11/25,,2025-2026
67013120,0495-01,67_67399_5136978,8/11/25,,2025-2026
67013120,0495-02,67_67399_5136978,8/11/25,,2025-2026
67012817,3 BC-SI-5,67_67399_5136971,8/11/25,,2025-2026
67012817,3 BC-SI-8,67_67399_5136971,8/11/25,,2025-2026
67013091,0495-01,67_67399_5136978,8/11/25,,2025-2026
67013091,0495-02,67_67399_5136978,8/11/25,,2025-2026
67012795,2 BC-SI-06,67_67399_5136971,8/11/25,,2025-2026
67012795,2 BC-SI-07,67_67399_5136971,8/11/25,,2025-2026
67013021,6 BC-SI-18,67_67399_5136971,8/11/25,,2025-2026
67013021,6 BC-SI-19,67_67399_5136971,8/11/25,,2025-2026
67012730,1 BC-SI-03,67_67399_5136971,8/11/25,,2025-2026
67012730,1 BC-SI-04,67_67399_5136971,8/11/25,,2025-2026
67012937,5-BC-SI-17,67_67399_5136971,8/11/25,,2025-2026
67012937,5BC-SI-20,67_67399_5136971,8/11/25,,2025-2026
67012878,4 BC-SI-16,67_67399_5136971,8/11/25,,2025-2026
67012878,4 BC-SI-22,67_67399_5136971,8/11/25,,2025-2026
67013118,0495-01,67_67399_5136978,8/11/25,,2025-2026
67013118,0495-02,67_67399_5136978,8/11/25,,2025-2026
67012881,4 BC-SI-16,67_67399_5136971,8/11/25,,2025-2026
67012881,4 BC-SI-22,67_67399_5136971,8/11/25,,2025-2026
67012723,1 BC-SI-03,67_67399_5136971,8/11/25,,2025-2026
67012723,1 BC-SI-04,67_67399_5136971,8/11/25,,2025-2026
67012798,2 BC-SI-06,67_67399_5136971,8/11/25,,2025-2026
67012798,2 BC-SI-07,67_67399_5136971,8/11/25,,2025-2026
67012771,2 BC-SI-06,67_67399_5136971,8/11/25,,2025-2026
67012771,2 BC-SI-07,67_67399_5136971,8/11/25,,2025-2026
67013031,6 BC-SI-18,67_67399_5136971,8/11/25,,2025-2026
67013031,6 BC-SI-19,67_67399_5136971,8/11/25,,2025-2026
67012809,3 BC-SI-5,67_67399_5136971,8/11/25,,2025-2026
67012809,3 BC-SI-8,67_67399_5136971,8/11/25,,2025-2026
67012982,5-BC-SI-17,67_67399_5136971,8/11/25,,2025-2026
67012982,5BC-SI-20,67_67399_5136971,8/11/25,,2025-2026
67012799,2 BC-SI-06,67_67399_5136971,8/11/25,,2025-2026
67012799,2 BC-SI-07,67_67399_5136971,8/11/25,,2025-2026
67012737,1 BC-SI-03,67_67399_5136971,8/11/25,,2025-2026
67012737,1 BC-SI-04,67_67399_5136971,8/11/25,,2025-2026
67013068,0495-01,67_67399_5136978,8/11/25,,2025-2026
67013068,0495-02,67_67399_5136978,8/11/25,,2025-2026
67012901,4 BC-SI-16,67_67399_5136971,8/11/25,,2025-2026
67012901,4 BC-SI-22,67_67399_5136971,8/11/25,,2025-2026
67013060,0495-01,67_67399_5136978,8/11/25,,2025-2026
67013060,0495-02,67_67399_5136978,8/11/25,,2025-2026
67012802,2 BC-SI-06,67_67399_5136971,8/11/25,,2025-2026
67012802,2 BC-SI-07,67_67399_5136971,8/11/25,,2025-2026
67012776,2 BC-SI-06,67_67399_5136971,8/11/25,,2025-2026
67012776,2 BC-SI-07,67_67399_5136971,8/11/25,,2025-2026
67012896,4 BC-SI-16,67_67399_5136971,8/11/25,,2025-2026
67012896,4 BC-SI-22,67_67399_5136971,8/11/25,,2025-2026
67012818,3 BC-SI-5,67_67399_5136971,8/11/25,,2025-2026
67012818,3 BC-SI-8,67_67399_5136971,8/11/25,,2025-2026
67012715,1 BC-SI-03,67_67399_5136971,8/11/25,,2025-2026
67012715,1 BC-SI-04,67_67399_5136971,8/11/25,,2025-2026
67013022,6 BC-SI-18,67_67399_5136971,8/11/25,,2025-2026
67013022,6 BC-SI-19,67_67399_5136971,8/11/25,,2025-2026
67012816,3 BC-SI-5,67_67399_5136971,8/11/25,,2025-2026
67012816,3 BC-SI-8,67_67399_5136971,8/11/25,,2025-2026
67012752,2 BC-SI-06,67_67399_5136971,8/11/25,,2025-2026
67012752,2 BC-SI-07,67_67399_5136971,8/11/25,,2025-2026
67012797,2 BC-SI-06,67_67399_5136971,8/11/25,,2025-2026
67012797,2 BC-SI-07,67_67399_5136971,8/11/25,,2025-2026
67012928,5-BC-SI-17,67_67399_5136971,8/11/25,,2025-2026
67012928,5BC-SI-20,67_67399_5136971,8/11/25,,2025-2026
67012759,2 BC-SI-06,67_67399_5136971,8/11/25,,2025-2026
67012759,2 BC-SI-07,67_67399_5136971,8/11/25,,2025-2026
67012979,5-BC-SI-17,67_67399_5136971,8/11/25,,2025-2026
67012979,5BC-SI-20,67_67399_5136971,8/11/25,,2025-2026
67013053,6 BC-SI-18,67_67399_5136971,8/11/25,,2025-2026
67013053,6 BC-SI-19,67_67399_5136971,8/11/25,,2025-2026
67012794,2 BC-SI-06,67_67399_5136971,8/11/25,,2025-2026
67012794,2 BC-SI-07,67_67399_5136971,8/11/25,,2025-2026
67012855,3 BC-SI-5,67_67399_5136971,8/11/25,,2025-2026
67012855,3 BC-SI-8,67_67399_5136971,8/11/25,,2025-2026
67012922,5-BC-SI-17,67_67399_5136971,8/11/25,,2025-2026
67012922,5BC-SI-20,67_67399_5136971,8/11/25,,2025-2026
67012871,4 BC-SI-16,67_67399_5136971,8/11/25,,2025-2026
67012871,4 BC-SI-22,67_67399_5136971,8/11/25,,2025-2026
67012894,4 BC-SI-16,67_67399_5136971,8/11/25,,2025-2026
67012894,4 BC-SI-22,67_67399_5136971,8/11/25,,2025-2026
67012742,1 BC-SI-03,67_67399_5136971,8/11/25,,2025-2026
67012742,1 BC-SI-04,67_67399_5136971,8/11/25,,2025-2026
67012766,2 BC-SI-06,67_67399_5136971,8/11/25,,2025-2026
67012766,2 BC-SI-07,67_67399_5136971,8/11/25,,2025-2026
67013082,0495-01,67_67399_5136978,8/11/25,,2025-2026
67013082,0495-02,67_67399_5136978,8/11/25,,2025-2026
67013117,0495-01,67_67399_5136978,8/11/25,,2025-2026
67013117,0495-02,67_67399_5136978,8/11/25,,2025-2026
67013079,0495-01,67_67399_5136978,8/11/25,,2025-2026
67013079,0495-02,67_67399_5136978,8/11/25,,2025-2026
67012781,2 BC-SI-06,67_67399_5136971,8/11/25,,2025-2026
67012781,2 BC-SI-07,67_67399_5136971,8/11/25,,2025-2026
67013096,0495-01,67_67399_5136978,8/11/25,,2025-2026
67013096,0495-02,67_67399_5136978,8/11/25,,2025-2026
67013078,0495-01,67_67399_5136978,8/11/25,,2025-2026
67013078,0495-02,67_67399_5136978,8/11/25,,2025-2026
67013038,6 BC-SI-18,67_67399_5136971,8/11/25,,2025-2026
67013038,6 BC-SI-19,67_67399_5136971,8/11/25,,2025-2026
67012744,1 BC-SI-03,67_67399_5136971,8/11/25,,2025-2026
67012744,1 BC-SI-04,67_67399_5136971,8/11/25,,2025-2026
67012879,4 BC-SI-16,67_67399_5136971,8/11/25,,2025-2026
67012879,4 BC-SI-22,67_67399_5136971,8/11/25,,2025-2026
67012724,1 BC-SI-03,67_67399_5136971,8/11/25,,2025-2026
67012724,1 BC-SI-04,67_67399_5136971,8/11/25,,2025-2026
67012863,4 BC-SI-16,67_67399_5136971,8/11/25,,2025-2026
67012863,4 BC-SI-22,67_67399_5136971,8/11/25,,2025-2026
67012700,1 BC-SI-03,67_67399_5136971,8/11/25,,2025-2026
67012700,1 BC-SI-04,67_67399_5136971,8/11/25,,2025-2026
67013017,6 BC-SI-18,67_67399_5136971,8/11/25,,2025-2026
67013017,6 BC-SI-19,67_67399_5136971,8/11/25,,2025-2026
67012885,4 BC-SI-16,67_67399_5136971,8/11/25,,2025-2026
67012885,4 BC-SI-22,67_67399_5136971,8/11/25,,2025-2026
67012807,3 BC-SI-5,67_67399_5136971,8/11/25,,2025-2026
67012807,3 BC-SI-8,67_67399_5136971,8/11/25,,2025-2026
67012934,5-BC-SI-17,67_67399_5136971,8/11/25,,2025-2026
67012934,5BC-SI-20,67_67399_5136971,8/11/25,,2025-2026
67012682,K BC-SI-1,67_67399_5136971,8/11/25,,2025-2026
67012682,K BC-SI-2,67_67399_5136971,8/11/25,,2025-2026
67013009,6 BC-SI-18,67_67399_5136971,8/11/25,,2025-2026
67013009,6 BC-SI-19,67_67399_5136971,8/11/25,,2025-2026
67012687,K BC-SI-1,67_67399_5136971,8/11/25,,2025-2026
67012687,K BC-SI-2,67_67399_5136971,8/11/25,,2025-2026
67013002,6 BC-SI-18,67_67399_5136971,8/11/25,,2025-2026
67013002,6 BC-SI-19,67_67399_5136971,8/11/25,,2025-2026
67012775,2 BC-SI-06,67_67399_5136971,8/11/25,,2025-2026
67012775,2 BC-SI-07,67_67399_5136971,8/11/25,,2025-2026
67013052,6 BC-SI-18,67_67399_5136971,8/11/25,,2025-2026
67013052,6 BC-SI-19,67_67399_5136971,8/11/25,,2025-2026
67013027,6 BC-SI-18,67_67399_5136971,8/11/25,,2025-2026
67013027,6 BC-SI-19,67_67399_5136971,8/11/25,,2025-2026
67013107,0495-01,67_67399_5136978,8/11/25,,2025-2026
67013107,0495-02,67_67399_5136978,8/11/25,,2025-2026
67012786,2 BC-SI-06,67_67399_5136971,8/11/25,,2025-2026
67012786,2 BC-SI-07,67_67399_5136971,8/11/25,,2025-2026
67012721,1 BC-SI-03,67_67399_5136971,8/11/25,,2025-2026
67012721,1 BC-SI-04,67_67399_5136971,8/11/25,,2025-2026
67012962,5-BC-SI-17,67_67399_5136971,8/11/25,,2025-2026
67012962,5BC-SI-20,67_67399_5136971,8/11/25,,2025-2026
67012874,4 BC-SI-16,67_67399_5136971,8/11/25,,2025-2026
67012874,4 BC-SI-22,67_67399_5136971,8/11/25,,2025-2026
67012728,1 BC-SI-03,67_67399_5136971,8/11/25,,2025-2026
67012728,1 BC-SI-04,67_67399_5136971,8/11/25,,2025-2026
67013098,0495-01,67_67399_5136978,8/11/25,,2025-2026
67013098,0495-02,67_67399_5136978,8/11/25,,2025-2026
67013103,0495-01,67_67399_5136978,8/11/25,,2025-2026
67013103,0495-02,67_67399_5136978,8/11/25,,2025-2026
67012970,5-BC-SI-17,67_67399_5136971,8/11/25,,2025-2026
67012970,5BC-SI-20,67_67399_5136971,8/11/25,,2025-2026
67012936,5-BC-SI-17,67_67399_5136971,8/11/25,,2025-2026
67012936,5BC-SI-20,67_67399_5136971,8/11/25,,2025-2026
67012963,5-BC-SI-17,67_67399_5136971,8/11/25,,2025-2026
67012963,5BC-SI-20,67_67399_5136971,8/11/25,,2025-2026
67012908,5-BC-SI-17,67_67399_5136971,8/11/25,,2025-2026
67012908,5BC-SI-20,67_67399_5136971,8/11/25,,2025-2026
67012758,2 BC-SI-06,67_67399_5136971,8/11/25,,2025-2026
67012758,2 BC-SI-07,67_67399_5136971,8/11/25,,2025-2026
67012753,2 BC-SI-06,67_67399_5136971,8/11/25,,2025-2026
67012753,2 BC-SI-07,67_67399_5136971,8/11/25,,2025-2026
67012731,1 BC-SI-03,67_67399_5136971,8/11/25,,2025-2026
67012731,1 BC-SI-04,67_67399_5136971,8/11/25,,2025-2026
67012992,6 BC-SI-18,67_67399_5136971,8/11/25,,2025-2026
67012992,6 BC-SI-19,67_67399_5136971,8/11/25,,2025-2026
67013032,6 BC-SI-18,67_67399_5136971,8/11/25,,2025-2026
67013032,6 BC-SI-19,67_67399_5136971,8/11/25,,2025-2026
67013066,0495-01,67_67399_5136978,8/11/25,,2025-2026
67013066,0495-02,67_67399_5136978,8/11/25,,2025-2026
67012785,2 BC-SI-06,67_67399_5136971,8/11/25,,2025-2026
67012785,2 BC-SI-07,67_67399_5136971,8/11/25,,2025-2026
67012726,1 BC-SI-03,67_67399_5136971,8/11/25,,2025-2026
67012726,1 BC-SI-04,67_67399_5136971,8/11/25,,2025-2026
67013018,6 BC-SI-18,67_67399_5136971,8/11/25,,2025-2026
67013018,6 BC-SI-19,67_67399_5136971,8/11/25,,2025-2026
67012765,2 BC-SI-06,67_67399_5136971,8/11/25,,2025-2026
67012765,2 BC-SI-07,67_67399_5136971,8/11/25,,2025-2026
67012686,K BC-SI-1,67_67399_5136971,8/11/25,,2025-2026
67012686,K BC-SI-2,67_67399_5136971,8/11/25,,2025-2026
67012991,6 BC-SI-18,67_67399_5136971,8/11/25,,2025-2026
67012991,6 BC-SI-19,67_67399_5136971,8/11/25,,2025-2026
67012904,4 BC-SI-16,67_67399_5136971,8/11/25,,2025-2026
67012904,4 BC-SI-22,67_67399_5136971,8/11/25,,2025-2026
67012836,3 BC-SI-5,67_67399_5136971,8/11/25,,2025-2026
67012836,3 BC-SI-8,67_67399_5136971,8/11/25,,2025-2026
67013012,6 BC-SI-18,67_67399_5136971,8/11/25,,2025-2026
67013012,6 BC-SI-19,67_67399_5136971,8/11/25,,2025-2026
67013040,6 BC-SI-18,67_67399_5136971,8/11/25,,2025-2026
67013040,6 BC-SI-19,67_67399_5136971,8/11/25,,2025-2026
67012727,1 BC-SI-03,67_67399_5136971,8/11/25,,2025-2026
67012727,1 BC-SI-04,67_67399_5136971,8/11/25,,2025-2026
67012932,5-BC-SI-17,67_67399_5136971,8/11/25,,2025-2026
67012932,5BC-SI-20,67_67399_5136971,8/11/25,,2025-2026
67012946,5-BC-SI-17,67_67399_5136971,8/11/25,,2025-2026
67012946,5BC-SI-20,67_67399_5136971,8/11/25,,2025-2026
67012815,3 BC-SI-5,67_67399_5136971,8/11/25,,2025-2026
67012815,3 BC-SI-8,67_67399_5136971,8/11/25,,2025-2026
67012948,5-BC-SI-17,67_67399_5136971,8/11/25,,2025-2026
67012948,5BC-SI-20,67_67399_5136971,8/11/25,,2025-2026
67012754,2 BC-SI-06,67_67399_5136971,8/11/25,,2025-2026
67012754,2 BC-SI-07,67_67399_5136971,8/11/25,,2025-2026
67012919,5-BC-SI-17,67_67399_5136971,8/11/25,,2025-2026
67012919,5BC-SI-20,67_67399_5136971,8/11/25,,2025-2026
67012911,5-BC-SI-17,67_67399_5136971,8/11/25,,2025-2026
67012911,5BC-SI-20,67_67399_5136971,8/11/25,,2025-2026
67012840,3 BC-SI-5,67_67399_5136971,8/11/25,,2025-2026
67012840,3 BC-SI-8,67_67399_5136971,8/11/25,,2025-2026
67012868,4 BC-SI-16,67_67399_5136971,8/11/25,,2025-2026
67012868,4 BC-SI-22,67_67399_5136971,8/11/25,,2025-2026
67012697,1 BC-SI-03,67_67399_5136971,8/11/25,,2025-2026
67012697,1 BC-SI-04,67_67399_5136971,8/11/25,,2025-2026
67012735,1 BC-SI-03,67_67399_5136971,8/11/25,,2025-2026
67012735,1 BC-SI-04,67_67399_5136971,8/11/25,,2025-2026
67012888,4 BC-SI-16,67_67399_5136971,8/11/25,,2025-2026
67012888,4 BC-SI-22,67_67399_5136971,8/11/25,,2025-2026
67012800,2 BC-SI-06,67_67399_5136971,8/11/25,,2025-2026
67012800,2 BC-SI-07,67_67399_5136971,8/11/25,,2025-2026
67012952,5-BC-SI-17,67_67399_5136971,8/11/25,,2025-2026
67012952,5BC-SI-20,67_67399_5136971,8/11/25,,2025-2026
67012956,5-BC-SI-17,67_67399_5136971,8/11/25,,2025-2026
67012956,5BC-SI-20,67_67399_5136971,8/11/25,,2025-2026
67013057,0495-01,67_67399_5136978,8/11/25,,2025-2026
67013057,0495-02,67_67399_5136978,8/11/25,,2025-2026
67012822,3 BC-SI-5,67_67399_5136971,8/11/25,,2025-2026
67012822,3 BC-SI-8,67_67399_5136971,8/11/25,,2025-2026
67012949,5-BC-SI-17,67_67399_5136971,8/11/25,,2025-2026
67012949,5BC-SI-20,67_67399_5136971,8/11/25,,2025-2026
67012777,2 BC-SI-06,67_67399_5136971,8/11/25,,2025-2026
67012777,2 BC-SI-07,67_67399_5136971,8/11/25,,2025-2026
67012984,6 BC-SI-18,67_67399_5136971,8/11/25,,2025-2026
67012984,6 BC-SI-19,67_67399_5136971,8/11/25,,2025-2026
67012712,1 BC-SI-03,67_67399_5136971,8/11/25,,2025-2026
67012712,1 BC-SI-04,67_67399_5136971,8/11/25,,2025-2026
67012973,5-BC-SI-17,67_67399_5136971,8/11/25,,2025-2026
67012973,5BC-SI-20,67_67399_5136971,8/11/25,,2025-2026
67012787,2 BC-SI-06,67_67399_5136971,8/11/25,,2025-2026
67012787,2 BC-SI-07,67_67399_5136971,8/11/25,,2025-2026
67012966,5-BC-SI-17,67_67399_5136971,8/11/25,,2025-2026
67012966,5BC-SI-20,67_67399_5136971,8/11/25,,2025-2026
67012998,6 BC-SI-18,67_67399_5136971,8/11/25,,2025-2026
67012998,6 BC-SI-19,67_67399_5136971,8/11/25,,2025-2026
67012693,1 BC-SI-03,67_67399_5136971,8/11/25,,2025-2026
67012693,1 BC-SI-04,67_67399_5136971,8/11/25,,2025-2026
67012870,4 BC-SI-16,67_67399_5136971,8/11/25,,2025-2026
67012870,4 BC-SI-22,67_67399_5136971,8/11/25,,2025-2026
67013071,0495-01,67_67399_5136978,8/11/25,,2025-2026
67013071,0495-02,67_67399_5136978,8/11/25,,2025-2026
67012732,1 BC-SI-03,67_67399_5136971,8/11/25,,2025-2026
67012732,1 BC-SI-04,67_67399_5136971,8/11/25,,2025-2026
67012916,5-BC-SI-17,67_67399_5136971,8/11/25,,2025-2026
67012916,5BC-SI-20,67_67399_5136971,8/11/25,,2025-2026
67013114,0495-01,67_67399_5136978,8/11/25,,2025-2026
67013114,0495-02,67_67399_5136978,8/11/25,,2025-2026
67012685,K BC-SI-1,67_67399_5136971,8/11/25,,2025-2026
67012685,K BC-SI-2,67_67399_5136971,8/11/25,,2025-2026
67013037,6 BC-SI-18,67_67399_5136971,8/11/25,,2025-2026
67013037,6 BC-SI-19,67_67399_5136971,8/11/25,,2025-2026
67012750,2 BC-SI-06,67_67399_5136971,8/11/25,,2025-2026
67012750,2 BC-SI-07,67_67399_5136971,8/11/25,,2025-2026
67012935,5-BC-SI-17,67_67399_5136971,8/11/25,,2025-2026
67012935,5BC-SI-20,67_67399_5136971,8/11/25,,2025-2026
67013008,6 BC-SI-18,67_67399_5136971,8/11/25,,2025-2026
67013008,6 BC-SI-19,67_67399_5136971,8/11/25,,2025-2026
67012938,5-BC-SI-17,67_67399_5136971,8/11/25,,2025-2026
67012938,5BC-SI-20,67_67399_5136971,8/11/25,,2025-2026
67012833,3 BC-SI-5,67_67399_5136971,8/11/25,,2025-2026
67012833,3 BC-SI-8,67_67399_5136971,8/11/25,,2025-2026
67012955,5-BC-SI-17,67_67399_5136971,8/11/25,,2025-2026
67012955,5BC-SI-20,67_67399_5136971,8/11/25,,2025-2026
67012931,5-BC-SI-17,67_67399_5136971,8/11/25,,2025-2026
67012931,5BC-SI-20,67_67399_5136971,8/11/25,,2025-2026
67012835,3 BC-SI-5,67_67399_5136971,8/11/25,,2025-2026
67012835,3 BC-SI-8,67_67399_5136971,8/11/25,,2025-2026
67013046,6 BC-SI-18,67_67399_5136971,8/11/25,,2025-2026
67013046,6 BC-SI-19,67_67399_5136971,8/11/25,,2025-2026
67012774,2 BC-SI-06,67_67399_5136971,8/11/25,,2025-2026
67012774,2 BC-SI-07,67_67399_5136971,8/11/25,,2025-2026
67012701,1 BC-SI-03,67_67399_5136971,8/11/25,,2025-2026
67012701,1 BC-SI-04,67_67399_5136971,8/11/25,,2025-2026
67012918,5-BC-SI-17,67_67399_5136971,8/11/25,,2025-2026
67012918,5BC-SI-20,67_67399_5136971,8/11/25,,2025-2026
67013051,6 BC-SI-18,67_67399_5136971,8/11/25,,2025-2026
67013051,6 BC-SI-19,67_67399_5136971,8/11/25,,2025-2026
67012860,4 BC-SI-16,67_67399_5136971,8/11/25,,2025-2026
67012860,4 BC-SI-22,67_67399_5136971,8/11/25,,2025-2026
67012751,2 BC-SI-06,67_67399_5136971,8/11/25,,2025-2026
67012751,2 BC-SI-07,67_67399_5136971,8/11/25,,2025-2026
67012796,2 BC-SI-06,67_67399_5136971,8/11/25,,2025-2026
67012796,2 BC-SI-07,67_67399_5136971,8/11/25,,2025-2026
67013024,6 BC-SI-18,67_67399_5136971,8/11/25,,2025-2026
67013024,6 BC-SI-19,67_67399_5136971,8/11/25,,2025-2026
67012702,1 BC-SI-03,67_67399_5136971,8/11/25,,2025-2026
67012702,1 BC-SI-04,67_67399_5136971,8/11/25,,2025-2026
67012954,5-BC-SI-17,67_67399_5136971,8/11/25,,2025-2026
67012954,5BC-SI-20,67_67399_5136971,8/11/25,,2025-2026
67012714,1 BC-SI-03,67_67399_5136971,8/11/25,,2025-2026
67012714,1 BC-SI-04,67_67399_5136971,8/11/25,,2025-2026
67013048,6 BC-SI-18,67_67399_5136971,8/11/25,,2025-2026
67013048,6 BC-SI-19,67_67399_5136971,8/11/25,,2025-2026
67012688,1 BC-SI-03,67_67399_5136971,8/11/25,,2025-2026
67012688,1 BC-SI-04,67_67399_5136971,8/11/25,,2025-2026
67013075,0495-01,67_67399_5136978,8/11/25,,2025-2026
67013075,0495-02,67_67399_5136978,8/11/25,,2025-2026
67013050,6 BC-SI-18,67_67399_5136971,8/11/25,,2025-2026
67013050,6 BC-SI-19,67_67399_5136971,8/11/25,,2025-2026
67012745,1 BC-SI-03,67_67399_5136971,8/11/25,,2025-2026
67012745,1 BC-SI-04,67_67399_5136971,8/11/25,,2025-2026
67013086,0495-01,67_67399_5136978,8/11/25,,2025-2026
67013086,0495-02,67_67399_5136978,8/11/25,,2025-2026
67012974,5-BC-SI-17,67_67399_5136971,8/11/25,,2025-2026
67012974,5BC-SI-20,67_67399_5136971,8/11/25,,2025-2026
67013033,6 BC-SI-18,67_67399_5136971,8/11/25,,2025-2026
67013033,6 BC-SI-19,67_67399_5136971,8/11/25,,2025-2026
67012923,5-BC-SI-17,67_67399_5136971,8/11/25,,2025-2026
67012923,5BC-SI-20,67_67399_5136971,8/11/25,,2025-2026
67012814,3 BC-SI-5,67_67399_5136971,8/11/25,,2025-2026
67012814,3 BC-SI-8,67_67399_5136971,8/11/25,,2025-2026
67012773,2 BC-SI-06,67_67399_5136971,8/11/25,,2025-2026
67012773,2 BC-SI-07,67_67399_5136971,8/11/25,,2025-2026
67012747,1 BC-SI-03,67_67399_5136971,8/11/25,,2025-2026
67012747,1 BC-SI-04,67_67399_5136971,8/11/25,,2025-2026
67012842,3 BC-SI-5,67_67399_5136971,8/11/25,,2025-2026
67012842,3 BC-SI-8,67_67399_5136971,8/11/25,,2025-2026
67012875,4 BC-SI-16,67_67399_5136971,8/11/25,,2025-2026
67012875,4 BC-SI-22,67_67399_5136971,8/11/25,,2025-2026
67012801,2 BC-SI-06,67_67399_5136971,8/11/25,,2025-2026
67012801,2 BC-SI-07,67_67399_5136971,8/11/25,,2025-2026
67013034,6 BC-SI-18,67_67399_5136971,8/11/25,,2025-2026
67013034,6 BC-SI-19,67_67399_5136971,8/11/25,,2025-2026
67012718,1 BC-SI-03,67_67399_5136971,8/11/25,,2025-2026
67012718,1 BC-SI-04,67_67399_5136971,8/11/25,,2025-2026
67012720,1 BC-SI-03,67_67399_5136971,8/11/25,,2025-2026
67012720,1 BC-SI-04,67_67399_5136971,8/11/25,,2025-2026
67013092,0495-01,67_67399_5136978,8/11/25,,2025-2026
67013092,0495-02,67_67399_5136978,8/11/25,,2025-2026
67012899,4 BC-SI-16,67_67399_5136971,8/11/25,,2025-2026
67012899,4 BC-SI-22,67_67399_5136971,8/11/25,,2025-2026
67012837,3 BC-SI-5,67_67399_5136971,8/11/25,,2025-2026
67012837,3 BC-SI-8,67_67399_5136971,8/11/25,,2025-2026
67013115,0495-01,67_67399_5136978,8/11/25,,2025-2026
67013115,0495-02,67_67399_5136978,8/11/25,,2025-2026
67012694,1 BC-SI-03,67_67399_5136971,8/11/25,,2025-2026
67012694,1 BC-SI-04,67_67399_5136971,8/11/25,,2025-2026
67012810,3 BC-SI-5,67_67399_5136971,8/11/25,,2025-2026
67012810,3 BC-SI-8,67_67399_5136971,8/11/25,,2025-2026
67012717,1 BC-SI-03,67_67399_5136971,8/11/25,,2025-2026
67012717,1 BC-SI-04,67_67399_5136971,8/11/25,,2025-2026
67012749,2 BC-SI-06,67_67399_5136971,8/11/25,,2025-2026
67012749,2 BC-SI-07,67_67399_5136971,8/11/25,,2025-2026
67012739,1 BC-SI-03,67_67399_5136971,8/11/25,,2025-2026
67012739,1 BC-SI-04,67_67399_5136971,8/11/25,,2025-2026
67012958,5-BC-SI-17,67_67399_5136971,8/11/25,,2025-2026
67012958,5BC-SI-20,67_67399_5136971,8/11/25,,2025-2026
67012876,4 BC-SI-16,67_67399_5136971,8/11/25,,2025-2026
67012876,4 BC-SI-22,67_67399_5136971,8/11/25,,2025-2026
67012696,1 BC-SI-03,67_67399_5136971,8/11/25,,2025-2026
67012696,1 BC-SI-04,67_67399_5136971,8/11/25,,2025-2026
67013073,0495-01,67_67399_5136978,8/11/25,,2025-2026
67013073,0495-02,67_67399_5136978,8/11/25,,2025-2026
67012706,1 BC-SI-03,67_67399_5136971,8/11/25,,2025-2026
67012706,1 BC-SI-04,67_67399_5136971,8/11/25,,2025-2026
67012848,3 BC-SI-5,67_67399_5136971,8/11/25,,2025-2026
67012848,3 BC-SI-8,67_67399_5136971,8/11/25,,2025-2026
67012861,4 BC-SI-16,67_67399_5136971,8/11/25,,2025-2026
67012861,4 BC-SI-22,67_67399_5136971,8/11/25,,2025-2026
67012989,6 BC-SI-18,67_67399_5136971,8/11/25,,2025-2026
67012989,6 BC-SI-19,67_67399_5136971,8/11/25,,2025-2026
67012967,5-BC-SI-17,67_67399_5136971,8/11/25,,2025-2026
67012967,5BC-SI-20,67_67399_5136971,8/11/25,,2025-2026
67012947,5-BC-SI-17,67_67399_5136971,8/11/25,,2025-2026
67012947,5BC-SI-20,67_67399_5136971,8/11/25,,2025-2026
67013099,0495-01,67_67399_5136978,8/11/25,,2025-2026
67013099,0495-02,67_67399_5136978,8/11/25,,2025-2026
67012891,4 BC-SI-16,67_67399_5136971,8/11/25,,2025-2026
67012891,4 BC-SI-22,67_67399_5136971,8/11/25,,2025-2026
67012924,5-BC-SI-17,67_67399_5136971,8/11/25,,2025-2026
67012924,5BC-SI-20,67_67399_5136971,8/11/25,,2025-2026
67012788,2 BC-SI-06,67_67399_5136971,8/11/25,,2025-2026
67012788,2 BC-SI-07,67_67399_5136971,8/11/25,,2025-2026
67012906,4 BC-SI-16,67_67399_5136971,8/11/25,,2025-2026
67012906,4 BC-SI-22,67_67399_5136971,8/11/25,,2025-2026
67012960,5-BC-SI-17,67_67399_5136971,8/11/25,,2025-2026
67012960,5BC-SI-20,67_67399_5136971,8/11/25,,2025-2026
67013097,0495-01,67_67399_5136978,8/11/25,,2025-2026
67013097,0495-02,67_67399_5136978,8/11/25,,2025-2026
67012803,2 BC-SI-06,67_67399_5136971,8/11/25,,2025-2026
67012803,2 BC-SI-07,67_67399_5136971,8/11/25,,2025-2026
67013093,0495-01,67_67399_5136978,8/11/25,,2025-2026
67013093,0495-02,67_67399_5136978,8/11/25,,2025-2026
67012828,3 BC-SI-5,67_67399_5136971,8/11/25,,2025-2026
67012828,3 BC-SI-8,67_67399_5136971,8/11/25,,2025-2026
67012887,4 BC-SI-16,67_67399_5136971,8/11/25,,2025-2026
67012887,4 BC-SI-22,67_67399_5136971,8/11/25,,2025-2026
67013015,6 BC-SI-18,67_67399_5136971,8/11/25,,2025-2026
67013015,6 BC-SI-19,67_67399_5136971,8/11/25,,2025-2026
67013001,6 BC-SI-18,67_67399_5136971,8/11/25,,2025-2026
67013001,6 BC-SI-19,67_67399_5136971,8/11/25,,2025-2026
67012959,5-BC-SI-17,67_67399_5136971,8/11/25,,2025-2026
67012959,5BC-SI-20,67_67399_5136971,8/11/25,,2025-2026
67012994,6 BC-SI-18,67_67399_5136971,8/11/25,,2025-2026
67012994,6 BC-SI-19,67_67399_5136971,8/11/25,,2025-2026
67012813,3 BC-SI-5,67_67399_5136971,8/11/25,,2025-2026
67012813,3 BC-SI-8,67_67399_5136971,8/11/25,,2025-2026
67012912,5-BC-SI-17,67_67399_5136971,8/11/25,,2025-2026
67012912,5BC-SI-20,67_67399_5136971,8/11/25,,2025-2026
67012939,5-BC-SI-17,67_67399_5136971,8/11/25,,2025-2026
67012939,5BC-SI-20,67_67399_5136971,8/11/25,,2025-2026
67013084,0495-01,67_67399_5136978,8/11/25,,2025-2026
67013084,0495-02,67_67399_5136978,8/11/25,,2025-2026
67012909,5-BC-SI-17,67_67399_5136971,8/11/25,,2025-2026
67012909,5BC-SI-20,67_67399_5136971,8/11/25,,2025-2026
67013094,0495-01,67_67399_5136978,8/11/25,,2025-2026
67013094,0495-02,67_67399_5136978,8/11/25,,2025-2026
67013109,0495-01,67_67399_5136978,8/11/25,,2025-2026
67013109,0495-02,67_67399_5136978,8/11/25,,2025-2026
67012976,5-BC-SI-17,67_67399_5136971,8/11/25,,2025-2026
67012976,5BC-SI-20,67_67399_5136971,8/11/25,,2025-2026
67012722,1 BC-SI-03,67_67399_5136971,8/11/25,,2025-2026
67012722,1 BC-SI-04,67_67399_5136971,8/11/25,,2025-2026
67013044,6 BC-SI-18,67_67399_5136971,8/11/25,,2025-2026
67013044,6 BC-SI-19,67_67399_5136971,8/11/25,,2025-2026
67012705,1 BC-SI-03,67_67399_5136971,8/11/25,,2025-2026
67012705,1 BC-SI-04,67_67399_5136971,8/11/25,,2025-2026
67012853,3 BC-SI-5,67_67399_5136971,8/11/25,,2025-2026
67012853,3 BC-SI-8,67_67399_5136971,8/11/25,,2025-2026
67012762,2 BC-SI-06,67_67399_5136971,8/11/25,,2025-2026
67012762,2 BC-SI-07,67_67399_5136971,8/11/25,,2025-2026
67013116,0495-01,67_67399_5136978,8/11/25,,2025-2026
67013116,0495-02,67_67399_5136978,8/11/25,,2025-2026
67013063,0495-01,67_67399_5136978,8/11/25,,2025-2026
67013063,0495-02,67_67399_5136978,8/11/25,,2025-2026
67013062,0495-01,67_67399_5136978,8/11/25,,2025-2026
67013062,0495-02,67_67399_5136978,8/11/25,,2025-2026
67012969,5-BC-SI-17,67_67399_5136971,8/11/25,,2025-2026
67012969,5BC-SI-20,67_67399_5136971,8/11/25,,2025-2026
67013058,0495-01,67_67399_5136978,8/11/25,,2025-2026
67013058,0495-02,67_67399_5136978,8/11/25,,2025-2026
67013108,0495-01,67_67399_5136978,8/11/25,,2025-2026
67013108,0495-02,67_67399_5136978,8/11/25,,2025-2026
67013083,0495-01,67_67399_5136978,8/11/25,,2025-2026
67013083,0495-02,67_67399_5136978,8/11/25,,2025-2026
67012897,4 BC-SI-16,67_67399_5136971,8/11/25,,2025-2026
67012897,4 BC-SI-22,67_67399_5136971,8/11/25,,2025-2026
67012725,1 BC-SI-03,67_67399_5136971,8/11/25,,2025-2026
67012725,1 BC-SI-04,67_67399_5136971,8/11/25,,2025-2026
67012953,5-BC-SI-17,67_67399_5136971,8/11/25,,2025-2026
67012953,5BC-SI-20,67_67399_5136971,8/11/25,,2025-2026
67012846,3 BC-SI-5,67_67399_5136971,8/11/25,,2025-2026
67012846,3 BC-SI-8,67_67399_5136971,8/11/25,,2025-2026
67013104,0495-01,67_67399_5136978,8/11/25,,2025-2026
67013104,0495-02,67_67399_5136978,8/11/25,,2025-2026
67012997,6 BC-SI-18,67_67399_5136971,8/11/25,,2025-2026
67012997,6 BC-SI-19,67_67399_5136971,8/11/25,,2025-2026
67012772,2 BC-SI-06,67_67399_5136971,8/11/25,,2025-2026
67012772,2 BC-SI-07,67_67399_5136971,8/11/25,,2025-2026
67012690,1 BC-SI-03,67_67399_5136971,8/11/25,,2025-2026
67012690,1 BC-SI-04,67_67399_5136971,8/11/25,,2025-2026
67012790,2 BC-SI-06,67_67399_5136971,8/11/25,,2025-2026
67012790,2 BC-SI-07,67_67399_5136971,8/11/25,,2025-2026
67012778,2 BC-SI-06,67_67399_5136971,8/11/25,,2025-2026
67012778,2 BC-SI-07,67_67399_5136971,8/11/25,,2025-2026
67012951,5-BC-SI-17,67_67399_5136971,8/11/25,,2025-2026
67012951,5BC-SI-20,67_67399_5136971,8/11/25,,2025-2026
67013100,0495-01,67_67399_5136978,8/11/25,,2025-2026
67013100,0495-02,67_67399_5136978,8/11/25,,2025-2026
67012820,3 BC-SI-5,67_67399_5136971,8/11/25,,2025-2026
67012820,3 BC-SI-8,67_67399_5136971,8/11/25,,2025-2026
67012789,2 BC-SI-06,67_67399_5136971,8/11/25,,2025-2026
67012789,2 BC-SI-07,67_67399_5136971,8/11/25,,2025-2026
67012844,3 BC-SI-5,67_67399_5136971,8/11/25,,2025-2026
67012844,3 BC-SI-8,67_67399_5136971,8/11/25,,2025-2026
67013059,0495-01,67_67399_5136978,8/11/25,,2025-2026
67013059,0495-02,67_67399_5136978,8/11/25,,2025-2026
67012862,4 BC-SI-16,67_67399_5136971,8/11/25,,2025-2026
67012862,4 BC-SI-22,67_67399_5136971,8/11/25,,2025-2026
67013029,6 BC-SI-18,67_67399_5136971,8/11/25,,2025-2026
67013029,6 BC-SI-19,67_67399_5136971,8/11/25,,2025-2026
67012849,3 BC-SI-5,67_67399_5136971,8/11/25,,2025-2026
67012849,3 BC-SI-8,67_67399_5136971,8/11/25,,2025-2026
67012767,2 BC-SI-06,67_67399_5136971,8/11/25,,2025-2026
67012767,2 BC-SI-07,67_67399_5136971,8/11/25,,2025-2026
67013000,6 BC-SI-18,67_67399_5136971,8/11/25,,2025-2026
67013000,6 BC-SI-19,67_67399_5136971,8/11/25,,2025-2026
67012873,4 BC-SI-16,67_67399_5136971,8/11/25,,2025-2026
67012873,4 BC-SI-22,67_67399_5136971,8/11/25,,2025-2026
67012999,6 BC-SI-18,67_67399_5136971,8/11/25,,2025-2026
67012999,6 BC-SI-19,67_67399_5136971,8/11/25,,2025-2026
67013030,6 BC-SI-18,67_67399_5136971,8/11/25,,2025-2026
67013030,6 BC-SI-19,67_67399_5136971,8/11/25,,2025-2026
67013106,0495-01,67_67399_5136978,8/11/25,,2025-2026
67013106,0495-02,67_67399_5136978,8/11/25,,2025-2026
67012927,5-BC-SI-17,67_67399_5136971,8/11/25,,2025-2026
67012927,5BC-SI-20,67_67399_5136971,8/11/25,,2025-2026
67013035,6 BC-SI-18,67_67399_5136971,8/11/25,,2025-2026
67013035,6 BC-SI-19,67_67399_5136971,8/11/25,,2025-2026
67012763,2 BC-SI-06,67_67399_5136971,8/11/25,,2025-2026
67012763,2 BC-SI-07,67_67399_5136971,8/11/25,,2025-2026
67012757,2 BC-SI-06,67_67399_5136971,8/11/25,,2025-2026
67012757,2 BC-SI-07,67_67399_5136971,8/11/25,,2025-2026
67013067,0495-01,67_67399_5136978,8/11/25,,2025-2026
67013067,0495-02,67_67399_5136978,8/11/25,,2025-2026
67013090,0495-01,67_67399_5136978,8/11/25,,2025-2026
67013090,0495-02,67_67399_5136978,8/11/25,,2025-2026
67012915,5-BC-SI-17,67_67399_5136971,8/11/25,,2025-2026
67012915,5BC-SI-20,67_67399_5136971,8/11/25,,2025-2026
67012920,5-BC-SI-17,67_67399_5136971,8/11/25,,2025-2026
67012920,5BC-SI-20,67_67399_5136971,8/11/25,,2025-2026
67013112,0495-01,67_67399_5136978,8/11/25,,2025-2026
67013112,0495-02,67_67399_5136978,8/11/25,,2025-2026
67012808,3 BC-SI-5,67_67399_5136971,8/11/25,,2025-2026
67012808,3 BC-SI-8,67_67399_5136971,8/11/25,,2025-2026
67012760,2 BC-SI-06,67_67399_5136971,8/11/25,,2025-2026
67012760,2 BC-SI-07,67_67399_5136971,8/11/25,,2025-2026
67013003,6 BC-SI-18,67_67399_5136971,8/11/25,,2025-2026
67013003,6 BC-SI-19,67_67399_5136971,8/11/25,,2025-2026
67012689,1 BC-SI-03,67_67399_5136971,8/11/25,,2025-2026
67012689,1 BC-SI-04,67_67399_5136971,8/11/25,,2025-2026
67012843,3 BC-SI-5,67_67399_5136971,8/11/25,,2025-2026
67012843,3 BC-SI-8,67_67399_5136971,8/11/25,,2025-2026
67013081,0495-01,67_67399_5136978,8/11/25,,2025-2026
67013081,0495-02,67_67399_5136978,8/11/25,,2025-2026
67013111,0495-01,67_67399_5136978,8/11/25,,2025-2026
67013111,0495-02,67_67399_5136978,8/11/25,,2025-2026
67012944,5-BC-SI-17,67_67399_5136971,8/11/25,,2025-2026
67012944,5BC-SI-20,67_67399_5136971,8/11/25,,2025-2026
67013026,6 BC-SI-18,67_67399_5136971,8/11/25,,2025-2026
67013026,6 BC-SI-19,67_67399_5136971,8/11/25,,2025-2026
67012942,5-BC-SI-17,67_67399_5136971,8/11/25,,2025-2026
67012942,5BC-SI-20,67_67399_5136971,8/11/25,,2025-2026
67012965,5-BC-SI-17,67_67399_5136971,8/11/25,,2025-2026
67012965,5BC-SI-20,67_67399_5136971,8/11/25,,2025-2026
67012821,3 BC-SI-5,67_67399_5136971,8/11/25,,2025-2026
67012821,3 BC-SI-8,67_67399_5136971,8/11/25,,2025-2026
67012831,3 BC-SI-5,67_67399_5136971,8/11/25,,2025-2026
67012831,3 BC-SI-8,67_67399_5136971,8/11/25,,2025-2026
67012925,5-BC-SI-17,67_67399_5136971,8/11/25,,2025-2026
67012925,5BC-SI-20,67_67399_5136971,8/11/25,,2025-2026
67012917,5-BC-SI-17,67_67399_5136971,8/11/25,,2025-2026
67012917,5BC-SI-20,67_67399_5136971,8/11/25,,2025-2026
67012783,2 BC-SI-06,67_67399_5136971,8/11/25,,2025-2026
67012783,2 BC-SI-07,67_67399_5136971,8/11/25,,2025-2026
67012811,3 BC-SI-5,67_67399_5136971,8/11/25,,2025-2026
67012811,3 BC-SI-8,67_67399_5136971,8/11/25,,2025-2026
67012741,1 BC-SI-03,67_67399_5136971,8/11/25,,2025-2026
67012741,1 BC-SI-04,67_67399_5136971,8/11/25,,2025-2026
67012957,5-BC-SI-17,67_67399_5136971,8/11/25,,2025-2026
67012957,5BC-SI-20,67_67399_5136971,8/11/25,,2025-2026
67013028,6 BC-SI-18,67_67399_5136971,8/11/25,,2025-2026
67013028,6 BC-SI-19,67_67399_5136971,8/11/25,,2025-2026
67012830,3 BC-SI-5,67_67399_5136971,8/11/25,,2025-2026
67012830,3 BC-SI-8,67_67399_5136971,8/11/25,,2025-2026
67012856,3 BC-SI-5,67_67399_5136971,8/11/25,,2025-2026
67012856,3 BC-SI-8,67_67399_5136971,8/11/25,,2025-2026
67012877,4 BC-SI-16,67_67399_5136971,8/11/25,,2025-2026
67012877,4 BC-SI-22,67_67399_5136971,8/11/25,,2025-2026
67012819,3 BC-SI-5,67_67399_5136971,8/11/25,,2025-2026
67012819,3 BC-SI-8,67_67399_5136971,8/11/25,,2025-2026
67012986,6 BC-SI-18,67_67399_5136971,8/11/25,,2025-2026
67012986,6 BC-SI-19,67_67399_5136971,8/11/25,,2025-2026
67012905,4 BC-SI-16,67_67399_5136971,8/11/25,,2025-2026
67012905,4 BC-SI-22,67_67399_5136971,8/11/25,,2025-2026
67013020,6 BC-SI-18,67_67399_5136971,8/11/25,,2025-2026
67013020,6 BC-SI-19,67_67399_5136971,8/11/25,,2025-2026
67012826,3 BC-SI-5,67_67399_5136971,8/11/25,,2025-2026
67012826,3 BC-SI-8,67_67399_5136971,8/11/25,,2025-2026
67013065,0495-01,67_67399_5136978,8/11/25,,2025-2026
67013065,0495-02,67_67399_5136978,8/11/25,,2025-2026
67012867,4 BC-SI-16,67_67399_5136971,8/11/25,,2025-2026
67012867,4 BC-SI-22,67_67399_5136971,8/11/25,,2025-2026
67013043,6 BC-SI-18,67_67399_5136971,8/11/25,,2025-2026
67013043,6 BC-SI-19,67_67399_5136971,8/11/25,,2025-2026
67012914,5-BC-SI-17,67_67399_5136971,8/11/25,,2025-2026
67012914,5BC-SI-20,67_67399_5136971,8/11/25,,2025-2026
67013011,6 BC-SI-18,67_67399_5136971,8/11/25,,2025-2026
67013011,6 BC-SI-19,67_67399_5136971,8/11/25,,2025-2026
67012961,5-BC-SI-17,67_67399_5136971,8/11/25,,2025-2026
67012961,5BC-SI-20,67_67399_5136971,8/11/25,,2025-2026
67012829,3 BC-SI-5,67_67399_5136971,8/11/25,,2025-2026
67012829,3 BC-SI-8,67_67399_5136971,8/11/25,,2025-2026
67012719,1 BC-SI-03,67_67399_5136971,8/11/25,,2025-2026
67012719,1 BC-SI-04,67_67399_5136971,8/11/25,,2025-2026
67013054,6 BC-SI-18,67_67399_5136971,8/11/25,,2025-2026
67013054,6 BC-SI-19,67_67399_5136971,8/11/25,,2025-2026
67012941,5-BC-SI-17,67_67399_5136971,8/11/25,,2025-2026
67012941,5BC-SI-20,67_67399_5136971,8/11/25,,2025-2026
67012988,6 BC-SI-18,67_67399_5136971,8/11/25,,2025-2026
67012988,6 BC-SI-19,67_67399_5136971,8/11/25,,2025-2026
67012707,1 BC-SI-03,67_67399_5136971,8/11/25,,2025-2026
67012707,1 BC-SI-04,67_67399_5136971,8/11/25,,2025-2026
67013076,0495-01,67_67399_5136978,8/11/25,,2025-2026
67013076,0495-02,67_67399_5136978,8/11/25,,2025-2026
67013047,6 BC-SI-18,67_67399_5136971,8/11/25,,2025-2026
67013047,6 BC-SI-19,67_67399_5136971,8/11/25,,2025-2026
67012683,K BC-SI-1,67_67399_5136971,8/11/25,,2025-2026
67012683,K BC-SI-2,67_67399_5136971,8/11/25,,2025-2026
67012892,4 BC-SI-16,67_67399_5136971,8/11/25,,2025-2026
67012892,4 BC-SI-22,67_67399_5136971,8/11/25,,2025-2026
67012903,4 BC-SI-16,67_67399_5136971,8/11/25,,2025-2026
67012903,4 BC-SI-22,67_67399_5136971,8/11/25,,2025-2026
67012902,4 BC-SI-16,67_67399_5136971,8/11/25,,2025-2026
67012902,4 BC-SI-22,67_67399_5136971,8/11/25,,2025-2026
67012832,3 BC-SI-5,67_67399_5136971,8/11/25,,2025-2026
67012832,3 BC-SI-8,67_67399_5136971,8/11/25,,2025-2026
67012824,3 BC-SI-5,67_67399_5136971,8/11/25,,2025-2026
67012824,3 BC-SI-8,67_67399_5136971,8/11/25,,2025-2026
67012847,3 BC-SI-5,67_67399_5136971,8/11/25,,2025-2026
67012847,3 BC-SI-8,67_67399_5136971,8/11/25,,2025-2026
67012975,5-BC-SI-17,67_67399_5136971,8/11/25,,2025-2026
67012975,5BC-SI-20,67_67399_5136971,8/11/25,,2025-2026
67012736,1 BC-SI-03,67_67399_5136971,8/11/25,,2025-2026
67012736,1 BC-SI-04,67_67399_5136971,8/11/25,,2025-2026
67013113,0495-01,67_67399_5136978,8/11/25,,2025-2026
67013113,0495-02,67_67399_5136978,8/11/25,,2025-2026
67013101,0495-01,67_67399_5136978,8/11/25,,2025-2026
67013101,0495-02,67_67399_5136978,8/11/25,,2025-2026
67012866,4 BC-SI-16,67_67399_5136971,8/11/25,,2025-2026
67012866,4 BC-SI-22,67_67399_5136971,8/11/25,,2025-2026
67012839,3 BC-SI-5,67_67399_5136971,8/11/25,,2025-2026
67012839,3 BC-SI-8,67_67399_5136971,8/11/25,,2025-2026
67012983,6 BC-SI-18,67_67399_5136971,8/11/25,,2025-2026
67012983,6 BC-SI-19,67_67399_5136971,8/11/25,,2025-2026
67012940,5-BC-SI-17,67_67399_5136971,8/11/25,,2025-2026
67012940,5BC-SI-20,67_67399_5136971,8/11/25,,2025-2026
67012945,5-BC-SI-17,67_67399_5136971,8/11/25,,2025-2026
67012945,5BC-SI-20,67_67399_5136971,8/11/25,,2025-2026
67012709,1 BC-SI-03,67_67399_5136971,8/11/25,,2025-2026
67012709,1 BC-SI-04,67_67399_5136971,8/11/25,,2025-2026
67013110,0495-01,67_67399_5136978,8/11/25,,2025-2026
67013110,0495-02,67_67399_5136978,8/11/25,,2025-2026
67012880,4 BC-SI-16,67_67399_5136971,8/11/25,,2025-2026
67012880,4 BC-SI-22,67_67399_5136971,8/11/25,,2025-2026
67012898,4 BC-SI-16,67_67399_5136971,8/11/25,,2025-2026
67012898,4 BC-SI-22,67_67399_5136971,8/11/25,,2025-2026
67012854,3 BC-SI-5,67_67399_5136971,8/11/25,,2025-2026
67012854,3 BC-SI-8,67_67399_5136971,8/11/25,,2025-2026
67013061,0495-01,67_67399_5136978,8/11/25,,2025-2026
67013061,0495-02,67_67399_5136978,8/11/25,,2025-2026
67012695,1 BC-SI-03,67_67399_5136971,8/11/25,,2025-2026
67012695,1 BC-SI-04,67_67399_5136971,8/11/25,,2025-2026
67012780,2 BC-SI-06,67_67399_5136971,8/11/25,,2025-2026
67012780,2 BC-SI-07,67_67399_5136971,8/11/25,,2025-2026
67012993,6 BC-SI-18,67_67399_5136971,8/11/25,,2025-2026
67012993,6 BC-SI-19,67_67399_5136971,8/11/25,,2025-2026
67013006,6 BC-SI-18,67_67399_5136971,8/11/25,,2025-2026
67013006,6 BC-SI-19,67_67399_5136971,8/11/25,,2025-2026
67012704,1 BC-SI-03,67_67399_5136971,8/11/25,,2025-2026
67012704,1 BC-SI-04,67_67399_5136971,8/11/25,,2025-2026
67012977,5-BC-SI-17,67_67399_5136971,8/11/25,,2025-2026
67012977,5BC-SI-20,67_67399_5136971,8/11/25,,2025-2026
67012779,2 BC-SI-06,67_67399_5136971,8/11/25,,2025-2026
67012779,2 BC-SI-07,67_67399_5136971,8/11/25,,2025-2026
67012699,1 BC-SI-03,67_67399_5136971,8/11/25,,2025-2026
67012699,1 BC-SI-04,67_67399_5136971,8/11/25,,2025-2026
67012729,1 BC-SI-03,67_67399_5136971,8/11/25,,2025-2026
67012729,1 BC-SI-04,67_67399_5136971,8/11/25,,2025-2026
67013007,6 BC-SI-18,67_67399_5136971,8/11/25,,2025-2026
67013007,6 BC-SI-19,67_67399_5136971,8/11/25,,2025-2026
67013102,0495-01,67_67399_5136978,8/11/25,,2025-2026
67013102,0495-02,67_67399_5136978,8/11/25,,2025-2026
67012910,5-BC-SI-17,67_67399_5136971,8/11/25,,2025-2026
67012910,5BC-SI-20,67_67399_5136971,8/11/25,,2025-2026
67012827,3 BC-SI-5,67_67399_5136971,8/11/25,,2025-2026
67012827,3 BC-SI-8,67_67399_5136971,8/11/25,,2025-2026
67012851,3 BC-SI-5,67_67399_5136971,8/11/25,,2025-2026
67012851,3 BC-SI-8,67_67399_5136971,8/11/25,,2025-2026
67012791,2 BC-SI-06,67_67399_5136971,8/11/25,,2025-2026
67012791,2 BC-SI-07,67_67399_5136971,8/11/25,,2025-2026
67012793,2 BC-SI-06,67_67399_5136971,8/11/25,,2025-2026
67012793,2 BC-SI-07,67_67399_5136971,8/11/25,,2025-2026
67013074,0495-01,67_67399_5136978,8/11/25,,2025-2026
67013074,0495-02,67_67399_5136978,8/11/25,,2025-2026
67012738,1 BC-SI-03,67_67399_5136971,8/11/25,,2025-2026
67012738,1 BC-SI-04,67_67399_5136971,8/11/25,,2025-2026
67012990,6 BC-SI-18,67_67399_5136971,8/11/25,,2025-2026
67012990,6 BC-SI-19,67_67399_5136971,8/11/25,,2025-2026
67012734,1 BC-SI-03,67_67399_5136971,8/11/25,,2025-2026
67012734,1 BC-SI-04,67_67399_5136971,8/11/25,,2025-2026
67012692,1 BC-SI-03,67_67399_5136971,8/11/25,,2025-2026
67012692,1 BC-SI-04,67_67399_5136971,8/11/25,,2025-2026
67012769,2 BC-SI-06,67_67399_5136971,8/11/25,,2025-2026
67012769,2 BC-SI-07,67_67399_5136971,8/11/25,,2025-2026
67012950,5-BC-SI-17,67_67399_5136971,8/11/25,,2025-2026
67012950,5BC-SI-20,67_67399_5136971,8/11/25,,2025-2026
67013013,6 BC-SI-18,67_67399_5136971,8/11/25,,2025-2026
67013013,6 BC-SI-19,67_67399_5136971,8/11/25,,2025-2026
67013016,6 BC-SI-18,67_67399_5136971,8/11/25,,2025-2026
67013016,6 BC-SI-19,67_67399_5136971,8/11/25,,2025-2026
67012921,5-BC-SI-17,67_67399_5136971,8/11/25,,2025-2026
67012921,5BC-SI-20,67_67399_5136971,8/11/25,,2025-2026
67012804,2 BC-SI-06,67_67399_5136971,8/11/25,,2025-2026
67012804,2 BC-SI-07,67_67399_5136971,8/11/25,,2025-2026
67012869,4 BC-SI-16,67_67399_5136971,8/11/25,,2025-2026
67012869,4 BC-SI-22,67_67399_5136971,8/11/25,,2025-2026
67012834,3 BC-SI-5,67_67399_5136971,8/11/25,,2025-2026
67012834,3 BC-SI-8,67_67399_5136971,8/11/25,,2025-2026
67012691,1 BC-SI-03,67_67399_5136971,8/11/25,,2025-2026
67012691,1 BC-SI-04,67_67399_5136971,8/11/25,,2025-2026
67012708,1 BC-SI-03,67_67399_5136971,8/11/25,,2025-2026
67012708,1 BC-SI-04,67_67399_5136971,8/11/25,,2025-2026
67012895,4 BC-SI-16,67_67399_5136971,8/11/25,,2025-2026
67012895,4 BC-SI-22,67_67399_5136971,8/11/25,,2025-2026
67013072,0495-01,67_67399_5136978,8/11/25,,2025-2026
67013072,0495-02,67_67399_5136978,8/11/25,,2025-2026
67012838,3 BC-SI-5,67_67399_5136971,8/11/25,,2025-2026
67012838,3 BC-SI-8,67_67399_5136971,8/11/25,,2025-2026
67013042,6 BC-SI-18,67_67399_5136971,8/11/25,,2025-2026
67013042,6 BC-SI-19,67_67399_5136971,8/11/25,,2025-2026
67012883,4 BC-SI-16,67_67399_5136971,8/11/25,,2025-2026
67012883,4 BC-SI-22,67_67399_5136971,8/11/25,,2025-2026
67012913,5-BC-SI-17,67_67399_5136971,8/11/25,,2025-2026
67012913,5BC-SI-20,67_67399_5136971,8/11/25,,2025-2026
67013064,0495-01,67_67399_5136978,8/11/25,,2025-2026
67013064,0495-02,67_67399_5136978,8/11/25,,2025-2026
67012761,2 BC-SI-06,67_67399_5136971,8/11/25,,2025-2026
67012761,2 BC-SI-07,67_67399_5136971,8/11/25,,2025-2026
67012886,4 BC-SI-16,67_67399_5136971,8/11/25,,2025-2026
67012886,4 BC-SI-22,67_67399_5136971,8/11/25,,2025-2026
67012716,1 BC-SI-03,67_67399_5136971,8/11/25,,2025-2026
67012716,1 BC-SI-04,67_67399_5136971,8/11/25,,2025-2026
67013039,6 BC-SI-18,67_67399_5136971,8/11/25,,2025-2026
67013039,6 BC-SI-19,67_67399_5136971,8/11/25,,2025-2026
67012865,4 BC-SI-16,67_67399_5136971,8/11/25,,2025-2026
67012865,4 BC-SI-22,67_67399_5136971,8/11/25,,2025-2026
67012784,2 BC-SI-06,67_67399_5136971,8/11/25,,2025-2026
67012784,2 BC-SI-07,67_67399_5136971,8/11/25,,2025-2026
67012740,1 BC-SI-03,67_67399_5136971,8/11/25,,2025-2026
67012740,1 BC-SI-04,67_67399_5136971,8/11/25,,2025-2026
67013049,6 BC-SI-18,67_67399_5136971,8/11/25,,2025-2026
67013049,6 BC-SI-19,67_67399_5136971,8/11/25,,2025-2026
67012852,3 BC-SI-5,67_67399_5136971,8/11/25,,2025-2026
67012852,3 BC-SI-8,67_67399_5136971,8/11/25,,2025-2026
67013045,6 BC-SI-18,67_67399_5136971,8/11/25,,2025-2026
67013045,6 BC-SI-19,67_67399_5136971,8/11/25,,2025-2026
67012806,3 BC-SI-5,67_67399_5136971,8/11/25,,2025-2026
67012806,3 BC-SI-8,67_67399_5136971,8/11/25,,2025-2026
67012823,3 BC-SI-5,67_67399_5136971,8/11/25,,2025-2026
67012823,3 BC-SI-8,67_67399_5136971,8/11/25,,2025-2026
67013077,0495-01,67_67399_5136978,8/11/25,,2025-2026
67013077,0495-02,67_67399_5136978,8/11/25,,2025-2026
67012987,6 BC-SI-18,67_67399_5136971,8/11/25,,2025-2026
67012987,6 BC-SI-19,67_67399_5136971,8/11/25,,2025-2026
67012972,5-BC-SI-17,67_67399_5136971,8/11/25,,2025-2026
67012972,5BC-SI-20,67_67399_5136971,8/11/25,,2025-2026
67012893,4 BC-SI-16,67_67399_5136971,8/11/25,,2025-2026
67012893,4 BC-SI-22,67_67399_5136971,8/11/25,,2025-2026
67013069,0495-01,67_67399_5136978,8/11/25,,2025-2026
67013069,0495-02,67_67399_5136978,8/11/25,,2025-2026
67012995,6 BC-SI-18,67_67399_5136971,8/11/25,,2025-2026
67012995,6 BC-SI-19,67_67399_5136971,8/11/25,,2025-2026
67012782,2 BC-SI-06,67_67399_5136971,8/11/25,,2025-2026
67012782,2 BC-SI-07,67_67399_5136971,8/11/25,,2025-2026
67012884,4 BC-SI-16,67_67399_5136971,8/11/25,,2025-2026
67012884,4 BC-SI-22,67_67399_5136971,8/11/25,,2025-2026
67012890,4 BC-SI-16,67_67399_5136971,8/11/25,,2025-2026
67012890,4 BC-SI-22,67_67399_5136971,8/11/25,,2025-2026
67012929,5-BC-SI-17,67_67399_5136971,8/11/25,,2025-2026
67012929,5BC-SI-20,67_67399_5136971,8/11/25,,2025-2026
67012980,5-BC-SI-17,67_67399_5136971,8/11/25,,2025-2026
67012980,5BC-SI-20,67_67399_5136971,8/11/25,,2025-2026
67012845,3 BC-SI-5,67_67399_5136971,8/11/25,,2025-2026
67012845,3 BC-SI-8,67_67399_5136971,8/11/25,,2025-2026
67012713,1 BC-SI-03,67_67399_5136971,8/11/25,,2025-2026
67012713,1 BC-SI-04,67_67399_5136971,8/11/25,,2025-2026
67013055,0495-01,67_67399_5136978,8/11/25,,2025-2026
67013055,0495-02,67_67399_5136978,8/11/25,,2025-2026
67012882,4 BC-SI-16,67_67399_5136971,8/11/25,,2025-2026
67012882,4 BC-SI-22,67_67399_5136971,8/11/25,,2025-2026
67012770,2 BC-SI-06,67_67399_5136971,8/11/25,,2025-2026
67012770,2 BC-SI-07,67_67399_5136971,8/11/25,,2025-2026
67013010,6 BC-SI-18,67_67399_5136971,8/11/25,,2025-2026
67013010,6 BC-SI-19,67_67399_5136971,8/11/25,,2025-2026
67012889,4 BC-SI-16,67_67399_5136971,8/11/25,,2025-2026
67012889,4 BC-SI-22,67_67399_5136971,8/11/25,,2025-2026
67012812,3 BC-SI-5,67_67399_5136971,8/11/25,,2025-2026
67012812,3 BC-SI-8,67_67399_5136971,8/11/25,,2025-2026
67012996,6 BC-SI-18,67_67399_5136971,8/11/25,,2025-2026
67012996,6 BC-SI-19,67_67399_5136971,8/11/25,,2025-2026
67013025,6 BC-SI-18,67_67399_5136971,8/11/25,,2025-2026
67013025,6 BC-SI-19,67_67399_5136971,8/11/25,,2025-2026
67013005,6 BC-SI-18,67_67399_5136971,8/11/25,,2025-2026
67013005,6 BC-SI-19,67_67399_5136971,8/11/25,,2025-2026
67012755,2 BC-SI-06,67_67399_5136971,8/11/25,,2025-2026
67012755,2 BC-SI-07,67_67399_5136971,8/11/25,,2025-2026
67012733,1 BC-SI-03,67_67399_5136971,8/11/25,,2025-2026
67012733,1 BC-SI-04,67_67399_5136971,8/11/25,,2025-2026
67012748,2 BC-SI-06,67_67399_5136971,8/11/25,,2025-2026
67012748,2 BC-SI-07,67_67399_5136971,8/11/25,,2025-2026
67012872,4 BC-SI-16,67_67399_5136971,8/11/25,,2025-2026
67012872,4 BC-SI-22,67_67399_5136971,8/11/25,,2025-2026
67012792,2 BC-SI-06,67_67399_5136971,8/11/25,,2025-2026
67012792,2 BC-SI-07,67_67399_5136971,8/11/25,,2025-2026
67012930,5-BC-SI-17,67_67399_5136971,8/11/25,,2025-2026
67012930,5BC-SI-20,67_67399_5136971,8/11/25,,2025-2026
67012943,5-BC-SI-17,67_67399_5136971,8/11/25,,2025-2026
67012943,5BC-SI-20,67_67399_5136971,8/11/25,,2025-2026
67012850,3 BC-SI-5,67_67399_5136971,8/11/25,,2025-2026
67012850,3 BC-SI-8,67_67399_5136971,8/11/25,,2025-2026
67012971,5-BC-SI-17,67_67399_5136971,8/11/25,,2025-2026
67012971,5BC-SI-20,67_67399_5136971,8/11/25,,2025-2026
67013070,0495-01,67_67399_5136978,8/11/25,,2025-2026
67013070,0495-02,67_67399_5136978,8/11/25,,2025-2026
67012825,3 BC-SI-5,67_67399_5136971,8/11/25,,2025-2026
67012825,3 BC-SI-8,67_67399_5136971,8/11/25,,2025-2026
67012900,4 BC-SI-16,67_67399_5136971,8/11/25,,2025-2026
67012900,4 BC-SI-22,67_67399_5136971,8/11/25,,2025-2026
67012864,4 BC-SI-16,67_67399_5136971,8/11/25,,2025-2026
67012864,4 BC-SI-22,67_67399_5136971,8/11/25,,2025-2026
67013088,0495-01,67_67399_5136978,8/11/25,,2025-2026
67013088,0495-02,67_67399_5136978,8/11/25,,2025-2026
67013203,1 CC-SI-34,67_67399_5136972,8/11/25,,2025-2026
67013203,1 CC-SI-37,67_67399_5136972,8/11/25,,2025-2026
67013539,4 CC-SI-14,67_67399_5136972,8/11/25,,2025-2026
67013539,4 CC-SI-19,67_67399_5136972,8/11/25,,2025-2026
67013276,2 CC-SI-30,67_67399_5136972,8/11/25,,2025-2026
67013276,2 CC-SI-31,67_67399_5136972,8/11/25,,2025-2026
67013332,2 CC-SI-30,67_67399_5136972,8/11/25,,2025-2026
67013332,2 CC-SI-31,67_67399_5136972,8/11/25,,2025-2026
67013362,2 CC-SI-30,67_67399_5136972,8/11/25,,2025-2026
67013362,2 CC-SI-31,67_67399_5136972,8/11/25,,2025-2026
67013181,1 CC-SI-34,67_67399_5136972,8/11/25,,2025-2026
67013181,1 CC-SI-37,67_67399_5136972,8/11/25,,2025-2026
67013356,2 CC-SI-30,67_67399_5136972,8/11/25,,2025-2026
67013356,2 CC-SI-31,67_67399_5136972,8/11/25,,2025-2026
67013268,2 CC-SI-30,67_67399_5136972,8/11/25,,2025-2026
67013268,2 CC-SI-31,67_67399_5136972,8/11/25,,2025-2026
67013489,4 CC-SI-14,67_67399_5136972,8/11/25,,2025-2026
67013489,4 CC-SI-19,67_67399_5136972,8/11/25,,2025-2026
67013463,3 CC-SI-18,67_67399_5136972,8/11/25,,2025-2026
67013463,3 CC-SI-23,67_67399_5136972,8/11/25,,2025-2026
67013282,2 CC-SI-30,67_67399_5136972,8/11/25,,2025-2026
67013282,2 CC-SI-31,67_67399_5136972,8/11/25,,2025-2026
67013665,5 CC-SI-11,67_67399_5136972,8/11/25,,2025-2026
67013665,5 CC-SI-12,67_67399_5136972,8/11/25,,2025-2026
67013613,5 CC-SI-11,67_67399_5136972,8/11/25,,2025-2026
67013613,5 CC-SI-12,67_67399_5136972,8/11/25,,2025-2026
67013641,5 CC-SI-11,67_67399_5136972,8/11/25,,2025-2026
67013641,5 CC-SI-12,67_67399_5136972,8/11/25,,2025-2026
67013654,5 CC-SI-11,67_67399_5136972,8/11/25,,2025-2026
67013654,5 CC-SI-12,67_67399_5136972,8/11/25,,2025-2026
67013162,K CC-SI-03,67_67399_5136972,8/11/25,,2025-2026
67013162,K CC-SI-04,67_67399_5136972,8/11/25,,2025-2026
67013687,5 CC-SI-11,67_67399_5136972,8/11/25,,2025-2026
67013687,5 CC-SI-12,67_67399_5136972,8/11/25,,2025-2026
67013709,5 CC-SI-11,67_67399_5136972,8/11/25,,2025-2026
67013709,5 CC-SI-12,67_67399_5136972,8/11/25,,2025-2026
67013644,5 CC-SI-11,67_67399_5136972,8/11/25,,2025-2026
67013644,5 CC-SI-12,67_67399_5136972,8/11/25,,2025-2026
67013746,6 CC-SI-08,67_67399_5136972,8/11/25,,2025-2026
67013746,6 CC-SI-09,67_67399_5136972,8/11/25,,2025-2026
67013288,2 CC-SI-30,67_67399_5136972,8/11/25,,2025-2026
67013288,2 CC-SI-31,67_67399_5136972,8/11/25,,2025-2026
67013481,4 CC-SI-14,67_67399_5136972,8/11/25,,2025-2026
67013481,4 CC-SI-19,67_67399_5136972,8/11/25,,2025-2026
67013589,4 CC-SI-14,67_67399_5136972,8/11/25,,2025-2026
67013589,4 CC-SI-19,67_67399_5136972,8/11/25,,2025-2026
67013353,2 CC-SI-30,67_67399_5136972,8/11/25,,2025-2026
67013353,2 CC-SI-31,67_67399_5136972,8/11/25,,2025-2026
67013392,3 CC-SI-18,67_67399_5136972,8/11/25,,2025-2026
67013392,3 CC-SI-23,67_67399_5136972,8/11/25,,2025-2026
67013701,5 CC-SI-11,67_67399_5136972,8/11/25,,2025-2026
67013701,5 CC-SI-12,67_67399_5136972,8/11/25,,2025-2026
67013138,K CC-SI-03,67_67399_5136972,8/11/25,,2025-2026
67013138,K CC-SI-04,67_67399_5136972,8/11/25,,2025-2026
67013788,6 CC-SI-08,67_67399_5136972,8/11/25,,2025-2026
67013788,6 CC-SI-09,67_67399_5136972,8/11/25,,2025-2026
67013458,3 CC-SI-18,67_67399_5136972,8/11/25,,2025-2026
67013458,3 CC-SI-23,67_67399_5136972,8/11/25,,2025-2026
67013248,1 CC-SI-34,67_67399_5136972,8/11/25,,2025-2026
67013248,1 CC-SI-37,67_67399_5136972,8/11/25,,2025-2026
67013280,2 CC-SI-30,67_67399_5136972,8/11/25,,2025-2026
67013280,2 CC-SI-31,67_67399_5136972,8/11/25,,2025-2026
67013246,1 CC-SI-34,67_67399_5136972,8/11/25,,2025-2026
67013246,1 CC-SI-37,67_67399_5136972,8/11/25,,2025-2026
67013433,3 CC-SI-18,67_67399_5136972,8/11/25,,2025-2026
67013433,3 CC-SI-23,67_67399_5136972,8/11/25,,2025-2026
67013187,1 CC-SI-34,67_67399_5136972,8/11/25,,2025-2026
67013187,1 CC-SI-37,67_67399_5136972,8/11/25,,2025-2026
67013349,2 CC-SI-30,67_67399_5136972,8/11/25,,2025-2026
67013349,2 CC-SI-31,67_67399_5136972,8/11/25,,2025-2026
67013405,3 CC-SI-18,67_67399_5136972,8/11/25,,2025-2026
67013405,3 CC-SI-23,67_67399_5136972,8/11/25,,2025-2026
67013838,0495-01,67_67399_5136978,8/11/25,,2025-2026
67013838,0495-02,67_67399_5136978,8/11/25,,2025-2026
67013167,1 CC-SI-34,67_67399_5136972,8/11/25,,2025-2026
67013167,1 CC-SI-37,67_67399_5136972,8/11/25,,2025-2026
67013270,2 CC-SI-30,67_67399_5136972,8/11/25,,2025-2026
67013270,2 CC-SI-31,67_67399_5136972,8/11/25,,2025-2026
67013410,3 CC-SI-18,67_67399_5136972,8/11/25,,2025-2026
67013410,3 CC-SI-23,67_67399_5136972,8/11/25,,2025-2026
67013607,5 CC-SI-11,67_67399_5136972,8/11/25,,2025-2026
67013607,5 CC-SI-12,67_67399_5136972,8/11/25,,2025-2026
67013505,4 CC-SI-14,67_67399_5136972,8/11/25,,2025-2026
67013505,4 CC-SI-19,67_67399_5136972,8/11/25,,2025-2026
67013397,3 CC-SI-18,67_67399_5136972,8/11/25,,2025-2026
67013397,3 CC-SI-23,67_67399_5136972,8/11/25,,2025-2026
67013910,0495-01,67_67399_5136978,8/11/25,,2025-2026
67013910,0495-02,67_67399_5136978,8/11/25,,2025-2026
67013126,K CC-SI-03,67_67399_5136972,8/11/25,,2025-2026
67013126,K CC-SI-04,67_67399_5136972,8/11/25,,2025-2026
67013615,5 CC-SI-11,67_67399_5136972,8/11/25,,2025-2026
67013615,5 CC-SI-12,67_67399_5136972,8/11/25,,2025-2026
67013650,5 CC-SI-11,67_67399_5136972,8/11/25,,2025-2026
67013650,5 CC-SI-12,67_67399_5136972,8/11/25,,2025-2026
67013508,4 CC-SI-14,67_67399_5136972,8/11/25,,2025-2026
67013508,4 CC-SI-19,67_67399_5136972,8/11/25,,2025-2026
67013304,2 CC-SI-30,67_67399_5136972,8/11/25,,2025-2026
67013304,2 CC-SI-31,67_67399_5136972,8/11/25,,2025-2026
67013479,3 CC-SI-18,67_67399_5136972,8/11/25,,2025-2026
67013479,3 CC-SI-23,67_67399_5136972,8/11/25,,2025-2026
67013681,5 CC-SI-11,67_67399_5136972,8/11/25,,2025-2026
67013681,5 CC-SI-12,67_67399_5136972,8/11/25,,2025-2026
67013121,K CC-SI-03,67_67399_5136972,8/11/25,,2025-2026
67013121,K CC-SI-04,67_67399_5136972,8/11/25,,2025-2026
67013453,3 CC-SI-18,67_67399_5136972,8/11/25,,2025-2026
67013453,3 CC-SI-23,67_67399_5136972,8/11/25,,2025-2026
67013764,6 CC-SI-08,67_67399_5136972,8/11/25,,2025-2026
67013764,6 CC-SI-09,67_67399_5136972,8/11/25,,2025-2026
67013760,6 CC-SI-08,67_67399_5136972,8/11/25,,2025-2026
67013760,6 CC-SI-09,67_67399_5136972,8/11/25,,2025-2026
67013430,3 CC-SI-18,67_67399_5136972,8/11/25,,2025-2026
67013430,3 CC-SI-23,67_67399_5136972,8/11/25,,2025-2026
67013491,4 CC-SI-14,67_67399_5136972,8/11/25,,2025-2026
67013491,4 CC-SI-19,67_67399_5136972,8/11/25,,2025-2026
67013140,K CC-SI-03,67_67399_5136972,8/11/25,,2025-2026
67013140,K CC-SI-04,67_67399_5136972,8/11/25,,2025-2026
67013591,5 CC-SI-11,67_67399_5136972,8/11/25,,2025-2026
67013591,5 CC-SI-12,67_67399_5136972,8/11/25,,2025-2026
67013622,5 CC-SI-11,67_67399_5136972,8/11/25,,2025-2026
67013622,5 CC-SI-12,67_67399_5136972,8/11/25,,2025-2026
67013792,6 CC-SI-08,67_67399_5136972,8/11/25,,2025-2026
67013792,6 CC-SI-09,67_67399_5136972,8/11/25,,2025-2026
67013517,4 CC-SI-14,67_67399_5136972,8/11/25,,2025-2026
67013517,4 CC-SI-19,67_67399_5136972,8/11/25,,2025-2026
67013346,2 CC-SI-30,67_67399_5136972,8/11/25,,2025-2026
67013346,2 CC-SI-31,67_67399_5136972,8/11/25,,2025-2026
67013780,6 CC-SI-08,67_67399_5136972,8/11/25,,2025-2026
67013780,6 CC-SI-09,67_67399_5136972,8/11/25,,2025-2026
67013779,6 CC-SI-08,67_67399_5136972,8/11/25,,2025-2026
67013779,6 CC-SI-09,67_67399_5136972,8/11/25,,2025-2026
67013852,0495-01,67_67399_5136978,8/11/25,,2025-2026
67013852,0495-02,67_67399_5136978,8/11/25,,2025-2026
67013752,6 CC-SI-08,67_67399_5136972,8/11/25,,2025-2026
67013752,6 CC-SI-09,67_67399_5136972,8/11/25,,2025-2026
67013676,5 CC-SI-11,67_67399_5136972,8/11/25,,2025-2026
67013676,5 CC-SI-12,67_67399_5136972,8/11/25,,2025-2026
67013366,2 CC-SI-30,67_67399_5136972,8/11/25,,2025-2026
67013366,2 CC-SI-31,67_67399_5136972,8/11/25,,2025-2026
67013401,3 CC-SI-18,67_67399_5136972,8/11/25,,2025-2026
67013401,3 CC-SI-23,67_67399_5136972,8/11/25,,2025-2026
67013587,4 CC-SI-14,67_67399_5136972,8/11/25,,2025-2026
67013587,4 CC-SI-19,67_67399_5136972,8/11/25,,2025-2026
67013460,3 CC-SI-18,67_67399_5136972,8/11/25,,2025-2026
67013460,3 CC-SI-23,67_67399_5136972,8/11/25,,2025-2026
67013419,3 CC-SI-18,67_67399_5136972,8/11/25,,2025-2026
67013419,3 CC-SI-23,67_67399_5136972,8/11/25,,2025-2026
67013782,6 CC-SI-08,67_67399_5136972,8/11/25,,2025-2026
67013782,6 CC-SI-09,67_67399_5136972,8/11/25,,2025-2026
67013698,5 CC-SI-11,67_67399_5136972,8/11/25,,2025-2026
67013698,5 CC-SI-12,67_67399_5136972,8/11/25,,2025-2026
67013305,2 CC-SI-30,67_67399_5136972,8/11/25,,2025-2026
67013305,2 CC-SI-31,67_67399_5136972,8/11/25,,2025-2026
67013905,0495-01,67_67399_5136978,8/11/25,,2025-2026
67013905,0495-02,67_67399_5136978,8/11/25,,2025-2026
67013518,4 CC-SI-14,67_67399_5136972,8/11/25,,2025-2026
67013518,4 CC-SI-19,67_67399_5136972,8/11/25,,2025-2026
67013135,K CC-SI-03,67_67399_5136972,8/11/25,,2025-2026
67013135,K CC-SI-04,67_67399_5136972,8/11/25,,2025-2026
67013394,3 CC-SI-18,67_67399_5136972,8/11/25,,2025-2026
67013394,3 CC-SI-23,67_67399_5136972,8/11/25,,2025-2026
67013608,5 CC-SI-11,67_67399_5136972,8/11/25,,2025-2026
67013608,5 CC-SI-12,67_67399_5136972,8/11/25,,2025-2026
67013459,3 CC-SI-18,67_67399_5136972,8/11/25,,2025-2026
67013459,3 CC-SI-23,67_67399_5136972,8/11/25,,2025-2026
67013129,K CC-SI-03,67_67399_5136972,8/11/25,,2025-2026
67013129,K CC-SI-04,67_67399_5136972,8/11/25,,2025-2026
67013530,4 CC-SI-14,67_67399_5136972,8/11/25,,2025-2026
67013530,4 CC-SI-19,67_67399_5136972,8/11/25,,2025-2026
67013652,5 CC-SI-11,67_67399_5136972,8/11/25,,2025-2026
67013652,5 CC-SI-12,67_67399_5136972,8/11/25,,2025-2026
67013683,5 CC-SI-11,67_67399_5136972,8/11/25,,2025-2026
67013683,5 CC-SI-12,67_67399_5136972,8/11/25,,2025-2026
67013716,6 CC-SI-08,67_67399_5136972,8/11/25,,2025-2026
67013716,6 CC-SI-09,67_67399_5136972,8/11/25,,2025-2026
67013330,2 CC-SI-30,67_67399_5136972,8/11/25,,2025-2026
67013330,2 CC-SI-31,67_67399_5136972,8/11/25,,2025-2026
67013565,4 CC-SI-14,67_67399_5136972,8/11/25,,2025-2026
67013565,4 CC-SI-19,67_67399_5136972,8/11/25,,2025-2026
67013736,6 CC-SI-08,67_67399_5136972,8/11/25,,2025-2026
67013736,6 CC-SI-09,67_67399_5136972,8/11/25,,2025-2026
67013798,6 CC-SI-08,67_67399_5136972,8/11/25,,2025-2026
67013798,6 CC-SI-09,67_67399_5136972,8/11/25,,2025-2026
67013823,0495-01,67_67399_5136978,8/11/25,,2025-2026
67013823,0495-02,67_67399_5136978,8/11/25,,2025-2026
67013778,6 CC-SI-08,67_67399_5136972,8/11/25,,2025-2026
67013778,6 CC-SI-09,67_67399_5136972,8/11/25,,2025-2026
67013149,K CC-SI-03,67_67399_5136972,8/11/25,,2025-2026
67013149,K CC-SI-04,67_67399_5136972,8/11/25,,2025-2026
67013451,3 CC-SI-18,67_67399_5136972,8/11/25,,2025-2026
67013451,3 CC-SI-23,67_67399_5136972,8/11/25,,2025-2026
67013420,3 CC-SI-18,67_67399_5136972,8/11/25,,2025-2026
67013420,3 CC-SI-23,67_67399_5136972,8/11/25,,2025-2026
67013818,0495-01,67_67399_5136978,8/11/25,,2025-2026
67013818,0495-02,67_67399_5136978,8/11/25,,2025-2026
67013182,1 CC-SI-34,67_67399_5136972,8/11/25,,2025-2026
67013182,1 CC-SI-37,67_67399_5136972,8/11/25,,2025-2026
67013351,2 CC-SI-30,67_67399_5136972,8/11/25,,2025-2026
67013351,2 CC-SI-31,67_67399_5136972,8/11/25,,2025-2026
67013314,2 CC-SI-30,67_67399_5136972,8/11/25,,2025-2026
67013314,2 CC-SI-31,67_67399_5136972,8/11/25,,2025-2026
67013164,K CC-SI-03,67_67399_5136972,8/11/25,,2025-2026
67013164,K CC-SI-04,67_67399_5136972,8/11/25,,2025-2026
67013488,4 CC-SI-14,67_67399_5136972,8/11/25,,2025-2026
67013488,4 CC-SI-19,67_67399_5136972,8/11/25,,2025-2026
67013413,3 CC-SI-18,67_67399_5136972,8/11/25,,2025-2026
67013413,3 CC-SI-23,67_67399_5136972,8/11/25,,2025-2026
67013178,1 CC-SI-34,67_67399_5136972,8/11/25,,2025-2026
67013178,1 CC-SI-37,67_67399_5136972,8/11/25,,2025-2026
67013221,1 CC-SI-34,67_67399_5136972,8/11/25,,2025-2026
67013221,1 CC-SI-37,67_67399_5136972,8/11/25,,2025-2026
67013499,4 CC-SI-14,67_67399_5136972,8/11/25,,2025-2026
67013499,4 CC-SI-19,67_67399_5136972,8/11/25,,2025-2026
67013891,0495-01,67_67399_5136978,8/11/25,,2025-2026
67013891,0495-02,67_67399_5136978,8/11/25,,2025-2026
67013915,0495-01,67_67399_5136978,8/11/25,,2025-2026
67013915,0495-02,67_67399_5136978,8/11/25,,2025-2026
67013421,3 CC-SI-18,67_67399_5136972,8/11/25,,2025-2026
67013421,3 CC-SI-23,67_67399_5136972,8/11/25,,2025-2026
67013742,6 CC-SI-08,67_67399_5136972,8/11/25,,2025-2026
67013742,6 CC-SI-09,67_67399_5136972,8/11/25,,2025-2026
67013772,6 CC-SI-08,67_67399_5136972,8/11/25,,2025-2026
67013772,6 CC-SI-09,67_67399_5136972,8/11/25,,2025-2026
67013822,0495-01,67_67399_5136978,8/11/25,,2025-2026
67013822,0495-02,67_67399_5136978,8/11/25,,2025-2026
67013600,5 CC-SI-11,67_67399_5136972,8/11/25,,2025-2026
67013600,5 CC-SI-12,67_67399_5136972,8/11/25,,2025-2026
67013864,0495-01,67_67399_5136978,8/11/25,,2025-2026
67013864,0495-02,67_67399_5136978,8/11/25,,2025-2026
67013290,2 CC-SI-30,67_67399_5136972,8/11/25,,2025-2026
67013290,2 CC-SI-31,67_67399_5136972,8/11/25,,2025-2026
67013207,1 CC-SI-34,67_67399_5136972,8/11/25,,2025-2026
67013207,1 CC-SI-37,67_67399_5136972,8/11/25,,2025-2026
67013134,K CC-SI-03,67_67399_5136972,8/11/25,,2025-2026
67013134,K CC-SI-04,67_67399_5136972,8/11/25,,2025-2026
67013250,1 CC-SI-34,67_67399_5136972,8/11/25,,2025-2026
67013250,1 CC-SI-37,67_67399_5136972,8/11/25,,2025-2026
67013904,0495-01,67_67399_5136978,8/11/25,,2025-2026
67013904,0495-02,67_67399_5136978,8/11/25,,2025-2026
67013174,1 CC-SI-34,67_67399_5136972,8/11/25,,2025-2026
67013174,1 CC-SI-37,67_67399_5136972,8/11/25,,2025-2026
67013189,1 CC-SI-34,67_67399_5136972,8/11/25,,2025-2026
67013189,1 CC-SI-37,67_67399_5136972,8/11/25,,2025-2026
67013903,0495-01,67_67399_5136978,8/11/25,,2025-2026
67013903,0495-02,67_67399_5136978,8/11/25,,2025-2026
67013535,4 CC-SI-14,67_67399_5136972,8/11/25,,2025-2026
67013535,4 CC-SI-19,67_67399_5136972,8/11/25,,2025-2026
67013370,3 CC-SI-18,67_67399_5136972,8/11/25,,2025-2026
67013370,3 CC-SI-23,67_67399_5136972,8/11/25,,2025-2026
67013553,4 CC-SI-14,67_67399_5136972,8/11/25,,2025-2026
67013553,4 CC-SI-19,67_67399_5136972,8/11/25,,2025-2026
67013561,4 CC-SI-14,67_67399_5136972,8/11/25,,2025-2026
67013561,4 CC-SI-19,67_67399_5136972,8/11/25,,2025-2026
67013854,0495-01,67_67399_5136978,8/11/25,,2025-2026
67013854,0495-02,67_67399_5136978,8/11/25,,2025-2026
67013365,2 CC-SI-30,67_67399_5136972,8/11/25,,2025-2026
67013365,2 CC-SI-31,67_67399_5136972,8/11/25,,2025-2026
67013606,5 CC-SI-11,67_67399_5136972,8/11/25,,2025-2026
67013606,5 CC-SI-12,67_67399_5136972,8/11/25,,2025-2026
67013810,6 CC-SI-08,67_67399_5136972,8/11/25,,2025-2026
67013810,6 CC-SI-09,67_67399_5136972,8/11/25,,2025-2026
67013830,0495-01,67_67399_5136978,8/11/25,,2025-2026
67013830,0495-02,67_67399_5136978,8/11/25,,2025-2026
67013166,K CC-SI-03,67_67399_5136972,8/11/25,,2025-2026
67013166,K CC-SI-04,67_67399_5136972,8/11/25,,2025-2026
67013593,5 CC-SI-11,67_67399_5136972,8/11/25,,2025-2026
67013593,5 CC-SI-12,67_67399_5136972,8/11/25,,2025-2026
67013185,1 CC-SI-34,67_67399_5136972,8/11/25,,2025-2026
67013185,1 CC-SI-37,67_67399_5136972,8/11/25,,2025-2026
67013846,0495-01,67_67399_5136978,8/11/25,,2025-2026
67013846,0495-02,67_67399_5136978,8/11/25,,2025-2026
67013347,2 CC-SI-30,67_67399_5136972,8/11/25,,2025-2026
67013347,2 CC-SI-31,67_67399_5136972,8/11/25,,2025-2026
67013585,4 CC-SI-14,67_67399_5136972,8/11/25,,2025-2026
67013585,4 CC-SI-19,67_67399_5136972,8/11/25,,2025-2026
67013575,4 CC-SI-14,67_67399_5136972,8/11/25,,2025-2026
67013575,4 CC-SI-19,67_67399_5136972,8/11/25,,2025-2026
67013858,0495-01,67_67399_5136978,8/11/25,,2025-2026
67013858,0495-02,67_67399_5136978,8/11/25,,2025-2026
67013666,5 CC-SI-11,67_67399_5136972,8/11/25,,2025-2026
67013666,5 CC-SI-12,67_67399_5136972,8/11/25,,2025-2026
67013870,0495-01,67_67399_5136978,8/11/25,,2025-2026
67013870,0495-02,67_67399_5136978,8/11/25,,2025-2026
67013516,4 CC-SI-14,67_67399_5136972,8/11/25,,2025-2026
67013516,4 CC-SI-19,67_67399_5136972,8/11/25,,2025-2026
67013913,0495-01,67_67399_5136978,8/11/25,,2025-2026
67013913,0495-02,67_67399_5136978,8/11/25,,2025-2026
67013599,5 CC-SI-11,67_67399_5136972,8/11/25,,2025-2026
67013599,5 CC-SI-12,67_67399_5136972,8/11/25,,2025-2026
67013797,6 CC-SI-08,67_67399_5136972,8/11/25,,2025-2026
67013797,6 CC-SI-09,67_67399_5136972,8/11/25,,2025-2026
67013265,2 CC-SI-30,67_67399_5136972,8/11/25,,2025-2026
67013265,2 CC-SI-31,67_67399_5136972,8/11/25,,2025-2026
67013218,1 CC-SI-34,67_67399_5136972,8/11/25,,2025-2026
67013218,1 CC-SI-37,67_67399_5136972,8/11/25,,2025-2026
67013605,5 CC-SI-11,67_67399_5136972,8/11/25,,2025-2026
67013605,5 CC-SI-12,67_67399_5136972,8/11/25,,2025-2026
67013577,4 CC-SI-14,67_67399_5136972,8/11/25,,2025-2026
67013577,4 CC-SI-19,67_67399_5136972,8/11/25,,2025-2026
67013820,0495-01,67_67399_5136978,8/11/25,,2025-2026
67013820,0495-02,67_67399_5136978,8/11/25,,2025-2026
67013150,K CC-SI-03,67_67399_5136972,8/11/25,,2025-2026
67013150,K CC-SI-04,67_67399_5136972,8/11/25,,2025-2026
67013354,2 CC-SI-30,67_67399_5136972,8/11/25,,2025-2026
67013354,2 CC-SI-31,67_67399_5136972,8/11/25,,2025-2026
67013171,1 CC-SI-34,67_67399_5136972,8/11/25,,2025-2026
67013171,1 CC-SI-37,67_67399_5136972,8/11/25,,2025-2026
67013427,3 CC-SI-18,67_67399_5136972,8/11/25,,2025-2026
67013427,3 CC-SI-23,67_67399_5136972,8/11/25,,2025-2026
67013766,6 CC-SI-08,67_67399_5136972,8/11/25,,2025-2026
67013766,6 CC-SI-09,67_67399_5136972,8/11/25,,2025-2026
67013725,6 CC-SI-08,67_67399_5136972,8/11/25,,2025-2026
67013725,6 CC-SI-09,67_67399_5136972,8/11/25,,2025-2026
67013437,3 CC-SI-18,67_67399_5136972,8/11/25,,2025-2026
67013437,3 CC-SI-23,67_67399_5136972,8/11/25,,2025-2026
67013404,3 CC-SI-18,67_67399_5136972,8/11/25,,2025-2026
67013404,3 CC-SI-23,67_67399_5136972,8/11/25,,2025-2026
67013264,2 CC-SI-30,67_67399_5136972,8/11/25,,2025-2026
67013264,2 CC-SI-31,67_67399_5136972,8/11/25,,2025-2026
67013637,5 CC-SI-11,67_67399_5136972,8/11/25,,2025-2026
67013637,5 CC-SI-12,67_67399_5136972,8/11/25,,2025-2026
67013886,0495-01,67_67399_5136978,8/11/25,,2025-2026
67013886,0495-02,67_67399_5136978,8/11/25,,2025-2026
67013794,6 CC-SI-08,67_67399_5136972,8/11/25,,2025-2026
67013794,6 CC-SI-09,67_67399_5136972,8/11/25,,2025-2026
67013137,K CC-SI-03,67_67399_5136972,8/11/25,,2025-2026
67013137,K CC-SI-04,67_67399_5136972,8/11/25,,2025-2026
67013225,1 CC-SI-34,67_67399_5136972,8/11/25,,2025-2026
67013225,1 CC-SI-37,67_67399_5136972,8/11/25,,2025-2026
67013563,4 CC-SI-14,67_67399_5136972,8/11/25,,2025-2026
67013563,4 CC-SI-19,67_67399_5136972,8/11/25,,2025-2026
67013361,2 CC-SI-30,67_67399_5136972,8/11/25,,2025-2026
67013361,2 CC-SI-31,67_67399_5136972,8/11/25,,2025-2026
67013284,2 CC-SI-30,67_67399_5136972,8/11/25,,2025-2026
67013284,2 CC-SI-31,67_67399_5136972,8/11/25,,2025-2026
67013557,4 CC-SI-14,67_67399_5136972,8/11/25,,2025-2026
67013557,4 CC-SI-19,67_67399_5136972,8/11/25,,2025-2026
67013249,1 CC-SI-34,67_67399_5136972,8/11/25,,2025-2026
67013249,1 CC-SI-37,67_67399_5136972,8/11/25,,2025-2026
67013456,3 CC-SI-18,67_67399_5136972,8/11/25,,2025-2026
67013456,3 CC-SI-23,67_67399_5136972,8/11/25,,2025-2026
67013328,2 CC-SI-30,67_67399_5136972,8/11/25,,2025-2026
67013328,2 CC-SI-31,67_67399_5136972,8/11/25,,2025-2026
67013436,3 CC-SI-18,67_67399_5136972,8/11/25,,2025-2026
67013436,3 CC-SI-23,67_67399_5136972,8/11/25,,2025-2026
67013204,1 CC-SI-34,67_67399_5136972,8/11/25,,2025-2026
67013204,1 CC-SI-37,67_67399_5136972,8/11/25,,2025-2026
67013911,0495-01,67_67399_5136978,8/11/25,,2025-2026
67013911,0495-02,67_67399_5136978,8/11/25,,2025-2026
67013452,3 CC-SI-18,67_67399_5136972,8/11/25,,2025-2026
67013452,3 CC-SI-23,67_67399_5136972,8/11/25,,2025-2026
67013550,4 CC-SI-14,67_67399_5136972,8/11/25,,2025-2026
67013550,4 CC-SI-19,67_67399_5136972,8/11/25,,2025-2026
67013863,0495-01,67_67399_5136978,8/11/25,,2025-2026
67013863,0495-02,67_67399_5136978,8/11/25,,2025-2026
67013197,1 CC-SI-34,67_67399_5136972,8/11/25,,2025-2026
67013197,1 CC-SI-37,67_67399_5136972,8/11/25,,2025-2026
67013536,4 CC-SI-14,67_67399_5136972,8/11/25,,2025-2026
67013536,4 CC-SI-19,67_67399_5136972,8/11/25,,2025-2026
67013556,4 CC-SI-14,67_67399_5136972,8/11/25,,2025-2026
67013556,4 CC-SI-19,67_67399_5136972,8/11/25,,2025-2026
67013338,2 CC-SI-30,67_67399_5136972,8/11/25,,2025-2026
67013338,2 CC-SI-31,67_67399_5136972,8/11/25,,2025-2026
67013887,0495-01,67_67399_5136978,8/11/25,,2025-2026
67013887,0495-02,67_67399_5136978,8/11/25,,2025-2026
67013267,2 CC-SI-30,67_67399_5136972,8/11/25,,2025-2026
67013267,2 CC-SI-31,67_67399_5136972,8/11/25,,2025-2026
67013132,K CC-SI-03,67_67399_5136972,8/11/25,,2025-2026
67013132,K CC-SI-04,67_67399_5136972,8/11/25,,2025-2026
67013190,1 CC-SI-34,67_67399_5136972,8/11/25,,2025-2026
67013190,1 CC-SI-37,67_67399_5136972,8/11/25,,2025-2026
67013395,3 CC-SI-18,67_67399_5136972,8/11/25,,2025-2026
67013395,3 CC-SI-23,67_67399_5136972,8/11/25,,2025-2026
67013263,2 CC-SI-30,67_67399_5136972,8/11/25,,2025-2026
67013263,2 CC-SI-31,67_67399_5136972,8/11/25,,2025-2026
67013497,4 CC-SI-14,67_67399_5136972,8/11/25,,2025-2026
67013497,4 CC-SI-19,67_67399_5136972,8/11/25,,2025-2026
67013754,6 CC-SI-08,67_67399_5136972,8/11/25,,2025-2026
67013754,6 CC-SI-09,67_67399_5136972,8/11/25,,2025-2026
67013358,2 CC-SI-30,67_67399_5136972,8/11/25,,2025-2026
67013358,2 CC-SI-31,67_67399_5136972,8/11/25,,2025-2026
67013478,3 CC-SI-18,67_67399_5136972,8/11/25,,2025-2026
67013478,3 CC-SI-23,67_67399_5136972,8/11/25,,2025-2026
67013883,0495-01,67_67399_5136978,8/11/25,,2025-2026
67013883,0495-02,67_67399_5136978,8/11/25,,2025-2026
67013160,K CC-SI-03,67_67399_5136972,8/11/25,,2025-2026
67013160,K CC-SI-04,67_67399_5136972,8/11/25,,2025-2026
67013510,4 CC-SI-14,67_67399_5136972,8/11/25,,2025-2026
67013510,4 CC-SI-19,67_67399_5136972,8/11/25,,2025-2026
67013670,5 CC-SI-11,67_67399_5136972,8/11/25,,2025-2026
67013670,5 CC-SI-12,67_67399_5136972,8/11/25,,2025-2026
67013269,2 CC-SI-30,67_67399_5136972,8/11/25,,2025-2026
67013269,2 CC-SI-31,67_67399_5136972,8/11/25,,2025-2026
67013123,K CC-SI-03,67_67399_5136972,8/11/25,,2025-2026
67013123,K CC-SI-04,67_67399_5136972,8/11/25,,2025-2026
67013814,6 CC-SI-08,67_67399_5136972,8/11/25,,2025-2026
67013814,6 CC-SI-09,67_67399_5136972,8/11/25,,2025-2026
67013476,3 CC-SI-18,67_67399_5136972,8/11/25,,2025-2026
67013476,3 CC-SI-23,67_67399_5136972,8/11/25,,2025-2026
67013695,5 CC-SI-11,67_67399_5136972,8/11/25,,2025-2026
67013695,5 CC-SI-12,67_67399_5136972,8/11/25,,2025-2026
67013586,4 CC-SI-14,67_67399_5136972,8/11/25,,2025-2026
67013586,4 CC-SI-19,67_67399_5136972,8/11/25,,2025-2026
67013633,5 CC-SI-11,67_67399_5136972,8/11/25,,2025-2026
67013633,5 CC-SI-12,67_67399_5136972,8/11/25,,2025-2026
67013241,1 CC-SI-34,67_67399_5136972,8/11/25,,2025-2026
67013241,1 CC-SI-37,67_67399_5136972,8/11/25,,2025-2026
67013626,5 CC-SI-11,67_67399_5136972,8/11/25,,2025-2026
67013626,5 CC-SI-12,67_67399_5136972,8/11/25,,2025-2026
67013321,2 CC-SI-30,67_67399_5136972,8/11/25,,2025-2026
67013321,2 CC-SI-31,67_67399_5136972,8/11/25,,2025-2026
67013384,3 CC-SI-18,67_67399_5136972,8/11/25,,2025-2026
67013384,3 CC-SI-23,67_67399_5136972,8/11/25,,2025-2026
67013888,0495-01,67_67399_5136978,8/11/25,,2025-2026
67013888,0495-02,67_67399_5136978,8/11/25,,2025-2026
67013302,2 CC-SI-30,67_67399_5136972,8/11/25,,2025-2026
67013302,2 CC-SI-31,67_67399_5136972,8/11/25,,2025-2026
67013896,0495-01,67_67399_5136978,8/11/25,,2025-2026
67013896,0495-02,67_67399_5136978,8/11/25,,2025-2026
67013242,1 CC-SI-34,67_67399_5136972,8/11/25,,2025-2026
67013242,1 CC-SI-37,67_67399_5136972,8/11/25,,2025-2026
67013376,3 CC-SI-18,67_67399_5136972,8/11/25,,2025-2026
67013376,3 CC-SI-23,67_67399_5136972,8/11/25,,2025-2026
67013844,0495-01,67_67399_5136978,8/11/25,,2025-2026
67013844,0495-02,67_67399_5136978,8/11/25,,2025-2026
67013325,2 CC-SI-30,67_67399_5136972,8/11/25,,2025-2026
67013325,2 CC-SI-31,67_67399_5136972,8/11/25,,2025-2026
67013595,5 CC-SI-11,67_67399_5136972,8/11/25,,2025-2026
67013595,5 CC-SI-12,67_67399_5136972,8/11/25,,2025-2026
67013457,3 CC-SI-18,67_67399_5136972,8/11/25,,2025-2026
67013457,3 CC-SI-23,67_67399_5136972,8/11/25,,2025-2026
67013277,2 CC-SI-30,67_67399_5136972,8/11/25,,2025-2026
67013277,2 CC-SI-31,67_67399_5136972,8/11/25,,2025-2026
67013409,3 CC-SI-18,67_67399_5136972,8/11/25,,2025-2026
67013409,3 CC-SI-23,67_67399_5136972,8/11/25,,2025-2026
67013889,0495-01,67_67399_5136978,8/11/25,,2025-2026
67013889,0495-02,67_67399_5136978,8/11/25,,2025-2026
67013234,1 CC-SI-34,67_67399_5136972,8/11/25,,2025-2026
67013234,1 CC-SI-37,67_67399_5136972,8/11/25,,2025-2026
67013715,6 CC-SI-08,67_67399_5136972,8/11/25,,2025-2026
67013715,6 CC-SI-09,67_67399_5136972,8/11/25,,2025-2026
67013373,3 CC-SI-18,67_67399_5136972,8/11/25,,2025-2026
67013373,3 CC-SI-23,67_67399_5136972,8/11/25,,2025-2026
67013336,2 CC-SI-30,67_67399_5136972,8/11/25,,2025-2026
67013336,2 CC-SI-31,67_67399_5136972,8/11/25,,2025-2026
67013220,1 CC-SI-34,67_67399_5136972,8/11/25,,2025-2026
67013220,1 CC-SI-37,67_67399_5136972,8/11/25,,2025-2026
67013431,3 CC-SI-18,67_67399_5136972,8/11/25,,2025-2026
67013431,3 CC-SI-23,67_67399_5136972,8/11/25,,2025-2026
67013200,1 CC-SI-34,67_67399_5136972,8/11/25,,2025-2026
67013200,1 CC-SI-37,67_67399_5136972,8/11/25,,2025-2026
67013729,6 CC-SI-08,67_67399_5136972,8/11/25,,2025-2026
67013729,6 CC-SI-09,67_67399_5136972,8/11/25,,2025-2026
67013504,4 CC-SI-14,67_67399_5136972,8/11/25,,2025-2026
67013504,4 CC-SI-19,67_67399_5136972,8/11/25,,2025-2026
67013507,4 CC-SI-14,67_67399_5136972,8/11/25,,2025-2026
67013507,4 CC-SI-19,67_67399_5136972,8/11/25,,2025-2026
67013538,4 CC-SI-14,67_67399_5136972,8/11/25,,2025-2026
67013538,4 CC-SI-19,67_67399_5136972,8/11/25,,2025-2026
67013647,5 CC-SI-11,67_67399_5136972,8/11/25,,2025-2026
67013647,5 CC-SI-12,67_67399_5136972,8/11/25,,2025-2026
67013795,6 CC-SI-08,67_67399_5136972,8/11/25,,2025-2026
67013795,6 CC-SI-09,67_67399_5136972,8/11/25,,2025-2026
67013525,4 CC-SI-14,67_67399_5136972,8/11/25,,2025-2026
67013525,4 CC-SI-19,67_67399_5136972,8/11/25,,2025-2026
67013825,0495-01,67_67399_5136978,8/11/25,,2025-2026
67013825,0495-02,67_67399_5136978,8/11/25,,2025-2026
67013378,3 CC-SI-18,67_67399_5136972,8/11/25,,2025-2026
67013378,3 CC-SI-23,67_67399_5136972,8/11/25,,2025-2026
67013398,3 CC-SI-18,67_67399_5136972,8/11/25,,2025-2026
67013398,3 CC-SI-23,67_67399_5136972,8/11/25,,2025-2026
67013266,2 CC-SI-30,67_67399_5136972,8/11/25,,2025-2026
67013266,2 CC-SI-31,67_67399_5136972,8/11/25,,2025-2026
67013631,5 CC-SI-11,67_67399_5136972,8/11/25,,2025-2026
67013631,5 CC-SI-12,67_67399_5136972,8/11/25,,2025-2026
67013490,4 CC-SI-14,67_67399_5136972,8/11/25,,2025-2026
67013490,4 CC-SI-19,67_67399_5136972,8/11/25,,2025-2026
67013708,5 CC-SI-11,67_67399_5136972,8/11/25,,2025-2026
67013708,5 CC-SI-12,67_67399_5136972,8/11/25,,2025-2026
67013448,3 CC-SI-18,67_67399_5136972,8/11/25,,2025-2026
67013448,3 CC-SI-23,67_67399_5136972,8/11/25,,2025-2026
67013256,2 CC-SI-30,67_67399_5136972,8/11/25,,2025-2026
67013256,2 CC-SI-31,67_67399_5136972,8/11/25,,2025-2026
67013776,6 CC-SI-08,67_67399_5136972,8/11/25,,2025-2026
67013776,6 CC-SI-09,67_67399_5136972,8/11/25,,2025-2026
67013800,6 CC-SI-08,67_67399_5136972,8/11/25,,2025-2026
67013800,6 CC-SI-09,67_67399_5136972,8/11/25,,2025-2026
67013862,0495-01,67_67399_5136978,8/11/25,,2025-2026
67013862,0495-02,67_67399_5136978,8/11/25,,2025-2026
67013403,3 CC-SI-18,67_67399_5136972,8/11/25,,2025-2026
67013403,3 CC-SI-23,67_67399_5136972,8/11/25,,2025-2026
67013312,2 CC-SI-30,67_67399_5136972,8/11/25,,2025-2026
67013312,2 CC-SI-31,67_67399_5136972,8/11/25,,2025-2026
67013390,3 CC-SI-18,67_67399_5136972,8/11/25,,2025-2026
67013390,3 CC-SI-23,67_67399_5136972,8/11/25,,2025-2026
67013710,5 CC-SI-11,67_67399_5136972,8/11/25,,2025-2026
67013710,5 CC-SI-12,67_67399_5136972,8/11/25,,2025-2026
67013245,1 CC-SI-34,67_67399_5136972,8/11/25,,2025-2026
67013245,1 CC-SI-37,67_67399_5136972,8/11/25,,2025-2026
67013869,0495-01,67_67399_5136978,8/11/25,,2025-2026
67013869,0495-02,67_67399_5136978,8/11/25,,2025-2026
67013514,4 CC-SI-14,67_67399_5136972,8/11/25,,2025-2026
67013514,4 CC-SI-19,67_67399_5136972,8/11/25,,2025-2026
67013707,5 CC-SI-11,67_67399_5136972,8/11/25,,2025-2026
67013707,5 CC-SI-12,67_67399_5136972,8/11/25,,2025-2026
67013337,2 CC-SI-30,67_67399_5136972,8/11/25,,2025-2026
67013337,2 CC-SI-31,67_67399_5136972,8/11/25,,2025-2026
67013442,3 CC-SI-18,67_67399_5136972,8/11/25,,2025-2026
67013442,3 CC-SI-23,67_67399_5136972,8/11/25,,2025-2026
67013621,5 CC-SI-11,67_67399_5136972,8/11/25,,2025-2026
67013621,5 CC-SI-12,67_67399_5136972,8/11/25,,2025-2026
67013161,K CC-SI-03,67_67399_5136972,8/11/25,,2025-2026
67013161,K CC-SI-04,67_67399_5136972,8/11/25,,2025-2026
67013261,2 CC-SI-30,67_67399_5136972,8/11/25,,2025-2026
67013261,2 CC-SI-31,67_67399_5136972,8/11/25,,2025-2026
67013799,6 CC-SI-08,67_67399_5136972,8/11/25,,2025-2026
67013799,6 CC-SI-09,67_67399_5136972,8/11/25,,2025-2026
67013806,6 CC-SI-08,67_67399_5136972,8/11/25,,2025-2026
67013806,6 CC-SI-09,67_67399_5136972,8/11/25,,2025-2026
67013285,2 CC-SI-30,67_67399_5136972,8/11/25,,2025-2026
67013285,2 CC-SI-31,67_67399_5136972,8/11/25,,2025-2026
67013509,4 CC-SI-14,67_67399_5136972,8/11/25,,2025-2026
67013509,4 CC-SI-19,67_67399_5136972,8/11/25,,2025-2026
67013711,5 CC-SI-11,67_67399_5136972,8/11/25,,2025-2026
67013711,5 CC-SI-12,67_67399_5136972,8/11/25,,2025-2026
67013768,6 CC-SI-08,67_67399_5136972,8/11/25,,2025-2026
67013768,6 CC-SI-09,67_67399_5136972,8/11/25,,2025-2026
67013892,0495-01,67_67399_5136978,8/11/25,,2025-2026
67013892,0495-02,67_67399_5136978,8/11/25,,2025-2026
67013247,1 CC-SI-34,67_67399_5136972,8/11/25,,2025-2026
67013247,1 CC-SI-37,67_67399_5136972,8/11/25,,2025-2026
67013152,K CC-SI-03,67_67399_5136972,8/11/25,,2025-2026
67013152,K CC-SI-04,67_67399_5136972,8/11/25,,2025-2026
67013908,0495-01,67_67399_5136978,8/11/25,,2025-2026
67013908,0495-02,67_67399_5136978,8/11/25,,2025-2026
67013294,2 CC-SI-30,67_67399_5136972,8/11/25,,2025-2026
67013294,2 CC-SI-31,67_67399_5136972,8/11/25,,2025-2026
67013219,1 CC-SI-34,67_67399_5136972,8/11/25,,2025-2026
67013219,1 CC-SI-37,67_67399_5136972,8/11/25,,2025-2026
67013885,0495-01,67_67399_5136978,8/11/25,,2025-2026
67013885,0495-02,67_67399_5136978,8/11/25,,2025-2026
67013748,6 CC-SI-08,67_67399_5136972,8/11/25,,2025-2026
67013748,6 CC-SI-09,67_67399_5136972,8/11/25,,2025-2026
67013730,6 CC-SI-08,67_67399_5136972,8/11/25,,2025-2026
67013730,6 CC-SI-09,67_67399_5136972,8/11/25,,2025-2026
67013669,5 CC-SI-11,67_67399_5136972,8/11/25,,2025-2026
67013669,5 CC-SI-12,67_67399_5136972,8/11/25,,2025-2026
67013750,6 CC-SI-08,67_67399_5136972,8/11/25,,2025-2026
67013750,6 CC-SI-09,67_67399_5136972,8/11/25,,2025-2026
67013740,6 CC-SI-08,67_67399_5136972,8/11/25,,2025-2026
67013740,6 CC-SI-09,67_67399_5136972,8/11/25,,2025-2026
67013762,6 CC-SI-08,67_67399_5136972,8/11/25,,2025-2026
67013762,6 CC-SI-09,67_67399_5136972,8/11/25,,2025-2026
67013662,5 CC-SI-11,67_67399_5136972,8/11/25,,2025-2026
67013662,5 CC-SI-12,67_67399_5136972,8/11/25,,2025-2026
67013350,2 CC-SI-30,67_67399_5136972,8/11/25,,2025-2026
67013350,2 CC-SI-31,67_67399_5136972,8/11/25,,2025-2026
67013493,4 CC-SI-14,67_67399_5136972,8/11/25,,2025-2026
67013493,4 CC-SI-19,67_67399_5136972,8/11/25,,2025-2026
67013878,0495-01,67_67399_5136978,8/11/25,,2025-2026
67013878,0495-02,67_67399_5136978,8/11/25,,2025-2026
67013363,2 CC-SI-30,67_67399_5136972,8/11/25,,2025-2026
67013363,2 CC-SI-31,67_67399_5136972,8/11/25,,2025-2026
67013283,2 CC-SI-30,67_67399_5136972,8/11/25,,2025-2026
67013283,2 CC-SI-31,67_67399_5136972,8/11/25,,2025-2026
67013224,1 CC-SI-34,67_67399_5136972,8/11/25,,2025-2026
67013224,1 CC-SI-37,67_67399_5136972,8/11/25,,2025-2026
67013643,5 CC-SI-11,67_67399_5136972,8/11/25,,2025-2026
67013643,5 CC-SI-12,67_67399_5136972,8/11/25,,2025-2026
67013731,6 CC-SI-08,67_67399_5136972,8/11/25,,2025-2026
67013731,6 CC-SI-09,67_67399_5136972,8/11/25,,2025-2026
67013513,4 CC-SI-14,67_67399_5136972,8/11/25,,2025-2026
67013513,4 CC-SI-19,67_67399_5136972,8/11/25,,2025-2026
67013240,1 CC-SI-34,67_67399_5136972,8/11/25,,2025-2026
67013240,1 CC-SI-37,67_67399_5136972,8/11/25,,2025-2026
67013537,4 CC-SI-14,67_67399_5136972,8/11/25,,2025-2026
67013537,4 CC-SI-19,67_67399_5136972,8/11/25,,2025-2026
67013756,6 CC-SI-08,67_67399_5136972,8/11/25,,2025-2026
67013756,6 CC-SI-09,67_67399_5136972,8/11/25,,2025-2026
67013623,5 CC-SI-11,67_67399_5136972,8/11/25,,2025-2026
67013623,5 CC-SI-12,67_67399_5136972,8/11/25,,2025-2026
67013391,3 CC-SI-18,67_67399_5136972,8/11/25,,2025-2026
67013391,3 CC-SI-23,67_67399_5136972,8/11/25,,2025-2026
67013784,6 CC-SI-08,67_67399_5136972,8/11/25,,2025-2026
67013784,6 CC-SI-09,67_67399_5136972,8/11/25,,2025-2026
67013243,1 CC-SI-34,67_67399_5136972,8/11/25,,2025-2026
67013243,1 CC-SI-37,67_67399_5136972,8/11/25,,2025-2026
67013183,1 CC-SI-34,67_67399_5136972,8/11/25,,2025-2026
67013183,1 CC-SI-37,67_67399_5136972,8/11/25,,2025-2026
67013734,6 CC-SI-08,67_67399_5136972,8/11/25,,2025-2026
67013734,6 CC-SI-09,67_67399_5136972,8/11/25,,2025-2026
67013743,6 CC-SI-08,67_67399_5136972,8/11/25,,2025-2026
67013743,6 CC-SI-09,67_67399_5136972,8/11/25,,2025-2026
67013661,5 CC-SI-11,67_67399_5136972,8/11/25,,2025-2026
67013661,5 CC-SI-12,67_67399_5136972,8/11/25,,2025-2026
67013526,4 CC-SI-14,67_67399_5136972,8/11/25,,2025-2026
67013526,4 CC-SI-19,67_67399_5136972,8/11/25,,2025-2026
67013179,1 CC-SI-34,67_67399_5136972,8/11/25,,2025-2026
67013179,1 CC-SI-37,67_67399_5136972,8/11/25,,2025-2026
67013564,4 CC-SI-14,67_67399_5136972,8/11/25,,2025-2026
67013564,4 CC-SI-19,67_67399_5136972,8/11/25,,2025-2026
67013614,5 CC-SI-11,67_67399_5136972,8/11/25,,2025-2026
67013614,5 CC-SI-12,67_67399_5136972,8/11/25,,2025-2026
67013316,2 CC-SI-30,67_67399_5136972,8/11/25,,2025-2026
67013316,2 CC-SI-31,67_67399_5136972,8/11/25,,2025-2026
67013741,6 CC-SI-08,67_67399_5136972,8/11/25,,2025-2026
67013741,6 CC-SI-09,67_67399_5136972,8/11/25,,2025-2026
67013444,3 CC-SI-18,67_67399_5136972,8/11/25,,2025-2026
67013444,3 CC-SI-23,67_67399_5136972,8/11/25,,2025-2026
67013848,0495-01,67_67399_5136978,8/11/25,,2025-2026
67013848,0495-02,67_67399_5136978,8/11/25,,2025-2026
67013257,2 CC-SI-30,67_67399_5136972,8/11/25,,2025-2026
67013257,2 CC-SI-31,67_67399_5136972,8/11/25,,2025-2026
67013375,3 CC-SI-18,67_67399_5136972,8/11/25,,2025-2026
67013375,3 CC-SI-23,67_67399_5136972,8/11/25,,2025-2026
67013407,3 CC-SI-18,67_67399_5136972,8/11/25,,2025-2026
67013407,3 CC-SI-23,67_67399_5136972,8/11/25,,2025-2026
67013770,6 CC-SI-08,67_67399_5136972,8/11/25,,2025-2026
67013770,6 CC-SI-09,67_67399_5136972,8/11/25,,2025-2026
67013239,1 CC-SI-34,67_67399_5136972,8/11/25,,2025-2026
67013239,1 CC-SI-37,67_67399_5136972,8/11/25,,2025-2026
67013684,5 CC-SI-11,67_67399_5136972,8/11/25,,2025-2026
67013684,5 CC-SI-12,67_67399_5136972,8/11/25,,2025-2026
67013819,0495-01,67_67399_5136978,8/11/25,,2025-2026
67013819,0495-02,67_67399_5136978,8/11/25,,2025-2026
67013787,6 CC-SI-08,67_67399_5136972,8/11/25,,2025-2026
67013787,6 CC-SI-09,67_67399_5136972,8/11/25,,2025-2026
67013477,3 CC-SI-18,67_67399_5136972,8/11/25,,2025-2026
67013477,3 CC-SI-23,67_67399_5136972,8/11/25,,2025-2026
67013464,3 CC-SI-18,67_67399_5136972,8/11/25,,2025-2026
67013464,3 CC-SI-23,67_67399_5136972,8/11/25,,2025-2026
67013723,6 CC-SI-08,67_67399_5136972,8/11/25,,2025-2026
67013723,6 CC-SI-09,67_67399_5136972,8/11/25,,2025-2026
67013675,5 CC-SI-11,67_67399_5136972,8/11/25,,2025-2026
67013675,5 CC-SI-12,67_67399_5136972,8/11/25,,2025-2026
67013368,2 CC-SI-30,67_67399_5136972,8/11/25,,2025-2026
67013368,2 CC-SI-31,67_67399_5136972,8/11/25,,2025-2026
67013813,6 CC-SI-08,67_67399_5136972,8/11/25,,2025-2026
67013813,6 CC-SI-09,67_67399_5136972,8/11/25,,2025-2026
67013817,0495-01,67_67399_5136978,8/11/25,,2025-2026
67013817,0495-02,67_67399_5136978,8/11/25,,2025-2026
67013147,K CC-SI-03,67_67399_5136972,8/11/25,,2025-2026
67013147,K CC-SI-04,67_67399_5136972,8/11/25,,2025-2026
67013324,2 CC-SI-30,67_67399_5136972,8/11/25,,2025-2026
67013324,2 CC-SI-31,67_67399_5136972,8/11/25,,2025-2026
67013141,K CC-SI-03,67_67399_5136972,8/11/25,,2025-2026
67013141,K CC-SI-04,67_67399_5136972,8/11/25,,2025-2026
67013232,1 CC-SI-34,67_67399_5136972,8/11/25,,2025-2026
67013232,1 CC-SI-37,67_67399_5136972,8/11/25,,2025-2026
67013833,0495-01,67_67399_5136978,8/11/25,,2025-2026
67013833,0495-02,67_67399_5136978,8/11/25,,2025-2026
67013909,0495-01,67_67399_5136978,8/11/25,,2025-2026
67013909,0495-02,67_67399_5136978,8/11/25,,2025-2026
67013850,0495-01,67_67399_5136978,8/11/25,,2025-2026
67013850,0495-02,67_67399_5136978,8/11/25,,2025-2026
67013139,K CC-SI-03,67_67399_5136972,8/11/25,,2025-2026
67013139,K CC-SI-04,67_67399_5136972,8/11/25,,2025-2026
67013201,1 CC-SI-34,67_67399_5136972,8/11/25,,2025-2026
67013201,1 CC-SI-37,67_67399_5136972,8/11/25,,2025-2026
67013793,6 CC-SI-08,67_67399_5136972,8/11/25,,2025-2026
67013793,6 CC-SI-09,67_67399_5136972,8/11/25,,2025-2026
67013196,1 CC-SI-34,67_67399_5136972,8/11/25,,2025-2026
67013196,1 CC-SI-37,67_67399_5136972,8/11/25,,2025-2026
67013636,5 CC-SI-11,67_67399_5136972,8/11/25,,2025-2026
67013636,5 CC-SI-12,67_67399_5136972,8/11/25,,2025-2026
67013212,1 CC-SI-34,67_67399_5136972,8/11/25,,2025-2026
67013212,1 CC-SI-37,67_67399_5136972,8/11/25,,2025-2026
67013175,1 CC-SI-34,67_67399_5136972,8/11/25,,2025-2026
67013175,1 CC-SI-37,67_67399_5136972,8/11/25,,2025-2026
67013151,K CC-SI-03,67_67399_5136972,8/11/25,,2025-2026
67013151,K CC-SI-04,67_67399_5136972,8/11/25,,2025-2026
67013685,5 CC-SI-11,67_67399_5136972,8/11/25,,2025-2026
67013685,5 CC-SI-12,67_67399_5136972,8/11/25,,2025-2026
67013385,3 CC-SI-18,67_67399_5136972,8/11/25,,2025-2026
67013385,3 CC-SI-23,67_67399_5136972,8/11/25,,2025-2026
67013875,0495-01,67_67399_5136978,8/11/25,,2025-2026
67013875,0495-02,67_67399_5136978,8/11/25,,2025-2026
67013422,3 CC-SI-18,67_67399_5136972,8/11/25,,2025-2026
67013422,3 CC-SI-23,67_67399_5136972,8/11/25,,2025-2026
67013769,6 CC-SI-08,67_67399_5136972,8/11/25,,2025-2026
67013769,6 CC-SI-09,67_67399_5136972,8/11/25,,2025-2026
67013313,2 CC-SI-30,67_67399_5136972,8/11/25,,2025-2026
67013313,2 CC-SI-31,67_67399_5136972,8/11/25,,2025-2026
67013632,5 CC-SI-11,67_67399_5136972,8/11/25,,2025-2026
67013632,5 CC-SI-12,67_67399_5136972,8/11/25,,2025-2026
67013133,K CC-SI-03,67_67399_5136972,8/11/25,,2025-2026
67013133,K CC-SI-04,67_67399_5136972,8/11/25,,2025-2026
67013713,5 CC-SI-11,67_67399_5136972,8/11/25,,2025-2026
67013713,5 CC-SI-12,67_67399_5136972,8/11/25,,2025-2026
67013236,1 CC-SI-34,67_67399_5136972,8/11/25,,2025-2026
67013236,1 CC-SI-37,67_67399_5136972,8/11/25,,2025-2026
67013506,4 CC-SI-14,67_67399_5136972,8/11/25,,2025-2026
67013506,4 CC-SI-19,67_67399_5136972,8/11/25,,2025-2026
67013900,0495-01,67_67399_5136978,8/11/25,,2025-2026
67013900,0495-02,67_67399_5136978,8/11/25,,2025-2026
67013367,2 CC-SI-30,67_67399_5136972,8/11/25,,2025-2026
67013367,2 CC-SI-31,67_67399_5136972,8/11/25,,2025-2026
67013322,2 CC-SI-30,67_67399_5136972,8/11/25,,2025-2026
67013322,2 CC-SI-31,67_67399_5136972,8/11/25,,2025-2026
67013804,6 CC-SI-08,67_67399_5136972,8/11/25,,2025-2026
67013804,6 CC-SI-09,67_67399_5136972,8/11/25,,2025-2026
67013408,3 CC-SI-18,67_67399_5136972,8/11/25,,2025-2026
67013408,3 CC-SI-23,67_67399_5136972,8/11/25,,2025-2026
67013156,K CC-SI-03,67_67399_5136972,8/11/25,,2025-2026
67013156,K CC-SI-04,67_67399_5136972,8/11/25,,2025-2026
67013320,2 CC-SI-30,67_67399_5136972,8/11/25,,2025-2026
67013320,2 CC-SI-31,67_67399_5136972,8/11/25,,2025-2026
67013441,3 CC-SI-18,67_67399_5136972,8/11/25,,2025-2026
67013441,3 CC-SI-23,67_67399_5136972,8/11/25,,2025-2026
67013745,6 CC-SI-08,67_67399_5136972,8/11/25,,2025-2026
67013745,6 CC-SI-09,67_67399_5136972,8/11/25,,2025-2026
67013598,5 CC-SI-11,67_67399_5136972,8/11/25,,2025-2026
67013598,5 CC-SI-12,67_67399_5136972,8/11/25,,2025-2026
67013333,2 CC-SI-30,67_67399_5136972,8/11/25,,2025-2026
67013333,2 CC-SI-31,67_67399_5136972,8/11/25,,2025-2026
67013163,K CC-SI-03,67_67399_5136972,8/11/25,,2025-2026
67013163,K CC-SI-04,67_67399_5136972,8/11/25,,2025-2026
67013315,2 CC-SI-30,67_67399_5136972,8/11/25,,2025-2026
67013315,2 CC-SI-31,67_67399_5136972,8/11/25,,2025-2026
67013417,3 CC-SI-18,67_67399_5136972,8/11/25,,2025-2026
67013417,3 CC-SI-23,67_67399_5136972,8/11/25,,2025-2026
67013827,0495-01,67_67399_5136978,8/11/25,,2025-2026
67013827,0495-02,67_67399_5136978,8/11/25,,2025-2026
67013527,4 CC-SI-14,67_67399_5136972,8/11/25,,2025-2026
67013527,4 CC-SI-19,67_67399_5136972,8/11/25,,2025-2026
67013907,0495-01,67_67399_5136978,8/11/25,,2025-2026
67013907,0495-02,67_67399_5136978,8/11/25,,2025-2026
67013912,0495-01,67_67399_5136978,8/11/25,,2025-2026
67013912,0495-02,67_67399_5136978,8/11/25,,2025-2026
67013646,5 CC-SI-11,67_67399_5136972,8/11/25,,2025-2026
67013646,5 CC-SI-12,67_67399_5136972,8/11/25,,2025-2026
67013627,5 CC-SI-11,67_67399_5136972,8/11/25,,2025-2026
67013627,5 CC-SI-12,67_67399_5136972,8/11/25,,2025-2026
67013824,0495-01,67_67399_5136978,8/11/25,,2025-2026
67013824,0495-02,67_67399_5136978,8/11/25,,2025-2026
67013856,0495-01,67_67399_5136978,8/11/25,,2025-2026
67013856,0495-02,67_67399_5136978,8/11/25,,2025-2026
67013549,4 CC-SI-14,67_67399_5136972,8/11/25,,2025-2026
67013549,4 CC-SI-19,67_67399_5136972,8/11/25,,2025-2026
67013214,1 CC-SI-34,67_67399_5136972,8/11/25,,2025-2026
67013214,1 CC-SI-37,67_67399_5136972,8/11/25,,2025-2026
67013610,5 CC-SI-11,67_67399_5136972,8/11/25,,2025-2026
67013610,5 CC-SI-12,67_67399_5136972,8/11/25,,2025-2026
67013372,3 CC-SI-18,67_67399_5136972,8/11/25,,2025-2026
67013372,3 CC-SI-23,67_67399_5136972,8/11/25,,2025-2026
67013845,0495-01,67_67399_5136978,8/11/25,,2025-2026
67013845,0495-02,67_67399_5136978,8/11/25,,2025-2026
67013880,0495-01,67_67399_5136978,8/11/25,,2025-2026
67013880,0495-02,67_67399_5136978,8/11/25,,2025-2026
67013486,4 CC-SI-14,67_67399_5136972,8/11/25,,2025-2026
67013486,4 CC-SI-19,67_67399_5136972,8/11/25,,2025-2026
67013386,3 CC-SI-18,67_67399_5136972,8/11/25,,2025-2026
67013386,3 CC-SI-23,67_67399_5136972,8/11/25,,2025-2026
67013884,0495-01,67_67399_5136978,8/11/25,,2025-2026
67013884,0495-02,67_67399_5136978,8/11/25,,2025-2026
67013699,5 CC-SI-11,67_67399_5136972,8/11/25,,2025-2026
67013699,5 CC-SI-12,67_67399_5136972,8/11/25,,2025-2026
67013381,3 CC-SI-18,67_67399_5136972,8/11/25,,2025-2026
67013381,3 CC-SI-23,67_67399_5136972,8/11/25,,2025-2026
67013751,6 CC-SI-08,67_67399_5136972,8/11/25,,2025-2026
67013751,6 CC-SI-09,67_67399_5136972,8/11/25,,2025-2026
67013418,3 CC-SI-18,67_67399_5136972,8/11/25,,2025-2026
67013418,3 CC-SI-23,67_67399_5136972,8/11/25,,2025-2026
67013732,6 CC-SI-08,67_67399_5136972,8/11/25,,2025-2026
67013732,6 CC-SI-09,67_67399_5136972,8/11/25,,2025-2026
67013319,2 CC-SI-30,67_67399_5136972,8/11/25,,2025-2026
67013319,2 CC-SI-31,67_67399_5136972,8/11/25,,2025-2026
67013840,0495-01,67_67399_5136978,8/11/25,,2025-2026
67013840,0495-02,67_67399_5136978,8/11/25,,2025-2026
67013735,6 CC-SI-08,67_67399_5136972,8/11/25,,2025-2026
67013735,6 CC-SI-09,67_67399_5136972,8/11/25,,2025-2026
67013832,0495-01,67_67399_5136978,8/11/25,,2025-2026
67013832,0495-02,67_67399_5136978,8/11/25,,2025-2026
67013677,5 CC-SI-11,67_67399_5136972,8/11/25,,2025-2026
67013677,5 CC-SI-12,67_67399_5136972,8/11/25,,2025-2026
67013700,5 CC-SI-11,67_67399_5136972,8/11/25,,2025-2026
67013700,5 CC-SI-12,67_67399_5136972,8/11/25,,2025-2026
67013443,3 CC-SI-18,67_67399_5136972,8/11/25,,2025-2026
67013443,3 CC-SI-23,67_67399_5136972,8/11/25,,2025-2026
67013877,0495-01,67_67399_5136978,8/11/25,,2025-2026
67013877,0495-02,67_67399_5136978,8/11/25,,2025-2026
67013455,3 CC-SI-18,67_67399_5136972,8/11/25,,2025-2026
67013455,3 CC-SI-23,67_67399_5136972,8/11/25,,2025-2026
67013574,4 CC-SI-14,67_67399_5136972,8/11/25,,2025-2026
67013574,4 CC-SI-19,67_67399_5136972,8/11/25,,2025-2026
67013696,5 CC-SI-11,67_67399_5136972,8/11/25,,2025-2026
67013696,5 CC-SI-12,67_67399_5136972,8/11/25,,2025-2026
67013295,2 CC-SI-30,67_67399_5136972,8/11/25,,2025-2026
67013295,2 CC-SI-31,67_67399_5136972,8/11/25,,2025-2026
67013898,0495-01,67_67399_5136978,8/11/25,,2025-2026
67013898,0495-02,67_67399_5136978,8/11/25,,2025-2026
67013252,1 CC-SI-34,67_67399_5136972,8/11/25,,2025-2026
67013252,1 CC-SI-37,67_67399_5136972,8/11/25,,2025-2026
67013222,1 CC-SI-34,67_67399_5136972,8/11/25,,2025-2026
67013222,1 CC-SI-37,67_67399_5136972,8/11/25,,2025-2026
67013638,5 CC-SI-11,67_67399_5136972,8/11/25,,2025-2026
67013638,5 CC-SI-12,67_67399_5136972,8/11/25,,2025-2026
67013153,K CC-SI-03,67_67399_5136972,8/11/25,,2025-2026
67013153,K CC-SI-04,67_67399_5136972,8/11/25,,2025-2026
67013406,3 CC-SI-18,67_67399_5136972,8/11/25,,2025-2026
67013406,3 CC-SI-23,67_67399_5136972,8/11/25,,2025-2026
67013244,1 CC-SI-34,67_67399_5136972,8/11/25,,2025-2026
67013244,1 CC-SI-37,67_67399_5136972,8/11/25,,2025-2026
67013571,4 CC-SI-14,67_67399_5136972,8/11/25,,2025-2026
67013571,4 CC-SI-19,67_67399_5136972,8/11/25,,2025-2026
67013594,5 CC-SI-11,67_67399_5136972,8/11/25,,2025-2026
67013594,5 CC-SI-12,67_67399_5136972,8/11/25,,2025-2026
67013274,2 CC-SI-30,67_67399_5136972,8/11/25,,2025-2026
67013274,2 CC-SI-31,67_67399_5136972,8/11/25,,2025-2026
67013180,1 CC-SI-34,67_67399_5136972,8/11/25,,2025-2026
67013180,1 CC-SI-37,67_67399_5136972,8/11/25,,2025-2026
67013292,2 CC-SI-30,67_67399_5136972,8/11/25,,2025-2026
67013292,2 CC-SI-31,67_67399_5136972,8/11/25,,2025-2026
67013906,0495-01,67_67399_5136978,8/11/25,,2025-2026
67013906,0495-02,67_67399_5136978,8/11/25,,2025-2026
67013396,3 CC-SI-18,67_67399_5136972,8/11/25,,2025-2026
67013396,3 CC-SI-23,67_67399_5136972,8/11/25,,2025-2026
67013480,3 CC-SI-18,67_67399_5136972,8/11/25,,2025-2026
67013480,3 CC-SI-23,67_67399_5136972,8/11/25,,2025-2026
67013659,5 CC-SI-11,67_67399_5136972,8/11/25,,2025-2026
67013659,5 CC-SI-12,67_67399_5136972,8/11/25,,2025-2026
67013581,4 CC-SI-14,67_67399_5136972,8/11/25,,2025-2026
67013581,4 CC-SI-19,67_67399_5136972,8/11/25,,2025-2026
67013211,1 CC-SI-34,67_67399_5136972,8/11/25,,2025-2026
67013211,1 CC-SI-37,67_67399_5136972,8/11/25,,2025-2026
67013834,0495-01,67_67399_5136978,8/11/25,,2025-2026
67013834,0495-02,67_67399_5136978,8/11/25,,2025-2026
67013169,1 CC-SI-34,67_67399_5136972,8/11/25,,2025-2026
67013169,1 CC-SI-37,67_67399_5136972,8/11/25,,2025-2026
67013558,4 CC-SI-14,67_67399_5136972,8/11/25,,2025-2026
67013558,4 CC-SI-19,67_67399_5136972,8/11/25,,2025-2026
67013547,4 CC-SI-14,67_67399_5136972,8/11/25,,2025-2026
67013547,4 CC-SI-19,67_67399_5136972,8/11/25,,2025-2026
67013380,3 CC-SI-18,67_67399_5136972,8/11/25,,2025-2026
67013380,3 CC-SI-23,67_67399_5136972,8/11/25,,2025-2026
67013210,1 CC-SI-34,67_67399_5136972,8/11/25,,2025-2026
67013210,1 CC-SI-37,67_67399_5136972,8/11/25,,2025-2026
67013689,5 CC-SI-11,67_67399_5136972,8/11/25,,2025-2026
67013689,5 CC-SI-12,67_67399_5136972,8/11/25,,2025-2026
67013749,6 CC-SI-08,67_67399_5136972,8/11/25,,2025-2026
67013749,6 CC-SI-09,67_67399_5136972,8/11/25,,2025-2026
67013767,6 CC-SI-08,67_67399_5136972,8/11/25,,2025-2026
67013767,6 CC-SI-09,67_67399_5136972,8/11/25,,2025-2026
67013432,3 CC-SI-18,67_67399_5136972,8/11/25,,2025-2026
67013432,3 CC-SI-23,67_67399_5136972,8/11/25,,2025-2026
67013465,3 CC-SI-18,67_67399_5136972,8/11/25,,2025-2026
67013465,3 CC-SI-23,67_67399_5136972,8/11/25,,2025-2026
67013860,0495-01,67_67399_5136978,8/11/25,,2025-2026
67013860,0495-02,67_67399_5136978,8/11/25,,2025-2026
67013663,5 CC-SI-11,67_67399_5136972,8/11/25,,2025-2026
67013663,5 CC-SI-12,67_67399_5136972,8/11/25,,2025-2026
67013753,6 CC-SI-08,67_67399_5136972,8/11/25,,2025-2026
67013753,6 CC-SI-09,67_67399_5136972,8/11/25,,2025-2026
67013727,6 CC-SI-08,67_67399_5136972,8/11/25,,2025-2026
67013727,6 CC-SI-09,67_67399_5136972,8/11/25,,2025-2026
67013472,3 CC-SI-18,67_67399_5136972,8/11/25,,2025-2026
67013472,3 CC-SI-23,67_67399_5136972,8/11/25,,2025-2026
67013783,6 CC-SI-08,67_67399_5136972,8/11/25,,2025-2026
67013783,6 CC-SI-09,67_67399_5136972,8/11/25,,2025-2026
67013544,4 CC-SI-14,67_67399_5136972,8/11/25,,2025-2026
67013544,4 CC-SI-19,67_67399_5136972,8/11/25,,2025-2026
67013693,5 CC-SI-11,67_67399_5136972,8/11/25,,2025-2026
67013693,5 CC-SI-12,67_67399_5136972,8/11/25,,2025-2026
67013425,3 CC-SI-18,67_67399_5136972,8/11/25,,2025-2026
67013425,3 CC-SI-23,67_67399_5136972,8/11/25,,2025-2026
67013566,4 CC-SI-14,67_67399_5136972,8/11/25,,2025-2026
67013566,4 CC-SI-19,67_67399_5136972,8/11/25,,2025-2026
67013327,2 CC-SI-30,67_67399_5136972,8/11/25,,2025-2026
67013327,2 CC-SI-31,67_67399_5136972,8/11/25,,2025-2026
67013435,3 CC-SI-18,67_67399_5136972,8/11/25,,2025-2026
67013435,3 CC-SI-23,67_67399_5136972,8/11/25,,2025-2026
67013551,4 CC-SI-14,67_67399_5136972,8/11/25,,2025-2026
67013551,4 CC-SI-19,67_67399_5136972,8/11/25,,2025-2026
67013706,5 CC-SI-11,67_67399_5136972,8/11/25,,2025-2026
67013706,5 CC-SI-12,67_67399_5136972,8/11/25,,2025-2026
67013144,K CC-SI-03,67_67399_5136972,8/11/25,,2025-2026
67013144,K CC-SI-04,67_67399_5136972,8/11/25,,2025-2026
67013584,4 CC-SI-14,67_67399_5136972,8/11/25,,2025-2026
67013584,4 CC-SI-19,67_67399_5136972,8/11/25,,2025-2026
67013529,4 CC-SI-14,67_67399_5136972,8/11/25,,2025-2026
67013529,4 CC-SI-19,67_67399_5136972,8/11/25,,2025-2026
67013811,6 CC-SI-08,67_67399_5136972,8/11/25,,2025-2026
67013811,6 CC-SI-09,67_67399_5136972,8/11/25,,2025-2026
67013868,0495-01,67_67399_5136978,8/11/25,,2025-2026
67013868,0495-02,67_67399_5136978,8/11/25,,2025-2026
67013649,5 CC-SI-11,67_67399_5136972,8/11/25,,2025-2026
67013649,5 CC-SI-12,67_67399_5136972,8/11/25,,2025-2026
67013374,3 CC-SI-18,67_67399_5136972,8/11/25,,2025-2026
67013374,3 CC-SI-23,67_67399_5136972,8/11/25,,2025-2026
67013791,6 CC-SI-08,67_67399_5136972,8/11/25,,2025-2026
67013791,6 CC-SI-09,67_67399_5136972,8/11/25,,2025-2026
67013761,6 CC-SI-08,67_67399_5136972,8/11/25,,2025-2026
67013761,6 CC-SI-09,67_67399_5136972,8/11/25,,2025-2026
67013345,2 CC-SI-30,67_67399_5136972,8/11/25,,2025-2026
67013345,2 CC-SI-31,67_67399_5136972,8/11/25,,2025-2026
67013522,4 CC-SI-14,67_67399_5136972,8/11/25,,2025-2026
67013522,4 CC-SI-19,67_67399_5136972,8/11/25,,2025-2026
67013483,4 CC-SI-14,67_67399_5136972,8/11/25,,2025-2026
67013483,4 CC-SI-19,67_67399_5136972,8/11/25,,2025-2026
67013876,0495-01,67_67399_5136978,8/11/25,,2025-2026
67013876,0495-02,67_67399_5136978,8/11/25,,2025-2026
67013296,2 CC-SI-30,67_67399_5136972,8/11/25,,2025-2026
67013296,2 CC-SI-31,67_67399_5136972,8/11/25,,2025-2026
67013691,5 CC-SI-11,67_67399_5136972,8/11/25,,2025-2026
67013691,5 CC-SI-12,67_67399_5136972,8/11/25,,2025-2026
67013773,6 CC-SI-08,67_67399_5136972,8/11/25,,2025-2026
67013773,6 CC-SI-09,67_67399_5136972,8/11/25,,2025-2026
67013656,5 CC-SI-11,67_67399_5136972,8/11/25,,2025-2026
67013656,5 CC-SI-12,67_67399_5136972,8/11/25,,2025-2026
67013344,2 CC-SI-30,67_67399_5136972,8/11/25,,2025-2026
67013344,2 CC-SI-31,67_67399_5136972,8/11/25,,2025-2026
67013774,6 CC-SI-08,67_67399_5136972,8/11/25,,2025-2026
67013774,6 CC-SI-09,67_67399_5136972,8/11/25,,2025-2026
67013389,3 CC-SI-18,67_67399_5136972,8/11/25,,2025-2026
67013389,3 CC-SI-23,67_67399_5136972,8/11/25,,2025-2026
67013501,4 CC-SI-14,67_67399_5136972,8/11/25,,2025-2026
67013501,4 CC-SI-19,67_67399_5136972,8/11/25,,2025-2026
67013882,0495-01,67_67399_5136978,8/11/25,,2025-2026
67013882,0495-02,67_67399_5136978,8/11/25,,2025-2026
67013382,3 CC-SI-18,67_67399_5136972,8/11/25,,2025-2026
67013382,3 CC-SI-23,67_67399_5136972,8/11/25,,2025-2026
67013399,3 CC-SI-18,67_67399_5136972,8/11/25,,2025-2026
67013399,3 CC-SI-23,67_67399_5136972,8/11/25,,2025-2026
67013533,4 CC-SI-14,67_67399_5136972,8/11/25,,2025-2026
67013533,4 CC-SI-19,67_67399_5136972,8/11/25,,2025-2026
67013796,6 CC-SI-08,67_67399_5136972,8/11/25,,2025-2026
67013796,6 CC-SI-09,67_67399_5136972,8/11/25,,2025-2026
67013511,4 CC-SI-14,67_67399_5136972,8/11/25,,2025-2026
67013511,4 CC-SI-19,67_67399_5136972,8/11/25,,2025-2026
67013230,1 CC-SI-34,67_67399_5136972,8/11/25,,2025-2026
67013230,1 CC-SI-37,67_67399_5136972,8/11/25,,2025-2026
67013226,1 CC-SI-34,67_67399_5136972,8/11/25,,2025-2026
67013226,1 CC-SI-37,67_67399_5136972,8/11/25,,2025-2026
67013559,4 CC-SI-14,67_67399_5136972,8/11/25,,2025-2026
67013559,4 CC-SI-19,67_67399_5136972,8/11/25,,2025-2026
67013552,4 CC-SI-14,67_67399_5136972,8/11/25,,2025-2026
67013552,4 CC-SI-19,67_67399_5136972,8/11/25,,2025-2026
67013630,5 CC-SI-11,67_67399_5136972,8/11/25,,2025-2026
67013630,5 CC-SI-12,67_67399_5136972,8/11/25,,2025-2026
67013872,0495-01,67_67399_5136978,8/11/25,,2025-2026
67013872,0495-02,67_67399_5136978,8/11/25,,2025-2026
67013560,4 CC-SI-14,67_67399_5136972,8/11/25,,2025-2026
67013560,4 CC-SI-19,67_67399_5136972,8/11/25,,2025-2026
67013227,1 CC-SI-34,67_67399_5136972,8/11/25,,2025-2026
67013227,1 CC-SI-37,67_67399_5136972,8/11/25,,2025-2026
67013899,0495-01,67_67399_5136978,8/11/25,,2025-2026
67013899,0495-02,67_67399_5136978,8/11/25,,2025-2026
67013176,1 CC-SI-34,67_67399_5136972,8/11/25,,2025-2026
67013176,1 CC-SI-37,67_67399_5136972,8/11/25,,2025-2026
67013223,1 CC-SI-34,67_67399_5136972,8/11/25,,2025-2026
67013223,1 CC-SI-37,67_67399_5136972,8/11/25,,2025-2026
67013660,5 CC-SI-11,67_67399_5136972,8/11/25,,2025-2026
67013660,5 CC-SI-12,67_67399_5136972,8/11/25,,2025-2026
67013145,K CC-SI-03,67_67399_5136972,8/11/25,,2025-2026
67013145,K CC-SI-04,67_67399_5136972,8/11/25,,2025-2026
67013567,4 CC-SI-14,67_67399_5136972,8/11/25,,2025-2026
67013567,4 CC-SI-19,67_67399_5136972,8/11/25,,2025-2026
67013388,3 CC-SI-18,67_67399_5136972,8/11/25,,2025-2026
67013388,3 CC-SI-23,67_67399_5136972,8/11/25,,2025-2026
67013790,6 CC-SI-08,67_67399_5136972,8/11/25,,2025-2026
67013790,6 CC-SI-09,67_67399_5136972,8/11/25,,2025-2026
67013543,4 CC-SI-14,67_67399_5136972,8/11/25,,2025-2026
67013543,4 CC-SI-19,67_67399_5136972,8/11/25,,2025-2026
67013702,5 CC-SI-11,67_67399_5136972,8/11/25,,2025-2026
67013702,5 CC-SI-12,67_67399_5136972,8/11/25,,2025-2026
67013357,2 CC-SI-30,67_67399_5136972,8/11/25,,2025-2026
67013357,2 CC-SI-31,67_67399_5136972,8/11/25,,2025-2026
67013739,6 CC-SI-08,67_67399_5136972,8/11/25,,2025-2026
67013739,6 CC-SI-09,67_67399_5136972,8/11/25,,2025-2026
67013371,3 CC-SI-18,67_67399_5136972,8/11/25,,2025-2026
67013371,3 CC-SI-23,67_67399_5136972,8/11/25,,2025-2026
67013802,6 CC-SI-08,67_67399_5136972,8/11/25,,2025-2026
67013802,6 CC-SI-09,67_67399_5136972,8/11/25,,2025-2026
67013671,5 CC-SI-11,67_67399_5136972,8/11/25,,2025-2026
67013671,5 CC-SI-12,67_67399_5136972,8/11/25,,2025-2026
67013786,6 CC-SI-08,67_67399_5136972,8/11/25,,2025-2026
67013786,6 CC-SI-09,67_67399_5136972,8/11/25,,2025-2026
67013342,2 CC-SI-30,67_67399_5136972,8/11/25,,2025-2026
67013342,2 CC-SI-31,67_67399_5136972,8/11/25,,2025-2026
67013673,5 CC-SI-11,67_67399_5136972,8/11/25,,2025-2026
67013673,5 CC-SI-12,67_67399_5136972,8/11/25,,2025-2026
67013816,0495-01,67_67399_5136978,8/11/25,,2025-2026
67013816,0495-02,67_67399_5136978,8/11/25,,2025-2026
67013612,5 CC-SI-11,67_67399_5136972,8/11/25,,2025-2026
67013612,5 CC-SI-12,67_67399_5136972,8/11/25,,2025-2026
67013148,K CC-SI-03,67_67399_5136972,8/11/25,,2025-2026
67013148,K CC-SI-04,67_67399_5136972,8/11/25,,2025-2026
67013771,6 CC-SI-08,67_67399_5136972,8/11/25,,2025-2026
67013771,6 CC-SI-09,67_67399_5136972,8/11/25,,2025-2026
67013545,4 CC-SI-14,67_67399_5136972,8/11/25,,2025-2026
67013545,4 CC-SI-19,67_67399_5136972,8/11/25,,2025-2026
67013484,4 CC-SI-14,67_67399_5136972,8/11/25,,2025-2026
67013484,4 CC-SI-19,67_67399_5136972,8/11/25,,2025-2026
67013334,2 CC-SI-30,67_67399_5136972,8/11/25,,2025-2026
67013334,2 CC-SI-31,67_67399_5136972,8/11/25,,2025-2026
67013801,6 CC-SI-08,67_67399_5136972,8/11/25,,2025-2026
67013801,6 CC-SI-09,67_67399_5136972,8/11/25,,2025-2026
67013215,1 CC-SI-34,67_67399_5136972,8/11/25,,2025-2026
67013215,1 CC-SI-37,67_67399_5136972,8/11/25,,2025-2026
67013364,2 CC-SI-30,67_67399_5136972,8/11/25,,2025-2026
67013364,2 CC-SI-31,67_67399_5136972,8/11/25,,2025-2026
67013155,K CC-SI-03,67_67399_5136972,8/11/25,,2025-2026
67013155,K CC-SI-04,67_67399_5136972,8/11/25,,2025-2026
67013340,2 CC-SI-30,67_67399_5136972,8/11/25,,2025-2026
67013340,2 CC-SI-31,67_67399_5136972,8/11/25,,2025-2026
67013712,5 CC-SI-11,67_67399_5136972,8/11/25,,2025-2026
67013712,5 CC-SI-12,67_67399_5136972,8/11/25,,2025-2026
67013205,1 CC-SI-34,67_67399_5136972,8/11/25,,2025-2026
67013205,1 CC-SI-37,67_67399_5136972,8/11/25,,2025-2026
67013859,0495-01,67_67399_5136978,8/11/25,,2025-2026
67013859,0495-02,67_67399_5136978,8/11/25,,2025-2026
67013717,6 CC-SI-08,67_67399_5136972,8/11/25,,2025-2026
67013717,6 CC-SI-09,67_67399_5136972,8/11/25,,2025-2026
67013341,2 CC-SI-30,67_67399_5136972,8/11/25,,2025-2026
67013341,2 CC-SI-31,67_67399_5136972,8/11/25,,2025-2026
67013531,4 CC-SI-14,67_67399_5136972,8/11/25,,2025-2026
67013531,4 CC-SI-19,67_67399_5136972,8/11/25,,2025-2026
67013855,0495-01,67_67399_5136978,8/11/25,,2025-2026
67013855,0495-02,67_67399_5136978,8/11/25,,2025-2026
67013601,5 CC-SI-11,67_67399_5136972,8/11/25,,2025-2026
67013601,5 CC-SI-12,67_67399_5136972,8/11/25,,2025-2026
67013901,0495-01,67_67399_5136978,8/11/25,,2025-2026
67013901,0495-02,67_67399_5136978,8/11/25,,2025-2026
67013271,2 CC-SI-30,67_67399_5136972,8/11/25,,2025-2026
67013271,2 CC-SI-31,67_67399_5136972,8/11/25,,2025-2026
67013198,1 CC-SI-34,67_67399_5136972,8/11/25,,2025-2026
67013198,1 CC-SI-37,67_67399_5136972,8/11/25,,2025-2026
67013449,3 CC-SI-18,67_67399_5136972,8/11/25,,2025-2026
67013449,3 CC-SI-23,67_67399_5136972,8/11/25,,2025-2026
67013331,2 CC-SI-30,67_67399_5136972,8/11/25,,2025-2026
67013331,2 CC-SI-31,67_67399_5136972,8/11/25,,2025-2026
67013569,4 CC-SI-14,67_67399_5136972,8/11/25,,2025-2026
67013569,4 CC-SI-19,67_67399_5136972,8/11/25,,2025-2026
67013343,2 CC-SI-30,67_67399_5136972,8/11/25,,2025-2026
67013343,2 CC-SI-31,67_67399_5136972,8/11/25,,2025-2026
67013576,4 CC-SI-14,67_67399_5136972,8/11/25,,2025-2026
67013576,4 CC-SI-19,67_67399_5136972,8/11/25,,2025-2026
67013326,2 CC-SI-30,67_67399_5136972,8/11/25,,2025-2026
67013326,2 CC-SI-31,67_67399_5136972,8/11/25,,2025-2026
67013359,2 CC-SI-30,67_67399_5136972,8/11/25,,2025-2026
67013359,2 CC-SI-31,67_67399_5136972,8/11/25,,2025-2026
67013609,5 CC-SI-11,67_67399_5136972,8/11/25,,2025-2026
67013609,5 CC-SI-12,67_67399_5136972,8/11/25,,2025-2026
67013836,0495-01,67_67399_5136978,8/11/25,,2025-2026
67013836,0495-02,67_67399_5136978,8/11/25,,2025-2026
67013383,3 CC-SI-18,67_67399_5136972,8/11/25,,2025-2026
67013383,3 CC-SI-23,67_67399_5136972,8/11/25,,2025-2026
67013495,4 CC-SI-14,67_67399_5136972,8/11/25,,2025-2026
67013495,4 CC-SI-19,67_67399_5136972,8/11/25,,2025-2026
67013450,3 CC-SI-18,67_67399_5136972,8/11/25,,2025-2026
67013450,3 CC-SI-23,67_67399_5136972,8/11/25,,2025-2026
67013874,0495-01,67_67399_5136978,8/11/25,,2025-2026
67013874,0495-02,67_67399_5136978,8/11/25,,2025-2026
67013128,K CC-SI-03,67_67399_5136972,8/11/25,,2025-2026
67013128,K CC-SI-04,67_67399_5136972,8/11/25,,2025-2026
67013755,6 CC-SI-08,67_67399_5136972,8/11/25,,2025-2026
67013755,6 CC-SI-09,67_67399_5136972,8/11/25,,2025-2026
67013523,4 CC-SI-14,67_67399_5136972,8/11/25,,2025-2026
67013523,4 CC-SI-19,67_67399_5136972,8/11/25,,2025-2026
67013360,2 CC-SI-30,67_67399_5136972,8/11/25,,2025-2026
67013360,2 CC-SI-31,67_67399_5136972,8/11/25,,2025-2026
67013303,2 CC-SI-30,67_67399_5136972,8/11/25,,2025-2026
67013303,2 CC-SI-31,67_67399_5136972,8/11/25,,2025-2026
67013206,1 CC-SI-34,67_67399_5136972,8/11/25,,2025-2026
67013206,1 CC-SI-37,67_67399_5136972,8/11/25,,2025-2026
67013692,5 CC-SI-11,67_67399_5136972,8/11/25,,2025-2026
67013692,5 CC-SI-12,67_67399_5136972,8/11/25,,2025-2026
67013289,2 CC-SI-30,67_67399_5136972,8/11/25,,2025-2026
67013289,2 CC-SI-31,67_67399_5136972,8/11/25,,2025-2026
67013122,K CC-SI-03,67_67399_5136972,8/11/25,,2025-2026
67013122,K CC-SI-04,67_67399_5136972,8/11/25,,2025-2026
67013512,4 CC-SI-14,67_67399_5136972,8/11/25,,2025-2026
67013512,4 CC-SI-19,67_67399_5136972,8/11/25,,2025-2026
67013588,4 CC-SI-14,67_67399_5136972,8/11/25,,2025-2026
67013588,4 CC-SI-19,67_67399_5136972,8/11/25,,2025-2026
67013496,4 CC-SI-14,67_67399_5136972,8/11/25,,2025-2026
67013496,4 CC-SI-19,67_67399_5136972,8/11/25,,2025-2026
67013672,5 CC-SI-11,67_67399_5136972,8/11/25,,2025-2026
67013672,5 CC-SI-12,67_67399_5136972,8/11/25,,2025-2026
67013803,6 CC-SI-08,67_67399_5136972,8/11/25,,2025-2026
67013803,6 CC-SI-09,67_67399_5136972,8/11/25,,2025-2026
67013492,4 CC-SI-14,67_67399_5136972,8/11/25,,2025-2026
67013492,4 CC-SI-19,67_67399_5136972,8/11/25,,2025-2026
67013546,4 CC-SI-14,67_67399_5136972,8/11/25,,2025-2026
67013546,4 CC-SI-19,67_67399_5136972,8/11/25,,2025-2026
67013487,4 CC-SI-14,67_67399_5136972,8/11/25,,2025-2026
67013487,4 CC-SI-19,67_67399_5136972,8/11/25,,2025-2026
67013377,3 CC-SI-18,67_67399_5136972,8/11/25,,2025-2026
67013377,3 CC-SI-23,67_67399_5136972,8/11/25,,2025-2026
67013829,0495-01,67_67399_5136978,8/11/25,,2025-2026
67013829,0495-02,67_67399_5136978,8/11/25,,2025-2026
67013624,5 CC-SI-11,67_67399_5136972,8/11/25,,2025-2026
67013624,5 CC-SI-12,67_67399_5136972,8/11/25,,2025-2026
67013655,5 CC-SI-11,67_67399_5136972,8/11/25,,2025-2026
67013655,5 CC-SI-12,67_67399_5136972,8/11/25,,2025-2026
67013554,4 CC-SI-14,67_67399_5136972,8/11/25,,2025-2026
67013554,4 CC-SI-19,67_67399_5136972,8/11/25,,2025-2026
67013617,5 CC-SI-11,67_67399_5136972,8/11/25,,2025-2026
67013617,5 CC-SI-12,67_67399_5136972,8/11/25,,2025-2026
67013503,4 CC-SI-14,67_67399_5136972,8/11/25,,2025-2026
67013503,4 CC-SI-19,67_67399_5136972,8/11/25,,2025-2026
67013191,1 CC-SI-34,67_67399_5136972,8/11/25,,2025-2026
67013191,1 CC-SI-37,67_67399_5136972,8/11/25,,2025-2026
67013758,6 CC-SI-08,67_67399_5136972,8/11/25,,2025-2026
67013758,6 CC-SI-09,67_67399_5136972,8/11/25,,2025-2026
67013611,5 CC-SI-11,67_67399_5136972,8/11/25,,2025-2026
67013611,5 CC-SI-12,67_67399_5136972,8/11/25,,2025-2026
67013177,1 CC-SI-34,67_67399_5136972,8/11/25,,2025-2026
67013177,1 CC-SI-37,67_67399_5136972,8/11/25,,2025-2026
67013498,4 CC-SI-14,67_67399_5136972,8/11/25,,2025-2026
67013498,4 CC-SI-19,67_67399_5136972,8/11/25,,2025-2026
67013318,2 CC-SI-30,67_67399_5136972,8/11/25,,2025-2026
67013318,2 CC-SI-31,67_67399_5136972,8/11/25,,2025-2026
67013485,4 CC-SI-14,67_67399_5136972,8/11/25,,2025-2026
67013485,4 CC-SI-19,67_67399_5136972,8/11/25,,2025-2026
67013306,2 CC-SI-30,67_67399_5136972,8/11/25,,2025-2026
67013306,2 CC-SI-31,67_67399_5136972,8/11/25,,2025-2026
67013602,5 CC-SI-11,67_67399_5136972,8/11/25,,2025-2026
67013602,5 CC-SI-12,67_67399_5136972,8/11/25,,2025-2026
67013635,5 CC-SI-11,67_67399_5136972,8/11/25,,2025-2026
67013635,5 CC-SI-12,67_67399_5136972,8/11/25,,2025-2026
67013125,K CC-SI-03,67_67399_5136972,8/11/25,,2025-2026
67013125,K CC-SI-04,67_67399_5136972,8/11/25,,2025-2026
67013847,0495-01,67_67399_5136978,8/11/25,,2025-2026
67013847,0495-02,67_67399_5136978,8/11/25,,2025-2026
67013317,2 CC-SI-30,67_67399_5136972,8/11/25,,2025-2026
67013317,2 CC-SI-31,67_67399_5136972,8/11/25,,2025-2026
67013461,3 CC-SI-18,67_67399_5136972,8/11/25,,2025-2026
67013461,3 CC-SI-23,67_67399_5136972,8/11/25,,2025-2026
67013194,1 CC-SI-34,67_67399_5136972,8/11/25,,2025-2026
67013194,1 CC-SI-37,67_67399_5136972,8/11/25,,2025-2026
67013233,1 CC-SI-34,67_67399_5136972,8/11/25,,2025-2026
67013233,1 CC-SI-37,67_67399_5136972,8/11/25,,2025-2026
67013469,3 CC-SI-18,67_67399_5136972,8/11/25,,2025-2026
67013469,3 CC-SI-23,67_67399_5136972,8/11/25,,2025-2026
67013439,3 CC-SI-18,67_67399_5136972,8/11/25,,2025-2026
67013439,3 CC-SI-23,67_67399_5136972,8/11/25,,2025-2026
67013262,2 CC-SI-30,67_67399_5136972,8/11/25,,2025-2026
67013262,2 CC-SI-31,67_67399_5136972,8/11/25,,2025-2026
67013209,1 CC-SI-34,67_67399_5136972,8/11/25,,2025-2026
67013209,1 CC-SI-37,67_67399_5136972,8/11/25,,2025-2026
67013301,2 CC-SI-30,67_67399_5136972,8/11/25,,2025-2026
67013301,2 CC-SI-31,67_67399_5136972,8/11/25,,2025-2026
67013541,4 CC-SI-14,67_67399_5136972,8/11/25,,2025-2026
67013541,4 CC-SI-19,67_67399_5136972,8/11/25,,2025-2026
67013278,2 CC-SI-30,67_67399_5136972,8/11/25,,2025-2026
67013278,2 CC-SI-31,67_67399_5136972,8/11/25,,2025-2026
67013634,5 CC-SI-11,67_67399_5136972,8/11/25,,2025-2026
67013634,5 CC-SI-12,67_67399_5136972,8/11/25,,2025-2026
67013667,5 CC-SI-11,67_67399_5136972,8/11/25,,2025-2026
67013667,5 CC-SI-12,67_67399_5136972,8/11/25,,2025-2026
67013843,0495-01,67_67399_5136978,8/11/25,,2025-2026
67013843,0495-02,67_67399_5136978,8/11/25,,2025-2026
67013704,5 CC-SI-11,67_67399_5136972,8/11/25,,2025-2026
67013704,5 CC-SI-12,67_67399_5136972,8/11/25,,2025-2026
67013648,5 CC-SI-11,67_67399_5136972,8/11/25,,2025-2026
67013648,5 CC-SI-12,67_67399_5136972,8/11/25,,2025-2026
67013202,1 CC-SI-34,67_67399_5136972,8/11/25,,2025-2026
67013202,1 CC-SI-37,67_67399_5136972,8/11/25,,2025-2026
67013521,4 CC-SI-14,67_67399_5136972,8/11/25,,2025-2026
67013521,4 CC-SI-19,67_67399_5136972,8/11/25,,2025-2026
67013255,1 CC-SI-34,67_67399_5136972,8/11/25,,2025-2026
67013255,1 CC-SI-37,67_67399_5136972,8/11/25,,2025-2026
67013286,2 CC-SI-30,67_67399_5136972,8/11/25,,2025-2026
67013286,2 CC-SI-31,67_67399_5136972,8/11/25,,2025-2026
67013393,3 CC-SI-18,67_67399_5136972,8/11/25,,2025-2026
67013393,3 CC-SI-23,67_67399_5136972,8/11/25,,2025-2026
67013809,6 CC-SI-08,67_67399_5136972,8/11/25,,2025-2026
67013809,6 CC-SI-09,67_67399_5136972,8/11/25,,2025-2026
67013426,3 CC-SI-18,67_67399_5136972,8/11/25,,2025-2026
67013426,3 CC-SI-23,67_67399_5136972,8/11/25,,2025-2026
67013173,1 CC-SI-34,67_67399_5136972,8/11/25,,2025-2026
67013173,1 CC-SI-37,67_67399_5136972,8/11/25,,2025-2026
67013446,3 CC-SI-18,67_67399_5136972,8/11/25,,2025-2026
67013446,3 CC-SI-23,67_67399_5136972,8/11/25,,2025-2026
67013293,2 CC-SI-30,67_67399_5136972,8/11/25,,2025-2026
67013293,2 CC-SI-31,67_67399_5136972,8/11/25,,2025-2026
67013812,6 CC-SI-08,67_67399_5136972,8/11/25,,2025-2026
67013812,6 CC-SI-09,67_67399_5136972,8/11/25,,2025-2026
67013260,2 CC-SI-30,67_67399_5136972,8/11/25,,2025-2026
67013260,2 CC-SI-31,67_67399_5136972,8/11/25,,2025-2026
67013193,1 CC-SI-34,67_67399_5136972,8/11/25,,2025-2026
67013193,1 CC-SI-37,67_67399_5136972,8/11/25,,2025-2026
67013548,4 CC-SI-14,67_67399_5136972,8/11/25,,2025-2026
67013548,4 CC-SI-19,67_67399_5136972,8/11/25,,2025-2026
67013467,3 CC-SI-18,67_67399_5136972,8/11/25,,2025-2026
67013467,3 CC-SI-23,67_67399_5136972,8/11/25,,2025-2026
67013281,2 CC-SI-30,67_67399_5136972,8/11/25,,2025-2026
67013281,2 CC-SI-31,67_67399_5136972,8/11/25,,2025-2026
67013690,5 CC-SI-11,67_67399_5136972,8/11/25,,2025-2026
67013690,5 CC-SI-12,67_67399_5136972,8/11/25,,2025-2026
67013199,1 CC-SI-34,67_67399_5136972,8/11/25,,2025-2026
67013199,1 CC-SI-37,67_67399_5136972,8/11/25,,2025-2026
67013865,0495-01,67_67399_5136978,8/11/25,,2025-2026
67013865,0495-02,67_67399_5136978,8/11/25,,2025-2026
67013237,1 CC-SI-34,67_67399_5136972,8/11/25,,2025-2026
67013237,1 CC-SI-37,67_67399_5136972,8/11/25,,2025-2026
67013894,0495-01,67_67399_5136978,8/11/25,,2025-2026
67013894,0495-02,67_67399_5136978,8/11/25,,2025-2026
67013387,3 CC-SI-18,67_67399_5136972,8/11/25,,2025-2026
67013387,3 CC-SI-23,67_67399_5136972,8/11/25,,2025-2026
67013639,5 CC-SI-11,67_67399_5136972,8/11/25,,2025-2026
67013639,5 CC-SI-12,67_67399_5136972,8/11/25,,2025-2026
67013867,0495-01,67_67399_5136978,8/11/25,,2025-2026
67013867,0495-02,67_67399_5136978,8/11/25,,2025-2026
67013728,6 CC-SI-08,67_67399_5136972,8/11/25,,2025-2026
67013728,6 CC-SI-09,67_67399_5136972,8/11/25,,2025-2026
67013208,1 CC-SI-34,67_67399_5136972,8/11/25,,2025-2026
67013208,1 CC-SI-37,67_67399_5136972,8/11/25,,2025-2026
67013853,0495-01,67_67399_5136978,8/11/25,,2025-2026
67013853,0495-02,67_67399_5136978,8/11/25,,2025-2026
67013213,1 CC-SI-34,67_67399_5136972,8/11/25,,2025-2026
67013213,1 CC-SI-37,67_67399_5136972,8/11/25,,2025-2026
67013254,1 CC-SI-34,67_67399_5136972,8/11/25,,2025-2026
67013254,1 CC-SI-37,67_67399_5136972,8/11/25,,2025-2026
67013532,4 CC-SI-14,67_67399_5136972,8/11/25,,2025-2026
67013532,4 CC-SI-19,67_67399_5136972,8/11/25,,2025-2026
67013570,4 CC-SI-14,67_67399_5136972,8/11/25,,2025-2026
67013570,4 CC-SI-19,67_67399_5136972,8/11/25,,2025-2026
67013674,5 CC-SI-11,67_67399_5136972,8/11/25,,2025-2026
67013674,5 CC-SI-12,67_67399_5136972,8/11/25,,2025-2026
67013808,6 CC-SI-08,67_67399_5136972,8/11/25,,2025-2026
67013808,6 CC-SI-09,67_67399_5136972,8/11/25,,2025-2026
67013411,3 CC-SI-18,67_67399_5136972,8/11/25,,2025-2026
67013411,3 CC-SI-23,67_67399_5136972,8/11/25,,2025-2026
67013873,0495-01,67_67399_5136978,8/11/25,,2025-2026
67013873,0495-02,67_67399_5136978,8/11/25,,2025-2026
67013629,5 CC-SI-11,67_67399_5136972,8/11/25,,2025-2026
67013629,5 CC-SI-12,67_67399_5136972,8/11/25,,2025-2026
67013235,1 CC-SI-34,67_67399_5136972,8/11/25,,2025-2026
67013235,1 CC-SI-37,67_67399_5136972,8/11/25,,2025-2026
67013828,0495-01,67_67399_5136978,8/11/25,,2025-2026
67013828,0495-02,67_67399_5136978,8/11/25,,2025-2026
67013759,6 CC-SI-08,67_67399_5136972,8/11/25,,2025-2026
67013759,6 CC-SI-09,67_67399_5136972,8/11/25,,2025-2026
67013170,1 CC-SI-34,67_67399_5136972,8/11/25,,2025-2026
67013170,1 CC-SI-37,67_67399_5136972,8/11/25,,2025-2026
67013573,4 CC-SI-14,67_67399_5136972,8/11/25,,2025-2026
67013573,4 CC-SI-19,67_67399_5136972,8/11/25,,2025-2026
67013572,4 CC-SI-14,67_67399_5136972,8/11/25,,2025-2026
67013572,4 CC-SI-19,67_67399_5136972,8/11/25,,2025-2026
67013474,3 CC-SI-18,67_67399_5136972,8/11/25,,2025-2026
67013474,3 CC-SI-23,67_67399_5136972,8/11/25,,2025-2026
67013718,6 CC-SI-08,67_67399_5136972,8/11/25,,2025-2026
67013718,6 CC-SI-09,67_67399_5136972,8/11/25,,2025-2026
67013402,3 CC-SI-18,67_67399_5136972,8/11/25,,2025-2026
67013402,3 CC-SI-23,67_67399_5136972,8/11/25,,2025-2026
67013369,3 CC-SI-18,67_67399_5136972,8/11/25,,2025-2026
67013369,3 CC-SI-23,67_67399_5136972,8/11/25,,2025-2026
67013705,5 CC-SI-11,67_67399_5136972,8/11/25,,2025-2026
67013705,5 CC-SI-12,67_67399_5136972,8/11/25,,2025-2026
67013275,2 CC-SI-30,67_67399_5136972,8/11/25,,2025-2026
67013275,2 CC-SI-31,67_67399_5136972,8/11/25,,2025-2026
67013229,1 CC-SI-34,67_67399_5136972,8/11/25,,2025-2026
67013229,1 CC-SI-37,67_67399_5136972,8/11/25,,2025-2026
67013188,1 CC-SI-34,67_67399_5136972,8/11/25,,2025-2026
67013188,1 CC-SI-37,67_67399_5136972,8/11/25,,2025-2026
67013424,3 CC-SI-18,67_67399_5136972,8/11/25,,2025-2026
67013424,3 CC-SI-23,67_67399_5136972,8/11/25,,2025-2026
67013192,1 CC-SI-34,67_67399_5136972,8/11/25,,2025-2026
67013192,1 CC-SI-37,67_67399_5136972,8/11/25,,2025-2026
67013462,3 CC-SI-18,67_67399_5136972,8/11/25,,2025-2026
67013462,3 CC-SI-23,67_67399_5136972,8/11/25,,2025-2026
67013720,6 CC-SI-08,67_67399_5136972,8/11/25,,2025-2026
67013720,6 CC-SI-09,67_67399_5136972,8/11/25,,2025-2026
67013668,5 CC-SI-11,67_67399_5136972,8/11/25,,2025-2026
67013668,5 CC-SI-12,67_67399_5136972,8/11/25,,2025-2026
67013468,3 CC-SI-18,67_67399_5136972,8/11/25,,2025-2026
67013468,3 CC-SI-23,67_67399_5136972,8/11/25,,2025-2026
67013890,0495-01,67_67399_5136978,8/11/25,,2025-2026
67013890,0495-02,67_67399_5136978,8/11/25,,2025-2026
67013348,2 CC-SI-30,67_67399_5136972,8/11/25,,2025-2026
67013348,2 CC-SI-31,67_67399_5136972,8/11/25,,2025-2026
67013839,0495-01,67_67399_5136978,8/11/25,,2025-2026
67013839,0495-02,67_67399_5136978,8/11/25,,2025-2026
67013680,5 CC-SI-11,67_67399_5136972,8/11/25,,2025-2026
67013680,5 CC-SI-12,67_67399_5136972,8/11/25,,2025-2026
67013423,3 CC-SI-18,67_67399_5136972,8/11/25,,2025-2026
67013423,3 CC-SI-23,67_67399_5136972,8/11/25,,2025-2026
67013580,4 CC-SI-14,67_67399_5136972,8/11/25,,2025-2026
67013580,4 CC-SI-19,67_67399_5136972,8/11/25,,2025-2026
67013653,5 CC-SI-11,67_67399_5136972,8/11/25,,2025-2026
67013653,5 CC-SI-12,67_67399_5136972,8/11/25,,2025-2026
67013620,5 CC-SI-11,67_67399_5136972,8/11/25,,2025-2026
67013620,5 CC-SI-12,67_67399_5136972,8/11/25,,2025-2026
67013562,4 CC-SI-14,67_67399_5136972,8/11/25,,2025-2026
67013562,4 CC-SI-19,67_67399_5136972,8/11/25,,2025-2026
67013291,2 CC-SI-30,67_67399_5136972,8/11/25,,2025-2026
67013291,2 CC-SI-31,67_67399_5136972,8/11/25,,2025-2026
67013473,3 CC-SI-18,67_67399_5136972,8/11/25,,2025-2026
67013473,3 CC-SI-23,67_67399_5136972,8/11/25,,2025-2026
67013253,1 CC-SI-34,67_67399_5136972,8/11/25,,2025-2026
67013253,1 CC-SI-37,67_67399_5136972,8/11/25,,2025-2026
67013515,4 CC-SI-14,67_67399_5136972,8/11/25,,2025-2026
67013515,4 CC-SI-19,67_67399_5136972,8/11/25,,2025-2026
67013914,0495-01,67_67399_5136978,8/11/25,,2025-2026
67013914,0495-02,67_67399_5136978,8/11/25,,2025-2026
67013785,6 CC-SI-08,67_67399_5136972,8/11/25,,2025-2026
67013785,6 CC-SI-09,67_67399_5136972,8/11/25,,2025-2026
67013657,5 CC-SI-11,67_67399_5136972,8/11/25,,2025-2026
67013657,5 CC-SI-12,67_67399_5136972,8/11/25,,2025-2026
67013597,5 CC-SI-11,67_67399_5136972,8/11/25,,2025-2026
67013597,5 CC-SI-12,67_67399_5136972,8/11/25,,2025-2026
67013724,6 CC-SI-08,67_67399_5136972,8/11/25,,2025-2026
67013724,6 CC-SI-09,67_67399_5136972,8/11/25,,2025-2026
67013379,3 CC-SI-18,67_67399_5136972,8/11/25,,2025-2026
67013379,3 CC-SI-23,67_67399_5136972,8/11/25,,2025-2026
67013298,2 CC-SI-30,67_67399_5136972,8/11/25,,2025-2026
67013298,2 CC-SI-31,67_67399_5136972,8/11/25,,2025-2026
67013835,0495-01,67_67399_5136978,8/11/25,,2025-2026
67013835,0495-02,67_67399_5136978,8/11/25,,2025-2026
67013893,0495-01,67_67399_5136978,8/11/25,,2025-2026
67013893,0495-02,67_67399_5136978,8/11/25,,2025-2026
67013821,0495-01,67_67399_5136978,8/11/25,,2025-2026
67013821,0495-02,67_67399_5136978,8/11/25,,2025-2026
67013339,2 CC-SI-30,67_67399_5136972,8/11/25,,2025-2026
67013339,2 CC-SI-31,67_67399_5136972,8/11/25,,2025-2026
67013737,6 CC-SI-08,67_67399_5136972,8/11/25,,2025-2026
67013737,6 CC-SI-09,67_67399_5136972,8/11/25,,2025-2026
67013216,1 CC-SI-34,67_67399_5136972,8/11/25,,2025-2026
67013216,1 CC-SI-37,67_67399_5136972,8/11/25,,2025-2026
67013186,1 CC-SI-34,67_67399_5136972,8/11/25,,2025-2026
67013186,1 CC-SI-37,67_67399_5136972,8/11/25,,2025-2026
67013603,5 CC-SI-11,67_67399_5136972,8/11/25,,2025-2026
67013603,5 CC-SI-12,67_67399_5136972,8/11/25,,2025-2026
67013616,5 CC-SI-11,67_67399_5136972,8/11/25,,2025-2026
67013616,5 CC-SI-12,67_67399_5136972,8/11/25,,2025-2026
67013642,5 CC-SI-11,67_67399_5136972,8/11/25,,2025-2026
67013642,5 CC-SI-12,67_67399_5136972,8/11/25,,2025-2026
67013686,5 CC-SI-11,67_67399_5136972,8/11/25,,2025-2026
67013686,5 CC-SI-12,67_67399_5136972,8/11/25,,2025-2026
67013726,6 CC-SI-08,67_67399_5136972,8/11/25,,2025-2026
67013726,6 CC-SI-09,67_67399_5136972,8/11/25,,2025-2026
67013645,5 CC-SI-11,67_67399_5136972,8/11/25,,2025-2026
67013645,5 CC-SI-12,67_67399_5136972,8/11/25,,2025-2026
67013309,2 CC-SI-30,67_67399_5136972,8/11/25,,2025-2026
67013309,2 CC-SI-31,67_67399_5136972,8/11/25,,2025-2026
67013454,3 CC-SI-18,67_67399_5136972,8/11/25,,2025-2026
67013454,3 CC-SI-23,67_67399_5136972,8/11/25,,2025-2026
67013228,1 CC-SI-34,67_67399_5136972,8/11/25,,2025-2026
67013228,1 CC-SI-37,67_67399_5136972,8/11/25,,2025-2026
67013416,3 CC-SI-18,67_67399_5136972,8/11/25,,2025-2026
67013416,3 CC-SI-23,67_67399_5136972,8/11/25,,2025-2026
67013168,1 CC-SI-34,67_67399_5136972,8/11/25,,2025-2026
67013168,1 CC-SI-37,67_67399_5136972,8/11/25,,2025-2026
67013583,4 CC-SI-14,67_67399_5136972,8/11/25,,2025-2026
67013583,4 CC-SI-19,67_67399_5136972,8/11/25,,2025-2026
67013412,3 CC-SI-18,67_67399_5136972,8/11/25,,2025-2026
67013412,3 CC-SI-23,67_67399_5136972,8/11/25,,2025-2026
67013815,0495-01,67_67399_5136978,8/11/25,,2025-2026
67013815,0495-02,67_67399_5136978,8/11/25,,2025-2026
67013658,5 CC-SI-11,67_67399_5136972,8/11/25,,2025-2026
67013658,5 CC-SI-12,67_67399_5136972,8/11/25,,2025-2026
67013765,6 CC-SI-08,67_67399_5136972,8/11/25,,2025-2026
67013765,6 CC-SI-09,67_67399_5136972,8/11/25,,2025-2026
67013217,1 CC-SI-34,67_67399_5136972,8/11/25,,2025-2026
67013217,1 CC-SI-37,67_67399_5136972,8/11/25,,2025-2026
67013733,6 CC-SI-08,67_67399_5136972,8/11/25,,2025-2026
67013733,6 CC-SI-09,67_67399_5136972,8/11/25,,2025-2026
67013195,1 CC-SI-34,67_67399_5136972,8/11/25,,2025-2026
67013195,1 CC-SI-37,67_67399_5136972,8/11/25,,2025-2026
67013299,2 CC-SI-30,67_67399_5136972,8/11/25,,2025-2026
67013299,2 CC-SI-31,67_67399_5136972,8/11/25,,2025-2026
67013744,6 CC-SI-08,67_67399_5136972,8/11/25,,2025-2026
67013744,6 CC-SI-09,67_67399_5136972,8/11/25,,2025-2026
67013445,3 CC-SI-18,67_67399_5136972,8/11/25,,2025-2026
67013445,3 CC-SI-23,67_67399_5136972,8/11/25,,2025-2026
67013866,0495-01,67_67399_5136978,8/11/25,,2025-2026
67013866,0495-02,67_67399_5136978,8/11/25,,2025-2026
67013154,K CC-SI-03,67_67399_5136972,8/11/25,,2025-2026
67013154,K CC-SI-04,67_67399_5136972,8/11/25,,2025-2026
67013355,2 CC-SI-30,67_67399_5136972,8/11/25,,2025-2026
67013355,2 CC-SI-31,67_67399_5136972,8/11/25,,2025-2026
67013842,0495-01,67_67399_5136978,8/11/25,,2025-2026
67013842,0495-02,67_67399_5136978,8/11/25,,2025-2026
67013678,5 CC-SI-11,67_67399_5136972,8/11/25,,2025-2026
67013678,5 CC-SI-12,67_67399_5136972,8/11/25,,2025-2026
67013582,4 CC-SI-14,67_67399_5136972,8/11/25,,2025-2026
67013582,4 CC-SI-19,67_67399_5136972,8/11/25,,2025-2026
67013719,6 CC-SI-08,67_67399_5136972,8/11/25,,2025-2026
67013719,6 CC-SI-09,67_67399_5136972,8/11/25,,2025-2026
67013400,3 CC-SI-18,67_67399_5136972,8/11/25,,2025-2026
67013400,3 CC-SI-23,67_67399_5136972,8/11/25,,2025-2026
67013157,K CC-SI-03,67_67399_5136972,8/11/25,,2025-2026
67013157,K CC-SI-04,67_67399_5136972,8/11/25,,2025-2026
67013579,4 CC-SI-14,67_67399_5136972,8/11/25,,2025-2026
67013579,4 CC-SI-19,67_67399_5136972,8/11/25,,2025-2026
67013721,6 CC-SI-08,67_67399_5136972,8/11/25,,2025-2026
67013721,6 CC-SI-09,67_67399_5136972,8/11/25,,2025-2026
67013568,4 CC-SI-14,67_67399_5136972,8/11/25,,2025-2026
67013568,4 CC-SI-19,67_67399_5136972,8/11/25,,2025-2026
67013440,3 CC-SI-18,67_67399_5136972,8/11/25,,2025-2026
67013440,3 CC-SI-23,67_67399_5136972,8/11/25,,2025-2026
67013805,6 CC-SI-08,67_67399_5136972,8/11/25,,2025-2026
67013805,6 CC-SI-09,67_67399_5136972,8/11/25,,2025-2026
67013697,5 CC-SI-11,67_67399_5136972,8/11/25,,2025-2026
67013697,5 CC-SI-12,67_67399_5136972,8/11/25,,2025-2026
67013329,2 CC-SI-30,67_67399_5136972,8/11/25,,2025-2026
67013329,2 CC-SI-31,67_67399_5136972,8/11/25,,2025-2026
67013831,0495-01,67_67399_5136978,8/11/25,,2025-2026
67013831,0495-02,67_67399_5136978,8/11/25,,2025-2026
67013897,0495-01,67_67399_5136978,8/11/25,,2025-2026
67013897,0495-02,67_67399_5136978,8/11/25,,2025-2026
67013231,1 CC-SI-34,67_67399_5136972,8/11/25,,2025-2026
67013231,1 CC-SI-37,67_67399_5136972,8/11/25,,2025-2026
67013251,1 CC-SI-34,67_67399_5136972,8/11/25,,2025-2026
67013251,1 CC-SI-37,67_67399_5136972,8/11/25,,2025-2026
67013184,1 CC-SI-34,67_67399_5136972,8/11/25,,2025-2026
67013184,1 CC-SI-37,67_67399_5136972,8/11/25,,2025-2026
67013902,0495-01,67_67399_5136978,8/11/25,,2025-2026
67013902,0495-02,67_67399_5136978,8/11/25,,2025-2026
67013310,2 CC-SI-30,67_67399_5136972,8/11/25,,2025-2026
67013310,2 CC-SI-31,67_67399_5136972,8/11/25,,2025-2026
67013287,2 CC-SI-30,67_67399_5136972,8/11/25,,2025-2026
67013287,2 CC-SI-31,67_67399_5136972,8/11/25,,2025-2026
67013841,0495-01,67_67399_5136978,8/11/25,,2025-2026
67013841,0495-02,67_67399_5136978,8/11/25,,2025-2026
67013519,4 CC-SI-14,67_67399_5136972,8/11/25,,2025-2026
67013519,4 CC-SI-19,67_67399_5136972,8/11/25,,2025-2026
67013146,K CC-SI-03,67_67399_5136972,8/11/25,,2025-2026
67013146,K CC-SI-04,67_67399_5136972,8/11/25,,2025-2026
67013528,4 CC-SI-14,67_67399_5136972,8/11/25,,2025-2026
67013528,4 CC-SI-19,67_67399_5136972,8/11/25,,2025-2026
67013807,6 CC-SI-08,67_67399_5136972,8/11/25,,2025-2026
67013807,6 CC-SI-09,67_67399_5136972,8/11/25,,2025-2026
67013130,K CC-SI-03,67_67399_5136972,8/11/25,,2025-2026
67013130,K CC-SI-04,67_67399_5136972,8/11/25,,2025-2026
67013524,4 CC-SI-14,67_67399_5136972,8/11/25,,2025-2026
67013524,4 CC-SI-19,67_67399_5136972,8/11/25,,2025-2026
67013273,2 CC-SI-30,67_67399_5136972,8/11/25,,2025-2026
67013273,2 CC-SI-31,67_67399_5136972,8/11/25,,2025-2026
67013625,5 CC-SI-11,67_67399_5136972,8/11/25,,2025-2026
67013625,5 CC-SI-12,67_67399_5136972,8/11/25,,2025-2026
67013475,3 CC-SI-18,67_67399_5136972,8/11/25,,2025-2026
67013475,3 CC-SI-23,67_67399_5136972,8/11/25,,2025-2026
67013722,6 CC-SI-08,67_67399_5136972,8/11/25,,2025-2026
67013722,6 CC-SI-09,67_67399_5136972,8/11/25,,2025-2026
67013447,3 CC-SI-18,67_67399_5136972,8/11/25,,2025-2026
67013447,3 CC-SI-23,67_67399_5136972,8/11/25,,2025-2026
67013494,4 CC-SI-14,67_67399_5136972,8/11/25,,2025-2026
67013494,4 CC-SI-19,67_67399_5136972,8/11/25,,2025-2026
67013438,3 CC-SI-18,67_67399_5136972,8/11/25,,2025-2026
67013438,3 CC-SI-23,67_67399_5136972,8/11/25,,2025-2026
67013757,6 CC-SI-08,67_67399_5136972,8/11/25,,2025-2026
67013757,6 CC-SI-09,67_67399_5136972,8/11/25,,2025-2026
67013238,1 CC-SI-34,67_67399_5136972,8/11/25,,2025-2026
67013238,1 CC-SI-37,67_67399_5136972,8/11/25,,2025-2026
67013895,0495-01,67_67399_5136978,8/11/25,,2025-2026
67013895,0495-02,67_67399_5136978,8/11/25,,2025-2026
67013777,6 CC-SI-08,67_67399_5136972,8/11/25,,2025-2026
67013777,6 CC-SI-09,67_67399_5136972,8/11/25,,2025-2026
67013578,4 CC-SI-14,67_67399_5136972,8/11/25,,2025-2026
67013578,4 CC-SI-19,67_67399_5136972,8/11/25,,2025-2026
67013172,1 CC-SI-34,67_67399_5136972,8/11/25,,2025-2026
67013172,1 CC-SI-37,67_67399_5136972,8/11/25,,2025-2026
67013311,2 CC-SI-30,67_67399_5136972,8/11/25,,2025-2026
67013311,2 CC-SI-31,67_67399_5136972,8/11/25,,2025-2026
67013694,5 CC-SI-11,67_67399_5136972,8/11/25,,2025-2026
67013694,5 CC-SI-12,67_67399_5136972,8/11/25,,2025-2026
67013881,0495-01,67_67399_5136978,8/11/25,,2025-2026
67013881,0495-02,67_67399_5136978,8/11/25,,2025-2026
67013540,4 CC-SI-14,67_67399_5136972,8/11/25,,2025-2026
67013540,4 CC-SI-19,67_67399_5136972,8/11/25,,2025-2026
67013837,0495-01,67_67399_5136978,8/11/25,,2025-2026
67013837,0495-02,67_67399_5136978,8/11/25,,2025-2026
67013428,3 CC-SI-18,67_67399_5136972,8/11/25,,2025-2026
67013428,3 CC-SI-23,67_67399_5136972,8/11/25,,2025-2026
67013415,3 CC-SI-18,67_67399_5136972,8/11/25,,2025-2026
67013415,3 CC-SI-23,67_67399_5136972,8/11/25,,2025-2026
67013826,0495-01,67_67399_5136978,8/11/25,,2025-2026
67013826,0495-02,67_67399_5136978,8/11/25,,2025-2026
67013781,6 CC-SI-08,67_67399_5136972,8/11/25,,2025-2026
67013781,6 CC-SI-09,67_67399_5136972,8/11/25,,2025-2026
67013688,5 CC-SI-11,67_67399_5136972,8/11/25,,2025-2026
67013688,5 CC-SI-12,67_67399_5136972,8/11/25,,2025-2026
67013916,0495-01,67_67399_5136978,8/11/25,,2025-2026
67013916,0495-02,67_67399_5136978,8/11/25,,2025-2026
67013534,4 CC-SI-14,67_67399_5136972,8/11/25,,2025-2026
67013534,4 CC-SI-19,67_67399_5136972,8/11/25,,2025-2026
67013592,5 CC-SI-11,67_67399_5136972,8/11/25,,2025-2026
67013592,5 CC-SI-12,67_67399_5136972,8/11/25,,2025-2026
67013159,K CC-SI-03,67_67399_5136972,8/11/25,,2025-2026
67013159,K CC-SI-04,67_67399_5136972,8/11/25,,2025-2026
67013434,3 CC-SI-18,67_67399_5136972,8/11/25,,2025-2026
67013434,3 CC-SI-23,67_67399_5136972,8/11/25,,2025-2026
67013542,4 CC-SI-14,67_67399_5136972,8/11/25,,2025-2026
67013542,4 CC-SI-19,67_67399_5136972,8/11/25,,2025-2026
67013651,5 CC-SI-11,67_67399_5136972,8/11/25,,2025-2026
67013651,5 CC-SI-12,67_67399_5136972,8/11/25,,2025-2026
67013429,3 CC-SI-18,67_67399_5136972,8/11/25,,2025-2026
67013429,3 CC-SI-23,67_67399_5136972,8/11/25,,2025-2026
67013127,K CC-SI-03,67_67399_5136972,8/11/25,,2025-2026
67013127,K CC-SI-04,67_67399_5136972,8/11/25,,2025-2026
67013520,4 CC-SI-14,67_67399_5136972,8/11/25,,2025-2026
67013520,4 CC-SI-19,67_67399_5136972,8/11/25,,2025-2026
67013851,0495-01,67_67399_5136978,8/11/25,,2025-2026
67013851,0495-02,67_67399_5136978,8/11/25,,2025-2026
67013136,K CC-SI-03,67_67399_5136972,8/11/25,,2025-2026
67013136,K CC-SI-04,67_67399_5136972,8/11/25,,2025-2026
67013738,6 CC-SI-08,67_67399_5136972,8/11/25,,2025-2026
67013738,6 CC-SI-09,67_67399_5136972,8/11/25,,2025-2026
67013500,4 CC-SI-14,67_67399_5136972,8/11/25,,2025-2026
67013500,4 CC-SI-19,67_67399_5136972,8/11/25,,2025-2026
67013131,K CC-SI-03,67_67399_5136972,8/11/25,,2025-2026
67013131,K CC-SI-04,67_67399_5136972,8/11/25,,2025-2026
67013590,4 CC-SI-14,67_67399_5136972,8/11/25,,2025-2026
67013590,4 CC-SI-19,67_67399_5136972,8/11/25,,2025-2026
67013849,0495-01,67_67399_5136978,8/11/25,,2025-2026
67013849,0495-02,67_67399_5136978,8/11/25,,2025-2026
67013714,5 CC-SI-11,67_67399_5136972,8/11/25,,2025-2026
67013714,5 CC-SI-12,67_67399_5136972,8/11/25,,2025-2026
67013857,0495-01,67_67399_5136978,8/11/25,,2025-2026
67013857,0495-02,67_67399_5136978,8/11/25,,2025-2026
67013165,K CC-SI-03,67_67399_5136972,8/11/25,,2025-2026
67013165,K CC-SI-04,67_67399_5136972,8/11/25,,2025-2026
67013555,4 CC-SI-14,67_67399_5136972,8/11/25,,2025-2026
67013555,4 CC-SI-19,67_67399_5136972,8/11/25,,2025-2026
67013679,5 CC-SI-11,67_67399_5136972,8/11/25,,2025-2026
67013679,5 CC-SI-12,67_67399_5136972,8/11/25,,2025-2026
67013628,5 CC-SI-11,67_67399_5136972,8/11/25,,2025-2026
67013628,5 CC-SI-12,67_67399_5136972,8/11/25,,2025-2026
67013682,5 CC-SI-11,67_67399_5136972,8/11/25,,2025-2026
67013682,5 CC-SI-12,67_67399_5136972,8/11/25,,2025-2026
67013619,5 CC-SI-11,67_67399_5136972,8/11/25,,2025-2026
67013619,5 CC-SI-12,67_67399_5136972,8/11/25,,2025-2026
67013775,6 CC-SI-08,67_67399_5136972,8/11/25,,2025-2026
67013775,6 CC-SI-09,67_67399_5136972,8/11/25,,2025-2026
67013323,2 CC-SI-30,67_67399_5136972,8/11/25,,2025-2026
67013323,2 CC-SI-31,67_67399_5136972,8/11/25,,2025-2026
67013618,5 CC-SI-11,67_67399_5136972,8/11/25,,2025-2026
67013618,5 CC-SI-12,67_67399_5136972,8/11/25,,2025-2026
67013471,3 CC-SI-18,67_67399_5136972,8/11/25,,2025-2026
67013471,3 CC-SI-23,67_67399_5136972,8/11/25,,2025-2026
67013259,2 CC-SI-30,67_67399_5136972,8/11/25,,2025-2026
67013259,2 CC-SI-31,67_67399_5136972,8/11/25,,2025-2026
67013297,2 CC-SI-30,67_67399_5136972,8/11/25,,2025-2026
67013297,2 CC-SI-31,67_67399_5136972,8/11/25,,2025-2026
67013596,5 CC-SI-11,67_67399_5136972,8/11/25,,2025-2026
67013596,5 CC-SI-12,67_67399_5136972,8/11/25,,2025-2026
67013879,0495-01,67_67399_5136978,8/11/25,,2025-2026
67013879,0495-02,67_67399_5136978,8/11/25,,2025-2026
67013158,K CC-SI-03,67_67399_5136972,8/11/25,,2025-2026
67013158,K CC-SI-04,67_67399_5136972,8/11/25,,2025-2026
67013414,3 CC-SI-18,67_67399_5136972,8/11/25,,2025-2026
67013414,3 CC-SI-23,67_67399_5136972,8/11/25,,2025-2026
67013308,2 CC-SI-30,67_67399_5136972,8/11/25,,2025-2026
67013308,2 CC-SI-31,67_67399_5136972,8/11/25,,2025-2026
67013664,5 CC-SI-11,67_67399_5136972,8/11/25,,2025-2026
67013664,5 CC-SI-12,67_67399_5136972,8/11/25,,2025-2026
67013703,5 CC-SI-11,67_67399_5136972,8/11/25,,2025-2026
67013703,5 CC-SI-12,67_67399_5136972,8/11/25,,2025-2026
67013143,K CC-SI-03,67_67399_5136972,8/11/25,,2025-2026
67013143,K CC-SI-04,67_67399_5136972,8/11/25,,2025-2026
67013502,4 CC-SI-14,67_67399_5136972,8/11/25,,2025-2026
67013502,4 CC-SI-19,67_67399_5136972,8/11/25,,2025-2026
67013272,2 CC-SI-30,67_67399_5136972,8/11/25,,2025-2026
67013272,2 CC-SI-31,67_67399_5136972,8/11/25,,2025-2026
67013466,3 CC-SI-18,67_67399_5136972,8/11/25,,2025-2026
67013466,3 CC-SI-23,67_67399_5136972,8/11/25,,2025-2026
67013124,K CC-SI-03,67_67399_5136972,8/11/25,,2025-2026
67013124,K CC-SI-04,67_67399_5136972,8/11/25,,2025-2026
67013747,6 CC-SI-08,67_67399_5136972,8/11/25,,2025-2026
67013747,6 CC-SI-09,67_67399_5136972,8/11/25,,2025-2026
67013763,6 CC-SI-08,67_67399_5136972,8/11/25,,2025-2026
67013763,6 CC-SI-09,67_67399_5136972,8/11/25,,2025-2026
67013640,5 CC-SI-11,67_67399_5136972,8/11/25,,2025-2026
67013640,5 CC-SI-12,67_67399_5136972,8/11/25,,2025-2026
67013604,5 CC-SI-11,67_67399_5136972,8/11/25,,2025-2026
67013604,5 CC-SI-12,67_67399_5136972,8/11/25,,2025-2026
67013352,2 CC-SI-30,67_67399_5136972,8/11/25,,2025-2026
67013352,2 CC-SI-31,67_67399_5136972,8/11/25,,2025-2026
67013307,2 CC-SI-30,67_67399_5136972,8/11/25,,2025-2026
67013307,2 CC-SI-31,67_67399_5136972,8/11/25,,2025-2026
67013300,2 CC-SI-30,67_67399_5136972,8/11/25,,2025-2026
67013300,2 CC-SI-31,67_67399_5136972,8/11/25,,2025-2026
67013335,2 CC-SI-30,67_67399_5136972,8/11/25,,2025-2026
67013335,2 CC-SI-31,67_67399_5136972,8/11/25,,2025-2026
67013861,0495-01,67_67399_5136978,8/11/25,,2025-2026
67013861,0495-02,67_67399_5136978,8/11/25,,2025-2026
67013940,1 DL-SI-23,67_67399_5136973,8/11/25,,2025-2026
67013940,1DL-DI-T12,67_67399_5136973,8/11/25,,2025-2026
67014478,0495-01,67_67399_5136978,8/11/25,,2025-2026
67014478,0495-02,67_67399_5136978,8/11/25,,2025-2026
67014348,6 DL-SI-54,67_67399_5136973,8/11/25,,2025-2026
67014348,6 DL-SI-55,67_67399_5136973,8/11/25,,2025-2026
67013996,1 DL-SI-23,67_67399_5136973,8/11/25,,2025-2026
67013996,1DL-DI-T12,67_67399_5136973,8/11/25,,2025-2026
67014319,5 DL-SI-42,67_67399_5136973,8/11/25,,2025-2026
67014319,5 DL-SI-43,67_67399_5136973,8/11/25,,2025-2026
67014031,2 DL-SI-T5,67_67399_5136973,8/11/25,,2025-2026
67014031,2 DL-SI-T7,67_67399_5136973,8/11/25,,2025-2026
67014413,6 DL-SI-54,67_67399_5136973,8/11/25,,2025-2026
67014413,6 DL-SI-55,67_67399_5136973,8/11/25,,2025-2026
67014514,0495-01,67_67399_5136978,8/11/25,,2025-2026
67014514,0495-02,67_67399_5136978,8/11/25,,2025-2026
67014138,3 DL-SI-22,67_67399_5136973,8/11/25,,2025-2026
67014138,3 DL-SI-23,67_67399_5136973,8/11/25,,2025-2026
67014135,3 DL-SI-22,67_67399_5136973,8/11/25,,2025-2026
67014135,3 DL-SI-23,67_67399_5136973,8/11/25,,2025-2026
67014185,4 DL-SI-32,67_67399_5136973,8/11/25,,2025-2026
67014185,4 DL-SI-33,67_67399_5136973,8/11/25,,2025-2026
67014080,3 DL-SI-22,67_67399_5136973,8/11/25,,2025-2026
67014080,3 DL-SI-23,67_67399_5136973,8/11/25,,2025-2026
67013982,1 DL-SI-23,67_67399_5136973,8/11/25,,2025-2026
67013982,1DL-DI-T12,67_67399_5136973,8/11/25,,2025-2026
67013969,1 DL-SI-23,67_67399_5136973,8/11/25,,2025-2026
67013969,1DL-DI-T12,67_67399_5136973,8/11/25,,2025-2026
67014099,3 DL-SI-22,67_67399_5136973,8/11/25,,2025-2026
67014099,3 DL-SI-23,67_67399_5136973,8/11/25,,2025-2026
67014013,1 DL-SI-23,67_67399_5136973,8/11/25,,2025-2026
67014013,1DL-DI-T12,67_67399_5136973,8/11/25,,2025-2026
67014534,0495-01,67_67399_5136978,8/11/25,,2025-2026
67014534,0495-02,67_67399_5136978,8/11/25,,2025-2026
67014487,0495-01,67_67399_5136978,8/11/25,,2025-2026
67014487,0495-02,67_67399_5136978,8/11/25,,2025-2026
67014543,0495-01,67_67399_5136978,8/11/25,,2025-2026
67014543,0495-02,67_67399_5136978,8/11/25,,2025-2026
67014012,1 DL-SI-23,67_67399_5136973,8/11/25,,2025-2026
67014012,1DL-DI-T12,67_67399_5136973,8/11/25,,2025-2026
67014053,2 DL-SI-T5,67_67399_5136973,8/11/25,,2025-2026
67014053,2 DL-SI-T7,67_67399_5136973,8/11/25,,2025-2026
67014406,6 DL-SI-54,67_67399_5136973,8/11/25,,2025-2026
67014406,6 DL-SI-55,67_67399_5136973,8/11/25,,2025-2026
67014300,5 DL-SI-42,67_67399_5136973,8/11/25,,2025-2026
67014300,5 DL-SI-43,67_67399_5136973,8/11/25,,2025-2026
67014536,0495-01,67_67399_5136978,8/11/25,,2025-2026
67014536,0495-02,67_67399_5136978,8/11/25,,2025-2026
67013973,1 DL-SI-23,67_67399_5136973,8/11/25,,2025-2026
67013973,1DL-DI-T12,67_67399_5136973,8/11/25,,2025-2026
67014292,5 DL-SI-42,67_67399_5136973,8/11/25,,2025-2026
67014292,5 DL-SI-43,67_67399_5136973,8/11/25,,2025-2026
67014443,6 DL-SI-54,67_67399_5136973,8/11/25,,2025-2026
67014443,6 DL-SI-55,67_67399_5136973,8/11/25,,2025-2026
67014122,3 DL-SI-22,67_67399_5136973,8/11/25,,2025-2026
67014122,3 DL-SI-23,67_67399_5136973,8/11/25,,2025-2026
67014156,3 DL-SI-22,67_67399_5136973,8/11/25,,2025-2026
67014156,3 DL-SI-23,67_67399_5136973,8/11/25,,2025-2026
67013948,1 DL-SI-23,67_67399_5136973,8/11/25,,2025-2026
67013948,1DL-DI-T12,67_67399_5136973,8/11/25,,2025-2026
67014172,4 DL-SI-32,67_67399_5136973,8/11/25,,2025-2026
67014172,4 DL-SI-33,67_67399_5136973,8/11/25,,2025-2026
67014275,5 DL-SI-42,67_67399_5136973,8/11/25,,2025-2026
67014275,5 DL-SI-43,67_67399_5136973,8/11/25,,2025-2026
67014493,0495-01,67_67399_5136978,8/11/25,,2025-2026
67014493,0495-02,67_67399_5136978,8/11/25,,2025-2026
67014058,2 DL-SI-T5,67_67399_5136973,8/11/25,,2025-2026
67014058,2 DL-SI-T7,67_67399_5136973,8/11/25,,2025-2026
67014364,6 DL-SI-54,67_67399_5136973,8/11/25,,2025-2026
67014364,6 DL-SI-55,67_67399_5136973,8/11/25,,2025-2026
67014410,6 DL-SI-54,67_67399_5136973,8/11/25,,2025-2026
67014410,6 DL-SI-55,67_67399_5136973,8/11/25,,2025-2026
67014078,3 DL-SI-22,67_67399_5136973,8/11/25,,2025-2026
67014078,3 DL-SI-23,67_67399_5136973,8/11/25,,2025-2026
67014035,2 DL-SI-T5,67_67399_5136973,8/11/25,,2025-2026
67014035,2 DL-SI-T7,67_67399_5136973,8/11/25,,2025-2026
67014219,4 DL-SI-32,67_67399_5136973,8/11/25,,2025-2026
67014219,4 DL-SI-33,67_67399_5136973,8/11/25,,2025-2026
67013953,1 DL-SI-23,67_67399_5136973,8/11/25,,2025-2026
67013953,1DL-DI-T12,67_67399_5136973,8/11/25,,2025-2026
67014084,3 DL-SI-22,67_67399_5136973,8/11/25,,2025-2026
67014084,3 DL-SI-23,67_67399_5136973,8/11/25,,2025-2026
67014222,4 DL-SI-32,67_67399_5136973,8/11/25,,2025-2026
67014222,4 DL-SI-33,67_67399_5136973,8/11/25,,2025-2026
67014274,5 DL-SI-42,67_67399_5136973,8/11/25,,2025-2026
67014274,5 DL-SI-43,67_67399_5136973,8/11/25,,2025-2026
67014205,4 DL-SI-32,67_67399_5136973,8/11/25,,2025-2026
67014205,4 DL-SI-33,67_67399_5136973,8/11/25,,2025-2026
67014399,6 DL-SI-54,67_67399_5136973,8/11/25,,2025-2026
67014399,6 DL-SI-55,67_67399_5136973,8/11/25,,2025-2026
67013978,1 DL-SI-23,67_67399_5136973,8/11/25,,2025-2026
67013978,1DL-DI-T12,67_67399_5136973,8/11/25,,2025-2026
67014513,0495-01,67_67399_5136978,8/11/25,,2025-2026
67014513,0495-02,67_67399_5136978,8/11/25,,2025-2026
67014470,0495-01,67_67399_5136978,8/11/25,,2025-2026
67014470,0495-02,67_67399_5136978,8/11/25,,2025-2026
67014147,3 DL-SI-22,67_67399_5136973,8/11/25,,2025-2026
67014147,3 DL-SI-23,67_67399_5136973,8/11/25,,2025-2026
67014444,6 DL-SI-54,67_67399_5136973,8/11/25,,2025-2026
67014444,6 DL-SI-55,67_67399_5136973,8/11/25,,2025-2026
67014398,6 DL-SI-54,67_67399_5136973,8/11/25,,2025-2026
67014398,6 DL-SI-55,67_67399_5136973,8/11/25,,2025-2026
67014305,5 DL-SI-42,67_67399_5136973,8/11/25,,2025-2026
67014305,5 DL-SI-43,67_67399_5136973,8/11/25,,2025-2026
67014279,5 DL-SI-42,67_67399_5136973,8/11/25,,2025-2026
67014279,5 DL-SI-43,67_67399_5136973,8/11/25,,2025-2026
67014059,2 DL-SI-T5,67_67399_5136973,8/11/25,,2025-2026
67014059,2 DL-SI-T7,67_67399_5136973,8/11/25,,2025-2026
67014325,5 DL-SI-42,67_67399_5136973,8/11/25,,2025-2026
67014325,5 DL-SI-43,67_67399_5136973,8/11/25,,2025-2026
67014428,6 DL-SI-54,67_67399_5136973,8/11/25,,2025-2026
67014428,6 DL-SI-55,67_67399_5136973,8/11/25,,2025-2026
67014069,2 DL-SI-T5,67_67399_5136973,8/11/25,,2025-2026
67014069,2 DL-SI-T7,67_67399_5136973,8/11/25,,2025-2026
67014270,5 DL-SI-42,67_67399_5136973,8/11/25,,2025-2026
67014270,5 DL-SI-43,67_67399_5136973,8/11/25,,2025-2026
67014328,5 DL-SI-42,67_67399_5136973,8/11/25,,2025-2026
67014328,5 DL-SI-43,67_67399_5136973,8/11/25,,2025-2026
67014376,6 DL-SI-54,67_67399_5136973,8/11/25,,2025-2026
67014376,6 DL-SI-55,67_67399_5136973,8/11/25,,2025-2026
67014097,3 DL-SI-22,67_67399_5136973,8/11/25,,2025-2026
67014097,3 DL-SI-23,67_67399_5136973,8/11/25,,2025-2026
67014155,3 DL-SI-22,67_67399_5136973,8/11/25,,2025-2026
67014155,3 DL-SI-23,67_67399_5136973,8/11/25,,2025-2026
67014072,2 DL-SI-T5,67_67399_5136973,8/11/25,,2025-2026
67014072,2 DL-SI-T7,67_67399_5136973,8/11/25,,2025-2026
67014535,0495-01,67_67399_5136978,8/11/25,,2025-2026
67014535,0495-02,67_67399_5136978,8/11/25,,2025-2026
67014365,6 DL-SI-54,67_67399_5136973,8/11/25,,2025-2026
67014365,6 DL-SI-55,67_67399_5136973,8/11/25,,2025-2026
67014455,0495-01,67_67399_5136978,8/11/25,,2025-2026
67014455,0495-02,67_67399_5136978,8/11/25,,2025-2026
67014006,1 DL-SI-23,67_67399_5136973,8/11/25,,2025-2026
67014006,1DL-DI-T12,67_67399_5136973,8/11/25,,2025-2026
67014362,6 DL-SI-54,67_67399_5136973,8/11/25,,2025-2026
67014362,6 DL-SI-55,67_67399_5136973,8/11/25,,2025-2026
67014102,3 DL-SI-22,67_67399_5136973,8/11/25,,2025-2026
67014102,3 DL-SI-23,67_67399_5136973,8/11/25,,2025-2026
67014061,2 DL-SI-T5,67_67399_5136973,8/11/25,,2025-2026
67014061,2 DL-SI-T7,67_67399_5136973,8/11/25,,2025-2026
67014269,5 DL-SI-42,67_67399_5136973,8/11/25,,2025-2026
67014269,5 DL-SI-43,67_67399_5136973,8/11/25,,2025-2026
67014192,4 DL-SI-32,67_67399_5136973,8/11/25,,2025-2026
67014192,4 DL-SI-33,67_67399_5136973,8/11/25,,2025-2026
67014302,5 DL-SI-42,67_67399_5136973,8/11/25,,2025-2026
67014302,5 DL-SI-43,67_67399_5136973,8/11/25,,2025-2026
67014009,1 DL-SI-23,67_67399_5136973,8/11/25,,2025-2026
67014009,1DL-DI-T12,67_67399_5136973,8/11/25,,2025-2026
67014007,1 DL-SI-23,67_67399_5136973,8/11/25,,2025-2026
67014007,1DL-DI-T12,67_67399_5136973,8/11/25,,2025-2026
67014382,6 DL-SI-54,67_67399_5136973,8/11/25,,2025-2026
67014382,6 DL-SI-55,67_67399_5136973,8/11/25,,2025-2026
67014351,6 DL-SI-54,67_67399_5136973,8/11/25,,2025-2026
67014351,6 DL-SI-55,67_67399_5136973,8/11/25,,2025-2026
67014063,2 DL-SI-T5,67_67399_5136973,8/11/25,,2025-2026
67014063,2 DL-SI-T7,67_67399_5136973,8/11/25,,2025-2026
67014129,3 DL-SI-22,67_67399_5136973,8/11/25,,2025-2026
67014129,3 DL-SI-23,67_67399_5136973,8/11/25,,2025-2026
67013964,1 DL-SI-23,67_67399_5136973,8/11/25,,2025-2026
67013964,1DL-DI-T12,67_67399_5136973,8/11/25,,2025-2026
67014033,2 DL-SI-T5,67_67399_5136973,8/11/25,,2025-2026
67014033,2 DL-SI-T7,67_67399_5136973,8/11/25,,2025-2026
67014103,3 DL-SI-22,67_67399_5136973,8/11/25,,2025-2026
67014103,3 DL-SI-23,67_67399_5136973,8/11/25,,2025-2026
67014402,6 DL-SI-54,67_67399_5136973,8/11/25,,2025-2026
67014402,6 DL-SI-55,67_67399_5136973,8/11/25,,2025-2026
67013918,K DL-DI-K1,67_67399_5136973,8/11/25,,2025-2026
67013918,K DL-DI-K4,67_67399_5136973,8/11/25,,2025-2026
67014511,0495-01,67_67399_5136978,8/11/25,,2025-2026
67014511,0495-02,67_67399_5136978,8/11/25,,2025-2026
67014459,0495-01,67_67399_5136978,8/11/25,,2025-2026
67014459,0495-02,67_67399_5136978,8/11/25,,2025-2026
67014479,0495-01,67_67399_5136978,8/11/25,,2025-2026
67014479,0495-02,67_67399_5136978,8/11/25,,2025-2026
67014199,4 DL-SI-32,67_67399_5136973,8/11/25,,2025-2026
67014199,4 DL-SI-33,67_67399_5136973,8/11/25,,2025-2026
67014123,3 DL-SI-22,67_67399_5136973,8/11/25,,2025-2026
67014123,3 DL-SI-23,67_67399_5136973,8/11/25,,2025-2026
67014018,2 DL-SI-T5,67_67399_5136973,8/11/25,,2025-2026
67014018,2 DL-SI-T7,67_67399_5136973,8/11/25,,2025-2026
67013993,1 DL-SI-23,67_67399_5136973,8/11/25,,2025-2026
67013993,1DL-DI-T12,67_67399_5136973,8/11/25,,2025-2026
67014333,5 DL-SI-42,67_67399_5136973,8/11/25,,2025-2026
67014333,5 DL-SI-43,67_67399_5136973,8/11/25,,2025-2026
67014375,6 DL-SI-54,67_67399_5136973,8/11/25,,2025-2026
67014375,6 DL-SI-55,67_67399_5136973,8/11/25,,2025-2026
67014293,5 DL-SI-42,67_67399_5136973,8/11/25,,2025-2026
67014293,5 DL-SI-43,67_67399_5136973,8/11/25,,2025-2026
67014417,6 DL-SI-54,67_67399_5136973,8/11/25,,2025-2026
67014417,6 DL-SI-55,67_67399_5136973,8/11/25,,2025-2026
67013986,1 DL-SI-23,67_67399_5136973,8/11/25,,2025-2026
67013986,1DL-DI-T12,67_67399_5136973,8/11/25,,2025-2026
67013963,1 DL-SI-23,67_67399_5136973,8/11/25,,2025-2026
67013963,1DL-DI-T12,67_67399_5136973,8/11/25,,2025-2026
67014241,5 DL-SI-42,67_67399_5136973,8/11/25,,2025-2026
67014241,5 DL-SI-43,67_67399_5136973,8/11/25,,2025-2026
67013976,1 DL-SI-23,67_67399_5136973,8/11/25,,2025-2026
67013976,1DL-DI-T12,67_67399_5136973,8/11/25,,2025-2026
67014526,0495-01,67_67399_5136978,8/11/25,,2025-2026
67014526,0495-02,67_67399_5136978,8/11/25,,2025-2026
67014074,2 DL-SI-T5,67_67399_5136973,8/11/25,,2025-2026
67014074,2 DL-SI-T7,67_67399_5136973,8/11/25,,2025-2026
67014445,6 DL-SI-54,67_67399_5136973,8/11/25,,2025-2026
67014445,6 DL-SI-55,67_67399_5136973,8/11/25,,2025-2026
67014047,2 DL-SI-T5,67_67399_5136973,8/11/25,,2025-2026
67014047,2 DL-SI-T7,67_67399_5136973,8/11/25,,2025-2026
67014289,5 DL-SI-42,67_67399_5136973,8/11/25,,2025-2026
67014289,5 DL-SI-43,67_67399_5136973,8/11/25,,2025-2026
67014432,6 DL-SI-54,67_67399_5136973,8/11/25,,2025-2026
67014432,6 DL-SI-55,67_67399_5136973,8/11/25,,2025-2026
67014000,1 DL-SI-23,67_67399_5136973,8/11/25,,2025-2026
67014000,1DL-DI-T12,67_67399_5136973,8/11/25,,2025-2026
67014108,3 DL-SI-22,67_67399_5136973,8/11/25,,2025-2026
67014108,3 DL-SI-23,67_67399_5136973,8/11/25,,2025-2026
67014356,6 DL-SI-54,67_67399_5136973,8/11/25,,2025-2026
67014356,6 DL-SI-55,67_67399_5136973,8/11/25,,2025-2026
67014401,6 DL-SI-54,67_67399_5136973,8/11/25,,2025-2026
67014401,6 DL-SI-55,67_67399_5136973,8/11/25,,2025-2026
67014368,6 DL-SI-54,67_67399_5136973,8/11/25,,2025-2026
67014368,6 DL-SI-55,67_67399_5136973,8/11/25,,2025-2026
67014054,2 DL-SI-T5,67_67399_5136973,8/11/25,,2025-2026
67014054,2 DL-SI-T7,67_67399_5136973,8/11/25,,2025-2026
67014163,4 DL-SI-32,67_67399_5136973,8/11/25,,2025-2026
67014163,4 DL-SI-33,67_67399_5136973,8/11/25,,2025-2026
67014169,4 DL-SI-32,67_67399_5136973,8/11/25,,2025-2026
67014169,4 DL-SI-33,67_67399_5136973,8/11/25,,2025-2026
67014124,3 DL-SI-22,67_67399_5136973,8/11/25,,2025-2026
67014124,3 DL-SI-23,67_67399_5136973,8/11/25,,2025-2026
67014461,0495-01,67_67399_5136978,8/11/25,,2025-2026
67014461,0495-02,67_67399_5136978,8/11/25,,2025-2026
67014165,4 DL-SI-32,67_67399_5136973,8/11/25,,2025-2026
67014165,4 DL-SI-33,67_67399_5136973,8/11/25,,2025-2026
67014239,5 DL-SI-42,67_67399_5136973,8/11/25,,2025-2026
67014239,5 DL-SI-43,67_67399_5136973,8/11/25,,2025-2026
67014117,3 DL-SI-22,67_67399_5136973,8/11/25,,2025-2026
67014117,3 DL-SI-23,67_67399_5136973,8/11/25,,2025-2026
67013947,1 DL-SI-23,67_67399_5136973,8/11/25,,2025-2026
67013947,1DL-DI-T12,67_67399_5136973,8/11/25,,2025-2026
67014208,4 DL-SI-32,67_67399_5136973,8/11/25,,2025-2026
67014208,4 DL-SI-33,67_67399_5136973,8/11/25,,2025-2026
67014407,6 DL-SI-54,67_67399_5136973,8/11/25,,2025-2026
67014407,6 DL-SI-55,67_67399_5136973,8/11/25,,2025-2026
67014337,6 DL-SI-54,67_67399_5136973,8/11/25,,2025-2026
67014337,6 DL-SI-55,67_67399_5136973,8/11/25,,2025-2026
67014353,6 DL-SI-54,67_67399_5136973,8/11/25,,2025-2026
67014353,6 DL-SI-55,67_67399_5136973,8/11/25,,2025-2026
67014347,6 DL-SI-54,67_67399_5136973,8/11/25,,2025-2026
67014347,6 DL-SI-55,67_67399_5136973,8/11/25,,2025-2026
67014218,4 DL-SI-32,67_67399_5136973,8/11/25,,2025-2026
67014218,4 DL-SI-33,67_67399_5136973,8/11/25,,2025-2026
67014540,0495-01,67_67399_5136978,8/11/25,,2025-2026
67014540,0495-02,67_67399_5136978,8/11/25,,2025-2026
67013919,K DL-DI-K1,67_67399_5136973,8/11/25,,2025-2026
67013919,K DL-DI-K4,67_67399_5136973,8/11/25,,2025-2026
67014516,0495-01,67_67399_5136978,8/11/25,,2025-2026
67014516,0495-02,67_67399_5136978,8/11/25,,2025-2026
67014329,5 DL-SI-42,67_67399_5136973,8/11/25,,2025-2026
67014329,5 DL-SI-43,67_67399_5136973,8/11/25,,2025-2026
67014321,5 DL-SI-42,67_67399_5136973,8/11/25,,2025-2026
67014321,5 DL-SI-43,67_67399_5136973,8/11/25,,2025-2026
67013962,1 DL-SI-23,67_67399_5136973,8/11/25,,2025-2026
67013962,1DL-DI-T12,67_67399_5136973,8/11/25,,2025-2026
67013968,1 DL-SI-23,67_67399_5136973,8/11/25,,2025-2026
67013968,1DL-DI-T12,67_67399_5136973,8/11/25,,2025-2026
67014087,3 DL-SI-22,67_67399_5136973,8/11/25,,2025-2026
67014087,3 DL-SI-23,67_67399_5136973,8/11/25,,2025-2026
67013992,1 DL-SI-23,67_67399_5136973,8/11/25,,2025-2026
67013992,1DL-DI-T12,67_67399_5136973,8/11/25,,2025-2026
67013999,1 DL-SI-23,67_67399_5136973,8/11/25,,2025-2026
67013999,1DL-DI-T12,67_67399_5136973,8/11/25,,2025-2026
67014374,6 DL-SI-54,67_67399_5136973,8/11/25,,2025-2026
67014374,6 DL-SI-55,67_67399_5136973,8/11/25,,2025-2026
67014266,5 DL-SI-42,67_67399_5136973,8/11/25,,2025-2026
67014266,5 DL-SI-43,67_67399_5136973,8/11/25,,2025-2026
67014499,0495-01,67_67399_5136978,8/11/25,,2025-2026
67014499,0495-02,67_67399_5136978,8/11/25,,2025-2026
67014326,5 DL-SI-42,67_67399_5136973,8/11/25,,2025-2026
67014326,5 DL-SI-43,67_67399_5136973,8/11/25,,2025-2026
67014152,3 DL-SI-22,67_67399_5136973,8/11/25,,2025-2026
67014152,3 DL-SI-23,67_67399_5136973,8/11/25,,2025-2026
67014508,0495-01,67_67399_5136978,8/11/25,,2025-2026
67014508,0495-02,67_67399_5136978,8/11/25,,2025-2026
67014234,5 DL-SI-42,67_67399_5136973,8/11/25,,2025-2026
67014234,5 DL-SI-43,67_67399_5136973,8/11/25,,2025-2026
67014383,6 DL-SI-54,67_67399_5136973,8/11/25,,2025-2026
67014383,6 DL-SI-55,67_67399_5136973,8/11/25,,2025-2026
67013957,1 DL-SI-23,67_67399_5136973,8/11/25,,2025-2026
67013957,1DL-DI-T12,67_67399_5136973,8/11/25,,2025-2026
67014090,3 DL-SI-22,67_67399_5136973,8/11/25,,2025-2026
67014090,3 DL-SI-23,67_67399_5136973,8/11/25,,2025-2026
67014415,6 DL-SI-54,67_67399_5136973,8/11/25,,2025-2026
67014415,6 DL-SI-55,67_67399_5136973,8/11/25,,2025-2026
67014206,4 DL-SI-32,67_67399_5136973,8/11/25,,2025-2026
67014206,4 DL-SI-33,67_67399_5136973,8/11/25,,2025-2026
67014295,5 DL-SI-42,67_67399_5136973,8/11/25,,2025-2026
67014295,5 DL-SI-43,67_67399_5136973,8/11/25,,2025-2026
67014525,0495-01,67_67399_5136978,8/11/25,,2025-2026
67014525,0495-02,67_67399_5136978,8/11/25,,2025-2026
67014296,5 DL-SI-42,67_67399_5136973,8/11/25,,2025-2026
67014296,5 DL-SI-43,67_67399_5136973,8/11/25,,2025-2026
67013984,1 DL-SI-23,67_67399_5136973,8/11/25,,2025-2026
67013984,1DL-DI-T12,67_67399_5136973,8/11/25,,2025-2026
67014141,3 DL-SI-22,67_67399_5136973,8/11/25,,2025-2026
67014141,3 DL-SI-23,67_67399_5136973,8/11/25,,2025-2026
67014089,3 DL-SI-22,67_67399_5136973,8/11/25,,2025-2026
67014089,3 DL-SI-23,67_67399_5136973,8/11/25,,2025-2026
67013965,1 DL-SI-23,67_67399_5136973,8/11/25,,2025-2026
67013965,1DL-DI-T12,67_67399_5136973,8/11/25,,2025-2026
67014145,3 DL-SI-22,67_67399_5136973,8/11/25,,2025-2026
67014145,3 DL-SI-23,67_67399_5136973,8/11/25,,2025-2026
67014366,6 DL-SI-54,67_67399_5136973,8/11/25,,2025-2026
67014366,6 DL-SI-55,67_67399_5136973,8/11/25,,2025-2026
67014162,4 DL-SI-32,67_67399_5136973,8/11/25,,2025-2026
67014162,4 DL-SI-33,67_67399_5136973,8/11/25,,2025-2026
67014489,0495-01,67_67399_5136978,8/11/25,,2025-2026
67014489,0495-02,67_67399_5136978,8/11/25,,2025-2026
67014125,3 DL-SI-22,67_67399_5136973,8/11/25,,2025-2026
67014125,3 DL-SI-23,67_67399_5136973,8/11/25,,2025-2026
67014546,0495-01,67_67399_5136978,8/11/25,,2025-2026
67014546,0495-02,67_67399_5136978,8/11/25,,2025-2026
67013985,1 DL-SI-23,67_67399_5136973,8/11/25,,2025-2026
67013985,1DL-DI-T12,67_67399_5136973,8/11/25,,2025-2026
67014464,0495-01,67_67399_5136978,8/11/25,,2025-2026
67014464,0495-02,67_67399_5136978,8/11/25,,2025-2026
67014133,3 DL-SI-22,67_67399_5136973,8/11/25,,2025-2026
67014133,3 DL-SI-23,67_67399_5136973,8/11/25,,2025-2026
67014221,4 DL-SI-32,67_67399_5136973,8/11/25,,2025-2026
67014221,4 DL-SI-33,67_67399_5136973,8/11/25,,2025-2026
67014154,3 DL-SI-22,67_67399_5136973,8/11/25,,2025-2026
67014154,3 DL-SI-23,67_67399_5136973,8/11/25,,2025-2026
67014539,0495-01,67_67399_5136978,8/11/25,,2025-2026
67014539,0495-02,67_67399_5136978,8/11/25,,2025-2026
67013946,1 DL-SI-23,67_67399_5136973,8/11/25,,2025-2026
67013946,1DL-DI-T12,67_67399_5136973,8/11/25,,2025-2026
67014086,3 DL-SI-22,67_67399_5136973,8/11/25,,2025-2026
67014086,3 DL-SI-23,67_67399_5136973,8/11/25,,2025-2026
67013991,1 DL-SI-23,67_67399_5136973,8/11/25,,2025-2026
67013991,1DL-DI-T12,67_67399_5136973,8/11/25,,2025-2026
67014465,0495-01,67_67399_5136978,8/11/25,,2025-2026
67014465,0495-02,67_67399_5136978,8/11/25,,2025-2026
67014062,2 DL-SI-T5,67_67399_5136973,8/11/25,,2025-2026
67014062,2 DL-SI-T7,67_67399_5136973,8/11/25,,2025-2026
67014158,3 DL-SI-22,67_67399_5136973,8/11/25,,2025-2026
67014158,3 DL-SI-23,67_67399_5136973,8/11/25,,2025-2026
67013949,1 DL-SI-23,67_67399_5136973,8/11/25,,2025-2026
67013949,1DL-DI-T12,67_67399_5136973,8/11/25,,2025-2026
67014491,0495-01,67_67399_5136978,8/11/25,,2025-2026
67014491,0495-02,67_67399_5136978,8/11/25,,2025-2026
67014207,4 DL-SI-32,67_67399_5136973,8/11/25,,2025-2026
67014207,4 DL-SI-33,67_67399_5136973,8/11/25,,2025-2026
67014408,6 DL-SI-54,67_67399_5136973,8/11/25,,2025-2026
67014408,6 DL-SI-55,67_67399_5136973,8/11/25,,2025-2026
67014256,5 DL-SI-42,67_67399_5136973,8/11/25,,2025-2026
67014256,5 DL-SI-43,67_67399_5136973,8/11/25,,2025-2026
67014378,6 DL-SI-54,67_67399_5136973,8/11/25,,2025-2026
67014378,6 DL-SI-55,67_67399_5136973,8/11/25,,2025-2026
67014088,3 DL-SI-22,67_67399_5136973,8/11/25,,2025-2026
67014088,3 DL-SI-23,67_67399_5136973,8/11/25,,2025-2026
67013943,1 DL-SI-23,67_67399_5136973,8/11/25,,2025-2026
67013943,1DL-DI-T12,67_67399_5136973,8/11/25,,2025-2026
67014495,0495-01,67_67399_5136978,8/11/25,,2025-2026
67014495,0495-02,67_67399_5136978,8/11/25,,2025-2026
67014242,5 DL-SI-42,67_67399_5136973,8/11/25,,2025-2026
67014242,5 DL-SI-43,67_67399_5136973,8/11/25,,2025-2026
67014472,0495-01,67_67399_5136978,8/11/25,,2025-2026
67014472,0495-02,67_67399_5136978,8/11/25,,2025-2026
67014213,4 DL-SI-32,67_67399_5136973,8/11/25,,2025-2026
67014213,4 DL-SI-33,67_67399_5136973,8/11/25,,2025-2026
67014148,3 DL-SI-22,67_67399_5136973,8/11/25,,2025-2026
67014148,3 DL-SI-23,67_67399_5136973,8/11/25,,2025-2026
67013917,K DL-DI-K1,67_67399_5136973,8/11/25,,2025-2026
67013917,K DL-DI-K4,67_67399_5136973,8/11/25,,2025-2026
67014336,6 DL-SI-54,67_67399_5136973,8/11/25,,2025-2026
67014336,6 DL-SI-55,67_67399_5136973,8/11/25,,2025-2026
67014502,0495-01,67_67399_5136978,8/11/25,,2025-2026
67014502,0495-02,67_67399_5136978,8/11/25,,2025-2026
67014250,5 DL-SI-42,67_67399_5136973,8/11/25,,2025-2026
67014250,5 DL-SI-43,67_67399_5136973,8/11/25,,2025-2026
67014482,0495-01,67_67399_5136978,8/11/25,,2025-2026
67014482,0495-02,67_67399_5136978,8/11/25,,2025-2026
67014236,5 DL-SI-42,67_67399_5136973,8/11/25,,2025-2026
67014236,5 DL-SI-43,67_67399_5136973,8/11/25,,2025-2026
67014363,6 DL-SI-54,67_67399_5136973,8/11/25,,2025-2026
67014363,6 DL-SI-55,67_67399_5136973,8/11/25,,2025-2026
67014505,0495-01,67_67399_5136978,8/11/25,,2025-2026
67014505,0495-02,67_67399_5136978,8/11/25,,2025-2026
67014538,0495-01,67_67399_5136978,8/11/25,,2025-2026
67014538,0495-02,67_67399_5136978,8/11/25,,2025-2026
67014166,4 DL-SI-32,67_67399_5136973,8/11/25,,2025-2026
67014166,4 DL-SI-33,67_67399_5136973,8/11/25,,2025-2026
67014431,6 DL-SI-54,67_67399_5136973,8/11/25,,2025-2026
67014431,6 DL-SI-55,67_67399_5136973,8/11/25,,2025-2026
67014176,4 DL-SI-32,67_67399_5136973,8/11/25,,2025-2026
67014176,4 DL-SI-33,67_67399_5136973,8/11/25,,2025-2026
67014189,4 DL-SI-32,67_67399_5136973,8/11/25,,2025-2026
67014189,4 DL-SI-33,67_67399_5136973,8/11/25,,2025-2026
67014265,5 DL-SI-42,67_67399_5136973,8/11/25,,2025-2026
67014265,5 DL-SI-43,67_67399_5136973,8/11/25,,2025-2026
67014020,2 DL-SI-T5,67_67399_5136973,8/11/25,,2025-2026
67014020,2 DL-SI-T7,67_67399_5136973,8/11/25,,2025-2026
67014041,2 DL-SI-T5,67_67399_5136973,8/11/25,,2025-2026
67014041,2 DL-SI-T7,67_67399_5136973,8/11/25,,2025-2026
67014309,5 DL-SI-42,67_67399_5136973,8/11/25,,2025-2026
67014309,5 DL-SI-43,67_67399_5136973,8/11/25,,2025-2026
67014384,6 DL-SI-54,67_67399_5136973,8/11/25,,2025-2026
67014384,6 DL-SI-55,67_67399_5136973,8/11/25,,2025-2026
67014411,6 DL-SI-54,67_67399_5136973,8/11/25,,2025-2026
67014411,6 DL-SI-55,67_67399_5136973,8/11/25,,2025-2026
67014263,5 DL-SI-42,67_67399_5136973,8/11/25,,2025-2026
67014263,5 DL-SI-43,67_67399_5136973,8/11/25,,2025-2026
67013954,1 DL-SI-23,67_67399_5136973,8/11/25,,2025-2026
67013954,1DL-DI-T12,67_67399_5136973,8/11/25,,2025-2026
67014377,6 DL-SI-54,67_67399_5136973,8/11/25,,2025-2026
67014377,6 DL-SI-55,67_67399_5136973,8/11/25,,2025-2026
67013924,K DL-DI-K1,67_67399_5136973,8/11/25,,2025-2026
67013924,K DL-DI-K4,67_67399_5136973,8/11/25,,2025-2026
67014317,5 DL-SI-42,67_67399_5136973,8/11/25,,2025-2026
67014317,5 DL-SI-43,67_67399_5136973,8/11/25,,2025-2026
67014037,2 DL-SI-T5,67_67399_5136973,8/11/25,,2025-2026
67014037,2 DL-SI-T7,67_67399_5136973,8/11/25,,2025-2026
67014469,0495-01,67_67399_5136978,8/11/25,,2025-2026
67014469,0495-02,67_67399_5136978,8/11/25,,2025-2026
67014085,3 DL-SI-22,67_67399_5136973,8/11/25,,2025-2026
67014085,3 DL-SI-23,67_67399_5136973,8/11/25,,2025-2026
67014002,1 DL-SI-23,67_67399_5136973,8/11/25,,2025-2026
67014002,1DL-DI-T12,67_67399_5136973,8/11/25,,2025-2026
67014371,6 DL-SI-54,67_67399_5136973,8/11/25,,2025-2026
67014371,6 DL-SI-55,67_67399_5136973,8/11/25,,2025-2026
67014182,4 DL-SI-32,67_67399_5136973,8/11/25,,2025-2026
67014182,4 DL-SI-33,67_67399_5136973,8/11/25,,2025-2026
67014055,2 DL-SI-T5,67_67399_5136973,8/11/25,,2025-2026
67014055,2 DL-SI-T7,67_67399_5136973,8/11/25,,2025-2026
67014071,2 DL-SI-T5,67_67399_5136973,8/11/25,,2025-2026
67014071,2 DL-SI-T7,67_67399_5136973,8/11/25,,2025-2026
67014497,0495-01,67_67399_5136978,8/11/25,,2025-2026
67014497,0495-02,67_67399_5136978,8/11/25,,2025-2026
67014017,1 DL-SI-23,67_67399_5136973,8/11/25,,2025-2026
67014017,1DL-DI-T12,67_67399_5136973,8/11/25,,2025-2026
67014076,3 DL-SI-22,67_67399_5136973,8/11/25,,2025-2026
67014076,3 DL-SI-23,67_67399_5136973,8/11/25,,2025-2026
67014008,1 DL-SI-23,67_67399_5136973,8/11/25,,2025-2026
67014008,1DL-DI-T12,67_67399_5136973,8/11/25,,2025-2026
67014392,6 DL-SI-54,67_67399_5136973,8/11/25,,2025-2026
67014392,6 DL-SI-55,67_67399_5136973,8/11/25,,2025-2026
67014190,4 DL-SI-32,67_67399_5136973,8/11/25,,2025-2026
67014190,4 DL-SI-33,67_67399_5136973,8/11/25,,2025-2026
67014343,6 DL-SI-54,67_67399_5136973,8/11/25,,2025-2026
67014343,6 DL-SI-55,67_67399_5136973,8/11/25,,2025-2026
67014423,6 DL-SI-54,67_67399_5136973,8/11/25,,2025-2026
67014423,6 DL-SI-55,67_67399_5136973,8/11/25,,2025-2026
67013977,1 DL-SI-23,67_67399_5136973,8/11/25,,2025-2026
67013977,1DL-DI-T12,67_67399_5136973,8/11/25,,2025-2026
67014032,2 DL-SI-T5,67_67399_5136973,8/11/25,,2025-2026
67014032,2 DL-SI-T7,67_67399_5136973,8/11/25,,2025-2026
67014355,6 DL-SI-54,67_67399_5136973,8/11/25,,2025-2026
67014355,6 DL-SI-55,67_67399_5136973,8/11/25,,2025-2026
67014529,0495-01,67_67399_5136978,8/11/25,,2025-2026
67014529,0495-02,67_67399_5136978,8/11/25,,2025-2026
67014436,6 DL-SI-54,67_67399_5136973,8/11/25,,2025-2026
67014436,6 DL-SI-55,67_67399_5136973,8/11/25,,2025-2026
67014400,6 DL-SI-54,67_67399_5136973,8/11/25,,2025-2026
67014400,6 DL-SI-55,67_67399_5136973,8/11/25,,2025-2026
67014044,2 DL-SI-T5,67_67399_5136973,8/11/25,,2025-2026
67014044,2 DL-SI-T7,67_67399_5136973,8/11/25,,2025-2026
67014380,6 DL-SI-54,67_67399_5136973,8/11/25,,2025-2026
67014380,6 DL-SI-55,67_67399_5136973,8/11/25,,2025-2026
67014095,3 DL-SI-22,67_67399_5136973,8/11/25,,2025-2026
67014095,3 DL-SI-23,67_67399_5136973,8/11/25,,2025-2026
67014114,3 DL-SI-22,67_67399_5136973,8/11/25,,2025-2026
67014114,3 DL-SI-23,67_67399_5136973,8/11/25,,2025-2026
67014457,0495-01,67_67399_5136978,8/11/25,,2025-2026
67014457,0495-02,67_67399_5136978,8/11/25,,2025-2026
67014251,5 DL-SI-42,67_67399_5136973,8/11/25,,2025-2026
67014251,5 DL-SI-43,67_67399_5136973,8/11/25,,2025-2026
67014204,4 DL-SI-32,67_67399_5136973,8/11/25,,2025-2026
67014204,4 DL-SI-33,67_67399_5136973,8/11/25,,2025-2026
67014030,2 DL-SI-T5,67_67399_5136973,8/11/25,,2025-2026
67014030,2 DL-SI-T7,67_67399_5136973,8/11/25,,2025-2026
67014066,2 DL-SI-T5,67_67399_5136973,8/11/25,,2025-2026
67014066,2 DL-SI-T7,67_67399_5136973,8/11/25,,2025-2026
67013930,K DL-DI-K1,67_67399_5136973,8/11/25,,2025-2026
67013930,K DL-DI-K4,67_67399_5136973,8/11/25,,2025-2026
67014533,0495-01,67_67399_5136978,8/11/25,,2025-2026
67014533,0495-02,67_67399_5136978,8/11/25,,2025-2026
67014501,0495-01,67_67399_5136978,8/11/25,,2025-2026
67014501,0495-02,67_67399_5136978,8/11/25,,2025-2026
67014223,4 DL-SI-32,67_67399_5136973,8/11/25,,2025-2026
67014223,4 DL-SI-33,67_67399_5136973,8/11/25,,2025-2026
67014005,1 DL-SI-23,67_67399_5136973,8/11/25,,2025-2026
67014005,1DL-DI-T12,67_67399_5136973,8/11/25,,2025-2026
67014500,0495-01,67_67399_5136978,8/11/25,,2025-2026
67014500,0495-02,67_67399_5136978,8/11/25,,2025-2026
67014225,4 DL-SI-32,67_67399_5136973,8/11/25,,2025-2026
67014225,4 DL-SI-33,67_67399_5136973,8/11/25,,2025-2026
67014458,0495-01,67_67399_5136978,8/11/25,,2025-2026
67014458,0495-02,67_67399_5136978,8/11/25,,2025-2026
67014057,2 DL-SI-T5,67_67399_5136973,8/11/25,,2025-2026
67014057,2 DL-SI-T7,67_67399_5136973,8/11/25,,2025-2026
67013923,K DL-DI-K1,67_67399_5136973,8/11/25,,2025-2026
67013923,K DL-DI-K4,67_67399_5136973,8/11/25,,2025-2026
67013961,1 DL-SI-23,67_67399_5136973,8/11/25,,2025-2026
67013961,1DL-DI-T12,67_67399_5136973,8/11/25,,2025-2026
67014310,5 DL-SI-42,67_67399_5136973,8/11/25,,2025-2026
67014310,5 DL-SI-43,67_67399_5136973,8/11/25,,2025-2026
67014429,6 DL-SI-54,67_67399_5136973,8/11/25,,2025-2026
67014429,6 DL-SI-55,67_67399_5136973,8/11/25,,2025-2026
67014038,2 DL-SI-T5,67_67399_5136973,8/11/25,,2025-2026
67014038,2 DL-SI-T7,67_67399_5136973,8/11/25,,2025-2026
67014244,5 DL-SI-42,67_67399_5136973,8/11/25,,2025-2026
67014244,5 DL-SI-43,67_67399_5136973,8/11/25,,2025-2026
67014466,0495-01,67_67399_5136978,8/11/25,,2025-2026
67014466,0495-02,67_67399_5136978,8/11/25,,2025-2026
67014324,5 DL-SI-42,67_67399_5136973,8/11/25,,2025-2026
67014324,5 DL-SI-43,67_67399_5136973,8/11/25,,2025-2026
67014520,0495-01,67_67399_5136978,8/11/25,,2025-2026
67014520,0495-02,67_67399_5136978,8/11/25,,2025-2026
67014157,3 DL-SI-22,67_67399_5136973,8/11/25,,2025-2026
67014157,3 DL-SI-23,67_67399_5136973,8/11/25,,2025-2026
67014531,0495-01,67_67399_5136978,8/11/25,,2025-2026
67014531,0495-02,67_67399_5136978,8/11/25,,2025-2026
67014056,2 DL-SI-T5,67_67399_5136973,8/11/25,,2025-2026
67014056,2 DL-SI-T7,67_67399_5136973,8/11/25,,2025-2026
67014424,6 DL-SI-54,67_67399_5136973,8/11/25,,2025-2026
67014424,6 DL-SI-55,67_67399_5136973,8/11/25,,2025-2026
67014203,4 DL-SI-32,67_67399_5136973,8/11/25,,2025-2026
67014203,4 DL-SI-33,67_67399_5136973,8/11/25,,2025-2026
67014015,1 DL-SI-23,67_67399_5136973,8/11/25,,2025-2026
67014015,1DL-DI-T12,67_67399_5136973,8/11/25,,2025-2026
67014048,2 DL-SI-T5,67_67399_5136973,8/11/25,,2025-2026
67014048,2 DL-SI-T7,67_67399_5136973,8/11/25,,2025-2026
67013998,1 DL-SI-23,67_67399_5136973,8/11/25,,2025-2026
67013998,1DL-DI-T12,67_67399_5136973,8/11/25,,2025-2026
67014391,6 DL-SI-54,67_67399_5136973,8/11/25,,2025-2026
67014391,6 DL-SI-55,67_67399_5136973,8/11/25,,2025-2026
67013942,1 DL-SI-23,67_67399_5136973,8/11/25,,2025-2026
67013942,1DL-DI-T12,67_67399_5136973,8/11/25,,2025-2026
67014110,3 DL-SI-22,67_67399_5136973,8/11/25,,2025-2026
67014110,3 DL-SI-23,67_67399_5136973,8/11/25,,2025-2026
67014492,0495-01,67_67399_5136978,8/11/25,,2025-2026
67014492,0495-02,67_67399_5136978,8/11/25,,2025-2026
67014524,0495-01,67_67399_5136978,8/11/25,,2025-2026
67014524,0495-02,67_67399_5136978,8/11/25,,2025-2026
67014488,0495-01,67_67399_5136978,8/11/25,,2025-2026
67014488,0495-02,67_67399_5136978,8/11/25,,2025-2026
67014245,5 DL-SI-42,67_67399_5136973,8/11/25,,2025-2026
67014245,5 DL-SI-43,67_67399_5136973,8/11/25,,2025-2026
67014137,3 DL-SI-22,67_67399_5136973,8/11/25,,2025-2026
67014137,3 DL-SI-23,67_67399_5136973,8/11/25,,2025-2026
67014427,6 DL-SI-54,67_67399_5136973,8/11/25,,2025-2026
67014427,6 DL-SI-55,67_67399_5136973,8/11/25,,2025-2026
67013967,1 DL-SI-23,67_67399_5136973,8/11/25,,2025-2026
67013967,1DL-DI-T12,67_67399_5136973,8/11/25,,2025-2026
67014040,2 DL-SI-T5,67_67399_5136973,8/11/25,,2025-2026
67014040,2 DL-SI-T7,67_67399_5136973,8/11/25,,2025-2026
67014396,6 DL-SI-54,67_67399_5136973,8/11/25,,2025-2026
67014396,6 DL-SI-55,67_67399_5136973,8/11/25,,2025-2026
67014232,5 DL-SI-42,67_67399_5136973,8/11/25,,2025-2026
67014232,5 DL-SI-43,67_67399_5136973,8/11/25,,2025-2026
67014331,5 DL-SI-42,67_67399_5136973,8/11/25,,2025-2026
67014331,5 DL-SI-43,67_67399_5136973,8/11/25,,2025-2026
67014271,5 DL-SI-42,67_67399_5136973,8/11/25,,2025-2026
67014271,5 DL-SI-43,67_67399_5136973,8/11/25,,2025-2026
67014361,6 DL-SI-54,67_67399_5136973,8/11/25,,2025-2026
67014361,6 DL-SI-55,67_67399_5136973,8/11/25,,2025-2026
67014352,6 DL-SI-54,67_67399_5136973,8/11/25,,2025-2026
67014352,6 DL-SI-55,67_67399_5136973,8/11/25,,2025-2026
67014440,6 DL-SI-54,67_67399_5136973,8/11/25,,2025-2026
67014440,6 DL-SI-55,67_67399_5136973,8/11/25,,2025-2026
67014471,0495-01,67_67399_5136978,8/11/25,,2025-2026
67014471,0495-02,67_67399_5136978,8/11/25,,2025-2026
67014177,4 DL-SI-32,67_67399_5136973,8/11/25,,2025-2026
67014177,4 DL-SI-33,67_67399_5136973,8/11/25,,2025-2026
67014202,4 DL-SI-32,67_67399_5136973,8/11/25,,2025-2026
67014202,4 DL-SI-33,67_67399_5136973,8/11/25,,2025-2026
67014073,2 DL-SI-T5,67_67399_5136973,8/11/25,,2025-2026
67014073,2 DL-SI-T7,67_67399_5136973,8/11/25,,2025-2026
67014468,0495-01,67_67399_5136978,8/11/25,,2025-2026
67014468,0495-02,67_67399_5136978,8/11/25,,2025-2026
67014046,2 DL-SI-T5,67_67399_5136973,8/11/25,,2025-2026
67014046,2 DL-SI-T7,67_67399_5136973,8/11/25,,2025-2026
67014197,4 DL-SI-32,67_67399_5136973,8/11/25,,2025-2026
67014197,4 DL-SI-33,67_67399_5136973,8/11/25,,2025-2026
67013921,K DL-DI-K1,67_67399_5136973,8/11/25,,2025-2026
67013921,K DL-DI-K4,67_67399_5136973,8/11/25,,2025-2026
67014028,2 DL-SI-T5,67_67399_5136973,8/11/25,,2025-2026
67014028,2 DL-SI-T7,67_67399_5136973,8/11/25,,2025-2026
67014107,3 DL-SI-22,67_67399_5136973,8/11/25,,2025-2026
67014107,3 DL-SI-23,67_67399_5136973,8/11/25,,2025-2026
67014098,3 DL-SI-22,67_67399_5136973,8/11/25,,2025-2026
67014098,3 DL-SI-23,67_67399_5136973,8/11/25,,2025-2026
67014240,5 DL-SI-42,67_67399_5136973,8/11/25,,2025-2026
67014240,5 DL-SI-43,67_67399_5136973,8/11/25,,2025-2026
67013950,1 DL-SI-23,67_67399_5136973,8/11/25,,2025-2026
67013950,1DL-DI-T12,67_67399_5136973,8/11/25,,2025-2026
67014060,2 DL-SI-T5,67_67399_5136973,8/11/25,,2025-2026
67014060,2 DL-SI-T7,67_67399_5136973,8/11/25,,2025-2026
67013926,K DL-DI-K1,67_67399_5136973,8/11/25,,2025-2026
67013926,K DL-DI-K4,67_67399_5136973,8/11/25,,2025-2026
67014237,5 DL-SI-42,67_67399_5136973,8/11/25,,2025-2026
67014237,5 DL-SI-43,67_67399_5136973,8/11/25,,2025-2026
67014437,6 DL-SI-54,67_67399_5136973,8/11/25,,2025-2026
67014437,6 DL-SI-55,67_67399_5136973,8/11/25,,2025-2026
67014050,2 DL-SI-T5,67_67399_5136973,8/11/25,,2025-2026
67014050,2 DL-SI-T7,67_67399_5136973,8/11/25,,2025-2026
67014515,0495-01,67_67399_5136978,8/11/25,,2025-2026
67014515,0495-02,67_67399_5136978,8/11/25,,2025-2026
67014483,0495-01,67_67399_5136978,8/11/25,,2025-2026
67014483,0495-02,67_67399_5136978,8/11/25,,2025-2026
67014051,2 DL-SI-T5,67_67399_5136973,8/11/25,,2025-2026
67014051,2 DL-SI-T7,67_67399_5136973,8/11/25,,2025-2026
67013934,K DL-DI-K1,67_67399_5136973,8/11/25,,2025-2026
67013934,K DL-DI-K4,67_67399_5136973,8/11/25,,2025-2026
67014029,2 DL-SI-T5,67_67399_5136973,8/11/25,,2025-2026
67014029,2 DL-SI-T7,67_67399_5136973,8/11/25,,2025-2026
67014153,3 DL-SI-22,67_67399_5136973,8/11/25,,2025-2026
67014153,3 DL-SI-23,67_67399_5136973,8/11/25,,2025-2026
67014301,5 DL-SI-42,67_67399_5136973,8/11/25,,2025-2026
67014301,5 DL-SI-43,67_67399_5136973,8/11/25,,2025-2026
67014024,2 DL-SI-T5,67_67399_5136973,8/11/25,,2025-2026
67014024,2 DL-SI-T7,67_67399_5136973,8/11/25,,2025-2026
67014330,5 DL-SI-42,67_67399_5136973,8/11/25,,2025-2026
67014330,5 DL-SI-43,67_67399_5136973,8/11/25,,2025-2026
67014175,4 DL-SI-32,67_67399_5136973,8/11/25,,2025-2026
67014175,4 DL-SI-33,67_67399_5136973,8/11/25,,2025-2026
67014385,6 DL-SI-54,67_67399_5136973,8/11/25,,2025-2026
67014385,6 DL-SI-55,67_67399_5136973,8/11/25,,2025-2026
67013988,1 DL-SI-23,67_67399_5136973,8/11/25,,2025-2026
67013988,1DL-DI-T12,67_67399_5136973,8/11/25,,2025-2026
67014277,5 DL-SI-42,67_67399_5136973,8/11/25,,2025-2026
67014277,5 DL-SI-43,67_67399_5136973,8/11/25,,2025-2026
67014272,5 DL-SI-42,67_67399_5136973,8/11/25,,2025-2026
67014272,5 DL-SI-43,67_67399_5136973,8/11/25,,2025-2026
67014229,4 DL-SI-32,67_67399_5136973,8/11/25,,2025-2026
67014229,4 DL-SI-33,67_67399_5136973,8/11/25,,2025-2026
67014313,5 DL-SI-42,67_67399_5136973,8/11/25,,2025-2026
67014313,5 DL-SI-43,67_67399_5136973,8/11/25,,2025-2026
67013927,K DL-DI-K1,67_67399_5136973,8/11/25,,2025-2026
67013927,K DL-DI-K4,67_67399_5136973,8/11/25,,2025-2026
67014522,0495-01,67_67399_5136978,8/11/25,,2025-2026
67014522,0495-02,67_67399_5136978,8/11/25,,2025-2026
67013931,K DL-DI-K1,67_67399_5136973,8/11/25,,2025-2026
67013931,K DL-DI-K4,67_67399_5136973,8/11/25,,2025-2026
67014304,5 DL-SI-42,67_67399_5136973,8/11/25,,2025-2026
67014304,5 DL-SI-43,67_67399_5136973,8/11/25,,2025-2026
67014442,6 DL-SI-54,67_67399_5136973,8/11/25,,2025-2026
67014442,6 DL-SI-55,67_67399_5136973,8/11/25,,2025-2026
67014291,5 DL-SI-42,67_67399_5136973,8/11/25,,2025-2026
67014291,5 DL-SI-43,67_67399_5136973,8/11/25,,2025-2026
67014246,5 DL-SI-42,67_67399_5136973,8/11/25,,2025-2026
67014246,5 DL-SI-43,67_67399_5136973,8/11/25,,2025-2026
67014173,4 DL-SI-32,67_67399_5136973,8/11/25,,2025-2026
67014173,4 DL-SI-33,67_67399_5136973,8/11/25,,2025-2026
67014126,3 DL-SI-22,67_67399_5136973,8/11/25,,2025-2026
67014126,3 DL-SI-23,67_67399_5136973,8/11/25,,2025-2026
67014393,6 DL-SI-54,67_67399_5136973,8/11/25,,2025-2026
67014393,6 DL-SI-55,67_67399_5136973,8/11/25,,2025-2026
67014416,6 DL-SI-54,67_67399_5136973,8/11/25,,2025-2026
67014416,6 DL-SI-55,67_67399_5136973,8/11/25,,2025-2026
67014120,3 DL-SI-22,67_67399_5136973,8/11/25,,2025-2026
67014120,3 DL-SI-23,67_67399_5136973,8/11/25,,2025-2026
67014420,6 DL-SI-54,67_67399_5136973,8/11/25,,2025-2026
67014420,6 DL-SI-55,67_67399_5136973,8/11/25,,2025-2026
67013974,1 DL-SI-23,67_67399_5136973,8/11/25,,2025-2026
67013974,1DL-DI-T12,67_67399_5136973,8/11/25,,2025-2026
67014517,0495-01,67_67399_5136978,8/11/25,,2025-2026
67014517,0495-02,67_67399_5136978,8/11/25,,2025-2026
67013939,1 DL-SI-23,67_67399_5136973,8/11/25,,2025-2026
67013939,1DL-DI-T12,67_67399_5136973,8/11/25,,2025-2026
67013987,1 DL-SI-23,67_67399_5136973,8/11/25,,2025-2026
67013987,1DL-DI-T12,67_67399_5136973,8/11/25,,2025-2026
67014042,2 DL-SI-T5,67_67399_5136973,8/11/25,,2025-2026
67014042,2 DL-SI-T7,67_67399_5136973,8/11/25,,2025-2026
67014388,6 DL-SI-54,67_67399_5136973,8/11/25,,2025-2026
67014388,6 DL-SI-55,67_67399_5136973,8/11/25,,2025-2026
67014094,3 DL-SI-22,67_67399_5136973,8/11/25,,2025-2026
67014094,3 DL-SI-23,67_67399_5136973,8/11/25,,2025-2026
67014174,4 DL-SI-32,67_67399_5136973,8/11/25,,2025-2026
67014174,4 DL-SI-33,67_67399_5136973,8/11/25,,2025-2026
67014134,3 DL-SI-22,67_67399_5136973,8/11/25,,2025-2026
67014134,3 DL-SI-23,67_67399_5136973,8/11/25,,2025-2026
67013928,K DL-DI-K1,67_67399_5136973,8/11/25,,2025-2026
67013928,K DL-DI-K4,67_67399_5136973,8/11/25,,2025-2026
67014149,3 DL-SI-22,67_67399_5136973,8/11/25,,2025-2026
67014149,3 DL-SI-23,67_67399_5136973,8/11/25,,2025-2026
67014139,3 DL-SI-22,67_67399_5136973,8/11/25,,2025-2026
67014139,3 DL-SI-23,67_67399_5136973,8/11/25,,2025-2026
67014255,5 DL-SI-42,67_67399_5136973,8/11/25,,2025-2026
67014255,5 DL-SI-43,67_67399_5136973,8/11/25,,2025-2026
67014262,5 DL-SI-42,67_67399_5136973,8/11/25,,2025-2026
67014262,5 DL-SI-43,67_67399_5136973,8/11/25,,2025-2026
67014327,5 DL-SI-42,67_67399_5136973,8/11/25,,2025-2026
67014327,5 DL-SI-43,67_67399_5136973,8/11/25,,2025-2026
67014369,6 DL-SI-54,67_67399_5136973,8/11/25,,2025-2026
67014369,6 DL-SI-55,67_67399_5136973,8/11/25,,2025-2026
67014298,5 DL-SI-42,67_67399_5136973,8/11/25,,2025-2026
67014298,5 DL-SI-43,67_67399_5136973,8/11/25,,2025-2026
67014372,6 DL-SI-54,67_67399_5136973,8/11/25,,2025-2026
67014372,6 DL-SI-55,67_67399_5136973,8/11/25,,2025-2026
67013956,1 DL-SI-23,67_67399_5136973,8/11/25,,2025-2026
67013956,1DL-DI-T12,67_67399_5136973,8/11/25,,2025-2026
67014276,5 DL-SI-42,67_67399_5136973,8/11/25,,2025-2026
67014276,5 DL-SI-43,67_67399_5136973,8/11/25,,2025-2026
67014467,0495-01,67_67399_5136978,8/11/25,,2025-2026
67014467,0495-02,67_67399_5136978,8/11/25,,2025-2026
67014381,6 DL-SI-54,67_67399_5136973,8/11/25,,2025-2026
67014381,6 DL-SI-55,67_67399_5136973,8/11/25,,2025-2026
67014212,4 DL-SI-32,67_67399_5136973,8/11/25,,2025-2026
67014212,4 DL-SI-33,67_67399_5136973,8/11/25,,2025-2026
67013966,1 DL-SI-23,67_67399_5136973,8/11/25,,2025-2026
67013966,1DL-DI-T12,67_67399_5136973,8/11/25,,2025-2026
67014288,5 DL-SI-42,67_67399_5136973,8/11/25,,2025-2026
67014288,5 DL-SI-43,67_67399_5136973,8/11/25,,2025-2026
67014320,5 DL-SI-42,67_67399_5136973,8/11/25,,2025-2026
67014320,5 DL-SI-43,67_67399_5136973,8/11/25,,2025-2026
67014179,4 DL-SI-32,67_67399_5136973,8/11/25,,2025-2026
67014179,4 DL-SI-33,67_67399_5136973,8/11/25,,2025-2026
67014484,0495-01,67_67399_5136978,8/11/25,,2025-2026
67014484,0495-02,67_67399_5136978,8/11/25,,2025-2026
67014144,3 DL-SI-22,67_67399_5136973,8/11/25,,2025-2026
67014144,3 DL-SI-23,67_67399_5136973,8/11/25,,2025-2026
67014178,4 DL-SI-32,67_67399_5136973,8/11/25,,2025-2026
67014178,4 DL-SI-33,67_67399_5136973,8/11/25,,2025-2026
67014350,6 DL-SI-54,67_67399_5136973,8/11/25,,2025-2026
67014350,6 DL-SI-55,67_67399_5136973,8/11/25,,2025-2026
67014210,4 DL-SI-32,67_67399_5136973,8/11/25,,2025-2026
67014210,4 DL-SI-33,67_67399_5136973,8/11/25,,2025-2026
67014039,2 DL-SI-T5,67_67399_5136973,8/11/25,,2025-2026
67014039,2 DL-SI-T7,67_67399_5136973,8/11/25,,2025-2026
67014451,0495-01,67_67399_5136978,8/11/25,,2025-2026
67014451,0495-02,67_67399_5136978,8/11/25,,2025-2026
67014146,3 DL-SI-22,67_67399_5136973,8/11/25,,2025-2026
67014146,3 DL-SI-23,67_67399_5136973,8/11/25,,2025-2026
67014034,2 DL-SI-T5,67_67399_5136973,8/11/25,,2025-2026
67014034,2 DL-SI-T7,67_67399_5136973,8/11/25,,2025-2026
67014530,0495-01,67_67399_5136978,8/11/25,,2025-2026
67014530,0495-02,67_67399_5136978,8/11/25,,2025-2026
67014112,3 DL-SI-22,67_67399_5136973,8/11/25,,2025-2026
67014112,3 DL-SI-23,67_67399_5136973,8/11/25,,2025-2026
67014023,2 DL-SI-T5,67_67399_5136973,8/11/25,,2025-2026
67014023,2 DL-SI-T7,67_67399_5136973,8/11/25,,2025-2026
67014441,6 DL-SI-54,67_67399_5136973,8/11/25,,2025-2026
67014441,6 DL-SI-55,67_67399_5136973,8/11/25,,2025-2026
67014344,6 DL-SI-54,67_67399_5136973,8/11/25,,2025-2026
67014344,6 DL-SI-55,67_67399_5136973,8/11/25,,2025-2026
67014026,2 DL-SI-T5,67_67399_5136973,8/11/25,,2025-2026
67014026,2 DL-SI-T7,67_67399_5136973,8/11/25,,2025-2026
67014092,3 DL-SI-22,67_67399_5136973,8/11/25,,2025-2026
67014092,3 DL-SI-23,67_67399_5136973,8/11/25,,2025-2026
67014227,4 DL-SI-32,67_67399_5136973,8/11/25,,2025-2026
67014227,4 DL-SI-33,67_67399_5136973,8/11/25,,2025-2026
67014345,6 DL-SI-54,67_67399_5136973,8/11/25,,2025-2026
67014345,6 DL-SI-55,67_67399_5136973,8/11/25,,2025-2026
67014132,3 DL-SI-22,67_67399_5136973,8/11/25,,2025-2026
67014132,3 DL-SI-23,67_67399_5136973,8/11/25,,2025-2026
67014498,0495-01,67_67399_5136978,8/11/25,,2025-2026
67014498,0495-02,67_67399_5136978,8/11/25,,2025-2026
67014260,5 DL-SI-42,67_67399_5136973,8/11/25,,2025-2026
67014260,5 DL-SI-43,67_67399_5136973,8/11/25,,2025-2026
67014425,6 DL-SI-54,67_67399_5136973,8/11/25,,2025-2026
67014425,6 DL-SI-55,67_67399_5136973,8/11/25,,2025-2026
67014171,4 DL-SI-32,67_67399_5136973,8/11/25,,2025-2026
67014171,4 DL-SI-33,67_67399_5136973,8/11/25,,2025-2026
67014308,5 DL-SI-42,67_67399_5136973,8/11/25,,2025-2026
67014308,5 DL-SI-43,67_67399_5136973,8/11/25,,2025-2026
67014315,5 DL-SI-42,67_67399_5136973,8/11/25,,2025-2026
67014315,5 DL-SI-43,67_67399_5136973,8/11/25,,2025-2026
67014537,0495-01,67_67399_5136978,8/11/25,,2025-2026
67014537,0495-02,67_67399_5136978,8/11/25,,2025-2026
67014473,0495-01,67_67399_5136978,8/11/25,,2025-2026
67014473,0495-02,67_67399_5136978,8/11/25,,2025-2026
67014143,3 DL-SI-22,67_67399_5136973,8/11/25,,2025-2026
67014143,3 DL-SI-23,67_67399_5136973,8/11/25,,2025-2026
67014447,6 DL-SI-54,67_67399_5136973,8/11/25,,2025-2026
67014447,6 DL-SI-55,67_67399_5136973,8/11/25,,2025-2026
67014105,3 DL-SI-22,67_67399_5136973,8/11/25,,2025-2026
67014105,3 DL-SI-23,67_67399_5136973,8/11/25,,2025-2026
67014258,5 DL-SI-42,67_67399_5136973,8/11/25,,2025-2026
67014258,5 DL-SI-43,67_67399_5136973,8/11/25,,2025-2026
67014494,0495-01,67_67399_5136978,8/11/25,,2025-2026
67014494,0495-02,67_67399_5136978,8/11/25,,2025-2026
67014426,6 DL-SI-54,67_67399_5136973,8/11/25,,2025-2026
67014426,6 DL-SI-55,67_67399_5136973,8/11/25,,2025-2026
67014188,4 DL-SI-32,67_67399_5136973,8/11/25,,2025-2026
67014188,4 DL-SI-33,67_67399_5136973,8/11/25,,2025-2026
67014043,2 DL-SI-T5,67_67399_5136973,8/11/25,,2025-2026
67014043,2 DL-SI-T7,67_67399_5136973,8/11/25,,2025-2026
67014049,2 DL-SI-T5,67_67399_5136973,8/11/25,,2025-2026
67014049,2 DL-SI-T7,67_67399_5136973,8/11/25,,2025-2026
67014130,3 DL-SI-22,67_67399_5136973,8/11/25,,2025-2026
67014130,3 DL-SI-23,67_67399_5136973,8/11/25,,2025-2026
67014349,6 DL-SI-54,67_67399_5136973,8/11/25,,2025-2026
67014349,6 DL-SI-55,67_67399_5136973,8/11/25,,2025-2026
67014528,0495-01,67_67399_5136978,8/11/25,,2025-2026
67014528,0495-02,67_67399_5136978,8/11/25,,2025-2026
67014075,3 DL-SI-22,67_67399_5136973,8/11/25,,2025-2026
67014075,3 DL-SI-23,67_67399_5136973,8/11/25,,2025-2026
67014481,0495-01,67_67399_5136978,8/11/25,,2025-2026
67014481,0495-02,67_67399_5136978,8/11/25,,2025-2026
67014231,4 DL-SI-32,67_67399_5136973,8/11/25,,2025-2026
67014231,4 DL-SI-33,67_67399_5136973,8/11/25,,2025-2026
67014409,6 DL-SI-54,67_67399_5136973,8/11/25,,2025-2026
67014409,6 DL-SI-55,67_67399_5136973,8/11/25,,2025-2026
67014019,2 DL-SI-T5,67_67399_5136973,8/11/25,,2025-2026
67014019,2 DL-SI-T7,67_67399_5136973,8/11/25,,2025-2026
67014195,4 DL-SI-32,67_67399_5136973,8/11/25,,2025-2026
67014195,4 DL-SI-33,67_67399_5136973,8/11/25,,2025-2026
67014282,5 DL-SI-42,67_67399_5136973,8/11/25,,2025-2026
67014282,5 DL-SI-43,67_67399_5136973,8/11/25,,2025-2026
67014346,6 DL-SI-54,67_67399_5136973,8/11/25,,2025-2026
67014346,6 DL-SI-55,67_67399_5136973,8/11/25,,2025-2026
67014306,5 DL-SI-42,67_67399_5136973,8/11/25,,2025-2026
67014306,5 DL-SI-43,67_67399_5136973,8/11/25,,2025-2026
67014228,4 DL-SI-32,67_67399_5136973,8/11/25,,2025-2026
67014228,4 DL-SI-33,67_67399_5136973,8/11/25,,2025-2026
67014542,0495-01,67_67399_5136978,8/11/25,,2025-2026
67014542,0495-02,67_67399_5136978,8/11/25,,2025-2026
67014027,2 DL-SI-T5,67_67399_5136973,8/11/25,,2025-2026
67014027,2 DL-SI-T7,67_67399_5136973,8/11/25,,2025-2026
67014449,0495-01,67_67399_5136978,8/11/25,,2025-2026
67014449,0495-02,67_67399_5136978,8/11/25,,2025-2026
67014290,5 DL-SI-42,67_67399_5136973,8/11/25,,2025-2026
67014290,5 DL-SI-43,67_67399_5136973,8/11/25,,2025-2026
67014379,6 DL-SI-54,67_67399_5136973,8/11/25,,2025-2026
67014379,6 DL-SI-55,67_67399_5136973,8/11/25,,2025-2026
67014082,3 DL-SI-22,67_67399_5136973,8/11/25,,2025-2026
67014082,3 DL-SI-23,67_67399_5136973,8/11/25,,2025-2026
67014490,0495-01,67_67399_5136978,8/11/25,,2025-2026
67014490,0495-02,67_67399_5136978,8/11/25,,2025-2026
67014339,6 DL-SI-54,67_67399_5136973,8/11/25,,2025-2026
67014339,6 DL-SI-55,67_67399_5136973,8/11/25,,2025-2026
67014267,5 DL-SI-42,67_67399_5136973,8/11/25,,2025-2026
67014267,5 DL-SI-43,67_67399_5136973,8/11/25,,2025-2026
67014184,4 DL-SI-32,67_67399_5136973,8/11/25,,2025-2026
67014184,4 DL-SI-33,67_67399_5136973,8/11/25,,2025-2026
67014201,4 DL-SI-32,67_67399_5136973,8/11/25,,2025-2026
67014201,4 DL-SI-33,67_67399_5136973,8/11/25,,2025-2026
67014224,4 DL-SI-32,67_67399_5136973,8/11/25,,2025-2026
67014224,4 DL-SI-33,67_67399_5136973,8/11/25,,2025-2026
67014394,6 DL-SI-54,67_67399_5136973,8/11/25,,2025-2026
67014394,6 DL-SI-55,67_67399_5136973,8/11/25,,2025-2026
67014238,5 DL-SI-42,67_67399_5136973,8/11/25,,2025-2026
67014238,5 DL-SI-43,67_67399_5136973,8/11/25,,2025-2026
67014422,6 DL-SI-54,67_67399_5136973,8/11/25,,2025-2026
67014422,6 DL-SI-55,67_67399_5136973,8/11/25,,2025-2026
67014354,6 DL-SI-54,67_67399_5136973,8/11/25,,2025-2026
67014354,6 DL-SI-55,67_67399_5136973,8/11/25,,2025-2026
67014168,4 DL-SI-32,67_67399_5136973,8/11/25,,2025-2026
67014168,4 DL-SI-33,67_67399_5136973,8/11/25,,2025-2026
67014316,5 DL-SI-42,67_67399_5136973,8/11/25,,2025-2026
67014316,5 DL-SI-43,67_67399_5136973,8/11/25,,2025-2026
67014452,0495-01,67_67399_5136978,8/11/25,,2025-2026
67014452,0495-02,67_67399_5136978,8/11/25,,2025-2026
67014052,2 DL-SI-T5,67_67399_5136973,8/11/25,,2025-2026
67014052,2 DL-SI-T7,67_67399_5136973,8/11/25,,2025-2026
67014136,3 DL-SI-22,67_67399_5136973,8/11/25,,2025-2026
67014136,3 DL-SI-23,67_67399_5136973,8/11/25,,2025-2026
67014509,0495-01,67_67399_5136978,8/11/25,,2025-2026
67014509,0495-02,67_67399_5136978,8/11/25,,2025-2026
67014454,0495-01,67_67399_5136978,8/11/25,,2025-2026
67014454,0495-02,67_67399_5136978,8/11/25,,2025-2026
67014285,5 DL-SI-42,67_67399_5136973,8/11/25,,2025-2026
67014285,5 DL-SI-43,67_67399_5136973,8/11/25,,2025-2026
67014389,6 DL-SI-54,67_67399_5136973,8/11/25,,2025-2026
67014389,6 DL-SI-55,67_67399_5136973,8/11/25,,2025-2026
67014340,6 DL-SI-54,67_67399_5136973,8/11/25,,2025-2026
67014340,6 DL-SI-55,67_67399_5136973,8/11/25,,2025-2026
67014278,5 DL-SI-42,67_67399_5136973,8/11/25,,2025-2026
67014278,5 DL-SI-43,67_67399_5136973,8/11/25,,2025-2026
67013997,1 DL-SI-23,67_67399_5136973,8/11/25,,2025-2026
67013997,1DL-DI-T12,67_67399_5136973,8/11/25,,2025-2026
67014068,2 DL-SI-T5,67_67399_5136973,8/11/25,,2025-2026
67014068,2 DL-SI-T7,67_67399_5136973,8/11/25,,2025-2026
67014257,5 DL-SI-42,67_67399_5136973,8/11/25,,2025-2026
67014257,5 DL-SI-43,67_67399_5136973,8/11/25,,2025-2026
67013932,K DL-DI-K1,67_67399_5136973,8/11/25,,2025-2026
67013932,K DL-DI-K4,67_67399_5136973,8/11/25,,2025-2026
67014504,0495-01,67_67399_5136978,8/11/25,,2025-2026
67014504,0495-02,67_67399_5136978,8/11/25,,2025-2026
67014248,5 DL-SI-42,67_67399_5136973,8/11/25,,2025-2026
67014248,5 DL-SI-43,67_67399_5136973,8/11/25,,2025-2026
67014403,6 DL-SI-54,67_67399_5136973,8/11/25,,2025-2026
67014403,6 DL-SI-55,67_67399_5136973,8/11/25,,2025-2026
67013972,1 DL-SI-23,67_67399_5136973,8/11/25,,2025-2026
67013972,1DL-DI-T12,67_67399_5136973,8/11/25,,2025-2026
67014014,1 DL-SI-23,67_67399_5136973,8/11/25,,2025-2026
67014014,1DL-DI-T12,67_67399_5136973,8/11/25,,2025-2026
67014453,0495-01,67_67399_5136978,8/11/25,,2025-2026
67014453,0495-02,67_67399_5136978,8/11/25,,2025-2026
67014093,3 DL-SI-22,67_67399_5136973,8/11/25,,2025-2026
67014093,3 DL-SI-23,67_67399_5136973,8/11/25,,2025-2026
67014397,6 DL-SI-54,67_67399_5136973,8/11/25,,2025-2026
67014397,6 DL-SI-55,67_67399_5136973,8/11/25,,2025-2026
67014370,6 DL-SI-54,67_67399_5136973,8/11/25,,2025-2026
67014370,6 DL-SI-55,67_67399_5136973,8/11/25,,2025-2026
67014003,1 DL-SI-23,67_67399_5136973,8/11/25,,2025-2026
67014003,1DL-DI-T12,67_67399_5136973,8/11/25,,2025-2026
67014233,5 DL-SI-42,67_67399_5136973,8/11/25,,2025-2026
67014233,5 DL-SI-43,67_67399_5136973,8/11/25,,2025-2026
67014164,4 DL-SI-32,67_67399_5136973,8/11/25,,2025-2026
67014164,4 DL-SI-33,67_67399_5136973,8/11/25,,2025-2026
67014096,3 DL-SI-22,67_67399_5136973,8/11/25,,2025-2026
67014096,3 DL-SI-23,67_67399_5136973,8/11/25,,2025-2026
67014433,6 DL-SI-54,67_67399_5136973,8/11/25,,2025-2026
67014433,6 DL-SI-55,67_67399_5136973,8/11/25,,2025-2026
67013980,1 DL-SI-23,67_67399_5136973,8/11/25,,2025-2026
67013980,1DL-DI-T12,67_67399_5136973,8/11/25,,2025-2026
67014216,4 DL-SI-32,67_67399_5136973,8/11/25,,2025-2026
67014216,4 DL-SI-33,67_67399_5136973,8/11/25,,2025-2026
67014545,0495-01,67_67399_5136978,8/11/25,,2025-2026
67014545,0495-02,67_67399_5136978,8/11/25,,2025-2026
67014314,5 DL-SI-42,67_67399_5136973,8/11/25,,2025-2026
67014314,5 DL-SI-43,67_67399_5136973,8/11/25,,2025-2026
67013936,K DL-DI-K1,67_67399_5136973,8/11/25,,2025-2026
67013936,K DL-DI-K4,67_67399_5136973,8/11/25,,2025-2026
67014226,4 DL-SI-32,67_67399_5136973,8/11/25,,2025-2026
67014226,4 DL-SI-33,67_67399_5136973,8/11/25,,2025-2026
67014287,5 DL-SI-42,67_67399_5136973,8/11/25,,2025-2026
67014287,5 DL-SI-43,67_67399_5136973,8/11/25,,2025-2026
67013952,1 DL-SI-23,67_67399_5136973,8/11/25,,2025-2026
67013952,1DL-DI-T12,67_67399_5136973,8/11/25,,2025-2026
67014439,6 DL-SI-54,67_67399_5136973,8/11/25,,2025-2026
67014439,6 DL-SI-55,67_67399_5136973,8/11/25,,2025-2026
67013944,1 DL-SI-23,67_67399_5136973,8/11/25,,2025-2026
67013944,1DL-DI-T12,67_67399_5136973,8/11/25,,2025-2026
67014510,0495-01,67_67399_5136978,8/11/25,,2025-2026
67014510,0495-02,67_67399_5136978,8/11/25,,2025-2026
67014322,5 DL-SI-42,67_67399_5136973,8/11/25,,2025-2026
67014322,5 DL-SI-43,67_67399_5136973,8/11/25,,2025-2026
67013935,K DL-DI-K1,67_67399_5136973,8/11/25,,2025-2026
67013935,K DL-DI-K4,67_67399_5136973,8/11/25,,2025-2026
67014160,4 DL-SI-32,67_67399_5136973,8/11/25,,2025-2026
67014160,4 DL-SI-33,67_67399_5136973,8/11/25,,2025-2026
67014022,2 DL-SI-T5,67_67399_5136973,8/11/25,,2025-2026
67014022,2 DL-SI-T7,67_67399_5136973,8/11/25,,2025-2026
67013951,1 DL-SI-23,67_67399_5136973,8/11/25,,2025-2026
67013951,1DL-DI-T12,67_67399_5136973,8/11/25,,2025-2026
67014474,0495-01,67_67399_5136978,8/11/25,,2025-2026
67014474,0495-02,67_67399_5136978,8/11/25,,2025-2026
67014359,6 DL-SI-54,67_67399_5136973,8/11/25,,2025-2026
67014359,6 DL-SI-55,67_67399_5136973,8/11/25,,2025-2026
67014111,3 DL-SI-22,67_67399_5136973,8/11/25,,2025-2026
67014111,3 DL-SI-23,67_67399_5136973,8/11/25,,2025-2026
67013941,1 DL-SI-23,67_67399_5136973,8/11/25,,2025-2026
67013941,1DL-DI-T12,67_67399_5136973,8/11/25,,2025-2026
67014335,6 DL-SI-54,67_67399_5136973,8/11/25,,2025-2026
67014335,6 DL-SI-55,67_67399_5136973,8/11/25,,2025-2026
67013994,1 DL-SI-23,67_67399_5136973,8/11/25,,2025-2026
67013994,1DL-DI-T12,67_67399_5136973,8/11/25,,2025-2026
67014045,2 DL-SI-T5,67_67399_5136973,8/11/25,,2025-2026
67014045,2 DL-SI-T7,67_67399_5136973,8/11/25,,2025-2026
67014196,4 DL-SI-32,67_67399_5136973,8/11/25,,2025-2026
67014196,4 DL-SI-33,67_67399_5136973,8/11/25,,2025-2026
67013970,1 DL-SI-23,67_67399_5136973,8/11/25,,2025-2026
67013970,1DL-DI-T12,67_67399_5136973,8/11/25,,2025-2026
67014503,0495-01,67_67399_5136978,8/11/25,,2025-2026
67014503,0495-02,67_67399_5136978,8/11/25,,2025-2026
67014001,1 DL-SI-23,67_67399_5136973,8/11/25,,2025-2026
67014001,1DL-DI-T12,67_67399_5136973,8/11/25,,2025-2026
67014506,0495-01,67_67399_5136978,8/11/25,,2025-2026
67014506,0495-02,67_67399_5136978,8/11/25,,2025-2026
67014140,3 DL-SI-22,67_67399_5136973,8/11/25,,2025-2026
67014140,3 DL-SI-23,67_67399_5136973,8/11/25,,2025-2026
67014011,1 DL-SI-23,67_67399_5136973,8/11/25,,2025-2026
67014011,1DL-DI-T12,67_67399_5136973,8/11/25,,2025-2026
67014253,5 DL-SI-42,67_67399_5136973,8/11/25,,2025-2026
67014253,5 DL-SI-43,67_67399_5136973,8/11/25,,2025-2026
67014025,2 DL-SI-T5,67_67399_5136973,8/11/25,,2025-2026
67014025,2 DL-SI-T7,67_67399_5136973,8/11/25,,2025-2026
67013920,K DL-DI-K1,67_67399_5136973,8/11/25,,2025-2026
67013920,K DL-DI-K4,67_67399_5136973,8/11/25,,2025-2026
67014456,0495-01,67_67399_5136978,8/11/25,,2025-2026
67014456,0495-02,67_67399_5136978,8/11/25,,2025-2026
67014252,5 DL-SI-42,67_67399_5136973,8/11/25,,2025-2026
67014252,5 DL-SI-43,67_67399_5136973,8/11/25,,2025-2026
67013929,K DL-DI-K1,67_67399_5136973,8/11/25,,2025-2026
67013929,K DL-DI-K4,67_67399_5136973,8/11/25,,2025-2026
67014462,0495-01,67_67399_5136978,8/11/25,,2025-2026
67014462,0495-02,67_67399_5136978,8/11/25,,2025-2026
67013925,K DL-DI-K1,67_67399_5136973,8/11/25,,2025-2026
67013925,K DL-DI-K4,67_67399_5136973,8/11/25,,2025-2026
67014036,2 DL-SI-T5,67_67399_5136973,8/11/25,,2025-2026
67014036,2 DL-SI-T7,67_67399_5136973,8/11/25,,2025-2026
67014230,4 DL-SI-32,67_67399_5136973,8/11/25,,2025-2026
67014230,4 DL-SI-33,67_67399_5136973,8/11/25,,2025-2026
67014284,5 DL-SI-42,67_67399_5136973,8/11/25,,2025-2026
67014284,5 DL-SI-43,67_67399_5136973,8/11/25,,2025-2026
67014151,3 DL-SI-22,67_67399_5136973,8/11/25,,2025-2026
67014151,3 DL-SI-23,67_67399_5136973,8/11/25,,2025-2026
67014405,6 DL-SI-54,67_67399_5136973,8/11/25,,2025-2026
67014405,6 DL-SI-55,67_67399_5136973,8/11/25,,2025-2026
67014387,6 DL-SI-54,67_67399_5136973,8/11/25,,2025-2026
67014387,6 DL-SI-55,67_67399_5136973,8/11/25,,2025-2026
67014249,5 DL-SI-42,67_67399_5136973,8/11/25,,2025-2026
67014249,5 DL-SI-43,67_67399_5136973,8/11/25,,2025-2026
67014159,3 DL-SI-22,67_67399_5136973,8/11/25,,2025-2026
67014159,3 DL-SI-23,67_67399_5136973,8/11/25,,2025-2026
67014404,6 DL-SI-54,67_67399_5136973,8/11/25,,2025-2026
67014404,6 DL-SI-55,67_67399_5136973,8/11/25,,2025-2026
67014311,5 DL-SI-42,67_67399_5136973,8/11/25,,2025-2026
67014311,5 DL-SI-43,67_67399_5136973,8/11/25,,2025-2026
67014485,0495-01,67_67399_5136978,8/11/25,,2025-2026
67014485,0495-02,67_67399_5136978,8/11/25,,2025-2026
67014004,1 DL-SI-23,67_67399_5136973,8/11/25,,2025-2026
67014004,1DL-DI-T12,67_67399_5136973,8/11/25,,2025-2026
67014217,4 DL-SI-32,67_67399_5136973,8/11/25,,2025-2026
67014217,4 DL-SI-33,67_67399_5136973,8/11/25,,2025-2026
67014312,5 DL-SI-42,67_67399_5136973,8/11/25,,2025-2026
67014312,5 DL-SI-43,67_67399_5136973,8/11/25,,2025-2026
67014106,3 DL-SI-22,67_67399_5136973,8/11/25,,2025-2026
67014106,3 DL-SI-23,67_67399_5136973,8/11/25,,2025-2026
67014194,4 DL-SI-32,67_67399_5136973,8/11/25,,2025-2026
67014194,4 DL-SI-33,67_67399_5136973,8/11/25,,2025-2026
67014523,0495-01,67_67399_5136978,8/11/25,,2025-2026
67014523,0495-02,67_67399_5136978,8/11/25,,2025-2026
67014496,0495-01,67_67399_5136978,8/11/25,,2025-2026
67014496,0495-02,67_67399_5136978,8/11/25,,2025-2026
67014476,0495-01,67_67399_5136978,8/11/25,,2025-2026
67014476,0495-02,67_67399_5136978,8/11/25,,2025-2026
67014081,3 DL-SI-22,67_67399_5136973,8/11/25,,2025-2026
67014081,3 DL-SI-23,67_67399_5136973,8/11/25,,2025-2026
67014395,6 DL-SI-54,67_67399_5136973,8/11/25,,2025-2026
67014395,6 DL-SI-55,67_67399_5136973,8/11/25,,2025-2026
67014211,4 DL-SI-32,67_67399_5136973,8/11/25,,2025-2026
67014211,4 DL-SI-33,67_67399_5136973,8/11/25,,2025-2026
67014181,4 DL-SI-32,67_67399_5136973,8/11/25,,2025-2026
67014181,4 DL-SI-33,67_67399_5136973,8/11/25,,2025-2026
67014010,1 DL-SI-23,67_67399_5136973,8/11/25,,2025-2026
67014010,1DL-DI-T12,67_67399_5136973,8/11/25,,2025-2026
67014318,5 DL-SI-42,67_67399_5136973,8/11/25,,2025-2026
67014318,5 DL-SI-43,67_67399_5136973,8/11/25,,2025-2026
67014091,3 DL-SI-22,67_67399_5136973,8/11/25,,2025-2026
67014091,3 DL-SI-23,67_67399_5136973,8/11/25,,2025-2026
67014261,5 DL-SI-42,67_67399_5136973,8/11/25,,2025-2026
67014261,5 DL-SI-43,67_67399_5136973,8/11/25,,2025-2026
67014254,5 DL-SI-42,67_67399_5136973,8/11/25,,2025-2026
67014254,5 DL-SI-43,67_67399_5136973,8/11/25,,2025-2026
67014367,6 DL-SI-54,67_67399_5136973,8/11/25,,2025-2026
67014367,6 DL-SI-55,67_67399_5136973,8/11/25,,2025-2026
67013959,1 DL-SI-23,67_67399_5136973,8/11/25,,2025-2026
67013959,1DL-DI-T12,67_67399_5136973,8/11/25,,2025-2026
67014118,3 DL-SI-22,67_67399_5136973,8/11/25,,2025-2026
67014118,3 DL-SI-23,67_67399_5136973,8/11/25,,2025-2026
67014100,3 DL-SI-22,67_67399_5136973,8/11/25,,2025-2026
67014100,3 DL-SI-23,67_67399_5136973,8/11/25,,2025-2026
67014430,6 DL-SI-54,67_67399_5136973,8/11/25,,2025-2026
67014430,6 DL-SI-55,67_67399_5136973,8/11/25,,2025-2026
67013922,K DL-DI-K1,67_67399_5136973,8/11/25,,2025-2026
67013922,K DL-DI-K4,67_67399_5136973,8/11/25,,2025-2026
67013955,1 DL-SI-23,67_67399_5136973,8/11/25,,2025-2026
67013955,1DL-DI-T12,67_67399_5136973,8/11/25,,2025-2026
67014541,0495-01,67_67399_5136978,8/11/25,,2025-2026
67014541,0495-02,67_67399_5136978,8/11/25,,2025-2026
67014532,0495-01,67_67399_5136978,8/11/25,,2025-2026
67014532,0495-02,67_67399_5136978,8/11/25,,2025-2026
67014450,0495-01,67_67399_5136978,8/11/25,,2025-2026
67014450,0495-02,67_67399_5136978,8/11/25,,2025-2026
67014527,0495-01,67_67399_5136978,8/11/25,,2025-2026
67014527,0495-02,67_67399_5136978,8/11/25,,2025-2026
67013983,1 DL-SI-23,67_67399_5136973,8/11/25,,2025-2026
67013983,1DL-DI-T12,67_67399_5136973,8/11/25,,2025-2026
67013989,1 DL-SI-23,67_67399_5136973,8/11/25,,2025-2026
67013989,1DL-DI-T12,67_67399_5136973,8/11/25,,2025-2026
67014259,5 DL-SI-42,67_67399_5136973,8/11/25,,2025-2026
67014259,5 DL-SI-43,67_67399_5136973,8/11/25,,2025-2026
67014297,5 DL-SI-42,67_67399_5136973,8/11/25,,2025-2026
67014297,5 DL-SI-43,67_67399_5136973,8/11/25,,2025-2026
67014334,6 DL-SI-54,67_67399_5136973,8/11/25,,2025-2026
67014334,6 DL-SI-55,67_67399_5136973,8/11/25,,2025-2026
67014180,4 DL-SI-32,67_67399_5136973,8/11/25,,2025-2026
67014180,4 DL-SI-33,67_67399_5136973,8/11/25,,2025-2026
67014357,6 DL-SI-54,67_67399_5136973,8/11/25,,2025-2026
67014357,6 DL-SI-55,67_67399_5136973,8/11/25,,2025-2026
67014142,3 DL-SI-22,67_67399_5136973,8/11/25,,2025-2026
67014142,3 DL-SI-23,67_67399_5136973,8/11/25,,2025-2026
67014198,4 DL-SI-32,67_67399_5136973,8/11/25,,2025-2026
67014198,4 DL-SI-33,67_67399_5136973,8/11/25,,2025-2026
67014434,6 DL-SI-54,67_67399_5136973,8/11/25,,2025-2026
67014434,6 DL-SI-55,67_67399_5136973,8/11/25,,2025-2026
67014065,2 DL-SI-T5,67_67399_5136973,8/11/25,,2025-2026
67014065,2 DL-SI-T7,67_67399_5136973,8/11/25,,2025-2026
67014303,5 DL-SI-42,67_67399_5136973,8/11/25,,2025-2026
67014303,5 DL-SI-43,67_67399_5136973,8/11/25,,2025-2026
67014273,5 DL-SI-42,67_67399_5136973,8/11/25,,2025-2026
67014273,5 DL-SI-43,67_67399_5136973,8/11/25,,2025-2026
67014121,3 DL-SI-22,67_67399_5136973,8/11/25,,2025-2026
67014121,3 DL-SI-23,67_67399_5136973,8/11/25,,2025-2026
67014021,2 DL-SI-T5,67_67399_5136973,8/11/25,,2025-2026
67014021,2 DL-SI-T7,67_67399_5136973,8/11/25,,2025-2026
67014421,6 DL-SI-54,67_67399_5136973,8/11/25,,2025-2026
67014421,6 DL-SI-55,67_67399_5136973,8/11/25,,2025-2026
67013960,1 DL-SI-23,67_67399_5136973,8/11/25,,2025-2026
67013960,1DL-DI-T12,67_67399_5136973,8/11/25,,2025-2026
67014341,6 DL-SI-54,67_67399_5136973,8/11/25,,2025-2026
67014341,6 DL-SI-55,67_67399_5136973,8/11/25,,2025-2026
67014067,2 DL-SI-T5,67_67399_5136973,8/11/25,,2025-2026
67014067,2 DL-SI-T7,67_67399_5136973,8/11/25,,2025-2026
67014115,3 DL-SI-22,67_67399_5136973,8/11/25,,2025-2026
67014115,3 DL-SI-23,67_67399_5136973,8/11/25,,2025-2026
67014283,5 DL-SI-42,67_67399_5136973,8/11/25,,2025-2026
67014283,5 DL-SI-43,67_67399_5136973,8/11/25,,2025-2026
67014418,6 DL-SI-54,67_67399_5136973,8/11/25,,2025-2026
67014418,6 DL-SI-55,67_67399_5136973,8/11/25,,2025-2026
67014414,6 DL-SI-54,67_67399_5136973,8/11/25,,2025-2026
67014414,6 DL-SI-55,67_67399_5136973,8/11/25,,2025-2026
67014193,4 DL-SI-32,67_67399_5136973,8/11/25,,2025-2026
67014193,4 DL-SI-33,67_67399_5136973,8/11/25,,2025-2026
67013945,1 DL-SI-23,67_67399_5136973,8/11/25,,2025-2026
67013945,1DL-DI-T12,67_67399_5136973,8/11/25,,2025-2026
67014247,5 DL-SI-42,67_67399_5136973,8/11/25,,2025-2026
67014247,5 DL-SI-43,67_67399_5136973,8/11/25,,2025-2026
67014323,5 DL-SI-42,67_67399_5136973,8/11/25,,2025-2026
67014323,5 DL-SI-43,67_67399_5136973,8/11/25,,2025-2026
67014235,5 DL-SI-42,67_67399_5136973,8/11/25,,2025-2026
67014235,5 DL-SI-43,67_67399_5136973,8/11/25,,2025-2026
67014116,3 DL-SI-22,67_67399_5136973,8/11/25,,2025-2026
67014116,3 DL-SI-23,67_67399_5136973,8/11/25,,2025-2026
67014299,5 DL-SI-42,67_67399_5136973,8/11/25,,2025-2026
67014299,5 DL-SI-43,67_67399_5136973,8/11/25,,2025-2026
67014264,5 DL-SI-42,67_67399_5136973,8/11/25,,2025-2026
67014264,5 DL-SI-43,67_67399_5136973,8/11/25,,2025-2026
67014281,5 DL-SI-42,67_67399_5136973,8/11/25,,2025-2026
67014281,5 DL-SI-43,67_67399_5136973,8/11/25,,2025-2026
67014070,2 DL-SI-T5,67_67399_5136973,8/11/25,,2025-2026
67014070,2 DL-SI-T7,67_67399_5136973,8/11/25,,2025-2026
67014338,6 DL-SI-54,67_67399_5136973,8/11/25,,2025-2026
67014338,6 DL-SI-55,67_67399_5136973,8/11/25,,2025-2026
67014477,0495-01,67_67399_5136978,8/11/25,,2025-2026
67014477,0495-02,67_67399_5136978,8/11/25,,2025-2026
67014435,6 DL-SI-54,67_67399_5136973,8/11/25,,2025-2026
67014435,6 DL-SI-55,67_67399_5136973,8/11/25,,2025-2026
67014243,5 DL-SI-42,67_67399_5136973,8/11/25,,2025-2026
67014243,5 DL-SI-43,67_67399_5136973,8/11/25,,2025-2026
67014083,3 DL-SI-22,67_67399_5136973,8/11/25,,2025-2026
67014083,3 DL-SI-23,67_67399_5136973,8/11/25,,2025-2026
67014183,4 DL-SI-32,67_67399_5136973,8/11/25,,2025-2026
67014183,4 DL-SI-33,67_67399_5136973,8/11/25,,2025-2026
67013971,1 DL-SI-23,67_67399_5136973,8/11/25,,2025-2026
67013971,1DL-DI-T12,67_67399_5136973,8/11/25,,2025-2026
67014519,0495-01,67_67399_5136978,8/11/25,,2025-2026
67014519,0495-02,67_67399_5136978,8/11/25,,2025-2026
67014373,6 DL-SI-54,67_67399_5136973,8/11/25,,2025-2026
67014373,6 DL-SI-55,67_67399_5136973,8/11/25,,2025-2026
67014448,6 DL-SI-54,67_67399_5136973,8/11/25,,2025-2026
67014448,6 DL-SI-55,67_67399_5136973,8/11/25,,2025-2026
67014209,4 DL-SI-32,67_67399_5136973,8/11/25,,2025-2026
67014209,4 DL-SI-33,67_67399_5136973,8/11/25,,2025-2026
67013979,1 DL-SI-23,67_67399_5136973,8/11/25,,2025-2026
67013979,1DL-DI-T12,67_67399_5136973,8/11/25,,2025-2026
67014294,5 DL-SI-42,67_67399_5136973,8/11/25,,2025-2026
67014294,5 DL-SI-43,67_67399_5136973,8/11/25,,2025-2026
67014131,3 DL-SI-22,67_67399_5136973,8/11/25,,2025-2026
67014131,3 DL-SI-23,67_67399_5136973,8/11/25,,2025-2026
67014077,3 DL-SI-22,67_67399_5136973,8/11/25,,2025-2026
67014077,3 DL-SI-23,67_67399_5136973,8/11/25,,2025-2026
67014200,4 DL-SI-32,67_67399_5136973,8/11/25,,2025-2026
67014200,4 DL-SI-33,67_67399_5136973,8/11/25,,2025-2026
67014128,3 DL-SI-22,67_67399_5136973,8/11/25,,2025-2026
67014128,3 DL-SI-23,67_67399_5136973,8/11/25,,2025-2026
67014438,6 DL-SI-54,67_67399_5136973,8/11/25,,2025-2026
67014438,6 DL-SI-55,67_67399_5136973,8/11/25,,2025-2026
67014104,3 DL-SI-22,67_67399_5136973,8/11/25,,2025-2026
67014104,3 DL-SI-23,67_67399_5136973,8/11/25,,2025-2026
67014521,0495-01,67_67399_5136978,8/11/25,,2025-2026
67014521,0495-02,67_67399_5136978,8/11/25,,2025-2026
67013981,1 DL-SI-23,67_67399_5136973,8/11/25,,2025-2026
67013981,1DL-DI-T12,67_67399_5136973,8/11/25,,2025-2026
67014079,3 DL-SI-22,67_67399_5136973,8/11/25,,2025-2026
67014079,3 DL-SI-23,67_67399_5136973,8/11/25,,2025-2026
67014101,3 DL-SI-22,67_67399_5136973,8/11/25,,2025-2026
67014101,3 DL-SI-23,67_67399_5136973,8/11/25,,2025-2026
67014150,3 DL-SI-22,67_67399_5136973,8/11/25,,2025-2026
67014150,3 DL-SI-23,67_67399_5136973,8/11/25,,2025-2026
67014390,6 DL-SI-54,67_67399_5136973,8/11/25,,2025-2026
67014390,6 DL-SI-55,67_67399_5136973,8/11/25,,2025-2026
67014064,2 DL-SI-T5,67_67399_5136973,8/11/25,,2025-2026
67014064,2 DL-SI-T7,67_67399_5136973,8/11/25,,2025-2026
67014127,3 DL-SI-22,67_67399_5136973,8/11/25,,2025-2026
67014127,3 DL-SI-23,67_67399_5136973,8/11/25,,2025-2026
67014170,4 DL-SI-32,67_67399_5136973,8/11/25,,2025-2026
67014170,4 DL-SI-33,67_67399_5136973,8/11/25,,2025-2026
67014016,1 DL-SI-23,67_67399_5136973,8/11/25,,2025-2026
67014016,1DL-DI-T12,67_67399_5136973,8/11/25,,2025-2026
67014161,4 DL-SI-32,67_67399_5136973,8/11/25,,2025-2026
67014161,4 DL-SI-33,67_67399_5136973,8/11/25,,2025-2026
67014286,5 DL-SI-42,67_67399_5136973,8/11/25,,2025-2026
67014286,5 DL-SI-43,67_67399_5136973,8/11/25,,2025-2026
67014215,4 DL-SI-32,67_67399_5136973,8/11/25,,2025-2026
67014215,4 DL-SI-33,67_67399_5136973,8/11/25,,2025-2026
67014486,0495-01,67_67399_5136978,8/11/25,,2025-2026
67014486,0495-02,67_67399_5136978,8/11/25,,2025-2026
67013933,K DL-DI-K1,67_67399_5136973,8/11/25,,2025-2026
67013933,K DL-DI-K4,67_67399_5136973,8/11/25,,2025-2026
67013990,1 DL-SI-23,67_67399_5136973,8/11/25,,2025-2026
67013990,1DL-DI-T12,67_67399_5136973,8/11/25,,2025-2026
67014113,3 DL-SI-22,67_67399_5136973,8/11/25,,2025-2026
67014113,3 DL-SI-23,67_67399_5136973,8/11/25,,2025-2026
67014518,0495-01,67_67399_5136978,8/11/25,,2025-2026
67014518,0495-02,67_67399_5136978,8/11/25,,2025-2026
67014119,3 DL-SI-22,67_67399_5136973,8/11/25,,2025-2026
67014119,3 DL-SI-23,67_67399_5136973,8/11/25,,2025-2026
67014214,4 DL-SI-32,67_67399_5136973,8/11/25,,2025-2026
67014214,4 DL-SI-33,67_67399_5136973,8/11/25,,2025-2026
67013995,1 DL-SI-23,67_67399_5136973,8/11/25,,2025-2026
67013995,1DL-DI-T12,67_67399_5136973,8/11/25,,2025-2026
67013958,1 DL-SI-23,67_67399_5136973,8/11/25,,2025-2026
67013958,1DL-DI-T12,67_67399_5136973,8/11/25,,2025-2026
67014220,4 DL-SI-32,67_67399_5136973,8/11/25,,2025-2026
67014220,4 DL-SI-33,67_67399_5136973,8/11/25,,2025-2026
67014358,6 DL-SI-54,67_67399_5136973,8/11/25,,2025-2026
67014358,6 DL-SI-55,67_67399_5136973,8/11/25,,2025-2026
67014187,4 DL-SI-32,67_67399_5136973,8/11/25,,2025-2026
67014187,4 DL-SI-33,67_67399_5136973,8/11/25,,2025-2026
67014360,6 DL-SI-54,67_67399_5136973,8/11/25,,2025-2026
67014360,6 DL-SI-55,67_67399_5136973,8/11/25,,2025-2026
67014460,0495-01,67_67399_5136978,8/11/25,,2025-2026
67014460,0495-02,67_67399_5136978,8/11/25,,2025-2026
67014446,6 DL-SI-54,67_67399_5136973,8/11/25,,2025-2026
67014446,6 DL-SI-55,67_67399_5136973,8/11/25,,2025-2026
67014419,6 DL-SI-54,67_67399_5136973,8/11/25,,2025-2026
67014419,6 DL-SI-55,67_67399_5136973,8/11/25,,2025-2026
67014475,0495-01,67_67399_5136978,8/11/25,,2025-2026
67014475,0495-02,67_67399_5136978,8/11/25,,2025-2026
67014332,5 DL-SI-42,67_67399_5136973,8/11/25,,2025-2026
67014332,5 DL-SI-43,67_67399_5136973,8/11/25,,2025-2026
67014507,0495-01,67_67399_5136978,8/11/25,,2025-2026
67014507,0495-02,67_67399_5136978,8/11/25,,2025-2026
67013975,1 DL-SI-23,67_67399_5136973,8/11/25,,2025-2026
67013975,1DL-DI-T12,67_67399_5136973,8/11/25,,2025-2026
67013938,1 DL-SI-23,67_67399_5136973,8/11/25,,2025-2026
67013938,1DL-DI-T12,67_67399_5136973,8/11/25,,2025-2026
67014109,3 DL-SI-22,67_67399_5136973,8/11/25,,2025-2026
67014109,3 DL-SI-23,67_67399_5136973,8/11/25,,2025-2026
67014268,5 DL-SI-42,67_67399_5136973,8/11/25,,2025-2026
67014268,5 DL-SI-43,67_67399_5136973,8/11/25,,2025-2026
67014386,6 DL-SI-54,67_67399_5136973,8/11/25,,2025-2026
67014386,6 DL-SI-55,67_67399_5136973,8/11/25,,2025-2026
67014463,0495-01,67_67399_5136978,8/11/25,,2025-2026
67014463,0495-02,67_67399_5136978,8/11/25,,2025-2026
67014544,0495-01,67_67399_5136978,8/11/25,,2025-2026
67014544,0495-02,67_67399_5136978,8/11/25,,2025-2026
67014342,6 DL-SI-54,67_67399_5136973,8/11/25,,2025-2026
67014342,6 DL-SI-55,67_67399_5136973,8/11/25,,2025-2026
67014307,5 DL-SI-42,67_67399_5136973,8/11/25,,2025-2026
67014307,5 DL-SI-43,67_67399_5136973,8/11/25,,2025-2026
67014512,0495-01,67_67399_5136978,8/11/25,,2025-2026
67014512,0495-02,67_67399_5136978,8/11/25,,2025-2026
67014959,5JN-SI-14,67_67399_5136974,8/11/25,,2025-2026
67014959,5JN-SI-15,67_67399_5136974,8/11/25,,2025-2026
67015059,6JN-S1-23,67_67399_5136974,8/11/25,,2025-2026
67015059,6JN-SI-20,67_67399_5136974,8/11/25,,2025-2026
67014696,3JN-SI-03,67_67399_5136974,8/11/25,,2025-2026
67014696,3JN-SI-04,67_67399_5136974,8/11/25,,2025-2026
67015090,0495-01,67_67399_5136978,8/11/25,,2025-2026
67015090,0495-02,67_67399_5136978,8/11/25,,2025-2026
67014678,2JN-SI-08,67_67399_5136974,8/11/25,,2025-2026
67014678,2JN-SI-09,67_67399_5136974,8/11/25,,2025-2026
67014622,1JN-SI-11,67_67399_5136974,8/11/25,,2025-2026
67014622,1JN-SI-12,67_67399_5136974,8/11/25,,2025-2026
67015147,0495-01,67_67399_5136978,8/11/25,,2025-2026
67015147,0495-02,67_67399_5136978,8/11/25,,2025-2026
67014857,4JN-SI-16,67_67399_5136974,8/11/25,,2025-2026
67014857,4JN-SI-17,67_67399_5136974,8/11/25,,2025-2026
67014649,2JN-SI-08,67_67399_5136974,8/11/25,,2025-2026
67014649,2JN-SI-09,67_67399_5136974,8/11/25,,2025-2026
67014705,3JN-SI-03,67_67399_5136974,8/11/25,,2025-2026
67014705,3JN-SI-04,67_67399_5136974,8/11/25,,2025-2026
67015097,0495-01,67_67399_5136978,8/11/25,,2025-2026
67015097,0495-02,67_67399_5136978,8/11/25,,2025-2026
67014656,2JN-SI-08,67_67399_5136974,8/11/25,,2025-2026
67014656,2JN-SI-09,67_67399_5136974,8/11/25,,2025-2026
67014913,5JN-SI-14,67_67399_5136974,8/11/25,,2025-2026
67014913,5JN-SI-15,67_67399_5136974,8/11/25,,2025-2026
67014944,5JN-SI-14,67_67399_5136974,8/11/25,,2025-2026
67014944,5JN-SI-15,67_67399_5136974,8/11/25,,2025-2026
67014663,2JN-SI-08,67_67399_5136974,8/11/25,,2025-2026
67014663,2JN-SI-09,67_67399_5136974,8/11/25,,2025-2026
67015081,6JN-S1-23,67_67399_5136974,8/11/25,,2025-2026
67015081,6JN-SI-20,67_67399_5136974,8/11/25,,2025-2026
67014882,5JN-SI-14,67_67399_5136974,8/11/25,,2025-2026
67014882,5JN-SI-15,67_67399_5136974,8/11/25,,2025-2026
67014686,2JN-SI-08,67_67399_5136974,8/11/25,,2025-2026
67014686,2JN-SI-09,67_67399_5136974,8/11/25,,2025-2026
67014623,1JN-SI-11,67_67399_5136974,8/11/25,,2025-2026
67014623,1JN-SI-12,67_67399_5136974,8/11/25,,2025-2026
67015176,0495-01,67_67399_5136978,8/11/25,,2025-2026
67015176,0495-02,67_67399_5136978,8/11/25,,2025-2026
67014866,4JN-SI-16,67_67399_5136974,8/11/25,,2025-2026
67014866,4JN-SI-17,67_67399_5136974,8/11/25,,2025-2026
67014897,5JN-SI-14,67_67399_5136974,8/11/25,,2025-2026
67014897,5JN-SI-15,67_67399_5136974,8/11/25,,2025-2026
67014937,5JN-SI-14,67_67399_5136974,8/11/25,,2025-2026
67014937,5JN-SI-15,67_67399_5136974,8/11/25,,2025-2026
67014797,4JN-SI-16,67_67399_5136974,8/11/25,,2025-2026
67014797,4JN-SI-17,67_67399_5136974,8/11/25,,2025-2026
67014568,KJN-SI-01,67_67399_5136974,8/11/25,,2025-2026
67014568,KJN-SI-02,67_67399_5136974,8/11/25,,2025-2026
67014892,5JN-SI-14,67_67399_5136974,8/11/25,,2025-2026
67014892,5JN-SI-15,67_67399_5136974,8/11/25,,2025-2026
67014723,3JN-SI-03,67_67399_5136974,8/11/25,,2025-2026
67014723,3JN-SI-04,67_67399_5136974,8/11/25,,2025-2026
67014888,5JN-SI-14,67_67399_5136974,8/11/25,,2025-2026
67014888,5JN-SI-15,67_67399_5136974,8/11/25,,2025-2026
67015094,0495-01,67_67399_5136978,8/11/25,,2025-2026
67015094,0495-02,67_67399_5136978,8/11/25,,2025-2026
67015104,0495-01,67_67399_5136978,8/11/25,,2025-2026
67015104,0495-02,67_67399_5136978,8/11/25,,2025-2026
67014811,4JN-SI-16,67_67399_5136974,8/11/25,,2025-2026
67014811,4JN-SI-17,67_67399_5136974,8/11/25,,2025-2026
67014863,4JN-SI-16,67_67399_5136974,8/11/25,,2025-2026
67014863,4JN-SI-17,67_67399_5136974,8/11/25,,2025-2026
67014682,2JN-SI-08,67_67399_5136974,8/11/25,,2025-2026
67014682,2JN-SI-09,67_67399_5136974,8/11/25,,2025-2026
67015058,6JN-S1-23,67_67399_5136974,8/11/25,,2025-2026
67015058,6JN-SI-20,67_67399_5136974,8/11/25,,2025-2026
67014965,5JN-SI-14,67_67399_5136974,8/11/25,,2025-2026
67014965,5JN-SI-15,67_67399_5136974,8/11/25,,2025-2026
67015178,0495-01,67_67399_5136978,8/11/25,,2025-2026
67015178,0495-02,67_67399_5136978,8/11/25,,2025-2026
67014761,3JN-SI-03,67_67399_5136974,8/11/25,,2025-2026
67014761,3JN-SI-04,67_67399_5136974,8/11/25,,2025-2026
67014640,1JN-SI-11,67_67399_5136974,8/11/25,,2025-2026
67014640,1JN-SI-12,67_67399_5136974,8/11/25,,2025-2026
67015159,0495-01,67_67399_5136978,8/11/25,,2025-2026
67015159,0495-02,67_67399_5136978,8/11/25,,2025-2026
67014877,5JN-SI-14,67_67399_5136974,8/11/25,,2025-2026
67014877,5JN-SI-15,67_67399_5136974,8/11/25,,2025-2026
67014836,4JN-SI-16,67_67399_5136974,8/11/25,,2025-2026
67014836,4JN-SI-17,67_67399_5136974,8/11/25,,2025-2026
67014714,3JN-SI-03,67_67399_5136974,8/11/25,,2025-2026
67014714,3JN-SI-04,67_67399_5136974,8/11/25,,2025-2026
67014979,6JN-S1-23,67_67399_5136974,8/11/25,,2025-2026
67014979,6JN-SI-20,67_67399_5136974,8/11/25,,2025-2026
67015065,6JN-S1-23,67_67399_5136974,8/11/25,,2025-2026
67015065,6JN-SI-20,67_67399_5136974,8/11/25,,2025-2026
67014576,1JN-SI-11,67_67399_5136974,8/11/25,,2025-2026
67014576,1JN-SI-12,67_67399_5136974,8/11/25,,2025-2026
67014658,2JN-SI-08,67_67399_5136974,8/11/25,,2025-2026
67014658,2JN-SI-09,67_67399_5136974,8/11/25,,2025-2026
67015013,6JN-S1-23,67_67399_5136974,8/11/25,,2025-2026
67015013,6JN-SI-20,67_67399_5136974,8/11/25,,2025-2026
67015093,0495-01,67_67399_5136978,8/11/25,,2025-2026
67015093,0495-02,67_67399_5136978,8/11/25,,2025-2026
67014776,4JN-SI-16,67_67399_5136974,8/11/25,,2025-2026
67014776,4JN-SI-17,67_67399_5136974,8/11/25,,2025-2026
67014796,4JN-SI-16,67_67399_5136974,8/11/25,,2025-2026
67014796,4JN-SI-17,67_67399_5136974,8/11/25,,2025-2026
67014835,4JN-SI-16,67_67399_5136974,8/11/25,,2025-2026
67014835,4JN-SI-17,67_67399_5136974,8/11/25,,2025-2026
67015017,6JN-S1-23,67_67399_5136974,8/11/25,,2025-2026
67015017,6JN-SI-20,67_67399_5136974,8/11/25,,2025-2026
67014612,1JN-SI-11,67_67399_5136974,8/11/25,,2025-2026
67014612,1JN-SI-12,67_67399_5136974,8/11/25,,2025-2026
67014657,2JN-SI-08,67_67399_5136974,8/11/25,,2025-2026
67014657,2JN-SI-09,67_67399_5136974,8/11/25,,2025-2026
67015010,6JN-S1-23,67_67399_5136974,8/11/25,,2025-2026
67015010,6JN-SI-20,67_67399_5136974,8/11/25,,2025-2026
67015024,6JN-S1-23,67_67399_5136974,8/11/25,,2025-2026
67015024,6JN-SI-20,67_67399_5136974,8/11/25,,2025-2026
67015054,6JN-S1-23,67_67399_5136974,8/11/25,,2025-2026
67015054,6JN-SI-20,67_67399_5136974,8/11/25,,2025-2026
67014813,4JN-SI-16,67_67399_5136974,8/11/25,,2025-2026
67014813,4JN-SI-17,67_67399_5136974,8/11/25,,2025-2026
67014633,1JN-SI-11,67_67399_5136974,8/11/25,,2025-2026
67014633,1JN-SI-12,67_67399_5136974,8/11/25,,2025-2026
67015185,0495-01,67_67399_5136978,8/11/25,,2025-2026
67015185,0495-02,67_67399_5136978,8/11/25,,2025-2026
67014694,2JN-SI-08,67_67399_5136974,8/11/25,,2025-2026
67014694,2JN-SI-09,67_67399_5136974,8/11/25,,2025-2026
67014808,4JN-SI-16,67_67399_5136974,8/11/25,,2025-2026
67014808,4JN-SI-17,67_67399_5136974,8/11/25,,2025-2026
67014645,1JN-SI-11,67_67399_5136974,8/11/25,,2025-2026
67014645,1JN-SI-12,67_67399_5136974,8/11/25,,2025-2026
67014639,1JN-SI-11,67_67399_5136974,8/11/25,,2025-2026
67014639,1JN-SI-12,67_67399_5136974,8/11/25,,2025-2026
67014722,3JN-SI-03,67_67399_5136974,8/11/25,,2025-2026
67014722,3JN-SI-04,67_67399_5136974,8/11/25,,2025-2026
67014981,6JN-S1-23,67_67399_5136974,8/11/25,,2025-2026
67014981,6JN-SI-20,67_67399_5136974,8/11/25,,2025-2026
67014958,5JN-SI-14,67_67399_5136974,8/11/25,,2025-2026
67014958,5JN-SI-15,67_67399_5136974,8/11/25,,2025-2026
67015136,0495-01,67_67399_5136978,8/11/25,,2025-2026
67015136,0495-02,67_67399_5136978,8/11/25,,2025-2026
67015120,0495-01,67_67399_5136978,8/11/25,,2025-2026
67015120,0495-02,67_67399_5136978,8/11/25,,2025-2026
67014558,KJN-SI-01,67_67399_5136974,8/11/25,,2025-2026
67014558,KJN-SI-02,67_67399_5136974,8/11/25,,2025-2026
67014725,3JN-SI-03,67_67399_5136974,8/11/25,,2025-2026
67014725,3JN-SI-04,67_67399_5136974,8/11/25,,2025-2026
67014606,1JN-SI-11,67_67399_5136974,8/11/25,,2025-2026
67014606,1JN-SI-12,67_67399_5136974,8/11/25,,2025-2026
67014666,2JN-SI-08,67_67399_5136974,8/11/25,,2025-2026
67014666,2JN-SI-09,67_67399_5136974,8/11/25,,2025-2026
67015069,6JN-S1-23,67_67399_5136974,8/11/25,,2025-2026
67015069,6JN-SI-20,67_67399_5136974,8/11/25,,2025-2026
67015163,0495-01,67_67399_5136978,8/11/25,,2025-2026
67015163,0495-02,67_67399_5136978,8/11/25,,2025-2026
67014876,5JN-SI-14,67_67399_5136974,8/11/25,,2025-2026
67014876,5JN-SI-15,67_67399_5136974,8/11/25,,2025-2026
67014672,2JN-SI-08,67_67399_5136974,8/11/25,,2025-2026
67014672,2JN-SI-09,67_67399_5136974,8/11/25,,2025-2026
67014867,5JN-SI-14,67_67399_5136974,8/11/25,,2025-2026
67014867,5JN-SI-15,67_67399_5136974,8/11/25,,2025-2026
67014898,5JN-SI-14,67_67399_5136974,8/11/25,,2025-2026
67014898,5JN-SI-15,67_67399_5136974,8/11/25,,2025-2026
67014919,5JN-SI-14,67_67399_5136974,8/11/25,,2025-2026
67014919,5JN-SI-15,67_67399_5136974,8/11/25,,2025-2026
67015000,6JN-S1-23,67_67399_5136974,8/11/25,,2025-2026
67015000,6JN-SI-20,67_67399_5136974,8/11/25,,2025-2026
67014790,4JN-SI-16,67_67399_5136974,8/11/25,,2025-2026
67014790,4JN-SI-17,67_67399_5136974,8/11/25,,2025-2026
67014736,3JN-SI-03,67_67399_5136974,8/11/25,,2025-2026
67014736,3JN-SI-04,67_67399_5136974,8/11/25,,2025-2026
67015106,0495-01,67_67399_5136978,8/11/25,,2025-2026
67015106,0495-02,67_67399_5136978,8/11/25,,2025-2026
67014974,6JN-S1-23,67_67399_5136974,8/11/25,,2025-2026
67014974,6JN-SI-20,67_67399_5136974,8/11/25,,2025-2026
67014812,4JN-SI-16,67_67399_5136974,8/11/25,,2025-2026
67014812,4JN-SI-17,67_67399_5136974,8/11/25,,2025-2026
67014609,1JN-SI-11,67_67399_5136974,8/11/25,,2025-2026
67014609,1JN-SI-12,67_67399_5136974,8/11/25,,2025-2026
67014554,KJN-SI-01,67_67399_5136974,8/11/25,,2025-2026
67014554,KJN-SI-02,67_67399_5136974,8/11/25,,2025-2026
67015129,0495-01,67_67399_5136978,8/11/25,,2025-2026
67015129,0495-02,67_67399_5136978,8/11/25,,2025-2026
67014699,3JN-SI-03,67_67399_5136974,8/11/25,,2025-2026
67014699,3JN-SI-04,67_67399_5136974,8/11/25,,2025-2026
67014615,1JN-SI-11,67_67399_5136974,8/11/25,,2025-2026
67014615,1JN-SI-12,67_67399_5136974,8/11/25,,2025-2026
67014996,6JN-S1-23,67_67399_5136974,8/11/25,,2025-2026
67014996,6JN-SI-20,67_67399_5136974,8/11/25,,2025-2026
67014845,4JN-SI-16,67_67399_5136974,8/11/25,,2025-2026
67014845,4JN-SI-17,67_67399_5136974,8/11/25,,2025-2026
67015038,6JN-S1-23,67_67399_5136974,8/11/25,,2025-2026
67015038,6JN-SI-20,67_67399_5136974,8/11/25,,2025-2026
67014893,5JN-SI-14,67_67399_5136974,8/11/25,,2025-2026
67014893,5JN-SI-15,67_67399_5136974,8/11/25,,2025-2026
67014732,3JN-SI-03,67_67399_5136974,8/11/25,,2025-2026
67014732,3JN-SI-04,67_67399_5136974,8/11/25,,2025-2026
67014846,4JN-SI-16,67_67399_5136974,8/11/25,,2025-2026
67014846,4JN-SI-17,67_67399_5136974,8/11/25,,2025-2026
67014750,3JN-SI-03,67_67399_5136974,8/11/25,,2025-2026
67014750,3JN-SI-04,67_67399_5136974,8/11/25,,2025-2026
67014843,4JN-SI-16,67_67399_5136974,8/11/25,,2025-2026
67014843,4JN-SI-17,67_67399_5136974,8/11/25,,2025-2026
67014601,1JN-SI-11,67_67399_5136974,8/11/25,,2025-2026
67014601,1JN-SI-12,67_67399_5136974,8/11/25,,2025-2026
67014997,6JN-S1-23,67_67399_5136974,8/11/25,,2025-2026
67014997,6JN-SI-20,67_67399_5136974,8/11/25,,2025-2026
67014707,3JN-SI-03,67_67399_5136974,8/11/25,,2025-2026
67014707,3JN-SI-04,67_67399_5136974,8/11/25,,2025-2026
67014655,2JN-SI-08,67_67399_5136974,8/11/25,,2025-2026
67014655,2JN-SI-09,67_67399_5136974,8/11/25,,2025-2026
67015039,6JN-S1-23,67_67399_5136974,8/11/25,,2025-2026
67015039,6JN-SI-20,67_67399_5136974,8/11/25,,2025-2026
67014754,3JN-SI-03,67_67399_5136974,8/11/25,,2025-2026
67014754,3JN-SI-04,67_67399_5136974,8/11/25,,2025-2026
67014647,2JN-SI-08,67_67399_5136974,8/11/25,,2025-2026
67014647,2JN-SI-09,67_67399_5136974,8/11/25,,2025-2026
67014929,5JN-SI-14,67_67399_5136974,8/11/25,,2025-2026
67014929,5JN-SI-15,67_67399_5136974,8/11/25,,2025-2026
67014604,1JN-SI-11,67_67399_5136974,8/11/25,,2025-2026
67014604,1JN-SI-12,67_67399_5136974,8/11/25,,2025-2026
67014936,5JN-SI-14,67_67399_5136974,8/11/25,,2025-2026
67014936,5JN-SI-15,67_67399_5136974,8/11/25,,2025-2026
67014572,1JN-SI-11,67_67399_5136974,8/11/25,,2025-2026
67014572,1JN-SI-12,67_67399_5136974,8/11/25,,2025-2026
67014585,1JN-SI-11,67_67399_5136974,8/11/25,,2025-2026
67014585,1JN-SI-12,67_67399_5136974,8/11/25,,2025-2026
67015018,6JN-S1-23,67_67399_5136974,8/11/25,,2025-2026
67015018,6JN-SI-20,67_67399_5136974,8/11/25,,2025-2026
67014570,KJN-SI-01,67_67399_5136974,8/11/25,,2025-2026
67014570,KJN-SI-02,67_67399_5136974,8/11/25,,2025-2026
67015015,6JN-S1-23,67_67399_5136974,8/11/25,,2025-2026
67015015,6JN-SI-20,67_67399_5136974,8/11/25,,2025-2026
67014894,5JN-SI-14,67_67399_5136974,8/11/25,,2025-2026
67014894,5JN-SI-15,67_67399_5136974,8/11/25,,2025-2026
67014662,2JN-SI-08,67_67399_5136974,8/11/25,,2025-2026
67014662,2JN-SI-09,67_67399_5136974,8/11/25,,2025-2026
67015046,6JN-S1-23,67_67399_5136974,8/11/25,,2025-2026
67015046,6JN-SI-20,67_67399_5136974,8/11/25,,2025-2026
67014780,4JN-SI-16,67_67399_5136974,8/11/25,,2025-2026
67014780,4JN-SI-17,67_67399_5136974,8/11/25,,2025-2026
67014619,1JN-SI-11,67_67399_5136974,8/11/25,,2025-2026
67014619,1JN-SI-12,67_67399_5136974,8/11/25,,2025-2026
67014860,4JN-SI-16,67_67399_5136974,8/11/25,,2025-2026
67014860,4JN-SI-17,67_67399_5136974,8/11/25,,2025-2026
67014968,5JN-SI-14,67_67399_5136974,8/11/25,,2025-2026
67014968,5JN-SI-15,67_67399_5136974,8/11/25,,2025-2026
67014991,6JN-S1-23,67_67399_5136974,8/11/25,,2025-2026
67014991,6JN-SI-20,67_67399_5136974,8/11/25,,2025-2026
67015009,6JN-S1-23,67_67399_5136974,8/11/25,,2025-2026
67015009,6JN-SI-20,67_67399_5136974,8/11/25,,2025-2026
67014801,4JN-SI-16,67_67399_5136974,8/11/25,,2025-2026
67014801,4JN-SI-17,67_67399_5136974,8/11/25,,2025-2026
67014758,3JN-SI-03,67_67399_5136974,8/11/25,,2025-2026
67014758,3JN-SI-04,67_67399_5136974,8/11/25,,2025-2026
67015068,6JN-S1-23,67_67399_5136974,8/11/25,,2025-2026
67015068,6JN-SI-20,67_67399_5136974,8/11/25,,2025-2026
67015160,0495-01,67_67399_5136978,8/11/25,,2025-2026
67015160,0495-02,67_67399_5136978,8/11/25,,2025-2026
67014630,1JN-SI-11,67_67399_5136974,8/11/25,,2025-2026
67014630,1JN-SI-12,67_67399_5136974,8/11/25,,2025-2026
67014818,4JN-SI-16,67_67399_5136974,8/11/25,,2025-2026
67014818,4JN-SI-17,67_67399_5136974,8/11/25,,2025-2026
67015192,0495-01,67_67399_5136978,8/11/25,,2025-2026
67015192,0495-02,67_67399_5136978,8/11/25,,2025-2026
67014560,KJN-SI-01,67_67399_5136974,8/11/25,,2025-2026
67014560,KJN-SI-02,67_67399_5136974,8/11/25,,2025-2026
67015034,6JN-S1-23,67_67399_5136974,8/11/25,,2025-2026
67015034,6JN-SI-20,67_67399_5136974,8/11/25,,2025-2026
67014825,4JN-SI-16,67_67399_5136974,8/11/25,,2025-2026
67014825,4JN-SI-17,67_67399_5136974,8/11/25,,2025-2026
67015152,0495-01,67_67399_5136978,8/11/25,,2025-2026
67015152,0495-02,67_67399_5136978,8/11/25,,2025-2026
67014886,5JN-SI-14,67_67399_5136974,8/11/25,,2025-2026
67014886,5JN-SI-15,67_67399_5136974,8/11/25,,2025-2026
67014805,4JN-SI-16,67_67399_5136974,8/11/25,,2025-2026
67014805,4JN-SI-17,67_67399_5136974,8/11/25,,2025-2026
67015170,0495-01,67_67399_5136978,8/11/25,,2025-2026
67015170,0495-02,67_67399_5136978,8/11/25,,2025-2026
67014684,2JN-SI-08,67_67399_5136974,8/11/25,,2025-2026
67014684,2JN-SI-09,67_67399_5136974,8/11/25,,2025-2026
67015156,0495-01,67_67399_5136978,8/11/25,,2025-2026
67015156,0495-02,67_67399_5136978,8/11/25,,2025-2026
67015164,0495-01,67_67399_5136978,8/11/25,,2025-2026
67015164,0495-02,67_67399_5136978,8/11/25,,2025-2026
67015023,6JN-S1-23,67_67399_5136974,8/11/25,,2025-2026
67015023,6JN-SI-20,67_67399_5136974,8/11/25,,2025-2026
67014579,1JN-SI-11,67_67399_5136974,8/11/25,,2025-2026
67014579,1JN-SI-12,67_67399_5136974,8/11/25,,2025-2026
67014747,3JN-SI-03,67_67399_5136974,8/11/25,,2025-2026
67014747,3JN-SI-04,67_67399_5136974,8/11/25,,2025-2026
67014561,KJN-SI-01,67_67399_5136974,8/11/25,,2025-2026
67014561,KJN-SI-02,67_67399_5136974,8/11/25,,2025-2026
67014729,3JN-SI-03,67_67399_5136974,8/11/25,,2025-2026
67014729,3JN-SI-04,67_67399_5136974,8/11/25,,2025-2026
67014590,1JN-SI-11,67_67399_5136974,8/11/25,,2025-2026
67014590,1JN-SI-12,67_67399_5136974,8/11/25,,2025-2026
67014975,6JN-S1-23,67_67399_5136974,8/11/25,,2025-2026
67014975,6JN-SI-20,67_67399_5136974,8/11/25,,2025-2026
67014799,4JN-SI-16,67_67399_5136974,8/11/25,,2025-2026
67014799,4JN-SI-17,67_67399_5136974,8/11/25,,2025-2026
67014760,3JN-SI-03,67_67399_5136974,8/11/25,,2025-2026
67014760,3JN-SI-04,67_67399_5136974,8/11/25,,2025-2026
67014551,KJN-SI-01,67_67399_5136974,8/11/25,,2025-2026
67014551,KJN-SI-02,67_67399_5136974,8/11/25,,2025-2026
67015193,0495-01,67_67399_5136978,8/11/25,,2025-2026
67015193,0495-02,67_67399_5136978,8/11/25,,2025-2026
67014783,4JN-SI-16,67_67399_5136974,8/11/25,,2025-2026
67014783,4JN-SI-17,67_67399_5136974,8/11/25,,2025-2026
67014768,3JN-SI-03,67_67399_5136974,8/11/25,,2025-2026
67014768,3JN-SI-04,67_67399_5136974,8/11/25,,2025-2026
67015119,0495-01,67_67399_5136978,8/11/25,,2025-2026
67015119,0495-02,67_67399_5136978,8/11/25,,2025-2026
67014566,KJN-SI-01,67_67399_5136974,8/11/25,,2025-2026
67014566,KJN-SI-02,67_67399_5136974,8/11/25,,2025-2026
67014675,2JN-SI-08,67_67399_5136974,8/11/25,,2025-2026
67014675,2JN-SI-09,67_67399_5136974,8/11/25,,2025-2026
67014784,4JN-SI-16,67_67399_5136974,8/11/25,,2025-2026
67014784,4JN-SI-17,67_67399_5136974,8/11/25,,2025-2026
67014966,5JN-SI-14,67_67399_5136974,8/11/25,,2025-2026
67014966,5JN-SI-15,67_67399_5136974,8/11/25,,2025-2026
67014911,5JN-SI-14,67_67399_5136974,8/11/25,,2025-2026
67014911,5JN-SI-15,67_67399_5136974,8/11/25,,2025-2026
67014798,4JN-SI-16,67_67399_5136974,8/11/25,,2025-2026
67014798,4JN-SI-17,67_67399_5136974,8/11/25,,2025-2026
67014995,6JN-S1-23,67_67399_5136974,8/11/25,,2025-2026
67014995,6JN-SI-20,67_67399_5136974,8/11/25,,2025-2026
67014791,4JN-SI-16,67_67399_5136974,8/11/25,,2025-2026
67014791,4JN-SI-17,67_67399_5136974,8/11/25,,2025-2026
67014680,2JN-SI-08,67_67399_5136974,8/11/25,,2025-2026
67014680,2JN-SI-09,67_67399_5136974,8/11/25,,2025-2026
67015064,6JN-S1-23,67_67399_5136974,8/11/25,,2025-2026
67015064,6JN-SI-20,67_67399_5136974,8/11/25,,2025-2026
67014763,3JN-SI-03,67_67399_5136974,8/11/25,,2025-2026
67014763,3JN-SI-04,67_67399_5136974,8/11/25,,2025-2026
67015117,0495-01,67_67399_5136978,8/11/25,,2025-2026
67015117,0495-02,67_67399_5136978,8/11/25,,2025-2026
67014693,2JN-SI-08,67_67399_5136974,8/11/25,,2025-2026
67014693,2JN-SI-09,67_67399_5136974,8/11/25,,2025-2026
67014933,5JN-SI-14,67_67399_5136974,8/11/25,,2025-2026
67014933,5JN-SI-15,67_67399_5136974,8/11/25,,2025-2026
67015095,0495-01,67_67399_5136978,8/11/25,,2025-2026
67015095,0495-02,67_67399_5136978,8/11/25,,2025-2026
67014628,1JN-SI-11,67_67399_5136974,8/11/25,,2025-2026
67014628,1JN-SI-12,67_67399_5136974,8/11/25,,2025-2026
67014586,1JN-SI-11,67_67399_5136974,8/11/25,,2025-2026
67014586,1JN-SI-12,67_67399_5136974,8/11/25,,2025-2026
67014901,5JN-SI-14,67_67399_5136974,8/11/25,,2025-2026
67014901,5JN-SI-15,67_67399_5136974,8/11/25,,2025-2026
67014902,5JN-SI-14,67_67399_5136974,8/11/25,,2025-2026
67014902,5JN-SI-15,67_67399_5136974,8/11/25,,2025-2026
67014698,3JN-SI-03,67_67399_5136974,8/11/25,,2025-2026
67014698,3JN-SI-04,67_67399_5136974,8/11/25,,2025-2026
67014691,2JN-SI-08,67_67399_5136974,8/11/25,,2025-2026
67014691,2JN-SI-09,67_67399_5136974,8/11/25,,2025-2026
67015103,0495-01,67_67399_5136978,8/11/25,,2025-2026
67015103,0495-02,67_67399_5136978,8/11/25,,2025-2026
67014634,1JN-SI-11,67_67399_5136974,8/11/25,,2025-2026
67014634,1JN-SI-12,67_67399_5136974,8/11/25,,2025-2026
67015062,6JN-S1-23,67_67399_5136974,8/11/25,,2025-2026
67015062,6JN-SI-20,67_67399_5136974,8/11/25,,2025-2026
67014689,2JN-SI-08,67_67399_5136974,8/11/25,,2025-2026
67014689,2JN-SI-09,67_67399_5136974,8/11/25,,2025-2026
67014681,2JN-SI-08,67_67399_5136974,8/11/25,,2025-2026
67014681,2JN-SI-09,67_67399_5136974,8/11/25,,2025-2026
67014873,5JN-SI-14,67_67399_5136974,8/11/25,,2025-2026
67014873,5JN-SI-15,67_67399_5136974,8/11/25,,2025-2026
67014654,2JN-SI-08,67_67399_5136974,8/11/25,,2025-2026
67014654,2JN-SI-09,67_67399_5136974,8/11/25,,2025-2026
67014962,5JN-SI-14,67_67399_5136974,8/11/25,,2025-2026
67014962,5JN-SI-15,67_67399_5136974,8/11/25,,2025-2026
67014951,5JN-SI-14,67_67399_5136974,8/11/25,,2025-2026
67014951,5JN-SI-15,67_67399_5136974,8/11/25,,2025-2026
67014821,4JN-SI-16,67_67399_5136974,8/11/25,,2025-2026
67014821,4JN-SI-17,67_67399_5136974,8/11/25,,2025-2026
67014702,3JN-SI-03,67_67399_5136974,8/11/25,,2025-2026
67014702,3JN-SI-04,67_67399_5136974,8/11/25,,2025-2026
67015173,0495-01,67_67399_5136978,8/11/25,,2025-2026
67015173,0495-02,67_67399_5136978,8/11/25,,2025-2026
67014984,6JN-S1-23,67_67399_5136974,8/11/25,,2025-2026
67014984,6JN-SI-20,67_67399_5136974,8/11/25,,2025-2026
67015138,0495-01,67_67399_5136978,8/11/25,,2025-2026
67015138,0495-02,67_67399_5136978,8/11/25,,2025-2026
67015008,6JN-S1-23,67_67399_5136974,8/11/25,,2025-2026
67015008,6JN-SI-20,67_67399_5136974,8/11/25,,2025-2026
67014917,5JN-SI-14,67_67399_5136974,8/11/25,,2025-2026
67014917,5JN-SI-15,67_67399_5136974,8/11/25,,2025-2026
67015085,6JN-S1-23,67_67399_5136974,8/11/25,,2025-2026
67015085,6JN-SI-20,67_67399_5136974,8/11/25,,2025-2026
67014885,5JN-SI-14,67_67399_5136974,8/11/25,,2025-2026
67014885,5JN-SI-15,67_67399_5136974,8/11/25,,2025-2026
67015131,0495-01,67_67399_5136978,8/11/25,,2025-2026
67015131,0495-02,67_67399_5136978,8/11/25,,2025-2026
67014599,1JN-SI-11,67_67399_5136974,8/11/25,,2025-2026
67014599,1JN-SI-12,67_67399_5136974,8/11/25,,2025-2026
67014588,1JN-SI-11,67_67399_5136974,8/11/25,,2025-2026
67014588,1JN-SI-12,67_67399_5136974,8/11/25,,2025-2026
67014703,3JN-SI-03,67_67399_5136974,8/11/25,,2025-2026
67014703,3JN-SI-04,67_67399_5136974,8/11/25,,2025-2026
67014823,4JN-SI-16,67_67399_5136974,8/11/25,,2025-2026
67014823,4JN-SI-17,67_67399_5136974,8/11/25,,2025-2026
67014584,1JN-SI-11,67_67399_5136974,8/11/25,,2025-2026
67014584,1JN-SI-12,67_67399_5136974,8/11/25,,2025-2026
67014613,1JN-SI-11,67_67399_5136974,8/11/25,,2025-2026
67014613,1JN-SI-12,67_67399_5136974,8/11/25,,2025-2026
67014868,5JN-SI-14,67_67399_5136974,8/11/25,,2025-2026
67014868,5JN-SI-15,67_67399_5136974,8/11/25,,2025-2026
67015139,0495-01,67_67399_5136978,8/11/25,,2025-2026
67015139,0495-02,67_67399_5136978,8/11/25,,2025-2026
67014963,5JN-SI-14,67_67399_5136974,8/11/25,,2025-2026
67014963,5JN-SI-15,67_67399_5136974,8/11/25,,2025-2026
67014607,1JN-SI-11,67_67399_5136974,8/11/25,,2025-2026
67014607,1JN-SI-12,67_67399_5136974,8/11/25,,2025-2026
67014652,2JN-SI-08,67_67399_5136974,8/11/25,,2025-2026
67014652,2JN-SI-09,67_67399_5136974,8/11/25,,2025-2026
67015181,0495-01,67_67399_5136978,8/11/25,,2025-2026
67015181,0495-02,67_67399_5136978,8/11/25,,2025-2026
67015107,0495-01,67_67399_5136978,8/11/25,,2025-2026
67015107,0495-02,67_67399_5136978,8/11/25,,2025-2026
67014573,1JN-SI-11,67_67399_5136974,8/11/25,,2025-2026
67014573,1JN-SI-12,67_67399_5136974,8/11/25,,2025-2026
67015135,0495-01,67_67399_5136978,8/11/25,,2025-2026
67015135,0495-02,67_67399_5136978,8/11/25,,2025-2026
67014635,1JN-SI-11,67_67399_5136974,8/11/25,,2025-2026
67014635,1JN-SI-12,67_67399_5136974,8/11/25,,2025-2026
67014837,4JN-SI-16,67_67399_5136974,8/11/25,,2025-2026
67014837,4JN-SI-17,67_67399_5136974,8/11/25,,2025-2026
67014741,3JN-SI-03,67_67399_5136974,8/11/25,,2025-2026
67014741,3JN-SI-04,67_67399_5136974,8/11/25,,2025-2026
67014762,3JN-SI-03,67_67399_5136974,8/11/25,,2025-2026
67014762,3JN-SI-04,67_67399_5136974,8/11/25,,2025-2026
67014955,5JN-SI-14,67_67399_5136974,8/11/25,,2025-2026
67014955,5JN-SI-15,67_67399_5136974,8/11/25,,2025-2026
67015066,6JN-S1-23,67_67399_5136974,8/11/25,,2025-2026
67015066,6JN-SI-20,67_67399_5136974,8/11/25,,2025-2026
67014673,2JN-SI-08,67_67399_5136974,8/11/25,,2025-2026
67014673,2JN-SI-09,67_67399_5136974,8/11/25,,2025-2026
67014602,1JN-SI-11,67_67399_5136974,8/11/25,,2025-2026
67014602,1JN-SI-12,67_67399_5136974,8/11/25,,2025-2026
67014785,4JN-SI-16,67_67399_5136974,8/11/25,,2025-2026
67014785,4JN-SI-17,67_67399_5136974,8/11/25,,2025-2026
67015125,0495-01,67_67399_5136978,8/11/25,,2025-2026
67015125,0495-02,67_67399_5136978,8/11/25,,2025-2026
67015005,6JN-S1-23,67_67399_5136974,8/11/25,,2025-2026
67015005,6JN-SI-20,67_67399_5136974,8/11/25,,2025-2026
67015061,6JN-S1-23,67_67399_5136974,8/11/25,,2025-2026
67015061,6JN-SI-20,67_67399_5136974,8/11/25,,2025-2026
67014549,KJN-SI-01,67_67399_5136974,8/11/25,,2025-2026
67014549,KJN-SI-02,67_67399_5136974,8/11/25,,2025-2026
67014701,3JN-SI-03,67_67399_5136974,8/11/25,,2025-2026
67014701,3JN-SI-04,67_67399_5136974,8/11/25,,2025-2026
67015105,0495-01,67_67399_5136978,8/11/25,,2025-2026
67015105,0495-02,67_67399_5136978,8/11/25,,2025-2026
67014881,5JN-SI-14,67_67399_5136974,8/11/25,,2025-2026
67014881,5JN-SI-15,67_67399_5136974,8/11/25,,2025-2026
67014778,4JN-SI-16,67_67399_5136974,8/11/25,,2025-2026
67014778,4JN-SI-17,67_67399_5136974,8/11/25,,2025-2026
67014625,1JN-SI-11,67_67399_5136974,8/11/25,,2025-2026
67014625,1JN-SI-12,67_67399_5136974,8/11/25,,2025-2026
67014956,5JN-SI-14,67_67399_5136974,8/11/25,,2025-2026
67014956,5JN-SI-15,67_67399_5136974,8/11/25,,2025-2026
67014679,2JN-SI-08,67_67399_5136974,8/11/25,,2025-2026
67014679,2JN-SI-09,67_67399_5136974,8/11/25,,2025-2026
67014903,5JN-SI-14,67_67399_5136974,8/11/25,,2025-2026
67014903,5JN-SI-15,67_67399_5136974,8/11/25,,2025-2026
67014822,4JN-SI-16,67_67399_5136974,8/11/25,,2025-2026
67014822,4JN-SI-17,67_67399_5136974,8/11/25,,2025-2026
67015071,6JN-S1-23,67_67399_5136974,8/11/25,,2025-2026
67015071,6JN-SI-20,67_67399_5136974,8/11/25,,2025-2026
67015143,0495-01,67_67399_5136978,8/11/25,,2025-2026
67015143,0495-02,67_67399_5136978,8/11/25,,2025-2026
67015158,0495-01,67_67399_5136978,8/11/25,,2025-2026
67015158,0495-02,67_67399_5136978,8/11/25,,2025-2026
67014724,3JN-SI-03,67_67399_5136974,8/11/25,,2025-2026
67014724,3JN-SI-04,67_67399_5136974,8/11/25,,2025-2026
67015083,6JN-S1-23,67_67399_5136974,8/11/25,,2025-2026
67015083,6JN-SI-20,67_67399_5136974,8/11/25,,2025-2026
67015047,6JN-S1-23,67_67399_5136974,8/11/25,,2025-2026
67015047,6JN-SI-20,67_67399_5136974,8/11/25,,2025-2026
67014954,5JN-SI-14,67_67399_5136974,8/11/25,,2025-2026
67014954,5JN-SI-15,67_67399_5136974,8/11/25,,2025-2026
67015070,6JN-S1-23,67_67399_5136974,8/11/25,,2025-2026
67015070,6JN-SI-20,67_67399_5136974,8/11/25,,2025-2026
67015169,0495-01,67_67399_5136978,8/11/25,,2025-2026
67015169,0495-02,67_67399_5136978,8/11/25,,2025-2026
67014764,3JN-SI-03,67_67399_5136974,8/11/25,,2025-2026
67014764,3JN-SI-04,67_67399_5136974,8/11/25,,2025-2026
67014727,3JN-SI-03,67_67399_5136974,8/11/25,,2025-2026
67014727,3JN-SI-04,67_67399_5136974,8/11/25,,2025-2026
67014976,6JN-S1-23,67_67399_5136974,8/11/25,,2025-2026
67014976,6JN-SI-20,67_67399_5136974,8/11/25,,2025-2026
67014844,4JN-SI-16,67_67399_5136974,8/11/25,,2025-2026
67014844,4JN-SI-17,67_67399_5136974,8/11/25,,2025-2026
67014806,4JN-SI-16,67_67399_5136974,8/11/25,,2025-2026
67014806,4JN-SI-17,67_67399_5136974,8/11/25,,2025-2026
67014849,4JN-SI-16,67_67399_5136974,8/11/25,,2025-2026
67014849,4JN-SI-17,67_67399_5136974,8/11/25,,2025-2026
67015033,6JN-S1-23,67_67399_5136974,8/11/25,,2025-2026
67015033,6JN-SI-20,67_67399_5136974,8/11/25,,2025-2026
67014674,2JN-SI-08,67_67399_5136974,8/11/25,,2025-2026
67014674,2JN-SI-09,67_67399_5136974,8/11/25,,2025-2026
67015036,6JN-S1-23,67_67399_5136974,8/11/25,,2025-2026
67015036,6JN-SI-20,67_67399_5136974,8/11/25,,2025-2026
67014690,2JN-SI-08,67_67399_5136974,8/11/25,,2025-2026
67014690,2JN-SI-09,67_67399_5136974,8/11/25,,2025-2026
67015171,0495-01,67_67399_5136978,8/11/25,,2025-2026
67015171,0495-02,67_67399_5136978,8/11/25,,2025-2026
67015132,0495-01,67_67399_5136978,8/11/25,,2025-2026
67015132,0495-02,67_67399_5136978,8/11/25,,2025-2026
67015040,6JN-S1-23,67_67399_5136974,8/11/25,,2025-2026
67015040,6JN-SI-20,67_67399_5136974,8/11/25,,2025-2026
67014755,3JN-SI-03,67_67399_5136974,8/11/25,,2025-2026
67014755,3JN-SI-04,67_67399_5136974,8/11/25,,2025-2026
67014721,3JN-SI-03,67_67399_5136974,8/11/25,,2025-2026
67014721,3JN-SI-04,67_67399_5136974,8/11/25,,2025-2026
67014548,KJN-SI-01,67_67399_5136974,8/11/25,,2025-2026
67014548,KJN-SI-02,67_67399_5136974,8/11/25,,2025-2026
67014934,5JN-SI-14,67_67399_5136974,8/11/25,,2025-2026
67014934,5JN-SI-15,67_67399_5136974,8/11/25,,2025-2026
67014909,5JN-SI-14,67_67399_5136974,8/11/25,,2025-2026
67014909,5JN-SI-15,67_67399_5136974,8/11/25,,2025-2026
67014817,4JN-SI-16,67_67399_5136974,8/11/25,,2025-2026
67014817,4JN-SI-17,67_67399_5136974,8/11/25,,2025-2026
67014872,5JN-SI-14,67_67399_5136974,8/11/25,,2025-2026
67014872,5JN-SI-15,67_67399_5136974,8/11/25,,2025-2026
67014753,3JN-SI-03,67_67399_5136974,8/11/25,,2025-2026
67014753,3JN-SI-04,67_67399_5136974,8/11/25,,2025-2026
67014927,5JN-SI-14,67_67399_5136974,8/11/25,,2025-2026
67014927,5JN-SI-15,67_67399_5136974,8/11/25,,2025-2026
67015089,0495-01,67_67399_5136978,8/11/25,,2025-2026
67015089,0495-02,67_67399_5136978,8/11/25,,2025-2026
67015127,0495-01,67_67399_5136978,8/11/25,,2025-2026
67015127,0495-02,67_67399_5136978,8/11/25,,2025-2026
67014830,4JN-SI-16,67_67399_5136974,8/11/25,,2025-2026
67014830,4JN-SI-17,67_67399_5136974,8/11/25,,2025-2026
67014624,1JN-SI-11,67_67399_5136974,8/11/25,,2025-2026
67014624,1JN-SI-12,67_67399_5136974,8/11/25,,2025-2026
67014973,5JN-SI-14,67_67399_5136974,8/11/25,,2025-2026
67014973,5JN-SI-15,67_67399_5136974,8/11/25,,2025-2026
67014861,4JN-SI-16,67_67399_5136974,8/11/25,,2025-2026
67014861,4JN-SI-17,67_67399_5136974,8/11/25,,2025-2026
67014688,2JN-SI-08,67_67399_5136974,8/11/25,,2025-2026
67014688,2JN-SI-09,67_67399_5136974,8/11/25,,2025-2026
67015109,0495-01,67_67399_5136978,8/11/25,,2025-2026
67015109,0495-02,67_67399_5136978,8/11/25,,2025-2026
67014940,5JN-SI-14,67_67399_5136974,8/11/25,,2025-2026
67014940,5JN-SI-15,67_67399_5136974,8/11/25,,2025-2026
67014870,5JN-SI-14,67_67399_5136974,8/11/25,,2025-2026
67014870,5JN-SI-15,67_67399_5136974,8/11/25,,2025-2026
67015078,6JN-S1-23,67_67399_5136974,8/11/25,,2025-2026
67015078,6JN-SI-20,67_67399_5136974,8/11/25,,2025-2026
67015182,0495-01,67_67399_5136978,8/11/25,,2025-2026
67015182,0495-02,67_67399_5136978,8/11/25,,2025-2026
67014765,3JN-SI-03,67_67399_5136974,8/11/25,,2025-2026
67014765,3JN-SI-04,67_67399_5136974,8/11/25,,2025-2026
67014650,2JN-SI-08,67_67399_5136974,8/11/25,,2025-2026
67014650,2JN-SI-09,67_67399_5136974,8/11/25,,2025-2026
67014921,5JN-SI-14,67_67399_5136974,8/11/25,,2025-2026
67014921,5JN-SI-15,67_67399_5136974,8/11/25,,2025-2026
67014664,2JN-SI-08,67_67399_5136974,8/11/25,,2025-2026
67014664,2JN-SI-09,67_67399_5136974,8/11/25,,2025-2026
67015028,6JN-S1-23,67_67399_5136974,8/11/25,,2025-2026
67015028,6JN-SI-20,67_67399_5136974,8/11/25,,2025-2026
67015037,6JN-S1-23,67_67399_5136974,8/11/25,,2025-2026
67015037,6JN-SI-20,67_67399_5136974,8/11/25,,2025-2026
67014946,5JN-SI-14,67_67399_5136974,8/11/25,,2025-2026
67014946,5JN-SI-15,67_67399_5136974,8/11/25,,2025-2026
67014856,4JN-SI-16,67_67399_5136974,8/11/25,,2025-2026
67014856,4JN-SI-17,67_67399_5136974,8/11/25,,2025-2026
67014930,5JN-SI-14,67_67399_5136974,8/11/25,,2025-2026
67014930,5JN-SI-15,67_67399_5136974,8/11/25,,2025-2026
67014992,6JN-S1-23,67_67399_5136974,8/11/25,,2025-2026
67014992,6JN-SI-20,67_67399_5136974,8/11/25,,2025-2026
67014720,3JN-SI-03,67_67399_5136974,8/11/25,,2025-2026
67014720,3JN-SI-04,67_67399_5136974,8/11/25,,2025-2026
67014661,2JN-SI-08,67_67399_5136974,8/11/25,,2025-2026
67014661,2JN-SI-09,67_67399_5136974,8/11/25,,2025-2026
67014865,4JN-SI-16,67_67399_5136974,8/11/25,,2025-2026
67014865,4JN-SI-17,67_67399_5136974,8/11/25,,2025-2026
67014616,1JN-SI-11,67_67399_5136974,8/11/25,,2025-2026
67014616,1JN-SI-12,67_67399_5136974,8/11/25,,2025-2026
67014617,1JN-SI-11,67_67399_5136974,8/11/25,,2025-2026
67014617,1JN-SI-12,67_67399_5136974,8/11/25,,2025-2026
67015021,6JN-S1-23,67_67399_5136974,8/11/25,,2025-2026
67015021,6JN-SI-20,67_67399_5136974,8/11/25,,2025-2026
67015128,0495-01,67_67399_5136978,8/11/25,,2025-2026
67015128,0495-02,67_67399_5136978,8/11/25,,2025-2026
67014600,1JN-SI-11,67_67399_5136974,8/11/25,,2025-2026
67014600,1JN-SI-12,67_67399_5136974,8/11/25,,2025-2026
67015186,0495-01,67_67399_5136978,8/11/25,,2025-2026
67015186,0495-02,67_67399_5136978,8/11/25,,2025-2026
67014914,5JN-SI-14,67_67399_5136974,8/11/25,,2025-2026
67014914,5JN-SI-15,67_67399_5136974,8/11/25,,2025-2026
67015184,0495-01,67_67399_5136978,8/11/25,,2025-2026
67015184,0495-02,67_67399_5136978,8/11/25,,2025-2026
67014786,4JN-SI-16,67_67399_5136974,8/11/25,,2025-2026
67014786,4JN-SI-17,67_67399_5136974,8/11/25,,2025-2026
67014668,2JN-SI-08,67_67399_5136974,8/11/25,,2025-2026
67014668,2JN-SI-09,67_67399_5136974,8/11/25,,2025-2026
67015113,0495-01,67_67399_5136978,8/11/25,,2025-2026
67015113,0495-02,67_67399_5136978,8/11/25,,2025-2026
67014637,1JN-SI-11,67_67399_5136974,8/11/25,,2025-2026
67014637,1JN-SI-12,67_67399_5136974,8/11/25,,2025-2026
67015148,0495-01,67_67399_5136978,8/11/25,,2025-2026
67015148,0495-02,67_67399_5136978,8/11/25,,2025-2026
67014651,2JN-SI-08,67_67399_5136974,8/11/25,,2025-2026
67014651,2JN-SI-09,67_67399_5136974,8/11/25,,2025-2026
67014879,5JN-SI-14,67_67399_5136974,8/11/25,,2025-2026
67014879,5JN-SI-15,67_67399_5136974,8/11/25,,2025-2026
67015074,6JN-S1-23,67_67399_5136974,8/11/25,,2025-2026
67015074,6JN-SI-20,67_67399_5136974,8/11/25,,2025-2026
67015027,6JN-S1-23,67_67399_5136974,8/11/25,,2025-2026
67015027,6JN-SI-20,67_67399_5136974,8/11/25,,2025-2026
67015006,6JN-S1-23,67_67399_5136974,8/11/25,,2025-2026
67015006,6JN-SI-20,67_67399_5136974,8/11/25,,2025-2026
67014759,3JN-SI-03,67_67399_5136974,8/11/25,,2025-2026
67014759,3JN-SI-04,67_67399_5136974,8/11/25,,2025-2026
67014842,4JN-SI-16,67_67399_5136974,8/11/25,,2025-2026
67014842,4JN-SI-17,67_67399_5136974,8/11/25,,2025-2026
67014985,6JN-S1-23,67_67399_5136974,8/11/25,,2025-2026
67014985,6JN-SI-20,67_67399_5136974,8/11/25,,2025-2026
67015177,0495-01,67_67399_5136978,8/11/25,,2025-2026
67015177,0495-02,67_67399_5136978,8/11/25,,2025-2026
67014756,3JN-SI-03,67_67399_5136974,8/11/25,,2025-2026
67014756,3JN-SI-04,67_67399_5136974,8/11/25,,2025-2026
67014986,6JN-S1-23,67_67399_5136974,8/11/25,,2025-2026
67014986,6JN-SI-20,67_67399_5136974,8/11/25,,2025-2026
67015045,6JN-S1-23,67_67399_5136974,8/11/25,,2025-2026
67015045,6JN-SI-20,67_67399_5136974,8/11/25,,2025-2026
67015057,6JN-S1-23,67_67399_5136974,8/11/25,,2025-2026
67015057,6JN-SI-20,67_67399_5136974,8/11/25,,2025-2026
67014978,6JN-S1-23,67_67399_5136974,8/11/25,,2025-2026
67014978,6JN-SI-20,67_67399_5136974,8/11/25,,2025-2026
67014850,4JN-SI-16,67_67399_5136974,8/11/25,,2025-2026
67014850,4JN-SI-17,67_67399_5136974,8/11/25,,2025-2026
67015144,0495-01,67_67399_5136978,8/11/25,,2025-2026
67015144,0495-02,67_67399_5136978,8/11/25,,2025-2026
67014745,3JN-SI-03,67_67399_5136974,8/11/25,,2025-2026
67014745,3JN-SI-04,67_67399_5136974,8/11/25,,2025-2026
67014880,5JN-SI-14,67_67399_5136974,8/11/25,,2025-2026
67014880,5JN-SI-15,67_67399_5136974,8/11/25,,2025-2026
67015053,6JN-S1-23,67_67399_5136974,8/11/25,,2025-2026
67015053,6JN-SI-20,67_67399_5136974,8/11/25,,2025-2026
67015032,6JN-S1-23,67_67399_5136974,8/11/25,,2025-2026
67015032,6JN-SI-20,67_67399_5136974,8/11/25,,2025-2026
67014875,5JN-SI-14,67_67399_5136974,8/11/25,,2025-2026
67014875,5JN-SI-15,67_67399_5136974,8/11/25,,2025-2026
67015116,0495-01,67_67399_5136978,8/11/25,,2025-2026
67015116,0495-02,67_67399_5136978,8/11/25,,2025-2026
67015108,0495-01,67_67399_5136978,8/11/25,,2025-2026
67015108,0495-02,67_67399_5136978,8/11/25,,2025-2026
67014999,6JN-S1-23,67_67399_5136974,8/11/25,,2025-2026
67014999,6JN-SI-20,67_67399_5136974,8/11/25,,2025-2026
67014941,5JN-SI-14,67_67399_5136974,8/11/25,,2025-2026
67014941,5JN-SI-15,67_67399_5136974,8/11/25,,2025-2026
67015012,6JN-S1-23,67_67399_5136974,8/11/25,,2025-2026
67015012,6JN-SI-20,67_67399_5136974,8/11/25,,2025-2026
67015075,6JN-S1-23,67_67399_5136974,8/11/25,,2025-2026
67015075,6JN-SI-20,67_67399_5136974,8/11/25,,2025-2026
67015111,0495-01,67_67399_5136978,8/11/25,,2025-2026
67015111,0495-02,67_67399_5136978,8/11/25,,2025-2026
67015161,0495-01,67_67399_5136978,8/11/25,,2025-2026
67015161,0495-02,67_67399_5136978,8/11/25,,2025-2026
67014569,KJN-SI-01,67_67399_5136974,8/11/25,,2025-2026
67014569,KJN-SI-02,67_67399_5136974,8/11/25,,2025-2026
67014752,3JN-SI-03,67_67399_5136974,8/11/25,,2025-2026
67014752,3JN-SI-04,67_67399_5136974,8/11/25,,2025-2026
67014990,6JN-S1-23,67_67399_5136974,8/11/25,,2025-2026
67014990,6JN-SI-20,67_67399_5136974,8/11/25,,2025-2026
67014852,4JN-SI-16,67_67399_5136974,8/11/25,,2025-2026
67014852,4JN-SI-17,67_67399_5136974,8/11/25,,2025-2026
67015157,0495-01,67_67399_5136978,8/11/25,,2025-2026
67015157,0495-02,67_67399_5136978,8/11/25,,2025-2026
67014710,3JN-SI-03,67_67399_5136974,8/11/25,,2025-2026
67014710,3JN-SI-04,67_67399_5136974,8/11/25,,2025-2026
67015191,0495-01,67_67399_5136978,8/11/25,,2025-2026
67015191,0495-02,67_67399_5136978,8/11/25,,2025-2026
67014744,3JN-SI-03,67_67399_5136974,8/11/25,,2025-2026
67014744,3JN-SI-04,67_67399_5136974,8/11/25,,2025-2026
67014644,1JN-SI-11,67_67399_5136974,8/11/25,,2025-2026
67014644,1JN-SI-12,67_67399_5136974,8/11/25,,2025-2026
67015174,0495-01,67_67399_5136978,8/11/25,,2025-2026
67015174,0495-02,67_67399_5136978,8/11/25,,2025-2026
67014820,4JN-SI-16,67_67399_5136974,8/11/25,,2025-2026
67014820,4JN-SI-17,67_67399_5136974,8/11/25,,2025-2026
67014734,3JN-SI-03,67_67399_5136974,8/11/25,,2025-2026
67014734,3JN-SI-04,67_67399_5136974,8/11/25,,2025-2026
67014766,3JN-SI-03,67_67399_5136974,8/11/25,,2025-2026
67014766,3JN-SI-04,67_67399_5136974,8/11/25,,2025-2026
67015056,6JN-S1-23,67_67399_5136974,8/11/25,,2025-2026
67015056,6JN-SI-20,67_67399_5136974,8/11/25,,2025-2026
67014889,5JN-SI-14,67_67399_5136974,8/11/25,,2025-2026
67014889,5JN-SI-15,67_67399_5136974,8/11/25,,2025-2026
67014932,5JN-SI-14,67_67399_5136974,8/11/25,,2025-2026
67014932,5JN-SI-15,67_67399_5136974,8/11/25,,2025-2026
67014769,3JN-SI-03,67_67399_5136974,8/11/25,,2025-2026
67014769,3JN-SI-04,67_67399_5136974,8/11/25,,2025-2026
67014550,KJN-SI-01,67_67399_5136974,8/11/25,,2025-2026
67014550,KJN-SI-02,67_67399_5136974,8/11/25,,2025-2026
67014840,4JN-SI-16,67_67399_5136974,8/11/25,,2025-2026
67014840,4JN-SI-17,67_67399_5136974,8/11/25,,2025-2026
67014571,KJN-SI-01,67_67399_5136974,8/11/25,,2025-2026
67014571,KJN-SI-02,67_67399_5136974,8/11/25,,2025-2026
67015118,0495-01,67_67399_5136978,8/11/25,,2025-2026
67015118,0495-02,67_67399_5136978,8/11/25,,2025-2026
67014598,1JN-SI-11,67_67399_5136974,8/11/25,,2025-2026
67014598,1JN-SI-12,67_67399_5136974,8/11/25,,2025-2026
67014874,5JN-SI-14,67_67399_5136974,8/11/25,,2025-2026
67014874,5JN-SI-15,67_67399_5136974,8/11/25,,2025-2026
67014952,5JN-SI-14,67_67399_5136974,8/11/25,,2025-2026
67014952,5JN-SI-15,67_67399_5136974,8/11/25,,2025-2026
67014998,6JN-S1-23,67_67399_5136974,8/11/25,,2025-2026
67014998,6JN-SI-20,67_67399_5136974,8/11/25,,2025-2026
67014900,5JN-SI-14,67_67399_5136974,8/11/25,,2025-2026
67014900,5JN-SI-15,67_67399_5136974,8/11/25,,2025-2026
67014719,3JN-SI-03,67_67399_5136974,8/11/25,,2025-2026
67014719,3JN-SI-04,67_67399_5136974,8/11/25,,2025-2026
67014938,5JN-SI-14,67_67399_5136974,8/11/25,,2025-2026
67014938,5JN-SI-15,67_67399_5136974,8/11/25,,2025-2026
67014967,5JN-SI-14,67_67399_5136974,8/11/25,,2025-2026
67014967,5JN-SI-15,67_67399_5136974,8/11/25,,2025-2026
67014775,4JN-SI-16,67_67399_5136974,8/11/25,,2025-2026
67014775,4JN-SI-17,67_67399_5136974,8/11/25,,2025-2026
67014709,3JN-SI-03,67_67399_5136974,8/11/25,,2025-2026
67014709,3JN-SI-04,67_67399_5136974,8/11/25,,2025-2026
67015052,6JN-S1-23,67_67399_5136974,8/11/25,,2025-2026
67015052,6JN-SI-20,67_67399_5136974,8/11/25,,2025-2026
67014739,3JN-SI-03,67_67399_5136974,8/11/25,,2025-2026
67014739,3JN-SI-04,67_67399_5136974,8/11/25,,2025-2026
67015001,6JN-S1-23,67_67399_5136974,8/11/25,,2025-2026
67015001,6JN-SI-20,67_67399_5136974,8/11/25,,2025-2026
67014749,3JN-SI-03,67_67399_5136974,8/11/25,,2025-2026
67014749,3JN-SI-04,67_67399_5136974,8/11/25,,2025-2026
67014670,2JN-SI-08,67_67399_5136974,8/11/25,,2025-2026
67014670,2JN-SI-09,67_67399_5136974,8/11/25,,2025-2026
67014737,3JN-SI-03,67_67399_5136974,8/11/25,,2025-2026
67014737,3JN-SI-04,67_67399_5136974,8/11/25,,2025-2026
67015044,6JN-S1-23,67_67399_5136974,8/11/25,,2025-2026
67015044,6JN-SI-20,67_67399_5136974,8/11/25,,2025-2026
67014982,6JN-S1-23,67_67399_5136974,8/11/25,,2025-2026
67014982,6JN-SI-20,67_67399_5136974,8/11/25,,2025-2026
67014972,5JN-SI-14,67_67399_5136974,8/11/25,,2025-2026
67014972,5JN-SI-15,67_67399_5136974,8/11/25,,2025-2026
67014743,3JN-SI-03,67_67399_5136974,8/11/25,,2025-2026
67014743,3JN-SI-04,67_67399_5136974,8/11/25,,2025-2026
67014829,4JN-SI-16,67_67399_5136974,8/11/25,,2025-2026
67014829,4JN-SI-17,67_67399_5136974,8/11/25,,2025-2026
67014618,1JN-SI-11,67_67399_5136974,8/11/25,,2025-2026
67014618,1JN-SI-12,67_67399_5136974,8/11/25,,2025-2026
67014735,3JN-SI-03,67_67399_5136974,8/11/25,,2025-2026
67014735,3JN-SI-04,67_67399_5136974,8/11/25,,2025-2026
67014942,5JN-SI-14,67_67399_5136974,8/11/25,,2025-2026
67014942,5JN-SI-15,67_67399_5136974,8/11/25,,2025-2026
67014814,4JN-SI-16,67_67399_5136974,8/11/25,,2025-2026
67014814,4JN-SI-17,67_67399_5136974,8/11/25,,2025-2026
67014595,1JN-SI-11,67_67399_5136974,8/11/25,,2025-2026
67014595,1JN-SI-12,67_67399_5136974,8/11/25,,2025-2026
67015100,0495-01,67_67399_5136978,8/11/25,,2025-2026
67015100,0495-02,67_67399_5136978,8/11/25,,2025-2026
67014949,5JN-SI-14,67_67399_5136974,8/11/25,,2025-2026
67014949,5JN-SI-15,67_67399_5136974,8/11/25,,2025-2026
67015172,0495-01,67_67399_5136978,8/11/25,,2025-2026
67015172,0495-02,67_67399_5136978,8/11/25,,2025-2026
67015041,6JN-S1-23,67_67399_5136974,8/11/25,,2025-2026
67015041,6JN-SI-20,67_67399_5136974,8/11/25,,2025-2026
67014580,1JN-SI-11,67_67399_5136974,8/11/25,,2025-2026
67014580,1JN-SI-12,67_67399_5136974,8/11/25,,2025-2026
67015077,6JN-S1-23,67_67399_5136974,8/11/25,,2025-2026
67015077,6JN-SI-20,67_67399_5136974,8/11/25,,2025-2026
67014706,3JN-SI-03,67_67399_5136974,8/11/25,,2025-2026
67014706,3JN-SI-04,67_67399_5136974,8/11/25,,2025-2026
67015121,0495-01,67_67399_5136978,8/11/25,,2025-2026
67015121,0495-02,67_67399_5136978,8/11/25,,2025-2026
67015133,0495-01,67_67399_5136978,8/11/25,,2025-2026
67015133,0495-02,67_67399_5136978,8/11/25,,2025-2026
67014834,4JN-SI-16,67_67399_5136974,8/11/25,,2025-2026
67014834,4JN-SI-17,67_67399_5136974,8/11/25,,2025-2026
67014781,4JN-SI-16,67_67399_5136974,8/11/25,,2025-2026
67014781,4JN-SI-17,67_67399_5136974,8/11/25,,2025-2026
67014792,4JN-SI-16,67_67399_5136974,8/11/25,,2025-2026
67014792,4JN-SI-17,67_67399_5136974,8/11/25,,2025-2026
67014553,KJN-SI-01,67_67399_5136974,8/11/25,,2025-2026
67014553,KJN-SI-02,67_67399_5136974,8/11/25,,2025-2026
67015080,6JN-S1-23,67_67399_5136974,8/11/25,,2025-2026
67015080,6JN-SI-20,67_67399_5136974,8/11/25,,2025-2026
67015175,0495-01,67_67399_5136978,8/11/25,,2025-2026
67015175,0495-02,67_67399_5136978,8/11/25,,2025-2026
67015067,6JN-S1-23,67_67399_5136974,8/11/25,,2025-2026
67015067,6JN-SI-20,67_67399_5136974,8/11/25,,2025-2026
67014912,5JN-SI-14,67_67399_5136974,8/11/25,,2025-2026
67014912,5JN-SI-15,67_67399_5136974,8/11/25,,2025-2026
67015030,6JN-S1-23,67_67399_5136974,8/11/25,,2025-2026
67015030,6JN-SI-20,67_67399_5136974,8/11/25,,2025-2026
67015087,6JN-S1-23,67_67399_5136974,8/11/25,,2025-2026
67015087,6JN-SI-20,67_67399_5136974,8/11/25,,2025-2026
67014708,3JN-SI-03,67_67399_5136974,8/11/25,,2025-2026
67014708,3JN-SI-04,67_67399_5136974,8/11/25,,2025-2026
67014704,3JN-SI-03,67_67399_5136974,8/11/25,,2025-2026
67014704,3JN-SI-04,67_67399_5136974,8/11/25,,2025-2026
67014980,6JN-S1-23,67_67399_5136974,8/11/25,,2025-2026
67014980,6JN-SI-20,67_67399_5136974,8/11/25,,2025-2026
67014565,KJN-SI-01,67_67399_5136974,8/11/25,,2025-2026
67014565,KJN-SI-02,67_67399_5136974,8/11/25,,2025-2026
67015043,6JN-S1-23,67_67399_5136974,8/11/25,,2025-2026
67015043,6JN-SI-20,67_67399_5136974,8/11/25,,2025-2026
67014740,3JN-SI-03,67_67399_5136974,8/11/25,,2025-2026
67014740,3JN-SI-04,67_67399_5136974,8/11/25,,2025-2026
67014748,3JN-SI-03,67_67399_5136974,8/11/25,,2025-2026
67014748,3JN-SI-04,67_67399_5136974,8/11/25,,2025-2026
67014665,2JN-SI-08,67_67399_5136974,8/11/25,,2025-2026
67014665,2JN-SI-09,67_67399_5136974,8/11/25,,2025-2026
67014627,1JN-SI-11,67_67399_5136974,8/11/25,,2025-2026
67014627,1JN-SI-12,67_67399_5136974,8/11/25,,2025-2026
67014594,1JN-SI-11,67_67399_5136974,8/11/25,,2025-2026
67014594,1JN-SI-12,67_67399_5136974,8/11/25,,2025-2026
67015190,0495-01,67_67399_5136978,8/11/25,,2025-2026
67015190,0495-02,67_67399_5136978,8/11/25,,2025-2026
67015112,0495-01,67_67399_5136978,8/11/25,,2025-2026
67015112,0495-02,67_67399_5136978,8/11/25,,2025-2026
67014726,3JN-SI-03,67_67399_5136974,8/11/25,,2025-2026
67014726,3JN-SI-04,67_67399_5136974,8/11/25,,2025-2026
67014712,3JN-SI-03,67_67399_5136974,8/11/25,,2025-2026
67014712,3JN-SI-04,67_67399_5136974,8/11/25,,2025-2026
67014582,1JN-SI-11,67_67399_5136974,8/11/25,,2025-2026
67014582,1JN-SI-12,67_67399_5136974,8/11/25,,2025-2026
67014795,4JN-SI-16,67_67399_5136974,8/11/25,,2025-2026
67014795,4JN-SI-17,67_67399_5136974,8/11/25,,2025-2026
67014716,3JN-SI-03,67_67399_5136974,8/11/25,,2025-2026
67014716,3JN-SI-04,67_67399_5136974,8/11/25,,2025-2026
67014926,5JN-SI-14,67_67399_5136974,8/11/25,,2025-2026
67014926,5JN-SI-15,67_67399_5136974,8/11/25,,2025-2026
67014562,KJN-SI-01,67_67399_5136974,8/11/25,,2025-2026
67014562,KJN-SI-02,67_67399_5136974,8/11/25,,2025-2026
67014989,6JN-S1-23,67_67399_5136974,8/11/25,,2025-2026
67014989,6JN-SI-20,67_67399_5136974,8/11/25,,2025-2026
67015153,0495-01,67_67399_5136978,8/11/25,,2025-2026
67015153,0495-02,67_67399_5136978,8/11/25,,2025-2026
67015016,6JN-S1-23,67_67399_5136974,8/11/25,,2025-2026
67015016,6JN-SI-20,67_67399_5136974,8/11/25,,2025-2026
67014943,5JN-SI-14,67_67399_5136974,8/11/25,,2025-2026
67014943,5JN-SI-15,67_67399_5136974,8/11/25,,2025-2026
67014895,5JN-SI-14,67_67399_5136974,8/11/25,,2025-2026
67014895,5JN-SI-15,67_67399_5136974,8/11/25,,2025-2026
67014948,5JN-SI-14,67_67399_5136974,8/11/25,,2025-2026
67014948,5JN-SI-15,67_67399_5136974,8/11/25,,2025-2026
67014564,KJN-SI-01,67_67399_5136974,8/11/25,,2025-2026
67014564,KJN-SI-02,67_67399_5136974,8/11/25,,2025-2026
67015092,0495-01,67_67399_5136978,8/11/25,,2025-2026
67015092,0495-02,67_67399_5136978,8/11/25,,2025-2026
67014751,3JN-SI-03,67_67399_5136974,8/11/25,,2025-2026
67014751,3JN-SI-04,67_67399_5136974,8/11/25,,2025-2026
67015002,6JN-S1-23,67_67399_5136974,8/11/25,,2025-2026
67015002,6JN-SI-20,67_67399_5136974,8/11/25,,2025-2026
67014547,KJN-SI-01,67_67399_5136974,8/11/25,,2025-2026
67014547,KJN-SI-02,67_67399_5136974,8/11/25,,2025-2026
67014611,1JN-SI-11,67_67399_5136974,8/11/25,,2025-2026
67014611,1JN-SI-12,67_67399_5136974,8/11/25,,2025-2026
67015007,6JN-S1-23,67_67399_5136974,8/11/25,,2025-2026
67015007,6JN-SI-20,67_67399_5136974,8/11/25,,2025-2026
67015151,0495-01,67_67399_5136978,8/11/25,,2025-2026
67015151,0495-02,67_67399_5136978,8/11/25,,2025-2026
67014787,4JN-SI-16,67_67399_5136974,8/11/25,,2025-2026
67014787,4JN-SI-17,67_67399_5136974,8/11/25,,2025-2026
67014945,5JN-SI-14,67_67399_5136974,8/11/25,,2025-2026
67014945,5JN-SI-15,67_67399_5136974,8/11/25,,2025-2026
67015126,0495-01,67_67399_5136978,8/11/25,,2025-2026
67015126,0495-02,67_67399_5136978,8/11/25,,2025-2026
67014969,5JN-SI-14,67_67399_5136974,8/11/25,,2025-2026
67014969,5JN-SI-15,67_67399_5136974,8/11/25,,2025-2026
67014782,4JN-SI-16,67_67399_5136974,8/11/25,,2025-2026
67014782,4JN-SI-17,67_67399_5136974,8/11/25,,2025-2026
67014970,5JN-SI-14,67_67399_5136974,8/11/25,,2025-2026
67014970,5JN-SI-15,67_67399_5136974,8/11/25,,2025-2026
67014960,5JN-SI-14,67_67399_5136974,8/11/25,,2025-2026
67014960,5JN-SI-15,67_67399_5136974,8/11/25,,2025-2026
67014833,4JN-SI-16,67_67399_5136974,8/11/25,,2025-2026
67014833,4JN-SI-17,67_67399_5136974,8/11/25,,2025-2026
67014816,4JN-SI-16,67_67399_5136974,8/11/25,,2025-2026
67014816,4JN-SI-17,67_67399_5136974,8/11/25,,2025-2026
67014733,3JN-SI-03,67_67399_5136974,8/11/25,,2025-2026
67014733,3JN-SI-04,67_67399_5136974,8/11/25,,2025-2026
67015099,0495-01,67_67399_5136978,8/11/25,,2025-2026
67015099,0495-02,67_67399_5136978,8/11/25,,2025-2026
67014556,KJN-SI-01,67_67399_5136974,8/11/25,,2025-2026
67014556,KJN-SI-02,67_67399_5136974,8/11/25,,2025-2026
67015102,0495-01,67_67399_5136978,8/11/25,,2025-2026
67015102,0495-02,67_67399_5136978,8/11/25,,2025-2026
67014648,2JN-SI-08,67_67399_5136974,8/11/25,,2025-2026
67014648,2JN-SI-09,67_67399_5136974,8/11/25,,2025-2026
67014592,1JN-SI-11,67_67399_5136974,8/11/25,,2025-2026
67014592,1JN-SI-12,67_67399_5136974,8/11/25,,2025-2026
67014767,3JN-SI-03,67_67399_5136974,8/11/25,,2025-2026
67014767,3JN-SI-04,67_67399_5136974,8/11/25,,2025-2026
67014574,1JN-SI-11,67_67399_5136974,8/11/25,,2025-2026
67014574,1JN-SI-12,67_67399_5136974,8/11/25,,2025-2026
67015168,0495-01,67_67399_5136978,8/11/25,,2025-2026
67015168,0495-02,67_67399_5136978,8/11/25,,2025-2026
67014772,4JN-SI-16,67_67399_5136974,8/11/25,,2025-2026
67014772,4JN-SI-17,67_67399_5136974,8/11/25,,2025-2026
67015049,6JN-S1-23,67_67399_5136974,8/11/25,,2025-2026
67015049,6JN-SI-20,67_67399_5136974,8/11/25,,2025-2026
67015122,0495-01,67_67399_5136978,8/11/25,,2025-2026
67015122,0495-02,67_67399_5136978,8/11/25,,2025-2026
67014953,5JN-SI-14,67_67399_5136974,8/11/25,,2025-2026
67014953,5JN-SI-15,67_67399_5136974,8/11/25,,2025-2026
67014660,2JN-SI-08,67_67399_5136974,8/11/25,,2025-2026
67014660,2JN-SI-09,67_67399_5136974,8/11/25,,2025-2026
67014626,1JN-SI-11,67_67399_5136974,8/11/25,,2025-2026
67014626,1JN-SI-12,67_67399_5136974,8/11/25,,2025-2026
67014578,1JN-SI-11,67_67399_5136974,8/11/25,,2025-2026
67014578,1JN-SI-12,67_67399_5136974,8/11/25,,2025-2026
67014659,2JN-SI-08,67_67399_5136974,8/11/25,,2025-2026
67014659,2JN-SI-09,67_67399_5136974,8/11/25,,2025-2026
67014777,4JN-SI-16,67_67399_5136974,8/11/25,,2025-2026
67014777,4JN-SI-17,67_67399_5136974,8/11/25,,2025-2026
67014904,5JN-SI-14,67_67399_5136974,8/11/25,,2025-2026
67014904,5JN-SI-15,67_67399_5136974,8/11/25,,2025-2026
67014669,2JN-SI-08,67_67399_5136974,8/11/25,,2025-2026
67014669,2JN-SI-09,67_67399_5136974,8/11/25,,2025-2026
67014770,3JN-SI-03,67_67399_5136974,8/11/25,,2025-2026
67014770,3JN-SI-04,67_67399_5136974,8/11/25,,2025-2026
67015035,6JN-S1-23,67_67399_5136974,8/11/25,,2025-2026
67015035,6JN-SI-20,67_67399_5136974,8/11/25,,2025-2026
67014819,4JN-SI-16,67_67399_5136974,8/11/25,,2025-2026
67014819,4JN-SI-17,67_67399_5136974,8/11/25,,2025-2026
67014931,5JN-SI-14,67_67399_5136974,8/11/25,,2025-2026
67014931,5JN-SI-15,67_67399_5136974,8/11/25,,2025-2026
67015022,6JN-S1-23,67_67399_5136974,8/11/25,,2025-2026
67015022,6JN-SI-20,67_67399_5136974,8/11/25,,2025-2026
67014928,5JN-SI-14,67_67399_5136974,8/11/25,,2025-2026
67014928,5JN-SI-15,67_67399_5136974,8/11/25,,2025-2026
67014838,4JN-SI-16,67_67399_5136974,8/11/25,,2025-2026
67014838,4JN-SI-17,67_67399_5136974,8/11/25,,2025-2026
67014907,5JN-SI-14,67_67399_5136974,8/11/25,,2025-2026
67014907,5JN-SI-15,67_67399_5136974,8/11/25,,2025-2026
67014653,2JN-SI-08,67_67399_5136974,8/11/25,,2025-2026
67014653,2JN-SI-09,67_67399_5136974,8/11/25,,2025-2026
67014964,5JN-SI-14,67_67399_5136974,8/11/25,,2025-2026
67014964,5JN-SI-15,67_67399_5136974,8/11/25,,2025-2026
67015110,0495-01,67_67399_5136978,8/11/25,,2025-2026
67015110,0495-02,67_67399_5136978,8/11/25,,2025-2026
67015146,0495-01,67_67399_5136978,8/11/25,,2025-2026
67015146,0495-02,67_67399_5136978,8/11/25,,2025-2026
67014906,5JN-SI-14,67_67399_5136974,8/11/25,,2025-2026
67014906,5JN-SI-15,67_67399_5136974,8/11/25,,2025-2026
67014587,1JN-SI-11,67_67399_5136974,8/11/25,,2025-2026
67014587,1JN-SI-12,67_67399_5136974,8/11/25,,2025-2026
67014910,5JN-SI-14,67_67399_5136974,8/11/25,,2025-2026
67014910,5JN-SI-15,67_67399_5136974,8/11/25,,2025-2026
67014593,1JN-SI-11,67_67399_5136974,8/11/25,,2025-2026
67014593,1JN-SI-12,67_67399_5136974,8/11/25,,2025-2026
67014890,5JN-SI-14,67_67399_5136974,8/11/25,,2025-2026
67014890,5JN-SI-15,67_67399_5136974,8/11/25,,2025-2026
67014631,1JN-SI-11,67_67399_5136974,8/11/25,,2025-2026
67014631,1JN-SI-12,67_67399_5136974,8/11/25,,2025-2026
67014824,4JN-SI-16,67_67399_5136974,8/11/25,,2025-2026
67014824,4JN-SI-17,67_67399_5136974,8/11/25,,2025-2026
67014692,2JN-SI-08,67_67399_5136974,8/11/25,,2025-2026
67014692,2JN-SI-09,67_67399_5136974,8/11/25,,2025-2026
67015145,0495-01,67_67399_5136978,8/11/25,,2025-2026
67015145,0495-02,67_67399_5136978,8/11/25,,2025-2026
67014961,5JN-SI-14,67_67399_5136974,8/11/25,,2025-2026
67014961,5JN-SI-15,67_67399_5136974,8/11/25,,2025-2026
67014800,4JN-SI-16,67_67399_5136974,8/11/25,,2025-2026
67014800,4JN-SI-17,67_67399_5136974,8/11/25,,2025-2026
67015189,0495-01,67_67399_5136978,8/11/25,,2025-2026
67015189,0495-02,67_67399_5136978,8/11/25,,2025-2026
67014695,3JN-SI-03,67_67399_5136974,8/11/25,,2025-2026
67014695,3JN-SI-04,67_67399_5136974,8/11/25,,2025-2026
67014555,KJN-SI-01,67_67399_5136974,8/11/25,,2025-2026
67014555,KJN-SI-02,67_67399_5136974,8/11/25,,2025-2026
67014920,5JN-SI-14,67_67399_5136974,8/11/25,,2025-2026
67014920,5JN-SI-15,67_67399_5136974,8/11/25,,2025-2026
67014841,4JN-SI-16,67_67399_5136974,8/11/25,,2025-2026
67014841,4JN-SI-17,67_67399_5136974,8/11/25,,2025-2026
67014826,4JN-SI-16,67_67399_5136974,8/11/25,,2025-2026
67014826,4JN-SI-17,67_67399_5136974,8/11/25,,2025-2026
67015025,6JN-S1-23,67_67399_5136974,8/11/25,,2025-2026
67015025,6JN-SI-20,67_67399_5136974,8/11/25,,2025-2026
67014923,5JN-SI-14,67_67399_5136974,8/11/25,,2025-2026
67014923,5JN-SI-15,67_67399_5136974,8/11/25,,2025-2026
67015162,0495-01,67_67399_5136978,8/11/25,,2025-2026
67015162,0495-02,67_67399_5136978,8/11/25,,2025-2026
67015003,6JN-S1-23,67_67399_5136974,8/11/25,,2025-2026
67015003,6JN-SI-20,67_67399_5136974,8/11/25,,2025-2026
67015130,0495-01,67_67399_5136978,8/11/25,,2025-2026
67015130,0495-02,67_67399_5136978,8/11/25,,2025-2026
67014971,5JN-SI-14,67_67399_5136974,8/11/25,,2025-2026
67014971,5JN-SI-15,67_67399_5136974,8/11/25,,2025-2026
67015155,0495-01,67_67399_5136978,8/11/25,,2025-2026
67015155,0495-02,67_67399_5136978,8/11/25,,2025-2026
67014854,4JN-SI-16,67_67399_5136974,8/11/25,,2025-2026
67014854,4JN-SI-17,67_67399_5136974,8/11/25,,2025-2026
67014620,1JN-SI-11,67_67399_5136974,8/11/25,,2025-2026
67014620,1JN-SI-12,67_67399_5136974,8/11/25,,2025-2026
67014916,5JN-SI-14,67_67399_5136974,8/11/25,,2025-2026
67014916,5JN-SI-15,67_67399_5136974,8/11/25,,2025-2026
67014642,1JN-SI-11,67_67399_5136974,8/11/25,,2025-2026
67014642,1JN-SI-12,67_67399_5136974,8/11/25,,2025-2026
67014643,1JN-SI-11,67_67399_5136974,8/11/25,,2025-2026
67014643,1JN-SI-12,67_67399_5136974,8/11/25,,2025-2026
67014815,4JN-SI-16,67_67399_5136974,8/11/25,,2025-2026
67014815,4JN-SI-17,67_67399_5136974,8/11/25,,2025-2026
67014610,1JN-SI-11,67_67399_5136974,8/11/25,,2025-2026
67014610,1JN-SI-12,67_67399_5136974,8/11/25,,2025-2026
67014697,3JN-SI-03,67_67399_5136974,8/11/25,,2025-2026
67014697,3JN-SI-04,67_67399_5136974,8/11/25,,2025-2026
67015124,0495-01,67_67399_5136978,8/11/25,,2025-2026
67015124,0495-02,67_67399_5136978,8/11/25,,2025-2026
67014878,5JN-SI-14,67_67399_5136974,8/11/25,,2025-2026
67014878,5JN-SI-15,67_67399_5136974,8/11/25,,2025-2026
67014935,5JN-SI-14,67_67399_5136974,8/11/25,,2025-2026
67014935,5JN-SI-15,67_67399_5136974,8/11/25,,2025-2026
67014718,3JN-SI-03,67_67399_5136974,8/11/25,,2025-2026
67014718,3JN-SI-04,67_67399_5136974,8/11/25,,2025-2026
67014730,3JN-SI-03,67_67399_5136974,8/11/25,,2025-2026
67014730,3JN-SI-04,67_67399_5136974,8/11/25,,2025-2026
67014700,3JN-SI-03,67_67399_5136974,8/11/25,,2025-2026
67014700,3JN-SI-04,67_67399_5136974,8/11/25,,2025-2026
67015183,0495-01,67_67399_5136978,8/11/25,,2025-2026
67015183,0495-02,67_67399_5136978,8/11/25,,2025-2026
67014591,1JN-SI-11,67_67399_5136974,8/11/25,,2025-2026
67014591,1JN-SI-12,67_67399_5136974,8/11/25,,2025-2026
67014685,2JN-SI-08,67_67399_5136974,8/11/25,,2025-2026
67014685,2JN-SI-09,67_67399_5136974,8/11/25,,2025-2026
67014922,5JN-SI-14,67_67399_5136974,8/11/25,,2025-2026
67014922,5JN-SI-15,67_67399_5136974,8/11/25,,2025-2026
67014641,1JN-SI-11,67_67399_5136974,8/11/25,,2025-2026
67014641,1JN-SI-12,67_67399_5136974,8/11/25,,2025-2026
67014839,4JN-SI-16,67_67399_5136974,8/11/25,,2025-2026
67014839,4JN-SI-17,67_67399_5136974,8/11/25,,2025-2026
67014994,6JN-S1-23,67_67399_5136974,8/11/25,,2025-2026
67014994,6JN-SI-20,67_67399_5136974,8/11/25,,2025-2026
67014871,5JN-SI-14,67_67399_5136974,8/11/25,,2025-2026
67014871,5JN-SI-15,67_67399_5136974,8/11/25,,2025-2026
67014828,4JN-SI-16,67_67399_5136974,8/11/25,,2025-2026
67014828,4JN-SI-17,67_67399_5136974,8/11/25,,2025-2026
67015060,6JN-S1-23,67_67399_5136974,8/11/25,,2025-2026
67015060,6JN-SI-20,67_67399_5136974,8/11/25,,2025-2026
67014589,1JN-SI-11,67_67399_5136974,8/11/25,,2025-2026
67014589,1JN-SI-12,67_67399_5136974,8/11/25,,2025-2026
67014939,5JN-SI-14,67_67399_5136974,8/11/25,,2025-2026
67014939,5JN-SI-15,67_67399_5136974,8/11/25,,2025-2026
67014687,2JN-SI-08,67_67399_5136974,8/11/25,,2025-2026
67014687,2JN-SI-09,67_67399_5136974,8/11/25,,2025-2026
67014713,3JN-SI-03,67_67399_5136974,8/11/25,,2025-2026
67014713,3JN-SI-04,67_67399_5136974,8/11/25,,2025-2026
67015166,0495-01,67_67399_5136978,8/11/25,,2025-2026
67015166,0495-02,67_67399_5136978,8/11/25,,2025-2026
67014581,1JN-SI-11,67_67399_5136974,8/11/25,,2025-2026
67014581,1JN-SI-12,67_67399_5136974,8/11/25,,2025-2026
67014848,4JN-SI-16,67_67399_5136974,8/11/25,,2025-2026
67014848,4JN-SI-17,67_67399_5136974,8/11/25,,2025-2026
67014827,4JN-SI-16,67_67399_5136974,8/11/25,,2025-2026
67014827,4JN-SI-17,67_67399_5136974,8/11/25,,2025-2026
67014646,1JN-SI-11,67_67399_5136974,8/11/25,,2025-2026
67014646,1JN-SI-12,67_67399_5136974,8/11/25,,2025-2026
67014676,2JN-SI-08,67_67399_5136974,8/11/25,,2025-2026
67014676,2JN-SI-09,67_67399_5136974,8/11/25,,2025-2026
67015140,0495-01,67_67399_5136978,8/11/25,,2025-2026
67015140,0495-02,67_67399_5136978,8/11/25,,2025-2026
67014891,5JN-SI-14,67_67399_5136974,8/11/25,,2025-2026
67014891,5JN-SI-15,67_67399_5136974,8/11/25,,2025-2026
67015086,6JN-S1-23,67_67399_5136974,8/11/25,,2025-2026
67015086,6JN-SI-20,67_67399_5136974,8/11/25,,2025-2026
67014608,1JN-SI-11,67_67399_5136974,8/11/25,,2025-2026
67014608,1JN-SI-12,67_67399_5136974,8/11/25,,2025-2026
67014887,5JN-SI-14,67_67399_5136974,8/11/25,,2025-2026
67014887,5JN-SI-15,67_67399_5136974,8/11/25,,2025-2026
67014779,4JN-SI-16,67_67399_5136974,8/11/25,,2025-2026
67014779,4JN-SI-17,67_67399_5136974,8/11/25,,2025-2026
67014667,2JN-SI-08,67_67399_5136974,8/11/25,,2025-2026
67014667,2JN-SI-09,67_67399_5136974,8/11/25,,2025-2026
67015055,6JN-S1-23,67_67399_5136974,8/11/25,,2025-2026
67015055,6JN-SI-20,67_67399_5136974,8/11/25,,2025-2026
67014793,4JN-SI-16,67_67399_5136974,8/11/25,,2025-2026
67014793,4JN-SI-17,67_67399_5136974,8/11/25,,2025-2026
67014557,KJN-SI-01,67_67399_5136974,8/11/25,,2025-2026
67014557,KJN-SI-02,67_67399_5136974,8/11/25,,2025-2026
67015165,0495-01,67_67399_5136978,8/11/25,,2025-2026
67015165,0495-02,67_67399_5136978,8/11/25,,2025-2026
67014583,1JN-SI-11,67_67399_5136974,8/11/25,,2025-2026
67014583,1JN-SI-12,67_67399_5136974,8/11/25,,2025-2026
67015014,6JN-S1-23,67_67399_5136974,8/11/25,,2025-2026
67015014,6JN-SI-20,67_67399_5136974,8/11/25,,2025-2026
67015079,6JN-S1-23,67_67399_5136974,8/11/25,,2025-2026
67015079,6JN-SI-20,67_67399_5136974,8/11/25,,2025-2026
67014947,5JN-SI-14,67_67399_5136974,8/11/25,,2025-2026
67014947,5JN-SI-15,67_67399_5136974,8/11/25,,2025-2026
67014915,5JN-SI-14,67_67399_5136974,8/11/25,,2025-2026
67014915,5JN-SI-15,67_67399_5136974,8/11/25,,2025-2026
67014987,6JN-S1-23,67_67399_5136974,8/11/25,,2025-2026
67014987,6JN-SI-20,67_67399_5136974,8/11/25,,2025-2026
67015101,0495-01,67_67399_5136978,8/11/25,,2025-2026
67015101,0495-02,67_67399_5136978,8/11/25,,2025-2026
67014629,1JN-SI-11,67_67399_5136974,8/11/25,,2025-2026
67014629,1JN-SI-12,67_67399_5136974,8/11/25,,2025-2026
67015179,0495-01,67_67399_5136978,8/11/25,,2025-2026
67015179,0495-02,67_67399_5136978,8/11/25,,2025-2026
67015076,6JN-S1-23,67_67399_5136974,8/11/25,,2025-2026
67015076,6JN-SI-20,67_67399_5136974,8/11/25,,2025-2026
67015098,0495-01,67_67399_5136978,8/11/25,,2025-2026
67015098,0495-02,67_67399_5136978,8/11/25,,2025-2026
67014859,4JN-SI-16,67_67399_5136974,8/11/25,,2025-2026
67014859,4JN-SI-17,67_67399_5136974,8/11/25,,2025-2026
67014957,5JN-SI-14,67_67399_5136974,8/11/25,,2025-2026
67014957,5JN-SI-15,67_67399_5136974,8/11/25,,2025-2026
67014988,6JN-S1-23,67_67399_5136974,8/11/25,,2025-2026
67014988,6JN-SI-20,67_67399_5136974,8/11/25,,2025-2026
67014596,1JN-SI-11,67_67399_5136974,8/11/25,,2025-2026
67014596,1JN-SI-12,67_67399_5136974,8/11/25,,2025-2026
67015188,0495-01,67_67399_5136978,8/11/25,,2025-2026
67015188,0495-02,67_67399_5136978,8/11/25,,2025-2026
67014614,1JN-SI-11,67_67399_5136974,8/11/25,,2025-2026
67014614,1JN-SI-12,67_67399_5136974,8/11/25,,2025-2026
67014559,KJN-SI-01,67_67399_5136974,8/11/25,,2025-2026
67014559,KJN-SI-02,67_67399_5136974,8/11/25,,2025-2026
67014717,3JN-SI-03,67_67399_5136974,8/11/25,,2025-2026
67014717,3JN-SI-04,67_67399_5136974,8/11/25,,2025-2026
67014918,5JN-SI-14,67_67399_5136974,8/11/25,,2025-2026
67014918,5JN-SI-15,67_67399_5136974,8/11/25,,2025-2026
67015031,6JN-S1-23,67_67399_5136974,8/11/25,,2025-2026
67015031,6JN-SI-20,67_67399_5136974,8/11/25,,2025-2026
67014771,4JN-SI-16,67_67399_5136974,8/11/25,,2025-2026
67014771,4JN-SI-17,67_67399_5136974,8/11/25,,2025-2026
67014577,1JN-SI-11,67_67399_5136974,8/11/25,,2025-2026
67014577,1JN-SI-12,67_67399_5136974,8/11/25,,2025-2026
67015187,0495-01,67_67399_5136978,8/11/25,,2025-2026
67015187,0495-02,67_67399_5136978,8/11/25,,2025-2026
67015082,6JN-S1-23,67_67399_5136974,8/11/25,,2025-2026
67015082,6JN-SI-20,67_67399_5136974,8/11/25,,2025-2026
67014794,4JN-SI-16,67_67399_5136974,8/11/25,,2025-2026
67014794,4JN-SI-17,67_67399_5136974,8/11/25,,2025-2026
67014858,4JN-SI-16,67_67399_5136974,8/11/25,,2025-2026
67014858,4JN-SI-17,67_67399_5136974,8/11/25,,2025-2026
67015011,6JN-S1-23,67_67399_5136974,8/11/25,,2025-2026
67015011,6JN-SI-20,67_67399_5136974,8/11/25,,2025-2026
67014621,1JN-SI-11,67_67399_5136974,8/11/25,,2025-2026
67014621,1JN-SI-12,67_67399_5136974,8/11/25,,2025-2026
67014731,3JN-SI-03,67_67399_5136974,8/11/25,,2025-2026
67014731,3JN-SI-04,67_67399_5136974,8/11/25,,2025-2026
67015141,0495-01,67_67399_5136978,8/11/25,,2025-2026
67015141,0495-02,67_67399_5136978,8/11/25,,2025-2026
67014597,1JN-SI-11,67_67399_5136974,8/11/25,,2025-2026
67014597,1JN-SI-12,67_67399_5136974,8/11/25,,2025-2026
67014810,4JN-SI-16,67_67399_5136974,8/11/25,,2025-2026
67014810,4JN-SI-17,67_67399_5136974,8/11/25,,2025-2026
67014738,3JN-SI-03,67_67399_5136974,8/11/25,,2025-2026
67014738,3JN-SI-04,67_67399_5136974,8/11/25,,2025-2026
67014905,5JN-SI-14,67_67399_5136974,8/11/25,,2025-2026
67014905,5JN-SI-15,67_67399_5136974,8/11/25,,2025-2026
67014728,3JN-SI-03,67_67399_5136974,8/11/25,,2025-2026
67014728,3JN-SI-04,67_67399_5136974,8/11/25,,2025-2026
67014789,4JN-SI-16,67_67399_5136974,8/11/25,,2025-2026
67014789,4JN-SI-17,67_67399_5136974,8/11/25,,2025-2026
67014552,KJN-SI-01,67_67399_5136974,8/11/25,,2025-2026
67014552,KJN-SI-02,67_67399_5136974,8/11/25,,2025-2026
67014802,4JN-SI-16,67_67399_5136974,8/11/25,,2025-2026
67014802,4JN-SI-17,67_67399_5136974,8/11/25,,2025-2026
67014774,4JN-SI-16,67_67399_5136974,8/11/25,,2025-2026
67014774,4JN-SI-17,67_67399_5136974,8/11/25,,2025-2026
67014636,1JN-SI-11,67_67399_5136974,8/11/25,,2025-2026
67014636,1JN-SI-12,67_67399_5136974,8/11/25,,2025-2026
67015142,0495-01,67_67399_5136978,8/11/25,,2025-2026
67015142,0495-02,67_67399_5136978,8/11/25,,2025-2026
67015050,6JN-S1-23,67_67399_5136974,8/11/25,,2025-2026
67015050,6JN-SI-20,67_67399_5136974,8/11/25,,2025-2026
67014993,6JN-S1-23,67_67399_5136974,8/11/25,,2025-2026
67014993,6JN-SI-20,67_67399_5136974,8/11/25,,2025-2026
67015020,6JN-S1-23,67_67399_5136974,8/11/25,,2025-2026
67015020,6JN-SI-20,67_67399_5136974,8/11/25,,2025-2026
67014563,KJN-SI-01,67_67399_5136974,8/11/25,,2025-2026
67014563,KJN-SI-02,67_67399_5136974,8/11/25,,2025-2026
67015004,6JN-S1-23,67_67399_5136974,8/11/25,,2025-2026
67015004,6JN-SI-20,67_67399_5136974,8/11/25,,2025-2026
67014950,5JN-SI-14,67_67399_5136974,8/11/25,,2025-2026
67014950,5JN-SI-15,67_67399_5136974,8/11/25,,2025-2026
67015134,0495-01,67_67399_5136978,8/11/25,,2025-2026
67015134,0495-02,67_67399_5136978,8/11/25,,2025-2026
67014746,3JN-SI-03,67_67399_5136974,8/11/25,,2025-2026
67014746,3JN-SI-04,67_67399_5136974,8/11/25,,2025-2026
67014603,1JN-SI-11,67_67399_5136974,8/11/25,,2025-2026
67014603,1JN-SI-12,67_67399_5136974,8/11/25,,2025-2026
67014757,3JN-SI-03,67_67399_5136974,8/11/25,,2025-2026
67014757,3JN-SI-04,67_67399_5136974,8/11/25,,2025-2026
67015019,6JN-S1-23,67_67399_5136974,8/11/25,,2025-2026
67015019,6JN-SI-20,67_67399_5136974,8/11/25,,2025-2026
67015180,0495-01,67_67399_5136978,8/11/25,,2025-2026
67015180,0495-02,67_67399_5136978,8/11/25,,2025-2026
67015042,6JN-S1-23,67_67399_5136974,8/11/25,,2025-2026
67015042,6JN-SI-20,67_67399_5136974,8/11/25,,2025-2026
67014855,4JN-SI-16,67_67399_5136974,8/11/25,,2025-2026
67014855,4JN-SI-17,67_67399_5136974,8/11/25,,2025-2026
67014899,5JN-SI-14,67_67399_5136974,8/11/25,,2025-2026
67014899,5JN-SI-15,67_67399_5136974,8/11/25,,2025-2026
67015072,6JN-S1-23,67_67399_5136974,8/11/25,,2025-2026
67015072,6JN-SI-20,67_67399_5136974,8/11/25,,2025-2026
67014567,KJN-SI-01,67_67399_5136974,8/11/25,,2025-2026
67014567,KJN-SI-02,67_67399_5136974,8/11/25,,2025-2026
67014788,4JN-SI-16,67_67399_5136974,8/11/25,,2025-2026
67014788,4JN-SI-17,67_67399_5136974,8/11/25,,2025-2026
67015084,6JN-S1-23,67_67399_5136974,8/11/25,,2025-2026
67015084,6JN-SI-20,67_67399_5136974,8/11/25,,2025-2026
67015115,0495-01,67_67399_5136978,8/11/25,,2025-2026
67015115,0495-02,67_67399_5136978,8/11/25,,2025-2026
67015154,0495-01,67_67399_5136978,8/11/25,,2025-2026
67015154,0495-02,67_67399_5136978,8/11/25,,2025-2026
67015073,6JN-S1-23,67_67399_5136974,8/11/25,,2025-2026
67015073,6JN-SI-20,67_67399_5136974,8/11/25,,2025-2026
67014711,3JN-SI-03,67_67399_5136974,8/11/25,,2025-2026
67014711,3JN-SI-04,67_67399_5136974,8/11/25,,2025-2026
67014908,5JN-SI-14,67_67399_5136974,8/11/25,,2025-2026
67014908,5JN-SI-15,67_67399_5136974,8/11/25,,2025-2026
67015026,6JN-S1-23,67_67399_5136974,8/11/25,,2025-2026
67015026,6JN-SI-20,67_67399_5136974,8/11/25,,2025-2026
67014851,4JN-SI-16,67_67399_5136974,8/11/25,,2025-2026
67014851,4JN-SI-17,67_67399_5136974,8/11/25,,2025-2026
67014924,5JN-SI-14,67_67399_5136974,8/11/25,,2025-2026
67014924,5JN-SI-15,67_67399_5136974,8/11/25,,2025-2026
67014862,4JN-SI-16,67_67399_5136974,8/11/25,,2025-2026
67014862,4JN-SI-17,67_67399_5136974,8/11/25,,2025-2026
67014638,1JN-SI-11,67_67399_5136974,8/11/25,,2025-2026
67014638,1JN-SI-12,67_67399_5136974,8/11/25,,2025-2026
67014977,6JN-S1-23,67_67399_5136974,8/11/25,,2025-2026
67014977,6JN-SI-20,67_67399_5136974,8/11/25,,2025-2026
67014677,2JN-SI-08,67_67399_5136974,8/11/25,,2025-2026
67014677,2JN-SI-09,67_67399_5136974,8/11/25,,2025-2026
67014632,1JN-SI-11,67_67399_5136974,8/11/25,,2025-2026
67014632,1JN-SI-12,67_67399_5136974,8/11/25,,2025-2026
67015137,0495-01,67_67399_5136978,8/11/25,,2025-2026
67015137,0495-02,67_67399_5136978,8/11/25,,2025-2026
67014831,4JN-SI-16,67_67399_5136974,8/11/25,,2025-2026
67014831,4JN-SI-17,67_67399_5136974,8/11/25,,2025-2026
67014809,4JN-SI-16,67_67399_5136974,8/11/25,,2025-2026
67014809,4JN-SI-17,67_67399_5136974,8/11/25,,2025-2026
67014605,1JN-SI-11,67_67399_5136974,8/11/25,,2025-2026
67014605,1JN-SI-12,67_67399_5136974,8/11/25,,2025-2026
67014807,4JN-SI-16,67_67399_5136974,8/11/25,,2025-2026
67014807,4JN-SI-17,67_67399_5136974,8/11/25,,2025-2026
67015063,6JN-S1-23,67_67399_5136974,8/11/25,,2025-2026
67015063,6JN-SI-20,67_67399_5136974,8/11/25,,2025-2026
67014773,4JN-SI-16,67_67399_5136974,8/11/25,,2025-2026
67014773,4JN-SI-17,67_67399_5136974,8/11/25,,2025-2026
67014864,4JN-SI-16,67_67399_5136974,8/11/25,,2025-2026
67014864,4JN-SI-17,67_67399_5136974,8/11/25,,2025-2026
67014896,5JN-SI-14,67_67399_5136974,8/11/25,,2025-2026
67014896,5JN-SI-15,67_67399_5136974,8/11/25,,2025-2026
67014853,4JN-SI-16,67_67399_5136974,8/11/25,,2025-2026
67014853,4JN-SI-17,67_67399_5136974,8/11/25,,2025-2026
67014884,5JN-SI-14,67_67399_5136974,8/11/25,,2025-2026
67014884,5JN-SI-15,67_67399_5136974,8/11/25,,2025-2026
67014925,5JN-SI-14,67_67399_5136974,8/11/25,,2025-2026
67014925,5JN-SI-15,67_67399_5136974,8/11/25,,2025-2026
67014847,4JN-SI-16,67_67399_5136974,8/11/25,,2025-2026
67014847,4JN-SI-17,67_67399_5136974,8/11/25,,2025-2026
67015051,6JN-S1-23,67_67399_5136974,8/11/25,,2025-2026
67015051,6JN-SI-20,67_67399_5136974,8/11/25,,2025-2026
67014803,4JN-SI-16,67_67399_5136974,8/11/25,,2025-2026
67014803,4JN-SI-17,67_67399_5136974,8/11/25,,2025-2026
67014983,6JN-S1-23,67_67399_5136974,8/11/25,,2025-2026
67014983,6JN-SI-20,67_67399_5136974,8/11/25,,2025-2026
67015091,0495-01,67_67399_5136978,8/11/25,,2025-2026
67015091,0495-02,67_67399_5136978,8/11/25,,2025-2026
67014883,5JN-SI-14,67_67399_5136974,8/11/25,,2025-2026
67014883,5JN-SI-15,67_67399_5136974,8/11/25,,2025-2026
67014742,3JN-SI-03,67_67399_5136974,8/11/25,,2025-2026
67014742,3JN-SI-04,67_67399_5136974,8/11/25,,2025-2026
67015029,6JN-S1-23,67_67399_5136974,8/11/25,,2025-2026
67015029,6JN-SI-20,67_67399_5136974,8/11/25,,2025-2026
67015114,0495-01,67_67399_5136978,8/11/25,,2025-2026
67015114,0495-02,67_67399_5136978,8/11/25,,2025-2026
67015123,0495-01,67_67399_5136978,8/11/25,,2025-2026
67015123,0495-02,67_67399_5136978,8/11/25,,2025-2026
67014671,2JN-SI-08,67_67399_5136974,8/11/25,,2025-2026
67014671,2JN-SI-09,67_67399_5136974,8/11/25,,2025-2026
67015167,0495-01,67_67399_5136978,8/11/25,,2025-2026
67015167,0495-02,67_67399_5136978,8/11/25,,2025-2026
67015048,6JN-S1-23,67_67399_5136974,8/11/25,,2025-2026
67015048,6JN-SI-20,67_67399_5136974,8/11/25,,2025-2026
67015096,0495-01,67_67399_5136978,8/11/25,,2025-2026
67015096,0495-02,67_67399_5136978,8/11/25,,2025-2026
67015150,0495-01,67_67399_5136978,8/11/25,,2025-2026
67015150,0495-02,67_67399_5136978,8/11/25,,2025-2026
67015149,0495-01,67_67399_5136978,8/11/25,,2025-2026
67015149,0495-02,67_67399_5136978,8/11/25,,2025-2026
67014804,4JN-SI-16,67_67399_5136974,8/11/25,,2025-2026
67014804,4JN-SI-17,67_67399_5136974,8/11/25,,2025-2026
67015501,5 KG-SI-26,67_67399_5136975,8/11/25,,2025-2026
67015501,5 KG-SI-27,67_67399_5136975,8/11/25,,2025-2026
67015495,5 KG-SI-26,67_67399_5136975,8/11/25,,2025-2026
67015495,5 KG-SI-27,67_67399_5136975,8/11/25,,2025-2026
67015342,3 KG-SI-14,67_67399_5136975,8/11/25,,2025-2026
67015342,3 KG-SI-16,67_67399_5136975,8/11/25,,2025-2026
67015250,1 KG-SI-03,67_67399_5136975,8/11/25,,2025-2026
67015250,1 KG-SI-05,67_67399_5136975,8/11/25,,2025-2026
67015195,0K KG-SI-A,67_67399_5136975,8/11/25,,2025-2026
67015195,0K KG-SI-B,67_67399_5136975,8/11/25,,2025-2026
67015196,0K KG-SI-A,67_67399_5136975,8/11/25,,2025-2026
67015196,0K KG-SI-B,67_67399_5136975,8/11/25,,2025-2026
67015292,2 KG-SI-15,67_67399_5136975,8/11/25,,2025-2026
67015292,2 KG-SI-18,67_67399_5136975,8/11/25,,2025-2026
67015249,1 KG-SI-03,67_67399_5136975,8/11/25,,2025-2026
67015249,1 KG-SI-05,67_67399_5136975,8/11/25,,2025-2026
67015387,3 KG-SI-14,67_67399_5136975,8/11/25,,2025-2026
67015387,3 KG-SI-16,67_67399_5136975,8/11/25,,2025-2026
67015363,3 KG-SI-14,67_67399_5136975,8/11/25,,2025-2026
67015363,3 KG-SI-16,67_67399_5136975,8/11/25,,2025-2026
67015411,4 KG-SI-19,67_67399_5136975,8/11/25,,2025-2026
67015411,4 KG-SI-21,67_67399_5136975,8/11/25,,2025-2026
67015205,0K KG-SI-A,67_67399_5136975,8/11/25,,2025-2026
67015205,0K KG-SI-B,67_67399_5136975,8/11/25,,2025-2026
67015504,5 KG-SI-26,67_67399_5136975,8/11/25,,2025-2026
67015504,5 KG-SI-27,67_67399_5136975,8/11/25,,2025-2026
67015222,1 KG-SI-03,67_67399_5136975,8/11/25,,2025-2026
67015222,1 KG-SI-05,67_67399_5136975,8/11/25,,2025-2026
67015527,5 KG-SI-26,67_67399_5136975,8/11/25,,2025-2026
67015527,5 KG-SI-27,67_67399_5136975,8/11/25,,2025-2026
67015397,3 KG-SI-14,67_67399_5136975,8/11/25,,2025-2026
67015397,3 KG-SI-16,67_67399_5136975,8/11/25,,2025-2026
67015362,3 KG-SI-14,67_67399_5136975,8/11/25,,2025-2026
67015362,3 KG-SI-16,67_67399_5136975,8/11/25,,2025-2026
67015306,2 KG-SI-15,67_67399_5136975,8/11/25,,2025-2026
67015306,2 KG-SI-18,67_67399_5136975,8/11/25,,2025-2026
67015563,6 KG-SI-29,67_67399_5136975,8/11/25,,2025-2026
67015563,6 KG-SI-31,67_67399_5136975,8/11/25,,2025-2026
67015335,3 KG-SI-14,67_67399_5136975,8/11/25,,2025-2026
67015335,3 KG-SI-16,67_67399_5136975,8/11/25,,2025-2026
67015507,5 KG-SI-26,67_67399_5136975,8/11/25,,2025-2026
67015507,5 KG-SI-27,67_67399_5136975,8/11/25,,2025-2026
67015421,4 KG-SI-19,67_67399_5136975,8/11/25,,2025-2026
67015421,4 KG-SI-21,67_67399_5136975,8/11/25,,2025-2026
67015498,5 KG-SI-26,67_67399_5136975,8/11/25,,2025-2026
67015498,5 KG-SI-27,67_67399_5136975,8/11/25,,2025-2026
67015326,2 KG-SI-15,67_67399_5136975,8/11/25,,2025-2026
67015326,2 KG-SI-18,67_67399_5136975,8/11/25,,2025-2026
67015305,2 KG-SI-15,67_67399_5136975,8/11/25,,2025-2026
67015305,2 KG-SI-18,67_67399_5136975,8/11/25,,2025-2026
67015354,3 KG-SI-14,67_67399_5136975,8/11/25,,2025-2026
67015354,3 KG-SI-16,67_67399_5136975,8/11/25,,2025-2026
67015255,1 KG-SI-03,67_67399_5136975,8/11/25,,2025-2026
67015255,1 KG-SI-05,67_67399_5136975,8/11/25,,2025-2026
67015518,5 KG-SI-26,67_67399_5136975,8/11/25,,2025-2026
67015518,5 KG-SI-27,67_67399_5136975,8/11/25,,2025-2026
67015408,4 KG-SI-19,67_67399_5136975,8/11/25,,2025-2026
67015408,4 KG-SI-21,67_67399_5136975,8/11/25,,2025-2026
67015448,4 KG-SI-19,67_67399_5136975,8/11/25,,2025-2026
67015448,4 KG-SI-21,67_67399_5136975,8/11/25,,2025-2026
67015637,0495-01,67_67399_5136979,8/11/25,,2025-2026
67015637,0495-02,67_67399_5136979,8/11/25,,2025-2026
67015226,1 KG-SI-03,67_67399_5136975,8/11/25,,2025-2026
67015226,1 KG-SI-05,67_67399_5136975,8/11/25,,2025-2026
67015241,1 KG-SI-03,67_67399_5136975,8/11/25,,2025-2026
67015241,1 KG-SI-05,67_67399_5136975,8/11/25,,2025-2026
67015229,1 KG-SI-03,67_67399_5136975,8/11/25,,2025-2026
67015229,1 KG-SI-05,67_67399_5136975,8/11/25,,2025-2026
67015515,5 KG-SI-26,67_67399_5136975,8/11/25,,2025-2026
67015515,5 KG-SI-27,67_67399_5136975,8/11/25,,2025-2026
67015457,4 KG-SI-19,67_67399_5136975,8/11/25,,2025-2026
67015457,4 KG-SI-21,67_67399_5136975,8/11/25,,2025-2026
67015572,6 KG-SI-29,67_67399_5136975,8/11/25,,2025-2026
67015572,6 KG-SI-31,67_67399_5136975,8/11/25,,2025-2026
67015571,6 KG-SI-29,67_67399_5136975,8/11/25,,2025-2026
67015571,6 KG-SI-31,67_67399_5136975,8/11/25,,2025-2026
67015645,0495-01,67_67399_5136979,8/11/25,,2025-2026
67015645,0495-02,67_67399_5136979,8/11/25,,2025-2026
67015516,5 KG-SI-26,67_67399_5136975,8/11/25,,2025-2026
67015516,5 KG-SI-27,67_67399_5136975,8/11/25,,2025-2026
67015625,0495-01,67_67399_5136979,8/11/25,,2025-2026
67015625,0495-02,67_67399_5136979,8/11/25,,2025-2026
67015428,4 KG-SI-19,67_67399_5136975,8/11/25,,2025-2026
67015428,4 KG-SI-21,67_67399_5136975,8/11/25,,2025-2026
67015355,3 KG-SI-14,67_67399_5136975,8/11/25,,2025-2026
67015355,3 KG-SI-16,67_67399_5136975,8/11/25,,2025-2026
67015633,0495-01,67_67399_5136979,8/11/25,,2025-2026
67015633,0495-02,67_67399_5136979,8/11/25,,2025-2026
67015261,1 KG-SI-03,67_67399_5136975,8/11/25,,2025-2026
67015261,1 KG-SI-05,67_67399_5136975,8/11/25,,2025-2026
67015388,3 KG-SI-14,67_67399_5136975,8/11/25,,2025-2026
67015388,3 KG-SI-16,67_67399_5136975,8/11/25,,2025-2026
67015525,5 KG-SI-26,67_67399_5136975,8/11/25,,2025-2026
67015525,5 KG-SI-27,67_67399_5136975,8/11/25,,2025-2026
67015352,3 KG-SI-14,67_67399_5136975,8/11/25,,2025-2026
67015352,3 KG-SI-16,67_67399_5136975,8/11/25,,2025-2026
67015468,4 KG-SI-19,67_67399_5136975,8/11/25,,2025-2026
67015468,4 KG-SI-21,67_67399_5136975,8/11/25,,2025-2026
67015356,3 KG-SI-14,67_67399_5136975,8/11/25,,2025-2026
67015356,3 KG-SI-16,67_67399_5136975,8/11/25,,2025-2026
67015374,3 KG-SI-14,67_67399_5136975,8/11/25,,2025-2026
67015374,3 KG-SI-16,67_67399_5136975,8/11/25,,2025-2026
67015656,0495-01,67_67399_5136979,8/11/25,,2025-2026
67015656,0495-02,67_67399_5136979,8/11/25,,2025-2026
67015506,5 KG-SI-26,67_67399_5136975,8/11/25,,2025-2026
67015506,5 KG-SI-27,67_67399_5136975,8/11/25,,2025-2026
67015434,4 KG-SI-19,67_67399_5136975,8/11/25,,2025-2026
67015434,4 KG-SI-21,67_67399_5136975,8/11/25,,2025-2026
67015561,6 KG-SI-29,67_67399_5136975,8/11/25,,2025-2026
67015561,6 KG-SI-31,67_67399_5136975,8/11/25,,2025-2026
67015486,5 KG-SI-26,67_67399_5136975,8/11/25,,2025-2026
67015486,5 KG-SI-27,67_67399_5136975,8/11/25,,2025-2026
67015291,2 KG-SI-15,67_67399_5136975,8/11/25,,2025-2026
67015291,2 KG-SI-18,67_67399_5136975,8/11/25,,2025-2026
67015635,0495-01,67_67399_5136979,8/11/25,,2025-2026
67015635,0495-02,67_67399_5136979,8/11/25,,2025-2026
67015435,4 KG-SI-19,67_67399_5136975,8/11/25,,2025-2026
67015435,4 KG-SI-21,67_67399_5136975,8/11/25,,2025-2026
67015218,0K KG-SI-A,67_67399_5136975,8/11/25,,2025-2026
67015218,0K KG-SI-B,67_67399_5136975,8/11/25,,2025-2026
67015228,1 KG-SI-03,67_67399_5136975,8/11/25,,2025-2026
67015228,1 KG-SI-05,67_67399_5136975,8/11/25,,2025-2026
67015651,0495-01,67_67399_5136979,8/11/25,,2025-2026
67015651,0495-02,67_67399_5136979,8/11/25,,2025-2026
67015682,0495-01,67_67399_5136979,8/11/25,,2025-2026
67015682,0495-02,67_67399_5136979,8/11/25,,2025-2026
67015351,3 KG-SI-14,67_67399_5136975,8/11/25,,2025-2026
67015351,3 KG-SI-16,67_67399_5136975,8/11/25,,2025-2026
67015281,2 KG-SI-15,67_67399_5136975,8/11/25,,2025-2026
67015281,2 KG-SI-18,67_67399_5136975,8/11/25,,2025-2026
67015535,5 KG-SI-26,67_67399_5136975,8/11/25,,2025-2026
67015535,5 KG-SI-27,67_67399_5136975,8/11/25,,2025-2026
67015649,0495-01,67_67399_5136979,8/11/25,,2025-2026
67015649,0495-02,67_67399_5136979,8/11/25,,2025-2026
67015235,1 KG-SI-03,67_67399_5136975,8/11/25,,2025-2026
67015235,1 KG-SI-05,67_67399_5136975,8/11/25,,2025-2026
67015414,4 KG-SI-19,67_67399_5136975,8/11/25,,2025-2026
67015414,4 KG-SI-21,67_67399_5136975,8/11/25,,2025-2026
67015252,1 KG-SI-03,67_67399_5136975,8/11/25,,2025-2026
67015252,1 KG-SI-05,67_67399_5136975,8/11/25,,2025-2026
67015592,6 KG-SI-29,67_67399_5136975,8/11/25,,2025-2026
67015592,6 KG-SI-31,67_67399_5136975,8/11/25,,2025-2026
67015265,1 KG-SI-03,67_67399_5136975,8/11/25,,2025-2026
67015265,1 KG-SI-05,67_67399_5136975,8/11/25,,2025-2026
67015312,2 KG-SI-15,67_67399_5136975,8/11/25,,2025-2026
67015312,2 KG-SI-18,67_67399_5136975,8/11/25,,2025-2026
67015202,0K KG-SI-A,67_67399_5136975,8/11/25,,2025-2026
67015202,0K KG-SI-B,67_67399_5136975,8/11/25,,2025-2026
67015329,3 KG-SI-14,67_67399_5136975,8/11/25,,2025-2026
67015329,3 KG-SI-16,67_67399_5136975,8/11/25,,2025-2026
67015346,3 KG-SI-14,67_67399_5136975,8/11/25,,2025-2026
67015346,3 KG-SI-16,67_67399_5136975,8/11/25,,2025-2026
67015665,0495-01,67_67399_5136979,8/11/25,,2025-2026
67015665,0495-02,67_67399_5136979,8/11/25,,2025-2026
67015481,5 KG-SI-26,67_67399_5136975,8/11/25,,2025-2026
67015481,5 KG-SI-27,67_67399_5136975,8/11/25,,2025-2026
67015520,5 KG-SI-26,67_67399_5136975,8/11/25,,2025-2026
67015520,5 KG-SI-27,67_67399_5136975,8/11/25,,2025-2026
67015539,5 KG-SI-26,67_67399_5136975,8/11/25,,2025-2026
67015539,5 KG-SI-27,67_67399_5136975,8/11/25,,2025-2026
67015333,3 KG-SI-14,67_67399_5136975,8/11/25,,2025-2026
67015333,3 KG-SI-16,67_67399_5136975,8/11/25,,2025-2026
67015422,4 KG-SI-19,67_67399_5136975,8/11/25,,2025-2026
67015422,4 KG-SI-21,67_67399_5136975,8/11/25,,2025-2026
67015528,5 KG-SI-26,67_67399_5136975,8/11/25,,2025-2026
67015528,5 KG-SI-27,67_67399_5136975,8/11/25,,2025-2026
67015344,3 KG-SI-14,67_67399_5136975,8/11/25,,2025-2026
67015344,3 KG-SI-16,67_67399_5136975,8/11/25,,2025-2026
67015366,3 KG-SI-14,67_67399_5136975,8/11/25,,2025-2026
67015366,3 KG-SI-16,67_67399_5136975,8/11/25,,2025-2026
67015303,2 KG-SI-15,67_67399_5136975,8/11/25,,2025-2026
67015303,2 KG-SI-18,67_67399_5136975,8/11/25,,2025-2026
67015254,1 KG-SI-03,67_67399_5136975,8/11/25,,2025-2026
67015254,1 KG-SI-05,67_67399_5136975,8/11/25,,2025-2026
67015644,0495-01,67_67399_5136979,8/11/25,,2025-2026
67015644,0495-02,67_67399_5136979,8/11/25,,2025-2026
67015579,6 KG-SI-29,67_67399_5136975,8/11/25,,2025-2026
67015579,6 KG-SI-31,67_67399_5136975,8/11/25,,2025-2026
67015347,3 KG-SI-14,67_67399_5136975,8/11/25,,2025-2026
67015347,3 KG-SI-16,67_67399_5136975,8/11/25,,2025-2026
67015630,0495-01,67_67399_5136979,8/11/25,,2025-2026
67015630,0495-02,67_67399_5136979,8/11/25,,2025-2026
67015509,5 KG-SI-26,67_67399_5136975,8/11/25,,2025-2026
67015509,5 KG-SI-27,67_67399_5136975,8/11/25,,2025-2026
67015429,4 KG-SI-19,67_67399_5136975,8/11/25,,2025-2026
67015429,4 KG-SI-21,67_67399_5136975,8/11/25,,2025-2026
67015257,1 KG-SI-03,67_67399_5136975,8/11/25,,2025-2026
67015257,1 KG-SI-05,67_67399_5136975,8/11/25,,2025-2026
67015403,3 KG-SI-14,67_67399_5136975,8/11/25,,2025-2026
67015403,3 KG-SI-16,67_67399_5136975,8/11/25,,2025-2026
67015395,3 KG-SI-14,67_67399_5136975,8/11/25,,2025-2026
67015395,3 KG-SI-16,67_67399_5136975,8/11/25,,2025-2026
67015308,2 KG-SI-15,67_67399_5136975,8/11/25,,2025-2026
67015308,2 KG-SI-18,67_67399_5136975,8/11/25,,2025-2026
67015612,6 KG-SI-29,67_67399_5136975,8/11/25,,2025-2026
67015612,6 KG-SI-31,67_67399_5136975,8/11/25,,2025-2026
67015380,3 KG-SI-14,67_67399_5136975,8/11/25,,2025-2026
67015380,3 KG-SI-16,67_67399_5136975,8/11/25,,2025-2026
67015325,2 KG-SI-15,67_67399_5136975,8/11/25,,2025-2026
67015325,2 KG-SI-18,67_67399_5136975,8/11/25,,2025-2026
67015632,0495-01,67_67399_5136979,8/11/25,,2025-2026
67015632,0495-02,67_67399_5136979,8/11/25,,2025-2026
67015340,3 KG-SI-14,67_67399_5136975,8/11/25,,2025-2026
67015340,3 KG-SI-16,67_67399_5136975,8/11/25,,2025-2026
67015394,3 KG-SI-14,67_67399_5136975,8/11/25,,2025-2026
67015394,3 KG-SI-16,67_67399_5136975,8/11/25,,2025-2026
67015382,3 KG-SI-14,67_67399_5136975,8/11/25,,2025-2026
67015382,3 KG-SI-16,67_67399_5136975,8/11/25,,2025-2026
67015550,6 KG-SI-29,67_67399_5136975,8/11/25,,2025-2026
67015550,6 KG-SI-31,67_67399_5136975,8/11/25,,2025-2026
67015462,4 KG-SI-19,67_67399_5136975,8/11/25,,2025-2026
67015462,4 KG-SI-21,67_67399_5136975,8/11/25,,2025-2026
67015471,5 KG-SI-26,67_67399_5136975,8/11/25,,2025-2026
67015471,5 KG-SI-27,67_67399_5136975,8/11/25,,2025-2026
67015491,5 KG-SI-26,67_67399_5136975,8/11/25,,2025-2026
67015491,5 KG-SI-27,67_67399_5136975,8/11/25,,2025-2026
67015198,0K KG-SI-A,67_67399_5136975,8/11/25,,2025-2026
67015198,0K KG-SI-B,67_67399_5136975,8/11/25,,2025-2026
67015266,1 KG-SI-03,67_67399_5136975,8/11/25,,2025-2026
67015266,1 KG-SI-05,67_67399_5136975,8/11/25,,2025-2026
67015213,0K KG-SI-A,67_67399_5136975,8/11/25,,2025-2026
67015213,0K KG-SI-B,67_67399_5136975,8/11/25,,2025-2026
67015532,5 KG-SI-26,67_67399_5136975,8/11/25,,2025-2026
67015532,5 KG-SI-27,67_67399_5136975,8/11/25,,2025-2026
67015626,0495-01,67_67399_5136979,8/11/25,,2025-2026
67015626,0495-02,67_67399_5136979,8/11/25,,2025-2026
67015456,4 KG-SI-19,67_67399_5136975,8/11/25,,2025-2026
67015456,4 KG-SI-21,67_67399_5136975,8/11/25,,2025-2026
67015280,2 KG-SI-15,67_67399_5136975,8/11/25,,2025-2026
67015280,2 KG-SI-18,67_67399_5136975,8/11/25,,2025-2026
67015514,5 KG-SI-26,67_67399_5136975,8/11/25,,2025-2026
67015514,5 KG-SI-27,67_67399_5136975,8/11/25,,2025-2026
67015664,0495-01,67_67399_5136979,8/11/25,,2025-2026
67015664,0495-02,67_67399_5136979,8/11/25,,2025-2026
67015643,0495-01,67_67399_5136979,8/11/25,,2025-2026
67015643,0495-02,67_67399_5136979,8/11/25,,2025-2026
67015206,0K KG-SI-A,67_67399_5136975,8/11/25,,2025-2026
67015206,0K KG-SI-B,67_67399_5136975,8/11/25,,2025-2026
67015294,2 KG-SI-15,67_67399_5136975,8/11/25,,2025-2026
67015294,2 KG-SI-18,67_67399_5136975,8/11/25,,2025-2026
67015544,6 KG-SI-29,67_67399_5136975,8/11/25,,2025-2026
67015544,6 KG-SI-31,67_67399_5136975,8/11/25,,2025-2026
67015517,5 KG-SI-26,67_67399_5136975,8/11/25,,2025-2026
67015517,5 KG-SI-27,67_67399_5136975,8/11/25,,2025-2026
67015546,6 KG-SI-29,67_67399_5136975,8/11/25,,2025-2026
67015546,6 KG-SI-31,67_67399_5136975,8/11/25,,2025-2026
67015608,6 KG-SI-29,67_67399_5136975,8/11/25,,2025-2026
67015608,6 KG-SI-31,67_67399_5136975,8/11/25,,2025-2026
67015467,4 KG-SI-19,67_67399_5136975,8/11/25,,2025-2026
67015467,4 KG-SI-21,67_67399_5136975,8/11/25,,2025-2026
67015519,5 KG-SI-26,67_67399_5136975,8/11/25,,2025-2026
67015519,5 KG-SI-27,67_67399_5136975,8/11/25,,2025-2026
67015678,0495-01,67_67399_5136979,8/11/25,,2025-2026
67015678,0495-02,67_67399_5136979,8/11/25,,2025-2026
67015618,0495-01,67_67399_5136979,8/11/25,,2025-2026
67015618,0495-02,67_67399_5136979,8/11/25,,2025-2026
67015384,3 KG-SI-14,67_67399_5136975,8/11/25,,2025-2026
67015384,3 KG-SI-16,67_67399_5136975,8/11/25,,2025-2026
67015596,6 KG-SI-29,67_67399_5136975,8/11/25,,2025-2026
67015596,6 KG-SI-31,67_67399_5136975,8/11/25,,2025-2026
67015536,5 KG-SI-26,67_67399_5136975,8/11/25,,2025-2026
67015536,5 KG-SI-27,67_67399_5136975,8/11/25,,2025-2026
67015582,6 KG-SI-29,67_67399_5136975,8/11/25,,2025-2026
67015582,6 KG-SI-31,67_67399_5136975,8/11/25,,2025-2026
67015474,5 KG-SI-26,67_67399_5136975,8/11/25,,2025-2026
67015474,5 KG-SI-27,67_67399_5136975,8/11/25,,2025-2026
67015553,6 KG-SI-29,67_67399_5136975,8/11/25,,2025-2026
67015553,6 KG-SI-31,67_67399_5136975,8/11/25,,2025-2026
67015367,3 KG-SI-14,67_67399_5136975,8/11/25,,2025-2026
67015367,3 KG-SI-16,67_67399_5136975,8/11/25,,2025-2026
67015391,3 KG-SI-14,67_67399_5136975,8/11/25,,2025-2026
67015391,3 KG-SI-16,67_67399_5136975,8/11/25,,2025-2026
67015209,0K KG-SI-A,67_67399_5136975,8/11/25,,2025-2026
67015209,0K KG-SI-B,67_67399_5136975,8/11/25,,2025-2026
67015589,6 KG-SI-29,67_67399_5136975,8/11/25,,2025-2026
67015589,6 KG-SI-31,67_67399_5136975,8/11/25,,2025-2026
67015545,6 KG-SI-29,67_67399_5136975,8/11/25,,2025-2026
67015545,6 KG-SI-31,67_67399_5136975,8/11/25,,2025-2026
67015258,1 KG-SI-03,67_67399_5136975,8/11/25,,2025-2026
67015258,1 KG-SI-05,67_67399_5136975,8/11/25,,2025-2026
67015617,0495-01,67_67399_5136979,8/11/25,,2025-2026
67015617,0495-02,67_67399_5136979,8/11/25,,2025-2026
67015336,3 KG-SI-14,67_67399_5136975,8/11/25,,2025-2026
67015336,3 KG-SI-16,67_67399_5136975,8/11/25,,2025-2026
67015613,6 KG-SI-29,67_67399_5136975,8/11/25,,2025-2026
67015613,6 KG-SI-31,67_67399_5136975,8/11/25,,2025-2026
67015314,2 KG-SI-15,67_67399_5136975,8/11/25,,2025-2026
67015314,2 KG-SI-18,67_67399_5136975,8/11/25,,2025-2026
67015473,5 KG-SI-26,67_67399_5136975,8/11/25,,2025-2026
67015473,5 KG-SI-27,67_67399_5136975,8/11/25,,2025-2026
67015393,3 KG-SI-14,67_67399_5136975,8/11/25,,2025-2026
67015393,3 KG-SI-16,67_67399_5136975,8/11/25,,2025-2026
67015540,5 KG-SI-26,67_67399_5136975,8/11/25,,2025-2026
67015540,5 KG-SI-27,67_67399_5136975,8/11/25,,2025-2026
67015657,0495-01,67_67399_5136979,8/11/25,,2025-2026
67015657,0495-02,67_67399_5136979,8/11/25,,2025-2026
67015237,1 KG-SI-03,67_67399_5136975,8/11/25,,2025-2026
67015237,1 KG-SI-05,67_67399_5136975,8/11/25,,2025-2026
67015278,2 KG-SI-15,67_67399_5136975,8/11/25,,2025-2026
67015278,2 KG-SI-18,67_67399_5136975,8/11/25,,2025-2026
67015586,6 KG-SI-29,67_67399_5136975,8/11/25,,2025-2026
67015586,6 KG-SI-31,67_67399_5136975,8/11/25,,2025-2026
67015526,5 KG-SI-26,67_67399_5136975,8/11/25,,2025-2026
67015526,5 KG-SI-27,67_67399_5136975,8/11/25,,2025-2026
67015334,3 KG-SI-14,67_67399_5136975,8/11/25,,2025-2026
67015334,3 KG-SI-16,67_67399_5136975,8/11/25,,2025-2026
67015233,1 KG-SI-03,67_67399_5136975,8/11/25,,2025-2026
67015233,1 KG-SI-05,67_67399_5136975,8/11/25,,2025-2026
67015372,3 KG-SI-14,67_67399_5136975,8/11/25,,2025-2026
67015372,3 KG-SI-16,67_67399_5136975,8/11/25,,2025-2026
67015436,4 KG-SI-19,67_67399_5136975,8/11/25,,2025-2026
67015436,4 KG-SI-21,67_67399_5136975,8/11/25,,2025-2026
67015201,0K KG-SI-A,67_67399_5136975,8/11/25,,2025-2026
67015201,0K KG-SI-B,67_67399_5136975,8/11/25,,2025-2026
67015529,5 KG-SI-26,67_67399_5136975,8/11/25,,2025-2026
67015529,5 KG-SI-27,67_67399_5136975,8/11/25,,2025-2026
67015512,5 KG-SI-26,67_67399_5136975,8/11/25,,2025-2026
67015512,5 KG-SI-27,67_67399_5136975,8/11/25,,2025-2026
67015269,1 KG-SI-03,67_67399_5136975,8/11/25,,2025-2026
67015269,1 KG-SI-05,67_67399_5136975,8/11/25,,2025-2026
67015680,0495-01,67_67399_5136979,8/11/25,,2025-2026
67015680,0495-02,67_67399_5136979,8/11/25,,2025-2026
67015370,3 KG-SI-14,67_67399_5136975,8/11/25,,2025-2026
67015370,3 KG-SI-16,67_67399_5136975,8/11/25,,2025-2026
67015485,5 KG-SI-26,67_67399_5136975,8/11/25,,2025-2026
67015485,5 KG-SI-27,67_67399_5136975,8/11/25,,2025-2026
67015511,5 KG-SI-26,67_67399_5136975,8/11/25,,2025-2026
67015511,5 KG-SI-27,67_67399_5136975,8/11/25,,2025-2026
67015392,3 KG-SI-14,67_67399_5136975,8/11/25,,2025-2026
67015392,3 KG-SI-16,67_67399_5136975,8/11/25,,2025-2026
67015302,2 KG-SI-15,67_67399_5136975,8/11/25,,2025-2026
67015302,2 KG-SI-18,67_67399_5136975,8/11/25,,2025-2026
67015668,0495-01,67_67399_5136979,8/11/25,,2025-2026
67015668,0495-02,67_67399_5136979,8/11/25,,2025-2026
67015332,3 KG-SI-14,67_67399_5136975,8/11/25,,2025-2026
67015332,3 KG-SI-16,67_67399_5136975,8/11/25,,2025-2026
67015590,6 KG-SI-29,67_67399_5136975,8/11/25,,2025-2026
67015590,6 KG-SI-31,67_67399_5136975,8/11/25,,2025-2026
67015672,0495-01,67_67399_5136979,8/11/25,,2025-2026
67015672,0495-02,67_67399_5136979,8/11/25,,2025-2026
67015585,6 KG-SI-29,67_67399_5136975,8/11/25,,2025-2026
67015585,6 KG-SI-31,67_67399_5136975,8/11/25,,2025-2026
67015557,6 KG-SI-29,67_67399_5136975,8/11/25,,2025-2026
67015557,6 KG-SI-31,67_67399_5136975,8/11/25,,2025-2026
67015564,6 KG-SI-29,67_67399_5136975,8/11/25,,2025-2026
67015564,6 KG-SI-31,67_67399_5136975,8/11/25,,2025-2026
67015215,0K KG-SI-A,67_67399_5136975,8/11/25,,2025-2026
67015215,0K KG-SI-B,67_67399_5136975,8/11/25,,2025-2026
67015251,1 KG-SI-03,67_67399_5136975,8/11/25,,2025-2026
67015251,1 KG-SI-05,67_67399_5136975,8/11/25,,2025-2026
67015443,4 KG-SI-19,67_67399_5136975,8/11/25,,2025-2026
67015443,4 KG-SI-21,67_67399_5136975,8/11/25,,2025-2026
67015598,6 KG-SI-29,67_67399_5136975,8/11/25,,2025-2026
67015598,6 KG-SI-31,67_67399_5136975,8/11/25,,2025-2026
67015361,3 KG-SI-14,67_67399_5136975,8/11/25,,2025-2026
67015361,3 KG-SI-16,67_67399_5136975,8/11/25,,2025-2026
67015562,6 KG-SI-29,67_67399_5136975,8/11/25,,2025-2026
67015562,6 KG-SI-31,67_67399_5136975,8/11/25,,2025-2026
67015597,6 KG-SI-29,67_67399_5136975,8/11/25,,2025-2026
67015597,6 KG-SI-31,67_67399_5136975,8/11/25,,2025-2026
67015662,0495-01,67_67399_5136979,8/11/25,,2025-2026
67015662,0495-02,67_67399_5136979,8/11/25,,2025-2026
67015537,5 KG-SI-26,67_67399_5136975,8/11/25,,2025-2026
67015537,5 KG-SI-27,67_67399_5136975,8/11/25,,2025-2026
67015686,0495-01,67_67399_5136979,8/11/25,,2025-2026
67015686,0495-02,67_67399_5136979,8/11/25,,2025-2026
67015488,5 KG-SI-26,67_67399_5136975,8/11/25,,2025-2026
67015488,5 KG-SI-27,67_67399_5136975,8/11/25,,2025-2026
67015330,3 KG-SI-14,67_67399_5136975,8/11/25,,2025-2026
67015330,3 KG-SI-16,67_67399_5136975,8/11/25,,2025-2026
67015197,0K KG-SI-A,67_67399_5136975,8/11/25,,2025-2026
67015197,0K KG-SI-B,67_67399_5136975,8/11/25,,2025-2026
67015232,1 KG-SI-03,67_67399_5136975,8/11/25,,2025-2026
67015232,1 KG-SI-05,67_67399_5136975,8/11/25,,2025-2026
67015259,1 KG-SI-03,67_67399_5136975,8/11/25,,2025-2026
67015259,1 KG-SI-05,67_67399_5136975,8/11/25,,2025-2026
67015638,0495-01,67_67399_5136979,8/11/25,,2025-2026
67015638,0495-02,67_67399_5136979,8/11/25,,2025-2026
67015298,2 KG-SI-15,67_67399_5136975,8/11/25,,2025-2026
67015298,2 KG-SI-18,67_67399_5136975,8/11/25,,2025-2026
67015493,5 KG-SI-26,67_67399_5136975,8/11/25,,2025-2026
67015493,5 KG-SI-27,67_67399_5136975,8/11/25,,2025-2026
67015581,6 KG-SI-29,67_67399_5136975,8/11/25,,2025-2026
67015581,6 KG-SI-31,67_67399_5136975,8/11/25,,2025-2026
67015551,6 KG-SI-29,67_67399_5136975,8/11/25,,2025-2026
67015551,6 KG-SI-31,67_67399_5136975,8/11/25,,2025-2026
67015505,5 KG-SI-26,67_67399_5136975,8/11/25,,2025-2026
67015505,5 KG-SI-27,67_67399_5136975,8/11/25,,2025-2026
67015287,2 KG-SI-15,67_67399_5136975,8/11/25,,2025-2026
67015287,2 KG-SI-18,67_67399_5136975,8/11/25,,2025-2026
67015268,1 KG-SI-03,67_67399_5136975,8/11/25,,2025-2026
67015268,1 KG-SI-05,67_67399_5136975,8/11/25,,2025-2026
67015500,5 KG-SI-26,67_67399_5136975,8/11/25,,2025-2026
67015500,5 KG-SI-27,67_67399_5136975,8/11/25,,2025-2026
67015584,6 KG-SI-29,67_67399_5136975,8/11/25,,2025-2026
67015584,6 KG-SI-31,67_67399_5136975,8/11/25,,2025-2026
67015616,0495-01,67_67399_5136979,8/11/25,,2025-2026
67015616,0495-02,67_67399_5136979,8/11/25,,2025-2026
67015427,4 KG-SI-19,67_67399_5136975,8/11/25,,2025-2026
67015427,4 KG-SI-21,67_67399_5136975,8/11/25,,2025-2026
67015289,2 KG-SI-15,67_67399_5136975,8/11/25,,2025-2026
67015289,2 KG-SI-18,67_67399_5136975,8/11/25,,2025-2026
67015502,5 KG-SI-26,67_67399_5136975,8/11/25,,2025-2026
67015502,5 KG-SI-27,67_67399_5136975,8/11/25,,2025-2026
67015583,6 KG-SI-29,67_67399_5136975,8/11/25,,2025-2026
67015583,6 KG-SI-31,67_67399_5136975,8/11/25,,2025-2026
67015401,3 KG-SI-14,67_67399_5136975,8/11/25,,2025-2026
67015401,3 KG-SI-16,67_67399_5136975,8/11/25,,2025-2026
67015663,0495-01,67_67399_5136979,8/11/25,,2025-2026
67015663,0495-02,67_67399_5136979,8/11/25,,2025-2026
67015621,0495-01,67_67399_5136979,8/11/25,,2025-2026
67015621,0495-02,67_67399_5136979,8/11/25,,2025-2026
67015634,0495-01,67_67399_5136979,8/11/25,,2025-2026
67015634,0495-02,67_67399_5136979,8/11/25,,2025-2026
67015315,2 KG-SI-15,67_67399_5136975,8/11/25,,2025-2026
67015315,2 KG-SI-18,67_67399_5136975,8/11/25,,2025-2026
67015674,0495-01,67_67399_5136979,8/11/25,,2025-2026
67015674,0495-02,67_67399_5136979,8/11/25,,2025-2026
67015296,2 KG-SI-15,67_67399_5136975,8/11/25,,2025-2026
67015296,2 KG-SI-18,67_67399_5136975,8/11/25,,2025-2026
67015194,0K KG-SI-A,67_67399_5136975,8/11/25,,2025-2026
67015194,0K KG-SI-B,67_67399_5136975,8/11/25,,2025-2026
67015558,6 KG-SI-29,67_67399_5136975,8/11/25,,2025-2026
67015558,6 KG-SI-31,67_67399_5136975,8/11/25,,2025-2026
67015364,3 KG-SI-14,67_67399_5136975,8/11/25,,2025-2026
67015364,3 KG-SI-16,67_67399_5136975,8/11/25,,2025-2026
67015203,0K KG-SI-A,67_67399_5136975,8/11/25,,2025-2026
67015203,0K KG-SI-B,67_67399_5136975,8/11/25,,2025-2026
67015490,5 KG-SI-26,67_67399_5136975,8/11/25,,2025-2026
67015490,5 KG-SI-27,67_67399_5136975,8/11/25,,2025-2026
67015234,1 KG-SI-03,67_67399_5136975,8/11/25,,2025-2026
67015234,1 KG-SI-05,67_67399_5136975,8/11/25,,2025-2026
67015636,0495-01,67_67399_5136979,8/11/25,,2025-2026
67015636,0495-02,67_67399_5136979,8/11/25,,2025-2026
67015480,5 KG-SI-26,67_67399_5136975,8/11/25,,2025-2026
67015480,5 KG-SI-27,67_67399_5136975,8/11/25,,2025-2026
67015683,0495-01,67_67399_5136979,8/11/25,,2025-2026
67015683,0495-02,67_67399_5136979,8/11/25,,2025-2026
67015322,2 KG-SI-15,67_67399_5136975,8/11/25,,2025-2026
67015322,2 KG-SI-18,67_67399_5136975,8/11/25,,2025-2026
67015285,2 KG-SI-15,67_67399_5136975,8/11/25,,2025-2026
67015285,2 KG-SI-18,67_67399_5136975,8/11/25,,2025-2026
67015246,1 KG-SI-03,67_67399_5136975,8/11/25,,2025-2026
67015246,1 KG-SI-05,67_67399_5136975,8/11/25,,2025-2026
67015223,1 KG-SI-03,67_67399_5136975,8/11/25,,2025-2026
67015223,1 KG-SI-05,67_67399_5136975,8/11/25,,2025-2026
67015679,0495-01,67_67399_5136979,8/11/25,,2025-2026
67015679,0495-02,67_67399_5136979,8/11/25,,2025-2026
67015219,0K KG-SI-A,67_67399_5136975,8/11/25,,2025-2026
67015219,0K KG-SI-B,67_67399_5136975,8/11/25,,2025-2026
67015465,4 KG-SI-19,67_67399_5136975,8/11/25,,2025-2026
67015465,4 KG-SI-21,67_67399_5136975,8/11/25,,2025-2026
67015524,5 KG-SI-26,67_67399_5136975,8/11/25,,2025-2026
67015524,5 KG-SI-27,67_67399_5136975,8/11/25,,2025-2026
67015432,4 KG-SI-19,67_67399_5136975,8/11/25,,2025-2026
67015432,4 KG-SI-21,67_67399_5136975,8/11/25,,2025-2026
67015282,2 KG-SI-15,67_67399_5136975,8/11/25,,2025-2026
67015282,2 KG-SI-18,67_67399_5136975,8/11/25,,2025-2026
67015227,1 KG-SI-03,67_67399_5136975,8/11/25,,2025-2026
67015227,1 KG-SI-05,67_67399_5136975,8/11/25,,2025-2026
67015676,0495-01,67_67399_5136979,8/11/25,,2025-2026
67015676,0495-02,67_67399_5136979,8/11/25,,2025-2026
67015311,2 KG-SI-15,67_67399_5136975,8/11/25,,2025-2026
67015311,2 KG-SI-18,67_67399_5136975,8/11/25,,2025-2026
67015600,6 KG-SI-29,67_67399_5136975,8/11/25,,2025-2026
67015600,6 KG-SI-31,67_67399_5136975,8/11/25,,2025-2026
67015451,4 KG-SI-19,67_67399_5136975,8/11/25,,2025-2026
67015451,4 KG-SI-21,67_67399_5136975,8/11/25,,2025-2026
67015573,6 KG-SI-29,67_67399_5136975,8/11/25,,2025-2026
67015573,6 KG-SI-31,67_67399_5136975,8/11/25,,2025-2026
67015260,1 KG-SI-03,67_67399_5136975,8/11/25,,2025-2026
67015260,1 KG-SI-05,67_67399_5136975,8/11/25,,2025-2026
67015365,3 KG-SI-14,67_67399_5136975,8/11/25,,2025-2026
67015365,3 KG-SI-16,67_67399_5136975,8/11/25,,2025-2026
67015461,4 KG-SI-19,67_67399_5136975,8/11/25,,2025-2026
67015461,4 KG-SI-21,67_67399_5136975,8/11/25,,2025-2026
67015449,4 KG-SI-19,67_67399_5136975,8/11/25,,2025-2026
67015449,4 KG-SI-21,67_67399_5136975,8/11/25,,2025-2026
67015295,2 KG-SI-15,67_67399_5136975,8/11/25,,2025-2026
67015295,2 KG-SI-18,67_67399_5136975,8/11/25,,2025-2026
67015496,5 KG-SI-26,67_67399_5136975,8/11/25,,2025-2026
67015496,5 KG-SI-27,67_67399_5136975,8/11/25,,2025-2026
67015290,2 KG-SI-15,67_67399_5136975,8/11/25,,2025-2026
67015290,2 KG-SI-18,67_67399_5136975,8/11/25,,2025-2026
67015238,1 KG-SI-03,67_67399_5136975,8/11/25,,2025-2026
67015238,1 KG-SI-05,67_67399_5136975,8/11/25,,2025-2026
67015620,0495-01,67_67399_5136979,8/11/25,,2025-2026
67015620,0495-02,67_67399_5136979,8/11/25,,2025-2026
67015565,6 KG-SI-29,67_67399_5136975,8/11/25,,2025-2026
67015565,6 KG-SI-31,67_67399_5136975,8/11/25,,2025-2026
67015568,6 KG-SI-29,67_67399_5136975,8/11/25,,2025-2026
67015568,6 KG-SI-31,67_67399_5136975,8/11/25,,2025-2026
67015426,4 KG-SI-19,67_67399_5136975,8/11/25,,2025-2026
67015426,4 KG-SI-21,67_67399_5136975,8/11/25,,2025-2026
67015555,6 KG-SI-29,67_67399_5136975,8/11/25,,2025-2026
67015555,6 KG-SI-31,67_67399_5136975,8/11/25,,2025-2026
67015655,0495-01,67_67399_5136979,8/11/25,,2025-2026
67015655,0495-02,67_67399_5136979,8/11/25,,2025-2026
67015338,3 KG-SI-14,67_67399_5136975,8/11/25,,2025-2026
67015338,3 KG-SI-16,67_67399_5136975,8/11/25,,2025-2026
67015386,3 KG-SI-14,67_67399_5136975,8/11/25,,2025-2026
67015386,3 KG-SI-16,67_67399_5136975,8/11/25,,2025-2026
67015661,0495-01,67_67399_5136979,8/11/25,,2025-2026
67015661,0495-02,67_67399_5136979,8/11/25,,2025-2026
67015369,3 KG-SI-14,67_67399_5136975,8/11/25,,2025-2026
67015369,3 KG-SI-16,67_67399_5136975,8/11/25,,2025-2026
67015324,2 KG-SI-15,67_67399_5136975,8/11/25,,2025-2026
67015324,2 KG-SI-18,67_67399_5136975,8/11/25,,2025-2026
67015412,4 KG-SI-19,67_67399_5136975,8/11/25,,2025-2026
67015412,4 KG-SI-21,67_67399_5136975,8/11/25,,2025-2026
67015231,1 KG-SI-03,67_67399_5136975,8/11/25,,2025-2026
67015231,1 KG-SI-05,67_67399_5136975,8/11/25,,2025-2026
67015629,0495-01,67_67399_5136979,8/11/25,,2025-2026
67015629,0495-02,67_67399_5136979,8/11/25,,2025-2026
67015253,1 KG-SI-03,67_67399_5136975,8/11/25,,2025-2026
67015253,1 KG-SI-05,67_67399_5136975,8/11/25,,2025-2026
67015595,6 KG-SI-29,67_67399_5136975,8/11/25,,2025-2026
67015595,6 KG-SI-31,67_67399_5136975,8/11/25,,2025-2026
67015208,0K KG-SI-A,67_67399_5136975,8/11/25,,2025-2026
67015208,0K KG-SI-B,67_67399_5136975,8/11/25,,2025-2026
67015430,4 KG-SI-19,67_67399_5136975,8/11/25,,2025-2026
67015430,4 KG-SI-21,67_67399_5136975,8/11/25,,2025-2026
67015628,0495-01,67_67399_5136979,8/11/25,,2025-2026
67015628,0495-02,67_67399_5136979,8/11/25,,2025-2026
67015339,3 KG-SI-14,67_67399_5136975,8/11/25,,2025-2026
67015339,3 KG-SI-16,67_67399_5136975,8/11/25,,2025-2026
67015554,6 KG-SI-29,67_67399_5136975,8/11/25,,2025-2026
67015554,6 KG-SI-31,67_67399_5136975,8/11/25,,2025-2026
67015337,3 KG-SI-14,67_67399_5136975,8/11/25,,2025-2026
67015337,3 KG-SI-16,67_67399_5136975,8/11/25,,2025-2026
67015417,4 KG-SI-19,67_67399_5136975,8/11/25,,2025-2026
67015417,4 KG-SI-21,67_67399_5136975,8/11/25,,2025-2026
67015242,1 KG-SI-03,67_67399_5136975,8/11/25,,2025-2026
67015242,1 KG-SI-05,67_67399_5136975,8/11/25,,2025-2026
67015549,6 KG-SI-29,67_67399_5136975,8/11/25,,2025-2026
67015549,6 KG-SI-31,67_67399_5136975,8/11/25,,2025-2026
67015300,2 KG-SI-15,67_67399_5136975,8/11/25,,2025-2026
67015300,2 KG-SI-18,67_67399_5136975,8/11/25,,2025-2026
67015288,2 KG-SI-15,67_67399_5136975,8/11/25,,2025-2026
67015288,2 KG-SI-18,67_67399_5136975,8/11/25,,2025-2026
67015200,0K KG-SI-A,67_67399_5136975,8/11/25,,2025-2026
67015200,0K KG-SI-B,67_67399_5136975,8/11/25,,2025-2026
67015646,0495-01,67_67399_5136979,8/11/25,,2025-2026
67015646,0495-02,67_67399_5136979,8/11/25,,2025-2026
67015559,6 KG-SI-29,67_67399_5136975,8/11/25,,2025-2026
67015559,6 KG-SI-31,67_67399_5136975,8/11/25,,2025-2026
67015606,6 KG-SI-29,67_67399_5136975,8/11/25,,2025-2026
67015606,6 KG-SI-31,67_67399_5136975,8/11/25,,2025-2026
67015316,2 KG-SI-15,67_67399_5136975,8/11/25,,2025-2026
67015316,2 KG-SI-18,67_67399_5136975,8/11/25,,2025-2026
67015357,3 KG-SI-14,67_67399_5136975,8/11/25,,2025-2026
67015357,3 KG-SI-16,67_67399_5136975,8/11/25,,2025-2026
67015475,5 KG-SI-26,67_67399_5136975,8/11/25,,2025-2026
67015475,5 KG-SI-27,67_67399_5136975,8/11/25,,2025-2026
67015267,1 KG-SI-03,67_67399_5136975,8/11/25,,2025-2026
67015267,1 KG-SI-05,67_67399_5136975,8/11/25,,2025-2026
67015383,3 KG-SI-14,67_67399_5136975,8/11/25,,2025-2026
67015383,3 KG-SI-16,67_67399_5136975,8/11/25,,2025-2026
67015245,1 KG-SI-03,67_67399_5136975,8/11/25,,2025-2026
67015245,1 KG-SI-05,67_67399_5136975,8/11/25,,2025-2026
67015341,3 KG-SI-14,67_67399_5136975,8/11/25,,2025-2026
67015341,3 KG-SI-16,67_67399_5136975,8/11/25,,2025-2026
67015494,5 KG-SI-26,67_67399_5136975,8/11/25,,2025-2026
67015494,5 KG-SI-27,67_67399_5136975,8/11/25,,2025-2026
67015607,6 KG-SI-29,67_67399_5136975,8/11/25,,2025-2026
67015607,6 KG-SI-31,67_67399_5136975,8/11/25,,2025-2026
67015623,0495-01,67_67399_5136979,8/11/25,,2025-2026
67015623,0495-02,67_67399_5136979,8/11/25,,2025-2026
67015552,6 KG-SI-29,67_67399_5136975,8/11/25,,2025-2026
67015552,6 KG-SI-31,67_67399_5136975,8/11/25,,2025-2026
67015211,0K KG-SI-A,67_67399_5136975,8/11/25,,2025-2026
67015211,0K KG-SI-B,67_67399_5136975,8/11/25,,2025-2026
67015309,2 KG-SI-15,67_67399_5136975,8/11/25,,2025-2026
67015309,2 KG-SI-18,67_67399_5136975,8/11/25,,2025-2026
67015575,6 KG-SI-29,67_67399_5136975,8/11/25,,2025-2026
67015575,6 KG-SI-31,67_67399_5136975,8/11/25,,2025-2026
67015615,6 KG-SI-29,67_67399_5136975,8/11/25,,2025-2026
67015615,6 KG-SI-31,67_67399_5136975,8/11/25,,2025-2026
67015647,0495-01,67_67399_5136979,8/11/25,,2025-2026
67015647,0495-02,67_67399_5136979,8/11/25,,2025-2026
67015599,6 KG-SI-29,67_67399_5136975,8/11/25,,2025-2026
67015599,6 KG-SI-31,67_67399_5136975,8/11/25,,2025-2026
67015622,0495-01,67_67399_5136979,8/11/25,,2025-2026
67015622,0495-02,67_67399_5136979,8/11/25,,2025-2026
67015639,0495-01,67_67399_5136979,8/11/25,,2025-2026
67015639,0495-02,67_67399_5136979,8/11/25,,2025-2026
67015313,2 KG-SI-15,67_67399_5136975,8/11/25,,2025-2026
67015313,2 KG-SI-18,67_67399_5136975,8/11/25,,2025-2026
67015317,2 KG-SI-15,67_67399_5136975,8/11/25,,2025-2026
67015317,2 KG-SI-18,67_67399_5136975,8/11/25,,2025-2026
67015587,6 KG-SI-29,67_67399_5136975,8/11/25,,2025-2026
67015587,6 KG-SI-31,67_67399_5136975,8/11/25,,2025-2026
67015447,4 KG-SI-19,67_67399_5136975,8/11/25,,2025-2026
67015447,4 KG-SI-21,67_67399_5136975,8/11/25,,2025-2026
67015671,0495-01,67_67399_5136979,8/11/25,,2025-2026
67015671,0495-02,67_67399_5136979,8/11/25,,2025-2026
67015631,0495-01,67_67399_5136979,8/11/25,,2025-2026
67015631,0495-02,67_67399_5136979,8/11/25,,2025-2026
67015574,6 KG-SI-29,67_67399_5136975,8/11/25,,2025-2026
67015574,6 KG-SI-31,67_67399_5136975,8/11/25,,2025-2026
67015531,5 KG-SI-26,67_67399_5136975,8/11/25,,2025-2026
67015531,5 KG-SI-27,67_67399_5136975,8/11/25,,2025-2026
67015605,6 KG-SI-29,67_67399_5136975,8/11/25,,2025-2026
67015605,6 KG-SI-31,67_67399_5136975,8/11/25,,2025-2026
67015610,6 KG-SI-29,67_67399_5136975,8/11/25,,2025-2026
67015610,6 KG-SI-31,67_67399_5136975,8/11/25,,2025-2026
67015677,0495-01,67_67399_5136979,8/11/25,,2025-2026
67015677,0495-02,67_67399_5136979,8/11/25,,2025-2026
67015318,2 KG-SI-15,67_67399_5136975,8/11/25,,2025-2026
67015318,2 KG-SI-18,67_67399_5136975,8/11/25,,2025-2026
67015547,6 KG-SI-29,67_67399_5136975,8/11/25,,2025-2026
67015547,6 KG-SI-31,67_67399_5136975,8/11/25,,2025-2026
67015220,1 KG-SI-03,67_67399_5136975,8/11/25,,2025-2026
67015220,1 KG-SI-05,67_67399_5136975,8/11/25,,2025-2026
67015425,4 KG-SI-19,67_67399_5136975,8/11/25,,2025-2026
67015425,4 KG-SI-21,67_67399_5136975,8/11/25,,2025-2026
67015398,3 KG-SI-14,67_67399_5136975,8/11/25,,2025-2026
67015398,3 KG-SI-16,67_67399_5136975,8/11/25,,2025-2026
67015627,0495-01,67_67399_5136979,8/11/25,,2025-2026
67015627,0495-02,67_67399_5136979,8/11/25,,2025-2026
67015591,6 KG-SI-29,67_67399_5136975,8/11/25,,2025-2026
67015591,6 KG-SI-31,67_67399_5136975,8/11/25,,2025-2026
67015624,0495-01,67_67399_5136979,8/11/25,,2025-2026
67015624,0495-02,67_67399_5136979,8/11/25,,2025-2026
67015478,5 KG-SI-26,67_67399_5136975,8/11/25,,2025-2026
67015478,5 KG-SI-27,67_67399_5136975,8/11/25,,2025-2026
67015619,0495-01,67_67399_5136979,8/11/25,,2025-2026
67015619,0495-02,67_67399_5136979,8/11/25,,2025-2026
67015277,2 KG-SI-15,67_67399_5136975,8/11/25,,2025-2026
67015277,2 KG-SI-18,67_67399_5136975,8/11/25,,2025-2026
67015276,1 KG-SI-03,67_67399_5136975,8/11/25,,2025-2026
67015276,1 KG-SI-05,67_67399_5136975,8/11/25,,2025-2026
67015648,0495-01,67_67399_5136979,8/11/25,,2025-2026
67015648,0495-02,67_67399_5136979,8/11/25,,2025-2026
67015477,5 KG-SI-26,67_67399_5136975,8/11/25,,2025-2026
67015477,5 KG-SI-27,67_67399_5136975,8/11/25,,2025-2026
67015455,4 KG-SI-19,67_67399_5136975,8/11/25,,2025-2026
67015455,4 KG-SI-21,67_67399_5136975,8/11/25,,2025-2026
67015293,2 KG-SI-15,67_67399_5136975,8/11/25,,2025-2026
67015293,2 KG-SI-18,67_67399_5136975,8/11/25,,2025-2026
67015466,4 KG-SI-19,67_67399_5136975,8/11/25,,2025-2026
67015466,4 KG-SI-21,67_67399_5136975,8/11/25,,2025-2026
67015482,5 KG-SI-26,67_67399_5136975,8/11/25,,2025-2026
67015482,5 KG-SI-27,67_67399_5136975,8/11/25,,2025-2026
67015273,1 KG-SI-03,67_67399_5136975,8/11/25,,2025-2026
67015273,1 KG-SI-05,67_67399_5136975,8/11/25,,2025-2026
67015263,1 KG-SI-03,67_67399_5136975,8/11/25,,2025-2026
67015263,1 KG-SI-05,67_67399_5136975,8/11/25,,2025-2026
67015301,2 KG-SI-15,67_67399_5136975,8/11/25,,2025-2026
67015301,2 KG-SI-18,67_67399_5136975,8/11/25,,2025-2026
67015297,2 KG-SI-15,67_67399_5136975,8/11/25,,2025-2026
67015297,2 KG-SI-18,67_67399_5136975,8/11/25,,2025-2026
67015304,2 KG-SI-15,67_67399_5136975,8/11/25,,2025-2026
67015304,2 KG-SI-18,67_67399_5136975,8/11/25,,2025-2026
67015418,4 KG-SI-19,67_67399_5136975,8/11/25,,2025-2026
67015418,4 KG-SI-21,67_67399_5136975,8/11/25,,2025-2026
67015594,6 KG-SI-29,67_67399_5136975,8/11/25,,2025-2026
67015594,6 KG-SI-31,67_67399_5136975,8/11/25,,2025-2026
67015569,6 KG-SI-29,67_67399_5136975,8/11/25,,2025-2026
67015569,6 KG-SI-31,67_67399_5136975,8/11/25,,2025-2026
67015489,5 KG-SI-26,67_67399_5136975,8/11/25,,2025-2026
67015489,5 KG-SI-27,67_67399_5136975,8/11/25,,2025-2026
67015479,5 KG-SI-26,67_67399_5136975,8/11/25,,2025-2026
67015479,5 KG-SI-27,67_67399_5136975,8/11/25,,2025-2026
67015604,6 KG-SI-29,67_67399_5136975,8/11/25,,2025-2026
67015604,6 KG-SI-31,67_67399_5136975,8/11/25,,2025-2026
67015272,1 KG-SI-03,67_67399_5136975,8/11/25,,2025-2026
67015272,1 KG-SI-05,67_67399_5136975,8/11/25,,2025-2026
67015503,5 KG-SI-26,67_67399_5136975,8/11/25,,2025-2026
67015503,5 KG-SI-27,67_67399_5136975,8/11/25,,2025-2026
67015446,4 KG-SI-19,67_67399_5136975,8/11/25,,2025-2026
67015446,4 KG-SI-21,67_67399_5136975,8/11/25,,2025-2026
67015548,6 KG-SI-29,67_67399_5136975,8/11/25,,2025-2026
67015548,6 KG-SI-31,67_67399_5136975,8/11/25,,2025-2026
67015348,3 KG-SI-14,67_67399_5136975,8/11/25,,2025-2026
67015348,3 KG-SI-16,67_67399_5136975,8/11/25,,2025-2026
67015681,0495-01,67_67399_5136979,8/11/25,,2025-2026
67015681,0495-02,67_67399_5136979,8/11/25,,2025-2026
67015323,2 KG-SI-15,67_67399_5136975,8/11/25,,2025-2026
67015323,2 KG-SI-18,67_67399_5136975,8/11/25,,2025-2026
67015641,0495-01,67_67399_5136979,8/11/25,,2025-2026
67015641,0495-02,67_67399_5136979,8/11/25,,2025-2026
67015603,6 KG-SI-29,67_67399_5136975,8/11/25,,2025-2026
67015603,6 KG-SI-31,67_67399_5136975,8/11/25,,2025-2026
67015684,0495-01,67_67399_5136979,8/11/25,,2025-2026
67015684,0495-02,67_67399_5136979,8/11/25,,2025-2026
67015307,2 KG-SI-15,67_67399_5136975,8/11/25,,2025-2026
67015307,2 KG-SI-18,67_67399_5136975,8/11/25,,2025-2026
67015358,3 KG-SI-14,67_67399_5136975,8/11/25,,2025-2026
67015358,3 KG-SI-16,67_67399_5136975,8/11/25,,2025-2026
67015368,3 KG-SI-14,67_67399_5136975,8/11/25,,2025-2026
67015368,3 KG-SI-16,67_67399_5136975,8/11/25,,2025-2026
67015319,2 KG-SI-15,67_67399_5136975,8/11/25,,2025-2026
67015319,2 KG-SI-18,67_67399_5136975,8/11/25,,2025-2026
67015225,1 KG-SI-03,67_67399_5136975,8/11/25,,2025-2026
67015225,1 KG-SI-05,67_67399_5136975,8/11/25,,2025-2026
67015459,4 KG-SI-19,67_67399_5136975,8/11/25,,2025-2026
67015459,4 KG-SI-21,67_67399_5136975,8/11/25,,2025-2026
67015216,0K KG-SI-A,67_67399_5136975,8/11/25,,2025-2026
67015216,0K KG-SI-B,67_67399_5136975,8/11/25,,2025-2026
67015264,1 KG-SI-03,67_67399_5136975,8/11/25,,2025-2026
67015264,1 KG-SI-05,67_67399_5136975,8/11/25,,2025-2026
67015381,3 KG-SI-14,67_67399_5136975,8/11/25,,2025-2026
67015381,3 KG-SI-16,67_67399_5136975,8/11/25,,2025-2026
67015286,2 KG-SI-15,67_67399_5136975,8/11/25,,2025-2026
67015286,2 KG-SI-18,67_67399_5136975,8/11/25,,2025-2026
67015614,6 KG-SI-29,67_67399_5136975,8/11/25,,2025-2026
67015614,6 KG-SI-31,67_67399_5136975,8/11/25,,2025-2026
67015593,6 KG-SI-29,67_67399_5136975,8/11/25,,2025-2026
67015593,6 KG-SI-31,67_67399_5136975,8/11/25,,2025-2026
67015244,1 KG-SI-03,67_67399_5136975,8/11/25,,2025-2026
67015244,1 KG-SI-05,67_67399_5136975,8/11/25,,2025-2026
67015460,4 KG-SI-19,67_67399_5136975,8/11/25,,2025-2026
67015460,4 KG-SI-21,67_67399_5136975,8/11/25,,2025-2026
67015689,0495-01,67_67399_5136979,8/11/25,,2025-2026
67015689,0495-02,67_67399_5136979,8/11/25,,2025-2026
67015497,5 KG-SI-26,67_67399_5136975,8/11/25,,2025-2026
67015497,5 KG-SI-27,67_67399_5136975,8/11/25,,2025-2026
67015650,0495-01,67_67399_5136979,8/11/25,,2025-2026
67015650,0495-02,67_67399_5136979,8/11/25,,2025-2026
67015230,1 KG-SI-03,67_67399_5136975,8/11/25,,2025-2026
67015230,1 KG-SI-05,67_67399_5136975,8/11/25,,2025-2026
67015654,0495-01,67_67399_5136979,8/11/25,,2025-2026
67015654,0495-02,67_67399_5136979,8/11/25,,2025-2026
67015239,1 KG-SI-03,67_67399_5136975,8/11/25,,2025-2026
67015239,1 KG-SI-05,67_67399_5136975,8/11/25,,2025-2026
67015469,4 KG-SI-19,67_67399_5136975,8/11/25,,2025-2026
67015469,4 KG-SI-21,67_67399_5136975,8/11/25,,2025-2026
67015534,5 KG-SI-26,67_67399_5136975,8/11/25,,2025-2026
67015534,5 KG-SI-27,67_67399_5136975,8/11/25,,2025-2026
67015522,5 KG-SI-26,67_67399_5136975,8/11/25,,2025-2026
67015522,5 KG-SI-27,67_67399_5136975,8/11/25,,2025-2026
67015210,0K KG-SI-A,67_67399_5136975,8/11/25,,2025-2026
67015210,0K KG-SI-B,67_67399_5136975,8/11/25,,2025-2026
67015224,1 KG-SI-03,67_67399_5136975,8/11/25,,2025-2026
67015224,1 KG-SI-05,67_67399_5136975,8/11/25,,2025-2026
67015270,1 KG-SI-03,67_67399_5136975,8/11/25,,2025-2026
67015270,1 KG-SI-05,67_67399_5136975,8/11/25,,2025-2026
67015576,6 KG-SI-29,67_67399_5136975,8/11/25,,2025-2026
67015576,6 KG-SI-31,67_67399_5136975,8/11/25,,2025-2026
67015240,1 KG-SI-03,67_67399_5136975,8/11/25,,2025-2026
67015240,1 KG-SI-05,67_67399_5136975,8/11/25,,2025-2026
67015433,4 KG-SI-19,67_67399_5136975,8/11/25,,2025-2026
67015433,4 KG-SI-21,67_67399_5136975,8/11/25,,2025-2026
67015377,3 KG-SI-14,67_67399_5136975,8/11/25,,2025-2026
67015377,3 KG-SI-16,67_67399_5136975,8/11/25,,2025-2026
67015670,0495-01,67_67399_5136979,8/11/25,,2025-2026
67015670,0495-02,67_67399_5136979,8/11/25,,2025-2026
67015431,4 KG-SI-19,67_67399_5136975,8/11/25,,2025-2026
67015431,4 KG-SI-21,67_67399_5136975,8/11/25,,2025-2026
67015284,2 KG-SI-15,67_67399_5136975,8/11/25,,2025-2026
67015284,2 KG-SI-18,67_67399_5136975,8/11/25,,2025-2026
67015577,6 KG-SI-29,67_67399_5136975,8/11/25,,2025-2026
67015577,6 KG-SI-31,67_67399_5136975,8/11/25,,2025-2026
67015271,1 KG-SI-03,67_67399_5136975,8/11/25,,2025-2026
67015271,1 KG-SI-05,67_67399_5136975,8/11/25,,2025-2026
67015470,5 KG-SI-26,67_67399_5136975,8/11/25,,2025-2026
67015470,5 KG-SI-27,67_67399_5136975,8/11/25,,2025-2026
67015508,5 KG-SI-26,67_67399_5136975,8/11/25,,2025-2026
67015508,5 KG-SI-27,67_67399_5136975,8/11/25,,2025-2026
67015199,0K KG-SI-A,67_67399_5136975,8/11/25,,2025-2026
67015199,0K KG-SI-B,67_67399_5136975,8/11/25,,2025-2026
67015609,6 KG-SI-29,67_67399_5136975,8/11/25,,2025-2026
67015609,6 KG-SI-31,67_67399_5136975,8/11/25,,2025-2026
67015404,4 KG-SI-19,67_67399_5136975,8/11/25,,2025-2026
67015404,4 KG-SI-21,67_67399_5136975,8/11/25,,2025-2026
67015472,5 KG-SI-26,67_67399_5136975,8/11/25,,2025-2026
67015472,5 KG-SI-27,67_67399_5136975,8/11/25,,2025-2026
67015262,1 KG-SI-03,67_67399_5136975,8/11/25,,2025-2026
67015262,1 KG-SI-05,67_67399_5136975,8/11/25,,2025-2026
67015299,2 KG-SI-15,67_67399_5136975,8/11/25,,2025-2026
67015299,2 KG-SI-18,67_67399_5136975,8/11/25,,2025-2026
67015464,4 KG-SI-19,67_67399_5136975,8/11/25,,2025-2026
67015464,4 KG-SI-21,67_67399_5136975,8/11/25,,2025-2026
67015390,3 KG-SI-14,67_67399_5136975,8/11/25,,2025-2026
67015390,3 KG-SI-16,67_67399_5136975,8/11/25,,2025-2026
67015499,5 KG-SI-26,67_67399_5136975,8/11/25,,2025-2026
67015499,5 KG-SI-27,67_67399_5136975,8/11/25,,2025-2026
67015440,4 KG-SI-19,67_67399_5136975,8/11/25,,2025-2026
67015440,4 KG-SI-21,67_67399_5136975,8/11/25,,2025-2026
67015236,1 KG-SI-03,67_67399_5136975,8/11/25,,2025-2026
67015236,1 KG-SI-05,67_67399_5136975,8/11/25,,2025-2026
67015328,3 KG-SI-14,67_67399_5136975,8/11/25,,2025-2026
67015328,3 KG-SI-16,67_67399_5136975,8/11/25,,2025-2026
67015542,6 KG-SI-29,67_67399_5136975,8/11/25,,2025-2026
67015542,6 KG-SI-31,67_67399_5136975,8/11/25,,2025-2026
67015420,4 KG-SI-19,67_67399_5136975,8/11/25,,2025-2026
67015420,4 KG-SI-21,67_67399_5136975,8/11/25,,2025-2026
67015406,4 KG-SI-19,67_67399_5136975,8/11/25,,2025-2026
67015406,4 KG-SI-21,67_67399_5136975,8/11/25,,2025-2026
67015275,1 KG-SI-03,67_67399_5136975,8/11/25,,2025-2026
67015275,1 KG-SI-05,67_67399_5136975,8/11/25,,2025-2026
67015405,4 KG-SI-19,67_67399_5136975,8/11/25,,2025-2026
67015405,4 KG-SI-21,67_67399_5136975,8/11/25,,2025-2026
67015601,6 KG-SI-29,67_67399_5136975,8/11/25,,2025-2026
67015601,6 KG-SI-31,67_67399_5136975,8/11/25,,2025-2026
67015458,4 KG-SI-19,67_67399_5136975,8/11/25,,2025-2026
67015458,4 KG-SI-21,67_67399_5136975,8/11/25,,2025-2026
67015214,0K KG-SI-A,67_67399_5136975,8/11/25,,2025-2026
67015214,0K KG-SI-B,67_67399_5136975,8/11/25,,2025-2026
67015659,0495-01,67_67399_5136979,8/11/25,,2025-2026
67015659,0495-02,67_67399_5136979,8/11/25,,2025-2026
67015588,6 KG-SI-29,67_67399_5136975,8/11/25,,2025-2026
67015588,6 KG-SI-31,67_67399_5136975,8/11/25,,2025-2026
67015389,3 KG-SI-14,67_67399_5136975,8/11/25,,2025-2026
67015389,3 KG-SI-16,67_67399_5136975,8/11/25,,2025-2026
67015483,5 KG-SI-26,67_67399_5136975,8/11/25,,2025-2026
67015483,5 KG-SI-27,67_67399_5136975,8/11/25,,2025-2026
67015640,0495-01,67_67399_5136979,8/11/25,,2025-2026
67015640,0495-02,67_67399_5136979,8/11/25,,2025-2026
67015653,0495-01,67_67399_5136979,8/11/25,,2025-2026
67015653,0495-02,67_67399_5136979,8/11/25,,2025-2026
67015247,1 KG-SI-03,67_67399_5136975,8/11/25,,2025-2026
67015247,1 KG-SI-05,67_67399_5136975,8/11/25,,2025-2026
67015660,0495-01,67_67399_5136979,8/11/25,,2025-2026
67015660,0495-02,67_67399_5136979,8/11/25,,2025-2026
67015658,0495-01,67_67399_5136979,8/11/25,,2025-2026
67015658,0495-02,67_67399_5136979,8/11/25,,2025-2026
67015353,3 KG-SI-14,67_67399_5136975,8/11/25,,2025-2026
67015353,3 KG-SI-16,67_67399_5136975,8/11/25,,2025-2026
67015441,4 KG-SI-19,67_67399_5136975,8/11/25,,2025-2026
67015441,4 KG-SI-21,67_67399_5136975,8/11/25,,2025-2026
67015541,5 KG-SI-26,67_67399_5136975,8/11/25,,2025-2026
67015541,5 KG-SI-27,67_67399_5136975,8/11/25,,2025-2026
67015399,3 KG-SI-14,67_67399_5136975,8/11/25,,2025-2026
67015399,3 KG-SI-16,67_67399_5136975,8/11/25,,2025-2026
67015566,6 KG-SI-29,67_67399_5136975,8/11/25,,2025-2026
67015566,6 KG-SI-31,67_67399_5136975,8/11/25,,2025-2026
67015688,0495-01,67_67399_5136979,8/11/25,,2025-2026
67015688,0495-02,67_67399_5136979,8/11/25,,2025-2026
67015521,5 KG-SI-26,67_67399_5136975,8/11/25,,2025-2026
67015521,5 KG-SI-27,67_67399_5136975,8/11/25,,2025-2026
67015484,5 KG-SI-26,67_67399_5136975,8/11/25,,2025-2026
67015484,5 KG-SI-27,67_67399_5136975,8/11/25,,2025-2026
67015450,4 KG-SI-19,67_67399_5136975,8/11/25,,2025-2026
67015450,4 KG-SI-21,67_67399_5136975,8/11/25,,2025-2026
67015207,0K KG-SI-A,67_67399_5136975,8/11/25,,2025-2026
67015207,0K KG-SI-B,67_67399_5136975,8/11/25,,2025-2026
67015274,1 KG-SI-03,67_67399_5136975,8/11/25,,2025-2026
67015274,1 KG-SI-05,67_67399_5136975,8/11/25,,2025-2026
67015416,4 KG-SI-19,67_67399_5136975,8/11/25,,2025-2026
67015416,4 KG-SI-21,67_67399_5136975,8/11/25,,2025-2026
67015402,3 KG-SI-14,67_67399_5136975,8/11/25,,2025-2026
67015402,3 KG-SI-16,67_67399_5136975,8/11/25,,2025-2026
67015560,6 KG-SI-29,67_67399_5136975,8/11/25,,2025-2026
67015560,6 KG-SI-31,67_67399_5136975,8/11/25,,2025-2026
67015578,6 KG-SI-29,67_67399_5136975,8/11/25,,2025-2026
67015578,6 KG-SI-31,67_67399_5136975,8/11/25,,2025-2026
67015212,0K KG-SI-A,67_67399_5136975,8/11/25,,2025-2026
67015212,0K KG-SI-B,67_67399_5136975,8/11/25,,2025-2026
67015279,2 KG-SI-15,67_67399_5136975,8/11/25,,2025-2026
67015279,2 KG-SI-18,67_67399_5136975,8/11/25,,2025-2026
67015327,3 KG-SI-14,67_67399_5136975,8/11/25,,2025-2026
67015327,3 KG-SI-16,67_67399_5136975,8/11/25,,2025-2026
67015415,4 KG-SI-19,67_67399_5136975,8/11/25,,2025-2026
67015415,4 KG-SI-21,67_67399_5136975,8/11/25,,2025-2026
67015439,4 KG-SI-19,67_67399_5136975,8/11/25,,2025-2026
67015439,4 KG-SI-21,67_67399_5136975,8/11/25,,2025-2026
67015438,4 KG-SI-19,67_67399_5136975,8/11/25,,2025-2026
67015438,4 KG-SI-21,67_67399_5136975,8/11/25,,2025-2026
67015667,0495-01,67_67399_5136979,8/11/25,,2025-2026
67015667,0495-02,67_67399_5136979,8/11/25,,2025-2026
67015310,2 KG-SI-15,67_67399_5136975,8/11/25,,2025-2026
67015310,2 KG-SI-18,67_67399_5136975,8/11/25,,2025-2026
67015204,0K KG-SI-A,67_67399_5136975,8/11/25,,2025-2026
67015204,0K KG-SI-B,67_67399_5136975,8/11/25,,2025-2026
67015513,5 KG-SI-26,67_67399_5136975,8/11/25,,2025-2026
67015513,5 KG-SI-27,67_67399_5136975,8/11/25,,2025-2026
67015444,4 KG-SI-19,67_67399_5136975,8/11/25,,2025-2026
67015444,4 KG-SI-21,67_67399_5136975,8/11/25,,2025-2026
67015642,0495-01,67_67399_5136979,8/11/25,,2025-2026
67015642,0495-02,67_67399_5136979,8/11/25,,2025-2026
67015283,2 KG-SI-15,67_67399_5136975,8/11/25,,2025-2026
67015283,2 KG-SI-18,67_67399_5136975,8/11/25,,2025-2026
67015602,6 KG-SI-29,67_67399_5136975,8/11/25,,2025-2026
67015602,6 KG-SI-31,67_67399_5136975,8/11/25,,2025-2026
67015437,4 KG-SI-19,67_67399_5136975,8/11/25,,2025-2026
67015437,4 KG-SI-21,67_67399_5136975,8/11/25,,2025-2026
67015345,3 KG-SI-14,67_67399_5136975,8/11/25,,2025-2026
67015345,3 KG-SI-16,67_67399_5136975,8/11/25,,2025-2026
67015243,1 KG-SI-03,67_67399_5136975,8/11/25,,2025-2026
67015243,1 KG-SI-05,67_67399_5136975,8/11/25,,2025-2026
67015371,3 KG-SI-14,67_67399_5136975,8/11/25,,2025-2026
67015371,3 KG-SI-16,67_67399_5136975,8/11/25,,2025-2026
67015570,6 KG-SI-29,67_67399_5136975,8/11/25,,2025-2026
67015570,6 KG-SI-31,67_67399_5136975,8/11/25,,2025-2026
67015373,3 KG-SI-14,67_67399_5136975,8/11/25,,2025-2026
67015373,3 KG-SI-16,67_67399_5136975,8/11/25,,2025-2026
67015409,4 KG-SI-19,67_67399_5136975,8/11/25,,2025-2026
67015409,4 KG-SI-21,67_67399_5136975,8/11/25,,2025-2026
67015413,4 KG-SI-19,67_67399_5136975,8/11/25,,2025-2026
67015413,4 KG-SI-21,67_67399_5136975,8/11/25,,2025-2026
67015385,3 KG-SI-14,67_67399_5136975,8/11/25,,2025-2026
67015385,3 KG-SI-16,67_67399_5136975,8/11/25,,2025-2026
67015463,4 KG-SI-19,67_67399_5136975,8/11/25,,2025-2026
67015463,4 KG-SI-21,67_67399_5136975,8/11/25,,2025-2026
67015248,1 KG-SI-03,67_67399_5136975,8/11/25,,2025-2026
67015248,1 KG-SI-05,67_67399_5136975,8/11/25,,2025-2026
67015673,0495-01,67_67399_5136979,8/11/25,,2025-2026
67015673,0495-02,67_67399_5136979,8/11/25,,2025-2026
67015523,5 KG-SI-26,67_67399_5136975,8/11/25,,2025-2026
67015523,5 KG-SI-27,67_67399_5136975,8/11/25,,2025-2026
67015556,6 KG-SI-29,67_67399_5136975,8/11/25,,2025-2026
67015556,6 KG-SI-31,67_67399_5136975,8/11/25,,2025-2026
67015343,3 KG-SI-14,67_67399_5136975,8/11/25,,2025-2026
67015343,3 KG-SI-16,67_67399_5136975,8/11/25,,2025-2026
67015359,3 KG-SI-14,67_67399_5136975,8/11/25,,2025-2026
67015359,3 KG-SI-16,67_67399_5136975,8/11/25,,2025-2026
67015530,5 KG-SI-26,67_67399_5136975,8/11/25,,2025-2026
67015530,5 KG-SI-27,67_67399_5136975,8/11/25,,2025-2026
67015349,3 KG-SI-14,67_67399_5136975,8/11/25,,2025-2026
67015349,3 KG-SI-16,67_67399_5136975,8/11/25,,2025-2026
67015217,0K KG-SI-A,67_67399_5136975,8/11/25,,2025-2026
67015217,0K KG-SI-B,67_67399_5136975,8/11/25,,2025-2026
67015454,4 KG-SI-19,67_67399_5136975,8/11/25,,2025-2026
67015454,4 KG-SI-21,67_67399_5136975,8/11/25,,2025-2026
67015379,3 KG-SI-14,67_67399_5136975,8/11/25,,2025-2026
67015379,3 KG-SI-16,67_67399_5136975,8/11/25,,2025-2026
67015687,0495-01,67_67399_5136979,8/11/25,,2025-2026
67015687,0495-02,67_67399_5136979,8/11/25,,2025-2026
67015442,4 KG-SI-19,67_67399_5136975,8/11/25,,2025-2026
67015442,4 KG-SI-21,67_67399_5136975,8/11/25,,2025-2026
67015321,2 KG-SI-15,67_67399_5136975,8/11/25,,2025-2026
67015321,2 KG-SI-18,67_67399_5136975,8/11/25,,2025-2026
67015350,3 KG-SI-14,67_67399_5136975,8/11/25,,2025-2026
67015350,3 KG-SI-16,67_67399_5136975,8/11/25,,2025-2026
67015538,5 KG-SI-26,67_67399_5136975,8/11/25,,2025-2026
67015538,5 KG-SI-27,67_67399_5136975,8/11/25,,2025-2026
67015611,6 KG-SI-29,67_67399_5136975,8/11/25,,2025-2026
67015611,6 KG-SI-31,67_67399_5136975,8/11/25,,2025-2026
67015375,3 KG-SI-14,67_67399_5136975,8/11/25,,2025-2026
67015375,3 KG-SI-16,67_67399_5136975,8/11/25,,2025-2026
67015331,3 KG-SI-14,67_67399_5136975,8/11/25,,2025-2026
67015331,3 KG-SI-16,67_67399_5136975,8/11/25,,2025-2026
67015492,5 KG-SI-26,67_67399_5136975,8/11/25,,2025-2026
67015492,5 KG-SI-27,67_67399_5136975,8/11/25,,2025-2026
67015669,0495-01,67_67399_5136979,8/11/25,,2025-2026
67015669,0495-02,67_67399_5136979,8/11/25,,2025-2026
67015652,0495-01,67_67399_5136979,8/11/25,,2025-2026
67015652,0495-02,67_67399_5136979,8/11/25,,2025-2026
67015567,6 KG-SI-29,67_67399_5136975,8/11/25,,2025-2026
67015567,6 KG-SI-31,67_67399_5136975,8/11/25,,2025-2026
67015410,4 KG-SI-19,67_67399_5136975,8/11/25,,2025-2026
67015410,4 KG-SI-21,67_67399_5136975,8/11/25,,2025-2026
67015396,3 KG-SI-14,67_67399_5136975,8/11/25,,2025-2026
67015396,3 KG-SI-16,67_67399_5136975,8/11/25,,2025-2026
67015360,3 KG-SI-14,67_67399_5136975,8/11/25,,2025-2026
67015360,3 KG-SI-16,67_67399_5136975,8/11/25,,2025-2026
67015256,1 KG-SI-03,67_67399_5136975,8/11/25,,2025-2026
67015256,1 KG-SI-05,67_67399_5136975,8/11/25,,2025-2026
67015510,5 KG-SI-26,67_67399_5136975,8/11/25,,2025-2026
67015510,5 KG-SI-27,67_67399_5136975,8/11/25,,2025-2026
67015407,4 KG-SI-19,67_67399_5136975,8/11/25,,2025-2026
67015407,4 KG-SI-21,67_67399_5136975,8/11/25,,2025-2026
67015445,4 KG-SI-19,67_67399_5136975,8/11/25,,2025-2026
67015445,4 KG-SI-21,67_67399_5136975,8/11/25,,2025-2026
67015376,3 KG-SI-14,67_67399_5136975,8/11/25,,2025-2026
67015376,3 KG-SI-16,67_67399_5136975,8/11/25,,2025-2026
67015543,6 KG-SI-29,67_67399_5136975,8/11/25,,2025-2026
67015543,6 KG-SI-31,67_67399_5136975,8/11/25,,2025-2026
67015423,4 KG-SI-19,67_67399_5136975,8/11/25,,2025-2026
67015423,4 KG-SI-21,67_67399_5136975,8/11/25,,2025-2026
67015378,3 KG-SI-14,67_67399_5136975,8/11/25,,2025-2026
67015378,3 KG-SI-16,67_67399_5136975,8/11/25,,2025-2026
67015487,5 KG-SI-26,67_67399_5136975,8/11/25,,2025-2026
67015487,5 KG-SI-27,67_67399_5136975,8/11/25,,2025-2026
67015221,1 KG-SI-03,67_67399_5136975,8/11/25,,2025-2026
67015221,1 KG-SI-05,67_67399_5136975,8/11/25,,2025-2026
67015666,0495-01,67_67399_5136979,8/11/25,,2025-2026
67015666,0495-02,67_67399_5136979,8/11/25,,2025-2026
67015320,2 KG-SI-15,67_67399_5136975,8/11/25,,2025-2026
67015320,2 KG-SI-18,67_67399_5136975,8/11/25,,2025-2026
67015675,0495-01,67_67399_5136979,8/11/25,,2025-2026
67015675,0495-02,67_67399_5136979,8/11/25,,2025-2026
67015533,5 KG-SI-26,67_67399_5136975,8/11/25,,2025-2026
67015533,5 KG-SI-27,67_67399_5136975,8/11/25,,2025-2026
67015580,6 KG-SI-29,67_67399_5136975,8/11/25,,2025-2026
67015580,6 KG-SI-31,67_67399_5136975,8/11/25,,2025-2026
67015453,4 KG-SI-19,67_67399_5136975,8/11/25,,2025-2026
67015453,4 KG-SI-21,67_67399_5136975,8/11/25,,2025-2026
67015424,4 KG-SI-19,67_67399_5136975,8/11/25,,2025-2026
67015424,4 KG-SI-21,67_67399_5136975,8/11/25,,2025-2026
67015419,4 KG-SI-19,67_67399_5136975,8/11/25,,2025-2026
67015419,4 KG-SI-21,67_67399_5136975,8/11/25,,2025-2026
67016033,6MS-SI-09,67_67399_5136976,8/11/25,,2025-2026
67016033,6MS-SI-10,67_67399_5136976,8/11/25,,2025-2026
67016035,6MS-SI-09,67_67399_5136976,8/11/25,,2025-2026
67016035,6MS-SI-10,67_67399_5136976,8/11/25,,2025-2026
67015938,4/5MS-SI06,67_67399_5136976,8/11/25,,2025-2026
67015938,5MS-SI-11,67_67399_5136976,8/11/25,,2025-2026
67015696,K-MS-SI-20,67_67399_5136976,8/11/25,,2025-2026
67015696,K-MS-SI-A,67_67399_5136976,8/11/25,,2025-2026
67015812,03MS-SI-13,67_67399_5136976,8/11/25,,2025-2026
67015812,3MS-SI-02,67_67399_5136976,8/11/25,,2025-2026
67016044,0495-01,67_67399_5136979,8/11/25,,2025-2026
67016044,0495-02,67_67399_5136979,8/11/25,,2025-2026
67016079,0495-01,67_67399_5136979,8/11/25,,2025-2026
67016079,0495-02,67_67399_5136979,8/11/25,,2025-2026
67015917,4/5MS-SI06,67_67399_5136976,8/11/25,,2025-2026
67015917,5MS-SI-11,67_67399_5136976,8/11/25,,2025-2026
67015944,4/5MS-SI06,67_67399_5136976,8/11/25,,2025-2026
67015944,5MS-SI-11,67_67399_5136976,8/11/25,,2025-2026
67015971,6MS-SI-09,67_67399_5136976,8/11/25,,2025-2026
67015971,6MS-SI-10,67_67399_5136976,8/11/25,,2025-2026
67015821,03MS-SI-13,67_67399_5136976,8/11/25,,2025-2026
67015821,3MS-SI-02,67_67399_5136976,8/11/25,,2025-2026
67016014,6MS-SI-09,67_67399_5136976,8/11/25,,2025-2026
67016014,6MS-SI-10,67_67399_5136976,8/11/25,,2025-2026
67015847,03MS-SI-13,67_67399_5136976,8/11/25,,2025-2026
67015847,3MS-SI-02,67_67399_5136976,8/11/25,,2025-2026
67015736,1MS-SI-16,67_67399_5136976,8/11/25,,2025-2026
67015736,1MS-SI-17,67_67399_5136976,8/11/25,,2025-2026
67015897,4MS-SI-05,67_67399_5136976,8/11/25,,2025-2026
67015897,4MS-SI-06,67_67399_5136976,8/11/25,,2025-2026
67015786,2MS-SI-14,67_67399_5136976,8/11/25,,2025-2026
67015786,2MS-SI-15,67_67399_5136976,8/11/25,,2025-2026
67016065,0495-01,67_67399_5136979,8/11/25,,2025-2026
67016065,0495-02,67_67399_5136979,8/11/25,,2025-2026
67015886,4MS-SI-05,67_67399_5136976,8/11/25,,2025-2026
67015886,4MS-SI-06,67_67399_5136976,8/11/25,,2025-2026
67015930,4/5MS-SI06,67_67399_5136976,8/11/25,,2025-2026
67015930,5MS-SI-11,67_67399_5136976,8/11/25,,2025-2026
67016060,0495-01,67_67399_5136979,8/11/25,,2025-2026
67016060,0495-02,67_67399_5136979,8/11/25,,2025-2026
67015905,4MS-SI-05,67_67399_5136976,8/11/25,,2025-2026
67015905,4MS-SI-06,67_67399_5136976,8/11/25,,2025-2026
67015942,4/5MS-SI06,67_67399_5136976,8/11/25,,2025-2026
67015942,5MS-SI-11,67_67399_5136976,8/11/25,,2025-2026
67015746,1MS-SI-16,67_67399_5136976,8/11/25,,2025-2026
67015746,1MS-SI-17,67_67399_5136976,8/11/25,,2025-2026
67016007,6MS-SI-09,67_67399_5136976,8/11/25,,2025-2026
67016007,6MS-SI-10,67_67399_5136976,8/11/25,,2025-2026
67016064,0495-01,67_67399_5136979,8/11/25,,2025-2026
67016064,0495-02,67_67399_5136979,8/11/25,,2025-2026
67015799,2MS-SI-14,67_67399_5136976,8/11/25,,2025-2026
67015799,2MS-SI-15,67_67399_5136976,8/11/25,,2025-2026
67015705,K-MS-SI-20,67_67399_5136976,8/11/25,,2025-2026
67015705,K-MS-SI-A,67_67399_5136976,8/11/25,,2025-2026
67015743,1MS-SI-16,67_67399_5136976,8/11/25,,2025-2026
67015743,1MS-SI-17,67_67399_5136976,8/11/25,,2025-2026
67015788,2MS-SI-14,67_67399_5136976,8/11/25,,2025-2026
67015788,2MS-SI-15,67_67399_5136976,8/11/25,,2025-2026
67015896,4MS-SI-05,67_67399_5136976,8/11/25,,2025-2026
67015896,4MS-SI-06,67_67399_5136976,8/11/25,,2025-2026
67015972,6MS-SI-09,67_67399_5136976,8/11/25,,2025-2026
67015972,6MS-SI-10,67_67399_5136976,8/11/25,,2025-2026
67015954,4/5MS-SI06,67_67399_5136976,8/11/25,,2025-2026
67015954,5MS-SI-11,67_67399_5136976,8/11/25,,2025-2026
67015876,4MS-SI-05,67_67399_5136976,8/11/25,,2025-2026
67015876,4MS-SI-06,67_67399_5136976,8/11/25,,2025-2026
67016087,0495-01,67_67399_5136979,8/11/25,,2025-2026
67016087,0495-02,67_67399_5136979,8/11/25,,2025-2026
67015740,1MS-SI-16,67_67399_5136976,8/11/25,,2025-2026
67015740,1MS-SI-17,67_67399_5136976,8/11/25,,2025-2026
67016057,0495-01,67_67399_5136979,8/11/25,,2025-2026
67016057,0495-02,67_67399_5136979,8/11/25,,2025-2026
67015719,1MS-SI-16,67_67399_5136976,8/11/25,,2025-2026
67015719,1MS-SI-17,67_67399_5136976,8/11/25,,2025-2026
67016046,0495-01,67_67399_5136979,8/11/25,,2025-2026
67016046,0495-02,67_67399_5136979,8/11/25,,2025-2026
67016062,0495-01,67_67399_5136979,8/11/25,,2025-2026
67016062,0495-02,67_67399_5136979,8/11/25,,2025-2026
67015713,K-MS-SI-20,67_67399_5136976,8/11/25,,2025-2026
67015713,K-MS-SI-A,67_67399_5136976,8/11/25,,2025-2026
67015882,4MS-SI-05,67_67399_5136976,8/11/25,,2025-2026
67015882,4MS-SI-06,67_67399_5136976,8/11/25,,2025-2026
67015869,4MS-SI-05,67_67399_5136976,8/11/25,,2025-2026
67015869,4MS-SI-06,67_67399_5136976,8/11/25,,2025-2026
67016022,6MS-SI-09,67_67399_5136976,8/11/25,,2025-2026
67016022,6MS-SI-10,67_67399_5136976,8/11/25,,2025-2026
67015805,2MS-SI-14,67_67399_5136976,8/11/25,,2025-2026
67015805,2MS-SI-15,67_67399_5136976,8/11/25,,2025-2026
67015856,03MS-SI-13,67_67399_5136976,8/11/25,,2025-2026
67015856,3MS-SI-02,67_67399_5136976,8/11/25,,2025-2026
67015871,4MS-SI-05,67_67399_5136976,8/11/25,,2025-2026
67015871,4MS-SI-06,67_67399_5136976,8/11/25,,2025-2026
67015827,03MS-SI-13,67_67399_5136976,8/11/25,,2025-2026
67015827,3MS-SI-02,67_67399_5136976,8/11/25,,2025-2026
67016094,0495-01,67_67399_5136979,8/11/25,,2025-2026
67016094,0495-02,67_67399_5136979,8/11/25,,2025-2026
67015691,K-MS-SI-20,67_67399_5136976,8/11/25,,2025-2026
67015691,K-MS-SI-A,67_67399_5136976,8/11/25,,2025-2026
67015754,2MS-SI-14,67_67399_5136976,8/11/25,,2025-2026
67015754,2MS-SI-15,67_67399_5136976,8/11/25,,2025-2026
67015714,K-MS-SI-20,67_67399_5136976,8/11/25,,2025-2026
67015714,K-MS-SI-A,67_67399_5136976,8/11/25,,2025-2026
67015931,4/5MS-SI06,67_67399_5136976,8/11/25,,2025-2026
67015931,5MS-SI-11,67_67399_5136976,8/11/25,,2025-2026
67015929,4/5MS-SI06,67_67399_5136976,8/11/25,,2025-2026
67015929,5MS-SI-11,67_67399_5136976,8/11/25,,2025-2026
67015701,K-MS-SI-20,67_67399_5136976,8/11/25,,2025-2026
67015701,K-MS-SI-A,67_67399_5136976,8/11/25,,2025-2026
67015735,1MS-SI-16,67_67399_5136976,8/11/25,,2025-2026
67015735,1MS-SI-17,67_67399_5136976,8/11/25,,2025-2026
67016000,6MS-SI-09,67_67399_5136976,8/11/25,,2025-2026
67016000,6MS-SI-10,67_67399_5136976,8/11/25,,2025-2026
67015830,03MS-SI-13,67_67399_5136976,8/11/25,,2025-2026
67015830,3MS-SI-02,67_67399_5136976,8/11/25,,2025-2026
67016101,0495-01,67_67399_5136979,8/11/25,,2025-2026
67016101,0495-02,67_67399_5136979,8/11/25,,2025-2026
67015795,2MS-SI-14,67_67399_5136976,8/11/25,,2025-2026
67015795,2MS-SI-15,67_67399_5136976,8/11/25,,2025-2026
67016036,6MS-SI-09,67_67399_5136976,8/11/25,,2025-2026
67016036,6MS-SI-10,67_67399_5136976,8/11/25,,2025-2026
67015708,K-MS-SI-20,67_67399_5136976,8/11/25,,2025-2026
67015708,K-MS-SI-A,67_67399_5136976,8/11/25,,2025-2026
67015774,2MS-SI-14,67_67399_5136976,8/11/25,,2025-2026
67015774,2MS-SI-15,67_67399_5136976,8/11/25,,2025-2026
67015750,1MS-SI-16,67_67399_5136976,8/11/25,,2025-2026
67015750,1MS-SI-17,67_67399_5136976,8/11/25,,2025-2026
67015986,6MS-SI-09,67_67399_5136976,8/11/25,,2025-2026
67015986,6MS-SI-10,67_67399_5136976,8/11/25,,2025-2026
67015749,1MS-SI-16,67_67399_5136976,8/11/25,,2025-2026
67015749,1MS-SI-17,67_67399_5136976,8/11/25,,2025-2026
67015768,2MS-SI-14,67_67399_5136976,8/11/25,,2025-2026
67015768,2MS-SI-15,67_67399_5136976,8/11/25,,2025-2026
67015909,4MS-SI-05,67_67399_5136976,8/11/25,,2025-2026
67015909,4MS-SI-06,67_67399_5136976,8/11/25,,2025-2026
67016063,0495-01,67_67399_5136979,8/11/25,,2025-2026
67016063,0495-02,67_67399_5136979,8/11/25,,2025-2026
67015980,6MS-SI-09,67_67399_5136976,8/11/25,,2025-2026
67015980,6MS-SI-10,67_67399_5136976,8/11/25,,2025-2026
67015814,03MS-SI-13,67_67399_5136976,8/11/25,,2025-2026
67015814,3MS-SI-02,67_67399_5136976,8/11/25,,2025-2026
67015985,6MS-SI-09,67_67399_5136976,8/11/25,,2025-2026
67015985,6MS-SI-10,67_67399_5136976,8/11/25,,2025-2026
67015824,03MS-SI-13,67_67399_5136976,8/11/25,,2025-2026
67015824,3MS-SI-02,67_67399_5136976,8/11/25,,2025-2026
67016096,0495-01,67_67399_5136979,8/11/25,,2025-2026
67016096,0495-02,67_67399_5136979,8/11/25,,2025-2026
67015710,K-MS-SI-20,67_67399_5136976,8/11/25,,2025-2026
67015710,K-MS-SI-A,67_67399_5136976,8/11/25,,2025-2026
67015758,2MS-SI-14,67_67399_5136976,8/11/25,,2025-2026
67015758,2MS-SI-15,67_67399_5136976,8/11/25,,2025-2026
67015715,1MS-SI-16,67_67399_5136976,8/11/25,,2025-2026
67015715,1MS-SI-17,67_67399_5136976,8/11/25,,2025-2026
67015959,4/5MS-SI06,67_67399_5136976,8/11/25,,2025-2026
67015959,5MS-SI-11,67_67399_5136976,8/11/25,,2025-2026
67015843,03MS-SI-13,67_67399_5136976,8/11/25,,2025-2026
67015843,3MS-SI-02,67_67399_5136976,8/11/25,,2025-2026
67015998,6MS-SI-09,67_67399_5136976,8/11/25,,2025-2026
67015998,6MS-SI-10,67_67399_5136976,8/11/25,,2025-2026
67015811,03MS-SI-13,67_67399_5136976,8/11/25,,2025-2026
67015811,3MS-SI-02,67_67399_5136976,8/11/25,,2025-2026
67016005,6MS-SI-09,67_67399_5136976,8/11/25,,2025-2026
67016005,6MS-SI-10,67_67399_5136976,8/11/25,,2025-2026
67015992,6MS-SI-09,67_67399_5136976,8/11/25,,2025-2026
67015992,6MS-SI-10,67_67399_5136976,8/11/25,,2025-2026
67015889,4MS-SI-05,67_67399_5136976,8/11/25,,2025-2026
67015889,4MS-SI-06,67_67399_5136976,8/11/25,,2025-2026
67016041,0495-01,67_67399_5136979,8/11/25,,2025-2026
67016041,0495-02,67_67399_5136979,8/11/25,,2025-2026
67015790,2MS-SI-14,67_67399_5136976,8/11/25,,2025-2026
67015790,2MS-SI-15,67_67399_5136976,8/11/25,,2025-2026
67015753,2MS-SI-14,67_67399_5136976,8/11/25,,2025-2026
67015753,2MS-SI-15,67_67399_5136976,8/11/25,,2025-2026
67015862,4MS-SI-05,67_67399_5136976,8/11/25,,2025-2026
67015862,4MS-SI-06,67_67399_5136976,8/11/25,,2025-2026
67015770,2MS-SI-14,67_67399_5136976,8/11/25,,2025-2026
67015770,2MS-SI-15,67_67399_5136976,8/11/25,,2025-2026
67015997,6MS-SI-09,67_67399_5136976,8/11/25,,2025-2026
67015997,6MS-SI-10,67_67399_5136976,8/11/25,,2025-2026
67015943,4/5MS-SI06,67_67399_5136976,8/11/25,,2025-2026
67015943,5MS-SI-11,67_67399_5136976,8/11/25,,2025-2026
67015921,4/5MS-SI06,67_67399_5136976,8/11/25,,2025-2026
67015921,5MS-SI-11,67_67399_5136976,8/11/25,,2025-2026
67016029,6MS-SI-09,67_67399_5136976,8/11/25,,2025-2026
67016029,6MS-SI-10,67_67399_5136976,8/11/25,,2025-2026
67015819,03MS-SI-13,67_67399_5136976,8/11/25,,2025-2026
67015819,3MS-SI-02,67_67399_5136976,8/11/25,,2025-2026
67015858,03MS-SI-13,67_67399_5136976,8/11/25,,2025-2026
67015858,3MS-SI-02,67_67399_5136976,8/11/25,,2025-2026
67015866,4MS-SI-05,67_67399_5136976,8/11/25,,2025-2026
67015866,4MS-SI-06,67_67399_5136976,8/11/25,,2025-2026
67015690,K-MS-SI-20,67_67399_5136976,8/11/25,,2025-2026
67015690,K-MS-SI-A,67_67399_5136976,8/11/25,,2025-2026
67015782,2MS-SI-14,67_67399_5136976,8/11/25,,2025-2026
67015782,2MS-SI-15,67_67399_5136976,8/11/25,,2025-2026
67016043,0495-01,67_67399_5136979,8/11/25,,2025-2026
67016043,0495-02,67_67399_5136979,8/11/25,,2025-2026
67015722,1MS-SI-16,67_67399_5136976,8/11/25,,2025-2026
67015722,1MS-SI-17,67_67399_5136976,8/11/25,,2025-2026
67015763,2MS-SI-14,67_67399_5136976,8/11/25,,2025-2026
67015763,2MS-SI-15,67_67399_5136976,8/11/25,,2025-2026
67016002,6MS-SI-09,67_67399_5136976,8/11/25,,2025-2026
67016002,6MS-SI-10,67_67399_5136976,8/11/25,,2025-2026
67016077,0495-01,67_67399_5136979,8/11/25,,2025-2026
67016077,0495-02,67_67399_5136979,8/11/25,,2025-2026
67015962,4/5MS-SI06,67_67399_5136976,8/11/25,,2025-2026
67015962,5MS-SI-11,67_67399_5136976,8/11/25,,2025-2026
67015878,4MS-SI-05,67_67399_5136976,8/11/25,,2025-2026
67015878,4MS-SI-06,67_67399_5136976,8/11/25,,2025-2026
67015865,4MS-SI-05,67_67399_5136976,8/11/25,,2025-2026
67015865,4MS-SI-06,67_67399_5136976,8/11/25,,2025-2026
67016069,0495-01,67_67399_5136979,8/11/25,,2025-2026
67016069,0495-02,67_67399_5136979,8/11/25,,2025-2026
67015892,4MS-SI-05,67_67399_5136976,8/11/25,,2025-2026
67015892,4MS-SI-06,67_67399_5136976,8/11/25,,2025-2026
67015893,4MS-SI-05,67_67399_5136976,8/11/25,,2025-2026
67015893,4MS-SI-06,67_67399_5136976,8/11/25,,2025-2026
67015694,K-MS-SI-20,67_67399_5136976,8/11/25,,2025-2026
67015694,K-MS-SI-A,67_67399_5136976,8/11/25,,2025-2026
67016093,0495-01,67_67399_5136979,8/11/25,,2025-2026
67016093,0495-02,67_67399_5136979,8/11/25,,2025-2026
67016030,6MS-SI-09,67_67399_5136976,8/11/25,,2025-2026
67016030,6MS-SI-10,67_67399_5136976,8/11/25,,2025-2026
67015857,03MS-SI-13,67_67399_5136976,8/11/25,,2025-2026
67015857,3MS-SI-02,67_67399_5136976,8/11/25,,2025-2026
67015817,03MS-SI-13,67_67399_5136976,8/11/25,,2025-2026
67015817,3MS-SI-02,67_67399_5136976,8/11/25,,2025-2026
67016050,0495-01,67_67399_5136979,8/11/25,,2025-2026
67016050,0495-02,67_67399_5136979,8/11/25,,2025-2026
67016072,0495-01,67_67399_5136979,8/11/25,,2025-2026
67016072,0495-02,67_67399_5136979,8/11/25,,2025-2026
67015950,4/5MS-SI06,67_67399_5136976,8/11/25,,2025-2026
67015950,5MS-SI-11,67_67399_5136976,8/11/25,,2025-2026
67015826,03MS-SI-13,67_67399_5136976,8/11/25,,2025-2026
67015826,3MS-SI-02,67_67399_5136976,8/11/25,,2025-2026
67015949,4/5MS-SI06,67_67399_5136976,8/11/25,,2025-2026
67015949,5MS-SI-11,67_67399_5136976,8/11/25,,2025-2026
67015920,4/5MS-SI06,67_67399_5136976,8/11/25,,2025-2026
67015920,5MS-SI-11,67_67399_5136976,8/11/25,,2025-2026
67015885,4MS-SI-05,67_67399_5136976,8/11/25,,2025-2026
67015885,4MS-SI-06,67_67399_5136976,8/11/25,,2025-2026
67015842,03MS-SI-13,67_67399_5136976,8/11/25,,2025-2026
67015842,3MS-SI-02,67_67399_5136976,8/11/25,,2025-2026
67016100,0495-01,67_67399_5136979,8/11/25,,2025-2026
67016100,0495-02,67_67399_5136979,8/11/25,,2025-2026
67015751,1MS-SI-16,67_67399_5136976,8/11/25,,2025-2026
67015751,1MS-SI-17,67_67399_5136976,8/11/25,,2025-2026
67015730,1MS-SI-16,67_67399_5136976,8/11/25,,2025-2026
67015730,1MS-SI-17,67_67399_5136976,8/11/25,,2025-2026
67015925,4/5MS-SI06,67_67399_5136976,8/11/25,,2025-2026
67015925,5MS-SI-11,67_67399_5136976,8/11/25,,2025-2026
67016027,6MS-SI-09,67_67399_5136976,8/11/25,,2025-2026
67016027,6MS-SI-10,67_67399_5136976,8/11/25,,2025-2026
67015796,2MS-SI-14,67_67399_5136976,8/11/25,,2025-2026
67015796,2MS-SI-15,67_67399_5136976,8/11/25,,2025-2026
67015808,03MS-SI-13,67_67399_5136976,8/11/25,,2025-2026
67015808,3MS-SI-02,67_67399_5136976,8/11/25,,2025-2026
67015899,4MS-SI-05,67_67399_5136976,8/11/25,,2025-2026
67015899,4MS-SI-06,67_67399_5136976,8/11/25,,2025-2026
67015926,4/5MS-SI06,67_67399_5136976,8/11/25,,2025-2026
67015926,5MS-SI-11,67_67399_5136976,8/11/25,,2025-2026
67016081,0495-01,67_67399_5136979,8/11/25,,2025-2026
67016081,0495-02,67_67399_5136979,8/11/25,,2025-2026
67015742,1MS-SI-16,67_67399_5136976,8/11/25,,2025-2026
67015742,1MS-SI-17,67_67399_5136976,8/11/25,,2025-2026
67016059,0495-01,67_67399_5136979,8/11/25,,2025-2026
67016059,0495-02,67_67399_5136979,8/11/25,,2025-2026
67015927,4/5MS-SI06,67_67399_5136976,8/11/25,,2025-2026
67015927,5MS-SI-11,67_67399_5136976,8/11/25,,2025-2026
67015832,03MS-SI-13,67_67399_5136976,8/11/25,,2025-2026
67015832,3MS-SI-02,67_67399_5136976,8/11/25,,2025-2026
67015910,4MS-SI-05,67_67399_5136976,8/11/25,,2025-2026
67015910,4MS-SI-06,67_67399_5136976,8/11/25,,2025-2026
67015956,4/5MS-SI06,67_67399_5136976,8/11/25,,2025-2026
67015956,5MS-SI-11,67_67399_5136976,8/11/25,,2025-2026
67015792,2MS-SI-14,67_67399_5136976,8/11/25,,2025-2026
67015792,2MS-SI-15,67_67399_5136976,8/11/25,,2025-2026
67016001,6MS-SI-09,67_67399_5136976,8/11/25,,2025-2026
67016001,6MS-SI-10,67_67399_5136976,8/11/25,,2025-2026
67016085,0495-01,67_67399_5136979,8/11/25,,2025-2026
67016085,0495-02,67_67399_5136979,8/11/25,,2025-2026
67015836,03MS-SI-13,67_67399_5136976,8/11/25,,2025-2026
67015836,3MS-SI-02,67_67399_5136976,8/11/25,,2025-2026
67015818,03MS-SI-13,67_67399_5136976,8/11/25,,2025-2026
67015818,3MS-SI-02,67_67399_5136976,8/11/25,,2025-2026
67015800,2MS-SI-14,67_67399_5136976,8/11/25,,2025-2026
67015800,2MS-SI-15,67_67399_5136976,8/11/25,,2025-2026
67016083,0495-01,67_67399_5136979,8/11/25,,2025-2026
67016083,0495-02,67_67399_5136979,8/11/25,,2025-2026
67015953,4/5MS-SI06,67_67399_5136976,8/11/25,,2025-2026
67015953,5MS-SI-11,67_67399_5136976,8/11/25,,2025-2026
67015989,6MS-SI-09,67_67399_5136976,8/11/25,,2025-2026
67015989,6MS-SI-10,67_67399_5136976,8/11/25,,2025-2026
67015877,4MS-SI-05,67_67399_5136976,8/11/25,,2025-2026
67015877,4MS-SI-06,67_67399_5136976,8/11/25,,2025-2026
67015729,1MS-SI-16,67_67399_5136976,8/11/25,,2025-2026
67015729,1MS-SI-17,67_67399_5136976,8/11/25,,2025-2026
67016073,0495-01,67_67399_5136979,8/11/25,,2025-2026
67016073,0495-02,67_67399_5136979,8/11/25,,2025-2026
67015933,4/5MS-SI06,67_67399_5136976,8/11/25,,2025-2026
67015933,5MS-SI-11,67_67399_5136976,8/11/25,,2025-2026
67016025,6MS-SI-09,67_67399_5136976,8/11/25,,2025-2026
67016025,6MS-SI-10,67_67399_5136976,8/11/25,,2025-2026
67016021,6MS-SI-09,67_67399_5136976,8/11/25,,2025-2026
67016021,6MS-SI-10,67_67399_5136976,8/11/25,,2025-2026
67015996,6MS-SI-09,67_67399_5136976,8/11/25,,2025-2026
67015996,6MS-SI-10,67_67399_5136976,8/11/25,,2025-2026
67016006,6MS-SI-09,67_67399_5136976,8/11/25,,2025-2026
67016006,6MS-SI-10,67_67399_5136976,8/11/25,,2025-2026
67015859,4MS-SI-05,67_67399_5136976,8/11/25,,2025-2026
67015859,4MS-SI-06,67_67399_5136976,8/11/25,,2025-2026
67016047,0495-01,67_67399_5136979,8/11/25,,2025-2026
67016047,0495-02,67_67399_5136979,8/11/25,,2025-2026
67015772,2MS-SI-14,67_67399_5136976,8/11/25,,2025-2026
67015772,2MS-SI-15,67_67399_5136976,8/11/25,,2025-2026
67015794,2MS-SI-14,67_67399_5136976,8/11/25,,2025-2026
67015794,2MS-SI-15,67_67399_5136976,8/11/25,,2025-2026
67015888,4MS-SI-05,67_67399_5136976,8/11/25,,2025-2026
67015888,4MS-SI-06,67_67399_5136976,8/11/25,,2025-2026
67015732,1MS-SI-16,67_67399_5136976,8/11/25,,2025-2026
67015732,1MS-SI-17,67_67399_5136976,8/11/25,,2025-2026
67016095,0495-01,67_67399_5136979,8/11/25,,2025-2026
67016095,0495-02,67_67399_5136979,8/11/25,,2025-2026
67015995,6MS-SI-09,67_67399_5136976,8/11/25,,2025-2026
67015995,6MS-SI-10,67_67399_5136976,8/11/25,,2025-2026
67015844,03MS-SI-13,67_67399_5136976,8/11/25,,2025-2026
67015844,3MS-SI-02,67_67399_5136976,8/11/25,,2025-2026
67015883,4MS-SI-05,67_67399_5136976,8/11/25,,2025-2026
67015883,4MS-SI-06,67_67399_5136976,8/11/25,,2025-2026
67015706,K-MS-SI-20,67_67399_5136976,8/11/25,,2025-2026
67015706,K-MS-SI-A,67_67399_5136976,8/11/25,,2025-2026
67015903,4MS-SI-05,67_67399_5136976,8/11/25,,2025-2026
67015903,4MS-SI-06,67_67399_5136976,8/11/25,,2025-2026
67015712,K-MS-SI-20,67_67399_5136976,8/11/25,,2025-2026
67015712,K-MS-SI-A,67_67399_5136976,8/11/25,,2025-2026
67015912,4MS-SI-05,67_67399_5136976,8/11/25,,2025-2026
67015912,4MS-SI-06,67_67399_5136976,8/11/25,,2025-2026
67015887,4MS-SI-05,67_67399_5136976,8/11/25,,2025-2026
67015887,4MS-SI-06,67_67399_5136976,8/11/25,,2025-2026
67015879,4MS-SI-05,67_67399_5136976,8/11/25,,2025-2026
67015879,4MS-SI-06,67_67399_5136976,8/11/25,,2025-2026
67016039,6MS-SI-09,67_67399_5136976,8/11/25,,2025-2026
67016039,6MS-SI-10,67_67399_5136976,8/11/25,,2025-2026
67016092,0495-01,67_67399_5136979,8/11/25,,2025-2026
67016092,0495-02,67_67399_5136979,8/11/25,,2025-2026
67016034,6MS-SI-09,67_67399_5136976,8/11/25,,2025-2026
67016034,6MS-SI-10,67_67399_5136976,8/11/25,,2025-2026
67015783,2MS-SI-14,67_67399_5136976,8/11/25,,2025-2026
67015783,2MS-SI-15,67_67399_5136976,8/11/25,,2025-2026
67015864,4MS-SI-05,67_67399_5136976,8/11/25,,2025-2026
67015864,4MS-SI-06,67_67399_5136976,8/11/25,,2025-2026
67016097,0495-01,67_67399_5136979,8/11/25,,2025-2026
67016097,0495-02,67_67399_5136979,8/11/25,,2025-2026
67016061,0495-01,67_67399_5136979,8/11/25,,2025-2026
67016061,0495-02,67_67399_5136979,8/11/25,,2025-2026
67015963,4/5MS-SI06,67_67399_5136976,8/11/25,,2025-2026
67015963,5MS-SI-11,67_67399_5136976,8/11/25,,2025-2026
67015975,6MS-SI-09,67_67399_5136976,8/11/25,,2025-2026
67015975,6MS-SI-10,67_67399_5136976,8/11/25,,2025-2026
67015834,03MS-SI-13,67_67399_5136976,8/11/25,,2025-2026
67015834,3MS-SI-02,67_67399_5136976,8/11/25,,2025-2026
67015860,4MS-SI-05,67_67399_5136976,8/11/25,,2025-2026
67015860,4MS-SI-06,67_67399_5136976,8/11/25,,2025-2026
67015973,6MS-SI-09,67_67399_5136976,8/11/25,,2025-2026
67015973,6MS-SI-10,67_67399_5136976,8/11/25,,2025-2026
67015693,K-MS-SI-20,67_67399_5136976,8/11/25,,2025-2026
67015693,K-MS-SI-A,67_67399_5136976,8/11/25,,2025-2026
67015711,K-MS-SI-20,67_67399_5136976,8/11/25,,2025-2026
67015711,K-MS-SI-A,67_67399_5136976,8/11/25,,2025-2026
67015725,1MS-SI-16,67_67399_5136976,8/11/25,,2025-2026
67015725,1MS-SI-17,67_67399_5136976,8/11/25,,2025-2026
67015747,1MS-SI-16,67_67399_5136976,8/11/25,,2025-2026
67015747,1MS-SI-17,67_67399_5136976,8/11/25,,2025-2026
67015958,4/5MS-SI06,67_67399_5136976,8/11/25,,2025-2026
67015958,5MS-SI-11,67_67399_5136976,8/11/25,,2025-2026
67015825,03MS-SI-13,67_67399_5136976,8/11/25,,2025-2026
67015825,3MS-SI-02,67_67399_5136976,8/11/25,,2025-2026
67016008,6MS-SI-09,67_67399_5136976,8/11/25,,2025-2026
67016008,6MS-SI-10,67_67399_5136976,8/11/25,,2025-2026
67015724,1MS-SI-16,67_67399_5136976,8/11/25,,2025-2026
67015724,1MS-SI-17,67_67399_5136976,8/11/25,,2025-2026
67016068,0495-01,67_67399_5136979,8/11/25,,2025-2026
67016068,0495-02,67_67399_5136979,8/11/25,,2025-2026
67015941,4/5MS-SI06,67_67399_5136976,8/11/25,,2025-2026
67015941,5MS-SI-11,67_67399_5136976,8/11/25,,2025-2026
67015716,1MS-SI-16,67_67399_5136976,8/11/25,,2025-2026
67015716,1MS-SI-17,67_67399_5136976,8/11/25,,2025-2026
67015723,1MS-SI-16,67_67399_5136976,8/11/25,,2025-2026
67015723,1MS-SI-17,67_67399_5136976,8/11/25,,2025-2026
67015916,4MS-SI-05,67_67399_5136976,8/11/25,,2025-2026
67015916,4MS-SI-06,67_67399_5136976,8/11/25,,2025-2026
67015922,4/5MS-SI06,67_67399_5136976,8/11/25,,2025-2026
67015922,5MS-SI-11,67_67399_5136976,8/11/25,,2025-2026
67015868,4MS-SI-05,67_67399_5136976,8/11/25,,2025-2026
67015868,4MS-SI-06,67_67399_5136976,8/11/25,,2025-2026
67015731,1MS-SI-16,67_67399_5136976,8/11/25,,2025-2026
67015731,1MS-SI-17,67_67399_5136976,8/11/25,,2025-2026
67015779,2MS-SI-14,67_67399_5136976,8/11/25,,2025-2026
67015779,2MS-SI-15,67_67399_5136976,8/11/25,,2025-2026
67015884,4MS-SI-05,67_67399_5136976,8/11/25,,2025-2026
67015884,4MS-SI-06,67_67399_5136976,8/11/25,,2025-2026
67016038,6MS-SI-09,67_67399_5136976,8/11/25,,2025-2026
67016038,6MS-SI-10,67_67399_5136976,8/11/25,,2025-2026
67015776,2MS-SI-14,67_67399_5136976,8/11/25,,2025-2026
67015776,2MS-SI-15,67_67399_5136976,8/11/25,,2025-2026
67015974,6MS-SI-09,67_67399_5136976,8/11/25,,2025-2026
67015974,6MS-SI-10,67_67399_5136976,8/11/25,,2025-2026
67016080,0495-01,67_67399_5136979,8/11/25,,2025-2026
67016080,0495-02,67_67399_5136979,8/11/25,,2025-2026
67015828,03MS-SI-13,67_67399_5136976,8/11/25,,2025-2026
67015828,3MS-SI-02,67_67399_5136976,8/11/25,,2025-2026
67015764,2MS-SI-14,67_67399_5136976,8/11/25,,2025-2026
67015764,2MS-SI-15,67_67399_5136976,8/11/25,,2025-2026
67015752,2MS-SI-14,67_67399_5136976,8/11/25,,2025-2026
67015752,2MS-SI-15,67_67399_5136976,8/11/25,,2025-2026
67015781,2MS-SI-14,67_67399_5136976,8/11/25,,2025-2026
67015781,2MS-SI-15,67_67399_5136976,8/11/25,,2025-2026
67015845,03MS-SI-13,67_67399_5136976,8/11/25,,2025-2026
67015845,3MS-SI-02,67_67399_5136976,8/11/25,,2025-2026
67015692,K-MS-SI-20,67_67399_5136976,8/11/25,,2025-2026
67015692,K-MS-SI-A,67_67399_5136976,8/11/25,,2025-2026
67016031,6MS-SI-09,67_67399_5136976,8/11/25,,2025-2026
67016031,6MS-SI-10,67_67399_5136976,8/11/25,,2025-2026
67015789,2MS-SI-14,67_67399_5136976,8/11/25,,2025-2026
67015789,2MS-SI-15,67_67399_5136976,8/11/25,,2025-2026
67016010,6MS-SI-09,67_67399_5136976,8/11/25,,2025-2026
67016010,6MS-SI-10,67_67399_5136976,8/11/25,,2025-2026
67015807,03MS-SI-13,67_67399_5136976,8/11/25,,2025-2026
67015807,3MS-SI-02,67_67399_5136976,8/11/25,,2025-2026
67015895,4MS-SI-05,67_67399_5136976,8/11/25,,2025-2026
67015895,4MS-SI-06,67_67399_5136976,8/11/25,,2025-2026
67015940,4/5MS-SI06,67_67399_5136976,8/11/25,,2025-2026
67015940,5MS-SI-11,67_67399_5136976,8/11/25,,2025-2026
67015849,03MS-SI-13,67_67399_5136976,8/11/25,,2025-2026
67015849,3MS-SI-02,67_67399_5136976,8/11/25,,2025-2026
67015720,1MS-SI-16,67_67399_5136976,8/11/25,,2025-2026
67015720,1MS-SI-17,67_67399_5136976,8/11/25,,2025-2026
67015801,2MS-SI-14,67_67399_5136976,8/11/25,,2025-2026
67015801,2MS-SI-15,67_67399_5136976,8/11/25,,2025-2026
67016048,0495-01,67_67399_5136979,8/11/25,,2025-2026
67016048,0495-02,67_67399_5136979,8/11/25,,2025-2026
67016066,0495-01,67_67399_5136979,8/11/25,,2025-2026
67016066,0495-02,67_67399_5136979,8/11/25,,2025-2026
67015932,4/5MS-SI06,67_67399_5136976,8/11/25,,2025-2026
67015932,5MS-SI-11,67_67399_5136976,8/11/25,,2025-2026
67015984,6MS-SI-09,67_67399_5136976,8/11/25,,2025-2026
67015984,6MS-SI-10,67_67399_5136976,8/11/25,,2025-2026
67015872,4MS-SI-05,67_67399_5136976,8/11/25,,2025-2026
67015872,4MS-SI-06,67_67399_5136976,8/11/25,,2025-2026
67015890,4MS-SI-05,67_67399_5136976,8/11/25,,2025-2026
67015890,4MS-SI-06,67_67399_5136976,8/11/25,,2025-2026
67015936,4/5MS-SI06,67_67399_5136976,8/11/25,,2025-2026
67015936,5MS-SI-11,67_67399_5136976,8/11/25,,2025-2026
67016075,0495-01,67_67399_5136979,8/11/25,,2025-2026
67016075,0495-02,67_67399_5136979,8/11/25,,2025-2026
67016056,0495-01,67_67399_5136979,8/11/25,,2025-2026
67016056,0495-02,67_67399_5136979,8/11/25,,2025-2026
67015947,4/5MS-SI06,67_67399_5136976,8/11/25,,2025-2026
67015947,5MS-SI-11,67_67399_5136976,8/11/25,,2025-2026
67015978,6MS-SI-09,67_67399_5136976,8/11/25,,2025-2026
67015978,6MS-SI-10,67_67399_5136976,8/11/25,,2025-2026
67015948,4/5MS-SI06,67_67399_5136976,8/11/25,,2025-2026
67015948,5MS-SI-11,67_67399_5136976,8/11/25,,2025-2026
67015906,4MS-SI-05,67_67399_5136976,8/11/25,,2025-2026
67015906,4MS-SI-06,67_67399_5136976,8/11/25,,2025-2026
67015923,4/5MS-SI06,67_67399_5136976,8/11/25,,2025-2026
67015923,5MS-SI-11,67_67399_5136976,8/11/25,,2025-2026
67015867,4MS-SI-05,67_67399_5136976,8/11/25,,2025-2026
67015867,4MS-SI-06,67_67399_5136976,8/11/25,,2025-2026
67015804,2MS-SI-14,67_67399_5136976,8/11/25,,2025-2026
67015804,2MS-SI-15,67_67399_5136976,8/11/25,,2025-2026
67016078,0495-01,67_67399_5136979,8/11/25,,2025-2026
67016078,0495-02,67_67399_5136979,8/11/25,,2025-2026
67015981,6MS-SI-09,67_67399_5136976,8/11/25,,2025-2026
67015981,6MS-SI-10,67_67399_5136976,8/11/25,,2025-2026
67015951,4/5MS-SI06,67_67399_5136976,8/11/25,,2025-2026
67015951,5MS-SI-11,67_67399_5136976,8/11/25,,2025-2026
67015785,2MS-SI-14,67_67399_5136976,8/11/25,,2025-2026
67015785,2MS-SI-15,67_67399_5136976,8/11/25,,2025-2026
67016045,0495-01,67_67399_5136979,8/11/25,,2025-2026
67016045,0495-02,67_67399_5136979,8/11/25,,2025-2026
67016051,0495-01,67_67399_5136979,8/11/25,,2025-2026
67016051,0495-02,67_67399_5136979,8/11/25,,2025-2026
67016052,0495-01,67_67399_5136979,8/11/25,,2025-2026
67016052,0495-02,67_67399_5136979,8/11/25,,2025-2026
67015901,4MS-SI-05,67_67399_5136976,8/11/25,,2025-2026
67015901,4MS-SI-06,67_67399_5136976,8/11/25,,2025-2026
67015748,1MS-SI-16,67_67399_5136976,8/11/25,,2025-2026
67015748,1MS-SI-17,67_67399_5136976,8/11/25,,2025-2026
67015775,2MS-SI-14,67_67399_5136976,8/11/25,,2025-2026
67015775,2MS-SI-15,67_67399_5136976,8/11/25,,2025-2026
67015848,03MS-SI-13,67_67399_5136976,8/11/25,,2025-2026
67015848,3MS-SI-02,67_67399_5136976,8/11/25,,2025-2026
67015757,2MS-SI-14,67_67399_5136976,8/11/25,,2025-2026
67015757,2MS-SI-15,67_67399_5136976,8/11/25,,2025-2026
67016013,6MS-SI-09,67_67399_5136976,8/11/25,,2025-2026
67016013,6MS-SI-10,67_67399_5136976,8/11/25,,2025-2026
67015919,4/5MS-SI06,67_67399_5136976,8/11/25,,2025-2026
67015919,5MS-SI-11,67_67399_5136976,8/11/25,,2025-2026
67015911,4MS-SI-05,67_67399_5136976,8/11/25,,2025-2026
67015911,4MS-SI-06,67_67399_5136976,8/11/25,,2025-2026
67016026,6MS-SI-09,67_67399_5136976,8/11/25,,2025-2026
67016026,6MS-SI-10,67_67399_5136976,8/11/25,,2025-2026
67015820,03MS-SI-13,67_67399_5136976,8/11/25,,2025-2026
67015820,3MS-SI-02,67_67399_5136976,8/11/25,,2025-2026
67015833,03MS-SI-13,67_67399_5136976,8/11/25,,2025-2026
67015833,3MS-SI-02,67_67399_5136976,8/11/25,,2025-2026
67015853,03MS-SI-13,67_67399_5136976,8/11/25,,2025-2026
67015853,3MS-SI-02,67_67399_5136976,8/11/25,,2025-2026
67015810,03MS-SI-13,67_67399_5136976,8/11/25,,2025-2026
67015810,3MS-SI-02,67_67399_5136976,8/11/25,,2025-2026
67016084,0495-01,67_67399_5136979,8/11/25,,2025-2026
67016084,0495-02,67_67399_5136979,8/11/25,,2025-2026
67015766,2MS-SI-14,67_67399_5136976,8/11/25,,2025-2026
67015766,2MS-SI-15,67_67399_5136976,8/11/25,,2025-2026
67015900,4MS-SI-05,67_67399_5136976,8/11/25,,2025-2026
67015900,4MS-SI-06,67_67399_5136976,8/11/25,,2025-2026
67015835,03MS-SI-13,67_67399_5136976,8/11/25,,2025-2026
67015835,3MS-SI-02,67_67399_5136976,8/11/25,,2025-2026
67015982,6MS-SI-09,67_67399_5136976,8/11/25,,2025-2026
67015982,6MS-SI-10,67_67399_5136976,8/11/25,,2025-2026
67015846,03MS-SI-13,67_67399_5136976,8/11/25,,2025-2026
67015846,3MS-SI-02,67_67399_5136976,8/11/25,,2025-2026
67015745,1MS-SI-16,67_67399_5136976,8/11/25,,2025-2026
67015745,1MS-SI-17,67_67399_5136976,8/11/25,,2025-2026
67015955,4/5MS-SI06,67_67399_5136976,8/11/25,,2025-2026
67015955,5MS-SI-11,67_67399_5136976,8/11/25,,2025-2026
67016042,0495-01,67_67399_5136979,8/11/25,,2025-2026
67016042,0495-02,67_67399_5136979,8/11/25,,2025-2026
67016091,0495-01,67_67399_5136979,8/11/25,,2025-2026
67016091,0495-02,67_67399_5136979,8/11/25,,2025-2026
67015939,4/5MS-SI06,67_67399_5136976,8/11/25,,2025-2026
67015939,5MS-SI-11,67_67399_5136976,8/11/25,,2025-2026
67015759,2MS-SI-14,67_67399_5136976,8/11/25,,2025-2026
67015759,2MS-SI-15,67_67399_5136976,8/11/25,,2025-2026
67015945,4/5MS-SI06,67_67399_5136976,8/11/25,,2025-2026
67015945,5MS-SI-11,67_67399_5136976,8/11/25,,2025-2026
67015977,6MS-SI-09,67_67399_5136976,8/11/25,,2025-2026
67015977,6MS-SI-10,67_67399_5136976,8/11/25,,2025-2026
67015993,6MS-SI-09,67_67399_5136976,8/11/25,,2025-2026
67015993,6MS-SI-10,67_67399_5136976,8/11/25,,2025-2026
67016098,0495-01,67_67399_5136979,8/11/25,,2025-2026
67016098,0495-02,67_67399_5136979,8/11/25,,2025-2026
67015798,2MS-SI-14,67_67399_5136976,8/11/25,,2025-2026
67015798,2MS-SI-15,67_67399_5136976,8/11/25,,2025-2026
67015802,2MS-SI-14,67_67399_5136976,8/11/25,,2025-2026
67015802,2MS-SI-15,67_67399_5136976,8/11/25,,2025-2026
67015983,6MS-SI-09,67_67399_5136976,8/11/25,,2025-2026
67015983,6MS-SI-10,67_67399_5136976,8/11/25,,2025-2026
67016053,0495-01,67_67399_5136979,8/11/25,,2025-2026
67016053,0495-02,67_67399_5136979,8/11/25,,2025-2026
67015999,6MS-SI-09,67_67399_5136976,8/11/25,,2025-2026
67015999,6MS-SI-10,67_67399_5136976,8/11/25,,2025-2026
67016058,0495-01,67_67399_5136979,8/11/25,,2025-2026
67016058,0495-02,67_67399_5136979,8/11/25,,2025-2026
67016037,6MS-SI-09,67_67399_5136976,8/11/25,,2025-2026
67016037,6MS-SI-10,67_67399_5136976,8/11/25,,2025-2026
67016071,0495-01,67_67399_5136979,8/11/25,,2025-2026
67016071,0495-02,67_67399_5136979,8/11/25,,2025-2026
67015755,2MS-SI-14,67_67399_5136976,8/11/25,,2025-2026
67015755,2MS-SI-15,67_67399_5136976,8/11/25,,2025-2026
67015760,2MS-SI-14,67_67399_5136976,8/11/25,,2025-2026
67015760,2MS-SI-15,67_67399_5136976,8/11/25,,2025-2026
67015797,2MS-SI-14,67_67399_5136976,8/11/25,,2025-2026
67015797,2MS-SI-15,67_67399_5136976,8/11/25,,2025-2026
67015778,2MS-SI-14,67_67399_5136976,8/11/25,,2025-2026
67015778,2MS-SI-15,67_67399_5136976,8/11/25,,2025-2026
67015970,6MS-SI-09,67_67399_5136976,8/11/25,,2025-2026
67015970,6MS-SI-10,67_67399_5136976,8/11/25,,2025-2026
67015908,4MS-SI-05,67_67399_5136976,8/11/25,,2025-2026
67015908,4MS-SI-06,67_67399_5136976,8/11/25,,2025-2026
67016016,6MS-SI-09,67_67399_5136976,8/11/25,,2025-2026
67016016,6MS-SI-10,67_67399_5136976,8/11/25,,2025-2026
67015698,K-MS-SI-20,67_67399_5136976,8/11/25,,2025-2026
67015698,K-MS-SI-A,67_67399_5136976,8/11/25,,2025-2026
67015979,6MS-SI-09,67_67399_5136976,8/11/25,,2025-2026
67015979,6MS-SI-10,67_67399_5136976,8/11/25,,2025-2026
67015994,6MS-SI-09,67_67399_5136976,8/11/25,,2025-2026
67015994,6MS-SI-10,67_67399_5136976,8/11/25,,2025-2026
67016070,0495-01,67_67399_5136979,8/11/25,,2025-2026
67016070,0495-02,67_67399_5136979,8/11/25,,2025-2026
67015851,03MS-SI-13,67_67399_5136976,8/11/25,,2025-2026
67015851,3MS-SI-02,67_67399_5136976,8/11/25,,2025-2026
67015928,4/5MS-SI06,67_67399_5136976,8/11/25,,2025-2026
67015928,5MS-SI-11,67_67399_5136976,8/11/25,,2025-2026
67016012,6MS-SI-09,67_67399_5136976,8/11/25,,2025-2026
67016012,6MS-SI-10,67_67399_5136976,8/11/25,,2025-2026
67015784,2MS-SI-14,67_67399_5136976,8/11/25,,2025-2026
67015784,2MS-SI-15,67_67399_5136976,8/11/25,,2025-2026
67015838,03MS-SI-13,67_67399_5136976,8/11/25,,2025-2026
67015838,3MS-SI-02,67_67399_5136976,8/11/25,,2025-2026
67015934,4/5MS-SI06,67_67399_5136976,8/11/25,,2025-2026
67015934,5MS-SI-11,67_67399_5136976,8/11/25,,2025-2026
67015733,1MS-SI-16,67_67399_5136976,8/11/25,,2025-2026
67015733,1MS-SI-17,67_67399_5136976,8/11/25,,2025-2026
67015815,03MS-SI-13,67_67399_5136976,8/11/25,,2025-2026
67015815,3MS-SI-02,67_67399_5136976,8/11/25,,2025-2026
67015915,4MS-SI-05,67_67399_5136976,8/11/25,,2025-2026
67015915,4MS-SI-06,67_67399_5136976,8/11/25,,2025-2026
67015702,K-MS-SI-20,67_67399_5136976,8/11/25,,2025-2026
67015702,K-MS-SI-A,67_67399_5136976,8/11/25,,2025-2026
67015813,03MS-SI-13,67_67399_5136976,8/11/25,,2025-2026
67015813,3MS-SI-02,67_67399_5136976,8/11/25,,2025-2026
67015803,2MS-SI-14,67_67399_5136976,8/11/25,,2025-2026
67015803,2MS-SI-15,67_67399_5136976,8/11/25,,2025-2026
67015704,K-MS-SI-20,67_67399_5136976,8/11/25,,2025-2026
67015704,K-MS-SI-A,67_67399_5136976,8/11/25,,2025-2026
67015880,4MS-SI-05,67_67399_5136976,8/11/25,,2025-2026
67015880,4MS-SI-06,67_67399_5136976,8/11/25,,2025-2026
67015966,4/5MS-SI06,67_67399_5136976,8/11/25,,2025-2026
67015966,5MS-SI-11,67_67399_5136976,8/11/25,,2025-2026
67016055,0495-01,67_67399_5136979,8/11/25,,2025-2026
67016055,0495-02,67_67399_5136979,8/11/25,,2025-2026
67016019,6MS-SI-09,67_67399_5136976,8/11/25,,2025-2026
67016019,6MS-SI-10,67_67399_5136976,8/11/25,,2025-2026
67015991,6MS-SI-09,67_67399_5136976,8/11/25,,2025-2026
67015991,6MS-SI-10,67_67399_5136976,8/11/25,,2025-2026
67016003,6MS-SI-09,67_67399_5136976,8/11/25,,2025-2026
67016003,6MS-SI-10,67_67399_5136976,8/11/25,,2025-2026
67016009,6MS-SI-09,67_67399_5136976,8/11/25,,2025-2026
67016009,6MS-SI-10,67_67399_5136976,8/11/25,,2025-2026
67015907,4MS-SI-05,67_67399_5136976,8/11/25,,2025-2026
67015907,4MS-SI-06,67_67399_5136976,8/11/25,,2025-2026
67015756,2MS-SI-14,67_67399_5136976,8/11/25,,2025-2026
67015756,2MS-SI-15,67_67399_5136976,8/11/25,,2025-2026
67016017,6MS-SI-09,67_67399_5136976,8/11/25,,2025-2026
67016017,6MS-SI-10,67_67399_5136976,8/11/25,,2025-2026
67015913,4MS-SI-05,67_67399_5136976,8/11/25,,2025-2026
67015913,4MS-SI-06,67_67399_5136976,8/11/25,,2025-2026
67015699,K-MS-SI-20,67_67399_5136976,8/11/25,,2025-2026
67015699,K-MS-SI-A,67_67399_5136976,8/11/25,,2025-2026
67015855,03MS-SI-13,67_67399_5136976,8/11/25,,2025-2026
67015855,3MS-SI-02,67_67399_5136976,8/11/25,,2025-2026
67015738,1MS-SI-16,67_67399_5136976,8/11/25,,2025-2026
67015738,1MS-SI-17,67_67399_5136976,8/11/25,,2025-2026
67016032,6MS-SI-09,67_67399_5136976,8/11/25,,2025-2026
67016032,6MS-SI-10,67_67399_5136976,8/11/25,,2025-2026
67015852,03MS-SI-13,67_67399_5136976,8/11/25,,2025-2026
67015852,3MS-SI-02,67_67399_5136976,8/11/25,,2025-2026
67015726,1MS-SI-16,67_67399_5136976,8/11/25,,2025-2026
67015726,1MS-SI-17,67_67399_5136976,8/11/25,,2025-2026
67015964,4/5MS-SI06,67_67399_5136976,8/11/25,,2025-2026
67015964,5MS-SI-11,67_67399_5136976,8/11/25,,2025-2026
67016040,0495-01,67_67399_5136979,8/11/25,,2025-2026
67016040,0495-02,67_67399_5136979,8/11/25,,2025-2026
67015935,4/5MS-SI06,67_67399_5136976,8/11/25,,2025-2026
67015935,5MS-SI-11,67_67399_5136976,8/11/25,,2025-2026
67016023,6MS-SI-09,67_67399_5136976,8/11/25,,2025-2026
67016023,6MS-SI-10,67_67399_5136976,8/11/25,,2025-2026
67015787,2MS-SI-14,67_67399_5136976,8/11/25,,2025-2026
67015787,2MS-SI-15,67_67399_5136976,8/11/25,,2025-2026
67016028,6MS-SI-09,67_67399_5136976,8/11/25,,2025-2026
67016028,6MS-SI-10,67_67399_5136976,8/11/25,,2025-2026
67016018,6MS-SI-09,67_67399_5136976,8/11/25,,2025-2026
67016018,6MS-SI-10,67_67399_5136976,8/11/25,,2025-2026
67016020,6MS-SI-09,67_67399_5136976,8/11/25,,2025-2026
67016020,6MS-SI-10,67_67399_5136976,8/11/25,,2025-2026
67015717,1MS-SI-16,67_67399_5136976,8/11/25,,2025-2026
67015717,1MS-SI-17,67_67399_5136976,8/11/25,,2025-2026
67015937,4/5MS-SI06,67_67399_5136976,8/11/25,,2025-2026
67015937,5MS-SI-11,67_67399_5136976,8/11/25,,2025-2026
67015737,1MS-SI-16,67_67399_5136976,8/11/25,,2025-2026
67015737,1MS-SI-17,67_67399_5136976,8/11/25,,2025-2026
67015791,2MS-SI-14,67_67399_5136976,8/11/25,,2025-2026
67015791,2MS-SI-15,67_67399_5136976,8/11/25,,2025-2026
67015854,03MS-SI-13,67_67399_5136976,8/11/25,,2025-2026
67015854,3MS-SI-02,67_67399_5136976,8/11/25,,2025-2026
67015761,2MS-SI-14,67_67399_5136976,8/11/25,,2025-2026
67015761,2MS-SI-15,67_67399_5136976,8/11/25,,2025-2026
67015946,4/5MS-SI06,67_67399_5136976,8/11/25,,2025-2026
67015946,5MS-SI-11,67_67399_5136976,8/11/25,,2025-2026
67015771,2MS-SI-14,67_67399_5136976,8/11/25,,2025-2026
67015771,2MS-SI-15,67_67399_5136976,8/11/25,,2025-2026
67015780,2MS-SI-14,67_67399_5136976,8/11/25,,2025-2026
67015780,2MS-SI-15,67_67399_5136976,8/11/25,,2025-2026
67015969,4/5MS-SI06,67_67399_5136976,8/11/25,,2025-2026
67015969,5MS-SI-11,67_67399_5136976,8/11/25,,2025-2026
67015773,2MS-SI-14,67_67399_5136976,8/11/25,,2025-2026
67015773,2MS-SI-15,67_67399_5136976,8/11/25,,2025-2026
67015873,4MS-SI-05,67_67399_5136976,8/11/25,,2025-2026
67015873,4MS-SI-06,67_67399_5136976,8/11/25,,2025-2026
67016088,0495-01,67_67399_5136979,8/11/25,,2025-2026
67016088,0495-02,67_67399_5136979,8/11/25,,2025-2026
67015767,2MS-SI-14,67_67399_5136976,8/11/25,,2025-2026
67015767,2MS-SI-15,67_67399_5136976,8/11/25,,2025-2026
67015831,03MS-SI-13,67_67399_5136976,8/11/25,,2025-2026
67015831,3MS-SI-02,67_67399_5136976,8/11/25,,2025-2026
67015727,1MS-SI-16,67_67399_5136976,8/11/25,,2025-2026
67015727,1MS-SI-17,67_67399_5136976,8/11/25,,2025-2026
67015863,4MS-SI-05,67_67399_5136976,8/11/25,,2025-2026
67015863,4MS-SI-06,67_67399_5136976,8/11/25,,2025-2026
67015961,4/5MS-SI06,67_67399_5136976,8/11/25,,2025-2026
67015961,5MS-SI-11,67_67399_5136976,8/11/25,,2025-2026
67015718,1MS-SI-16,67_67399_5136976,8/11/25,,2025-2026
67015718,1MS-SI-17,67_67399_5136976,8/11/25,,2025-2026
67015806,03MS-SI-13,67_67399_5136976,8/11/25,,2025-2026
67015806,3MS-SI-02,67_67399_5136976,8/11/25,,2025-2026
67015875,4MS-SI-05,67_67399_5136976,8/11/25,,2025-2026
67015875,4MS-SI-06,67_67399_5136976,8/11/25,,2025-2026
67015707,K-MS-SI-20,67_67399_5136976,8/11/25,,2025-2026
67015707,K-MS-SI-A,67_67399_5136976,8/11/25,,2025-2026
67016011,6MS-SI-09,67_67399_5136976,8/11/25,,2025-2026
67016011,6MS-SI-10,67_67399_5136976,8/11/25,,2025-2026
67015739,1MS-SI-16,67_67399_5136976,8/11/25,,2025-2026
67015739,1MS-SI-17,67_67399_5136976,8/11/25,,2025-2026
67015777,2MS-SI-14,67_67399_5136976,8/11/25,,2025-2026
67015777,2MS-SI-15,67_67399_5136976,8/11/25,,2025-2026
67015976,6MS-SI-09,67_67399_5136976,8/11/25,,2025-2026
67015976,6MS-SI-10,67_67399_5136976,8/11/25,,2025-2026
67015695,K-MS-SI-20,67_67399_5136976,8/11/25,,2025-2026
67015695,K-MS-SI-A,67_67399_5136976,8/11/25,,2025-2026
67015709,K-MS-SI-20,67_67399_5136976,8/11/25,,2025-2026
67015709,K-MS-SI-A,67_67399_5136976,8/11/25,,2025-2026
67015881,4MS-SI-05,67_67399_5136976,8/11/25,,2025-2026
67015881,4MS-SI-06,67_67399_5136976,8/11/25,,2025-2026
67015793,2MS-SI-14,67_67399_5136976,8/11/25,,2025-2026
67015793,2MS-SI-15,67_67399_5136976,8/11/25,,2025-2026
67015823,03MS-SI-13,67_67399_5136976,8/11/25,,2025-2026
67015823,3MS-SI-02,67_67399_5136976,8/11/25,,2025-2026
67016054,0495-01,67_67399_5136979,8/11/25,,2025-2026
67016054,0495-02,67_67399_5136979,8/11/25,,2025-2026
67016074,0495-01,67_67399_5136979,8/11/25,,2025-2026
67016074,0495-02,67_67399_5136979,8/11/25,,2025-2026
67015914,4MS-SI-05,67_67399_5136976,8/11/25,,2025-2026
67015914,4MS-SI-06,67_67399_5136976,8/11/25,,2025-2026
67015960,4/5MS-SI06,67_67399_5136976,8/11/25,,2025-2026
67015960,5MS-SI-11,67_67399_5136976,8/11/25,,2025-2026
67015765,2MS-SI-14,67_67399_5136976,8/11/25,,2025-2026
67015765,2MS-SI-15,67_67399_5136976,8/11/25,,2025-2026
67015967,4/5MS-SI06,67_67399_5136976,8/11/25,,2025-2026
67015967,5MS-SI-11,67_67399_5136976,8/11/25,,2025-2026
67015822,03MS-SI-13,67_67399_5136976,8/11/25,,2025-2026
67015822,3MS-SI-02,67_67399_5136976,8/11/25,,2025-2026
67015874,4MS-SI-05,67_67399_5136976,8/11/25,,2025-2026
67015874,4MS-SI-06,67_67399_5136976,8/11/25,,2025-2026
67016082,0495-01,67_67399_5136979,8/11/25,,2025-2026
67016082,0495-02,67_67399_5136979,8/11/25,,2025-2026
67016089,0495-01,67_67399_5136979,8/11/25,,2025-2026
67016089,0495-02,67_67399_5136979,8/11/25,,2025-2026
67016015,6MS-SI-09,67_67399_5136976,8/11/25,,2025-2026
67016015,6MS-SI-10,67_67399_5136976,8/11/25,,2025-2026
67015987,6MS-SI-09,67_67399_5136976,8/11/25,,2025-2026
67015987,6MS-SI-10,67_67399_5136976,8/11/25,,2025-2026
67015816,03MS-SI-13,67_67399_5136976,8/11/25,,2025-2026
67015816,3MS-SI-02,67_67399_5136976,8/11/25,,2025-2026
67015700,K-MS-SI-20,67_67399_5136976,8/11/25,,2025-2026
67015700,K-MS-SI-A,67_67399_5136976,8/11/25,,2025-2026
67015957,4/5MS-SI06,67_67399_5136976,8/11/25,,2025-2026
67015957,5MS-SI-11,67_67399_5136976,8/11/25,,2025-2026
67016024,6MS-SI-09,67_67399_5136976,8/11/25,,2025-2026
67016024,6MS-SI-10,67_67399_5136976,8/11/25,,2025-2026
67016004,6MS-SI-09,67_67399_5136976,8/11/25,,2025-2026
67016004,6MS-SI-10,67_67399_5136976,8/11/25,,2025-2026
67015870,4MS-SI-05,67_67399_5136976,8/11/25,,2025-2026
67015870,4MS-SI-06,67_67399_5136976,8/11/25,,2025-2026
67015965,4/5MS-SI06,67_67399_5136976,8/11/25,,2025-2026
67015965,5MS-SI-11,67_67399_5136976,8/11/25,,2025-2026
67015741,1MS-SI-16,67_67399_5136976,8/11/25,,2025-2026
67015741,1MS-SI-17,67_67399_5136976,8/11/25,,2025-2026
67015762,2MS-SI-14,67_67399_5136976,8/11/25,,2025-2026
67015762,2MS-SI-15,67_67399_5136976,8/11/25,,2025-2026
67016099,0495-01,67_67399_5136979,8/11/25,,2025-2026
67016099,0495-02,67_67399_5136979,8/11/25,,2025-2026
67015734,1MS-SI-16,67_67399_5136976,8/11/25,,2025-2026
67015734,1MS-SI-17,67_67399_5136976,8/11/25,,2025-2026
67015952,4/5MS-SI06,67_67399_5136976,8/11/25,,2025-2026
67015952,5MS-SI-11,67_67399_5136976,8/11/25,,2025-2026
67015769,2MS-SI-14,67_67399_5136976,8/11/25,,2025-2026
67015769,2MS-SI-15,67_67399_5136976,8/11/25,,2025-2026
67015837,03MS-SI-13,67_67399_5136976,8/11/25,,2025-2026
67015837,3MS-SI-02,67_67399_5136976,8/11/25,,2025-2026
67016086,0495-01,67_67399_5136979,8/11/25,,2025-2026
67016086,0495-02,67_67399_5136979,8/11/25,,2025-2026
67015968,4/5MS-SI06,67_67399_5136976,8/11/25,,2025-2026
67015968,5MS-SI-11,67_67399_5136976,8/11/25,,2025-2026
67015829,03MS-SI-13,67_67399_5136976,8/11/25,,2025-2026
67015829,3MS-SI-02,67_67399_5136976,8/11/25,,2025-2026
67015839,03MS-SI-13,67_67399_5136976,8/11/25,,2025-2026
67015839,3MS-SI-02,67_67399_5136976,8/11/25,,2025-2026
67015697,K-MS-SI-20,67_67399_5136976,8/11/25,,2025-2026
67015697,K-MS-SI-A,67_67399_5136976,8/11/25,,2025-2026
67015898,4MS-SI-05,67_67399_5136976,8/11/25,,2025-2026
67015898,4MS-SI-06,67_67399_5136976,8/11/25,,2025-2026
67015728,1MS-SI-16,67_67399_5136976,8/11/25,,2025-2026
67015728,1MS-SI-17,67_67399_5136976,8/11/25,,2025-2026
67016049,0495-01,67_67399_5136979,8/11/25,,2025-2026
67016049,0495-02,67_67399_5136979,8/11/25,,2025-2026
67016067,0495-01,67_67399_5136979,8/11/25,,2025-2026
67016067,0495-02,67_67399_5136979,8/11/25,,2025-2026
67015850,03MS-SI-13,67_67399_5136976,8/11/25,,2025-2026
67015850,3MS-SI-02,67_67399_5136976,8/11/25,,2025-2026
67015988,6MS-SI-09,67_67399_5136976,8/11/25,,2025-2026
67015988,6MS-SI-10,67_67399_5136976,8/11/25,,2025-2026
67015721,1MS-SI-16,67_67399_5136976,8/11/25,,2025-2026
67015721,1MS-SI-17,67_67399_5136976,8/11/25,,2025-2026
67015744,1MS-SI-16,67_67399_5136976,8/11/25,,2025-2026
67015744,1MS-SI-17,67_67399_5136976,8/11/25,,2025-2026
67015840,03MS-SI-13,67_67399_5136976,8/11/25,,2025-2026
67015840,3MS-SI-02,67_67399_5136976,8/11/25,,2025-2026
67015918,4/5MS-SI06,67_67399_5136976,8/11/25,,2025-2026
67015918,5MS-SI-11,67_67399_5136976,8/11/25,,2025-2026
67015924,4/5MS-SI06,67_67399_5136976,8/11/25,,2025-2026
67015924,5MS-SI-11,67_67399_5136976,8/11/25,,2025-2026
67015902,4MS-SI-05,67_67399_5136976,8/11/25,,2025-2026
67015902,4MS-SI-06,67_67399_5136976,8/11/25,,2025-2026
67015703,K-MS-SI-20,67_67399_5136976,8/11/25,,2025-2026
67015703,K-MS-SI-A,67_67399_5136976,8/11/25,,2025-2026
67015904,4MS-SI-05,67_67399_5136976,8/11/25,,2025-2026
67015904,4MS-SI-06,67_67399_5136976,8/11/25,,2025-2026
67015894,4MS-SI-05,67_67399_5136976,8/11/25,,2025-2026
67015894,4MS-SI-06,67_67399_5136976,8/11/25,,2025-2026
67016624,6 RD-SI-01,67_67399_5136977,8/11/25,,2025-2026
67016624,6 RD-SI-02,67_67399_5136977,8/11/25,,2025-2026
67016360,3 RD-SI-16,67_67399_5136977,8/11/25,,2025-2026
67016360,3 RD-SI-17,67_67399_5136977,8/11/25,,2025-2026
67016688,0495-01,67_67399_5136979,8/11/25,,2025-2026
67016688,0495-02,67_67399_5136979,8/11/25,,2025-2026
67016282,2 RD-SI-13,67_67399_5136977,8/11/25,,2025-2026
67016282,2 RD-SI-14,67_67399_5136977,8/11/25,,2025-2026
67016110,K RD-SI-K1,67_67399_5136977,8/11/25,,2025-2026
67016110,K RD-SI-K4,67_67399_5136977,8/11/25,,2025-2026
67016397,4 RD-SI-09,67_67399_5136977,8/11/25,,2025-2026
67016397,4 RD-SI-10,67_67399_5136977,8/11/25,,2025-2026
67016410,4 RD-SI-09,67_67399_5136977,8/11/25,,2025-2026
67016410,4 RD-SI-10,67_67399_5136977,8/11/25,,2025-2026
67016252,2 RD-SI-13,67_67399_5136977,8/11/25,,2025-2026
67016252,2 RD-SI-14,67_67399_5136977,8/11/25,,2025-2026
67016269,2 RD-SI-13,67_67399_5136977,8/11/25,,2025-2026
67016269,2 RD-SI-14,67_67399_5136977,8/11/25,,2025-2026
67016300,2 RD-SI-13,67_67399_5136977,8/11/25,,2025-2026
67016300,2 RD-SI-14,67_67399_5136977,8/11/25,,2025-2026
67016294,2 RD-SI-13,67_67399_5136977,8/11/25,,2025-2026
67016294,2 RD-SI-14,67_67399_5136977,8/11/25,,2025-2026
67016108,K RD-SI-K1,67_67399_5136977,8/11/25,,2025-2026
67016108,K RD-SI-K4,67_67399_5136977,8/11/25,,2025-2026
67016497,4/5RD-SI11,67_67399_5136977,8/11/25,,2025-2026
67016497,5 RD-SI-05,67_67399_5136977,8/11/25,,2025-2026
67016283,2 RD-SI-13,67_67399_5136977,8/11/25,,2025-2026
67016283,2 RD-SI-14,67_67399_5136977,8/11/25,,2025-2026
67016207,1 RD-SI-20,67_67399_5136977,8/11/25,,2025-2026
67016207,1 RD-SI-21,67_67399_5136977,8/11/25,,2025-2026
67016704,0495-01,67_67399_5136979,8/11/25,,2025-2026
67016704,0495-02,67_67399_5136979,8/11/25,,2025-2026
67016573,6 RD-SI-01,67_67399_5136977,8/11/25,,2025-2026
67016573,6 RD-SI-02,67_67399_5136977,8/11/25,,2025-2026
67016715,0495-01,67_67399_5136979,8/11/25,,2025-2026
67016715,0495-02,67_67399_5136979,8/11/25,,2025-2026
67016239,2 RD-SI-13,67_67399_5136977,8/11/25,,2025-2026
67016239,2 RD-SI-14,67_67399_5136977,8/11/25,,2025-2026
67016260,2 RD-SI-13,67_67399_5136977,8/11/25,,2025-2026
67016260,2 RD-SI-14,67_67399_5136977,8/11/25,,2025-2026
67016320,3 RD-SI-16,67_67399_5136977,8/11/25,,2025-2026
67016320,3 RD-SI-17,67_67399_5136977,8/11/25,,2025-2026
67016279,2 RD-SI-13,67_67399_5136977,8/11/25,,2025-2026
67016279,2 RD-SI-14,67_67399_5136977,8/11/25,,2025-2026
67016696,0495-01,67_67399_5136979,8/11/25,,2025-2026
67016696,0495-02,67_67399_5136979,8/11/25,,2025-2026
67016419,4 RD-SI-09,67_67399_5136977,8/11/25,,2025-2026
67016419,4 RD-SI-10,67_67399_5136977,8/11/25,,2025-2026
67016426,4 RD-SI-09,67_67399_5136977,8/11/25,,2025-2026
67016426,4 RD-SI-10,67_67399_5136977,8/11/25,,2025-2026
67016225,2 RD-SI-13,67_67399_5136977,8/11/25,,2025-2026
67016225,2 RD-SI-14,67_67399_5136977,8/11/25,,2025-2026
67016701,0495-01,67_67399_5136979,8/11/25,,2025-2026
67016701,0495-02,67_67399_5136979,8/11/25,,2025-2026
67016228,2 RD-SI-13,67_67399_5136977,8/11/25,,2025-2026
67016228,2 RD-SI-14,67_67399_5136977,8/11/25,,2025-2026
67016344,3 RD-SI-16,67_67399_5136977,8/11/25,,2025-2026
67016344,3 RD-SI-17,67_67399_5136977,8/11/25,,2025-2026
67016350,3 RD-SI-16,67_67399_5136977,8/11/25,,2025-2026
67016350,3 RD-SI-17,67_67399_5136977,8/11/25,,2025-2026
67016529,4/5RD-SI11,67_67399_5136977,8/11/25,,2025-2026
67016529,5 RD-SI-05,67_67399_5136977,8/11/25,,2025-2026
67016690,0495-01,67_67399_5136979,8/11/25,,2025-2026
67016690,0495-02,67_67399_5136979,8/11/25,,2025-2026
67016600,6 RD-SI-01,67_67399_5136977,8/11/25,,2025-2026
67016600,6 RD-SI-02,67_67399_5136977,8/11/25,,2025-2026
67016551,4/5RD-SI11,67_67399_5136977,8/11/25,,2025-2026
67016551,5 RD-SI-05,67_67399_5136977,8/11/25,,2025-2026
67016284,2 RD-SI-13,67_67399_5136977,8/11/25,,2025-2026
67016284,2 RD-SI-14,67_67399_5136977,8/11/25,,2025-2026
67016417,4 RD-SI-09,67_67399_5136977,8/11/25,,2025-2026
67016417,4 RD-SI-10,67_67399_5136977,8/11/25,,2025-2026
67016717,0495-01,67_67399_5136979,8/11/25,,2025-2026
67016717,0495-02,67_67399_5136979,8/11/25,,2025-2026
67016209,2 RD-SI-13,67_67399_5136977,8/11/25,,2025-2026
67016209,2 RD-SI-14,67_67399_5136977,8/11/25,,2025-2026
67016117,K RD-SI-K1,67_67399_5136977,8/11/25,,2025-2026
67016117,K RD-SI-K4,67_67399_5136977,8/11/25,,2025-2026
67016500,4/5RD-SI11,67_67399_5136977,8/11/25,,2025-2026
67016500,5 RD-SI-05,67_67399_5136977,8/11/25,,2025-2026
67016632,6 RD-SI-01,67_67399_5136977,8/11/25,,2025-2026
67016632,6 RD-SI-02,67_67399_5136977,8/11/25,,2025-2026
67016189,1 RD-SI-20,67_67399_5136977,8/11/25,,2025-2026
67016189,1 RD-SI-21,67_67399_5136977,8/11/25,,2025-2026
67016725,0495-01,67_67399_5136979,8/11/25,,2025-2026
67016725,0495-02,67_67399_5136979,8/11/25,,2025-2026
67016309,2 RD-SI-13,67_67399_5136977,8/11/25,,2025-2026
67016309,2 RD-SI-14,67_67399_5136977,8/11/25,,2025-2026
67016503,4/5RD-SI11,67_67399_5136977,8/11/25,,2025-2026
67016503,5 RD-SI-05,67_67399_5136977,8/11/25,,2025-2026
67016625,6 RD-SI-01,67_67399_5136977,8/11/25,,2025-2026
67016625,6 RD-SI-02,67_67399_5136977,8/11/25,,2025-2026
67016415,4 RD-SI-09,67_67399_5136977,8/11/25,,2025-2026
67016415,4 RD-SI-10,67_67399_5136977,8/11/25,,2025-2026
67016155,1 RD-SI-20,67_67399_5136977,8/11/25,,2025-2026
67016155,1 RD-SI-21,67_67399_5136977,8/11/25,,2025-2026
67016202,1 RD-SI-20,67_67399_5136977,8/11/25,,2025-2026
67016202,1 RD-SI-21,67_67399_5136977,8/11/25,,2025-2026
67016449,4 RD-SI-09,67_67399_5136977,8/11/25,,2025-2026
67016449,4 RD-SI-10,67_67399_5136977,8/11/25,,2025-2026
67016288,2 RD-SI-13,67_67399_5136977,8/11/25,,2025-2026
67016288,2 RD-SI-14,67_67399_5136977,8/11/25,,2025-2026
67016609,6 RD-SI-01,67_67399_5136977,8/11/25,,2025-2026
67016609,6 RD-SI-02,67_67399_5136977,8/11/25,,2025-2026
67016385,3 RD-SI-16,67_67399_5136977,8/11/25,,2025-2026
67016385,3 RD-SI-17,67_67399_5136977,8/11/25,,2025-2026
67016670,0495-01,67_67399_5136979,8/11/25,,2025-2026
67016670,0495-02,67_67399_5136979,8/11/25,,2025-2026
67016650,0495-01,67_67399_5136979,8/11/25,,2025-2026
67016650,0495-02,67_67399_5136979,8/11/25,,2025-2026
67016413,4 RD-SI-09,67_67399_5136977,8/11/25,,2025-2026
67016413,4 RD-SI-10,67_67399_5136977,8/11/25,,2025-2026
67016280,2 RD-SI-13,67_67399_5136977,8/11/25,,2025-2026
67016280,2 RD-SI-14,67_67399_5136977,8/11/25,,2025-2026
67016176,1 RD-SI-20,67_67399_5136977,8/11/25,,2025-2026
67016176,1 RD-SI-21,67_67399_5136977,8/11/25,,2025-2026
67016521,4/5RD-SI11,67_67399_5136977,8/11/25,,2025-2026
67016521,5 RD-SI-05,67_67399_5136977,8/11/25,,2025-2026
67016402,4 RD-SI-09,67_67399_5136977,8/11/25,,2025-2026
67016402,4 RD-SI-10,67_67399_5136977,8/11/25,,2025-2026
67016659,0495-01,67_67399_5136979,8/11/25,,2025-2026
67016659,0495-02,67_67399_5136979,8/11/25,,2025-2026
67016544,4/5RD-SI11,67_67399_5136977,8/11/25,,2025-2026
67016544,5 RD-SI-05,67_67399_5136977,8/11/25,,2025-2026
67016699,0495-01,67_67399_5136979,8/11/25,,2025-2026
67016699,0495-02,67_67399_5136979,8/11/25,,2025-2026
67016336,3 RD-SI-16,67_67399_5136977,8/11/25,,2025-2026
67016336,3 RD-SI-17,67_67399_5136977,8/11/25,,2025-2026
67016222,2 RD-SI-13,67_67399_5136977,8/11/25,,2025-2026
67016222,2 RD-SI-14,67_67399_5136977,8/11/25,,2025-2026
67016635,6 RD-SI-01,67_67399_5136977,8/11/25,,2025-2026
67016635,6 RD-SI-02,67_67399_5136977,8/11/25,,2025-2026
67016463,4 RD-SI-09,67_67399_5136977,8/11/25,,2025-2026
67016463,4 RD-SI-10,67_67399_5136977,8/11/25,,2025-2026
67016118,K RD-SI-K1,67_67399_5136977,8/11/25,,2025-2026
67016118,K RD-SI-K4,67_67399_5136977,8/11/25,,2025-2026
67016367,3 RD-SI-16,67_67399_5136977,8/11/25,,2025-2026
67016367,3 RD-SI-17,67_67399_5136977,8/11/25,,2025-2026
67016396,4 RD-SI-09,67_67399_5136977,8/11/25,,2025-2026
67016396,4 RD-SI-10,67_67399_5136977,8/11/25,,2025-2026
67016381,3 RD-SI-16,67_67399_5136977,8/11/25,,2025-2026
67016381,3 RD-SI-17,67_67399_5136977,8/11/25,,2025-2026
67016674,0495-01,67_67399_5136979,8/11/25,,2025-2026
67016674,0495-02,67_67399_5136979,8/11/25,,2025-2026
67016373,3 RD-SI-16,67_67399_5136977,8/11/25,,2025-2026
67016373,3 RD-SI-17,67_67399_5136977,8/11/25,,2025-2026
67016564,6 RD-SI-01,67_67399_5136977,8/11/25,,2025-2026
67016564,6 RD-SI-02,67_67399_5136977,8/11/25,,2025-2026
67016408,4 RD-SI-09,67_67399_5136977,8/11/25,,2025-2026
67016408,4 RD-SI-10,67_67399_5136977,8/11/25,,2025-2026
67016109,K RD-SI-K1,67_67399_5136977,8/11/25,,2025-2026
67016109,K RD-SI-K4,67_67399_5136977,8/11/25,,2025-2026
67016508,4/5RD-SI11,67_67399_5136977,8/11/25,,2025-2026
67016508,5 RD-SI-05,67_67399_5136977,8/11/25,,2025-2026
67016223,2 RD-SI-13,67_67399_5136977,8/11/25,,2025-2026
67016223,2 RD-SI-14,67_67399_5136977,8/11/25,,2025-2026
67016187,1 RD-SI-20,67_67399_5136977,8/11/25,,2025-2026
67016187,1 RD-SI-21,67_67399_5136977,8/11/25,,2025-2026
67016547,4/5RD-SI11,67_67399_5136977,8/11/25,,2025-2026
67016547,5 RD-SI-05,67_67399_5136977,8/11/25,,2025-2026
67016525,4/5RD-SI11,67_67399_5136977,8/11/25,,2025-2026
67016525,5 RD-SI-05,67_67399_5136977,8/11/25,,2025-2026
67016342,3 RD-SI-16,67_67399_5136977,8/11/25,,2025-2026
67016342,3 RD-SI-17,67_67399_5136977,8/11/25,,2025-2026
67016665,0495-01,67_67399_5136979,8/11/25,,2025-2026
67016665,0495-02,67_67399_5136979,8/11/25,,2025-2026
67016148,1 RD-SI-20,67_67399_5136977,8/11/25,,2025-2026
67016148,1 RD-SI-21,67_67399_5136977,8/11/25,,2025-2026
67016498,4/5RD-SI11,67_67399_5136977,8/11/25,,2025-2026
67016498,5 RD-SI-05,67_67399_5136977,8/11/25,,2025-2026
67016250,2 RD-SI-13,67_67399_5136977,8/11/25,,2025-2026
67016250,2 RD-SI-14,67_67399_5136977,8/11/25,,2025-2026
67016263,2 RD-SI-13,67_67399_5136977,8/11/25,,2025-2026
67016263,2 RD-SI-14,67_67399_5136977,8/11/25,,2025-2026
67016380,3 RD-SI-16,67_67399_5136977,8/11/25,,2025-2026
67016380,3 RD-SI-17,67_67399_5136977,8/11/25,,2025-2026
67016167,1 RD-SI-20,67_67399_5136977,8/11/25,,2025-2026
67016167,1 RD-SI-21,67_67399_5136977,8/11/25,,2025-2026
67016520,4/5RD-SI11,67_67399_5136977,8/11/25,,2025-2026
67016520,5 RD-SI-05,67_67399_5136977,8/11/25,,2025-2026
67016254,2 RD-SI-13,67_67399_5136977,8/11/25,,2025-2026
67016254,2 RD-SI-14,67_67399_5136977,8/11/25,,2025-2026
67016291,2 RD-SI-13,67_67399_5136977,8/11/25,,2025-2026
67016291,2 RD-SI-14,67_67399_5136977,8/11/25,,2025-2026
67016317,3 RD-SI-16,67_67399_5136977,8/11/25,,2025-2026
67016317,3 RD-SI-17,67_67399_5136977,8/11/25,,2025-2026
67016558,4/5RD-SI11,67_67399_5136977,8/11/25,,2025-2026
67016558,5 RD-SI-05,67_67399_5136977,8/11/25,,2025-2026
67016307,2 RD-SI-13,67_67399_5136977,8/11/25,,2025-2026
67016307,2 RD-SI-14,67_67399_5136977,8/11/25,,2025-2026
67016549,4/5RD-SI11,67_67399_5136977,8/11/25,,2025-2026
67016549,5 RD-SI-05,67_67399_5136977,8/11/25,,2025-2026
67016591,6 RD-SI-01,67_67399_5136977,8/11/25,,2025-2026
67016591,6 RD-SI-02,67_67399_5136977,8/11/25,,2025-2026
67016689,0495-01,67_67399_5136979,8/11/25,,2025-2026
67016689,0495-02,67_67399_5136979,8/11/25,,2025-2026
67016568,6 RD-SI-01,67_67399_5136977,8/11/25,,2025-2026
67016568,6 RD-SI-02,67_67399_5136977,8/11/25,,2025-2026
67016293,2 RD-SI-13,67_67399_5136977,8/11/25,,2025-2026
67016293,2 RD-SI-14,67_67399_5136977,8/11/25,,2025-2026
67016456,4 RD-SI-09,67_67399_5136977,8/11/25,,2025-2026
67016456,4 RD-SI-10,67_67399_5136977,8/11/25,,2025-2026
67016667,0495-01,67_67399_5136979,8/11/25,,2025-2026
67016667,0495-02,67_67399_5136979,8/11/25,,2025-2026
67016608,6 RD-SI-01,67_67399_5136977,8/11/25,,2025-2026
67016608,6 RD-SI-02,67_67399_5136977,8/11/25,,2025-2026
67016257,2 RD-SI-13,67_67399_5136977,8/11/25,,2025-2026
67016257,2 RD-SI-14,67_67399_5136977,8/11/25,,2025-2026
67016199,1 RD-SI-20,67_67399_5136977,8/11/25,,2025-2026
67016199,1 RD-SI-21,67_67399_5136977,8/11/25,,2025-2026
67016618,6 RD-SI-01,67_67399_5136977,8/11/25,,2025-2026
67016618,6 RD-SI-02,67_67399_5136977,8/11/25,,2025-2026
67016491,4/5RD-SI11,67_67399_5136977,8/11/25,,2025-2026
67016491,5 RD-SI-05,67_67399_5136977,8/11/25,,2025-2026
67016115,K RD-SI-K1,67_67399_5136977,8/11/25,,2025-2026
67016115,K RD-SI-K4,67_67399_5136977,8/11/25,,2025-2026
67016648,6 RD-SI-01,67_67399_5136977,8/11/25,,2025-2026
67016648,6 RD-SI-02,67_67399_5136977,8/11/25,,2025-2026
67016507,4/5RD-SI11,67_67399_5136977,8/11/25,,2025-2026
67016507,5 RD-SI-05,67_67399_5136977,8/11/25,,2025-2026
67016501,4/5RD-SI11,67_67399_5136977,8/11/25,,2025-2026
67016501,5 RD-SI-05,67_67399_5136977,8/11/25,,2025-2026
67016401,4 RD-SI-09,67_67399_5136977,8/11/25,,2025-2026
67016401,4 RD-SI-10,67_67399_5136977,8/11/25,,2025-2026
67016324,3 RD-SI-16,67_67399_5136977,8/11/25,,2025-2026
67016324,3 RD-SI-17,67_67399_5136977,8/11/25,,2025-2026
67016611,6 RD-SI-01,67_67399_5136977,8/11/25,,2025-2026
67016611,6 RD-SI-02,67_67399_5136977,8/11/25,,2025-2026
67016345,3 RD-SI-16,67_67399_5136977,8/11/25,,2025-2026
67016345,3 RD-SI-17,67_67399_5136977,8/11/25,,2025-2026
67016454,4 RD-SI-09,67_67399_5136977,8/11/25,,2025-2026
67016454,4 RD-SI-10,67_67399_5136977,8/11/25,,2025-2026
67016255,2 RD-SI-13,67_67399_5136977,8/11/25,,2025-2026
67016255,2 RD-SI-14,67_67399_5136977,8/11/25,,2025-2026
67016490,4/5RD-SI11,67_67399_5136977,8/11/25,,2025-2026
67016490,5 RD-SI-05,67_67399_5136977,8/11/25,,2025-2026
67016702,0495-01,67_67399_5136979,8/11/25,,2025-2026
67016702,0495-02,67_67399_5136979,8/11/25,,2025-2026
67016203,1 RD-SI-20,67_67399_5136977,8/11/25,,2025-2026
67016203,1 RD-SI-21,67_67399_5136977,8/11/25,,2025-2026
67016314,3 RD-SI-16,67_67399_5136977,8/11/25,,2025-2026
67016314,3 RD-SI-17,67_67399_5136977,8/11/25,,2025-2026
67016671,0495-01,67_67399_5136979,8/11/25,,2025-2026
67016671,0495-02,67_67399_5136979,8/11/25,,2025-2026
67016316,3 RD-SI-16,67_67399_5136977,8/11/25,,2025-2026
67016316,3 RD-SI-17,67_67399_5136977,8/11/25,,2025-2026
67016436,4 RD-SI-09,67_67399_5136977,8/11/25,,2025-2026
67016436,4 RD-SI-10,67_67399_5136977,8/11/25,,2025-2026
67016672,0495-01,67_67399_5136979,8/11/25,,2025-2026
67016672,0495-02,67_67399_5136979,8/11/25,,2025-2026
67016663,0495-01,67_67399_5136979,8/11/25,,2025-2026
67016663,0495-02,67_67399_5136979,8/11/25,,2025-2026
67016522,4/5RD-SI11,67_67399_5136977,8/11/25,,2025-2026
67016522,5 RD-SI-05,67_67399_5136977,8/11/25,,2025-2026
67016531,4/5RD-SI11,67_67399_5136977,8/11/25,,2025-2026
67016531,5 RD-SI-05,67_67399_5136977,8/11/25,,2025-2026
67016172,1 RD-SI-20,67_67399_5136977,8/11/25,,2025-2026
67016172,1 RD-SI-21,67_67399_5136977,8/11/25,,2025-2026
67016116,K RD-SI-K1,67_67399_5136977,8/11/25,,2025-2026
67016116,K RD-SI-K4,67_67399_5136977,8/11/25,,2025-2026
67016113,K RD-SI-K1,67_67399_5136977,8/11/25,,2025-2026
67016113,K RD-SI-K4,67_67399_5136977,8/11/25,,2025-2026
67016368,3 RD-SI-16,67_67399_5136977,8/11/25,,2025-2026
67016368,3 RD-SI-17,67_67399_5136977,8/11/25,,2025-2026
67016687,0495-01,67_67399_5136979,8/11/25,,2025-2026
67016687,0495-02,67_67399_5136979,8/11/25,,2025-2026
67016533,4/5RD-SI11,67_67399_5136977,8/11/25,,2025-2026
67016533,5 RD-SI-05,67_67399_5136977,8/11/25,,2025-2026
67016103,K RD-SI-K1,67_67399_5136977,8/11/25,,2025-2026
67016103,K RD-SI-K4,67_67399_5136977,8/11/25,,2025-2026
67016274,2 RD-SI-13,67_67399_5136977,8/11/25,,2025-2026
67016274,2 RD-SI-14,67_67399_5136977,8/11/25,,2025-2026
67016443,4 RD-SI-09,67_67399_5136977,8/11/25,,2025-2026
67016443,4 RD-SI-10,67_67399_5136977,8/11/25,,2025-2026
67016160,1 RD-SI-20,67_67399_5136977,8/11/25,,2025-2026
67016160,1 RD-SI-21,67_67399_5136977,8/11/25,,2025-2026
67016388,3 RD-SI-16,67_67399_5136977,8/11/25,,2025-2026
67016388,3 RD-SI-17,67_67399_5136977,8/11/25,,2025-2026
67016131,1 RD-SI-20,67_67399_5136977,8/11/25,,2025-2026
67016131,1 RD-SI-21,67_67399_5136977,8/11/25,,2025-2026
67016359,3 RD-SI-16,67_67399_5136977,8/11/25,,2025-2026
67016359,3 RD-SI-17,67_67399_5136977,8/11/25,,2025-2026
67016403,4 RD-SI-09,67_67399_5136977,8/11/25,,2025-2026
67016403,4 RD-SI-10,67_67399_5136977,8/11/25,,2025-2026
67016240,2 RD-SI-13,67_67399_5136977,8/11/25,,2025-2026
67016240,2 RD-SI-14,67_67399_5136977,8/11/25,,2025-2026
67016369,3 RD-SI-16,67_67399_5136977,8/11/25,,2025-2026
67016369,3 RD-SI-17,67_67399_5136977,8/11/25,,2025-2026
67016527,4/5RD-SI11,67_67399_5136977,8/11/25,,2025-2026
67016527,5 RD-SI-05,67_67399_5136977,8/11/25,,2025-2026
67016431,4 RD-SI-09,67_67399_5136977,8/11/25,,2025-2026
67016431,4 RD-SI-10,67_67399_5136977,8/11/25,,2025-2026
67016634,6 RD-SI-01,67_67399_5136977,8/11/25,,2025-2026
67016634,6 RD-SI-02,67_67399_5136977,8/11/25,,2025-2026
67016481,4/5RD-SI11,67_67399_5136977,8/11/25,,2025-2026
67016481,5 RD-SI-05,67_67399_5136977,8/11/25,,2025-2026
67016161,1 RD-SI-20,67_67399_5136977,8/11/25,,2025-2026
67016161,1 RD-SI-21,67_67399_5136977,8/11/25,,2025-2026
67016676,0495-01,67_67399_5136979,8/11/25,,2025-2026
67016676,0495-02,67_67399_5136979,8/11/25,,2025-2026
67016645,6 RD-SI-01,67_67399_5136977,8/11/25,,2025-2026
67016645,6 RD-SI-02,67_67399_5136977,8/11/25,,2025-2026
67016592,6 RD-SI-01,67_67399_5136977,8/11/25,,2025-2026
67016592,6 RD-SI-02,67_67399_5136977,8/11/25,,2025-2026
67016147,1 RD-SI-20,67_67399_5136977,8/11/25,,2025-2026
67016147,1 RD-SI-21,67_67399_5136977,8/11/25,,2025-2026
67016178,1 RD-SI-20,67_67399_5136977,8/11/25,,2025-2026
67016178,1 RD-SI-21,67_67399_5136977,8/11/25,,2025-2026
67016219,2 RD-SI-13,67_67399_5136977,8/11/25,,2025-2026
67016219,2 RD-SI-14,67_67399_5136977,8/11/25,,2025-2026
67016146,1 RD-SI-20,67_67399_5136977,8/11/25,,2025-2026
67016146,1 RD-SI-21,67_67399_5136977,8/11/25,,2025-2026
67016328,3 RD-SI-16,67_67399_5136977,8/11/25,,2025-2026
67016328,3 RD-SI-17,67_67399_5136977,8/11/25,,2025-2026
67016227,2 RD-SI-13,67_67399_5136977,8/11/25,,2025-2026
67016227,2 RD-SI-14,67_67399_5136977,8/11/25,,2025-2026
67016130,1 RD-SI-20,67_67399_5136977,8/11/25,,2025-2026
67016130,1 RD-SI-21,67_67399_5136977,8/11/25,,2025-2026
67016106,K RD-SI-K1,67_67399_5136977,8/11/25,,2025-2026
67016106,K RD-SI-K4,67_67399_5136977,8/11/25,,2025-2026
67016610,6 RD-SI-01,67_67399_5136977,8/11/25,,2025-2026
67016610,6 RD-SI-02,67_67399_5136977,8/11/25,,2025-2026
67016539,4/5RD-SI11,67_67399_5136977,8/11/25,,2025-2026
67016539,5 RD-SI-05,67_67399_5136977,8/11/25,,2025-2026
67016642,6 RD-SI-01,67_67399_5136977,8/11/25,,2025-2026
67016642,6 RD-SI-02,67_67399_5136977,8/11/25,,2025-2026
67016352,3 RD-SI-16,67_67399_5136977,8/11/25,,2025-2026
67016352,3 RD-SI-17,67_67399_5136977,8/11/25,,2025-2026
67016706,0495-01,67_67399_5136979,8/11/25,,2025-2026
67016706,0495-02,67_67399_5136979,8/11/25,,2025-2026
67016124,K RD-SI-K1,67_67399_5136977,8/11/25,,2025-2026
67016124,K RD-SI-K4,67_67399_5136977,8/11/25,,2025-2026
67016452,4 RD-SI-09,67_67399_5136977,8/11/25,,2025-2026
67016452,4 RD-SI-10,67_67399_5136977,8/11/25,,2025-2026
67016464,4 RD-SI-09,67_67399_5136977,8/11/25,,2025-2026
67016464,4 RD-SI-10,67_67399_5136977,8/11/25,,2025-2026
67016570,6 RD-SI-01,67_67399_5136977,8/11/25,,2025-2026
67016570,6 RD-SI-02,67_67399_5136977,8/11/25,,2025-2026
67016326,3 RD-SI-16,67_67399_5136977,8/11/25,,2025-2026
67016326,3 RD-SI-17,67_67399_5136977,8/11/25,,2025-2026
67016234,2 RD-SI-13,67_67399_5136977,8/11/25,,2025-2026
67016234,2 RD-SI-14,67_67399_5136977,8/11/25,,2025-2026
67016370,3 RD-SI-16,67_67399_5136977,8/11/25,,2025-2026
67016370,3 RD-SI-17,67_67399_5136977,8/11/25,,2025-2026
67016374,3 RD-SI-16,67_67399_5136977,8/11/25,,2025-2026
67016374,3 RD-SI-17,67_67399_5136977,8/11/25,,2025-2026
67016603,6 RD-SI-01,67_67399_5136977,8/11/25,,2025-2026
67016603,6 RD-SI-02,67_67399_5136977,8/11/25,,2025-2026
67016698,0495-01,67_67399_5136979,8/11/25,,2025-2026
67016698,0495-02,67_67399_5136979,8/11/25,,2025-2026
67016669,0495-01,67_67399_5136979,8/11/25,,2025-2026
67016669,0495-02,67_67399_5136979,8/11/25,,2025-2026
67016134,1 RD-SI-20,67_67399_5136977,8/11/25,,2025-2026
67016134,1 RD-SI-21,67_67399_5136977,8/11/25,,2025-2026
67016281,2 RD-SI-13,67_67399_5136977,8/11/25,,2025-2026
67016281,2 RD-SI-14,67_67399_5136977,8/11/25,,2025-2026
67016526,4/5RD-SI11,67_67399_5136977,8/11/25,,2025-2026
67016526,5 RD-SI-05,67_67399_5136977,8/11/25,,2025-2026
67016145,1 RD-SI-20,67_67399_5136977,8/11/25,,2025-2026
67016145,1 RD-SI-21,67_67399_5136977,8/11/25,,2025-2026
67016584,6 RD-SI-01,67_67399_5136977,8/11/25,,2025-2026
67016584,6 RD-SI-02,67_67399_5136977,8/11/25,,2025-2026
67016231,2 RD-SI-13,67_67399_5136977,8/11/25,,2025-2026
67016231,2 RD-SI-14,67_67399_5136977,8/11/25,,2025-2026
67016332,3 RD-SI-16,67_67399_5136977,8/11/25,,2025-2026
67016332,3 RD-SI-17,67_67399_5136977,8/11/25,,2025-2026
67016583,6 RD-SI-01,67_67399_5136977,8/11/25,,2025-2026
67016583,6 RD-SI-02,67_67399_5136977,8/11/25,,2025-2026
67016137,1 RD-SI-20,67_67399_5136977,8/11/25,,2025-2026
67016137,1 RD-SI-21,67_67399_5136977,8/11/25,,2025-2026
67016658,0495-01,67_67399_5136979,8/11/25,,2025-2026
67016658,0495-02,67_67399_5136979,8/11/25,,2025-2026
67016654,0495-01,67_67399_5136979,8/11/25,,2025-2026
67016654,0495-02,67_67399_5136979,8/11/25,,2025-2026
67016677,0495-01,67_67399_5136979,8/11/25,,2025-2026
67016677,0495-02,67_67399_5136979,8/11/25,,2025-2026
67016407,4 RD-SI-09,67_67399_5136977,8/11/25,,2025-2026
67016407,4 RD-SI-10,67_67399_5136977,8/11/25,,2025-2026
67016546,4/5RD-SI11,67_67399_5136977,8/11/25,,2025-2026
67016546,5 RD-SI-05,67_67399_5136977,8/11/25,,2025-2026
67016499,4/5RD-SI11,67_67399_5136977,8/11/25,,2025-2026
67016499,5 RD-SI-05,67_67399_5136977,8/11/25,,2025-2026
67016636,6 RD-SI-01,67_67399_5136977,8/11/25,,2025-2026
67016636,6 RD-SI-02,67_67399_5136977,8/11/25,,2025-2026
67016723,0495-01,67_67399_5136979,8/11/25,,2025-2026
67016723,0495-02,67_67399_5136979,8/11/25,,2025-2026
67016621,6 RD-SI-01,67_67399_5136977,8/11/25,,2025-2026
67016621,6 RD-SI-02,67_67399_5136977,8/11/25,,2025-2026
67016550,4/5RD-SI11,67_67399_5136977,8/11/25,,2025-2026
67016550,5 RD-SI-05,67_67399_5136977,8/11/25,,2025-2026
67016416,4 RD-SI-09,67_67399_5136977,8/11/25,,2025-2026
67016416,4 RD-SI-10,67_67399_5136977,8/11/25,,2025-2026
67016460,4 RD-SI-09,67_67399_5136977,8/11/25,,2025-2026
67016460,4 RD-SI-10,67_67399_5136977,8/11/25,,2025-2026
67016604,6 RD-SI-01,67_67399_5136977,8/11/25,,2025-2026
67016604,6 RD-SI-02,67_67399_5136977,8/11/25,,2025-2026
67016409,4 RD-SI-09,67_67399_5136977,8/11/25,,2025-2026
67016409,4 RD-SI-10,67_67399_5136977,8/11/25,,2025-2026
67016286,2 RD-SI-13,67_67399_5136977,8/11/25,,2025-2026
67016286,2 RD-SI-14,67_67399_5136977,8/11/25,,2025-2026
67016509,4/5RD-SI11,67_67399_5136977,8/11/25,,2025-2026
67016509,5 RD-SI-05,67_67399_5136977,8/11/25,,2025-2026
67016668,0495-01,67_67399_5136979,8/11/25,,2025-2026
67016668,0495-02,67_67399_5136979,8/11/25,,2025-2026
67016437,4 RD-SI-09,67_67399_5136977,8/11/25,,2025-2026
67016437,4 RD-SI-10,67_67399_5136977,8/11/25,,2025-2026
67016384,3 RD-SI-16,67_67399_5136977,8/11/25,,2025-2026
67016384,3 RD-SI-17,67_67399_5136977,8/11/25,,2025-2026
67016311,2 RD-SI-13,67_67399_5136977,8/11/25,,2025-2026
67016311,2 RD-SI-14,67_67399_5136977,8/11/25,,2025-2026
67016428,4 RD-SI-09,67_67399_5136977,8/11/25,,2025-2026
67016428,4 RD-SI-10,67_67399_5136977,8/11/25,,2025-2026
67016478,4 RD-SI-09,67_67399_5136977,8/11/25,,2025-2026
67016478,4 RD-SI-10,67_67399_5136977,8/11/25,,2025-2026
67016447,4 RD-SI-09,67_67399_5136977,8/11/25,,2025-2026
67016447,4 RD-SI-10,67_67399_5136977,8/11/25,,2025-2026
67016325,3 RD-SI-16,67_67399_5136977,8/11/25,,2025-2026
67016325,3 RD-SI-17,67_67399_5136977,8/11/25,,2025-2026
67016398,4 RD-SI-09,67_67399_5136977,8/11/25,,2025-2026
67016398,4 RD-SI-10,67_67399_5136977,8/11/25,,2025-2026
67016308,2 RD-SI-13,67_67399_5136977,8/11/25,,2025-2026
67016308,2 RD-SI-14,67_67399_5136977,8/11/25,,2025-2026
67016709,0495-01,67_67399_5136979,8/11/25,,2025-2026
67016709,0495-02,67_67399_5136979,8/11/25,,2025-2026
67016511,4/5RD-SI11,67_67399_5136977,8/11/25,,2025-2026
67016511,5 RD-SI-05,67_67399_5136977,8/11/25,,2025-2026
67016242,2 RD-SI-13,67_67399_5136977,8/11/25,,2025-2026
67016242,2 RD-SI-14,67_67399_5136977,8/11/25,,2025-2026
67016446,4 RD-SI-09,67_67399_5136977,8/11/25,,2025-2026
67016446,4 RD-SI-10,67_67399_5136977,8/11/25,,2025-2026
67016506,4/5RD-SI11,67_67399_5136977,8/11/25,,2025-2026
67016506,5 RD-SI-05,67_67399_5136977,8/11/25,,2025-2026
67016542,4/5RD-SI11,67_67399_5136977,8/11/25,,2025-2026
67016542,5 RD-SI-05,67_67399_5136977,8/11/25,,2025-2026
67016613,6 RD-SI-01,67_67399_5136977,8/11/25,,2025-2026
67016613,6 RD-SI-02,67_67399_5136977,8/11/25,,2025-2026
67016132,1 RD-SI-20,67_67399_5136977,8/11/25,,2025-2026
67016132,1 RD-SI-21,67_67399_5136977,8/11/25,,2025-2026
67016347,3 RD-SI-16,67_67399_5136977,8/11/25,,2025-2026
67016347,3 RD-SI-17,67_67399_5136977,8/11/25,,2025-2026
67016391,3 RD-SI-16,67_67399_5136977,8/11/25,,2025-2026
67016391,3 RD-SI-17,67_67399_5136977,8/11/25,,2025-2026
67016387,3 RD-SI-16,67_67399_5136977,8/11/25,,2025-2026
67016387,3 RD-SI-17,67_67399_5136977,8/11/25,,2025-2026
67016302,2 RD-SI-13,67_67399_5136977,8/11/25,,2025-2026
67016302,2 RD-SI-14,67_67399_5136977,8/11/25,,2025-2026
67016371,3 RD-SI-16,67_67399_5136977,8/11/25,,2025-2026
67016371,3 RD-SI-17,67_67399_5136977,8/11/25,,2025-2026
67016127,1 RD-SI-20,67_67399_5136977,8/11/25,,2025-2026
67016127,1 RD-SI-21,67_67399_5136977,8/11/25,,2025-2026
67016537,4/5RD-SI11,67_67399_5136977,8/11/25,,2025-2026
67016537,5 RD-SI-05,67_67399_5136977,8/11/25,,2025-2026
67016593,6 RD-SI-01,67_67399_5136977,8/11/25,,2025-2026
67016593,6 RD-SI-02,67_67399_5136977,8/11/25,,2025-2026
67016272,2 RD-SI-13,67_67399_5136977,8/11/25,,2025-2026
67016272,2 RD-SI-14,67_67399_5136977,8/11/25,,2025-2026
67016181,1 RD-SI-20,67_67399_5136977,8/11/25,,2025-2026
67016181,1 RD-SI-21,67_67399_5136977,8/11/25,,2025-2026
67016361,3 RD-SI-16,67_67399_5136977,8/11/25,,2025-2026
67016361,3 RD-SI-17,67_67399_5136977,8/11/25,,2025-2026
67016165,1 RD-SI-20,67_67399_5136977,8/11/25,,2025-2026
67016165,1 RD-SI-21,67_67399_5136977,8/11/25,,2025-2026
67016479,4 RD-SI-09,67_67399_5136977,8/11/25,,2025-2026
67016479,4 RD-SI-10,67_67399_5136977,8/11/25,,2025-2026
67016631,6 RD-SI-01,67_67399_5136977,8/11/25,,2025-2026
67016631,6 RD-SI-02,67_67399_5136977,8/11/25,,2025-2026
67016597,6 RD-SI-01,67_67399_5136977,8/11/25,,2025-2026
67016597,6 RD-SI-02,67_67399_5136977,8/11/25,,2025-2026
67016414,4 RD-SI-09,67_67399_5136977,8/11/25,,2025-2026
67016414,4 RD-SI-10,67_67399_5136977,8/11/25,,2025-2026
67016455,4 RD-SI-09,67_67399_5136977,8/11/25,,2025-2026
67016455,4 RD-SI-10,67_67399_5136977,8/11/25,,2025-2026
67016400,4 RD-SI-09,67_67399_5136977,8/11/25,,2025-2026
67016400,4 RD-SI-10,67_67399_5136977,8/11/25,,2025-2026
67016159,1 RD-SI-20,67_67399_5136977,8/11/25,,2025-2026
67016159,1 RD-SI-21,67_67399_5136977,8/11/25,,2025-2026
67016245,2 RD-SI-13,67_67399_5136977,8/11/25,,2025-2026
67016245,2 RD-SI-14,67_67399_5136977,8/11/25,,2025-2026
67016382,3 RD-SI-16,67_67399_5136977,8/11/25,,2025-2026
67016382,3 RD-SI-17,67_67399_5136977,8/11/25,,2025-2026
67016152,1 RD-SI-20,67_67399_5136977,8/11/25,,2025-2026
67016152,1 RD-SI-21,67_67399_5136977,8/11/25,,2025-2026
67016548,4/5RD-SI11,67_67399_5136977,8/11/25,,2025-2026
67016548,5 RD-SI-05,67_67399_5136977,8/11/25,,2025-2026
67016266,2 RD-SI-13,67_67399_5136977,8/11/25,,2025-2026
67016266,2 RD-SI-14,67_67399_5136977,8/11/25,,2025-2026
67016330,3 RD-SI-16,67_67399_5136977,8/11/25,,2025-2026
67016330,3 RD-SI-17,67_67399_5136977,8/11/25,,2025-2026
67016201,1 RD-SI-20,67_67399_5136977,8/11/25,,2025-2026
67016201,1 RD-SI-21,67_67399_5136977,8/11/25,,2025-2026
67016122,K RD-SI-K1,67_67399_5136977,8/11/25,,2025-2026
67016122,K RD-SI-K4,67_67399_5136977,8/11/25,,2025-2026
67016193,1 RD-SI-20,67_67399_5136977,8/11/25,,2025-2026
67016193,1 RD-SI-21,67_67399_5136977,8/11/25,,2025-2026
67016114,K RD-SI-K1,67_67399_5136977,8/11/25,,2025-2026
67016114,K RD-SI-K4,67_67399_5136977,8/11/25,,2025-2026
67016235,2 RD-SI-13,67_67399_5136977,8/11/25,,2025-2026
67016235,2 RD-SI-14,67_67399_5136977,8/11/25,,2025-2026
67016505,4/5RD-SI11,67_67399_5136977,8/11/25,,2025-2026
67016505,5 RD-SI-05,67_67399_5136977,8/11/25,,2025-2026
67016424,4 RD-SI-09,67_67399_5136977,8/11/25,,2025-2026
67016424,4 RD-SI-10,67_67399_5136977,8/11/25,,2025-2026
67016301,2 RD-SI-13,67_67399_5136977,8/11/25,,2025-2026
67016301,2 RD-SI-14,67_67399_5136977,8/11/25,,2025-2026
67016519,4/5RD-SI11,67_67399_5136977,8/11/25,,2025-2026
67016519,5 RD-SI-05,67_67399_5136977,8/11/25,,2025-2026
67016166,1 RD-SI-20,67_67399_5136977,8/11/25,,2025-2026
67016166,1 RD-SI-21,67_67399_5136977,8/11/25,,2025-2026
67016420,4 RD-SI-09,67_67399_5136977,8/11/25,,2025-2026
67016420,4 RD-SI-10,67_67399_5136977,8/11/25,,2025-2026
67016487,4/5RD-SI11,67_67399_5136977,8/11/25,,2025-2026
67016487,5 RD-SI-05,67_67399_5136977,8/11/25,,2025-2026
67016682,0495-01,67_67399_5136979,8/11/25,,2025-2026
67016682,0495-02,67_67399_5136979,8/11/25,,2025-2026
67016468,4 RD-SI-09,67_67399_5136977,8/11/25,,2025-2026
67016468,4 RD-SI-10,67_67399_5136977,8/11/25,,2025-2026
67016262,2 RD-SI-13,67_67399_5136977,8/11/25,,2025-2026
67016262,2 RD-SI-14,67_67399_5136977,8/11/25,,2025-2026
67016170,1 RD-SI-20,67_67399_5136977,8/11/25,,2025-2026
67016170,1 RD-SI-21,67_67399_5136977,8/11/25,,2025-2026
67016553,4/5RD-SI11,67_67399_5136977,8/11/25,,2025-2026
67016553,5 RD-SI-05,67_67399_5136977,8/11/25,,2025-2026
67016517,4/5RD-SI11,67_67399_5136977,8/11/25,,2025-2026
67016517,5 RD-SI-05,67_67399_5136977,8/11/25,,2025-2026
67016298,2 RD-SI-13,67_67399_5136977,8/11/25,,2025-2026
67016298,2 RD-SI-14,67_67399_5136977,8/11/25,,2025-2026
67016515,4/5RD-SI11,67_67399_5136977,8/11/25,,2025-2026
67016515,5 RD-SI-05,67_67399_5136977,8/11/25,,2025-2026
67016357,3 RD-SI-16,67_67399_5136977,8/11/25,,2025-2026
67016357,3 RD-SI-17,67_67399_5136977,8/11/25,,2025-2026
67016247,2 RD-SI-13,67_67399_5136977,8/11/25,,2025-2026
67016247,2 RD-SI-14,67_67399_5136977,8/11/25,,2025-2026
67016246,2 RD-SI-13,67_67399_5136977,8/11/25,,2025-2026
67016246,2 RD-SI-14,67_67399_5136977,8/11/25,,2025-2026
67016270,2 RD-SI-13,67_67399_5136977,8/11/25,,2025-2026
67016270,2 RD-SI-14,67_67399_5136977,8/11/25,,2025-2026
67016472,4 RD-SI-09,67_67399_5136977,8/11/25,,2025-2026
67016472,4 RD-SI-10,67_67399_5136977,8/11/25,,2025-2026
67016376,3 RD-SI-16,67_67399_5136977,8/11/25,,2025-2026
67016376,3 RD-SI-17,67_67399_5136977,8/11/25,,2025-2026
67016102,K RD-SI-K1,67_67399_5136977,8/11/25,,2025-2026
67016102,K RD-SI-K4,67_67399_5136977,8/11/25,,2025-2026
67016605,6 RD-SI-01,67_67399_5136977,8/11/25,,2025-2026
67016605,6 RD-SI-02,67_67399_5136977,8/11/25,,2025-2026
67016179,1 RD-SI-20,67_67399_5136977,8/11/25,,2025-2026
67016179,1 RD-SI-21,67_67399_5136977,8/11/25,,2025-2026
67016716,0495-01,67_67399_5136979,8/11/25,,2025-2026
67016716,0495-02,67_67399_5136979,8/11/25,,2025-2026
67016346,3 RD-SI-16,67_67399_5136977,8/11/25,,2025-2026
67016346,3 RD-SI-17,67_67399_5136977,8/11/25,,2025-2026
67016339,3 RD-SI-16,67_67399_5136977,8/11/25,,2025-2026
67016339,3 RD-SI-17,67_67399_5136977,8/11/25,,2025-2026
67016486,4/5RD-SI11,67_67399_5136977,8/11/25,,2025-2026
67016486,5 RD-SI-05,67_67399_5136977,8/11/25,,2025-2026
67016348,3 RD-SI-16,67_67399_5136977,8/11/25,,2025-2026
67016348,3 RD-SI-17,67_67399_5136977,8/11/25,,2025-2026
67016588,6 RD-SI-01,67_67399_5136977,8/11/25,,2025-2026
67016588,6 RD-SI-02,67_67399_5136977,8/11/25,,2025-2026
67016425,4 RD-SI-09,67_67399_5136977,8/11/25,,2025-2026
67016425,4 RD-SI-10,67_67399_5136977,8/11/25,,2025-2026
67016315,3 RD-SI-16,67_67399_5136977,8/11/25,,2025-2026
67016315,3 RD-SI-17,67_67399_5136977,8/11/25,,2025-2026
67016475,4 RD-SI-09,67_67399_5136977,8/11/25,,2025-2026
67016475,4 RD-SI-10,67_67399_5136977,8/11/25,,2025-2026
67016510,4/5RD-SI11,67_67399_5136977,8/11/25,,2025-2026
67016510,5 RD-SI-05,67_67399_5136977,8/11/25,,2025-2026
67016580,6 RD-SI-01,67_67399_5136977,8/11/25,,2025-2026
67016580,6 RD-SI-02,67_67399_5136977,8/11/25,,2025-2026
67016121,K RD-SI-K1,67_67399_5136977,8/11/25,,2025-2026
67016121,K RD-SI-K4,67_67399_5136977,8/11/25,,2025-2026
67016126,1 RD-SI-20,67_67399_5136977,8/11/25,,2025-2026
67016126,1 RD-SI-21,67_67399_5136977,8/11/25,,2025-2026
67016264,2 RD-SI-13,67_67399_5136977,8/11/25,,2025-2026
67016264,2 RD-SI-14,67_67399_5136977,8/11/25,,2025-2026
67016338,3 RD-SI-16,67_67399_5136977,8/11/25,,2025-2026
67016338,3 RD-SI-17,67_67399_5136977,8/11/25,,2025-2026
67016259,2 RD-SI-13,67_67399_5136977,8/11/25,,2025-2026
67016259,2 RD-SI-14,67_67399_5136977,8/11/25,,2025-2026
67016578,6 RD-SI-01,67_67399_5136977,8/11/25,,2025-2026
67016578,6 RD-SI-02,67_67399_5136977,8/11/25,,2025-2026
67016462,4 RD-SI-09,67_67399_5136977,8/11/25,,2025-2026
67016462,4 RD-SI-10,67_67399_5136977,8/11/25,,2025-2026
67016724,0495-01,67_67399_5136979,8/11/25,,2025-2026
67016724,0495-02,67_67399_5136979,8/11/25,,2025-2026
67016196,1 RD-SI-20,67_67399_5136977,8/11/25,,2025-2026
67016196,1 RD-SI-21,67_67399_5136977,8/11/25,,2025-2026
67016617,6 RD-SI-01,67_67399_5136977,8/11/25,,2025-2026
67016617,6 RD-SI-02,67_67399_5136977,8/11/25,,2025-2026
67016538,4/5RD-SI11,67_67399_5136977,8/11/25,,2025-2026
67016538,5 RD-SI-05,67_67399_5136977,8/11/25,,2025-2026
67016183,1 RD-SI-20,67_67399_5136977,8/11/25,,2025-2026
67016183,1 RD-SI-21,67_67399_5136977,8/11/25,,2025-2026
67016173,1 RD-SI-20,67_67399_5136977,8/11/25,,2025-2026
67016173,1 RD-SI-21,67_67399_5136977,8/11/25,,2025-2026
67016169,1 RD-SI-20,67_67399_5136977,8/11/25,,2025-2026
67016169,1 RD-SI-21,67_67399_5136977,8/11/25,,2025-2026
67016230,2 RD-SI-13,67_67399_5136977,8/11/25,,2025-2026
67016230,2 RD-SI-14,67_67399_5136977,8/11/25,,2025-2026
67016721,0495-01,67_67399_5136979,8/11/25,,2025-2026
67016721,0495-02,67_67399_5136979,8/11/25,,2025-2026
67016615,6 RD-SI-01,67_67399_5136977,8/11/25,,2025-2026
67016615,6 RD-SI-02,67_67399_5136977,8/11/25,,2025-2026
67016477,4 RD-SI-09,67_67399_5136977,8/11/25,,2025-2026
67016477,4 RD-SI-10,67_67399_5136977,8/11/25,,2025-2026
67016125,K RD-SI-K1,67_67399_5136977,8/11/25,,2025-2026
67016125,K RD-SI-K4,67_67399_5136977,8/11/25,,2025-2026
67016297,2 RD-SI-13,67_67399_5136977,8/11/25,,2025-2026
67016297,2 RD-SI-14,67_67399_5136977,8/11/25,,2025-2026
67016566,6 RD-SI-01,67_67399_5136977,8/11/25,,2025-2026
67016566,6 RD-SI-02,67_67399_5136977,8/11/25,,2025-2026
67016138,1 RD-SI-20,67_67399_5136977,8/11/25,,2025-2026
67016138,1 RD-SI-21,67_67399_5136977,8/11/25,,2025-2026
67016430,4 RD-SI-09,67_67399_5136977,8/11/25,,2025-2026
67016430,4 RD-SI-10,67_67399_5136977,8/11/25,,2025-2026
67016194,1 RD-SI-20,67_67399_5136977,8/11/25,,2025-2026
67016194,1 RD-SI-21,67_67399_5136977,8/11/25,,2025-2026
67016175,1 RD-SI-20,67_67399_5136977,8/11/25,,2025-2026
67016175,1 RD-SI-21,67_67399_5136977,8/11/25,,2025-2026
67016493,4/5RD-SI11,67_67399_5136977,8/11/25,,2025-2026
67016493,5 RD-SI-05,67_67399_5136977,8/11/25,,2025-2026
67016532,4/5RD-SI11,67_67399_5136977,8/11/25,,2025-2026
67016532,5 RD-SI-05,67_67399_5136977,8/11/25,,2025-2026
67016210,2 RD-SI-13,67_67399_5136977,8/11/25,,2025-2026
67016210,2 RD-SI-14,67_67399_5136977,8/11/25,,2025-2026
67016461,4 RD-SI-09,67_67399_5136977,8/11/25,,2025-2026
67016461,4 RD-SI-10,67_67399_5136977,8/11/25,,2025-2026
67016412,4 RD-SI-09,67_67399_5136977,8/11/25,,2025-2026
67016412,4 RD-SI-10,67_67399_5136977,8/11/25,,2025-2026
67016217,2 RD-SI-13,67_67399_5136977,8/11/25,,2025-2026
67016217,2 RD-SI-14,67_67399_5136977,8/11/25,,2025-2026
67016640,6 RD-SI-01,67_67399_5136977,8/11/25,,2025-2026
67016640,6 RD-SI-02,67_67399_5136977,8/11/25,,2025-2026
67016180,1 RD-SI-20,67_67399_5136977,8/11/25,,2025-2026
67016180,1 RD-SI-21,67_67399_5136977,8/11/25,,2025-2026
67016351,3 RD-SI-16,67_67399_5136977,8/11/25,,2025-2026
67016351,3 RD-SI-17,67_67399_5136977,8/11/25,,2025-2026
67016423,4 RD-SI-09,67_67399_5136977,8/11/25,,2025-2026
67016423,4 RD-SI-10,67_67399_5136977,8/11/25,,2025-2026
67016296,2 RD-SI-13,67_67399_5136977,8/11/25,,2025-2026
67016296,2 RD-SI-14,67_67399_5136977,8/11/25,,2025-2026
67016292,2 RD-SI-13,67_67399_5136977,8/11/25,,2025-2026
67016292,2 RD-SI-14,67_67399_5136977,8/11/25,,2025-2026
67016356,3 RD-SI-16,67_67399_5136977,8/11/25,,2025-2026
67016356,3 RD-SI-17,67_67399_5136977,8/11/25,,2025-2026
67016474,4 RD-SI-09,67_67399_5136977,8/11/25,,2025-2026
67016474,4 RD-SI-10,67_67399_5136977,8/11/25,,2025-2026
67016378,3 RD-SI-16,67_67399_5136977,8/11/25,,2025-2026
67016378,3 RD-SI-17,67_67399_5136977,8/11/25,,2025-2026
67016129,1 RD-SI-20,67_67399_5136977,8/11/25,,2025-2026
67016129,1 RD-SI-21,67_67399_5136977,8/11/25,,2025-2026
67016353,3 RD-SI-16,67_67399_5136977,8/11/25,,2025-2026
67016353,3 RD-SI-17,67_67399_5136977,8/11/25,,2025-2026
67016708,0495-01,67_67399_5136979,8/11/25,,2025-2026
67016708,0495-02,67_67399_5136979,8/11/25,,2025-2026
67016208,2 RD-SI-13,67_67399_5136977,8/11/25,,2025-2026
67016208,2 RD-SI-14,67_67399_5136977,8/11/25,,2025-2026
67016204,1 RD-SI-20,67_67399_5136977,8/11/25,,2025-2026
67016204,1 RD-SI-21,67_67399_5136977,8/11/25,,2025-2026
67016157,1 RD-SI-20,67_67399_5136977,8/11/25,,2025-2026
67016157,1 RD-SI-21,67_67399_5136977,8/11/25,,2025-2026
67016265,2 RD-SI-13,67_67399_5136977,8/11/25,,2025-2026
67016265,2 RD-SI-14,67_67399_5136977,8/11/25,,2025-2026
67016112,K RD-SI-K1,67_67399_5136977,8/11/25,,2025-2026
67016112,K RD-SI-K4,67_67399_5136977,8/11/25,,2025-2026
67016535,4/5RD-SI11,67_67399_5136977,8/11/25,,2025-2026
67016535,5 RD-SI-05,67_67399_5136977,8/11/25,,2025-2026
67016275,2 RD-SI-13,67_67399_5136977,8/11/25,,2025-2026
67016275,2 RD-SI-14,67_67399_5136977,8/11/25,,2025-2026
67016111,K RD-SI-K1,67_67399_5136977,8/11/25,,2025-2026
67016111,K RD-SI-K4,67_67399_5136977,8/11/25,,2025-2026
67016158,1 RD-SI-20,67_67399_5136977,8/11/25,,2025-2026
67016158,1 RD-SI-21,67_67399_5136977,8/11/25,,2025-2026
67016422,4 RD-SI-09,67_67399_5136977,8/11/25,,2025-2026
67016422,4 RD-SI-10,67_67399_5136977,8/11/25,,2025-2026
67016365,3 RD-SI-16,67_67399_5136977,8/11/25,,2025-2026
67016365,3 RD-SI-17,67_67399_5136977,8/11/25,,2025-2026
67016581,6 RD-SI-01,67_67399_5136977,8/11/25,,2025-2026
67016581,6 RD-SI-02,67_67399_5136977,8/11/25,,2025-2026
67016589,6 RD-SI-01,67_67399_5136977,8/11/25,,2025-2026
67016589,6 RD-SI-02,67_67399_5136977,8/11/25,,2025-2026
67016304,2 RD-SI-13,67_67399_5136977,8/11/25,,2025-2026
67016304,2 RD-SI-14,67_67399_5136977,8/11/25,,2025-2026
67016244,2 RD-SI-13,67_67399_5136977,8/11/25,,2025-2026
67016244,2 RD-SI-14,67_67399_5136977,8/11/25,,2025-2026
67016488,4/5RD-SI11,67_67399_5136977,8/11/25,,2025-2026
67016488,5 RD-SI-05,67_67399_5136977,8/11/25,,2025-2026
67016177,1 RD-SI-20,67_67399_5136977,8/11/25,,2025-2026
67016177,1 RD-SI-21,67_67399_5136977,8/11/25,,2025-2026
67016722,0495-01,67_67399_5136979,8/11/25,,2025-2026
67016722,0495-02,67_67399_5136979,8/11/25,,2025-2026
67016418,4 RD-SI-09,67_67399_5136977,8/11/25,,2025-2026
67016418,4 RD-SI-10,67_67399_5136977,8/11/25,,2025-2026
67016586,6 RD-SI-01,67_67399_5136977,8/11/25,,2025-2026
67016586,6 RD-SI-02,67_67399_5136977,8/11/25,,2025-2026
67016214,2 RD-SI-13,67_67399_5136977,8/11/25,,2025-2026
67016214,2 RD-SI-14,67_67399_5136977,8/11/25,,2025-2026
67016143,1 RD-SI-20,67_67399_5136977,8/11/25,,2025-2026
67016143,1 RD-SI-21,67_67399_5136977,8/11/25,,2025-2026
67016562,6 RD-SI-01,67_67399_5136977,8/11/25,,2025-2026
67016562,6 RD-SI-02,67_67399_5136977,8/11/25,,2025-2026
67016596,6 RD-SI-01,67_67399_5136977,8/11/25,,2025-2026
67016596,6 RD-SI-02,67_67399_5136977,8/11/25,,2025-2026
67016718,0495-01,67_67399_5136979,8/11/25,,2025-2026
67016718,0495-02,67_67399_5136979,8/11/25,,2025-2026
67016554,4/5RD-SI11,67_67399_5136977,8/11/25,,2025-2026
67016554,5 RD-SI-05,67_67399_5136977,8/11/25,,2025-2026
67016469,4 RD-SI-09,67_67399_5136977,8/11/25,,2025-2026
67016469,4 RD-SI-10,67_67399_5136977,8/11/25,,2025-2026
67016185,1 RD-SI-20,67_67399_5136977,8/11/25,,2025-2026
67016185,1 RD-SI-21,67_67399_5136977,8/11/25,,2025-2026
67016318,3 RD-SI-16,67_67399_5136977,8/11/25,,2025-2026
67016318,3 RD-SI-17,67_67399_5136977,8/11/25,,2025-2026
67016213,2 RD-SI-13,67_67399_5136977,8/11/25,,2025-2026
67016213,2 RD-SI-14,67_67399_5136977,8/11/25,,2025-2026
67016141,1 RD-SI-20,67_67399_5136977,8/11/25,,2025-2026
67016141,1 RD-SI-21,67_67399_5136977,8/11/25,,2025-2026
67016135,1 RD-SI-20,67_67399_5136977,8/11/25,,2025-2026
67016135,1 RD-SI-21,67_67399_5136977,8/11/25,,2025-2026
67016485,4/5RD-SI11,67_67399_5136977,8/11/25,,2025-2026
67016485,5 RD-SI-05,67_67399_5136977,8/11/25,,2025-2026
67016516,4/5RD-SI11,67_67399_5136977,8/11/25,,2025-2026
67016516,5 RD-SI-05,67_67399_5136977,8/11/25,,2025-2026
67016142,1 RD-SI-20,67_67399_5136977,8/11/25,,2025-2026
67016142,1 RD-SI-21,67_67399_5136977,8/11/25,,2025-2026
67016162,1 RD-SI-20,67_67399_5136977,8/11/25,,2025-2026
67016162,1 RD-SI-21,67_67399_5136977,8/11/25,,2025-2026
67016313,3 RD-SI-16,67_67399_5136977,8/11/25,,2025-2026
67016313,3 RD-SI-17,67_67399_5136977,8/11/25,,2025-2026
67016355,3 RD-SI-16,67_67399_5136977,8/11/25,,2025-2026
67016355,3 RD-SI-17,67_67399_5136977,8/11/25,,2025-2026
67016195,1 RD-SI-20,67_67399_5136977,8/11/25,,2025-2026
67016195,1 RD-SI-21,67_67399_5136977,8/11/25,,2025-2026
67016258,2 RD-SI-13,67_67399_5136977,8/11/25,,2025-2026
67016258,2 RD-SI-14,67_67399_5136977,8/11/25,,2025-2026
67016614,6 RD-SI-01,67_67399_5136977,8/11/25,,2025-2026
67016614,6 RD-SI-02,67_67399_5136977,8/11/25,,2025-2026
67016638,6 RD-SI-01,67_67399_5136977,8/11/25,,2025-2026
67016638,6 RD-SI-02,67_67399_5136977,8/11/25,,2025-2026
67016386,3 RD-SI-16,67_67399_5136977,8/11/25,,2025-2026
67016386,3 RD-SI-17,67_67399_5136977,8/11/25,,2025-2026
67016156,1 RD-SI-20,67_67399_5136977,8/11/25,,2025-2026
67016156,1 RD-SI-21,67_67399_5136977,8/11/25,,2025-2026
67016133,1 RD-SI-20,67_67399_5136977,8/11/25,,2025-2026
67016133,1 RD-SI-21,67_67399_5136977,8/11/25,,2025-2026
67016197,1 RD-SI-20,67_67399_5136977,8/11/25,,2025-2026
67016197,1 RD-SI-21,67_67399_5136977,8/11/25,,2025-2026
67016652,0495-01,67_67399_5136979,8/11/25,,2025-2026
67016652,0495-02,67_67399_5136979,8/11/25,,2025-2026
67016726,0495-01,67_67399_5136979,8/11/25,,2025-2026
67016726,0495-02,67_67399_5136979,8/11/25,,2025-2026
67016285,2 RD-SI-13,67_67399_5136977,8/11/25,,2025-2026
67016285,2 RD-SI-14,67_67399_5136977,8/11/25,,2025-2026
67016186,1 RD-SI-20,67_67399_5136977,8/11/25,,2025-2026
67016186,1 RD-SI-21,67_67399_5136977,8/11/25,,2025-2026
67016273,2 RD-SI-13,67_67399_5136977,8/11/25,,2025-2026
67016273,2 RD-SI-14,67_67399_5136977,8/11/25,,2025-2026
67016459,4 RD-SI-09,67_67399_5136977,8/11/25,,2025-2026
67016459,4 RD-SI-10,67_67399_5136977,8/11/25,,2025-2026
67016524,4/5RD-SI11,67_67399_5136977,8/11/25,,2025-2026
67016524,5 RD-SI-05,67_67399_5136977,8/11/25,,2025-2026
67016128,1 RD-SI-20,67_67399_5136977,8/11/25,,2025-2026
67016128,1 RD-SI-21,67_67399_5136977,8/11/25,,2025-2026
67016364,3 RD-SI-16,67_67399_5136977,8/11/25,,2025-2026
67016364,3 RD-SI-17,67_67399_5136977,8/11/25,,2025-2026
67016598,6 RD-SI-01,67_67399_5136977,8/11/25,,2025-2026
67016598,6 RD-SI-02,67_67399_5136977,8/11/25,,2025-2026
67016123,K RD-SI-K1,67_67399_5136977,8/11/25,,2025-2026
67016123,K RD-SI-K4,67_67399_5136977,8/11/25,,2025-2026
67016657,0495-01,67_67399_5136979,8/11/25,,2025-2026
67016657,0495-02,67_67399_5136979,8/11/25,,2025-2026
67016560,4/5RD-SI11,67_67399_5136977,8/11/25,,2025-2026
67016560,5 RD-SI-05,67_67399_5136977,8/11/25,,2025-2026
67016334,3 RD-SI-16,67_67399_5136977,8/11/25,,2025-2026
67016334,3 RD-SI-17,67_67399_5136977,8/11/25,,2025-2026
67016271,2 RD-SI-13,67_67399_5136977,8/11/25,,2025-2026
67016271,2 RD-SI-14,67_67399_5136977,8/11/25,,2025-2026
67016719,0495-01,67_67399_5136979,8/11/25,,2025-2026
67016719,0495-02,67_67399_5136979,8/11/25,,2025-2026
67016321,3 RD-SI-16,67_67399_5136977,8/11/25,,2025-2026
67016321,3 RD-SI-17,67_67399_5136977,8/11/25,,2025-2026
67016691,0495-01,67_67399_5136979,8/11/25,,2025-2026
67016691,0495-02,67_67399_5136979,8/11/25,,2025-2026
67016438,4 RD-SI-09,67_67399_5136977,8/11/25,,2025-2026
67016438,4 RD-SI-10,67_67399_5136977,8/11/25,,2025-2026
67016627,6 RD-SI-01,67_67399_5136977,8/11/25,,2025-2026
67016627,6 RD-SI-02,67_67399_5136977,8/11/25,,2025-2026
67016151,1 RD-SI-20,67_67399_5136977,8/11/25,,2025-2026
67016151,1 RD-SI-21,67_67399_5136977,8/11/25,,2025-2026
67016327,3 RD-SI-16,67_67399_5136977,8/11/25,,2025-2026
67016327,3 RD-SI-17,67_67399_5136977,8/11/25,,2025-2026
67016714,0495-01,67_67399_5136979,8/11/25,,2025-2026
67016714,0495-02,67_67399_5136979,8/11/25,,2025-2026
67016433,4 RD-SI-09,67_67399_5136977,8/11/25,,2025-2026
67016433,4 RD-SI-10,67_67399_5136977,8/11/25,,2025-2026
67016343,3 RD-SI-16,67_67399_5136977,8/11/25,,2025-2026
67016343,3 RD-SI-17,67_67399_5136977,8/11/25,,2025-2026
67016594,6 RD-SI-01,67_67399_5136977,8/11/25,,2025-2026
67016594,6 RD-SI-02,67_67399_5136977,8/11/25,,2025-2026
67016530,4/5RD-SI11,67_67399_5136977,8/11/25,,2025-2026
67016530,5 RD-SI-05,67_67399_5136977,8/11/25,,2025-2026
67016323,3 RD-SI-16,67_67399_5136977,8/11/25,,2025-2026
67016323,3 RD-SI-17,67_67399_5136977,8/11/25,,2025-2026
67016445,4 RD-SI-09,67_67399_5136977,8/11/25,,2025-2026
67016445,4 RD-SI-10,67_67399_5136977,8/11/25,,2025-2026
67016198,1 RD-SI-20,67_67399_5136977,8/11/25,,2025-2026
67016198,1 RD-SI-21,67_67399_5136977,8/11/25,,2025-2026
67016514,4/5RD-SI11,67_67399_5136977,8/11/25,,2025-2026
67016514,5 RD-SI-05,67_67399_5136977,8/11/25,,2025-2026
67016656,0495-01,67_67399_5136979,8/11/25,,2025-2026
67016656,0495-02,67_67399_5136979,8/11/25,,2025-2026
67016528,4/5RD-SI11,67_67399_5136977,8/11/25,,2025-2026
67016528,5 RD-SI-05,67_67399_5136977,8/11/25,,2025-2026
67016567,6 RD-SI-01,67_67399_5136977,8/11/25,,2025-2026
67016567,6 RD-SI-02,67_67399_5136977,8/11/25,,2025-2026
67016643,6 RD-SI-01,67_67399_5136977,8/11/25,,2025-2026
67016643,6 RD-SI-02,67_67399_5136977,8/11/25,,2025-2026
67016574,6 RD-SI-01,67_67399_5136977,8/11/25,,2025-2026
67016574,6 RD-SI-02,67_67399_5136977,8/11/25,,2025-2026
67016606,6 RD-SI-01,67_67399_5136977,8/11/25,,2025-2026
67016606,6 RD-SI-02,67_67399_5136977,8/11/25,,2025-2026
67016700,0495-01,67_67399_5136979,8/11/25,,2025-2026
67016700,0495-02,67_67399_5136979,8/11/25,,2025-2026
67016319,3 RD-SI-16,67_67399_5136977,8/11/25,,2025-2026
67016319,3 RD-SI-17,67_67399_5136977,8/11/25,,2025-2026
67016626,6 RD-SI-01,67_67399_5136977,8/11/25,,2025-2026
67016626,6 RD-SI-02,67_67399_5136977,8/11/25,,2025-2026
67016256,2 RD-SI-13,67_67399_5136977,8/11/25,,2025-2026
67016256,2 RD-SI-14,67_67399_5136977,8/11/25,,2025-2026
67016563,6 RD-SI-01,67_67399_5136977,8/11/25,,2025-2026
67016563,6 RD-SI-02,67_67399_5136977,8/11/25,,2025-2026
67016666,0495-01,67_67399_5136979,8/11/25,,2025-2026
67016666,0495-02,67_67399_5136979,8/11/25,,2025-2026
67016389,3 RD-SI-16,67_67399_5136977,8/11/25,,2025-2026
67016389,3 RD-SI-17,67_67399_5136977,8/11/25,,2025-2026
67016261,2 RD-SI-13,67_67399_5136977,8/11/25,,2025-2026
67016261,2 RD-SI-14,67_67399_5136977,8/11/25,,2025-2026
67016120,K RD-SI-K1,67_67399_5136977,8/11/25,,2025-2026
67016120,K RD-SI-K4,67_67399_5136977,8/11/25,,2025-2026
67016703,0495-01,67_67399_5136979,8/11/25,,2025-2026
67016703,0495-02,67_67399_5136979,8/11/25,,2025-2026
67016354,3 RD-SI-16,67_67399_5136977,8/11/25,,2025-2026
67016354,3 RD-SI-17,67_67399_5136977,8/11/25,,2025-2026
67016299,2 RD-SI-13,67_67399_5136977,8/11/25,,2025-2026
67016299,2 RD-SI-14,67_67399_5136977,8/11/25,,2025-2026
67016483,4/5RD-SI11,67_67399_5136977,8/11/25,,2025-2026
67016483,5 RD-SI-05,67_67399_5136977,8/11/25,,2025-2026
67016290,2 RD-SI-13,67_67399_5136977,8/11/25,,2025-2026
67016290,2 RD-SI-14,67_67399_5136977,8/11/25,,2025-2026
67016237,2 RD-SI-13,67_67399_5136977,8/11/25,,2025-2026
67016237,2 RD-SI-14,67_67399_5136977,8/11/25,,2025-2026
67016232,2 RD-SI-13,67_67399_5136977,8/11/25,,2025-2026
67016232,2 RD-SI-14,67_67399_5136977,8/11/25,,2025-2026
67016504,4/5RD-SI11,67_67399_5136977,8/11/25,,2025-2026
67016504,5 RD-SI-05,67_67399_5136977,8/11/25,,2025-2026
67016404,4 RD-SI-09,67_67399_5136977,8/11/25,,2025-2026
67016404,4 RD-SI-10,67_67399_5136977,8/11/25,,2025-2026
67016310,2 RD-SI-13,67_67399_5136977,8/11/25,,2025-2026
67016310,2 RD-SI-14,67_67399_5136977,8/11/25,,2025-2026
67016119,K RD-SI-K1,67_67399_5136977,8/11/25,,2025-2026
67016119,K RD-SI-K4,67_67399_5136977,8/11/25,,2025-2026
67016192,1 RD-SI-20,67_67399_5136977,8/11/25,,2025-2026
67016192,1 RD-SI-21,67_67399_5136977,8/11/25,,2025-2026
67016363,3 RD-SI-16,67_67399_5136977,8/11/25,,2025-2026
67016363,3 RD-SI-17,67_67399_5136977,8/11/25,,2025-2026
67016473,4 RD-SI-09,67_67399_5136977,8/11/25,,2025-2026
67016473,4 RD-SI-10,67_67399_5136977,8/11/25,,2025-2026
67016466,4 RD-SI-09,67_67399_5136977,8/11/25,,2025-2026
67016466,4 RD-SI-10,67_67399_5136977,8/11/25,,2025-2026
67016536,4/5RD-SI11,67_67399_5136977,8/11/25,,2025-2026
67016536,5 RD-SI-05,67_67399_5136977,8/11/25,,2025-2026
67016405,4 RD-SI-09,67_67399_5136977,8/11/25,,2025-2026
67016405,4 RD-SI-10,67_67399_5136977,8/11/25,,2025-2026
67016647,6 RD-SI-01,67_67399_5136977,8/11/25,,2025-2026
67016647,6 RD-SI-02,67_67399_5136977,8/11/25,,2025-2026
67016107,K RD-SI-K1,67_67399_5136977,8/11/25,,2025-2026
67016107,K RD-SI-K4,67_67399_5136977,8/11/25,,2025-2026
67016602,6 RD-SI-01,67_67399_5136977,8/11/25,,2025-2026
67016602,6 RD-SI-02,67_67399_5136977,8/11/25,,2025-2026
67016168,1 RD-SI-20,67_67399_5136977,8/11/25,,2025-2026
67016168,1 RD-SI-21,67_67399_5136977,8/11/25,,2025-2026
67016494,4/5RD-SI11,67_67399_5136977,8/11/25,,2025-2026
67016494,5 RD-SI-05,67_67399_5136977,8/11/25,,2025-2026
67016453,4 RD-SI-09,67_67399_5136977,8/11/25,,2025-2026
67016453,4 RD-SI-10,67_67399_5136977,8/11/25,,2025-2026
67016306,2 RD-SI-13,67_67399_5136977,8/11/25,,2025-2026
67016306,2 RD-SI-14,67_67399_5136977,8/11/25,,2025-2026
67016577,6 RD-SI-01,67_67399_5136977,8/11/25,,2025-2026
67016577,6 RD-SI-02,67_67399_5136977,8/11/25,,2025-2026
67016184,1 RD-SI-20,67_67399_5136977,8/11/25,,2025-2026
67016184,1 RD-SI-21,67_67399_5136977,8/11/25,,2025-2026
67016226,2 RD-SI-13,67_67399_5136977,8/11/25,,2025-2026
67016226,2 RD-SI-14,67_67399_5136977,8/11/25,,2025-2026
67016329,3 RD-SI-16,67_67399_5136977,8/11/25,,2025-2026
67016329,3 RD-SI-17,67_67399_5136977,8/11/25,,2025-2026
67016653,0495-01,67_67399_5136979,8/11/25,,2025-2026
67016653,0495-02,67_67399_5136979,8/11/25,,2025-2026
67016622,6 RD-SI-01,67_67399_5136977,8/11/25,,2025-2026
67016622,6 RD-SI-02,67_67399_5136977,8/11/25,,2025-2026
67016215,2 RD-SI-13,67_67399_5136977,8/11/25,,2025-2026
67016215,2 RD-SI-14,67_67399_5136977,8/11/25,,2025-2026
67016432,4 RD-SI-09,67_67399_5136977,8/11/25,,2025-2026
67016432,4 RD-SI-10,67_67399_5136977,8/11/25,,2025-2026
67016440,4 RD-SI-09,67_67399_5136977,8/11/25,,2025-2026
67016440,4 RD-SI-10,67_67399_5136977,8/11/25,,2025-2026
67016675,0495-01,67_67399_5136979,8/11/25,,2025-2026
67016675,0495-02,67_67399_5136979,8/11/25,,2025-2026
67016448,4 RD-SI-09,67_67399_5136977,8/11/25,,2025-2026
67016448,4 RD-SI-10,67_67399_5136977,8/11/25,,2025-2026
67016312,3 RD-SI-16,67_67399_5136977,8/11/25,,2025-2026
67016312,3 RD-SI-17,67_67399_5136977,8/11/25,,2025-2026
67016362,3 RD-SI-16,67_67399_5136977,8/11/25,,2025-2026
67016362,3 RD-SI-17,67_67399_5136977,8/11/25,,2025-2026
67016457,4 RD-SI-09,67_67399_5136977,8/11/25,,2025-2026
67016457,4 RD-SI-10,67_67399_5136977,8/11/25,,2025-2026
67016476,4 RD-SI-09,67_67399_5136977,8/11/25,,2025-2026
67016476,4 RD-SI-10,67_67399_5136977,8/11/25,,2025-2026
67016435,4 RD-SI-09,67_67399_5136977,8/11/25,,2025-2026
67016435,4 RD-SI-10,67_67399_5136977,8/11/25,,2025-2026
67016685,0495-01,67_67399_5136979,8/11/25,,2025-2026
67016685,0495-02,67_67399_5136979,8/11/25,,2025-2026
67016502,4/5RD-SI11,67_67399_5136977,8/11/25,,2025-2026
67016502,5 RD-SI-05,67_67399_5136977,8/11/25,,2025-2026
67016305,2 RD-SI-13,67_67399_5136977,8/11/25,,2025-2026
67016305,2 RD-SI-14,67_67399_5136977,8/11/25,,2025-2026
67016619,6 RD-SI-01,67_67399_5136977,8/11/25,,2025-2026
67016619,6 RD-SI-02,67_67399_5136977,8/11/25,,2025-2026
67016220,2 RD-SI-13,67_67399_5136977,8/11/25,,2025-2026
67016220,2 RD-SI-14,67_67399_5136977,8/11/25,,2025-2026
67016144,1 RD-SI-20,67_67399_5136977,8/11/25,,2025-2026
67016144,1 RD-SI-21,67_67399_5136977,8/11/25,,2025-2026
67016572,6 RD-SI-01,67_67399_5136977,8/11/25,,2025-2026
67016572,6 RD-SI-02,67_67399_5136977,8/11/25,,2025-2026
67016694,0495-01,67_67399_5136979,8/11/25,,2025-2026
67016694,0495-02,67_67399_5136979,8/11/25,,2025-2026
67016711,0495-01,67_67399_5136979,8/11/25,,2025-2026
67016711,0495-02,67_67399_5136979,8/11/25,,2025-2026
67016278,2 RD-SI-13,67_67399_5136977,8/11/25,,2025-2026
67016278,2 RD-SI-14,67_67399_5136977,8/11/25,,2025-2026
67016393,3 RD-SI-16,67_67399_5136977,8/11/25,,2025-2026
67016393,3 RD-SI-17,67_67399_5136977,8/11/25,,2025-2026
67016495,4/5RD-SI11,67_67399_5136977,8/11/25,,2025-2026
67016495,5 RD-SI-05,67_67399_5136977,8/11/25,,2025-2026
67016139,1 RD-SI-20,67_67399_5136977,8/11/25,,2025-2026
67016139,1 RD-SI-21,67_67399_5136977,8/11/25,,2025-2026
67016489,4/5RD-SI11,67_67399_5136977,8/11/25,,2025-2026
67016489,5 RD-SI-05,67_67399_5136977,8/11/25,,2025-2026
67016582,6 RD-SI-01,67_67399_5136977,8/11/25,,2025-2026
67016582,6 RD-SI-02,67_67399_5136977,8/11/25,,2025-2026
67016633,6 RD-SI-01,67_67399_5136977,8/11/25,,2025-2026
67016633,6 RD-SI-02,67_67399_5136977,8/11/25,,2025-2026
67016211,2 RD-SI-13,67_67399_5136977,8/11/25,,2025-2026
67016211,2 RD-SI-14,67_67399_5136977,8/11/25,,2025-2026
67016458,4 RD-SI-09,67_67399_5136977,8/11/25,,2025-2026
67016458,4 RD-SI-10,67_67399_5136977,8/11/25,,2025-2026
67016612,6 RD-SI-01,67_67399_5136977,8/11/25,,2025-2026
67016612,6 RD-SI-02,67_67399_5136977,8/11/25,,2025-2026
67016644,6 RD-SI-01,67_67399_5136977,8/11/25,,2025-2026
67016644,6 RD-SI-02,67_67399_5136977,8/11/25,,2025-2026
67016406,4 RD-SI-09,67_67399_5136977,8/11/25,,2025-2026
67016406,4 RD-SI-10,67_67399_5136977,8/11/25,,2025-2026
67016163,1 RD-SI-20,67_67399_5136977,8/11/25,,2025-2026
67016163,1 RD-SI-21,67_67399_5136977,8/11/25,,2025-2026
67016392,3 RD-SI-16,67_67399_5136977,8/11/25,,2025-2026
67016392,3 RD-SI-17,67_67399_5136977,8/11/25,,2025-2026
67016236,2 RD-SI-13,67_67399_5136977,8/11/25,,2025-2026
67016236,2 RD-SI-14,67_67399_5136977,8/11/25,,2025-2026
67016695,0495-01,67_67399_5136979,8/11/25,,2025-2026
67016695,0495-02,67_67399_5136979,8/11/25,,2025-2026
67016303,2 RD-SI-13,67_67399_5136977,8/11/25,,2025-2026
67016303,2 RD-SI-14,67_67399_5136977,8/11/25,,2025-2026
67016267,2 RD-SI-13,67_67399_5136977,8/11/25,,2025-2026
67016267,2 RD-SI-14,67_67399_5136977,8/11/25,,2025-2026
67016680,0495-01,67_67399_5136979,8/11/25,,2025-2026
67016680,0495-02,67_67399_5136979,8/11/25,,2025-2026
67016707,0495-01,67_67399_5136979,8/11/25,,2025-2026
67016707,0495-02,67_67399_5136979,8/11/25,,2025-2026
67016104,K RD-SI-K1,67_67399_5136977,8/11/25,,2025-2026
67016104,K RD-SI-K4,67_67399_5136977,8/11/25,,2025-2026
67016188,1 RD-SI-20,67_67399_5136977,8/11/25,,2025-2026
67016188,1 RD-SI-21,67_67399_5136977,8/11/25,,2025-2026
67016681,0495-01,67_67399_5136979,8/11/25,,2025-2026
67016681,0495-02,67_67399_5136979,8/11/25,,2025-2026
67016637,6 RD-SI-01,67_67399_5136977,8/11/25,,2025-2026
67016637,6 RD-SI-02,67_67399_5136977,8/11/25,,2025-2026
67016153,1 RD-SI-20,67_67399_5136977,8/11/25,,2025-2026
67016153,1 RD-SI-21,67_67399_5136977,8/11/25,,2025-2026
67016585,6 RD-SI-01,67_67399_5136977,8/11/25,,2025-2026
67016585,6 RD-SI-02,67_67399_5136977,8/11/25,,2025-2026
67016693,0495-01,67_67399_5136979,8/11/25,,2025-2026
67016693,0495-02,67_67399_5136979,8/11/25,,2025-2026
67016105,K RD-SI-K1,67_67399_5136977,8/11/25,,2025-2026
67016105,K RD-SI-K4,67_67399_5136977,8/11/25,,2025-2026
67016233,2 RD-SI-13,67_67399_5136977,8/11/25,,2025-2026
67016233,2 RD-SI-14,67_67399_5136977,8/11/25,,2025-2026
67016394,4 RD-SI-09,67_67399_5136977,8/11/25,,2025-2026
67016394,4 RD-SI-10,67_67399_5136977,8/11/25,,2025-2026
67016399,4 RD-SI-09,67_67399_5136977,8/11/25,,2025-2026
67016399,4 RD-SI-10,67_67399_5136977,8/11/25,,2025-2026
67016543,4/5RD-SI11,67_67399_5136977,8/11/25,,2025-2026
67016543,5 RD-SI-05,67_67399_5136977,8/11/25,,2025-2026
67016372,3 RD-SI-16,67_67399_5136977,8/11/25,,2025-2026
67016372,3 RD-SI-17,67_67399_5136977,8/11/25,,2025-2026
67016150,1 RD-SI-20,67_67399_5136977,8/11/25,,2025-2026
67016150,1 RD-SI-21,67_67399_5136977,8/11/25,,2025-2026
67016492,4/5RD-SI11,67_67399_5136977,8/11/25,,2025-2026
67016492,5 RD-SI-05,67_67399_5136977,8/11/25,,2025-2026
67016140,1 RD-SI-20,67_67399_5136977,8/11/25,,2025-2026
67016140,1 RD-SI-21,67_67399_5136977,8/11/25,,2025-2026
67016434,4 RD-SI-09,67_67399_5136977,8/11/25,,2025-2026
67016434,4 RD-SI-10,67_67399_5136977,8/11/25,,2025-2026
67016628,6 RD-SI-01,67_67399_5136977,8/11/25,,2025-2026
67016628,6 RD-SI-02,67_67399_5136977,8/11/25,,2025-2026
67016513,4/5RD-SI11,67_67399_5136977,8/11/25,,2025-2026
67016513,5 RD-SI-05,67_67399_5136977,8/11/25,,2025-2026
67016686,0495-01,67_67399_5136979,8/11/25,,2025-2026
67016686,0495-02,67_67399_5136979,8/11/25,,2025-2026
67016641,6 RD-SI-01,67_67399_5136977,8/11/25,,2025-2026
67016641,6 RD-SI-02,67_67399_5136977,8/11/25,,2025-2026
67016541,4/5RD-SI11,67_67399_5136977,8/11/25,,2025-2026
67016541,5 RD-SI-05,67_67399_5136977,8/11/25,,2025-2026
67016579,6 RD-SI-01,67_67399_5136977,8/11/25,,2025-2026
67016579,6 RD-SI-02,67_67399_5136977,8/11/25,,2025-2026
67016383,3 RD-SI-16,67_67399_5136977,8/11/25,,2025-2026
67016383,3 RD-SI-17,67_67399_5136977,8/11/25,,2025-2026
67016697,0495-01,67_67399_5136979,8/11/25,,2025-2026
67016697,0495-02,67_67399_5136979,8/11/25,,2025-2026
67016322,3 RD-SI-16,67_67399_5136977,8/11/25,,2025-2026
67016322,3 RD-SI-17,67_67399_5136977,8/11/25,,2025-2026
67016480,4/5RD-SI11,67_67399_5136977,8/11/25,,2025-2026
67016480,5 RD-SI-05,67_67399_5136977,8/11/25,,2025-2026
67016692,0495-01,67_67399_5136979,8/11/25,,2025-2026
67016692,0495-02,67_67399_5136979,8/11/25,,2025-2026
67016295,2 RD-SI-13,67_67399_5136977,8/11/25,,2025-2026
67016295,2 RD-SI-14,67_67399_5136977,8/11/25,,2025-2026
67016149,1 RD-SI-20,67_67399_5136977,8/11/25,,2025-2026
67016149,1 RD-SI-21,67_67399_5136977,8/11/25,,2025-2026
67016471,4 RD-SI-09,67_67399_5136977,8/11/25,,2025-2026
67016471,4 RD-SI-10,67_67399_5136977,8/11/25,,2025-2026
67016333,3 RD-SI-16,67_67399_5136977,8/11/25,,2025-2026
67016333,3 RD-SI-17,67_67399_5136977,8/11/25,,2025-2026
67016569,6 RD-SI-01,67_67399_5136977,8/11/25,,2025-2026
67016569,6 RD-SI-02,67_67399_5136977,8/11/25,,2025-2026
67016555,4/5RD-SI11,67_67399_5136977,8/11/25,,2025-2026
67016555,5 RD-SI-05,67_67399_5136977,8/11/25,,2025-2026
67016411,4 RD-SI-09,67_67399_5136977,8/11/25,,2025-2026
67016411,4 RD-SI-10,67_67399_5136977,8/11/25,,2025-2026
67016253,2 RD-SI-13,67_67399_5136977,8/11/25,,2025-2026
67016253,2 RD-SI-14,67_67399_5136977,8/11/25,,2025-2026
67016575,6 RD-SI-01,67_67399_5136977,8/11/25,,2025-2026
67016575,6 RD-SI-02,67_67399_5136977,8/11/25,,2025-2026
67016465,4 RD-SI-09,67_67399_5136977,8/11/25,,2025-2026
67016465,4 RD-SI-10,67_67399_5136977,8/11/25,,2025-2026
67016200,1 RD-SI-20,67_67399_5136977,8/11/25,,2025-2026
67016200,1 RD-SI-21,67_67399_5136977,8/11/25,,2025-2026
67016590,6 RD-SI-01,67_67399_5136977,8/11/25,,2025-2026
67016590,6 RD-SI-02,67_67399_5136977,8/11/25,,2025-2026
67016366,3 RD-SI-16,67_67399_5136977,8/11/25,,2025-2026
67016366,3 RD-SI-17,67_67399_5136977,8/11/25,,2025-2026
67016331,3 RD-SI-16,67_67399_5136977,8/11/25,,2025-2026
67016331,3 RD-SI-17,67_67399_5136977,8/11/25,,2025-2026
67016720,0495-01,67_67399_5136979,8/11/25,,2025-2026
67016720,0495-02,67_67399_5136979,8/11/25,,2025-2026
67016268,2 RD-SI-13,67_67399_5136977,8/11/25,,2025-2026
67016268,2 RD-SI-14,67_67399_5136977,8/11/25,,2025-2026
67016561,4/5RD-SI11,67_67399_5136977,8/11/25,,2025-2026
67016561,5 RD-SI-05,67_67399_5136977,8/11/25,,2025-2026
67016710,0495-01,67_67399_5136979,8/11/25,,2025-2026
67016710,0495-02,67_67399_5136979,8/11/25,,2025-2026
67016660,0495-01,67_67399_5136979,8/11/25,,2025-2026
67016660,0495-02,67_67399_5136979,8/11/25,,2025-2026
67016427,4 RD-SI-09,67_67399_5136977,8/11/25,,2025-2026
67016427,4 RD-SI-10,67_67399_5136977,8/11/25,,2025-2026
67016571,6 RD-SI-01,67_67399_5136977,8/11/25,,2025-2026
67016571,6 RD-SI-02,67_67399_5136977,8/11/25,,2025-2026
67016238,2 RD-SI-13,67_67399_5136977,8/11/25,,2025-2026
67016238,2 RD-SI-14,67_67399_5136977,8/11/25,,2025-2026
67016683,0495-01,67_67399_5136979,8/11/25,,2025-2026
67016683,0495-02,67_67399_5136979,8/11/25,,2025-2026
67016190,1 RD-SI-20,67_67399_5136977,8/11/25,,2025-2026
67016190,1 RD-SI-21,67_67399_5136977,8/11/25,,2025-2026
67016375,3 RD-SI-16,67_67399_5136977,8/11/25,,2025-2026
67016375,3 RD-SI-17,67_67399_5136977,8/11/25,,2025-2026
67016395,4 RD-SI-09,67_67399_5136977,8/11/25,,2025-2026
67016395,4 RD-SI-10,67_67399_5136977,8/11/25,,2025-2026
67016341,3 RD-SI-16,67_67399_5136977,8/11/25,,2025-2026
67016341,3 RD-SI-17,67_67399_5136977,8/11/25,,2025-2026
67016444,4 RD-SI-09,67_67399_5136977,8/11/25,,2025-2026
67016444,4 RD-SI-10,67_67399_5136977,8/11/25,,2025-2026
67016276,2 RD-SI-13,67_67399_5136977,8/11/25,,2025-2026
67016276,2 RD-SI-14,67_67399_5136977,8/11/25,,2025-2026
67016441,4 RD-SI-09,67_67399_5136977,8/11/25,,2025-2026
67016441,4 RD-SI-10,67_67399_5136977,8/11/25,,2025-2026
67016182,1 RD-SI-20,67_67399_5136977,8/11/25,,2025-2026
67016182,1 RD-SI-21,67_67399_5136977,8/11/25,,2025-2026
67016450,4 RD-SI-09,67_67399_5136977,8/11/25,,2025-2026
67016450,4 RD-SI-10,67_67399_5136977,8/11/25,,2025-2026
67016496,4/5RD-SI11,67_67399_5136977,8/11/25,,2025-2026
67016496,5 RD-SI-05,67_67399_5136977,8/11/25,,2025-2026
67016241,2 RD-SI-13,67_67399_5136977,8/11/25,,2025-2026
67016241,2 RD-SI-14,67_67399_5136977,8/11/25,,2025-2026
67016421,4 RD-SI-09,67_67399_5136977,8/11/25,,2025-2026
67016421,4 RD-SI-10,67_67399_5136977,8/11/25,,2025-2026
67016713,0495-01,67_67399_5136979,8/11/25,,2025-2026
67016713,0495-02,67_67399_5136979,8/11/25,,2025-2026
67016540,4/5RD-SI11,67_67399_5136977,8/11/25,,2025-2026
67016540,5 RD-SI-05,67_67399_5136977,8/11/25,,2025-2026
67016164,1 RD-SI-20,67_67399_5136977,8/11/25,,2025-2026
67016164,1 RD-SI-21,67_67399_5136977,8/11/25,,2025-2026
67016557,4/5RD-SI11,67_67399_5136977,8/11/25,,2025-2026
67016557,5 RD-SI-05,67_67399_5136977,8/11/25,,2025-2026
67016442,4 RD-SI-09,67_67399_5136977,8/11/25,,2025-2026
67016442,4 RD-SI-10,67_67399_5136977,8/11/25,,2025-2026
67016545,4/5RD-SI11,67_67399_5136977,8/11/25,,2025-2026
67016545,5 RD-SI-05,67_67399_5136977,8/11/25,,2025-2026
67016218,2 RD-SI-13,67_67399_5136977,8/11/25,,2025-2026
67016218,2 RD-SI-14,67_67399_5136977,8/11/25,,2025-2026
67016646,6 RD-SI-01,67_67399_5136977,8/11/25,,2025-2026
67016646,6 RD-SI-02,67_67399_5136977,8/11/25,,2025-2026
67016664,0495-01,67_67399_5136979,8/11/25,,2025-2026
67016664,0495-02,67_67399_5136979,8/11/25,,2025-2026
67016655,0495-01,67_67399_5136979,8/11/25,,2025-2026
67016655,0495-02,67_67399_5136979,8/11/25,,2025-2026
67016287,2 RD-SI-13,67_67399_5136977,8/11/25,,2025-2026
67016287,2 RD-SI-14,67_67399_5136977,8/11/25,,2025-2026
67016212,2 RD-SI-13,67_67399_5136977,8/11/25,,2025-2026
67016212,2 RD-SI-14,67_67399_5136977,8/11/25,,2025-2026
67016349,3 RD-SI-16,67_67399_5136977,8/11/25,,2025-2026
67016349,3 RD-SI-17,67_67399_5136977,8/11/25,,2025-2026
67016136,1 RD-SI-20,67_67399_5136977,8/11/25,,2025-2026
67016136,1 RD-SI-21,67_67399_5136977,8/11/25,,2025-2026
67016335,3 RD-SI-16,67_67399_5136977,8/11/25,,2025-2026
67016335,3 RD-SI-17,67_67399_5136977,8/11/25,,2025-2026
67016556,4/5RD-SI11,67_67399_5136977,8/11/25,,2025-2026
67016556,5 RD-SI-05,67_67399_5136977,8/11/25,,2025-2026
67016649,0495-01,67_67399_5136979,8/11/25,,2025-2026
67016649,0495-02,67_67399_5136979,8/11/25,,2025-2026
67016470,4 RD-SI-09,67_67399_5136977,8/11/25,,2025-2026
67016470,4 RD-SI-10,67_67399_5136977,8/11/25,,2025-2026
67016216,2 RD-SI-13,67_67399_5136977,8/11/25,,2025-2026
67016216,2 RD-SI-14,67_67399_5136977,8/11/25,,2025-2026
67016340,3 RD-SI-16,67_67399_5136977,8/11/25,,2025-2026
67016340,3 RD-SI-17,67_67399_5136977,8/11/25,,2025-2026
67016623,6 RD-SI-01,67_67399_5136977,8/11/25,,2025-2026
67016623,6 RD-SI-02,67_67399_5136977,8/11/25,,2025-2026
67016599,6 RD-SI-01,67_67399_5136977,8/11/25,,2025-2026
67016599,6 RD-SI-02,67_67399_5136977,8/11/25,,2025-2026
67016523,4/5RD-SI11,67_67399_5136977,8/11/25,,2025-2026
67016523,5 RD-SI-05,67_67399_5136977,8/11/25,,2025-2026
67016595,6 RD-SI-01,67_67399_5136977,8/11/25,,2025-2026
67016595,6 RD-SI-02,67_67399_5136977,8/11/25,,2025-2026
67016248,2 RD-SI-13,67_67399_5136977,8/11/25,,2025-2026
67016248,2 RD-SI-14,67_67399_5136977,8/11/25,,2025-2026
67016484,4/5RD-SI11,67_67399_5136977,8/11/25,,2025-2026
67016484,5 RD-SI-05,67_67399_5136977,8/11/25,,2025-2026
67016576,6 RD-SI-01,67_67399_5136977,8/11/25,,2025-2026
67016576,6 RD-SI-02,67_67399_5136977,8/11/25,,2025-2026
67016229,2 RD-SI-13,67_67399_5136977,8/11/25,,2025-2026
67016229,2 RD-SI-14,67_67399_5136977,8/11/25,,2025-2026
67016379,3 RD-SI-16,67_67399_5136977,8/11/25,,2025-2026
67016379,3 RD-SI-17,67_67399_5136977,8/11/25,,2025-2026
67016467,4 RD-SI-09,67_67399_5136977,8/11/25,,2025-2026
67016467,4 RD-SI-10,67_67399_5136977,8/11/25,,2025-2026
67016191,1 RD-SI-20,67_67399_5136977,8/11/25,,2025-2026
67016191,1 RD-SI-21,67_67399_5136977,8/11/25,,2025-2026
67016559,4/5RD-SI11,67_67399_5136977,8/11/25,,2025-2026
67016559,5 RD-SI-05,67_67399_5136977,8/11/25,,2025-2026
67016661,0495-01,67_67399_5136979,8/11/25,,2025-2026
67016661,0495-02,67_67399_5136979,8/11/25,,2025-2026
67016224,2 RD-SI-13,67_67399_5136977,8/11/25,,2025-2026
67016224,2 RD-SI-14,67_67399_5136977,8/11/25,,2025-2026
67016518,4/5RD-SI11,67_67399_5136977,8/11/25,,2025-2026
67016518,5 RD-SI-05,67_67399_5136977,8/11/25,,2025-2026
67016221,2 RD-SI-13,67_67399_5136977,8/11/25,,2025-2026
67016221,2 RD-SI-14,67_67399_5136977,8/11/25,,2025-2026
67016673,0495-01,67_67399_5136979,8/11/25,,2025-2026
67016673,0495-02,67_67399_5136979,8/11/25,,2025-2026
67016171,1 RD-SI-20,67_67399_5136977,8/11/25,,2025-2026
67016171,1 RD-SI-21,67_67399_5136977,8/11/25,,2025-2026
67016679,0495-01,67_67399_5136979,8/11/25,,2025-2026
67016679,0495-02,67_67399_5136979,8/11/25,,2025-2026
67016630,6 RD-SI-01,67_67399_5136977,8/11/25,,2025-2026
67016630,6 RD-SI-02,67_67399_5136977,8/11/25,,2025-2026
67016534,4/5RD-SI11,67_67399_5136977,8/11/25,,2025-2026
67016534,5 RD-SI-05,67_67399_5136977,8/11/25,,2025-2026
67016206,1 RD-SI-20,67_67399_5136977,8/11/25,,2025-2026
67016206,1 RD-SI-21,67_67399_5136977,8/11/25,,2025-2026
67016174,1 RD-SI-20,67_67399_5136977,8/11/25,,2025-2026
67016174,1 RD-SI-21,67_67399_5136977,8/11/25,,2025-2026
67016607,6 RD-SI-01,67_67399_5136977,8/11/25,,2025-2026
67016607,6 RD-SI-02,67_67399_5136977,8/11/25,,2025-2026
67016154,1 RD-SI-20,67_67399_5136977,8/11/25,,2025-2026
67016154,1 RD-SI-21,67_67399_5136977,8/11/25,,2025-2026
67016678,0495-01,67_67399_5136979,8/11/25,,2025-2026
67016678,0495-02,67_67399_5136979,8/11/25,,2025-2026
67016451,4 RD-SI-09,67_67399_5136977,8/11/25,,2025-2026
67016451,4 RD-SI-10,67_67399_5136977,8/11/25,,2025-2026
67016601,6 RD-SI-01,67_67399_5136977,8/11/25,,2025-2026
67016601,6 RD-SI-02,67_67399_5136977,8/11/25,,2025-2026
67016616,6 RD-SI-01,67_67399_5136977,8/11/25,,2025-2026
67016616,6 RD-SI-02,67_67399_5136977,8/11/25,,2025-2026
67016337,3 RD-SI-16,67_67399_5136977,8/11/25,,2025-2026
67016337,3 RD-SI-17,67_67399_5136977,8/11/25,,2025-2026
67016552,4/5RD-SI11,67_67399_5136977,8/11/25,,2025-2026
67016552,5 RD-SI-05,67_67399_5136977,8/11/25,,2025-2026
67016629,6 RD-SI-01,67_67399_5136977,8/11/25,,2025-2026
67016629,6 RD-SI-02,67_67399_5136977,8/11/25,,2025-2026
67016249,2 RD-SI-13,67_67399_5136977,8/11/25,,2025-2026
67016249,2 RD-SI-14,67_67399_5136977,8/11/25,,2025-2026
67016358,3 RD-SI-16,67_67399_5136977,8/11/25,,2025-2026
67016358,3 RD-SI-17,67_67399_5136977,8/11/25,,2025-2026
67016565,6 RD-SI-01,67_67399_5136977,8/11/25,,2025-2026
67016565,6 RD-SI-02,67_67399_5136977,8/11/25,,2025-2026
67016662,0495-01,67_67399_5136979,8/11/25,,2025-2026
67016662,0495-02,67_67399_5136979,8/11/25,,2025-2026
67016712,0495-01,67_67399_5136979,8/11/25,,2025-2026
67016712,0495-02,67_67399_5136979,8/11/25,,2025-2026
67016639,6 RD-SI-01,67_67399_5136977,8/11/25,,2025-2026
67016639,6 RD-SI-02,67_67399_5136977,8/11/25,,2025-2026
67016243,2 RD-SI-13,67_67399_5136977,8/11/25,,2025-2026
67016243,2 RD-SI-14,67_67399_5136977,8/11/25,,2025-2026
67016390,3 RD-SI-16,67_67399_5136977,8/11/25,,2025-2026
67016390,3 RD-SI-17,67_67399_5136977,8/11/25,,2025-2026
67016684,0495-01,67_67399_5136979,8/11/25,,2025-2026
67016684,0495-02,67_67399_5136979,8/11/25,,2025-2026
67016277,2 RD-SI-13,67_67399_5136977,8/11/25,,2025-2026
67016277,2 RD-SI-14,67_67399_5136977,8/11/25,,2025-2026
67016289,2 RD-SI-13,67_67399_5136977,8/11/25,,2025-2026
67016289,2 RD-SI-14,67_67399_5136977,8/11/25,,2025-2026
67016651,0495-01,67_67399_5136979,8/11/25,,2025-2026
67016651,0495-02,67_67399_5136979,8/11/25,,2025-2026
67016587,6 RD-SI-01,67_67399_5136977,8/11/25,,2025-2026
67016587,6 RD-SI-02,67_67399_5136977,8/11/25,,2025-2026
67016705,0495-01,67_67399_5136979,8/11/25,,2025-2026
67016705,0495-02,67_67399_5136979,8/11/25,,2025-2026
67016377,3 RD-SI-16,67_67399_5136977,8/11/25,,2025-2026
67016377,3 RD-SI-17,67_67399_5136977,8/11/25,,2025-2026
67016429,4 RD-SI-09,67_67399_5136977,8/11/25,,2025-2026
67016429,4 RD-SI-10,67_67399_5136977,8/11/25,,2025-2026
67016439,4 RD-SI-09,67_67399_5136977,8/11/25,,2025-2026
67016439,4 RD-SI-10,67_67399_5136977,8/11/25,,2025-2026
67016512,4/5RD-SI11,67_67399_5136977,8/11/25,,2025-2026
67016512,5 RD-SI-05,67_67399_5136977,8/11/25,,2025-2026
67016251,2 RD-SI-13,67_67399_5136977,8/11/25,,2025-2026
67016251,2 RD-SI-14,67_67399_5136977,8/11/25,,2025-2026
67016805,1202746,67_67399_5136978,8/11/25,,2025-2026
67016805,1202777,67_67399_5136978,8/11/25,,2025-2026
67016864,1202746,67_67399_5136978,8/11/25,,2025-2026
67016864,1202777,67_67399_5136978,8/11/25,,2025-2026
67016763,1202746,67_67399_5136978,8/11/25,,2025-2026
67016763,1202777,67_67399_5136978,8/11/25,,2025-2026
67017072,1202746,67_67399_5136978,8/11/25,,2025-2026
67017072,1202777,67_67399_5136978,8/11/25,,2025-2026
67016761,1202746,67_67399_5136978,8/11/25,,2025-2026
67016761,1202777,67_67399_5136978,8/11/25,,2025-2026
67016757,1202746,67_67399_5136978,8/11/25,,2025-2026
67016757,1202777,67_67399_5136978,8/11/25,,2025-2026
67017049,1202746,67_67399_5136978,8/11/25,,2025-2026
67017049,1202777,67_67399_5136978,8/11/25,,2025-2026
67016891,1202746,67_67399_5136978,8/11/25,,2025-2026
67016891,1202777,67_67399_5136978,8/11/25,,2025-2026
67017058,1202746,67_67399_5136978,8/11/25,,2025-2026
67017058,1202777,67_67399_5136978,8/11/25,,2025-2026
67016745,1202746,67_67399_5136978,8/11/25,,2025-2026
67016745,1202777,67_67399_5136978,8/11/25,,2025-2026
67017022,1202746,67_67399_5136978,8/11/25,,2025-2026
67017022,1202777,67_67399_5136978,8/11/25,,2025-2026
67016965,1202746,67_67399_5136978,8/11/25,,2025-2026
67016965,1202777,67_67399_5136978,8/11/25,,2025-2026
67017042,1202746,67_67399_5136978,8/11/25,,2025-2026
67017042,1202777,67_67399_5136978,8/11/25,,2025-2026
67016940,1202746,67_67399_5136978,8/11/25,,2025-2026
67016940,1202777,67_67399_5136978,8/11/25,,2025-2026
67016915,1202746,67_67399_5136978,8/11/25,,2025-2026
67016915,1202777,67_67399_5136978,8/11/25,,2025-2026
67016935,1202746,67_67399_5136978,8/11/25,,2025-2026
67016935,1202777,67_67399_5136978,8/11/25,,2025-2026
67017056,1202746,67_67399_5136978,8/11/25,,2025-2026
67017056,1202777,67_67399_5136978,8/11/25,,2025-2026
67016741,1202746,67_67399_5136978,8/11/25,,2025-2026
67016741,1202777,67_67399_5136978,8/11/25,,2025-2026
67016749,1202746,67_67399_5136978,8/11/25,,2025-2026
67016749,1202777,67_67399_5136978,8/11/25,,2025-2026
67017026,1202746,67_67399_5136978,8/11/25,,2025-2026
67017026,1202777,67_67399_5136978,8/11/25,,2025-2026
67016977,1202746,67_67399_5136978,8/11/25,,2025-2026
67016977,1202777,67_67399_5136978,8/11/25,,2025-2026
67016966,1202746,67_67399_5136978,8/11/25,,2025-2026
67016966,1202777,67_67399_5136978,8/11/25,,2025-2026
67016918,1202746,67_67399_5136978,8/11/25,,2025-2026
67016918,1202777,67_67399_5136978,8/11/25,,2025-2026
67017043,1202746,67_67399_5136978,8/11/25,,2025-2026
67017043,1202777,67_67399_5136978,8/11/25,,2025-2026
67016733,1202746,67_67399_5136978,8/11/25,,2025-2026
67016733,1202777,67_67399_5136978,8/11/25,,2025-2026
67016765,1202746,67_67399_5136978,8/11/25,,2025-2026
67016765,1202777,67_67399_5136978,8/11/25,,2025-2026
67016909,1202746,67_67399_5136978,8/11/25,,2025-2026
67016909,1202777,67_67399_5136978,8/11/25,,2025-2026
67016931,1202746,67_67399_5136978,8/11/25,,2025-2026
67016931,1202777,67_67399_5136978,8/11/25,,2025-2026
67016874,1202746,67_67399_5136978,8/11/25,,2025-2026
67016874,1202777,67_67399_5136978,8/11/25,,2025-2026
67016829,1202746,67_67399_5136978,8/11/25,,2025-2026
67016829,1202777,67_67399_5136978,8/11/25,,2025-2026
67016937,1202746,67_67399_5136978,8/11/25,,2025-2026
67016937,1202777,67_67399_5136978,8/11/25,,2025-2026
67016960,1202746,67_67399_5136978,8/11/25,,2025-2026
67016960,1202777,67_67399_5136978,8/11/25,,2025-2026
67016898,1202746,67_67399_5136978,8/11/25,,2025-2026
67016898,1202777,67_67399_5136978,8/11/25,,2025-2026
67017054,1202746,67_67399_5136978,8/11/25,,2025-2026
67017054,1202777,67_67399_5136978,8/11/25,,2025-2026
67016798,1202746,67_67399_5136978,8/11/25,,2025-2026
67016798,1202777,67_67399_5136978,8/11/25,,2025-2026
67017034,1202746,67_67399_5136978,8/11/25,,2025-2026
67017034,1202777,67_67399_5136978,8/11/25,,2025-2026
67016887,1202746,67_67399_5136978,8/11/25,,2025-2026
67016887,1202777,67_67399_5136978,8/11/25,,2025-2026
67016839,1202746,67_67399_5136978,8/11/25,,2025-2026
67016839,1202777,67_67399_5136978,8/11/25,,2025-2026
67017050,1202746,67_67399_5136978,8/11/25,,2025-2026
67017050,1202777,67_67399_5136978,8/11/25,,2025-2026
67016922,1202746,67_67399_5136978,8/11/25,,2025-2026
67016922,1202777,67_67399_5136978,8/11/25,,2025-2026
67016999,1202746,67_67399_5136978,8/11/25,,2025-2026
67016999,1202777,67_67399_5136978,8/11/25,,2025-2026
67017085,1202746,67_67399_5136978,8/11/25,,2025-2026
67017085,1202777,67_67399_5136978,8/11/25,,2025-2026
67016834,1202746,67_67399_5136978,8/11/25,,2025-2026
67016834,1202777,67_67399_5136978,8/11/25,,2025-2026
67017051,1202746,67_67399_5136978,8/11/25,,2025-2026
67017051,1202777,67_67399_5136978,8/11/25,,2025-2026
67016758,1202746,67_67399_5136978,8/11/25,,2025-2026
67016758,1202777,67_67399_5136978,8/11/25,,2025-2026
67016959,1202746,67_67399_5136978,8/11/25,,2025-2026
67016959,1202777,67_67399_5136978,8/11/25,,2025-2026
67017075,1202746,67_67399_5136978,8/11/25,,2025-2026
67017075,1202777,67_67399_5136978,8/11/25,,2025-2026
67017014,1202746,67_67399_5136978,8/11/25,,2025-2026
67017014,1202777,67_67399_5136978,8/11/25,,2025-2026
67016890,1202746,67_67399_5136978,8/11/25,,2025-2026
67016890,1202777,67_67399_5136978,8/11/25,,2025-2026
67016856,1202746,67_67399_5136978,8/11/25,,2025-2026
67016856,1202777,67_67399_5136978,8/11/25,,2025-2026
67016995,1202746,67_67399_5136978,8/11/25,,2025-2026
67016995,1202777,67_67399_5136978,8/11/25,,2025-2026
67016735,1202746,67_67399_5136978,8/11/25,,2025-2026
67016735,1202777,67_67399_5136978,8/11/25,,2025-2026
67016927,1202746,67_67399_5136978,8/11/25,,2025-2026
67016927,1202777,67_67399_5136978,8/11/25,,2025-2026
67016939,1202746,67_67399_5136978,8/11/25,,2025-2026
67016939,1202777,67_67399_5136978,8/11/25,,2025-2026
67016770,1202746,67_67399_5136978,8/11/25,,2025-2026
67016770,1202777,67_67399_5136978,8/11/25,,2025-2026
67016994,1202746,67_67399_5136978,8/11/25,,2025-2026
67016994,1202777,67_67399_5136978,8/11/25,,2025-2026
67016777,1202746,67_67399_5136978,8/11/25,,2025-2026
67016777,1202777,67_67399_5136978,8/11/25,,2025-2026
67016815,1202746,67_67399_5136978,8/11/25,,2025-2026
67016815,1202777,67_67399_5136978,8/11/25,,2025-2026
67017077,1202746,67_67399_5136978,8/11/25,,2025-2026
67017077,1202777,67_67399_5136978,8/11/25,,2025-2026
67016792,1202746,67_67399_5136978,8/11/25,,2025-2026
67016792,1202777,67_67399_5136978,8/11/25,,2025-2026
67017009,1202746,67_67399_5136978,8/11/25,,2025-2026
67017009,1202777,67_67399_5136978,8/11/25,,2025-2026
67017048,1202746,67_67399_5136978,8/11/25,,2025-2026
67017048,1202777,67_67399_5136978,8/11/25,,2025-2026
67016848,1202746,67_67399_5136978,8/11/25,,2025-2026
67016848,1202777,67_67399_5136978,8/11/25,,2025-2026
67016908,1202746,67_67399_5136978,8/11/25,,2025-2026
67016908,1202777,67_67399_5136978,8/11/25,,2025-2026
67016802,1202746,67_67399_5136978,8/11/25,,2025-2026
67016802,1202777,67_67399_5136978,8/11/25,,2025-2026
67017064,1202746,67_67399_5136978,8/11/25,,2025-2026
67017064,1202777,67_67399_5136978,8/11/25,,2025-2026
67016737,1202746,67_67399_5136978,8/11/25,,2025-2026
67016737,1202777,67_67399_5136978,8/11/25,,2025-2026
67016797,1202746,67_67399_5136978,8/11/25,,2025-2026
67016797,1202777,67_67399_5136978,8/11/25,,2025-2026
67016926,1202746,67_67399_5136978,8/11/25,,2025-2026
67016926,1202777,67_67399_5136978,8/11/25,,2025-2026
67016973,1202746,67_67399_5136978,8/11/25,,2025-2026
67016973,1202777,67_67399_5136978,8/11/25,,2025-2026
67016832,1202746,67_67399_5136978,8/11/25,,2025-2026
67016832,1202777,67_67399_5136978,8/11/25,,2025-2026
67016806,1202746,67_67399_5136978,8/11/25,,2025-2026
67016806,1202777,67_67399_5136978,8/11/25,,2025-2026
67017078,1202746,67_67399_5136978,8/11/25,,2025-2026
67017078,1202777,67_67399_5136978,8/11/25,,2025-2026
67016793,1202746,67_67399_5136978,8/11/25,,2025-2026
67016793,1202777,67_67399_5136978,8/11/25,,2025-2026
67016949,1202746,67_67399_5136978,8/11/25,,2025-2026
67016949,1202777,67_67399_5136978,8/11/25,,2025-2026
67016811,1202746,67_67399_5136978,8/11/25,,2025-2026
67016811,1202777,67_67399_5136978,8/11/25,,2025-2026
67016774,1202746,67_67399_5136978,8/11/25,,2025-2026
67016774,1202777,67_67399_5136978,8/11/25,,2025-2026
67016945,1202746,67_67399_5136978,8/11/25,,2025-2026
67016945,1202777,67_67399_5136978,8/11/25,,2025-2026
67016842,1202746,67_67399_5136978,8/11/25,,2025-2026
67016842,1202777,67_67399_5136978,8/11/25,,2025-2026
67017008,1202746,67_67399_5136978,8/11/25,,2025-2026
67017008,1202777,67_67399_5136978,8/11/25,,2025-2026
67016851,1202746,67_67399_5136978,8/11/25,,2025-2026
67016851,1202777,67_67399_5136978,8/11/25,,2025-2026
67016964,1202746,67_67399_5136978,8/11/25,,2025-2026
67016964,1202777,67_67399_5136978,8/11/25,,2025-2026
67017030,1202746,67_67399_5136978,8/11/25,,2025-2026
67017030,1202777,67_67399_5136978,8/11/25,,2025-2026
67016865,1202746,67_67399_5136978,8/11/25,,2025-2026
67016865,1202777,67_67399_5136978,8/11/25,,2025-2026
67016870,1202746,67_67399_5136978,8/11/25,,2025-2026
67016870,1202777,67_67399_5136978,8/11/25,,2025-2026
67016888,1202746,67_67399_5136978,8/11/25,,2025-2026
67016888,1202777,67_67399_5136978,8/11/25,,2025-2026
67017061,1202746,67_67399_5136978,8/11/25,,2025-2026
67017061,1202777,67_67399_5136978,8/11/25,,2025-2026
67016816,1202746,67_67399_5136978,8/11/25,,2025-2026
67016816,1202777,67_67399_5136978,8/11/25,,2025-2026
67016776,1202746,67_67399_5136978,8/11/25,,2025-2026
67016776,1202777,67_67399_5136978,8/11/25,,2025-2026
67016980,1202746,67_67399_5136978,8/11/25,,2025-2026
67016980,1202777,67_67399_5136978,8/11/25,,2025-2026
67016912,1202746,67_67399_5136978,8/11/25,,2025-2026
67016912,1202777,67_67399_5136978,8/11/25,,2025-2026
67016772,1202746,67_67399_5136978,8/11/25,,2025-2026
67016772,1202777,67_67399_5136978,8/11/25,,2025-2026
67017069,1202746,67_67399_5136978,8/11/25,,2025-2026
67017069,1202777,67_67399_5136978,8/11/25,,2025-2026
67017015,1202746,67_67399_5136978,8/11/25,,2025-2026
67017015,1202777,67_67399_5136978,8/11/25,,2025-2026
67016847,1202746,67_67399_5136978,8/11/25,,2025-2026
67016847,1202777,67_67399_5136978,8/11/25,,2025-2026
67017088,1202746,67_67399_5136978,8/11/25,,2025-2026
67017088,1202777,67_67399_5136978,8/11/25,,2025-2026
67016795,1202746,67_67399_5136978,8/11/25,,2025-2026
67016795,1202777,67_67399_5136978,8/11/25,,2025-2026
67016800,1202746,67_67399_5136978,8/11/25,,2025-2026
67016800,1202777,67_67399_5136978,8/11/25,,2025-2026
67016993,1202746,67_67399_5136978,8/11/25,,2025-2026
67016993,1202777,67_67399_5136978,8/11/25,,2025-2026
67016883,1202746,67_67399_5136978,8/11/25,,2025-2026
67016883,1202777,67_67399_5136978,8/11/25,,2025-2026
67016913,1202746,67_67399_5136978,8/11/25,,2025-2026
67016913,1202777,67_67399_5136978,8/11/25,,2025-2026
67016855,1202746,67_67399_5136978,8/11/25,,2025-2026
67016855,1202777,67_67399_5136978,8/11/25,,2025-2026
67017080,1202746,67_67399_5136978,8/11/25,,2025-2026
67017080,1202777,67_67399_5136978,8/11/25,,2025-2026
67016769,1202746,67_67399_5136978,8/11/25,,2025-2026
67016769,1202777,67_67399_5136978,8/11/25,,2025-2026
67017083,1202746,67_67399_5136978,8/11/25,,2025-2026
67017083,1202777,67_67399_5136978,8/11/25,,2025-2026
67017003,1202746,67_67399_5136978,8/11/25,,2025-2026
67017003,1202777,67_67399_5136978,8/11/25,,2025-2026
67016923,1202746,67_67399_5136978,8/11/25,,2025-2026
67016923,1202777,67_67399_5136978,8/11/25,,2025-2026
67017029,1202746,67_67399_5136978,8/11/25,,2025-2026
67017029,1202777,67_67399_5136978,8/11/25,,2025-2026
67016997,1202746,67_67399_5136978,8/11/25,,2025-2026
67016997,1202777,67_67399_5136978,8/11/25,,2025-2026
67017006,1202746,67_67399_5136978,8/11/25,,2025-2026
67017006,1202777,67_67399_5136978,8/11/25,,2025-2026
67016813,1202746,67_67399_5136978,8/11/25,,2025-2026
67016813,1202777,67_67399_5136978,8/11/25,,2025-2026
67017011,1202746,67_67399_5136978,8/11/25,,2025-2026
67017011,1202777,67_67399_5136978,8/11/25,,2025-2026
67016794,1202746,67_67399_5136978,8/11/25,,2025-2026
67016794,1202777,67_67399_5136978,8/11/25,,2025-2026
67017065,1202746,67_67399_5136978,8/11/25,,2025-2026
67017065,1202777,67_67399_5136978,8/11/25,,2025-2026
67016751,1202746,67_67399_5136978,8/11/25,,2025-2026
67016751,1202777,67_67399_5136978,8/11/25,,2025-2026
67016979,1202746,67_67399_5136978,8/11/25,,2025-2026
67016979,1202777,67_67399_5136978,8/11/25,,2025-2026
67016899,1202746,67_67399_5136978,8/11/25,,2025-2026
67016899,1202777,67_67399_5136978,8/11/25,,2025-2026
67016968,1202746,67_67399_5136978,8/11/25,,2025-2026
67016968,1202777,67_67399_5136978,8/11/25,,2025-2026
67016740,1202746,67_67399_5136978,8/11/25,,2025-2026
67016740,1202777,67_67399_5136978,8/11/25,,2025-2026
67016781,1202746,67_67399_5136978,8/11/25,,2025-2026
67016781,1202777,67_67399_5136978,8/11/25,,2025-2026
67016895,1202746,67_67399_5136978,8/11/25,,2025-2026
67016895,1202777,67_67399_5136978,8/11/25,,2025-2026
67016914,1202746,67_67399_5136978,8/11/25,,2025-2026
67016914,1202777,67_67399_5136978,8/11/25,,2025-2026
67016878,1202746,67_67399_5136978,8/11/25,,2025-2026
67016878,1202777,67_67399_5136978,8/11/25,,2025-2026
67016804,1202746,67_67399_5136978,8/11/25,,2025-2026
67016804,1202777,67_67399_5136978,8/11/25,,2025-2026
67016731,1202746,67_67399_5136978,8/11/25,,2025-2026
67016731,1202777,67_67399_5136978,8/11/25,,2025-2026
67017068,1202746,67_67399_5136978,8/11/25,,2025-2026
67017068,1202777,67_67399_5136978,8/11/25,,2025-2026
67016963,1202746,67_67399_5136978,8/11/25,,2025-2026
67016963,1202777,67_67399_5136978,8/11/25,,2025-2026
67016976,1202746,67_67399_5136978,8/11/25,,2025-2026
67016976,1202777,67_67399_5136978,8/11/25,,2025-2026
67016953,1202746,67_67399_5136978,8/11/25,,2025-2026
67016953,1202777,67_67399_5136978,8/11/25,,2025-2026
67016911,1202746,67_67399_5136978,8/11/25,,2025-2026
67016911,1202777,67_67399_5136978,8/11/25,,2025-2026
67016866,1202746,67_67399_5136978,8/11/25,,2025-2026
67016866,1202777,67_67399_5136978,8/11/25,,2025-2026
67016759,1202746,67_67399_5136978,8/11/25,,2025-2026
67016759,1202777,67_67399_5136978,8/11/25,,2025-2026
67017032,1202746,67_67399_5136978,8/11/25,,2025-2026
67017032,1202777,67_67399_5136978,8/11/25,,2025-2026
67016962,1202746,67_67399_5136978,8/11/25,,2025-2026
67016962,1202777,67_67399_5136978,8/11/25,,2025-2026
67017031,1202746,67_67399_5136978,8/11/25,,2025-2026
67017031,1202777,67_67399_5136978,8/11/25,,2025-2026
67017038,1202746,67_67399_5136978,8/11/25,,2025-2026
67017038,1202777,67_67399_5136978,8/11/25,,2025-2026
67016744,1202746,67_67399_5136978,8/11/25,,2025-2026
67016744,1202777,67_67399_5136978,8/11/25,,2025-2026
67016742,1202746,67_67399_5136978,8/11/25,,2025-2026
67016742,1202777,67_67399_5136978,8/11/25,,2025-2026
67016867,1202746,67_67399_5136978,8/11/25,,2025-2026
67016867,1202777,67_67399_5136978,8/11/25,,2025-2026
67016762,1202746,67_67399_5136978,8/11/25,,2025-2026
67016762,1202777,67_67399_5136978,8/11/25,,2025-2026
67016837,1202746,67_67399_5136978,8/11/25,,2025-2026
67016837,1202777,67_67399_5136978,8/11/25,,2025-2026
67016786,1202746,67_67399_5136978,8/11/25,,2025-2026
67016786,1202777,67_67399_5136978,8/11/25,,2025-2026
67016729,1202746,67_67399_5136978,8/11/25,,2025-2026
67016729,1202777,67_67399_5136978,8/11/25,,2025-2026
67016972,1202746,67_67399_5136978,8/11/25,,2025-2026
67016972,1202777,67_67399_5136978,8/11/25,,2025-2026
67016961,1202746,67_67399_5136978,8/11/25,,2025-2026
67016961,1202777,67_67399_5136978,8/11/25,,2025-2026
67016998,1202746,67_67399_5136978,8/11/25,,2025-2026
67016998,1202777,67_67399_5136978,8/11/25,,2025-2026
67017084,1202746,67_67399_5136978,8/11/25,,2025-2026
67017084,1202777,67_67399_5136978,8/11/25,,2025-2026
67017004,1202746,67_67399_5136978,8/11/25,,2025-2026
67017004,1202777,67_67399_5136978,8/11/25,,2025-2026
67016830,1202746,67_67399_5136978,8/11/25,,2025-2026
67016830,1202777,67_67399_5136978,8/11/25,,2025-2026
67016902,1202746,67_67399_5136978,8/11/25,,2025-2026
67016902,1202777,67_67399_5136978,8/11/25,,2025-2026
67016938,1202746,67_67399_5136978,8/11/25,,2025-2026
67016938,1202777,67_67399_5136978,8/11/25,,2025-2026
67017076,1202746,67_67399_5136978,8/11/25,,2025-2026
67017076,1202777,67_67399_5136978,8/11/25,,2025-2026
67016991,1202746,67_67399_5136978,8/11/25,,2025-2026
67016991,1202777,67_67399_5136978,8/11/25,,2025-2026
67017020,1202746,67_67399_5136978,8/11/25,,2025-2026
67017020,1202777,67_67399_5136978,8/11/25,,2025-2026
67016983,1202746,67_67399_5136978,8/11/25,,2025-2026
67016983,1202777,67_67399_5136978,8/11/25,,2025-2026
67016748,1202746,67_67399_5136978,8/11/25,,2025-2026
67016748,1202777,67_67399_5136978,8/11/25,,2025-2026
67016894,1202746,67_67399_5136978,8/11/25,,2025-2026
67016894,1202777,67_67399_5136978,8/11/25,,2025-2026
67017005,1202746,67_67399_5136978,8/11/25,,2025-2026
67017005,1202777,67_67399_5136978,8/11/25,,2025-2026
67017074,1202746,67_67399_5136978,8/11/25,,2025-2026
67017074,1202777,67_67399_5136978,8/11/25,,2025-2026
67016996,1202746,67_67399_5136978,8/11/25,,2025-2026
67016996,1202777,67_67399_5136978,8/11/25,,2025-2026
67016840,1202746,67_67399_5136978,8/11/25,,2025-2026
67016840,1202777,67_67399_5136978,8/11/25,,2025-2026
67016893,1202746,67_67399_5136978,8/11/25,,2025-2026
67016893,1202777,67_67399_5136978,8/11/25,,2025-2026
67016889,1202746,67_67399_5136978,8/11/25,,2025-2026
67016889,1202777,67_67399_5136978,8/11/25,,2025-2026
67016970,1202746,67_67399_5136978,8/11/25,,2025-2026
67016970,1202777,67_67399_5136978,8/11/25,,2025-2026
67016755,1202746,67_67399_5136978,8/11/25,,2025-2026
67016755,1202777,67_67399_5136978,8/11/25,,2025-2026
67016782,1202746,67_67399_5136978,8/11/25,,2025-2026
67016782,1202777,67_67399_5136978,8/11/25,,2025-2026
67016753,1202746,67_67399_5136978,8/11/25,,2025-2026
67016753,1202777,67_67399_5136978,8/11/25,,2025-2026
67016873,1202746,67_67399_5136978,8/11/25,,2025-2026
67016873,1202777,67_67399_5136978,8/11/25,,2025-2026
67016920,1202746,67_67399_5136978,8/11/25,,2025-2026
67016920,1202777,67_67399_5136978,8/11/25,,2025-2026
67016875,1202746,67_67399_5136978,8/11/25,,2025-2026
67016875,1202777,67_67399_5136978,8/11/25,,2025-2026
67017053,1202746,67_67399_5136978,8/11/25,,2025-2026
67017053,1202777,67_67399_5136978,8/11/25,,2025-2026
67017062,1202746,67_67399_5136978,8/11/25,,2025-2026
67017062,1202777,67_67399_5136978,8/11/25,,2025-2026
67017000,1202746,67_67399_5136978,8/11/25,,2025-2026
67017000,1202777,67_67399_5136978,8/11/25,,2025-2026
67016947,1202746,67_67399_5136978,8/11/25,,2025-2026
67016947,1202777,67_67399_5136978,8/11/25,,2025-2026
67017047,1202746,67_67399_5136978,8/11/25,,2025-2026
67017047,1202777,67_67399_5136978,8/11/25,,2025-2026
67017018,1202746,67_67399_5136978,8/11/25,,2025-2026
67017018,1202777,67_67399_5136978,8/11/25,,2025-2026
67016936,1202746,67_67399_5136978,8/11/25,,2025-2026
67016936,1202777,67_67399_5136978,8/11/25,,2025-2026
67016986,1202746,67_67399_5136978,8/11/25,,2025-2026
67016986,1202777,67_67399_5136978,8/11/25,,2025-2026
67016907,1202746,67_67399_5136978,8/11/25,,2025-2026
67016907,1202777,67_67399_5136978,8/11/25,,2025-2026
67017012,1202746,67_67399_5136978,8/11/25,,2025-2026
67017012,1202777,67_67399_5136978,8/11/25,,2025-2026
67017019,1202746,67_67399_5136978,8/11/25,,2025-2026
67017019,1202777,67_67399_5136978,8/11/25,,2025-2026
67017055,1202746,67_67399_5136978,8/11/25,,2025-2026
67017055,1202777,67_67399_5136978,8/11/25,,2025-2026
67016823,1202746,67_67399_5136978,8/11/25,,2025-2026
67016823,1202777,67_67399_5136978,8/11/25,,2025-2026
67016812,1202746,67_67399_5136978,8/11/25,,2025-2026
67016812,1202777,67_67399_5136978,8/11/25,,2025-2026
67016897,1202746,67_67399_5136978,8/11/25,,2025-2026
67016897,1202777,67_67399_5136978,8/11/25,,2025-2026
67016917,1202746,67_67399_5136978,8/11/25,,2025-2026
67016917,1202777,67_67399_5136978,8/11/25,,2025-2026
67016809,1202746,67_67399_5136978,8/11/25,,2025-2026
67016809,1202777,67_67399_5136978,8/11/25,,2025-2026
67016734,1202746,67_67399_5136978,8/11/25,,2025-2026
67016734,1202777,67_67399_5136978,8/11/25,,2025-2026
67016877,1202746,67_67399_5136978,8/11/25,,2025-2026
67016877,1202777,67_67399_5136978,8/11/25,,2025-2026
67016787,1202746,67_67399_5136978,8/11/25,,2025-2026
67016787,1202777,67_67399_5136978,8/11/25,,2025-2026
67016884,1202746,67_67399_5136978,8/11/25,,2025-2026
67016884,1202777,67_67399_5136978,8/11/25,,2025-2026
67016984,1202746,67_67399_5136978,8/11/25,,2025-2026
67016984,1202777,67_67399_5136978,8/11/25,,2025-2026
67017013,1202746,67_67399_5136978,8/11/25,,2025-2026
67017013,1202777,67_67399_5136978,8/11/25,,2025-2026
67016971,1202746,67_67399_5136978,8/11/25,,2025-2026
67016971,1202777,67_67399_5136978,8/11/25,,2025-2026
67016969,1202746,67_67399_5136978,8/11/25,,2025-2026
67016969,1202777,67_67399_5136978,8/11/25,,2025-2026
67016728,1202746,67_67399_5136978,8/11/25,,2025-2026
67016728,1202777,67_67399_5136978,8/11/25,,2025-2026
67016826,1202746,67_67399_5136978,8/11/25,,2025-2026
67016826,1202777,67_67399_5136978,8/11/25,,2025-2026
67017035,1202746,67_67399_5136978,8/11/25,,2025-2026
67017035,1202777,67_67399_5136978,8/11/25,,2025-2026
67016775,1202746,67_67399_5136978,8/11/25,,2025-2026
67016775,1202777,67_67399_5136978,8/11/25,,2025-2026
67017016,1202746,67_67399_5136978,8/11/25,,2025-2026
67017016,1202777,67_67399_5136978,8/11/25,,2025-2026
67016784,1202746,67_67399_5136978,8/11/25,,2025-2026
67016784,1202777,67_67399_5136978,8/11/25,,2025-2026
67016921,1202746,67_67399_5136978,8/11/25,,2025-2026
67016921,1202777,67_67399_5136978,8/11/25,,2025-2026
67016929,1202746,67_67399_5136978,8/11/25,,2025-2026
67016929,1202777,67_67399_5136978,8/11/25,,2025-2026
67016833,1202746,67_67399_5136978,8/11/25,,2025-2026
67016833,1202777,67_67399_5136978,8/11/25,,2025-2026
67016900,1202746,67_67399_5136978,8/11/25,,2025-2026
67016900,1202777,67_67399_5136978,8/11/25,,2025-2026
67016901,1202746,67_67399_5136978,8/11/25,,2025-2026
67016901,1202777,67_67399_5136978,8/11/25,,2025-2026
67016807,1202746,67_67399_5136978,8/11/25,,2025-2026
67016807,1202777,67_67399_5136978,8/11/25,,2025-2026
67016780,1202746,67_67399_5136978,8/11/25,,2025-2026
67016780,1202777,67_67399_5136978,8/11/25,,2025-2026
67016778,1202746,67_67399_5136978,8/11/25,,2025-2026
67016778,1202777,67_67399_5136978,8/11/25,,2025-2026
67016771,1202746,67_67399_5136978,8/11/25,,2025-2026
67016771,1202777,67_67399_5136978,8/11/25,,2025-2026
67016950,1202746,67_67399_5136978,8/11/25,,2025-2026
67016950,1202777,67_67399_5136978,8/11/25,,2025-2026
67016906,1202746,67_67399_5136978,8/11/25,,2025-2026
67016906,1202777,67_67399_5136978,8/11/25,,2025-2026
67016767,1202746,67_67399_5136978,8/11/25,,2025-2026
67016767,1202777,67_67399_5136978,8/11/25,,2025-2026
67016750,1202746,67_67399_5136978,8/11/25,,2025-2026
67016750,1202777,67_67399_5136978,8/11/25,,2025-2026
67016736,1202746,67_67399_5136978,8/11/25,,2025-2026
67016736,1202777,67_67399_5136978,8/11/25,,2025-2026
67016779,1202746,67_67399_5136978,8/11/25,,2025-2026
67016779,1202777,67_67399_5136978,8/11/25,,2025-2026
67016730,1202746,67_67399_5136978,8/11/25,,2025-2026
67016730,1202777,67_67399_5136978,8/11/25,,2025-2026
67016988,1202746,67_67399_5136978,8/11/25,,2025-2026
67016988,1202777,67_67399_5136978,8/11/25,,2025-2026
67016989,1202746,67_67399_5136978,8/11/25,,2025-2026
67016989,1202777,67_67399_5136978,8/11/25,,2025-2026
67017025,1202746,67_67399_5136978,8/11/25,,2025-2026
67017025,1202777,67_67399_5136978,8/11/25,,2025-2026
67016978,1202746,67_67399_5136978,8/11/25,,2025-2026
67016978,1202777,67_67399_5136978,8/11/25,,2025-2026
67016859,1202746,67_67399_5136978,8/11/25,,2025-2026
67016859,1202777,67_67399_5136978,8/11/25,,2025-2026
67016764,1202746,67_67399_5136978,8/11/25,,2025-2026
67016764,1202777,67_67399_5136978,8/11/25,,2025-2026
67016746,1202746,67_67399_5136978,8/11/25,,2025-2026
67016746,1202777,67_67399_5136978,8/11/25,,2025-2026
67017037,1202746,67_67399_5136978,8/11/25,,2025-2026
67017037,1202777,67_67399_5136978,8/11/25,,2025-2026
67016872,1202746,67_67399_5136978,8/11/25,,2025-2026
67016872,1202777,67_67399_5136978,8/11/25,,2025-2026
67016860,1202746,67_67399_5136978,8/11/25,,2025-2026
67016860,1202777,67_67399_5136978,8/11/25,,2025-2026
67016854,1202746,67_67399_5136978,8/11/25,,2025-2026
67016854,1202777,67_67399_5136978,8/11/25,,2025-2026
67017010,1202746,67_67399_5136978,8/11/25,,2025-2026
67017010,1202777,67_67399_5136978,8/11/25,,2025-2026
67016943,1202746,67_67399_5136978,8/11/25,,2025-2026
67016943,1202777,67_67399_5136978,8/11/25,,2025-2026
67017033,1202746,67_67399_5136978,8/11/25,,2025-2026
67017033,1202777,67_67399_5136978,8/11/25,,2025-2026
67016810,1202746,67_67399_5136978,8/11/25,,2025-2026
67016810,1202777,67_67399_5136978,8/11/25,,2025-2026
67016852,1202746,67_67399_5136978,8/11/25,,2025-2026
67016852,1202777,67_67399_5136978,8/11/25,,2025-2026
67016981,1202746,67_67399_5136978,8/11/25,,2025-2026
67016981,1202777,67_67399_5136978,8/11/25,,2025-2026
67016956,1202746,67_67399_5136978,8/11/25,,2025-2026
67016956,1202777,67_67399_5136978,8/11/25,,2025-2026
67016904,1202746,67_67399_5136978,8/11/25,,2025-2026
67016904,1202777,67_67399_5136978,8/11/25,,2025-2026
67016760,1202746,67_67399_5136978,8/11/25,,2025-2026
67016760,1202777,67_67399_5136978,8/11/25,,2025-2026
67016783,1202746,67_67399_5136978,8/11/25,,2025-2026
67016783,1202777,67_67399_5136978,8/11/25,,2025-2026
67016738,1202746,67_67399_5136978,8/11/25,,2025-2026
67016738,1202777,67_67399_5136978,8/11/25,,2025-2026
67016801,1202746,67_67399_5136978,8/11/25,,2025-2026
67016801,1202777,67_67399_5136978,8/11/25,,2025-2026
67016876,1202746,67_67399_5136978,8/11/25,,2025-2026
67016876,1202777,67_67399_5136978,8/11/25,,2025-2026
67016828,1202746,67_67399_5136978,8/11/25,,2025-2026
67016828,1202777,67_67399_5136978,8/11/25,,2025-2026
67016853,1202746,67_67399_5136978,8/11/25,,2025-2026
67016853,1202777,67_67399_5136978,8/11/25,,2025-2026
67016892,1202746,67_67399_5136978,8/11/25,,2025-2026
67016892,1202777,67_67399_5136978,8/11/25,,2025-2026
67016732,1202746,67_67399_5136978,8/11/25,,2025-2026
67016732,1202777,67_67399_5136978,8/11/25,,2025-2026
67016975,1202746,67_67399_5136978,8/11/25,,2025-2026
67016975,1202777,67_67399_5136978,8/11/25,,2025-2026
67016941,1202746,67_67399_5136978,8/11/25,,2025-2026
67016941,1202777,67_67399_5136978,8/11/25,,2025-2026
67016910,1202746,67_67399_5136978,8/11/25,,2025-2026
67016910,1202777,67_67399_5136978,8/11/25,,2025-2026
67017024,1202746,67_67399_5136978,8/11/25,,2025-2026
67017024,1202777,67_67399_5136978,8/11/25,,2025-2026
67016958,1202746,67_67399_5136978,8/11/25,,2025-2026
67016958,1202777,67_67399_5136978,8/11/25,,2025-2026
67016985,1202746,67_67399_5136978,8/11/25,,2025-2026
67016985,1202777,67_67399_5136978,8/11/25,,2025-2026
67017045,1202746,67_67399_5136978,8/11/25,,2025-2026
67017045,1202777,67_67399_5136978,8/11/25,,2025-2026
67016882,1202746,67_67399_5136978,8/11/25,,2025-2026
67016882,1202777,67_67399_5136978,8/11/25,,2025-2026
67016930,1202746,67_67399_5136978,8/11/25,,2025-2026
67016930,1202777,67_67399_5136978,8/11/25,,2025-2026
67016952,1202746,67_67399_5136978,8/11/25,,2025-2026
67016952,1202777,67_67399_5136978,8/11/25,,2025-2026
67016850,1202746,67_67399_5136978,8/11/25,,2025-2026
67016850,1202777,67_67399_5136978,8/11/25,,2025-2026
67016727,1202746,67_67399_5136978,8/11/25,,2025-2026
67016727,1202777,67_67399_5136978,8/11/25,,2025-2026
67016817,1202746,67_67399_5136978,8/11/25,,2025-2026
67016817,1202777,67_67399_5136978,8/11/25,,2025-2026
67016785,1202746,67_67399_5136978,8/11/25,,2025-2026
67016785,1202777,67_67399_5136978,8/11/25,,2025-2026
67016791,1202746,67_67399_5136978,8/11/25,,2025-2026
67016791,1202777,67_67399_5136978,8/11/25,,2025-2026
67016932,1202746,67_67399_5136978,8/11/25,,2025-2026
67016932,1202777,67_67399_5136978,8/11/25,,2025-2026
67016846,1202746,67_67399_5136978,8/11/25,,2025-2026
67016846,1202777,67_67399_5136978,8/11/25,,2025-2026
67017041,1202746,67_67399_5136978,8/11/25,,2025-2026
67017041,1202777,67_67399_5136978,8/11/25,,2025-2026
67016885,1202746,67_67399_5136978,8/11/25,,2025-2026
67016885,1202777,67_67399_5136978,8/11/25,,2025-2026
67017066,1202746,67_67399_5136978,8/11/25,,2025-2026
67017066,1202777,67_67399_5136978,8/11/25,,2025-2026
67016916,1202746,67_67399_5136978,8/11/25,,2025-2026
67016916,1202777,67_67399_5136978,8/11/25,,2025-2026
67016925,1202746,67_67399_5136978,8/11/25,,2025-2026
67016925,1202777,67_67399_5136978,8/11/25,,2025-2026
67016799,1202746,67_67399_5136978,8/11/25,,2025-2026
67016799,1202777,67_67399_5136978,8/11/25,,2025-2026
67016955,1202746,67_67399_5136978,8/11/25,,2025-2026
67016955,1202777,67_67399_5136978,8/11/25,,2025-2026
67016803,1202746,67_67399_5136978,8/11/25,,2025-2026
67016803,1202777,67_67399_5136978,8/11/25,,2025-2026
67016942,1202746,67_67399_5136978,8/11/25,,2025-2026
67016942,1202777,67_67399_5136978,8/11/25,,2025-2026
67017060,1202746,67_67399_5136978,8/11/25,,2025-2026
67017060,1202777,67_67399_5136978,8/11/25,,2025-2026
67016954,1202746,67_67399_5136978,8/11/25,,2025-2026
67016954,1202777,67_67399_5136978,8/11/25,,2025-2026
67016841,1202746,67_67399_5136978,8/11/25,,2025-2026
67016841,1202777,67_67399_5136978,8/11/25,,2025-2026
67016919,1202746,67_67399_5136978,8/11/25,,2025-2026
67016919,1202777,67_67399_5136978,8/11/25,,2025-2026
67017002,1202746,67_67399_5136978,8/11/25,,2025-2026
67017002,1202777,67_67399_5136978,8/11/25,,2025-2026
67016752,1202746,67_67399_5136978,8/11/25,,2025-2026
67016752,1202777,67_67399_5136978,8/11/25,,2025-2026
67017052,1202746,67_67399_5136978,8/11/25,,2025-2026
67017052,1202777,67_67399_5136978,8/11/25,,2025-2026
67016934,1202746,67_67399_5136978,8/11/25,,2025-2026
67016934,1202777,67_67399_5136978,8/11/25,,2025-2026
67016845,1202746,67_67399_5136978,8/11/25,,2025-2026
67016845,1202777,67_67399_5136978,8/11/25,,2025-2026
67017007,1202746,67_67399_5136978,8/11/25,,2025-2026
67017007,1202777,67_67399_5136978,8/11/25,,2025-2026
67016869,1202746,67_67399_5136978,8/11/25,,2025-2026
67016869,1202777,67_67399_5136978,8/11/25,,2025-2026
67017086,1202746,67_67399_5136978,8/11/25,,2025-2026
67017086,1202777,67_67399_5136978,8/11/25,,2025-2026
67016857,1202746,67_67399_5136978,8/11/25,,2025-2026
67016857,1202777,67_67399_5136978,8/11/25,,2025-2026
67017067,1202746,67_67399_5136978,8/11/25,,2025-2026
67017067,1202777,67_67399_5136978,8/11/25,,2025-2026
67017059,1202746,67_67399_5136978,8/11/25,,2025-2026
67017059,1202777,67_67399_5136978,8/11/25,,2025-2026
67016871,1202746,67_67399_5136978,8/11/25,,2025-2026
67016871,1202777,67_67399_5136978,8/11/25,,2025-2026
67016836,1202746,67_67399_5136978,8/11/25,,2025-2026
67016836,1202777,67_67399_5136978,8/11/25,,2025-2026
67016903,1202746,67_67399_5136978,8/11/25,,2025-2026
67016903,1202777,67_67399_5136978,8/11/25,,2025-2026
67016808,1202746,67_67399_5136978,8/11/25,,2025-2026
67016808,1202777,67_67399_5136978,8/11/25,,2025-2026
67016831,1202746,67_67399_5136978,8/11/25,,2025-2026
67016831,1202777,67_67399_5136978,8/11/25,,2025-2026
67017001,1202746,67_67399_5136978,8/11/25,,2025-2026
67017001,1202777,67_67399_5136978,8/11/25,,2025-2026
67017028,1202746,67_67399_5136978,8/11/25,,2025-2026
67017028,1202777,67_67399_5136978,8/11/25,,2025-2026
67016886,1202746,67_67399_5136978,8/11/25,,2025-2026
67016886,1202777,67_67399_5136978,8/11/25,,2025-2026
67016862,1202746,67_67399_5136978,8/11/25,,2025-2026
67016862,1202777,67_67399_5136978,8/11/25,,2025-2026
67016844,1202746,67_67399_5136978,8/11/25,,2025-2026
67016844,1202777,67_67399_5136978,8/11/25,,2025-2026
67016905,1202746,67_67399_5136978,8/11/25,,2025-2026
67016905,1202777,67_67399_5136978,8/11/25,,2025-2026
67016982,1202746,67_67399_5136978,8/11/25,,2025-2026
67016982,1202777,67_67399_5136978,8/11/25,,2025-2026
67016789,1202746,67_67399_5136978,8/11/25,,2025-2026
67016789,1202777,67_67399_5136978,8/11/25,,2025-2026
67016951,1202746,67_67399_5136978,8/11/25,,2025-2026
67016951,1202777,67_67399_5136978,8/11/25,,2025-2026
67016835,1202746,67_67399_5136978,8/11/25,,2025-2026
67016835,1202777,67_67399_5136978,8/11/25,,2025-2026
67017027,1202746,67_67399_5136978,8/11/25,,2025-2026
67017027,1202777,67_67399_5136978,8/11/25,,2025-2026
67016987,1202746,67_67399_5136978,8/11/25,,2025-2026
67016987,1202777,67_67399_5136978,8/11/25,,2025-2026
67016739,1202746,67_67399_5136978,8/11/25,,2025-2026
67016739,1202777,67_67399_5136978,8/11/25,,2025-2026
67016820,1202746,67_67399_5136978,8/11/25,,2025-2026
67016820,1202777,67_67399_5136978,8/11/25,,2025-2026
67017039,1202746,67_67399_5136978,8/11/25,,2025-2026
67017039,1202777,67_67399_5136978,8/11/25,,2025-2026
67017070,1202746,67_67399_5136978,8/11/25,,2025-2026
67017070,1202777,67_67399_5136978,8/11/25,,2025-2026
67016819,1202746,67_67399_5136978,8/11/25,,2025-2026
67016819,1202777,67_67399_5136978,8/11/25,,2025-2026
67016957,1202746,67_67399_5136978,8/11/25,,2025-2026
67016957,1202777,67_67399_5136978,8/11/25,,2025-2026
67017021,1202746,67_67399_5136978,8/11/25,,2025-2026
67017021,1202777,67_67399_5136978,8/11/25,,2025-2026
67016796,1202746,67_67399_5136978,8/11/25,,2025-2026
67016796,1202777,67_67399_5136978,8/11/25,,2025-2026
67016818,1202746,67_67399_5136978,8/11/25,,2025-2026
67016818,1202777,67_67399_5136978,8/11/25,,2025-2026
67016773,1202746,67_67399_5136978,8/11/25,,2025-2026
67016773,1202777,67_67399_5136978,8/11/25,,2025-2026
67016790,1202746,67_67399_5136978,8/11/25,,2025-2026
67016790,1202777,67_67399_5136978,8/11/25,,2025-2026
67016821,1202746,67_67399_5136978,8/11/25,,2025-2026
67016821,1202777,67_67399_5136978,8/11/25,,2025-2026
67016868,1202746,67_67399_5136978,8/11/25,,2025-2026
67016868,1202777,67_67399_5136978,8/11/25,,2025-2026
67016849,1202746,67_67399_5136978,8/11/25,,2025-2026
67016849,1202777,67_67399_5136978,8/11/25,,2025-2026
67016747,1202746,67_67399_5136978,8/11/25,,2025-2026
67016747,1202777,67_67399_5136978,8/11/25,,2025-2026
67017036,1202746,67_67399_5136978,8/11/25,,2025-2026
67017036,1202777,67_67399_5136978,8/11/25,,2025-2026
67016858,1202746,67_67399_5136978,8/11/25,,2025-2026
67016858,1202777,67_67399_5136978,8/11/25,,2025-2026
67016827,1202746,67_67399_5136978,8/11/25,,2025-2026
67016827,1202777,67_67399_5136978,8/11/25,,2025-2026
67017073,1202746,67_67399_5136978,8/11/25,,2025-2026
67017073,1202777,67_67399_5136978,8/11/25,,2025-2026
67016881,1202746,67_67399_5136978,8/11/25,,2025-2026
67016881,1202777,67_67399_5136978,8/11/25,,2025-2026
67016863,1202746,67_67399_5136978,8/11/25,,2025-2026
67016863,1202777,67_67399_5136978,8/11/25,,2025-2026
67016928,1202746,67_67399_5136978,8/11/25,,2025-2026
67016928,1202777,67_67399_5136978,8/11/25,,2025-2026
67017082,1202746,67_67399_5136978,8/11/25,,2025-2026
67017082,1202777,67_67399_5136978,8/11/25,,2025-2026
67016967,1202746,67_67399_5136978,8/11/25,,2025-2026
67016967,1202777,67_67399_5136978,8/11/25,,2025-2026
67017040,1202746,67_67399_5136978,8/11/25,,2025-2026
67017040,1202777,67_67399_5136978,8/11/25,,2025-2026
67016788,1202746,67_67399_5136978,8/11/25,,2025-2026
67016788,1202777,67_67399_5136978,8/11/25,,2025-2026
67017087,1202746,67_67399_5136978,8/11/25,,2025-2026
67017087,1202777,67_67399_5136978,8/11/25,,2025-2026
67017017,1202746,67_67399_5136978,8/11/25,,2025-2026
67017017,1202777,67_67399_5136978,8/11/25,,2025-2026
67016879,1202746,67_67399_5136978,8/11/25,,2025-2026
67016879,1202777,67_67399_5136978,8/11/25,,2025-2026
67016743,1202746,67_67399_5136978,8/11/25,,2025-2026
67016743,1202777,67_67399_5136978,8/11/25,,2025-2026
67016944,1202746,67_67399_5136978,8/11/25,,2025-2026
67016944,1202777,67_67399_5136978,8/11/25,,2025-2026
67016822,1202746,67_67399_5136978,8/11/25,,2025-2026
67016822,1202777,67_67399_5136978,8/11/25,,2025-2026
67017063,1202746,67_67399_5136978,8/11/25,,2025-2026
67017063,1202777,67_67399_5136978,8/11/25,,2025-2026
67017057,1202746,67_67399_5136978,8/11/25,,2025-2026
67017057,1202777,67_67399_5136978,8/11/25,,2025-2026
67016756,1202746,67_67399_5136978,8/11/25,,2025-2026
67016756,1202777,67_67399_5136978,8/11/25,,2025-2026
67016861,1202746,67_67399_5136978,8/11/25,,2025-2026
67016861,1202777,67_67399_5136978,8/11/25,,2025-2026
67017081,1202746,67_67399_5136978,8/11/25,,2025-2026
67017081,1202777,67_67399_5136978,8/11/25,,2025-2026
67017079,1202746,67_67399_5136978,8/11/25,,2025-2026
67017079,1202777,67_67399_5136978,8/11/25,,2025-2026
67017071,1202746,67_67399_5136978,8/11/25,,2025-2026
67017071,1202777,67_67399_5136978,8/11/25,,2025-2026
67016766,1202746,67_67399_5136978,8/11/25,,2025-2026
67016766,1202777,67_67399_5136978,8/11/25,,2025-2026
67017023,1202746,67_67399_5136978,8/11/25,,2025-2026
67017023,1202777,67_67399_5136978,8/11/25,,2025-2026
67017046,1202746,67_67399_5136978,8/11/25,,2025-2026
67017046,1202777,67_67399_5136978,8/11/25,,2025-2026
67016825,1202746,67_67399_5136978,8/11/25,,2025-2026
67016825,1202777,67_67399_5136978,8/11/25,,2025-2026
67016754,1202746,67_67399_5136978,8/11/25,,2025-2026
67016754,1202777,67_67399_5136978,8/11/25,,2025-2026
67016824,1202746,67_67399_5136978,8/11/25,,2025-2026
67016824,1202777,67_67399_5136978,8/11/25,,2025-2026
67016896,1202746,67_67399_5136978,8/11/25,,2025-2026
67016896,1202777,67_67399_5136978,8/11/25,,2025-2026
67016948,1202746,67_67399_5136978,8/11/25,,2025-2026
67016948,1202777,67_67399_5136978,8/11/25,,2025-2026
67016924,1202746,67_67399_5136978,8/11/25,,2025-2026
67016924,1202777,67_67399_5136978,8/11/25,,2025-2026
67016814,1202746,67_67399_5136978,8/11/25,,2025-2026
67016814,1202777,67_67399_5136978,8/11/25,,2025-2026
67016880,1202746,67_67399_5136978,8/11/25,,2025-2026
67016880,1202777,67_67399_5136978,8/11/25,,2025-2026
67016974,1202746,67_67399_5136978,8/11/25,,2025-2026
67016974,1202777,67_67399_5136978,8/11/25,,2025-2026
67016933,1202746,67_67399_5136978,8/11/25,,2025-2026
67016933,1202777,67_67399_5136978,8/11/25,,2025-2026
67016843,1202746,67_67399_5136978,8/11/25,,2025-2026
67016843,1202777,67_67399_5136978,8/11/25,,2025-2026
67016990,1202746,67_67399_5136978,8/11/25,,2025-2026
67016990,1202777,67_67399_5136978,8/11/25,,2025-2026
67016768,1202746,67_67399_5136978,8/11/25,,2025-2026
67016768,1202777,67_67399_5136978,8/11/25,,2025-2026
67017044,1202746,67_67399_5136978,8/11/25,,2025-2026
67017044,1202777,67_67399_5136978,8/11/25,,2025-2026
67017536,1203476,67_67399_5136979,8/11/25,,2025-2026
67017536,1203507,67_67399_5136979,8/11/25,,2025-2026
67017440,1203476,67_67399_5136979,8/11/25,,2025-2026
67017440,1203507,67_67399_5136979,8/11/25,,2025-2026
67017578,1203476,67_67399_5136979,8/11/25,,2025-2026
67017578,1203507,67_67399_5136979,8/11/25,,2025-2026
67017665,1203476,67_67399_5136979,8/11/25,,2025-2026
67017665,1203507,67_67399_5136979,8/11/25,,2025-2026
67017615,1203476,67_67399_5136979,8/11/25,,2025-2026
67017615,1203507,67_67399_5136979,8/11/25,,2025-2026
67017545,1203476,67_67399_5136979,8/11/25,,2025-2026
67017545,1203507,67_67399_5136979,8/11/25,,2025-2026
67017713,1203476,67_67399_5136979,8/11/25,,2025-2026
67017713,1203507,67_67399_5136979,8/11/25,,2025-2026
67017673,1203476,67_67399_5136979,8/11/25,,2025-2026
67017673,1203507,67_67399_5136979,8/11/25,,2025-2026
67017588,1203476,67_67399_5136979,8/11/25,,2025-2026
67017588,1203507,67_67399_5136979,8/11/25,,2025-2026
67017620,1203476,67_67399_5136979,8/11/25,,2025-2026
67017620,1203507,67_67399_5136979,8/11/25,,2025-2026
67017647,1203476,67_67399_5136979,8/11/25,,2025-2026
67017647,1203507,67_67399_5136979,8/11/25,,2025-2026
67017587,1203476,67_67399_5136979,8/11/25,,2025-2026
67017587,1203507,67_67399_5136979,8/11/25,,2025-2026
67017454,1203476,67_67399_5136979,8/11/25,,2025-2026
67017454,1203507,67_67399_5136979,8/11/25,,2025-2026
67017522,1203476,67_67399_5136979,8/11/25,,2025-2026
67017522,1203507,67_67399_5136979,8/11/25,,2025-2026
67017541,1203476,67_67399_5136979,8/11/25,,2025-2026
67017541,1203507,67_67399_5136979,8/11/25,,2025-2026
67017744,1203476,67_67399_5136979,8/11/25,,2025-2026
67017744,1203507,67_67399_5136979,8/11/25,,2025-2026
67017695,1203476,67_67399_5136979,8/11/25,,2025-2026
67017695,1203507,67_67399_5136979,8/11/25,,2025-2026
67017683,1203476,67_67399_5136979,8/11/25,,2025-2026
67017683,1203507,67_67399_5136979,8/11/25,,2025-2026
67017513,1203476,67_67399_5136979,8/11/25,,2025-2026
67017513,1203507,67_67399_5136979,8/11/25,,2025-2026
67017726,1203476,67_67399_5136979,8/11/25,,2025-2026
67017726,1203507,67_67399_5136979,8/11/25,,2025-2026
67017648,1203476,67_67399_5136979,8/11/25,,2025-2026
67017648,1203507,67_67399_5136979,8/11/25,,2025-2026
67017481,1203476,67_67399_5136979,8/11/25,,2025-2026
67017481,1203507,67_67399_5136979,8/11/25,,2025-2026
67017601,1203476,67_67399_5136979,8/11/25,,2025-2026
67017601,1203507,67_67399_5136979,8/11/25,,2025-2026
67017475,1203476,67_67399_5136979,8/11/25,,2025-2026
67017475,1203507,67_67399_5136979,8/11/25,,2025-2026
67017709,1203476,67_67399_5136979,8/11/25,,2025-2026
67017709,1203507,67_67399_5136979,8/11/25,,2025-2026
67017667,1203476,67_67399_5136979,8/11/25,,2025-2026
67017667,1203507,67_67399_5136979,8/11/25,,2025-2026
67017642,1203476,67_67399_5136979,8/11/25,,2025-2026
67017642,1203507,67_67399_5136979,8/11/25,,2025-2026
67017603,1203476,67_67399_5136979,8/11/25,,2025-2026
67017603,1203507,67_67399_5136979,8/11/25,,2025-2026
67017660,1203476,67_67399_5136979,8/11/25,,2025-2026
67017660,1203507,67_67399_5136979,8/11/25,,2025-2026
67017525,1203476,67_67399_5136979,8/11/25,,2025-2026
67017525,1203507,67_67399_5136979,8/11/25,,2025-2026
67017555,1203476,67_67399_5136979,8/11/25,,2025-2026
67017555,1203507,67_67399_5136979,8/11/25,,2025-2026
67017473,1203476,67_67399_5136979,8/11/25,,2025-2026
67017473,1203507,67_67399_5136979,8/11/25,,2025-2026
67017712,1203476,67_67399_5136979,8/11/25,,2025-2026
67017712,1203507,67_67399_5136979,8/11/25,,2025-2026
67017451,1203476,67_67399_5136979,8/11/25,,2025-2026
67017451,1203507,67_67399_5136979,8/11/25,,2025-2026
67017521,1203476,67_67399_5136979,8/11/25,,2025-2026
67017521,1203507,67_67399_5136979,8/11/25,,2025-2026
67017577,1203476,67_67399_5136979,8/11/25,,2025-2026
67017577,1203507,67_67399_5136979,8/11/25,,2025-2026
67017661,1203476,67_67399_5136979,8/11/25,,2025-2026
67017661,1203507,67_67399_5136979,8/11/25,,2025-2026
67017506,1203476,67_67399_5136979,8/11/25,,2025-2026
67017506,1203507,67_67399_5136979,8/11/25,,2025-2026
67017632,1203476,67_67399_5136979,8/11/25,,2025-2026
67017632,1203507,67_67399_5136979,8/11/25,,2025-2026
67017731,1203476,67_67399_5136979,8/11/25,,2025-2026
67017731,1203507,67_67399_5136979,8/11/25,,2025-2026
67017641,1203476,67_67399_5136979,8/11/25,,2025-2026
67017641,1203507,67_67399_5136979,8/11/25,,2025-2026
67017602,1203476,67_67399_5136979,8/11/25,,2025-2026
67017602,1203507,67_67399_5136979,8/11/25,,2025-2026
67017630,1203476,67_67399_5136979,8/11/25,,2025-2026
67017630,1203507,67_67399_5136979,8/11/25,,2025-2026
67017637,1203476,67_67399_5136979,8/11/25,,2025-2026
67017637,1203507,67_67399_5136979,8/11/25,,2025-2026
67017573,1203476,67_67399_5136979,8/11/25,,2025-2026
67017573,1203507,67_67399_5136979,8/11/25,,2025-2026
67017746,1203476,67_67399_5136979,8/11/25,,2025-2026
67017746,1203507,67_67399_5136979,8/11/25,,2025-2026
67017597,1203476,67_67399_5136979,8/11/25,,2025-2026
67017597,1203507,67_67399_5136979,8/11/25,,2025-2026
67017498,1203476,67_67399_5136979,8/11/25,,2025-2026
67017498,1203507,67_67399_5136979,8/11/25,,2025-2026
67017705,1203476,67_67399_5136979,8/11/25,,2025-2026
67017705,1203507,67_67399_5136979,8/11/25,,2025-2026
67017462,1203476,67_67399_5136979,8/11/25,,2025-2026
67017462,1203507,67_67399_5136979,8/11/25,,2025-2026
67017734,1203476,67_67399_5136979,8/11/25,,2025-2026
67017734,1203507,67_67399_5136979,8/11/25,,2025-2026
67017638,1203476,67_67399_5136979,8/11/25,,2025-2026
67017638,1203507,67_67399_5136979,8/11/25,,2025-2026
67017672,1203476,67_67399_5136979,8/11/25,,2025-2026
67017672,1203507,67_67399_5136979,8/11/25,,2025-2026
67017448,1203476,67_67399_5136979,8/11/25,,2025-2026
67017448,1203507,67_67399_5136979,8/11/25,,2025-2026
67017706,1203476,67_67399_5136979,8/11/25,,2025-2026
67017706,1203507,67_67399_5136979,8/11/25,,2025-2026
67017566,1203476,67_67399_5136979,8/11/25,,2025-2026
67017566,1203507,67_67399_5136979,8/11/25,,2025-2026
67017681,1203476,67_67399_5136979,8/11/25,,2025-2026
67017681,1203507,67_67399_5136979,8/11/25,,2025-2026
67017593,1203476,67_67399_5136979,8/11/25,,2025-2026
67017593,1203507,67_67399_5136979,8/11/25,,2025-2026
67017666,1203476,67_67399_5136979,8/11/25,,2025-2026
67017666,1203507,67_67399_5136979,8/11/25,,2025-2026
67017652,1203476,67_67399_5136979,8/11/25,,2025-2026
67017652,1203507,67_67399_5136979,8/11/25,,2025-2026
67017543,1203476,67_67399_5136979,8/11/25,,2025-2026
67017543,1203507,67_67399_5136979,8/11/25,,2025-2026
67017524,1203476,67_67399_5136979,8/11/25,,2025-2026
67017524,1203507,67_67399_5136979,8/11/25,,2025-2026
67017514,1203476,67_67399_5136979,8/11/25,,2025-2026
67017514,1203507,67_67399_5136979,8/11/25,,2025-2026
67017711,1203476,67_67399_5136979,8/11/25,,2025-2026
67017711,1203507,67_67399_5136979,8/11/25,,2025-2026
67017639,1203476,67_67399_5136979,8/11/25,,2025-2026
67017639,1203507,67_67399_5136979,8/11/25,,2025-2026
67017583,1203476,67_67399_5136979,8/11/25,,2025-2026
67017583,1203507,67_67399_5136979,8/11/25,,2025-2026
67017664,1203476,67_67399_5136979,8/11/25,,2025-2026
67017664,1203507,67_67399_5136979,8/11/25,,2025-2026
67017611,1203476,67_67399_5136979,8/11/25,,2025-2026
67017611,1203507,67_67399_5136979,8/11/25,,2025-2026
67017449,1203476,67_67399_5136979,8/11/25,,2025-2026
67017449,1203507,67_67399_5136979,8/11/25,,2025-2026
67017626,1203476,67_67399_5136979,8/11/25,,2025-2026
67017626,1203507,67_67399_5136979,8/11/25,,2025-2026
67017590,1203476,67_67399_5136979,8/11/25,,2025-2026
67017590,1203507,67_67399_5136979,8/11/25,,2025-2026
67017595,1203476,67_67399_5136979,8/11/25,,2025-2026
67017595,1203507,67_67399_5136979,8/11/25,,2025-2026
67017732,1203476,67_67399_5136979,8/11/25,,2025-2026
67017732,1203507,67_67399_5136979,8/11/25,,2025-2026
67017486,1203476,67_67399_5136979,8/11/25,,2025-2026
67017486,1203507,67_67399_5136979,8/11/25,,2025-2026
67017518,1203476,67_67399_5136979,8/11/25,,2025-2026
67017518,1203507,67_67399_5136979,8/11/25,,2025-2026
67017654,1203476,67_67399_5136979,8/11/25,,2025-2026
67017654,1203507,67_67399_5136979,8/11/25,,2025-2026
67017561,1203476,67_67399_5136979,8/11/25,,2025-2026
67017561,1203507,67_67399_5136979,8/11/25,,2025-2026
67017606,1203476,67_67399_5136979,8/11/25,,2025-2026
67017606,1203507,67_67399_5136979,8/11/25,,2025-2026
67017703,1203476,67_67399_5136979,8/11/25,,2025-2026
67017703,1203507,67_67399_5136979,8/11/25,,2025-2026
67017658,1203476,67_67399_5136979,8/11/25,,2025-2026
67017658,1203507,67_67399_5136979,8/11/25,,2025-2026
67017742,1203476,67_67399_5136979,8/11/25,,2025-2026
67017742,1203507,67_67399_5136979,8/11/25,,2025-2026
67017515,1203476,67_67399_5136979,8/11/25,,2025-2026
67017515,1203507,67_67399_5136979,8/11/25,,2025-2026
67017653,1203476,67_67399_5136979,8/11/25,,2025-2026
67017653,1203507,67_67399_5136979,8/11/25,,2025-2026
67017452,1203476,67_67399_5136979,8/11/25,,2025-2026
67017452,1203507,67_67399_5136979,8/11/25,,2025-2026
67017507,1203476,67_67399_5136979,8/11/25,,2025-2026
67017507,1203507,67_67399_5136979,8/11/25,,2025-2026
67017559,1203476,67_67399_5136979,8/11/25,,2025-2026
67017559,1203507,67_67399_5136979,8/11/25,,2025-2026
67017663,1203476,67_67399_5136979,8/11/25,,2025-2026
67017663,1203507,67_67399_5136979,8/11/25,,2025-2026
67017629,1203476,67_67399_5136979,8/11/25,,2025-2026
67017629,1203507,67_67399_5136979,8/11/25,,2025-2026
67017535,1203476,67_67399_5136979,8/11/25,,2025-2026
67017535,1203507,67_67399_5136979,8/11/25,,2025-2026
67017636,1203476,67_67399_5136979,8/11/25,,2025-2026
67017636,1203507,67_67399_5136979,8/11/25,,2025-2026
67017474,1203476,67_67399_5136979,8/11/25,,2025-2026
67017474,1203507,67_67399_5136979,8/11/25,,2025-2026
67017607,1203476,67_67399_5136979,8/11/25,,2025-2026
67017607,1203507,67_67399_5136979,8/11/25,,2025-2026
67017550,1203476,67_67399_5136979,8/11/25,,2025-2026
67017550,1203507,67_67399_5136979,8/11/25,,2025-2026
67017445,1203476,67_67399_5136979,8/11/25,,2025-2026
67017445,1203507,67_67399_5136979,8/11/25,,2025-2026
67017457,1203476,67_67399_5136979,8/11/25,,2025-2026
67017457,1203507,67_67399_5136979,8/11/25,,2025-2026
67017495,1203476,67_67399_5136979,8/11/25,,2025-2026
67017495,1203507,67_67399_5136979,8/11/25,,2025-2026
67017618,1203476,67_67399_5136979,8/11/25,,2025-2026
67017618,1203507,67_67399_5136979,8/11/25,,2025-2026
67017529,1203476,67_67399_5136979,8/11/25,,2025-2026
67017529,1203507,67_67399_5136979,8/11/25,,2025-2026
67017684,1203476,67_67399_5136979,8/11/25,,2025-2026
67017684,1203507,67_67399_5136979,8/11/25,,2025-2026
67017456,1203476,67_67399_5136979,8/11/25,,2025-2026
67017456,1203507,67_67399_5136979,8/11/25,,2025-2026
67017463,1203476,67_67399_5136979,8/11/25,,2025-2026
67017463,1203507,67_67399_5136979,8/11/25,,2025-2026
67017496,1203476,67_67399_5136979,8/11/25,,2025-2026
67017496,1203507,67_67399_5136979,8/11/25,,2025-2026
67017528,1203476,67_67399_5136979,8/11/25,,2025-2026
67017528,1203507,67_67399_5136979,8/11/25,,2025-2026
67017592,1203476,67_67399_5136979,8/11/25,,2025-2026
67017592,1203507,67_67399_5136979,8/11/25,,2025-2026
67017721,1203476,67_67399_5136979,8/11/25,,2025-2026
67017721,1203507,67_67399_5136979,8/11/25,,2025-2026
67017574,1203476,67_67399_5136979,8/11/25,,2025-2026
67017574,1203507,67_67399_5136979,8/11/25,,2025-2026
67017674,1203476,67_67399_5136979,8/11/25,,2025-2026
67017674,1203507,67_67399_5136979,8/11/25,,2025-2026
67017740,1203476,67_67399_5136979,8/11/25,,2025-2026
67017740,1203507,67_67399_5136979,8/11/25,,2025-2026
67017503,1203476,67_67399_5136979,8/11/25,,2025-2026
67017503,1203507,67_67399_5136979,8/11/25,,2025-2026
67017560,1203476,67_67399_5136979,8/11/25,,2025-2026
67017560,1203507,67_67399_5136979,8/11/25,,2025-2026
67017720,1203476,67_67399_5136979,8/11/25,,2025-2026
67017720,1203507,67_67399_5136979,8/11/25,,2025-2026
67017489,1203476,67_67399_5136979,8/11/25,,2025-2026
67017489,1203507,67_67399_5136979,8/11/25,,2025-2026
67017623,1203476,67_67399_5136979,8/11/25,,2025-2026
67017623,1203507,67_67399_5136979,8/11/25,,2025-2026
67017581,1203476,67_67399_5136979,8/11/25,,2025-2026
67017581,1203507,67_67399_5136979,8/11/25,,2025-2026
67017677,1203476,67_67399_5136979,8/11/25,,2025-2026
67017677,1203507,67_67399_5136979,8/11/25,,2025-2026
67017628,1203476,67_67399_5136979,8/11/25,,2025-2026
67017628,1203507,67_67399_5136979,8/11/25,,2025-2026
67017616,1203476,67_67399_5136979,8/11/25,,2025-2026
67017616,1203507,67_67399_5136979,8/11/25,,2025-2026
67017447,1203476,67_67399_5136979,8/11/25,,2025-2026
67017447,1203507,67_67399_5136979,8/11/25,,2025-2026
67017564,1203476,67_67399_5136979,8/11/25,,2025-2026
67017564,1203507,67_67399_5136979,8/11/25,,2025-2026
67017625,1203476,67_67399_5136979,8/11/25,,2025-2026
67017625,1203507,67_67399_5136979,8/11/25,,2025-2026
67017530,1203476,67_67399_5136979,8/11/25,,2025-2026
67017530,1203507,67_67399_5136979,8/11/25,,2025-2026
67017737,1203476,67_67399_5136979,8/11/25,,2025-2026
67017737,1203507,67_67399_5136979,8/11/25,,2025-2026
67017605,1203476,67_67399_5136979,8/11/25,,2025-2026
67017605,1203507,67_67399_5136979,8/11/25,,2025-2026
67017743,1203476,67_67399_5136979,8/11/25,,2025-2026
67017743,1203507,67_67399_5136979,8/11/25,,2025-2026
67017718,1203476,67_67399_5136979,8/11/25,,2025-2026
67017718,1203507,67_67399_5136979,8/11/25,,2025-2026
67017608,1203476,67_67399_5136979,8/11/25,,2025-2026
67017608,1203507,67_67399_5136979,8/11/25,,2025-2026
67017676,1203476,67_67399_5136979,8/11/25,,2025-2026
67017676,1203507,67_67399_5136979,8/11/25,,2025-2026
67017508,1203476,67_67399_5136979,8/11/25,,2025-2026
67017508,1203507,67_67399_5136979,8/11/25,,2025-2026
67017520,1203476,67_67399_5136979,8/11/25,,2025-2026
67017520,1203507,67_67399_5136979,8/11/25,,2025-2026
67017438,1203476,67_67399_5136979,8/11/25,,2025-2026
67017438,1203507,67_67399_5136979,8/11/25,,2025-2026
67017575,1203476,67_67399_5136979,8/11/25,,2025-2026
67017575,1203507,67_67399_5136979,8/11/25,,2025-2026
67017717,1203476,67_67399_5136979,8/11/25,,2025-2026
67017717,1203507,67_67399_5136979,8/11/25,,2025-2026
67017502,1203476,67_67399_5136979,8/11/25,,2025-2026
67017502,1203507,67_67399_5136979,8/11/25,,2025-2026
67017478,1203476,67_67399_5136979,8/11/25,,2025-2026
67017478,1203507,67_67399_5136979,8/11/25,,2025-2026
67017551,1203476,67_67399_5136979,8/11/25,,2025-2026
67017551,1203507,67_67399_5136979,8/11/25,,2025-2026
67017544,1203476,67_67399_5136979,8/11/25,,2025-2026
67017544,1203507,67_67399_5136979,8/11/25,,2025-2026
67017516,1203476,67_67399_5136979,8/11/25,,2025-2026
67017516,1203507,67_67399_5136979,8/11/25,,2025-2026
67017531,1203476,67_67399_5136979,8/11/25,,2025-2026
67017531,1203507,67_67399_5136979,8/11/25,,2025-2026
67017582,1203476,67_67399_5136979,8/11/25,,2025-2026
67017582,1203507,67_67399_5136979,8/11/25,,2025-2026
67017539,1203476,67_67399_5136979,8/11/25,,2025-2026
67017539,1203507,67_67399_5136979,8/11/25,,2025-2026
67017707,1203476,67_67399_5136979,8/11/25,,2025-2026
67017707,1203507,67_67399_5136979,8/11/25,,2025-2026
67017570,1203476,67_67399_5136979,8/11/25,,2025-2026
67017570,1203507,67_67399_5136979,8/11/25,,2025-2026
67017519,1203476,67_67399_5136979,8/11/25,,2025-2026
67017519,1203507,67_67399_5136979,8/11/25,,2025-2026
67017461,1203476,67_67399_5136979,8/11/25,,2025-2026
67017461,1203507,67_67399_5136979,8/11/25,,2025-2026
67017557,1203476,67_67399_5136979,8/11/25,,2025-2026
67017557,1203507,67_67399_5136979,8/11/25,,2025-2026
67017643,1203476,67_67399_5136979,8/11/25,,2025-2026
67017643,1203507,67_67399_5136979,8/11/25,,2025-2026
67017671,1203476,67_67399_5136979,8/11/25,,2025-2026
67017671,1203507,67_67399_5136979,8/11/25,,2025-2026
67017547,1203476,67_67399_5136979,8/11/25,,2025-2026
67017547,1203507,67_67399_5136979,8/11/25,,2025-2026
67017733,1203476,67_67399_5136979,8/11/25,,2025-2026
67017733,1203507,67_67399_5136979,8/11/25,,2025-2026
67017569,1203476,67_67399_5136979,8/11/25,,2025-2026
67017569,1203507,67_67399_5136979,8/11/25,,2025-2026
67017526,1203476,67_67399_5136979,8/11/25,,2025-2026
67017526,1203507,67_67399_5136979,8/11/25,,2025-2026
67017610,1203476,67_67399_5136979,8/11/25,,2025-2026
67017610,1203507,67_67399_5136979,8/11/25,,2025-2026
67017488,1203476,67_67399_5136979,8/11/25,,2025-2026
67017488,1203507,67_67399_5136979,8/11/25,,2025-2026
67017619,1203476,67_67399_5136979,8/11/25,,2025-2026
67017619,1203507,67_67399_5136979,8/11/25,,2025-2026
67017553,1203476,67_67399_5136979,8/11/25,,2025-2026
67017553,1203507,67_67399_5136979,8/11/25,,2025-2026
67017729,1203476,67_67399_5136979,8/11/25,,2025-2026
67017729,1203507,67_67399_5136979,8/11/25,,2025-2026
67017635,1203476,67_67399_5136979,8/11/25,,2025-2026
67017635,1203507,67_67399_5136979,8/11/25,,2025-2026
67017669,1203476,67_67399_5136979,8/11/25,,2025-2026
67017669,1203507,67_67399_5136979,8/11/25,,2025-2026
67017441,1203476,67_67399_5136979,8/11/25,,2025-2026
67017441,1203507,67_67399_5136979,8/11/25,,2025-2026
67017646,1203476,67_67399_5136979,8/11/25,,2025-2026
67017646,1203507,67_67399_5136979,8/11/25,,2025-2026
67017487,1203476,67_67399_5136979,8/11/25,,2025-2026
67017487,1203507,67_67399_5136979,8/11/25,,2025-2026
67017631,1203476,67_67399_5136979,8/11/25,,2025-2026
67017631,1203507,67_67399_5136979,8/11/25,,2025-2026
67017650,1203476,67_67399_5136979,8/11/25,,2025-2026
67017650,1203507,67_67399_5136979,8/11/25,,2025-2026
67017484,1203476,67_67399_5136979,8/11/25,,2025-2026
67017484,1203507,67_67399_5136979,8/11/25,,2025-2026
67017509,1203476,67_67399_5136979,8/11/25,,2025-2026
67017509,1203507,67_67399_5136979,8/11/25,,2025-2026
67017697,1203476,67_67399_5136979,8/11/25,,2025-2026
67017697,1203507,67_67399_5136979,8/11/25,,2025-2026
67017688,1203476,67_67399_5136979,8/11/25,,2025-2026
67017688,1203507,67_67399_5136979,8/11/25,,2025-2026
67017701,1203476,67_67399_5136979,8/11/25,,2025-2026
67017701,1203507,67_67399_5136979,8/11/25,,2025-2026
67017727,1203476,67_67399_5136979,8/11/25,,2025-2026
67017727,1203507,67_67399_5136979,8/11/25,,2025-2026
67017472,1203476,67_67399_5136979,8/11/25,,2025-2026
67017472,1203507,67_67399_5136979,8/11/25,,2025-2026
67017685,1203476,67_67399_5136979,8/11/25,,2025-2026
67017685,1203507,67_67399_5136979,8/11/25,,2025-2026
67017604,1203476,67_67399_5136979,8/11/25,,2025-2026
67017604,1203507,67_67399_5136979,8/11/25,,2025-2026
67017571,1203476,67_67399_5136979,8/11/25,,2025-2026
67017571,1203507,67_67399_5136979,8/11/25,,2025-2026
67017483,1203476,67_67399_5136979,8/11/25,,2025-2026
67017483,1203507,67_67399_5136979,8/11/25,,2025-2026
67017546,1203476,67_67399_5136979,8/11/25,,2025-2026
67017546,1203507,67_67399_5136979,8/11/25,,2025-2026
67017596,1203476,67_67399_5136979,8/11/25,,2025-2026
67017596,1203507,67_67399_5136979,8/11/25,,2025-2026
67017565,1203476,67_67399_5136979,8/11/25,,2025-2026
67017565,1203507,67_67399_5136979,8/11/25,,2025-2026
67017735,1203476,67_67399_5136979,8/11/25,,2025-2026
67017735,1203507,67_67399_5136979,8/11/25,,2025-2026
67017512,1203476,67_67399_5136979,8/11/25,,2025-2026
67017512,1203507,67_67399_5136979,8/11/25,,2025-2026
67017730,1203476,67_67399_5136979,8/11/25,,2025-2026
67017730,1203507,67_67399_5136979,8/11/25,,2025-2026
67017479,1203476,67_67399_5136979,8/11/25,,2025-2026
67017479,1203507,67_67399_5136979,8/11/25,,2025-2026
67017621,1203476,67_67399_5136979,8/11/25,,2025-2026
67017621,1203507,67_67399_5136979,8/11/25,,2025-2026
67017659,1203476,67_67399_5136979,8/11/25,,2025-2026
67017659,1203507,67_67399_5136979,8/11/25,,2025-2026
67017490,1203476,67_67399_5136979,8/11/25,,2025-2026
67017490,1203507,67_67399_5136979,8/11/25,,2025-2026
67017568,1203476,67_67399_5136979,8/11/25,,2025-2026
67017568,1203507,67_67399_5136979,8/11/25,,2025-2026
67017690,1203476,67_67399_5136979,8/11/25,,2025-2026
67017690,1203507,67_67399_5136979,8/11/25,,2025-2026
67017682,1203476,67_67399_5136979,8/11/25,,2025-2026
67017682,1203507,67_67399_5136979,8/11/25,,2025-2026
67017657,1203476,67_67399_5136979,8/11/25,,2025-2026
67017657,1203507,67_67399_5136979,8/11/25,,2025-2026
67017691,1203476,67_67399_5136979,8/11/25,,2025-2026
67017691,1203507,67_67399_5136979,8/11/25,,2025-2026
67017686,1203476,67_67399_5136979,8/11/25,,2025-2026
67017686,1203507,67_67399_5136979,8/11/25,,2025-2026
67017645,1203476,67_67399_5136979,8/11/25,,2025-2026
67017645,1203507,67_67399_5136979,8/11/25,,2025-2026
67017689,1203476,67_67399_5136979,8/11/25,,2025-2026
67017689,1203507,67_67399_5136979,8/11/25,,2025-2026
67017722,1203476,67_67399_5136979,8/11/25,,2025-2026
67017722,1203507,67_67399_5136979,8/11/25,,2025-2026
67017466,1203476,67_67399_5136979,8/11/25,,2025-2026
67017466,1203507,67_67399_5136979,8/11/25,,2025-2026
67017540,1203476,67_67399_5136979,8/11/25,,2025-2026
67017540,1203507,67_67399_5136979,8/11/25,,2025-2026
67017680,1203476,67_67399_5136979,8/11/25,,2025-2026
67017680,1203507,67_67399_5136979,8/11/25,,2025-2026
67017702,1203476,67_67399_5136979,8/11/25,,2025-2026
67017702,1203507,67_67399_5136979,8/11/25,,2025-2026
67017656,1203476,67_67399_5136979,8/11/25,,2025-2026
67017656,1203507,67_67399_5136979,8/11/25,,2025-2026
67017739,1203476,67_67399_5136979,8/11/25,,2025-2026
67017739,1203507,67_67399_5136979,8/11/25,,2025-2026
67017567,1203476,67_67399_5136979,8/11/25,,2025-2026
67017567,1203507,67_67399_5136979,8/11/25,,2025-2026
67017464,1203476,67_67399_5136979,8/11/25,,2025-2026
67017464,1203507,67_67399_5136979,8/11/25,,2025-2026
67017444,1203476,67_67399_5136979,8/11/25,,2025-2026
67017444,1203507,67_67399_5136979,8/11/25,,2025-2026
67017556,1203476,67_67399_5136979,8/11/25,,2025-2026
67017556,1203507,67_67399_5136979,8/11/25,,2025-2026
67017494,1203476,67_67399_5136979,8/11/25,,2025-2026
67017494,1203507,67_67399_5136979,8/11/25,,2025-2026
67017552,1203476,67_67399_5136979,8/11/25,,2025-2026
67017552,1203507,67_67399_5136979,8/11/25,,2025-2026
67017668,1203476,67_67399_5136979,8/11/25,,2025-2026
67017668,1203507,67_67399_5136979,8/11/25,,2025-2026
67017699,1203476,67_67399_5136979,8/11/25,,2025-2026
67017699,1203507,67_67399_5136979,8/11/25,,2025-2026
67017439,1203476,67_67399_5136979,8/11/25,,2025-2026
67017439,1203507,67_67399_5136979,8/11/25,,2025-2026
67017476,1203476,67_67399_5136979,8/11/25,,2025-2026
67017476,1203507,67_67399_5136979,8/11/25,,2025-2026
67017501,1203476,67_67399_5136979,8/11/25,,2025-2026
67017501,1203507,67_67399_5136979,8/11/25,,2025-2026
67017700,1203476,67_67399_5136979,8/11/25,,2025-2026
67017700,1203507,67_67399_5136979,8/11/25,,2025-2026
67017723,1203476,67_67399_5136979,8/11/25,,2025-2026
67017723,1203507,67_67399_5136979,8/11/25,,2025-2026
67017538,1203476,67_67399_5136979,8/11/25,,2025-2026
67017538,1203507,67_67399_5136979,8/11/25,,2025-2026
67017662,1203476,67_67399_5136979,8/11/25,,2025-2026
67017662,1203507,67_67399_5136979,8/11/25,,2025-2026
67017580,1203476,67_67399_5136979,8/11/25,,2025-2026
67017580,1203507,67_67399_5136979,8/11/25,,2025-2026
67017505,1203476,67_67399_5136979,8/11/25,,2025-2026
67017505,1203507,67_67399_5136979,8/11/25,,2025-2026
67017679,1203476,67_67399_5136979,8/11/25,,2025-2026
67017679,1203507,67_67399_5136979,8/11/25,,2025-2026
67017469,1203476,67_67399_5136979,8/11/25,,2025-2026
67017469,1203507,67_67399_5136979,8/11/25,,2025-2026
67017724,1203476,67_67399_5136979,8/11/25,,2025-2026
67017724,1203507,67_67399_5136979,8/11/25,,2025-2026
67017694,1203476,67_67399_5136979,8/11/25,,2025-2026
67017694,1203507,67_67399_5136979,8/11/25,,2025-2026
67017493,1203476,67_67399_5136979,8/11/25,,2025-2026
67017493,1203507,67_67399_5136979,8/11/25,,2025-2026
67017614,1203476,67_67399_5136979,8/11/25,,2025-2026
67017614,1203507,67_67399_5136979,8/11/25,,2025-2026
67017485,1203476,67_67399_5136979,8/11/25,,2025-2026
67017485,1203507,67_67399_5136979,8/11/25,,2025-2026
67017696,1203476,67_67399_5136979,8/11/25,,2025-2026
67017696,1203507,67_67399_5136979,8/11/25,,2025-2026
67017698,1203476,67_67399_5136979,8/11/25,,2025-2026
67017698,1203507,67_67399_5136979,8/11/25,,2025-2026
67017687,1203476,67_67399_5136979,8/11/25,,2025-2026
67017687,1203507,67_67399_5136979,8/11/25,,2025-2026
67017532,1203476,67_67399_5136979,8/11/25,,2025-2026
67017532,1203507,67_67399_5136979,8/11/25,,2025-2026
67017450,1203476,67_67399_5136979,8/11/25,,2025-2026
67017450,1203507,67_67399_5136979,8/11/25,,2025-2026
67017563,1203476,67_67399_5136979,8/11/25,,2025-2026
67017563,1203507,67_67399_5136979,8/11/25,,2025-2026
67017558,1203476,67_67399_5136979,8/11/25,,2025-2026
67017558,1203507,67_67399_5136979,8/11/25,,2025-2026
67017736,1203476,67_67399_5136979,8/11/25,,2025-2026
67017736,1203507,67_67399_5136979,8/11/25,,2025-2026
67017586,1203476,67_67399_5136979,8/11/25,,2025-2026
67017586,1203507,67_67399_5136979,8/11/25,,2025-2026
67017728,1203476,67_67399_5136979,8/11/25,,2025-2026
67017728,1203507,67_67399_5136979,8/11/25,,2025-2026
67017471,1203476,67_67399_5136979,8/11/25,,2025-2026
67017471,1203507,67_67399_5136979,8/11/25,,2025-2026
67017562,1203476,67_67399_5136979,8/11/25,,2025-2026
67017562,1203507,67_67399_5136979,8/11/25,,2025-2026
67017453,1203476,67_67399_5136979,8/11/25,,2025-2026
67017453,1203507,67_67399_5136979,8/11/25,,2025-2026
67017589,1203476,67_67399_5136979,8/11/25,,2025-2026
67017589,1203507,67_67399_5136979,8/11/25,,2025-2026
67017533,1203476,67_67399_5136979,8/11/25,,2025-2026
67017533,1203507,67_67399_5136979,8/11/25,,2025-2026
67017523,1203476,67_67399_5136979,8/11/25,,2025-2026
67017523,1203507,67_67399_5136979,8/11/25,,2025-2026
67017640,1203476,67_67399_5136979,8/11/25,,2025-2026
67017640,1203507,67_67399_5136979,8/11/25,,2025-2026
67017491,1203476,67_67399_5136979,8/11/25,,2025-2026
67017491,1203507,67_67399_5136979,8/11/25,,2025-2026
67017584,1203476,67_67399_5136979,8/11/25,,2025-2026
67017584,1203507,67_67399_5136979,8/11/25,,2025-2026
67017609,1203476,67_67399_5136979,8/11/25,,2025-2026
67017609,1203507,67_67399_5136979,8/11/25,,2025-2026
67017598,1203476,67_67399_5136979,8/11/25,,2025-2026
67017598,1203507,67_67399_5136979,8/11/25,,2025-2026
67017747,1203476,67_67399_5136979,8/11/25,,2025-2026
67017747,1203507,67_67399_5136979,8/11/25,,2025-2026
67017458,1203476,67_67399_5136979,8/11/25,,2025-2026
67017458,1203507,67_67399_5136979,8/11/25,,2025-2026
67017459,1203476,67_67399_5136979,8/11/25,,2025-2026
67017459,1203507,67_67399_5136979,8/11/25,,2025-2026
67017510,1203476,67_67399_5136979,8/11/25,,2025-2026
67017510,1203507,67_67399_5136979,8/11/25,,2025-2026
67017534,1203476,67_67399_5136979,8/11/25,,2025-2026
67017534,1203507,67_67399_5136979,8/11/25,,2025-2026
67017548,1203476,67_67399_5136979,8/11/25,,2025-2026
67017548,1203507,67_67399_5136979,8/11/25,,2025-2026
67017670,1203476,67_67399_5136979,8/11/25,,2025-2026
67017670,1203507,67_67399_5136979,8/11/25,,2025-2026
67017719,1203476,67_67399_5136979,8/11/25,,2025-2026
67017719,1203507,67_67399_5136979,8/11/25,,2025-2026
67017499,1203476,67_67399_5136979,8/11/25,,2025-2026
67017499,1203507,67_67399_5136979,8/11/25,,2025-2026
67017480,1203476,67_67399_5136979,8/11/25,,2025-2026
67017480,1203507,67_67399_5136979,8/11/25,,2025-2026
67017649,1203476,67_67399_5136979,8/11/25,,2025-2026
67017649,1203507,67_67399_5136979,8/11/25,,2025-2026
67017537,1203476,67_67399_5136979,8/11/25,,2025-2026
67017537,1203507,67_67399_5136979,8/11/25,,2025-2026
67017468,1203476,67_67399_5136979,8/11/25,,2025-2026
67017468,1203507,67_67399_5136979,8/11/25,,2025-2026
67017527,1203476,67_67399_5136979,8/11/25,,2025-2026
67017527,1203507,67_67399_5136979,8/11/25,,2025-2026
67017460,1203476,67_67399_5136979,8/11/25,,2025-2026
67017460,1203507,67_67399_5136979,8/11/25,,2025-2026
67017467,1203476,67_67399_5136979,8/11/25,,2025-2026
67017467,1203507,67_67399_5136979,8/11/25,,2025-2026
67017600,1203476,67_67399_5136979,8/11/25,,2025-2026
67017600,1203507,67_67399_5136979,8/11/25,,2025-2026
67017599,1203476,67_67399_5136979,8/11/25,,2025-2026
67017599,1203507,67_67399_5136979,8/11/25,,2025-2026
67017624,1203476,67_67399_5136979,8/11/25,,2025-2026
67017624,1203507,67_67399_5136979,8/11/25,,2025-2026
67017470,1203476,67_67399_5136979,8/11/25,,2025-2026
67017470,1203507,67_67399_5136979,8/11/25,,2025-2026
67017492,1203476,67_67399_5136979,8/11/25,,2025-2026
67017492,1203507,67_67399_5136979,8/11/25,,2025-2026
67017446,1203476,67_67399_5136979,8/11/25,,2025-2026
67017446,1203507,67_67399_5136979,8/11/25,,2025-2026
67017708,1203476,67_67399_5136979,8/11/25,,2025-2026
67017708,1203507,67_67399_5136979,8/11/25,,2025-2026
67017500,1203476,67_67399_5136979,8/11/25,,2025-2026
67017500,1203507,67_67399_5136979,8/11/25,,2025-2026
67017442,1203476,67_67399_5136979,8/11/25,,2025-2026
67017442,1203507,67_67399_5136979,8/11/25,,2025-2026
67017644,1203476,67_67399_5136979,8/11/25,,2025-2026
67017644,1203507,67_67399_5136979,8/11/25,,2025-2026
67017477,1203476,67_67399_5136979,8/11/25,,2025-2026
67017477,1203507,67_67399_5136979,8/11/25,,2025-2026
67017693,1203476,67_67399_5136979,8/11/25,,2025-2026
67017693,1203507,67_67399_5136979,8/11/25,,2025-2026
67017455,1203476,67_67399_5136979,8/11/25,,2025-2026
67017455,1203507,67_67399_5136979,8/11/25,,2025-2026
67017655,1203476,67_67399_5136979,8/11/25,,2025-2026
67017655,1203507,67_67399_5136979,8/11/25,,2025-2026
67017738,1203476,67_67399_5136979,8/11/25,,2025-2026
67017738,1203507,67_67399_5136979,8/11/25,,2025-2026
67017465,1203476,67_67399_5136979,8/11/25,,2025-2026
67017465,1203507,67_67399_5136979,8/11/25,,2025-2026
67017613,1203476,67_67399_5136979,8/11/25,,2025-2026
67017613,1203507,67_67399_5136979,8/11/25,,2025-2026
67017594,1203476,67_67399_5136979,8/11/25,,2025-2026
67017594,1203507,67_67399_5136979,8/11/25,,2025-2026
67017745,1203476,67_67399_5136979,8/11/25,,2025-2026
67017745,1203507,67_67399_5136979,8/11/25,,2025-2026
67017585,1203476,67_67399_5136979,8/11/25,,2025-2026
67017585,1203507,67_67399_5136979,8/11/25,,2025-2026
67017715,1203476,67_67399_5136979,8/11/25,,2025-2026
67017715,1203507,67_67399_5136979,8/11/25,,2025-2026
67017675,1203476,67_67399_5136979,8/11/25,,2025-2026
67017675,1203507,67_67399_5136979,8/11/25,,2025-2026
67017517,1203476,67_67399_5136979,8/11/25,,2025-2026
67017517,1203507,67_67399_5136979,8/11/25,,2025-2026
67017651,1203476,67_67399_5136979,8/11/25,,2025-2026
67017651,1203507,67_67399_5136979,8/11/25,,2025-2026
67017710,1203476,67_67399_5136979,8/11/25,,2025-2026
67017710,1203507,67_67399_5136979,8/11/25,,2025-2026
67017633,1203476,67_67399_5136979,8/11/25,,2025-2026
67017633,1203507,67_67399_5136979,8/11/25,,2025-2026
67017692,1203476,67_67399_5136979,8/11/25,,2025-2026
67017692,1203507,67_67399_5136979,8/11/25,,2025-2026
67017576,1203476,67_67399_5136979,8/11/25,,2025-2026
67017576,1203507,67_67399_5136979,8/11/25,,2025-2026
67017678,1203476,67_67399_5136979,8/11/25,,2025-2026
67017678,1203507,67_67399_5136979,8/11/25,,2025-2026
67017741,1203476,67_67399_5136979,8/11/25,,2025-2026
67017741,1203507,67_67399_5136979,8/11/25,,2025-2026
67017504,1203476,67_67399_5136979,8/11/25,,2025-2026
67017504,1203507,67_67399_5136979,8/11/25,,2025-2026
67017549,1203476,67_67399_5136979,8/11/25,,2025-2026
67017549,1203507,67_67399_5136979,8/11/25,,2025-2026
67017542,1203476,67_67399_5136979,8/11/25,,2025-2026
67017542,1203507,67_67399_5136979,8/11/25,,2025-2026
67017716,1203476,67_67399_5136979,8/11/25,,2025-2026
67017716,1203507,67_67399_5136979,8/11/25,,2025-2026
67017497,1203476,67_67399_5136979,8/11/25,,2025-2026
67017497,1203507,67_67399_5136979,8/11/25,,2025-2026
67017443,1203476,67_67399_5136979,8/11/25,,2025-2026
67017443,1203507,67_67399_5136979,8/11/25,,2025-2026
67017704,1203476,67_67399_5136979,8/11/25,,2025-2026
67017704,1203507,67_67399_5136979,8/11/25,,2025-2026
67017725,1203476,67_67399_5136979,8/11/25,,2025-2026
67017725,1203507,67_67399_5136979,8/11/25,,2025-2026
67017572,1203476,67_67399_5136979,8/11/25,,2025-2026
67017572,1203507,67_67399_5136979,8/11/25,,2025-2026
67017554,1203476,67_67399_5136979,8/11/25,,2025-2026
67017554,1203507,67_67399_5136979,8/11/25,,2025-2026
67017627,1203476,67_67399_5136979,8/11/25,,2025-2026
67017627,1203507,67_67399_5136979,8/11/25,,2025-2026
67017579,1203476,67_67399_5136979,8/11/25,,2025-2026
67017579,1203507,67_67399_5136979,8/11/25,,2025-2026
67017634,1203476,67_67399_5136979,8/11/25,,2025-2026
67017634,1203507,67_67399_5136979,8/11/25,,2025-2026
67017482,1203476,67_67399_5136979,8/11/25,,2025-2026
67017482,1203507,67_67399_5136979,8/11/25,,2025-2026
67017511,1203476,67_67399_5136979,8/11/25,,2025-2026
67017511,1203507,67_67399_5136979,8/11/25,,2025-2026
67017622,1203476,67_67399_5136979,8/11/25,,2025-2026
67017622,1203507,67_67399_5136979,8/11/25,,2025-2026
67017591,1203476,67_67399_5136979,8/11/25,,2025-2026
67017591,1203507,67_67399_5136979,8/11/25,,2025-2026
67017714,1203476,67_67399_5136979,8/11/25,,2025-2026
67017714,1203507,67_67399_5136979,8/11/25,,2025-2026
67017612,1203476,67_67399_5136979,8/11/25,,2025-2026
67017612,1203507,67_67399_5136979,8/11/25,,2025-2026
