stu_id,site_id,incident_id,incident_date,schoolyr,incident_time,suspension_days,minor_incident,major_incident
67012757,67_67399_5136971,127377,2/26/25,2024-2025,10:00 AM,0,1,0
67012933,67_67399_5136971,126367,12/2/24,2024-2025,8:00 AM,0,0,1
67012936,67_67399_5136971,126240,11/15/24,2024-2025,2:00 PM,0,1,0
67012956,67_67399_5136971,125916,10/23/24,2024-2025,12:00 PM,0,1,0
67012956,67_67399_5136971,127665,3/14/25,2024-2025,1:30 PM,0,2,0
67012961,67_67399_5136971,126243,11/15/24,2024-2025,2:00 PM,0,0,1
67012961,67_67399_5136971,126386,12/2/24,2024-2025,3:23 PM,0,1,0
67012961,67_67399_5136971,126398,12/3/24,2024-2025,11:40 AM,0,1,0
67012968,67_67399_5136971,126346,11/21/24,2024-2025,2:22 PM,0,2,0
67012976,67_67399_5136971,127909,4/1/25,2024-2025,8:20 AM,0,0,0
67013035,67_67399_5136971,125933,10/17/24,2024-2025,12:00 PM,0,0,1
67013035,67_67399_5136971,127864,3/24/25,2024-2025,3:00 PM,0,1,0
67013038,67_67399_5136971,126618,1/8/25,2024-2025,11:30 AM,0,1,0
67013067,67_67399_5136971,126755,1/17/25,2024-2025,10:17 AM,0,1,0
67013067,67_67399_5136971,128114,4/11/25,2024-2025,3:20 PM,2,0,0
67013067,67_67399_5136971,128662,5/29/25,2024-2025,2:07 PM,0,1,0
67013083,67_67399_5136971,126130,11/7/24,2024-2025,11:11 AM,0,0,1
67013089,67_67399_5136971,128112,4/11/25,2024-2025,3:20 PM,1,0,0
67013092,67_67399_5136971,127866,3/26/25,2024-2025,1:35 PM,1,0,0
67013092,67_67399_5136971,128138,4/14/25,2024-2025,3:37 PM,0,1,0
67013092,67_67399_5136971,128315,5/5/25,2024-2025,3:04 PM,0,1,1
67013264,67_67399_5136972,126327,11/21/24,2024-2025,12:48 PM,0,1,0
67013264,67_67399_5136972,126365,11/22/24,2024-2025,10:20 AM,0,1,0
67013264,67_67399_5136972,126548,12/16/24,2024-2025,1:35 PM,0,1,0
67013264,67_67399_5136972,128153,4/15/25,2024-2025,10:30 AM,0,1,0
67013265,67_67399_5136972,128525,5/16/25,2024-2025,3:19 PM,0,0,1
67013272,67_67399_5136972,125988,10/29/24,2024-2025,1:11 PM,0,1,0
67013272,67_67399_5136972,126681,1/14/25,2024-2025,11:46 AM,0,1,0
67013272,67_67399_5136972,127635,3/13/25,2024-2025,5:55 PM,0,0,1
67013272,67_67399_5136972,127615,3/13/25,2024-2025,8:28 AM,0,0,1
67013277,67_67399_5136972,127605,3/12/25,2024-2025,11:35 AM,0,1,0
67013277,67_67399_5136972,127621,3/13/25,2024-2025,12:32 PM,0,1,0
67013277,67_67399_5136972,127805,3/24/25,2024-2025,9:42 AM,0,1,0
67013277,67_67399_5136972,127954,4/3/25,2024-2025,8:50 AM,0,0,1
67013277,67_67399_5136972,128025,4/8/25,2024-2025,10:25 AM,0,1,0
67013277,67_67399_5136972,128044,4/9/25,2024-2025,11:52 AM,0,1,0
67013277,67_67399_5136972,128095,4/11/25,2024-2025,9:28 AM,0,0,1
67013277,67_67399_5136972,128141,4/14/25,2024-2025,1:30 PM,0,0,1
67013277,67_67399_5136972,128175,4/16/25,2024-2025,2:39 PM,0,0,1
67013277,67_67399_5136972,128242,4/17/25,2024-2025,1:15 PM,0,1,0
67013277,67_67399_5136972,128243,4/29/25,2024-2025,11:40 AM,0,0,1
67013277,67_67399_5136972,128314,5/5/25,2024-2025,1:27 PM,1,0,0
67013287,67_67399_5136972,128337,5/6/25,2024-2025,9:55 AM,0,0,0
67013310,67_67399_5136972,127033,2/4/25,2024-2025,1:43 PM,0,1,0
67013318,67_67399_5136972,126704,1/15/25,2024-2025,10:52 AM,0,0,1
67013318,67_67399_5136972,127032,2/4/25,2024-2025,1:37 PM,0,1,0
67013318,67_67399_5136972,127235,2/14/25,2024-2025,3:01 PM,0,1,0
67013318,67_67399_5136972,127342,2/24/25,2024-2025,3:20 PM,0,0,1
67013329,67_67399_5136972,127705,3/18/25,2024-2025,2:03 PM,0,1,0
67013329,67_67399_5136972,128336,5/6/25,2024-2025,9:55 AM,0,0,0
67013342,67_67399_5136972,126680,1/14/25,2024-2025,11:43 AM,0,1,0
67013342,67_67399_5136972,127634,3/13/25,2024-2025,5:48 PM,0,0,1
67013342,67_67399_5136972,128091,4/10/25,2024-2025,4:14 PM,0,0,1
67013353,67_67399_5136972,126569,12/18/24,2024-2025,1:28 PM,0,1,0
67013353,67_67399_5136972,126664,1/13/25,2024-2025,1:37 PM,0,1,0
67013353,67_67399_5136972,128092,4/10/25,2024-2025,4:16 PM,0,0,1
67013353,67_67399_5136972,128335,5/6/25,2024-2025,9:55 AM,1,0,0
67013414,67_67399_5136972,128689,6/2/25,2024-2025,11:15 AM,0,0,1
67013448,67_67399_5136972,125502,9/19/24,2024-2025,5:08 PM,0,1,0
67013476,67_67399_5136972,126400,12/3/24,2024-2025,9:30 AM,0,0,0
67013516,67_67399_5136972,125786,10/11/24,2024-2025,10:30 AM,0,0,1
67013577,67_67399_5136972,125476,9/18/24,2024-2025,10:24 AM,0,1,0
67013577,67_67399_5136972,125667,10/4/24,2024-2025,10:02 AM,0,1,0
67013577,67_67399_5136972,126417,12/4/24,2024-2025,1:41 PM,0,1,0
67013599,67_67399_5136972,125505,9/20/24,2024-2025,11:21 AM,0,0,1
67013606,67_67399_5136972,125726,10/8/24,2024-2025,2:19 PM,0,1,1
67013606,67_67399_5136972,126727,1/16/25,2024-2025,10:19 AM,0,0,1
67013606,67_67399_5136972,127015,2/4/25,2024-2025,9:40 AM,0,0,1
67013606,67_67399_5136972,127277,2/20/25,2024-2025,10:16 AM,1,0,2
67013609,67_67399_5136972,127188,2/13/25,2024-2025,9:45 AM,0,0,1
67013619,67_67399_5136972,125725,10/8/24,2024-2025,2:15 PM,0,1,1
67013639,67_67399_5136972,126475,12/10/24,2024-2025,11:03 AM,0,0,1
67013656,67_67399_5136972,127167,2/12/25,2024-2025,12:34 PM,0,0,1
67013656,67_67399_5136972,128131,4/14/25,2024-2025,1:17 PM,0,0,1
67013693,67_67399_5136972,125769,10/10/24,2024-2025,1:47 PM,0,1,0
67013693,67_67399_5136972,127970,3/21/25,2024-2025,1:53 PM,0,0,1
67013693,67_67399_5136972,127971,3/21/25,2024-2025,1:53 PM,0,0,1
67013701,67_67399_5136972,127161,2/12/25,2024-2025,10:50 AM,0,1,1
67013701,67_67399_5136972,127294,2/21/25,2024-2025,10:32 AM,0,0,1
67013701,67_67399_5136972,128433,5/13/25,2024-2025,9:15 AM,0,0,1
67013818,67_67399_5136972,127670,3/14/25,2024-2025,2:50 PM,0,0,0
67013822,67_67399_5136972,126804,1/23/25,2024-2025,9:40 AM,0,1,0
67013822,67_67399_5136972,126998,2/3/25,2024-2025,11:36 AM,0,3,0
67013822,67_67399_5136972,127558,3/10/25,2024-2025,2:01 PM,0,3,0
67013822,67_67399_5136972,128521,5/16/25,2024-2025,2:24 PM,0,0,1
67013826,67_67399_5136972,127613,3/12/25,2024-2025,10:00 AM,1,0,1
67013830,67_67399_5136972,127669,3/14/25,2024-2025,2:50 PM,1,0,0
67013838,67_67399_5136972,126170,11/12/24,2024-2025,10:49 AM,0,2,0
67013838,67_67399_5136972,126452,12/6/24,2024-2025,12:15 PM,1,0,0
67013838,67_67399_5136972,126803,1/23/25,2024-2025,9:37 AM,0,1,0
67013838,67_67399_5136972,127560,3/10/25,2024-2025,2:06 PM,0,2,0
67013866,67_67399_5136972,125627,10/2/24,2024-2025,9:30 AM,0,1,0
67013871,67_67399_5136972,127873,3/27/25,2024-2025,11:20 AM,0,0,1
67013872,67_67399_5136972,126756,1/16/25,2024-2025,11:30 AM,2,0,0
67013877,67_67399_5136972,127966,4/3/25,2024-2025,1:34 PM,0,2,0
67013885,67_67399_5136972,126754,1/16/25,2024-2025,11:30 AM,1,0,0
67013885,67_67399_5136972,127965,4/3/25,2024-2025,1:30 PM,0,1,0
67013886,67_67399_5136972,126997,2/3/25,2024-2025,11:32 AM,0,3,0
67013886,67_67399_5136972,127559,3/10/25,2024-2025,2:04 PM,0,3,0
67012774,67_67399_5136973,127420,2/27/25,2024-2025,11:45 AM,3,0,0
67014089,67_67399_5136973,128536,5/19/25,2024-2025,1:33 PM,0,1,0
67014105,67_67399_5136973,126670,1/13/25,2024-2025,2:55 PM,0,1,0
67014112,67_67399_5136973,126669,1/13/25,2024-2025,2:43 PM,0,1,0
67014112,67_67399_5136973,128363,5/7/25,2024-2025,1:59 PM,0,1,0
67014477,67_67399_5136973,127612,3/12/25,2024-2025,4:37 PM,0,0,1
67014488,67_67399_5136973,126545,12/4/24,2024-2025,1:45 PM,0,0,1
67014161,67_67399_5136974,125590,9/27/24,2024-2025,3:10 PM,0,0,0
67014161,67_67399_5136974,128143,4/15/25,2024-2025,8:30 AM,0,0,0
67014161,67_67399_5136974,128228,4/29/25,2024-2025,9:46 AM,0,0,0
67014549,67_67399_5136974,127969,4/3/25,2024-2025,1:09 PM,0,0,0
67014581,67_67399_5136974,128313,5/2/25,2024-2025,2:02 PM,0,0,0
67014583,67_67399_5136974,127581,3/11/25,2024-2025,1:15 PM,0,1,0
67014663,67_67399_5136974,127810,3/21/25,2024-2025,11:20 AM,0,1,0
67014672,67_67399_5136974,127724,3/19/25,2024-2025,11:55 AM,0,1,0
67014676,67_67399_5136974,128254,4/30/25,2024-2025,1:19 PM,0,0,1
67014700,67_67399_5136974,127749,3/19/25,2024-2025,11:55 AM,0,1,0
67014723,67_67399_5136974,127576,3/11/25,2024-2025,12:12 PM,0,1,0
67014726,67_67399_5136974,127102,2/6/25,2024-2025,3:36 PM,0,1,0
67014735,67_67399_5136974,128081,4/10/25,2024-2025,11:18 AM,0,1,1
67014735,67_67399_5136974,128116,4/14/25,2024-2025,8:31 AM,0,1,0
67014735,67_67399_5136974,128316,5/6/25,2024-2025,8:10 AM,0,1,0
67014735,67_67399_5136974,128355,5/7/25,2024-2025,12:23 PM,0,0,1
67014772,67_67399_5136974,126150,11/8/24,2024-2025,1:48 PM,0,1,0
67014772,67_67399_5136974,126921,1/29/25,2024-2025,1:07 PM,0,2,0
67014772,67_67399_5136974,127126,2/7/25,2024-2025,3:12 PM,0,2,0
67014772,67_67399_5136974,127300,2/21/25,2024-2025,12:47 PM,0,0,1
67014772,67_67399_5136974,128496,5/15/25,2024-2025,2:25 PM,0,0,1
67014772,67_67399_5136974,128597,5/22/25,2024-2025,12:14 PM,0,2,0
67014783,67_67399_5136974,126577,12/19/24,2024-2025,12:05 PM,0,0,1
67014783,67_67399_5136974,126615,1/8/25,2024-2025,8:56 AM,0,1,0
67014783,67_67399_5136974,127806,3/24/25,2024-2025,2:34 PM,1,0,0
67014783,67_67399_5136974,127854,3/26/25,2024-2025,11:12 AM,0,1,0
67014783,67_67399_5136974,128068,4/10/25,2024-2025,8:25 AM,0,0,1
67014783,67_67399_5136974,128438,5/13/25,2024-2025,10:47 AM,0,1,0
67014783,67_67399_5136974,128495,5/15/25,2024-2025,2:21 PM,0,0,1
67014783,67_67399_5136974,128626,5/27/25,2024-2025,8:18 AM,0,0,1
67014800,67_67399_5136974,125183,8/23/24,2024-2025,10:53 AM,5,0,0
67014804,67_67399_5136974,126603,1/7/25,2024-2025,12:10 PM,0,0,1
67014805,67_67399_5136974,126336,11/21/24,2024-2025,2:19 PM,0,1,0
67014807,67_67399_5136974,126746,1/16/25,2024-2025,2:51 PM,0,1,0
67014813,67_67399_5136974,126675,1/14/25,2024-2025,10:03 AM,0,1,0
67014815,67_67399_5136974,125495,9/19/24,2024-2025,1:37 PM,0,1,0
67014816,67_67399_5136974,126558,12/17/24,2024-2025,12:01 PM,0,0,1
67014818,67_67399_5136974,128140,4/14/25,2024-2025,4:06 PM,0,2,0
67014818,67_67399_5136974,128206,4/28/25,2024-2025,8:38 AM,0,1,0
67014819,67_67399_5136974,128094,4/11/25,2024-2025,8:20 AM,0,0,1
67014838,67_67399_5136974,126697,1/15/25,2024-2025,7:48 AM,0,1,0
67014838,67_67399_5136974,127526,3/6/25,2024-2025,2:45 PM,0,0,1
67014846,67_67399_5136974,125499,9/19/24,2024-2025,3:09 PM,0,1,0
67014846,67_67399_5136974,127752,3/20/25,2024-2025,2:01 PM,0,1,0
67014854,67_67399_5136974,126696,1/15/25,2024-2025,7:42 AM,0,1,0
67014858,67_67399_5136974,127319,2/24/25,2024-2025,10:04 AM,0,1,0
67014861,67_67399_5136974,127823,3/24/25,2024-2025,2:30 PM,0,0,0
67014871,67_67399_5136974,126709,1/15/25,2024-2025,12:35 PM,0,0,0
67014878,67_67399_5136974,125947,10/25/24,2024-2025,10:15 AM,0,1,1
67014878,67_67399_5136974,127958,4/3/25,2024-2025,11:39 AM,0,1,1
67014878,67_67399_5136974,128084,4/10/25,2024-2025,12:02 PM,0,2,1
67014878,67_67399_5136974,128263,5/1/25,2024-2025,10:00 AM,0,2,0
67014878,67_67399_5136974,128308,5/5/25,2024-2025,12:35 PM,0,1,0
67014878,67_67399_5136974,128309,5/5/25,2024-2025,12:35 PM,0,1,0
67014878,67_67399_5136974,128513,5/15/25,2024-2025,12:25 PM,0,0,0
67014888,67_67399_5136974,128441,5/13/25,2024-2025,12:37 PM,0,0,0
67014891,67_67399_5136974,126938,1/29/25,2024-2025,10:23 PM,0,0,0
67014897,67_67399_5136974,127390,2/27/25,2024-2025,9:10 AM,0,1,1
67014897,67_67399_5136974,128484,5/15/25,2024-2025,12:36 PM,0,1,0
67014902,67_67399_5136974,127156,2/11/25,2024-2025,2:00 PM,0,0,0
67014904,67_67399_5136974,126800,1/23/25,2024-2025,8:58 AM,0,0,0
67014904,67_67399_5136974,127025,2/4/25,2024-2025,11:23 AM,0,1,0
67014909,67_67399_5136974,127014,2/3/25,2024-2025,9:32 AM,0,1,0
67014919,67_67399_5136974,128293,5/2/25,2024-2025,10:29 AM,0,2,0
67014920,67_67399_5136974,125452,9/13/24,2024-2025,11:59 AM,0,1,0
67014920,67_67399_5136974,126650,1/10/25,2024-2025,2:40 PM,0,1,0
67014932,67_67399_5136974,125290,8/29/24,2024-2025,12:25 PM,0,0,1
67014932,67_67399_5136974,126914,1/29/25,2024-2025,12:06 PM,0,0,0
67014937,67_67399_5136974,128331,5/6/25,2024-2025,1:41 PM,0,0,0
67014941,67_67399_5136974,127478,3/5/25,2024-2025,11:50 AM,0,2,0
67014941,67_67399_5136974,127758,3/20/25,2024-2025,4:27 PM,0,2,0
67014943,67_67399_5136974,125292,8/29/24,2024-2025,12:25 PM,0,0,1
67014944,67_67399_5136974,125660,10/3/24,2024-2025,2:03 PM,0,1,0
67014948,67_67399_5136974,126982,1/31/25,2024-2025,12:46 PM,0,0,0
67014957,67_67399_5136974,128609,5/23/25,2024-2025,10:39 AM,0,1,0
67014964,67_67399_5136974,125654,10/2/24,2024-2025,12:00 PM,0,1,0
67014964,67_67399_5136974,125670,10/4/24,2024-2025,8:10 AM,2,0,0
67014964,67_67399_5136974,126119,11/7/24,2024-2025,12:27 PM,0,0,1
67014964,67_67399_5136974,127376,2/26/25,2024-2025,10:21 AM,0,1,0
67014964,67_67399_5136974,127536,3/7/25,2024-2025,10:16 AM,0,1,0
67014976,67_67399_5136974,125900,10/21/24,2024-2025,2:50 PM,0,0,1
67014983,67_67399_5136974,127606,3/12/25,2024-2025,1:50 PM,0,1,0
67014987,67_67399_5136974,127601,3/12/25,2024-2025,12:01 PM,0,1,1
67014992,67_67399_5136974,125468,9/17/24,2024-2025,9:33 AM,0,0,1
67014992,67_67399_5136974,125509,9/20/24,2024-2025,12:02 PM,0,0,1
67014992,67_67399_5136974,125552,9/25/24,2024-2025,10:02 AM,0,0,1
67014992,67_67399_5136974,125934,10/24/24,2024-2025,10:32 AM,0,1,0
67014992,67_67399_5136974,126148,11/8/24,2024-2025,12:07 PM,0,1,0
67014992,67_67399_5136974,126264,11/19/24,2024-2025,9:45 AM,0,0,1
67014992,67_67399_5136974,126805,1/23/25,2024-2025,10:03 AM,0,1,0
67014992,67_67399_5136974,126944,1/30/25,2024-2025,9:57 AM,0,0,1
67014992,67_67399_5136974,127148,2/11/25,2024-2025,12:18 PM,0,1,0
67014992,67_67399_5136974,127963,4/3/25,2024-2025,12:37 PM,0,1,0
67014992,67_67399_5136974,128024,4/8/25,2024-2025,10:29 AM,0,0,1
67014992,67_67399_5136974,128055,4/9/25,2024-2025,1:58 PM,0,0,2
67014992,67_67399_5136974,128227,4/29/25,2024-2025,9:46 AM,0,1,0
67014992,67_67399_5136974,128275,5/1/25,2024-2025,1:51 PM,0,0,1
67014992,67_67399_5136974,128356,5/7/25,2024-2025,12:36 PM,0,0,1
67014992,67_67399_5136974,128380,5/8/25,2024-2025,12:34 PM,0,1,0
67014992,67_67399_5136974,128486,5/15/25,2024-2025,1:04 PM,0,0,0
67014997,67_67399_5136974,127748,3/20/25,2024-2025,12:36 PM,0,0,1
67014998,67_67399_5136974,126186,11/8/24,2024-2025,12:00 PM,0,0,1
67014998,67_67399_5136974,128382,5/8/25,2024-2025,1:29 PM,0,1,0
67015027,67_67399_5136974,125477,9/18/24,2024-2025,10:37 AM,0,1,0
67015027,67_67399_5136974,127225,2/14/25,2024-2025,12:30 PM,0,0,1
67015030,67_67399_5136974,126308,11/19/24,2024-2025,12:00 PM,0,0,1
67015041,67_67399_5136974,125238,8/28/24,2024-2025,12:55 PM,0,1,0
67015041,67_67399_5136974,125317,9/5/24,2024-2025,9:45 AM,0,1,0
67015041,67_67399_5136974,125374,9/10/24,2024-2025,9:44 AM,0,1,0
67015041,67_67399_5136974,127699,3/18/25,2024-2025,11:08 AM,0,1,0
67015045,67_67399_5136974,126366,11/21/24,2024-2025,1:00 PM,0,0,0
67015045,67_67399_5136974,126387,12/2/24,2024-2025,5:45 PM,0,2,0
67015045,67_67399_5136974,126394,12/3/24,2024-2025,10:10 AM,0,1,0
67015045,67_67399_5136974,127309,2/21/25,2024-2025,10:25 AM,0,0,0
67015045,67_67399_5136974,128443,5/13/25,2024-2025,12:50 PM,0,0,1
67015059,67_67399_5136974,127142,2/11/25,2024-2025,11:13 AM,0,1,0
67015059,67_67399_5136974,128508,5/16/25,2024-2025,9:47 AM,0,0,1
67015059,67_67399_5136974,128600,5/22/25,2024-2025,2:23 PM,0,0,1
67015092,67_67399_5136974,125681,10/4/24,2024-2025,12:57 PM,0,0,1
67015092,67_67399_5136974,125907,10/22/24,2024-2025,9:30 AM,0,1,0
67015092,67_67399_5136974,126484,12/11/24,2024-2025,8:59 AM,0,0,1
67015092,67_67399_5136974,126541,12/16/24,2024-2025,10:13 AM,0,0,1
67015092,67_67399_5136974,126549,12/16/24,2024-2025,3:02 PM,0,0,1
67015092,67_67399_5136974,126765,1/17/25,2024-2025,2:36 PM,0,0,0
67015092,67_67399_5136974,126810,1/23/25,2024-2025,11:49 AM,0,0,0
67015092,67_67399_5136974,126857,1/24/25,2024-2025,2:48 PM,0,0,1
67015092,67_67399_5136974,127384,2/26/25,2024-2025,1:15 PM,0,0,1
67015092,67_67399_5136974,127451,3/4/25,2024-2025,9:52 AM,0,0,1
67015092,67_67399_5136974,128376,5/6/25,2024-2025,1:00 PM,0,0,0
67015092,67_67399_5136974,128488,5/15/25,2024-2025,1:16 PM,0,0,1
67015092,67_67399_5136974,128623,5/23/25,2024-2025,2:39 PM,0,0,1
67015092,67_67399_5136974,128604,5/23/25,2024-2025,9:23 AM,0,0,1
67015095,67_67399_5136974,126024,10/31/24,2024-2025,10:00 AM,2,0,0
67015095,67_67399_5136974,126172,11/12/24,2024-2025,11:45 AM,0,0,1
67015095,67_67399_5136974,126726,1/16/25,2024-2025,10:13 AM,0,0,0
67015095,67_67399_5136974,127293,2/21/25,2024-2025,9:44 AM,0,1,0
67015095,67_67399_5136974,127698,3/18/25,2024-2025,10:33 AM,0,0,1
67015095,67_67399_5136974,128039,4/9/25,2024-2025,10:36 AM,0,0,1
67015095,67_67399_5136974,128291,5/2/25,2024-2025,9:34 AM,0,0,1
67015095,67_67399_5136974,128605,5/23/25,2024-2025,9:55 AM,0,0,0
67015100,67_67399_5136974,127652,3/14/25,2024-2025,11:41 AM,0,0,0
67015108,67_67399_5136974,126832,1/24/25,2024-2025,10:11 AM,0,0,0
67015111,67_67399_5136974,128164,4/16/25,2024-2025,10:57 AM,0,0,1
67015111,67_67399_5136974,128262,5/1/25,2024-2025,9:01 AM,0,1,0
67015112,67_67399_5136974,128716,6/4/25,2024-2025,1:55 PM,0,1,0
67015115,67_67399_5136974,125583,9/27/24,2024-2025,12:06 PM,0,0,1
67015116,67_67399_5136974,126391,12/3/24,2024-2025,9:07 AM,0,0,1
67015121,67_67399_5136974,128204,4/28/25,2024-2025,7:54 AM,0,0,1
67015125,67_67399_5136974,127991,4/7/25,2024-2025,8:26 AM,0,0,1
67015145,67_67399_5136974,127537,3/7/25,2024-2025,9:50 AM,0,0,1
67015147,67_67399_5136974,125668,10/4/24,2024-2025,8:11 AM,0,0,0
67015150,67_67399_5136974,128205,4/17/25,2024-2025,2:40 PM,0,0,1
67015168,67_67399_5136974,128203,4/28/25,2024-2025,7:45 AM,0,0,1
67015178,67_67399_5136974,128132,4/14/25,2024-2025,1:53 PM,0,1,0
67014800,67_67399_5136975,125556,9/23/24,2024-2025,10:10 AM,0,0,1
67014800,67_67399_5136975,125557,9/25/24,2024-2025,1:15 PM,0,0,1
67014800,67_67399_5136975,125639,10/2/24,2024-2025,1:15 PM,0,0,1
67014800,67_67399_5136975,125650,10/2/24,2024-2025,1:45 PM,2,0,0
67014800,67_67399_5136975,125954,10/25/24,2024-2025,1:45 PM,3,0,0
67014800,67_67399_5136975,125953,10/25/24,2024-2025,12:25 PM,0,0,2
67014800,67_67399_5136975,126192,11/13/24,2024-2025,9:28 PM,0,0,0
67015152,67_67399_5136975,128556,5/20/25,2024-2025,10:15 AM,0,0,0
67015218,67_67399_5136975,126123,11/6/24,2024-2025,9:40 AM,0,1,1
67015218,67_67399_5136975,126136,11/7/24,2024-2025,9:40 AM,0,2,0
67015220,67_67399_5136975,128680,5/27/25,2024-2025,9:38 AM,0,1,0
67015224,67_67399_5136975,128595,5/22/25,2024-2025,11:39 AM,0,1,0
67015243,67_67399_5136975,128699,6/3/25,2024-2025,9:42 AM,1,0,0
67015311,67_67399_5136975,126684,1/14/25,2024-2025,11:50 PM,0,1,0
67015315,67_67399_5136975,126683,1/14/25,2024-2025,11:06 AM,0,1,0
67015317,67_67399_5136975,126682,1/14/25,2024-2025,11:50 AM,0,1,0
67015320,67_67399_5136975,127259,2/19/25,2024-2025,11:03 AM,1,0,1
67015347,67_67399_5136975,126978,1/31/25,2024-2025,12:21 PM,0,0,0
67015373,67_67399_5136975,125507,9/20/24,2024-2025,11:59 AM,0,0,0
67015390,67_67399_5136975,128710,6/4/25,2024-2025,10:37 AM,0,1,0
67015411,67_67399_5136975,128616,5/23/25,2024-2025,1:13 PM,0,0,1
67015411,67_67399_5136975,128614,5/23/25,2024-2025,12:09 PM,0,0,1
67015411,67_67399_5136975,128615,5/23/25,2024-2025,12:50 PM,0,1,0
67015477,67_67399_5136975,126229,11/14/24,2024-2025,2:30 PM,1,0,0
67015510,67_67399_5136975,125859,10/17/24,2024-2025,12:47 PM,0,0,0
67015510,67_67399_5136975,126228,11/14/24,2024-2025,2:30 AM,1,0,0
67015511,67_67399_5136975,125471,9/17/24,2024-2025,10:49 AM,0,0,1
67015511,67_67399_5136975,125858,10/17/24,2024-2025,12:40 PM,0,0,0
67015525,67_67399_5136975,126672,1/11/25,2024-2025,2:15 PM,0,1,0
67015625,67_67399_5136975,125462,9/13/24,2024-2025,2:37 PM,2,0,0
67015651,67_67399_5136975,128101,4/10/25,2024-2025,1:40 PM,0,1,0
67015658,67_67399_5136975,125412,9/11/24,2024-2025,1:00 PM,0,2,0
67015662,67_67399_5136975,125358,9/9/24,2024-2025,12:00 AM,0,0,0
67015679,67_67399_5136975,125879,10/18/24,2024-2025,1:01 PM,1,0,0
67015681,67_67399_5136975,125917,10/18/24,2024-2025,12:30 PM,1,0,0
67015681,67_67399_5136975,126951,1/30/25,2024-2025,12:40 PM,1,0,0
67014070,67_67399_5136976,125615,10/1/24,2024-2025,11:48 AM,0,1,0
67014070,67_67399_5136976,125699,10/7/24,2024-2025,12:15 PM,0,0,0
67014070,67_67399_5136976,126897,1/29/25,2024-2025,9:23 AM,0,0,1
67014070,67_67399_5136976,127112,2/7/25,2024-2025,10:39 AM,0,0,1
67014407,67_67399_5136976,127063,2/4/25,2024-2025,12:30 PM,0,0,1
67014407,67_67399_5136976,127084,2/6/25,2024-2025,12:40 PM,0,0,1
67014800,67_67399_5136976,128734,5/29/25,2024-2025,11:30 AM,0,0,0
67015692,67_67399_5136976,128706,5/29/25,2024-2025,11:25 AM,0,0,0
67015700,67_67399_5136976,126972,1/31/25,2024-2025,9:30 AM,0,0,0
67015713,67_67399_5136976,126725,1/16/25,2024-2025,10:00 AM,0,0,0
67015752,67_67399_5136976,128310,5/5/25,2024-2025,1:05 PM,0,1,1
67015795,67_67399_5136976,125985,10/29/24,2024-2025,12:24 PM,0,1,0
67015803,67_67399_5136976,127668,3/14/25,2024-2025,12:50 PM,0,1,0
67015824,67_67399_5136976,126768,1/17/25,2024-2025,2:55 PM,0,1,0
67015850,67_67399_5136976,126016,10/30/24,2024-2025,11:40 AM,0,0,0
67015858,67_67399_5136976,128011,4/3/25,2024-2025,8:33 AM,0,1,0
67015871,67_67399_5136976,125606,9/30/24,2024-2025,3:57 PM,0,1,0
67015903,67_67399_5136976,125540,9/24/24,2024-2025,11:44 AM,0,0,1
67015903,67_67399_5136976,125613,10/1/24,2024-2025,11:29 AM,0,0,1
67015924,67_67399_5136976,125380,9/10/24,2024-2025,1:00 PM,0,0,1
67015925,67_67399_5136976,127489,3/5/25,2024-2025,2:15 PM,0,0,0
67015927,67_67399_5136976,126504,12/6/24,2024-2025,4:45 PM,0,0,0
67015927,67_67399_5136976,127249,2/18/25,2024-2025,9:50 AM,0,0,1
67015930,67_67399_5136976,127711,3/19/25,2024-2025,11:30 AM,0,0,1
67015939,67_67399_5136976,127307,2/21/25,2024-2025,12:56 PM,0,0,1
67015940,67_67399_5136976,125731,10/9/24,2024-2025,11:01 AM,0,0,1
67015940,67_67399_5136976,125777,10/10/24,2024-2025,3:23 PM,0,0,1
67015940,67_67399_5136976,125904,10/22/24,2024-2025,8:30 AM,0,0,1
67015940,67_67399_5136976,126588,12/19/24,2024-2025,8:30 AM,0,0,0
67015940,67_67399_5136976,126609,1/7/25,2024-2025,10:45 PM,0,0,1
67015940,67_67399_5136976,126747,1/16/25,2024-2025,9:15 PM,0,0,1
67015940,67_67399_5136976,128735,3/19/25,2024-2025,12:25 PM,0,0,0
67015951,67_67399_5136976,125574,9/25/24,2024-2025,1:00 PM,0,0,0
67015951,67_67399_5136976,126743,1/16/25,2024-2025,2:21 PM,0,0,1
67015961,67_67399_5136976,127184,2/12/25,2024-2025,2:04 PM,0,1,0
67015964,67_67399_5136976,127518,3/6/25,2024-2025,1:25 PM,0,0,1
67015964,67_67399_5136976,127882,3/27/25,2024-2025,1:50 PM,0,0,1
67015972,67_67399_5136976,127708,3/17/25,2024-2025,2:47 PM,0,0,1
67015977,67_67399_5136976,126587,12/16/24,2024-2025,8:00 AM,0,0,0
67015981,67_67399_5136976,125981,10/28/24,2024-2025,11:59 AM,0,0,1
67015992,67_67399_5136976,128187,4/17/25,2024-2025,12:04 PM,0,0,2
67015994,67_67399_5136976,127318,2/24/25,2024-2025,9:20 AM,0,0,1
67016001,67_67399_5136976,125592,9/27/24,2024-2025,1:50 PM,0,0,1
67016024,67_67399_5136976,126568,12/18/24,2024-2025,10:35 AM,0,0,1
67016024,67_67399_5136976,126913,1/28/25,2024-2025,10:35 AM,0,2,0
67016028,67_67399_5136976,127706,3/17/25,2024-2025,2:47 PM,0,0,1
67016028,67_67399_5136976,127789,3/24/25,2024-2025,11:05 AM,0,0,1
67016029,67_67399_5136976,127474,3/5/25,2024-2025,10:10 AM,0,1,1
67016029,67_67399_5136976,128271,5/1/25,2024-2025,12:48 PM,0,0,2
67016033,67_67399_5136976,126251,11/18/24,2024-2025,9:45 AM,0,0,1
67016033,67_67399_5136976,126377,12/2/24,2024-2025,11:38 AM,0,0,1
67016033,67_67399_5136976,126397,12/3/24,2024-2025,11:31 AM,0,0,1
67016033,67_67399_5136976,126487,12/11/24,2024-2025,9:30 AM,0,0,1
67016033,67_67399_5136976,126506,12/12/24,2024-2025,10:09 AM,0,0,1
67016033,67_67399_5136976,126572,12/17/24,2024-2025,11:55 AM,0,0,1
67016033,67_67399_5136976,126573,12/18/24,2024-2025,12:10 PM,0,0,1
67016033,67_67399_5136976,126575,12/19/24,2024-2025,10:35 AM,0,0,1
67016033,67_67399_5136976,126929,1/29/25,2024-2025,10:45 AM,0,0,3
67016033,67_67399_5136976,127103,2/5/25,2024-2025,10:40 AM,0,1,0
67016033,67_67399_5136976,127226,2/14/25,2024-2025,11:40 PM,0,4,3
67016033,67_67399_5136976,127334,2/24/25,2024-2025,11:30 AM,0,1,1
67016033,67_67399_5136976,127433,3/3/25,2024-2025,1:06 PM,0,0,1
67016033,67_67399_5136976,127431,3/3/25,2024-2025,10:30 AM,0,0,1
67016033,67_67399_5136976,128505,5/16/25,2024-2025,8:26 AM,0,0,2
67016033,67_67399_5136976,128646,5/28/25,2024-2025,8:25 AM,0,0,1
67016036,67_67399_5136976,126037,10/31/24,2024-2025,2:35 PM,0,0,0
67016036,67_67399_5136976,126054,11/1/24,2024-2025,12:45 PM,0,0,1
67016036,67_67399_5136976,126379,12/2/24,2024-2025,11:43 AM,0,0,1
67016036,67_67399_5136976,126571,12/18/24,2024-2025,2:30 PM,0,0,1
67016036,67_67399_5136976,127087,2/6/25,2024-2025,1:13 PM,0,0,1
67016036,67_67399_5136976,127129,2/7/25,2024-2025,9:30 AM,0,0,1
67016036,67_67399_5136976,127228,2/14/25,2024-2025,1:34 PM,0,1,1
67016036,67_67399_5136976,127248,2/18/25,2024-2025,11:18 AM,0,3,1
67016036,67_67399_5136976,127473,3/5/25,2024-2025,10:00 AM,0,0,1
67016036,67_67399_5136976,127929,4/2/25,2024-2025,11:38 AM,0,0,1
67016036,67_67399_5136976,128177,4/16/25,2024-2025,1:30 PM,0,1,0
67016038,67_67399_5136976,128277,5/1/25,2024-2025,2:11 PM,0,0,1
67016039,67_67399_5136976,126056,11/1/24,2024-2025,1:18 PM,0,0,1
67016042,67_67399_5136976,127049,2/5/25,2024-2025,11:30 AM,0,0,0
67016088,67_67399_5136976,125909,10/22/24,2024-2025,10:01 PM,0,0,1
67013939,67_67399_5136977,128279,5/1/25,2024-2025,11:25 PM,0,0,0
67014638,67_67399_5136977,125943,10/25/24,2024-2025,9:18 AM,0,2,0
67015273,67_67399_5136977,125751,9/24/24,2024-2025,6:54 AM,0,2,0
67015273,67_67399_5136977,125730,10/9/24,2024-2025,11:01 AM,0,1,1
67015273,67_67399_5136977,125803,10/14/24,2024-2025,7:34 AM,0,2,0
67015751,67_67399_5136977,125526,9/23/24,2024-2025,9:00 AM,0,1,1
67016118,67_67399_5136977,126728,1/16/25,2024-2025,10:27 AM,0,1,0
67016118,67_67399_5136977,126842,1/24/25,2024-2025,11:50 AM,0,1,0
67016118,67_67399_5136977,127957,4/3/25,2024-2025,11:41 AM,0,1,0
67016121,67_67399_5136977,125844,10/16/24,2024-2025,3:04 PM,0,1,0
67016121,67_67399_5136977,125881,10/18/24,2024-2025,2:34 PM,0,1,0
67016123,67_67399_5136977,125843,10/16/24,2024-2025,2:58 PM,0,2,1
67016126,67_67399_5136977,127986,4/4/25,2024-2025,11:45 AM,0,0,0
67016137,67_67399_5136977,125910,10/23/24,2024-2025,9:56 AM,0,0,0
67016137,67_67399_5136977,126214,11/14/24,2024-2025,12:57 PM,0,1,0
67016137,67_67399_5136977,127075,2/6/25,2024-2025,11:42 AM,0,1,0
67016137,67_67399_5136977,127686,3/17/25,2024-2025,9:40 AM,0,1,0
67016137,67_67399_5136977,127869,3/27/25,2024-2025,10:54 AM,0,0,1
67016137,67_67399_5136977,128150,4/15/25,2024-2025,11:42 AM,0,2,0
67016137,67_67399_5136977,128189,4/17/25,2024-2025,12:07 PM,0,0,1
67016138,67_67399_5136977,125854,10/17/24,2024-2025,11:46 AM,0,3,0
67016139,67_67399_5136977,126382,12/2/24,2024-2025,2:14 PM,0,0,0
67016144,67_67399_5136977,126426,12/5/24,2024-2025,9:56 AM,0,0,0
67016144,67_67399_5136977,127943,4/2/25,2024-2025,3:08 PM,0,0,0
67016145,67_67399_5136977,125895,10/22/24,2024-2025,9:52 AM,0,0,0
67016148,67_67399_5136977,128240,4/29/25,2024-2025,8:10 PM,0,0,0
67016149,67_67399_5136977,127199,2/13/25,2024-2025,1:36 PM,0,2,0
67016153,67_67399_5136977,125724,10/8/24,2024-2025,1:14 PM,0,0,0
67016158,67_67399_5136977,125712,10/7/24,2024-2025,3:34 PM,0,0,0
67016158,67_67399_5136977,126314,11/21/24,2024-2025,9:49 AM,0,1,0
67016159,67_67399_5136977,125852,10/17/24,2024-2025,10:54 AM,0,3,0
67016159,67_67399_5136977,126215,11/14/24,2024-2025,1:00 PM,0,3,0
67016159,67_67399_5136977,126427,12/5/24,2024-2025,9:59 AM,0,2,0
67016159,67_67399_5136977,126798,1/22/25,2024-2025,11:35 AM,0,0,0
67016159,67_67399_5136977,126958,1/30/25,2024-2025,1:35 AM,0,0,0
67016159,67_67399_5136977,127687,3/17/25,2024-2025,9:40 AM,0,1,0
67016159,67_67399_5136977,127818,3/25/25,2024-2025,11:42 AM,0,0,1
67016160,67_67399_5136977,126870,1/28/25,2024-2025,9:30 AM,0,0,0
67016160,67_67399_5136977,126977,1/31/25,2024-2025,11:25 PM,0,1,0
67016160,67_67399_5136977,127198,2/13/25,2024-2025,10:00 AM,0,1,0
67016160,67_67399_5136977,128236,4/29/25,2024-2025,12:37 PM,0,0,1
67016163,67_67399_5136977,125428,9/12/24,2024-2025,10:15 AM,0,1,2
67016163,67_67399_5136977,125607,10/1/24,2024-2025,9:00 AM,0,0,2
67016163,67_67399_5136977,126280,11/18/24,2024-2025,10:20 AM,0,0,1
67016165,67_67399_5136977,125810,10/15/24,2024-2025,11:47 AM,0,2,0
67016165,67_67399_5136977,126042,11/1/24,2024-2025,9:46 AM,0,1,0
67016165,67_67399_5136977,126423,12/4/24,2024-2025,3:31 PM,0,2,0
67016165,67_67399_5136977,126957,1/29/25,2024-2025,9:35 AM,0,1,0
67016166,67_67399_5136977,125752,9/25/24,2024-2025,6:58 AM,0,2,0
67016166,67_67399_5136977,125754,9/27/24,2024-2025,7:05 AM,0,2,0
67016166,67_67399_5136977,125756,10/3/24,2024-2025,7:15 AM,0,2,0
67016166,67_67399_5136977,125755,10/4/24,2024-2025,7:12 AM,0,2,0
67016166,67_67399_5136977,125753,10/10/24,2024-2025,7:01 AM,0,2,0
67016166,67_67399_5136977,125811,10/15/24,2024-2025,11:50 AM,0,2,0
67016166,67_67399_5136977,126381,12/2/24,2024-2025,2:06 PM,0,1,0
67016166,67_67399_5136977,126524,12/13/24,2024-2025,11:54 AM,0,1,0
67016173,67_67399_5136977,126353,11/22/24,2024-2025,11:03 AM,0,1,0
67016181,67_67399_5136977,126986,1/31/25,2024-2025,12:15 PM,0,0,1
67016181,67_67399_5136977,128297,5/2/25,2024-2025,11:30 PM,0,0,1
67016191,67_67399_5136977,128105,4/11/25,2024-2025,11:58 AM,0,0,1
67016194,67_67399_5136977,125908,10/22/24,2024-2025,2:58 PM,0,3,2
67016210,67_67399_5136977,126271,11/19/24,2024-2025,10:59 AM,0,0,0
67016210,67_67399_5136977,126612,1/7/25,2024-2025,8:47 AM,0,0,1
67016210,67_67399_5136977,127570,3/11/25,2024-2025,10:27 AM,0,0,0
67016211,67_67399_5136977,125487,9/18/24,2024-2025,7:50 PM,0,1,0
67016211,67_67399_5136977,125661,10/3/24,2024-2025,3:36 PM,0,1,0
67016211,67_67399_5136977,125800,10/14/24,2024-2025,3:08 PM,0,1,0
67016211,67_67399_5136977,126046,11/1/24,2024-2025,8:33 AM,1,0,1
67016211,67_67399_5136977,126562,12/16/24,2024-2025,2:10 PM,0,1,1
67016211,67_67399_5136977,126624,1/8/25,2024-2025,10:30 AM,0,0,1
67016217,67_67399_5136977,127726,3/19/25,2024-2025,12:42 PM,0,0,0
67016228,67_67399_5136977,127035,2/4/25,2024-2025,11:40 AM,0,1,0
67016230,67_67399_5136977,127850,3/26/25,2024-2025,1:22 PM,0,0,0
67016230,67_67399_5136977,127998,4/7/25,2024-2025,1:35 PM,0,0,2
67016230,67_67399_5136977,127996,4/7/25,2024-2025,1:10 PM,0,1,2
67016230,67_67399_5136977,127997,4/7/25,2024-2025,1:10 PM,0,1,2
67016230,67_67399_5136977,128183,4/17/25,2024-2025,10:07 AM,0,0,0
67016237,67_67399_5136977,125448,9/12/24,2024-2025,4:31 PM,0,1,0
67016241,67_67399_5136977,127152,2/11/25,2024-2025,11:50 AM,0,0,0
67016243,67_67399_5136977,125454,9/13/24,2024-2025,2:00 PM,0,0,0
67016243,67_67399_5136977,128473,5/14/25,2024-2025,12:40 PM,0,0,0
67016248,67_67399_5136977,128472,5/14/25,2024-2025,8:50 AM,0,0,1
67016250,67_67399_5136977,125560,9/25/24,2024-2025,3:57 PM,0,1,0
67016250,67_67399_5136977,127852,3/26/25,2024-2025,1:29 PM,0,1,0
67016250,67_67399_5136977,128483,5/15/25,2024-2025,12:39 PM,0,0,1
67016260,67_67399_5136977,126632,1/9/25,2024-2025,1:14 PM,0,0,0
67016271,67_67399_5136977,126161,11/9/24,2024-2025,3:05 PM,0,0,0
67016271,67_67399_5136977,127036,2/4/25,2024-2025,11:50 AM,0,1,0
67016274,67_67399_5136977,125663,10/3/24,2024-2025,3:45 PM,0,1,0
67016277,67_67399_5136977,127495,3/6/25,2024-2025,9:11 AM,0,0,1
67016283,67_67399_5136977,125662,10/3/24,2024-2025,3:40 PM,0,1,0
67016314,67_67399_5136977,128471,5/14/25,2024-2025,1:35 PM,0,0,0
67016317,67_67399_5136977,125708,10/3/24,2024-2025,10:00 AM,0,1,0
67016317,67_67399_5136977,125700,10/7/24,2024-2025,12:42 PM,0,0,1
67016317,67_67399_5136977,126000,10/25/24,2024-2025,12:30 PM,0,1,0
67016317,67_67399_5136977,125999,10/29/24,2024-2025,12:30 PM,0,1,0
67016317,67_67399_5136977,126061,10/30/24,2024-2025,12:30 PM,0,1,0
67016317,67_67399_5136977,126036,10/31/24,2024-2025,2:35 PM,0,0,1
67016317,67_67399_5136977,126064,11/1/24,2024-2025,11:45 AM,0,1,0
67016317,67_67399_5136977,126141,11/7/24,2024-2025,9:20 AM,0,2,2
67016317,67_67399_5136977,126246,11/15/24,2024-2025,8:09 AM,0,0,1
67016317,67_67399_5136977,126992,1/31/25,2024-2025,1:00 PM,0,1,0
67016317,67_67399_5136977,127442,2/21/25,2024-2025,2:00 PM,0,0,2
67016317,67_67399_5136977,127745,3/19/25,2024-2025,6:20 PM,0,1,1
67016373,67_67399_5136977,127780,3/21/25,2024-2025,2:32 PM,0,1,0
67016402,67_67399_5136977,125320,9/5/24,2024-2025,3:40 PM,0,0,1
67016402,67_67399_5136977,126165,11/8/24,2024-2025,1:00 PM,0,0,1
67016402,67_67399_5136977,127545,3/7/25,2024-2025,1:45 PM,0,1,0
67016402,67_67399_5136977,127939,4/2/25,2024-2025,1:40 PM,0,0,1
67016408,67_67399_5136977,127543,3/7/25,2024-2025,1:33 PM,0,1,1
67016419,67_67399_5136977,125689,10/4/24,2024-2025,12:55 PM,0,0,1
67016420,67_67399_5136977,125768,10/10/24,2024-2025,1:04 PM,0,2,0
67016420,67_67399_5136977,126420,12/4/24,2024-2025,1:53 PM,0,0,1
67016420,67_67399_5136977,126676,1/13/25,2024-2025,9:49 AM,0,1,1
67016420,67_67399_5136977,126712,1/15/25,2024-2025,1:05 PM,0,2,0
67016427,67_67399_5136977,126033,10/31/24,2024-2025,10:29 AM,0,0,0
67016428,67_67399_5136977,125319,9/5/24,2024-2025,3:33 PM,0,1,0
67016428,67_67399_5136977,125625,10/1/24,2024-2025,5:42 PM,0,1,0
67016428,67_67399_5136977,126163,11/8/24,2024-2025,1:00 PM,0,0,1
67016428,67_67399_5136977,126216,11/14/24,2024-2025,1:35 PM,0,0,1
67016440,67_67399_5136977,127872,3/27/25,2024-2025,11:21 AM,0,1,0
67016443,67_67399_5136977,125321,9/5/24,2024-2025,3:44 PM,0,0,1
67016450,67_67399_5136977,127287,2/20/25,2024-2025,2:16 PM,0,1,1
67016457,67_67399_5136977,128176,4/16/25,2024-2025,4:54 PM,0,1,1
67016466,67_67399_5136977,126164,11/8/24,2024-2025,1:00 PM,0,0,1
67016473,67_67399_5136977,126716,1/15/25,2024-2025,3:11 PM,0,1,1
67016488,67_67399_5136977,127458,3/4/25,2024-2025,8:00 AM,0,2,0
67016505,67_67399_5136977,126540,12/12/24,2024-2025,9:30 AM,0,1,0
67016505,67_67399_5136977,128448,5/13/25,2024-2025,1:22 PM,0,1,0
67016526,67_67399_5136977,128449,5/13/25,2024-2025,1:28 PM,0,1,0
67016556,67_67399_5136977,126071,11/4/24,2024-2025,11:37 AM,2,0,1
67016563,67_67399_5136977,125840,10/16/24,2024-2025,2:24 PM,0,1,0
67016565,67_67399_5136977,128211,4/28/25,2024-2025,1:51 PM,0,0,0
67016567,67_67399_5136977,127688,3/17/25,2024-2025,2:08 PM,0,1,0
67016568,67_67399_5136977,127058,2/5/25,2024-2025,2:32 PM,0,1,0
67016568,67_67399_5136977,128223,4/28/25,2024-2025,9:55 AM,0,1,0
67016571,67_67399_5136977,128364,5/7/25,2024-2025,2:32 PM,0,0,0
67016591,67_67399_5136977,128460,5/14/25,2024-2025,10:49 AM,0,1,0
67016596,67_67399_5136977,125875,10/17/24,2024-2025,10:36 AM,0,0,1
67016596,67_67399_5136977,125874,10/18/24,2024-2025,10:29 AM,1,0,2
67016596,67_67399_5136977,127387,2/26/25,2024-2025,2:17 PM,0,1,0
67016605,67_67399_5136977,127076,2/6/25,2024-2025,11:27 AM,0,1,0
67016609,67_67399_5136977,128492,5/15/25,2024-2025,2:16 PM,0,1,0
67016622,67_67399_5136977,127168,2/12/25,2024-2025,12:42 PM,0,0,0
67016631,67_67399_5136977,128658,5/29/25,2024-2025,1:06 PM,0,1,0
67016636,67_67399_5136977,127289,2/21/25,2024-2025,9:08 AM,0,1,0
67016653,67_67399_5136977,127636,3/13/25,2024-2025,2:50 PM,0,3,0
67016655,67_67399_5136977,126679,1/14/25,2024-2025,10:57 AM,0,0,1
67016655,67_67399_5136977,127207,2/13/25,2024-2025,2:50 PM,0,3,0
67016655,67_67399_5136977,128133,4/14/25,2024-2025,1:02 PM,1,0,1
67016659,67_67399_5136977,125688,10/4/24,2024-2025,3:57 PM,0,0,1
67016659,67_67399_5136977,125939,10/24/24,2024-2025,12:10 PM,0,0,1
67016662,67_67399_5136977,126052,11/1/24,2024-2025,12:54 PM,1,0,1
67016662,67_67399_5136977,128721,4/17/25,2024-2025,1:00 PM,0,1,1
67016662,67_67399_5136977,128287,5/1/25,2024-2025,2:50 PM,0,4,0
67016672,67_67399_5136977,128722,4/7/25,2024-2025,12:08 PM,0,0,1
67016675,67_67399_5136977,128365,5/7/25,2024-2025,2:40 PM,0,0,0
67016676,67_67399_5136977,127208,2/13/25,2024-2025,2:50 PM,0,3,0
67016677,67_67399_5136977,128585,5/21/25,2024-2025,2:50 PM,0,2,0
67016681,67_67399_5136977,125456,9/13/24,2024-2025,3:16 PM,0,0,1
67016681,67_67399_5136977,125643,10/2/24,2024-2025,10:15 AM,0,0,1
67016681,67_67399_5136977,126584,12/20/24,2024-2025,4:09 PM,0,2,0
67016681,67_67399_5136977,126717,1/15/25,2024-2025,3:26 PM,0,1,0
67016681,67_67399_5136977,128285,5/1/25,2024-2025,5:21 PM,0,3,0
67016686,67_67399_5136977,126160,11/8/24,2024-2025,4:10 PM,0,2,0
67016686,67_67399_5136977,128157,4/15/25,2024-2025,3:07 PM,0,2,0
67016690,67_67399_5136977,125935,10/24/24,2024-2025,12:42 PM,0,0,1
67016690,67_67399_5136977,127948,4/2/25,2024-2025,2:05 PM,0,0,1
67016690,67_67399_5136977,128584,5/21/25,2024-2025,2:50 PM,0,4,0
67016696,67_67399_5136977,127671,3/14/25,2024-2025,8:30 AM,0,2,0
67016696,67_67399_5136977,128288,5/1/25,2024-2025,2:50 PM,0,3,0
67016700,67_67399_5136977,128583,5/21/25,2024-2025,4:16 PM,0,2,0
67016701,67_67399_5136977,125686,10/4/24,2024-2025,10:00 AM,0,0,1
67016709,67_67399_5136977,125262,8/28/24,2024-2025,2:50 PM,0,0,1
67016709,67_67399_5136977,127444,3/3/25,2024-2025,12:15 PM,0,0,1
67016710,67_67399_5136977,128723,4/7/25,2024-2025,9:14 AM,0,0,1
67016711,67_67399_5136977,126611,1/7/25,2024-2025,5:33 PM,0,3,0
67016716,67_67399_5136977,128139,4/14/25,2024-2025,4:11 PM,0,2,0
67016717,67_67399_5136977,126295,11/20/24,2024-2025,10:51 AM,0,3,0
67016717,67_67399_5136977,126453,12/6/24,2024-2025,7:31 PM,0,4,0
67016717,67_67399_5136977,127209,2/13/25,2024-2025,3:00 PM,1,0,1
67016717,67_67399_5136977,127759,3/20/25,2024-2025,1:50 PM,0,4,0
67016717,67_67399_5136977,128286,5/1/25,2024-2025,2:50 PM,0,4,0
67016720,67_67399_5136977,127672,3/14/25,2024-2025,8:35 AM,0,1,0
67016727,67_67399_5136978,127230,2/14/25,2024-2025,1:57 PM,0,0,1
67016730,67_67399_5136978,127763,3/21/25,2024-2025,9:19 AM,0,2,0
67016731,67_67399_5136978,126428,12/5/24,2024-2025,10:39 AM,0,0,1
67016746,67_67399_5136978,125593,9/30/24,2024-2025,9:01 AM,0,1,0
67016746,67_67399_5136978,125805,10/15/24,2024-2025,8:53 AM,0,1,0
67016746,67_67399_5136978,125932,10/24/24,2024-2025,9:02 AM,0,1,0
67016746,67_67399_5136978,126067,11/4/24,2024-2025,9:19 AM,0,1,0
67016746,67_67399_5136978,126829,1/24/25,2024-2025,9:25 AM,0,1,0
67016746,67_67399_5136978,126945,1/30/25,2024-2025,10:32 AM,0,1,0
67016746,67_67399_5136978,127158,2/12/25,2024-2025,9:25 AM,0,1,0
67016746,67_67399_5136978,127186,2/13/25,2024-2025,9:26 AM,0,1,0
67016746,67_67399_5136978,127497,3/6/25,2024-2025,9:19 AM,0,1,0
67016746,67_67399_5136978,127531,3/7/25,2024-2025,8:54 AM,0,1,0
67016746,67_67399_5136978,127739,3/20/25,2024-2025,9:28 AM,0,0,1
67016746,67_67399_5136978,127834,3/26/25,2024-2025,8:24 AM,0,0,1
67016746,67_67399_5136978,127946,4/3/25,2024-2025,9:20 AM,0,0,1
67016747,67_67399_5136978,125785,10/11/24,2024-2025,9:59 AM,0,0,0
67016747,67_67399_5136978,128703,6/3/25,2024-2025,12:00 PM,0,0,1
67016750,67_67399_5136978,126509,12/12/24,2024-2025,11:56 AM,0,0,1
67016750,67_67399_5136978,126724,1/16/25,2024-2025,10:00 AM,0,0,1
67016751,67_67399_5136978,125376,9/10/24,2024-2025,10:07 AM,0,1,0
67016752,67_67399_5136978,125430,9/12/24,2024-2025,11:00 AM,0,1,0
67016752,67_67399_5136978,125424,9/12/24,2024-2025,10:30 AM,0,1,0
67016752,67_67399_5136978,126405,12/4/24,2024-2025,8:28 AM,0,1,0
67016752,67_67399_5136978,127910,4/1/25,2024-2025,9:04 AM,0,1,0
67016753,67_67399_5136978,127042,2/5/25,2024-2025,10:30 AM,0,1,0
67016753,67_67399_5136978,128103,4/11/25,2024-2025,11:58 AM,0,0,1
67016753,67_67399_5136978,128535,5/19/25,2024-2025,12:04 PM,0,1,0
67016759,67_67399_5136978,125179,8/22/24,2024-2025,3:00 PM,3,0,0
67016759,67_67399_5136978,125308,9/3/24,2024-2025,12:00 PM,0,0,0
67016761,67_67399_5136978,125576,9/26/24,2024-2025,1:20 PM,0,1,0
67016761,67_67399_5136978,125814,10/15/24,2024-2025,1:06 PM,0,2,0
67016761,67_67399_5136978,126482,12/11/24,2024-2025,8:45 AM,0,1,0
67016761,67_67399_5136978,126537,12/16/24,2024-2025,8:53 AM,0,1,0
67016761,67_67399_5136978,126770,1/21/25,2024-2025,11:22 AM,0,2,0
67016761,67_67399_5136978,127744,3/20/25,2024-2025,10:52 AM,0,1,0
67016765,67_67399_5136978,126654,1/13/25,2024-2025,10:30 AM,0,0,1
67016765,67_67399_5136978,127329,2/24/25,2024-2025,1:35 PM,0,1,0
67016765,67_67399_5136978,127475,3/5/25,2024-2025,10:55 AM,0,1,0
67016765,67_67399_5136978,127546,3/7/25,2024-2025,2:29 PM,0,1,0
67016765,67_67399_5136978,127865,3/27/25,2024-2025,10:12 AM,0,1,0
67016765,67_67399_5136978,128464,5/14/25,2024-2025,1:00 PM,0,1,0
67016765,67_67399_5136978,128519,5/16/25,2024-2025,12:00 PM,0,1,0
67016767,67_67399_5136978,128398,5/9/25,2024-2025,2:20 PM,0,1,0
67016769,67_67399_5136978,126811,1/23/25,2024-2025,11:36 AM,0,1,0
67016773,67_67399_5136978,125770,10/10/24,2024-2025,2:10 PM,0,0,0
67016775,67_67399_5136978,125821,10/14/24,2024-2025,9:00 AM,0,0,0
67016775,67_67399_5136978,126474,12/10/24,2024-2025,11:07 AM,0,0,1
67016777,67_67399_5136978,125178,8/22/24,2024-2025,10:20 AM,0,1,0
67016777,67_67399_5136978,125318,9/5/24,2024-2025,11:42 AM,0,1,0
67016777,67_67399_5136978,125425,9/12/24,2024-2025,10:31 AM,0,1,0
67016777,67_67399_5136978,125537,9/24/24,2024-2025,11:12 AM,0,0,1
67016777,67_67399_5136978,126254,11/18/24,2024-2025,2:02 PM,0,1,0
67016777,67_67399_5136978,128515,5/16/25,2024-2025,11:17 AM,0,2,0
67016780,67_67399_5136978,125483,9/18/24,2024-2025,12:20 PM,0,1,0
67016785,67_67399_5136978,126713,1/15/25,2024-2025,2:15 PM,0,0,1
67016785,67_67399_5136978,127055,2/5/25,2024-2025,1:52 PM,0,0,1
67016785,67_67399_5136978,127916,4/1/25,2024-2025,1:24 PM,0,1,1
67016785,67_67399_5136978,128104,4/11/25,2024-2025,12:02 PM,0,0,1
67016788,67_67399_5136978,126667,1/13/25,2024-2025,1:30 PM,0,1,0
67016788,67_67399_5136978,127262,2/19/25,2024-2025,12:00 PM,0,0,1
67016794,67_67399_5136978,128458,5/14/25,2024-2025,10:33 AM,0,0,1
67016798,67_67399_5136978,127549,3/10/25,2024-2025,10:57 AM,0,1,0
67016798,67_67399_5136978,127787,3/24/25,2024-2025,10:04 AM,0,0,1
67016799,67_67399_5136978,127227,2/14/25,2024-2025,1:28 PM,0,1,0
67016799,67_67399_5136978,128560,5/21/25,2024-2025,8:50 AM,0,2,0
67016805,67_67399_5136978,125735,10/9/24,2024-2025,12:23 PM,0,1,0
67016811,67_67399_5136978,126187,11/13/24,2024-2025,11:53 AM,0,3,0
67016811,67_67399_5136978,126196,11/13/24,2024-2025,1:44 PM,0,1,0
67016812,67_67399_5136978,126580,12/20/24,2024-2025,8:29 AM,0,0,1
67016812,67_67399_5136978,126600,1/7/25,2024-2025,11:00 AM,0,2,0
67016812,67_67399_5136978,126658,1/13/25,2024-2025,10:54 AM,0,0,1
67016812,67_67399_5136978,126898,1/29/25,2024-2025,9:33 AM,0,1,0
67016812,67_67399_5136978,127024,1/31/25,2024-2025,4:00 PM,2,0,0
67016812,67_67399_5136978,127750,3/20/25,2024-2025,1:51 PM,0,2,0
67016814,67_67399_5136978,125172,8/22/24,2024-2025,8:18 AM,0,1,0
67016814,67_67399_5136978,125266,8/29/24,2024-2025,2:00 PM,0,1,0
67016814,67_67399_5136978,125279,8/30/24,2024-2025,11:15 AM,0,1,0
67016814,67_67399_5136978,125286,8/30/24,2024-2025,1:59 PM,0,1,0
67016814,67_67399_5136978,125359,9/9/24,2024-2025,2:21 PM,0,1,0
67016814,67_67399_5136978,125514,9/20/24,2024-2025,2:29 PM,0,1,0
67016814,67_67399_5136978,125541,9/24/24,2024-2025,11:51 AM,0,0,1
67016814,67_67399_5136978,125559,9/25/24,2024-2025,2:46 PM,0,0,1
67016814,67_67399_5136978,125807,10/15/24,2024-2025,10:00 AM,0,1,0
67016814,67_67399_5136978,125991,10/29/24,2024-2025,1:37 PM,0,0,1
67016814,67_67399_5136978,126011,10/30/24,2024-2025,11:15 AM,0,0,1
67016814,67_67399_5136978,126230,11/15/24,2024-2025,10:54 AM,0,0,1
67016814,67_67399_5136978,126276,11/19/24,2024-2025,12:59 PM,0,0,1
67016814,67_67399_5136978,126430,12/5/24,2024-2025,11:33 AM,0,0,1
67016814,67_67399_5136978,126495,12/11/24,2024-2025,1:53 PM,0,0,1
67016814,67_67399_5136978,126511,12/12/24,2024-2025,12:06 PM,0,0,1
67016814,67_67399_5136978,126539,12/16/24,2024-2025,8:37 AM,0,2,1
67016814,67_67399_5136978,126766,1/17/25,2024-2025,1:20 PM,0,0,1
67016814,67_67399_5136978,127114,2/7/25,2024-2025,11:00 AM,0,0,1
67016814,67_67399_5136978,127109,2/7/25,2024-2025,10:01 AM,0,2,0
67016814,67_67399_5136978,127181,2/12/25,2024-2025,2:39 PM,0,2,0
67016814,67_67399_5136978,127533,3/7/25,2024-2025,9:12 AM,0,1,0
67016814,67_67399_5136978,127584,3/11/25,2024-2025,12:50 PM,0,1,0
67016814,67_67399_5136978,127595,3/11/25,2024-2025,12:00 PM,0,1,0
67016814,67_67399_5136978,127623,3/13/25,2024-2025,12:15 PM,0,1,0
67016814,67_67399_5136978,127800,3/24/25,2024-2025,11:34 PM,0,1,0
67016814,67_67399_5136978,127898,3/28/25,2024-2025,12:55 PM,0,0,0
67016814,67_67399_5136978,127899,3/28/25,2024-2025,1:50 PM,0,1,0
67016814,67_67399_5136978,127937,4/2/25,2024-2025,1:06 PM,0,0,0
67016814,67_67399_5136978,128006,4/7/25,2024-2025,12:00 PM,0,0,1
67016814,67_67399_5136978,128033,4/8/25,2024-2025,12:00 PM,0,0,0
67016814,67_67399_5136978,128264,4/16/25,2024-2025,4:00 PM,1,0,0
67016814,67_67399_5136978,128325,5/6/25,2024-2025,11:33 AM,0,0,1
67016814,67_67399_5136978,128347,5/7/25,2024-2025,9:51 AM,0,1,0
67016814,67_67399_5136978,128402,5/12/25,2024-2025,10:14 AM,0,0,1
67016814,67_67399_5136978,128410,5/12/25,2024-2025,1:30 PM,0,0,1
67016814,67_67399_5136978,128479,5/15/25,2024-2025,10:32 AM,0,1,0
67016814,67_67399_5136978,128533,5/19/25,2024-2025,11:55 AM,1,0,1
67016814,67_67399_5136978,128619,5/23/25,2024-2025,2:14 PM,0,1,1
67016816,67_67399_5136978,126100,11/6/24,2024-2025,11:10 AM,0,0,0
67016816,67_67399_5136978,126275,11/19/24,2024-2025,12:56 PM,0,0,1
67016816,67_67399_5136978,126908,1/29/25,2024-2025,10:57 AM,0,1,0
67016816,67_67399_5136978,127163,2/12/25,2024-2025,11:45 AM,0,1,0
67016816,67_67399_5136978,127796,3/24/25,2024-2025,1:15 PM,0,1,0
67016816,67_67399_5136978,128423,5/12/25,2024-2025,1:52 PM,0,1,0
67016817,67_67399_5136978,127901,3/28/25,2024-2025,1:48 PM,0,1,0
67016817,67_67399_5136978,128005,4/7/25,2024-2025,12:00 PM,0,1,0
67016818,67_67399_5136978,126617,1/8/25,2024-2025,10:22 AM,0,0,0
67016823,67_67399_5136978,126820,1/23/25,2024-2025,2:12 PM,0,1,0
67016825,67_67399_5136978,126025,10/31/24,2024-2025,10:44 AM,0,0,1
67016825,67_67399_5136978,126666,1/13/25,2024-2025,1:30 PM,0,1,0
67016825,67_67399_5136978,127843,3/26/25,2024-2025,11:50 AM,0,2,0
67016825,67_67399_5136978,128077,4/10/25,2024-2025,10:45 AM,0,1,0
67016825,67_67399_5136978,128232,4/28/25,2024-2025,1:07 PM,2,0,0
67016826,67_67399_5136978,127127,2/7/25,2024-2025,3:21 PM,0,0,0
67016829,67_67399_5136978,126880,1/28/25,2024-2025,11:27 AM,0,1,0
67016830,67_67399_5136978,125426,9/12/24,2024-2025,10:20 AM,0,1,0
67016830,67_67399_5136978,125463,9/16/24,2024-2025,12:30 AM,0,1,0
67016830,67_67399_5136978,125511,9/20/24,2024-2025,1:31 PM,0,0,1
67016830,67_67399_5136978,125558,9/25/24,2024-2025,2:42 PM,0,0,1
67016830,67_67399_5136978,126265,11/19/24,2024-2025,9:47 AM,0,0,1
67016830,67_67399_5136978,126483,12/11/24,2024-2025,8:55 AM,0,0,1
67016830,67_67399_5136978,126640,1/9/25,2024-2025,2:29 PM,0,1,0
67016830,67_67399_5136978,126657,1/13/25,2024-2025,10:51 AM,0,0,1
67016830,67_67399_5136978,127107,2/6/25,2024-2025,4:00 PM,0,0,0
67016830,67_67399_5136978,127422,3/3/25,2024-2025,8:30 AM,0,1,0
67016830,67_67399_5136978,127608,3/12/25,2024-2025,2:44 PM,0,1,1
67016830,67_67399_5136978,127662,3/14/25,2024-2025,1:51 PM,0,2,0
67016830,67_67399_5136978,127690,3/17/25,2024-2025,3:59 PM,0,0,1
67016830,67_67399_5136978,127762,3/21/25,2024-2025,9:02 AM,0,0,1
67016830,67_67399_5136978,128476,5/15/25,2024-2025,10:29 AM,0,1,1
67016830,67_67399_5136978,128510,5/16/25,2024-2025,9:58 AM,0,0,1
67016830,67_67399_5136978,128527,5/19/25,2024-2025,8:44 AM,0,0,1
67016830,67_67399_5136978,128636,5/27/25,2024-2025,11:56 AM,0,2,0
67016833,67_67399_5136978,127017,1/31/25,2024-2025,4:00 PM,2,0,0
67016839,67_67399_5136978,125653,10/3/24,2024-2025,12:00 PM,0,1,0
67016839,67_67399_5136978,125680,10/4/24,2024-2025,11:00 AM,0,0,0
67016839,67_67399_5136978,126142,11/8/24,2024-2025,9:40 AM,0,2,0
67016839,67_67399_5136978,126485,12/11/24,2024-2025,9:11 AM,0,1,0
67016839,67_67399_5136978,126655,1/13/25,2024-2025,10:41 AM,0,0,1
67016839,67_67399_5136978,128046,4/9/25,2024-2025,9:40 AM,2,0,0
67016841,67_67399_5136978,125702,10/7/24,2024-2025,1:04 PM,0,1,0
67016841,67_67399_5136978,127301,2/21/25,2024-2025,11:45 AM,0,0,0
67016850,67_67399_5136978,125798,10/14/24,2024-2025,1:11 PM,0,0,0
67016853,67_67399_5136978,125931,10/24/24,2024-2025,8:58 AM,0,1,0
67016859,67_67399_5136978,126814,1/23/25,2024-2025,11:53 AM,0,1,0
67016870,67_67399_5136978,126619,1/8/25,2024-2025,1:25 PM,0,1,0
67016870,67_67399_5136978,126645,1/10/25,2024-2025,11:09 AM,0,0,1
67016870,67_67399_5136978,126779,1/22/25,2024-2025,1:31 PM,0,3,0
67016870,67_67399_5136978,127219,2/14/25,2024-2025,11:18 AM,0,1,0
67016870,67_67399_5136978,127320,2/24/25,2024-2025,10:10 AM,0,1,0
67016870,67_67399_5136978,127651,3/14/25,2024-2025,10:55 AM,0,0,1
67016870,67_67399_5136978,127824,3/25/25,2024-2025,1:18 PM,0,0,1
67016870,67_67399_5136978,127935,4/2/25,2024-2025,1:15 PM,0,0,1
67016876,67_67399_5136978,126447,12/6/24,2024-2025,1:51 PM,0,1,0
67016876,67_67399_5136978,128444,5/13/25,2024-2025,12:50 PM,0,1,0
67016879,67_67399_5136978,125378,9/10/24,2024-2025,10:20 AM,0,1,0
67016879,67_67399_5136978,125850,10/17/24,2024-2025,10:02 AM,0,1,0
67016879,67_67399_5136978,126875,1/28/25,2024-2025,10:55 AM,0,1,0
67016879,67_67399_5136978,127476,3/5/25,2024-2025,10:57 AM,0,1,0
67016879,67_67399_5136978,128026,4/8/25,2024-2025,10:38 AM,0,1,0
67016884,67_67399_5136978,127074,1/29/25,2024-2025,11:00 AM,0,1,1
67016886,67_67399_5136978,126518,12/12/24,2024-2025,2:55 PM,0,1,0
67016886,67_67399_5136978,127362,2/25/25,2024-2025,1:07 PM,0,1,0
67016886,67_67399_5136978,127448,3/4/25,2024-2025,8:34 AM,0,1,0
67016886,67_67399_5136978,127911,4/1/25,2024-2025,9:05 AM,0,1,0
67016886,67_67399_5136978,128457,5/14/25,2024-2025,10:35 AM,0,1,0
67016886,67_67399_5136978,128506,5/16/25,2024-2025,8:58 AM,0,1,0
67016890,67_67399_5136978,127153,2/11/25,2024-2025,1:35 PM,0,0,0
67016900,67_67399_5136978,127128,2/7/25,2024-2025,10:00 AM,0,0,0
67016916,67_67399_5136978,125550,9/25/24,2024-2025,8:21 AM,0,1,0
67016916,67_67399_5136978,126441,12/6/24,2024-2025,9:48 AM,0,0,1
67016916,67_67399_5136978,126848,1/24/25,2024-2025,12:16 PM,0,0,1
67016916,67_67399_5136978,127005,2/3/25,2024-2025,2:32 PM,0,0,0
67016919,67_67399_5136978,126253,11/18/24,2024-2025,11:58 AM,0,1,0
67016919,67_67399_5136978,127944,4/3/25,2024-2025,8:57 AM,0,1,0
67016919,67_67399_5136978,128108,4/11/25,2024-2025,1:20 PM,0,1,0
67016919,67_67399_5136978,128546,5/20/25,2024-2025,9:54 AM,0,1,0
67016922,67_67399_5136978,125311,8/28/24,2024-2025,12:00 PM,2,0,0
67016924,67_67399_5136978,125734,10/9/24,2024-2025,12:01 PM,0,1,0
67016924,67_67399_5136978,127145,2/7/25,2024-2025,11:39 AM,0,0,0
67016932,67_67399_5136978,125435,9/12/24,2024-2025,1:10 PM,0,1,0
67016932,67_67399_5136978,125577,9/26/24,2024-2025,1:20 PM,0,1,0
67016932,67_67399_5136978,126653,1/13/25,2024-2025,10:27 AM,0,0,1
67016932,67_67399_5136978,127423,3/3/25,2024-2025,8:33 AM,0,1,0
67016932,67_67399_5136978,127561,3/11/25,2024-2025,8:08 AM,0,1,0
67016932,67_67399_5136978,128509,5/16/25,2024-2025,9:55 AM,0,0,1
67016933,67_67399_5136978,128031,4/8/25,2024-2025,11:48 AM,0,1,0
67016944,67_67399_5136978,128390,5/9/25,2024-2025,10:30 AM,0,1,0
67016945,67_67399_5136978,126210,11/14/24,2024-2025,11:10 AM,0,2,0
67016945,67_67399_5136978,126595,1/6/25,2024-2025,2:39 PM,0,2,0
67016947,67_67399_5136978,128269,5/1/25,2024-2025,11:14 AM,0,1,0
67016949,67_67399_5136978,125979,10/29/24,2024-2025,10:52 AM,0,0,1
67016950,67_67399_5136978,125464,9/16/24,2024-2025,12:30 PM,0,1,0
67016950,67_67399_5136978,126991,1/31/25,2024-2025,2:00 PM,0,0,1
67016985,67_67399_5136978,127010,2/4/25,2024-2025,8:36 AM,0,1,0
67016986,67_67399_5136978,125914,10/23/24,2024-2025,11:56 AM,0,2,0
67016986,67_67399_5136978,128096,4/11/25,2024-2025,10:16 AM,0,0,1
67016988,67_67399_5136978,125690,10/4/24,2024-2025,10:54 AM,0,1,0
67016988,67_67399_5136978,126710,1/15/25,2024-2025,1:23 PM,0,0,1
67016989,67_67399_5136978,126926,1/29/25,2024-2025,1:36 PM,0,1,0
67016990,67_67399_5136978,127942,4/2/25,2024-2025,2:29 PM,0,0,1
67016992,67_67399_5136978,127018,2/4/25,2024-2025,10:44 AM,0,1,0
67016992,67_67399_5136978,127264,2/19/25,2024-2025,1:32 PM,0,2,0
67016992,67_67399_5136978,127509,3/6/25,2024-2025,12:03 PM,0,1,0
67016996,67_67399_5136978,126733,1/16/25,2024-2025,11:59 AM,0,1,0
67016996,67_67399_5136978,127265,2/19/25,2024-2025,1:35 PM,0,1,0
67016996,67_67399_5136978,127678,3/17/25,2024-2025,11:37 AM,0,2,0
67016999,67_67399_5136978,125375,9/10/24,2024-2025,10:06 AM,0,1,0
67016999,67_67399_5136978,126557,12/17/24,2024-2025,11:48 AM,0,2,0
67016999,67_67399_5136978,126665,1/13/25,2024-2025,1:57 PM,0,1,0
67016999,67_67399_5136978,126702,1/15/25,2024-2025,10:03 AM,0,2,0
67016999,67_67399_5136978,128296,5/2/25,2024-2025,1:17 PM,0,2,0
67016999,67_67399_5136978,128540,5/19/25,2024-2025,2:30 PM,0,2,0
67016999,67_67399_5136978,128565,5/21/25,2024-2025,10:15 AM,0,1,1
67017011,67_67399_5136978,125535,9/23/24,2024-2025,3:32 PM,0,0,1
67017011,67_67399_5136978,125693,10/7/24,2024-2025,10:22 AM,0,0,1
67017011,67_67399_5136978,126226,11/15/24,2024-2025,9:46 AM,0,1,0
67017011,67_67399_5136978,126390,12/3/24,2024-2025,8:35 AM,0,1,0
67017011,67_67399_5136978,126559,12/17/24,2024-2025,1:31 PM,0,0,1
67017011,67_67399_5136978,127143,2/11/25,2024-2025,11:17 AM,0,1,0
67017011,67_67399_5136978,127173,2/12/25,2024-2025,1:00 PM,0,0,1
67017011,67_67399_5136978,128250,4/30/25,2024-2025,12:12 PM,0,1,0
67017011,67_67399_5136978,128413,5/12/25,2024-2025,1:39 PM,0,0,1
67017011,67_67399_5136978,128534,5/19/25,2024-2025,12:00 PM,0,0,1
67017011,67_67399_5136978,128566,5/21/25,2024-2025,10:42 AM,0,1,0
67017012,67_67399_5136978,125184,8/23/24,2024-2025,1:15 PM,0,1,0
67017012,67_67399_5136978,127164,2/12/25,2024-2025,12:03 PM,0,1,0
67017014,67_67399_5136978,125236,8/28/24,2024-2025,1:00 PM,0,0,0
67017015,67_67399_5136978,127703,3/18/25,2024-2025,1:12 PM,0,0,0
67017015,67_67399_5136978,128009,4/7/25,2024-2025,2:56 PM,0,1,0
67017015,67_67399_5136978,128020,4/8/25,2024-2025,9:31 AM,0,0,1
67017019,67_67399_5136978,125588,9/27/24,2024-2025,1:56 PM,0,1,0
67017019,67_67399_5136978,126656,1/13/25,2024-2025,10:44 AM,0,0,1
67017019,67_67399_5136978,128477,5/15/25,2024-2025,10:32 AM,0,1,0
67017019,67_67399_5136978,128478,5/15/25,2024-2025,10:34 AM,0,0,1
67017019,67_67399_5136978,128528,5/19/25,2024-2025,9:24 AM,0,1,0
67017022,67_67399_5136978,127363,2/25/25,2024-2025,1:11 PM,0,1,0
67017023,67_67399_5136978,127578,3/11/25,2024-2025,12:53 PM,0,0,1
67017026,67_67399_5136978,126227,11/15/24,2024-2025,9:52 AM,0,2,0
67017032,67_67399_5136978,125297,8/28/24,2024-2025,12:00 PM,2,0,0
67017032,67_67399_5136978,125596,9/30/24,2024-2025,11:42 AM,0,1,0
67017032,67_67399_5136978,128265,5/1/25,2024-2025,10:30 AM,0,1,0
67017032,67_67399_5136978,128660,5/29/25,2024-2025,11:30 AM,0,0,0
67017035,67_67399_5136978,126877,1/27/25,2024-2025,11:00 AM,0,1,0
67017038,67_67399_5136978,125417,9/12/24,2024-2025,8:20 AM,0,0,1
67017038,67_67399_5136978,125912,10/23/24,2024-2025,11:23 AM,0,1,0
67017039,67_67399_5136978,126937,1/29/25,2024-2025,12:10 PM,0,0,0
67017040,67_67399_5136978,127147,2/11/25,2024-2025,12:15 PM,0,1,0
67017054,67_67399_5136978,128613,5/23/25,2024-2025,11:35 AM,0,0,1
67017070,67_67399_5136978,126218,11/14/24,2024-2025,1:35 PM,0,1,0
67017070,67_67399_5136978,127508,3/6/25,2024-2025,12:01 PM,0,1,0
67017070,67_67399_5136978,127554,3/10/25,2024-2025,11:51 AM,0,1,0
67017070,67_67399_5136978,127650,3/14/25,2024-2025,10:52 AM,0,0,1
67017070,67_67399_5136978,128099,4/11/25,2024-2025,10:42 AM,0,1,0
67017070,67_67399_5136978,128098,4/11/25,2024-2025,10:42 AM,0,1,0
67017073,67_67399_5136978,125347,9/6/24,2024-2025,1:15 PM,0,1,0
67017073,67_67399_5136978,128280,5/1/25,2024-2025,2:29 PM,0,1,0
67017074,67_67399_5136978,127618,3/13/25,2024-2025,10:23 AM,0,2,0
67017075,67_67399_5136978,125349,9/6/24,2024-2025,2:07 PM,0,1,0
67017075,67_67399_5136978,125903,10/22/24,2024-2025,12:24 PM,0,0,1
67017075,67_67399_5136978,126628,1/9/25,2024-2025,11:01 AM,0,1,0
67017075,67_67399_5136978,127279,2/20/25,2024-2025,11:07 AM,0,0,1
67017077,67_67399_5136978,126896,1/27/25,2024-2025,11:00 AM,0,1,0
67017077,67_67399_5136978,128268,4/16/25,2024-2025,4:00 PM,0,0,1
67017082,67_67399_5136978,126995,2/3/25,2024-2025,10:19 AM,0,1,0
67017082,67_67399_5136978,127296,2/21/25,2024-2025,11:10 AM,0,2,0
67017082,67_67399_5136978,127840,3/26/25,2024-2025,11:26 AM,0,0,1
67017086,67_67399_5136978,128480,5/15/25,2024-2025,10:38 AM,0,1,0
67017089,67_67399_5136978,127794,3/24/25,2024-2025,12:00 PM,0,1,0
67017092,67_67399_5136978,125325,8/21/24,2024-2025,10:15 AM,0,0,1
67017092,67_67399_5136978,125175,8/22/24,2024-2025,12:48 PM,0,1,0
67017092,67_67399_5136978,125326,8/22/24,2024-2025,10:00 AM,0,0,1
67017092,67_67399_5136978,125186,8/23/24,2024-2025,12:00 PM,3,0,0
67017092,67_67399_5136978,125306,9/4/24,2024-2025,2:18 PM,0,3,0
67017092,67_67399_5136978,125324,9/4/24,2024-2025,2:35 PM,0,0,1
67017092,67_67399_5136978,125322,9/5/24,2024-2025,12:50 PM,0,0,1
67017092,67_67399_5136978,125333,9/5/24,2024-2025,1:00 PM,0,0,1
67017092,67_67399_5136978,125335,9/5/24,2024-2025,2:00 PM,0,0,0
67017092,67_67399_5136978,125407,9/11/24,2024-2025,12:19 PM,0,1,0
67017092,67_67399_5136978,125498,9/19/24,2024-2025,12:45 PM,0,1,0
67017092,67_67399_5136978,125534,9/24/24,2024-2025,8:21 AM,0,0,1
67017092,67_67399_5136978,125566,9/26/24,2024-2025,9:59 AM,0,1,0
67017092,67_67399_5136978,125587,9/27/24,2024-2025,1:48 PM,0,2,0
67017092,67_67399_5136978,125605,9/30/24,2024-2025,1:30 AM,1,0,0
67017092,67_67399_5136978,125641,10/2/24,2024-2025,12:30 PM,0,1,0
67017095,67_67399_5136978,126043,11/1/24,2024-2025,10:15 AM,0,2,0
67017095,67_67399_5136978,126711,1/15/25,2024-2025,1:29 PM,0,1,0
67017097,67_67399_5136978,127945,4/3/25,2024-2025,9:11 AM,0,0,0
67017098,67_67399_5136978,125611,10/1/24,2024-2025,10:54 AM,0,0,1
67017098,67_67399_5136978,125919,10/23/24,2024-2025,1:39 PM,0,1,0
67017098,67_67399_5136978,125946,10/25/24,2024-2025,9:21 AM,0,1,1
67017098,67_67399_5136978,125986,10/29/24,2024-2025,1:05 PM,0,0,0
67017098,67_67399_5136978,126002,10/30/24,2024-2025,8:33 AM,0,1,0
67017098,67_67399_5136978,126111,11/6/24,2024-2025,1:50 PM,0,0,1
67017098,67_67399_5136978,126137,11/7/24,2024-2025,12:30 PM,0,1,0
67017098,67_67399_5136978,126342,11/21/24,2024-2025,3:08 PM,0,0,1
67017098,67_67399_5136978,126363,11/22/24,2024-2025,2:52 PM,0,1,0
67017098,67_67399_5136978,126409,12/4/24,2024-2025,10:36 AM,0,1,0
67017098,67_67399_5136978,126470,12/9/24,2024-2025,1:18 PM,0,1,0
67017098,67_67399_5136978,126494,12/11/24,2024-2025,1:37 PM,0,1,0
67017098,67_67399_5136978,126521,12/13/24,2024-2025,8:42 AM,0,1,0
67017098,67_67399_5136978,126648,1/10/25,2024-2025,1:11 PM,0,2,0
67017098,67_67399_5136978,126719,1/15/25,2024-2025,2:00 PM,0,0,0
67017098,67_67399_5136978,126703,1/15/25,2024-2025,10:07 AM,0,1,0
67017098,67_67399_5136978,126699,1/15/25,2024-2025,9:13 AM,0,1,0
67017098,67_67399_5136978,126720,1/15/25,2024-2025,2:00 PM,0,0,0
67017098,67_67399_5136978,126732,1/16/25,2024-2025,10:00 AM,0,0,0
67017098,67_67399_5136978,126751,1/16/25,2024-2025,1:30 PM,0,0,1
67017098,67_67399_5136978,126767,1/16/25,2024-2025,2:00 PM,1,0,1
67017098,67_67399_5136978,126745,1/16/25,2024-2025,2:51 PM,0,1,0
67017098,67_67399_5136978,126833,1/24/25,2024-2025,10:34 AM,0,1,0
67017098,67_67399_5136978,126902,1/29/25,2024-2025,9:45 AM,0,0,1
67017098,67_67399_5136978,126950,1/30/25,2024-2025,1:17 PM,0,1,0
67017098,67_67399_5136978,127009,2/3/25,2024-2025,6:11 PM,0,0,1
67017098,67_67399_5136978,126993,2/3/25,2024-2025,9:08 AM,0,2,0
67017098,67_67399_5136978,127124,2/7/25,2024-2025,1:00 PM,0,1,0
67017098,67_67399_5136978,127157,2/12/25,2024-2025,8:55 AM,0,1,0
67017098,67_67399_5136978,127171,2/12/25,2024-2025,1:31 PM,0,0,1
67017098,67_67399_5136978,127551,3/10/25,2024-2025,11:07 AM,0,1,0
67017098,67_67399_5136978,127696,3/18/25,2024-2025,9:45 AM,0,1,0
67017098,67_67399_5136978,127766,3/21/25,2024-2025,10:17 AM,0,1,0
67017098,67_67399_5136978,127822,3/25/25,2024-2025,12:42 PM,0,0,1
67017098,67_67399_5136978,127836,3/26/25,2024-2025,9:45 AM,0,0,1
67017098,67_67399_5136978,127897,3/28/25,2024-2025,1:21 PM,0,1,0
67017098,67_67399_5136978,128348,5/7/25,2024-2025,9:59 AM,0,1,0
67017098,67_67399_5136978,128608,5/23/25,2024-2025,10:57 AM,0,0,1
67017099,67_67399_5136978,127315,2/20/25,2024-2025,11:32 AM,0,0,1
67017103,67_67399_5136978,127571,3/11/25,2024-2025,10:30 AM,0,0,0
67017104,67_67399_5136978,127037,2/5/25,2024-2025,8:46 AM,0,1,1
67017104,67_67399_5136978,127704,3/18/25,2024-2025,1:31 PM,0,1,0
67017105,67_67399_5136978,128209,4/28/25,2024-2025,1:21 PM,0,1,0
67017106,67_67399_5136978,126536,12/16/24,2024-2025,8:39 AM,0,1,0
67017106,67_67399_5136978,126920,1/29/25,2024-2025,12:58 PM,0,0,1
67017109,67_67399_5136978,126488,12/11/24,2024-2025,10:35 AM,0,1,0
67017112,67_67399_5136978,126816,1/23/25,2024-2025,12:30 PM,0,1,0
67017113,67_67399_5136978,127067,2/6/25,2024-2025,8:55 AM,0,1,0
67017113,67_67399_5136978,127159,2/12/25,2024-2025,9:23 AM,0,1,0
67017113,67_67399_5136978,127714,3/18/25,2024-2025,10:37 AM,0,1,0
67017119,67_67399_5136978,125965,10/28/24,2024-2025,12:26 PM,0,1,0
67017119,67_67399_5136978,128351,5/7/25,2024-2025,10:40 AM,0,1,0
67017129,67_67399_5136978,126493,12/11/24,2024-2025,1:36 PM,0,1,0
67017130,67_67399_5136978,127506,3/6/25,2024-2025,11:31 AM,0,0,1
67017133,67_67399_5136978,125563,9/26/24,2024-2025,8:33 AM,0,1,0
67017133,67_67399_5136978,128129,4/14/25,2024-2025,12:50 PM,0,1,0
67017134,67_67399_5136978,125215,8/27/24,2024-2025,12:30 PM,0,1,0
67017134,67_67399_5136978,127311,2/21/25,2024-2025,1:56 PM,0,1,0
67017134,67_67399_5136978,127469,3/5/25,2024-2025,8:57 AM,0,1,0
67017134,67_67399_5136978,127567,3/11/25,2024-2025,10:04 AM,0,1,0
67017134,67_67399_5136978,127568,3/11/25,2024-2025,10:04 AM,0,1,0
67017135,67_67399_5136978,126432,12/5/24,2024-2025,12:42 PM,0,1,0
67017135,67_67399_5136978,126478,12/10/24,2024-2025,12:53 PM,0,0,0
67017135,67_67399_5136978,126542,12/16/24,2024-2025,10:19 AM,0,0,1
67017135,67_67399_5136978,126550,12/17/24,2024-2025,9:34 AM,0,0,1
67017135,67_67399_5136978,126686,1/14/25,2024-2025,11:00 AM,0,1,0
67017135,67_67399_5136978,126837,1/24/25,2024-2025,11:02 AM,0,0,1
67017135,67_67399_5136978,126889,1/28/25,2024-2025,1:17 PM,0,1,0
67017135,67_67399_5136978,127712,3/19/25,2024-2025,9:44 AM,0,1,0
67017137,67_67399_5136978,125181,8/23/24,2024-2025,8:10 AM,0,0,0
67017137,67_67399_5136978,126376,11/21/24,2024-2025,4:16 PM,0,0,0
67017141,67_67399_5136978,125370,9/10/24,2024-2025,8:03 AM,0,1,0
67017141,67_67399_5136978,125416,9/12/24,2024-2025,8:06 AM,0,1,0
67017141,67_67399_5136978,126404,11/21/24,2024-2025,4:34 PM,0,0,0
67017147,67_67399_5136978,126146,11/8/24,2024-2025,11:29 AM,0,1,0
67017147,67_67399_5136978,126900,1/29/25,2024-2025,10:11 AM,0,0,1
67017147,67_67399_5136978,127924,4/2/25,2024-2025,9:27 AM,0,1,0
67017147,67_67399_5136978,128118,4/14/25,2024-2025,9:07 AM,0,1,0
67017151,67_67399_5136978,126496,12/11/24,2024-2025,1:55 PM,0,1,0
67017151,67_67399_5136978,127172,2/12/25,2024-2025,1:33 PM,0,0,1
67017151,67_67399_5136978,127297,2/21/25,2024-2025,11:26 AM,0,1,0
67017151,67_67399_5136978,128120,4/14/25,2024-2025,11:03 AM,0,1,0
67017151,67_67399_5136978,128327,5/6/25,2024-2025,12:00 PM,0,1,0
67017151,67_67399_5136978,128648,5/28/25,2024-2025,10:59 AM,0,1,0
67017160,67_67399_5136978,125642,10/2/24,2024-2025,2:30 PM,0,1,0
67017160,67_67399_5136978,125896,10/22/24,2024-2025,9:56 AM,0,2,0
67017160,67_67399_5136978,126456,12/9/24,2024-2025,9:50 AM,0,1,0
67017160,67_67399_5136978,127068,2/6/25,2024-2025,9:02 AM,0,1,0
67017160,67_67399_5136978,127104,2/7/25,2024-2025,8:22 AM,0,0,1
67017160,67_67399_5136978,127130,2/11/25,2024-2025,8:26 AM,0,1,1
67017166,67_67399_5136978,126659,1/13/25,2024-2025,10:57 AM,0,0,1
67017166,67_67399_5136978,126910,1/29/25,2024-2025,11:03 AM,0,0,1
67017173,67_67399_5136978,125410,9/11/24,2024-2025,1:33 PM,0,1,0
67017173,67_67399_5136978,126128,11/7/24,2024-2025,1:58 PM,0,0,1
67017173,67_67399_5136978,126345,11/21/24,2024-2025,4:34 PM,0,0,0
67017173,67_67399_5136978,126620,1/8/25,2024-2025,2:35 PM,0,1,0
67017173,67_67399_5136978,126662,1/13/25,2024-2025,12:56 PM,0,1,0
67017173,67_67399_5136978,126738,1/16/25,2024-2025,1:24 PM,0,2,0
67017173,67_67399_5136978,127622,3/13/25,2024-2025,1:18 PM,0,0,1
67017173,67_67399_5136978,127849,3/26/25,2024-2025,1:19 PM,0,0,1
67017173,67_67399_5136978,127896,3/28/25,2024-2025,12:38 PM,0,0,1
67017173,67_67399_5136978,128016,4/8/25,2024-2025,9:10 AM,0,0,1
67017173,67_67399_5136978,128258,4/30/25,2024-2025,2:11 PM,0,1,0
67017173,67_67399_5136978,128620,5/23/25,2024-2025,12:30 PM,0,0,1
67017174,67_67399_5136978,125492,9/19/24,2024-2025,12:04 PM,0,0,0
67017174,67_67399_5136978,126440,12/5/24,2024-2025,2:32 PM,0,1,0
67017174,67_67399_5136978,126741,1/16/25,2024-2025,12:30 PM,0,1,0
67017174,67_67399_5136978,126827,1/24/25,2024-2025,8:15 AM,0,0,1
67017174,67_67399_5136978,127383,2/26/25,2024-2025,12:50 PM,0,1,0
67017174,67_67399_5136978,127550,3/10/25,2024-2025,11:07 AM,0,1,0
67017174,67_67399_5136978,128079,4/10/25,2024-2025,11:22 AM,0,1,0
67017174,67_67399_5136978,128106,4/11/25,2024-2025,12:12 PM,0,1,0
67017174,67_67399_5136978,128151,4/15/25,2024-2025,11:54 AM,0,1,0
67017175,67_67399_5136978,125890,10/21/24,2024-2025,2:00 PM,0,1,0
67017178,67_67399_5136978,125409,9/11/24,2024-2025,1:27 PM,0,1,0
67017178,67_67399_5136978,125685,10/4/24,2024-2025,1:45 PM,0,1,0
67017178,67_67399_5136978,126434,12/5/24,2024-2025,1:01 PM,0,1,0
67017178,67_67399_5136978,126850,1/24/25,2024-2025,12:31 PM,0,1,0
67017178,67_67399_5136978,126943,1/30/25,2024-2025,9:45 AM,0,0,0
67017181,67_67399_5136978,126433,12/5/24,2024-2025,12:58 PM,0,1,0
67017181,67_67399_5136978,127481,3/3/25,2024-2025,10:00 AM,0,0,1
67017188,67_67399_5136978,127247,2/18/25,2024-2025,10:37 AM,0,0,1
67017190,67_67399_5136978,125655,10/3/24,2024-2025,1:10 PM,0,0,1
67017191,67_67399_5136978,126512,12/12/24,2024-2025,12:40 PM,0,1,0
67017196,67_67399_5136978,126723,1/16/25,2024-2025,9:45 AM,0,1,0
67017197,67_67399_5136978,125597,9/30/24,2024-2025,12:29 PM,0,1,0
67017197,67_67399_5136978,126868,1/28/25,2024-2025,10:02 AM,0,1,0
67017199,67_67399_5136978,127857,3/26/25,2024-2025,11:17 AM,0,1,0
67017200,67_67399_5136978,126528,12/13/24,2024-2025,1:51 PM,0,1,0
67017201,67_67399_5136978,125437,9/12/24,2024-2025,1:22 PM,0,1,0
67017208,67_67399_5136978,126290,11/20/24,2024-2025,9:17 AM,0,1,0
67017208,67_67399_5136978,127140,2/11/25,2024-2025,10:53 AM,0,0,1
67017210,67_67399_5136978,127149,2/11/25,2024-2025,12:16 PM,0,0,1
67017223,67_67399_5136978,126084,11/5/24,2024-2025,1:02 PM,0,1,0
67017227,67_67399_5136978,125974,10/29/24,2024-2025,8:30 AM,0,1,0
67017228,67_67399_5136978,126871,1/28/25,2024-2025,10:20 AM,0,1,0
67017228,67_67399_5136978,126872,1/28/25,2024-2025,10:20 AM,0,1,0
67017229,67_67399_5136978,125747,10/9/24,2024-2025,2:28 PM,0,1,0
67017230,67_67399_5136978,126122,11/7/24,2024-2025,12:52 PM,0,0,1
67017230,67_67399_5136978,126579,12/19/24,2024-2025,1:28 PM,0,1,0
67017230,67_67399_5136978,127364,2/25/25,2024-2025,1:19 PM,0,0,1
67017230,67_67399_5136978,127779,3/21/25,2024-2025,2:30 PM,0,1,0
67017230,67_67399_5136978,127893,3/28/25,2024-2025,12:00 PM,0,0,1
67017234,67_67399_5136978,126734,1/16/25,2024-2025,12:44 PM,0,1,0
67017234,67_67399_5136978,127099,2/6/25,2024-2025,2:50 PM,0,1,0
67017234,67_67399_5136978,127530,3/7/25,2024-2025,8:17 AM,0,1,0
67017234,67_67399_5136978,127878,3/27/25,2024-2025,12:28 PM,0,1,0
67017234,67_67399_5136978,127870,3/27/25,2024-2025,11:00 AM,0,0,1
67017234,67_67399_5136978,127968,4/3/25,2024-2025,1:46 PM,0,1,0
67017234,67_67399_5136978,128282,5/1/25,2024-2025,12:40 PM,0,1,0
67017234,67_67399_5136978,128357,5/7/25,2024-2025,12:41 PM,0,1,0
67017234,67_67399_5136978,128406,5/12/25,2024-2025,11:08 AM,0,1,0
67017234,67_67399_5136978,128532,5/19/25,2024-2025,11:03 AM,0,0,1
67017235,67_67399_5136978,127339,2/24/25,2024-2025,1:22 PM,0,1,0
67017238,67_67399_5136978,126639,1/9/25,2024-2025,2:28 PM,0,1,0
67017239,67_67399_5136978,127647,3/14/25,2024-2025,9:58 AM,0,0,1
67017249,67_67399_5136978,125191,8/23/24,2024-2025,12:00 PM,3,0,0
67017249,67_67399_5136978,125316,9/5/24,2024-2025,11:35 AM,0,1,0
67017249,67_67399_5136978,125701,10/7/24,2024-2025,12:48 PM,0,1,0
67017249,67_67399_5136978,125834,10/16/24,2024-2025,1:13 PM,0,1,0
67017249,67_67399_5136978,126802,1/23/25,2024-2025,9:25 AM,0,0,1
67017249,67_67399_5136978,127213,2/14/25,2024-2025,10:03 AM,0,1,0
67017249,67_67399_5136978,127848,3/26/25,2024-2025,12:31 PM,0,1,0
67017249,67_67399_5136978,127982,4/1/25,2024-2025,9:30 AM,2,0,0
67017259,67_67399_5136978,125553,9/25/24,2024-2025,11:47 AM,0,0,1
67017259,67_67399_5136978,126869,1/28/25,2024-2025,10:03 AM,0,1,0
67017259,67_67399_5136978,127001,2/3/25,2024-2025,12:30 PM,0,0,1
67017260,67_67399_5136978,125645,10/3/24,2024-2025,10:21 AM,0,1,0
67017267,67_67399_5136978,125251,8/29/24,2024-2025,8:00 AM,1,0,1
67017267,67_67399_5136978,125449,9/12/24,2024-2025,4:00 PM,5,0,0
67017267,67_67399_5136978,125857,10/17/24,2024-2025,12:30 PM,2,0,0
67017267,67_67399_5136978,127011,1/31/25,2024-2025,4:00 PM,5,0,0
67017275,67_67399_5136978,126350,11/22/24,2024-2025,10:27 AM,0,1,0
67017275,67_67399_5136978,126631,1/9/25,2024-2025,1:20 PM,0,1,0
67017275,67_67399_5136978,127610,3/12/25,2024-2025,2:40 PM,0,0,1
67017276,67_67399_5136978,126819,1/23/25,2024-2025,1:20 PM,0,1,0
67017276,67_67399_5136978,127470,3/5/25,2024-2025,8:59 AM,0,1,0
67017281,67_67399_5136978,125434,9/12/24,2024-2025,1:13 PM,0,1,0
67017282,67_67399_5136978,127425,3/3/25,2024-2025,9:37 AM,0,1,0
67017287,67_67399_5136978,126055,11/1/24,2024-2025,1:04 PM,0,0,1
67017290,67_67399_5136978,125402,9/11/24,2024-2025,10:34 AM,0,0,1
67017290,67_67399_5136978,125649,10/3/24,2024-2025,11:01 AM,0,0,1
67017290,67_67399_5136978,125709,10/7/24,2024-2025,1:48 PM,0,1,0
67017290,67_67399_5136978,125894,10/21/24,2024-2025,9:03 AM,0,0,1
67017290,67_67399_5136978,126006,10/30/24,2024-2025,9:52 AM,0,1,0
67017290,67_67399_5136978,126082,11/5/24,2024-2025,10:24 AM,0,0,1
67017290,67_67399_5136978,126152,11/8/24,2024-2025,2:17 PM,0,1,0
67017290,67_67399_5136978,126383,12/2/24,2024-2025,2:20 PM,0,0,1
67017290,67_67399_5136978,126444,12/6/24,2024-2025,10:46 AM,0,1,0
67017290,67_67399_5136978,126465,12/9/24,2024-2025,1:40 PM,0,1,0
67017290,67_67399_5136978,126516,12/12/24,2024-2025,1:20 PM,0,1,0
67017290,67_67399_5136978,126661,1/13/25,2024-2025,11:05 AM,0,0,1
67017290,67_67399_5136978,126771,1/21/25,2024-2025,12:12 PM,0,0,1
67017290,67_67399_5136978,127071,2/6/25,2024-2025,10:47 AM,0,0,1
67017290,67_67399_5136978,127349,2/25/25,2024-2025,10:39 AM,0,1,0
67017290,67_67399_5136978,127562,3/11/25,2024-2025,8:25 AM,0,0,1
67017290,67_67399_5136978,127648,3/14/25,2024-2025,10:13 AM,0,0,1
67017290,67_67399_5136978,127721,3/19/25,2024-2025,11:46 AM,0,1,0
67017290,67_67399_5136978,127761,3/21/25,2024-2025,8:52 AM,0,1,0
67017290,67_67399_5136978,127974,4/3/25,2024-2025,2:32 PM,0,1,0
67017290,67_67399_5136978,128040,4/9/25,2024-2025,11:04 AM,0,1,0
67017293,67_67399_5136978,127375,2/26/25,2024-2025,9:47 AM,0,1,0
67017294,67_67399_5136978,126126,11/7/24,2024-2025,12:56 PM,0,1,0
67017294,67_67399_5136978,126292,11/20/24,2024-2025,8:43 AM,0,0,1
67017294,67_67399_5136978,126457,12/9/24,2024-2025,10:00 AM,0,1,0
67017294,67_67399_5136978,127434,3/3/25,2024-2025,1:57 PM,0,1,1
67017294,67_67399_5136978,127936,4/2/25,2024-2025,1:32 PM,0,1,0
67017296,67_67399_5136978,128278,5/1/25,2024-2025,2:14 PM,0,0,1
67017299,67_67399_5136978,127976,4/3/25,2024-2025,1:45 PM,0,1,0
67017303,67_67399_5136978,128191,4/17/25,2024-2025,1:09 PM,0,1,0
67017303,67_67399_5136978,128530,5/19/25,2024-2025,10:18 AM,0,0,1
67017305,67_67399_5136978,126040,11/1/24,2024-2025,9:13 AM,0,0,1
67017306,67_67399_5136978,127275,2/20/25,2024-2025,8:50 AM,0,1,0
67017306,67_67399_5136978,127274,2/20/25,2024-2025,8:50 AM,0,1,0
67017306,67_67399_5136978,127496,3/6/25,2024-2025,9:05 AM,0,1,1
67017307,67_67399_5136978,126389,12/3/24,2024-2025,8:32 AM,0,1,0
67017308,67_67399_5136978,126112,11/6/24,2024-2025,2:09 PM,0,1,0
67017308,67_67399_5136978,126527,12/13/24,2024-2025,12:59 PM,0,1,0
67017308,67_67399_5136978,126634,1/9/25,2024-2025,1:37 PM,0,1,0
67017308,67_67399_5136978,126674,1/14/25,2024-2025,9:25 AM,0,1,0
67017308,67_67399_5136978,126714,1/15/25,2024-2025,2:27 PM,0,0,1
67017309,67_67399_5136978,127276,2/20/25,2024-2025,9:45 AM,0,1,0
67017310,67_67399_5136978,125192,8/23/24,2024-2025,12:00 PM,1,0,0
67017310,67_67399_5136978,125657,10/3/24,2024-2025,1:28 PM,0,1,1
67017310,67_67399_5136978,126003,10/30/24,2024-2025,9:42 AM,0,1,0
67017310,67_67399_5136978,126356,11/22/24,2024-2025,12:27 PM,0,2,0
67017310,67_67399_5136978,126647,1/10/25,2024-2025,12:47 PM,0,1,0
67017310,67_67399_5136978,126715,1/15/25,2024-2025,2:32 PM,0,1,0
67017310,67_67399_5136978,126785,1/22/25,2024-2025,2:43 PM,0,2,0
67017310,67_67399_5136978,127224,2/14/25,2024-2025,12:24 PM,0,2,0
67017310,67_67399_5136978,127267,2/19/25,2024-2025,2:48 PM,0,1,1
67017310,67_67399_5136978,127428,3/3/25,2024-2025,10:50 AM,0,1,0
67017310,67_67399_5136978,127541,3/7/25,2024-2025,12:42 PM,0,2,0
67017310,67_67399_5136978,127563,3/11/25,2024-2025,9:11 AM,0,2,0
67017310,67_67399_5136978,127941,4/2/25,2024-2025,2:22 PM,0,0,1
67017310,67_67399_5136978,127920,4/2/25,2024-2025,8:42 AM,0,1,0
67017310,67_67399_5136978,128060,4/9/25,2024-2025,2:29 PM,0,0,1
67017310,67_67399_5136978,128273,5/1/25,2024-2025,1:46 PM,0,1,0
67017311,67_67399_5136978,126167,11/12/24,2024-2025,9:29 AM,0,0,1
67017311,67_67399_5136978,126597,1/6/25,2024-2025,11:20 AM,0,1,0
67017311,67_67399_5136978,127542,3/7/25,2024-2025,1:19 PM,0,1,0
67017313,67_67399_5136978,125486,9/18/24,2024-2025,12:00 PM,0,0,0
67017313,67_67399_5136978,126520,12/12/24,2024-2025,3:55 PM,0,0,1
67017313,67_67399_5136978,126753,1/17/25,2024-2025,9:54 AM,0,0,1
67017313,67_67399_5136978,127048,2/5/25,2024-2025,11:21 AM,0,0,1
67017313,67_67399_5136978,127263,2/19/25,2024-2025,11:55 AM,2,0,0
67017313,67_67399_5136978,127468,3/5/25,2024-2025,8:29 AM,0,1,0
67017315,67_67399_5136978,126045,11/1/24,2024-2025,10:22 AM,0,1,0
67017315,67_67399_5136978,126129,11/7/24,2024-2025,2:07 PM,0,0,1
67017315,67_67399_5136978,126621,1/8/25,2024-2025,2:41 PM,0,2,0
67017315,67_67399_5136978,126633,1/9/25,2024-2025,1:27 PM,0,1,0
67017315,67_67399_5136978,127283,2/20/25,2024-2025,1:48 PM,0,1,0
67017315,67_67399_5136978,127386,2/26/25,2024-2025,2:07 PM,0,1,0
67017315,67_67399_5136978,127519,3/6/25,2024-2025,1:51 PM,0,1,0
67017315,67_67399_5136978,127683,3/17/25,2024-2025,1:44 PM,0,0,1
67017315,67_67399_5136978,128272,5/1/25,2024-2025,1:40 PM,0,1,0
67017319,67_67399_5136978,125264,8/23/24,2024-2025,12:00 PM,0,0,0
67017319,67_67399_5136978,126105,11/6/24,2024-2025,12:22 PM,0,0,1
67017319,67_67399_5136978,126235,11/15/24,2024-2025,12:49 PM,0,1,0
67017319,67_67399_5136978,126223,11/15/24,2024-2025,8:53 AM,0,1,0
67017319,67_67399_5136978,127832,3/25/25,2024-2025,6:17 PM,0,0,2
67017319,67_67399_5136978,128598,5/22/25,2024-2025,12:45 PM,0,1,0
67017322,67_67399_5136978,126085,11/5/24,2024-2025,1:05 PM,0,1,0
67017322,67_67399_5136978,128229,4/29/25,2024-2025,9:45 AM,0,1,0
67017323,67_67399_5136978,126553,12/17/24,2024-2025,10:06 AM,0,1,0
67017323,67_67399_5136978,127242,2/18/25,2024-2025,10:11 AM,0,0,1
67017323,67_67399_5136978,127801,3/24/25,2024-2025,12:53 PM,0,0,1
67017323,67_67399_5136978,127950,4/3/25,2024-2025,10:47 AM,0,1,0
67017323,67_67399_5136978,128001,4/7/25,2024-2025,2:05 PM,0,1,0
67017323,67_67399_5136978,128117,4/14/25,2024-2025,8:57 AM,0,1,0
67017324,67_67399_5136978,125446,9/12/24,2024-2025,12:00 PM,0,0,0
67017325,67_67399_5136978,125920,10/23/24,2024-2025,1:56 PM,0,1,0
67017327,67_67399_5136978,125411,9/11/24,2024-2025,1:36 PM,0,1,0
67017327,67_67399_5136978,125584,9/27/24,2024-2025,12:58 PM,0,1,0
67017327,67_67399_5136978,128361,5/7/25,2024-2025,1:10 PM,0,1,0
67017330,67_67399_5136978,125523,9/23/24,2024-2025,10:28 AM,0,1,0
67017330,67_67399_5136978,125742,10/9/24,2024-2025,1:25 PM,0,0,1
67017330,67_67399_5136978,125921,10/23/24,2024-2025,2:16 PM,0,2,0
67017330,67_67399_5136978,125938,10/24/24,2024-2025,1:28 PM,0,1,0
67017330,67_67399_5136978,126174,11/12/24,2024-2025,12:38 PM,0,0,1
67017330,67_67399_5136978,126491,12/11/24,2024-2025,1:00 PM,0,1,0
67017330,67_67399_5136978,126731,1/16/25,2024-2025,11:14 AM,0,0,1
67017330,67_67399_5136978,126781,1/22/25,2024-2025,1:53 PM,0,0,0
67017330,67_67399_5136978,127088,2/6/25,2024-2025,1:19 PM,0,1,0
67017330,67_67399_5136978,127089,2/6/25,2024-2025,1:21 PM,0,1,0
67017330,67_67399_5136978,127223,2/14/25,2024-2025,12:22 PM,0,2,0
67017330,67_67399_5136978,127238,2/18/25,2024-2025,9:19 AM,0,2,0
67017330,67_67399_5136978,127258,2/19/25,2024-2025,10:40 AM,0,1,0
67017330,67_67399_5136978,127565,3/11/25,2024-2025,9:19 AM,0,2,0
67017330,67_67399_5136978,127684,3/17/25,2024-2025,1:50 PM,0,0,1
67017330,67_67399_5136978,127682,3/17/25,2024-2025,1:40 PM,0,1,0
67017330,67_67399_5136978,127895,3/28/25,2024-2025,12:33 PM,0,0,1
67017330,67_67399_5136978,127967,4/3/25,2024-2025,1:38 PM,0,0,1
67017330,67_67399_5136978,128080,4/10/25,2024-2025,11:20 AM,0,0,1
67017330,67_67399_5136978,128107,4/11/25,2024-2025,12:23 PM,0,0,1
67017330,67_67399_5136978,128395,5/9/25,2024-2025,1:19 PM,0,0,1
67017330,67_67399_5136978,128403,5/12/25,2024-2025,10:41 AM,0,1,0
67017330,67_67399_5136978,128466,5/14/25,2024-2025,1:29 PM,0,0,1
67017330,67_67399_5136978,128590,5/22/25,2024-2025,11:09 AM,0,0,1
67017332,67_67399_5136978,125485,9/18/24,2024-2025,12:00 PM,0,0,0
67017332,67_67399_5136978,126742,1/16/25,2024-2025,2:10 PM,0,1,0
67017332,67_67399_5136978,127053,2/5/25,2024-2025,2:10 PM,0,1,0
67017332,67_67399_5136978,128318,5/6/25,2024-2025,9:02 AM,0,1,0
67017334,67_67399_5136978,125493,9/19/24,2024-2025,12:00 PM,0,0,1
67017334,67_67399_5136978,126966,1/30/25,2024-2025,2:53 PM,0,1,0
67017336,67_67399_5136978,128647,5/28/25,2024-2025,9:45 AM,2,0,1
67017337,67_67399_5136978,127122,2/7/25,2024-2025,11:00 AM,0,0,0
67017338,67_67399_5136978,125182,8/23/24,2024-2025,8:10 AM,1,0,0
67017338,67_67399_5136978,125323,9/3/24,2024-2025,8:30 AM,0,1,0
67017338,67_67399_5136978,125305,9/4/24,2024-2025,1:14 PM,0,0,1
67017338,67_67399_5136978,125457,9/16/24,2024-2025,3:10 PM,0,0,1
67017338,67_67399_5136978,126110,11/6/24,2024-2025,1:41 PM,0,0,2
67017338,67_67399_5136978,126166,11/12/24,2024-2025,9:26 AM,0,0,1
67017338,67_67399_5136978,126236,11/15/24,2024-2025,12:51 PM,0,1,0
67017338,67_67399_5136978,126224,11/15/24,2024-2025,9:01 AM,0,1,0
67017338,67_67399_5136978,126312,11/21/24,2024-2025,9:28 AM,0,1,0
67017338,67_67399_5136978,126449,12/6/24,2024-2025,2:06 PM,0,1,0
67017338,67_67399_5136978,126464,12/9/24,2024-2025,2:55 PM,0,1,0
67017338,67_67399_5136978,126593,1/6/25,2024-2025,11:30 AM,0,1,0
67017338,67_67399_5136978,126596,1/6/25,2024-2025,11:20 AM,0,1,0
67017338,67_67399_5136978,126646,1/10/25,2024-2025,11:02 AM,0,0,1
67017338,67_67399_5136978,126721,1/16/25,2024-2025,9:15 AM,0,1,0
67017338,67_67399_5136978,126901,1/29/25,2024-2025,9:45 AM,0,2,0
67017338,67_67399_5136978,127012,2/4/25,2024-2025,8:57 AM,0,0,1
67017338,67_67399_5136978,127154,2/11/25,2024-2025,2:09 PM,0,1,0
67017338,67_67399_5136978,127272,2/19/25,2024-2025,3:00 PM,0,0,1
67017338,67_67399_5136978,127365,2/25/25,2024-2025,1:25 PM,0,0,1
67017338,67_67399_5136978,127430,3/3/25,2024-2025,11:05 AM,0,0,1
67017338,67_67399_5136978,127552,3/10/25,2024-2025,11:28 AM,0,0,1
67017338,67_67399_5136978,127566,3/11/25,2024-2025,9:12 AM,0,0,1
67017338,67_67399_5136978,127879,3/27/25,2024-2025,12:47 PM,0,0,1
67017338,67_67399_5136978,127889,3/28/25,2024-2025,8:26 AM,0,1,0
67017338,67_67399_5136978,127925,4/2/25,2024-2025,9:37 AM,0,0,1
67017338,67_67399_5136978,128130,4/14/25,2024-2025,12:53 PM,0,1,0
67017338,67_67399_5136978,128267,4/30/25,2024-2025,2:00 PM,0,0,1
67017338,67_67399_5136978,128256,4/30/25,2024-2025,1:40 PM,0,0,1
67017338,67_67399_5136978,128306,5/5/25,2024-2025,10:57 AM,0,0,1
67017339,67_67399_5136978,126435,12/5/24,2024-2025,1:03 PM,0,1,0
67017341,67_67399_5136978,126329,11/21/24,2024-2025,1:26 PM,0,1,0
67017341,67_67399_5136978,127482,3/3/25,2024-2025,10:00 AM,0,0,1
67017344,67_67399_5136978,127039,2/5/25,2024-2025,9:30 AM,0,1,0
67017344,67_67399_5136978,128109,4/11/25,2024-2025,1:30 PM,0,1,0
67017346,67_67399_5136978,125263,8/29/24,2024-2025,12:30 PM,1,0,0
67017346,67_67399_5136978,125484,9/18/24,2024-2025,12:00 PM,0,0,0
67017346,67_67399_5136978,127498,3/6/25,2024-2025,9:28 AM,0,1,1
67017346,67_67399_5136978,128071,4/10/25,2024-2025,9:11 AM,0,1,0
67017349,67_67399_5136978,126127,11/7/24,2024-2025,12:56 PM,0,1,0
67017349,67_67399_5136978,126267,11/19/24,2024-2025,10:12 AM,0,0,1
67017349,67_67399_5136978,127455,3/4/25,2024-2025,12:10 PM,0,1,0
67017349,67_67399_5136978,127713,3/19/25,2024-2025,10:28 AM,0,1,1
67017349,67_67399_5136978,127952,4/2/25,2024-2025,8:10 AM,2,0,0
67017349,67_67399_5136978,128059,4/9/25,2024-2025,12:00 PM,1,0,0
67017360,67_67399_5136978,126277,11/19/24,2024-2025,1:08 PM,0,1,0
67017362,67_67399_5136978,125213,8/27/24,2024-2025,12:30 PM,0,1,0
67017363,67_67399_5136978,126772,1/21/25,2024-2025,12:41 PM,0,0,1
67017363,67_67399_5136978,127203,2/13/25,2024-2025,1:43 PM,0,2,0
67017363,67_67399_5136978,128078,4/10/25,2024-2025,11:05 AM,0,0,1
67017363,67_67399_5136978,128255,4/30/25,2024-2025,1:25 PM,0,0,1
67017364,67_67399_5136978,125216,8/27/24,2024-2025,12:30 PM,0,1,0
67017364,67_67399_5136978,125533,9/24/24,2024-2025,9:41 AM,0,1,0
67017366,67_67399_5136978,126826,1/23/25,2024-2025,12:00 PM,0,0,0
67017366,67_67399_5136978,127933,4/2/25,2024-2025,12:42 PM,2,0,0
67017366,67_67399_5136978,128072,4/10/25,2024-2025,9:51 AM,0,1,0
67017366,67_67399_5136978,128350,5/7/25,2024-2025,10:38 AM,0,1,0
67017368,67_67399_5136978,125214,8/27/24,2024-2025,12:30 PM,0,1,0
67017370,67_67399_5136978,125665,10/4/24,2024-2025,8:28 AM,0,1,0
67017370,67_67399_5136978,127947,4/3/25,2024-2025,9:38 AM,0,1,0
67017370,67_67399_5136978,128137,4/14/25,2024-2025,2:43 PM,0,1,0
67017370,67_67399_5136978,128307,5/5/25,2024-2025,11:53 AM,0,1,0
67017370,67_67399_5136978,128404,5/12/25,2024-2025,10:38 AM,0,1,0
67017372,67_67399_5136978,127658,3/14/25,2024-2025,12:47 PM,0,0,1
67017372,67_67399_5136978,128645,5/28/25,2024-2025,9:30 AM,0,1,0
67017372,67_67399_5136978,128652,5/28/25,2024-2025,12:53 PM,0,0,1
67017376,67_67399_5136978,126125,11/7/24,2024-2025,1:25 PM,0,1,0
67017376,67_67399_5136978,126635,1/9/25,2024-2025,1:41 PM,0,1,0
67017376,67_67399_5136978,126847,1/24/25,2024-2025,12:14 PM,0,1,0
67017376,67_67399_5136978,127056,2/5/25,2024-2025,2:29 PM,0,1,0
67017376,67_67399_5136978,127516,3/6/25,2024-2025,1:27 PM,0,2,0
67017376,67_67399_5136978,128123,4/14/25,2024-2025,11:13 AM,0,1,0
67017376,67_67399_5136978,128121,4/14/25,2024-2025,11:08 AM,0,2,0
67017376,67_67399_5136978,128144,4/15/25,2024-2025,9:23 AM,0,0,1
67017376,67_67399_5136978,128274,5/1/25,2024-2025,1:49 PM,0,1,0
67017377,67_67399_5136978,127041,2/5/25,2024-2025,10:17 AM,0,0,1
67017377,67_67399_5136978,127764,3/21/25,2024-2025,9:36 AM,0,0,1
67017378,67_67399_5136978,125338,9/6/24,2024-2025,12:08 PM,0,1,0
67017378,67_67399_5136978,125936,10/24/24,2024-2025,12:50 PM,0,0,1
67017378,67_67399_5136978,126247,11/13/24,2024-2025,8:26 AM,0,1,0
67017378,67_67399_5136978,127677,3/17/25,2024-2025,11:08 AM,0,1,0
67017378,67_67399_5136978,128329,5/6/25,2024-2025,12:16 PM,0,0,1
67017380,67_67399_5136978,125610,10/1/24,2024-2025,9:56 AM,0,1,0
67017380,67_67399_5136978,126063,10/30/24,2024-2025,8:00 AM,0,0,0
67017380,67_67399_5136978,126159,11/8/24,2024-2025,9:40 AM,0,0,0
67017380,67_67399_5136978,126359,11/21/24,2024-2025,4:00 PM,0,0,0
67017380,67_67399_5136978,128266,5/1/25,2024-2025,10:43 AM,0,1,0
67017380,67_67399_5136978,128328,5/6/25,2024-2025,12:02 PM,0,1,0
67017380,67_67399_5136978,128381,5/8/25,2024-2025,12:48 PM,0,0,1
67017384,67_67399_5136978,125173,8/22/24,2024-2025,8:47 AM,0,0,1
67017384,67_67399_5136978,126446,11/20/24,2024-2025,7:13 AM,5,0,0
67017384,67_67399_5136978,126718,1/16/25,2024-2025,7:25 AM,0,1,0
67017385,67_67399_5136978,127245,2/14/25,2024-2025,2:15 PM,0,1,0
67017385,67_67399_5136978,127460,3/4/25,2024-2025,11:47 AM,0,0,0
67017389,67_67399_5136978,125482,9/18/24,2024-2025,12:00 PM,0,1,0
67017396,67_67399_5136978,125450,9/12/24,2024-2025,8:00 AM,0,0,0
67017396,67_67399_5136978,126360,11/21/24,2024-2025,4:00 PM,0,0,0
67017396,67_67399_5136978,126744,1/15/25,2024-2025,12:14 PM,0,1,0
67017396,67_67399_5136978,126807,1/23/25,2024-2025,9:44 AM,0,1,0
67017396,67_67399_5136978,127691,3/17/25,2024-2025,3:00 PM,0,0,1
67017396,67_67399_5136978,128321,5/6/25,2024-2025,10:26 AM,0,1,0
67017396,67_67399_5136978,128667,5/30/25,2024-2025,9:00 AM,0,0,0
67017399,67_67399_5136978,127785,3/24/25,2024-2025,9:37 AM,0,1,0
67017401,67_67399_5136978,125265,8/29/24,2024-2025,2:07 PM,0,1,0
67017401,67_67399_5136978,125267,8/29/24,2024-2025,2:41 PM,0,1,0
67017401,67_67399_5136978,125555,9/25/24,2024-2025,1:51 PM,0,1,0
67017401,67_67399_5136978,125767,10/10/24,2024-2025,12:41 PM,0,0,1
67017401,67_67399_5136978,125782,10/11/24,2024-2025,8:55 AM,0,0,1
67017401,67_67399_5136978,125791,10/11/24,2024-2025,1:07 PM,0,1,0
67017403,67_67399_5136978,127185,2/12/25,2024-2025,2:15 PM,0,1,0
67017407,67_67399_5136978,126660,1/13/25,2024-2025,11:02 AM,0,0,1
67017409,67_67399_5136978,125256,8/28/24,2024-2025,2:30 PM,2,0,0
67017409,67_67399_5136978,127066,2/4/25,2024-2025,11:40 AM,0,0,1
67017409,67_67399_5136978,127347,2/25/25,2024-2025,7:30 AM,0,0,1
67017409,67_67399_5136978,127795,3/24/25,2024-2025,12:00 PM,0,1,0
67017409,67_67399_5136978,127927,4/2/25,2024-2025,9:54 AM,0,0,0
67017415,67_67399_5136978,127737,3/19/25,2024-2025,11:00 AM,0,0,1
67017420,67_67399_5136978,125789,10/11/24,2024-2025,11:10 AM,0,1,0
67017423,67_67399_5136978,125217,8/27/24,2024-2025,12:30 PM,0,1,0
67017423,67_67399_5136978,127222,2/13/25,2024-2025,12:00 PM,0,0,1
67017423,67_67399_5136978,128446,5/13/25,2024-2025,1:08 PM,0,1,0
67017424,67_67399_5136978,125250,8/26/24,2024-2025,2:00 PM,0,0,1
67017424,67_67399_5136978,125994,10/29/24,2024-2025,8:36 AM,2,0,0
67017428,67_67399_5136978,125174,8/22/24,2024-2025,8:51 AM,0,0,1
67017428,67_67399_5136978,127440,3/3/25,2024-2025,2:30 PM,0,1,0
67017437,67_67399_5136978,128226,4/29/25,2024-2025,9:34 AM,0,1,0
67017401,67_67399_5136979,126402,12/3/24,2024-2025,3:59 PM,0,0,1
67017401,67_67399_5136979,126616,1/7/25,2024-2025,12:00 PM,0,0,0
67017444,67_67399_5136979,126106,11/5/24,2024-2025,12:45 PM,0,1,0
67017444,67_67399_5136979,127201,2/13/25,2024-2025,2:34 PM,0,0,1
67017446,67_67399_5136979,127535,3/7/25,2024-2025,9:43 AM,0,1,0
67017447,67_67399_5136979,126931,1/29/25,2024-2025,2:31 PM,0,0,1
67017447,67_67399_5136979,126976,1/31/25,2024-2025,11:36 AM,0,0,1
67017447,67_67399_5136979,127131,2/11/25,2024-2025,9:04 AM,0,1,0
67017447,67_67399_5136979,127269,2/19/25,2024-2025,2:59 PM,0,1,0
67017447,67_67399_5136979,127396,2/27/25,2024-2025,9:00 AM,0,0,0
67017447,67_67399_5136979,127527,3/6/25,2024-2025,3:01 PM,0,0,1
67017447,67_67399_5136979,127564,3/11/25,2024-2025,9:11 AM,0,0,1
67017449,67_67399_5136979,127452,3/4/25,2024-2025,10:05 AM,0,2,0
67017449,67_67399_5136979,127653,3/14/25,2024-2025,11:40 AM,0,2,0
67017449,67_67399_5136979,128300,5/2/25,2024-2025,3:06 PM,0,2,0
67017452,67_67399_5136979,128489,5/15/25,2024-2025,1:46 PM,0,0,1
67017454,67_67399_5136979,125743,10/9/24,2024-2025,1:53 PM,0,0,1
67017454,67_67399_5136979,126279,11/19/24,2024-2025,1:42 PM,0,0,1
67017454,67_67399_5136979,126431,12/5/24,2024-2025,11:46 AM,0,1,0
67017454,67_67399_5136979,126838,1/24/25,2024-2025,11:21 AM,0,0,1
67017454,67_67399_5136979,126928,1/29/25,2024-2025,2:11 PM,0,0,1
67017454,67_67399_5136979,126927,1/29/25,2024-2025,1:52 PM,0,0,1
67017454,67_67399_5136979,127170,2/12/25,2024-2025,1:29 PM,0,0,1
67017454,67_67399_5136979,127175,2/12/25,2024-2025,1:55 PM,0,0,1
67017454,67_67399_5136979,127218,2/14/25,2024-2025,11:17 AM,0,0,1
67017454,67_67399_5136979,127407,2/27/25,2024-2025,11:57 AM,0,0,1
67017454,67_67399_5136979,127438,3/3/25,2024-2025,2:33 PM,0,0,1
67017454,67_67399_5136979,127459,3/4/25,2024-2025,1:29 PM,0,0,1
67017454,67_67399_5136979,127493,3/5/25,2024-2025,2:20 PM,0,2,0
67017454,67_67399_5136979,127483,3/5/25,2024-2025,1:46 PM,0,0,1
67017454,67_67399_5136979,127596,3/12/25,2024-2025,9:26 AM,0,0,1
67017454,67_67399_5136979,127782,3/21/25,2024-2025,3:20 PM,0,1,0
67017454,67_67399_5136979,127771,3/21/25,2024-2025,11:45 AM,0,3,0
67017454,67_67399_5136979,127827,3/25/25,2024-2025,2:09 PM,0,0,1
67017454,67_67399_5136979,127875,3/27/25,2024-2025,1:10 PM,0,2,0
67017454,67_67399_5136979,127912,4/1/25,2024-2025,9:55 AM,3,0,0
67017454,67_67399_5136979,128066,4/9/25,2024-2025,3:20 PM,0,1,0
67017454,67_67399_5136979,128093,4/10/25,2024-2025,1:25 PM,0,0,1
67017454,67_67399_5136979,128113,4/11/25,2024-2025,2:15 PM,0,2,0
67017454,67_67399_5136979,128367,5/7/25,2024-2025,2:50 PM,0,1,0
67017454,67_67399_5136979,128386,5/8/25,2024-2025,11:35 AM,0,2,0
67017454,67_67399_5136979,128424,5/12/25,2024-2025,10:30 AM,0,2,0
67017454,67_67399_5136979,128440,5/13/25,2024-2025,9:00 AM,2,0,0
67017454,67_67399_5136979,128548,5/20/25,2024-2025,9:20 AM,0,2,1
67017454,67_67399_5136979,128572,5/21/25,2024-2025,12:01 PM,0,1,0
67017454,67_67399_5136979,128634,5/27/25,2024-2025,10:45 AM,0,2,0
67017459,67_67399_5136979,125342,9/6/24,2024-2025,10:00 AM,0,0,1
67017464,67_67399_5136979,126990,1/31/25,2024-2025,2:58 PM,0,1,0
67017464,67_67399_5136979,127913,4/1/25,2024-2025,10:13 AM,0,0,1
67017467,67_67399_5136979,127811,3/25/25,2024-2025,9:49 AM,0,0,1
67017467,67_67399_5136979,128208,4/28/25,2024-2025,11:32 AM,0,0,1
67017473,67_67399_5136979,128185,4/17/25,2024-2025,11:19 AM,0,0,1
67017473,67_67399_5136979,128461,5/14/25,2024-2025,11:20 AM,0,2,0
67017475,67_67399_5136979,127137,2/4/25,2024-2025,9:30 AM,0,0,0
67017476,67_67399_5136979,126027,10/31/24,2024-2025,10:59 AM,0,2,0
67017476,67_67399_5136979,126411,12/4/24,2024-2025,12:16 PM,0,1,0
67017476,67_67399_5136979,126855,1/24/25,2024-2025,2:27 PM,0,1,0
67017476,67_67399_5136979,128047,4/9/25,2024-2025,12:53 PM,0,0,1
67017477,67_67399_5136979,126849,1/24/25,2024-2025,12:14 PM,0,0,1
67017478,67_67399_5136979,125453,9/13/24,2024-2025,12:58 PM,0,0,1
67017478,67_67399_5136979,126410,12/4/24,2024-2025,12:02 PM,0,0,2
67017478,67_67399_5136979,127479,3/5/25,2024-2025,11:48 AM,0,0,2
67017478,67_67399_5136979,128396,5/9/25,2024-2025,1:44 PM,0,0,1
67017484,67_67399_5136979,126425,12/4/24,2024-2025,4:11 PM,0,0,1
67017484,67_67399_5136979,127494,3/6/25,2024-2025,8:26 AM,0,1,0
67017484,67_67399_5136979,127732,3/19/25,2024-2025,3:09 PM,0,1,0
67017484,67_67399_5136979,128214,4/28/25,2024-2025,3:04 PM,0,1,0
67017484,67_67399_5136979,128554,5/20/25,2024-2025,12:33 PM,0,2,0
67017505,67_67399_5136979,127523,3/6/25,2024-2025,2:30 PM,0,2,0
67017510,67_67399_5136979,128487,5/15/25,2024-2025,1:14 PM,0,1,0
67017513,67_67399_5136979,125787,10/11/24,2024-2025,8:00 AM,0,0,0
67017514,67_67399_5136979,125538,9/24/24,2024-2025,11:38 AM,0,1,0
67017514,67_67399_5136979,126331,11/21/24,2024-2025,2:07 PM,0,1,0
67017514,67_67399_5136979,126630,1/9/25,2024-2025,11:57 AM,0,1,0
67017514,67_67399_5136979,126922,1/29/25,2024-2025,1:22 PM,0,2,0
67017514,67_67399_5136979,127134,2/4/25,2024-2025,9:30 AM,0,0,0
67017514,67_67399_5136979,127054,2/5/25,2024-2025,2:10 PM,0,0,1
67017514,67_67399_5136979,127907,3/28/25,2024-2025,2:15 PM,0,0,1
67017514,67_67399_5136979,128220,4/28/25,2024-2025,3:29 PM,0,2,0
67017514,67_67399_5136979,128377,5/8/25,2024-2025,10:26 AM,0,0,1
67017514,67_67399_5136979,128715,6/5/25,2024-2025,9:19 AM,0,1,0
67017520,67_67399_5136979,126374,12/2/24,2024-2025,11:13 AM,0,2,0
67017520,67_67399_5136979,127403,2/26/25,2024-2025,2:55 PM,0,2,0
67017520,67_67399_5136979,127529,3/6/25,2024-2025,1:45 PM,0,0,2
67017520,67_67399_5136979,127556,3/10/25,2024-2025,12:00 PM,0,2,0
67017520,67_67399_5136979,127757,3/20/25,2024-2025,1:45 PM,0,2,0
67017526,67_67399_5136979,127528,3/6/25,2024-2025,1:10 PM,0,2,0
67017526,67_67399_5136979,127995,4/7/25,2024-2025,11:05 AM,0,3,0
67017526,67_67399_5136979,128067,4/9/25,2024-2025,2:30 PM,0,2,0
67017539,67_67399_5136979,126175,11/8/24,2024-2025,1:03 PM,0,2,0
67017544,67_67399_5136979,126796,1/22/25,2024-2025,3:42 PM,0,0,1
67017544,67_67399_5136979,127166,2/12/25,2024-2025,12:26 PM,0,0,1
67017555,67_67399_5136979,128207,4/28/25,2024-2025,9:33 AM,0,0,1
67017557,67_67399_5136979,127144,2/11/25,2024-2025,11:40 AM,0,1,0
67017557,67_67399_5136979,127239,2/18/25,2024-2025,10:01 AM,0,1,0
67017557,67_67399_5136979,127640,3/13/25,2024-2025,9:39 AM,0,1,0
67017557,67_67399_5136979,127973,4/3/25,2024-2025,2:16 PM,0,3,0
67017557,67_67399_5136979,128514,5/16/25,2024-2025,11:08 AM,0,2,0
67017558,67_67399_5136979,127949,4/1/25,2024-2025,10:17 AM,0,1,0
67017573,67_67399_5136979,125911,10/23/24,2024-2025,8:30 AM,0,0,1
67017573,67_67399_5136979,126407,12/4/24,2024-2025,8:32 AM,0,0,1
67017573,67_67399_5136979,126671,1/10/25,2024-2025,12:00 PM,0,0,0
67017573,67_67399_5136979,126792,1/22/25,2024-2025,3:24 PM,0,0,1
67017573,67_67399_5136979,127030,2/4/25,2024-2025,12:00 PM,0,0,0
67017573,67_67399_5136979,127354,2/25/25,2024-2025,12:30 PM,0,1,0
67017573,67_67399_5136979,127409,2/27/25,2024-2025,12:08 PM,0,1,0
67017573,67_67399_5136979,128302,5/2/25,2024-2025,3:13 PM,0,1,0
67017581,67_67399_5136979,127139,2/4/25,2024-2025,9:30 AM,0,0,0
67017581,67_67399_5136979,128684,6/2/25,2024-2025,10:34 AM,0,1,0
67017594,67_67399_5136979,128618,5/23/25,2024-2025,1:58 PM,3,0,0
67017602,67_67399_5136979,127856,3/24/25,2024-2025,12:00 PM,0,1,0
67017608,67_67399_5136979,125978,10/29/24,2024-2025,10:23 AM,0,0,1
67017608,67_67399_5136979,126752,1/17/25,2024-2025,8:34 AM,0,1,0
67017608,67_67399_5136979,127160,2/12/25,2024-2025,9:44 AM,0,0,1
67017608,67_67399_5136979,128145,4/15/25,2024-2025,9:49 AM,0,1,0
67017608,67_67399_5136979,128283,5/1/25,2024-2025,3:21 PM,0,0,1
67017608,67_67399_5136979,128562,5/21/25,2024-2025,9:44 AM,0,0,1
67017608,67_67399_5136979,128627,5/27/25,2024-2025,8:41 AM,0,1,0
67017608,67_67399_5136979,128673,5/30/25,2024-2025,1:50 PM,0,0,1
67017611,67_67399_5136979,127118,2/7/25,2024-2025,1:01 PM,0,0,1
67017617,67_67399_5136979,127044,2/5/25,2024-2025,10:44 AM,0,0,1
67017617,67_67399_5136979,128048,4/9/25,2024-2025,12:44 PM,0,0,1
67017621,67_67399_5136979,127115,2/7/25,2024-2025,11:43 AM,0,2,1
67017621,67_67399_5136979,127165,2/12/25,2024-2025,12:22 PM,0,0,1
67017621,67_67399_5136979,127463,3/4/25,2024-2025,9:30 AM,0,2,0
67017621,67_67399_5136979,127659,3/14/25,2024-2025,1:16 PM,0,0,1
67017621,67_67399_5136979,128188,4/17/25,2024-2025,11:50 AM,0,2,0
67017625,67_67399_5136979,128712,6/5/25,2024-2025,8:56 AM,0,0,1
67017627,67_67399_5136979,125381,9/10/24,2024-2025,12:55 PM,0,0,1
67017627,67_67399_5136979,125393,9/10/24,2024-2025,1:00 PM,0,0,0
67017627,67_67399_5136979,125784,10/11/24,2024-2025,8:00 AM,0,0,0
67017627,67_67399_5136979,126324,11/18/24,2024-2025,3:20 PM,5,0,0
67017627,67_67399_5136979,127214,12/9/24,2024-2025,10:15 AM,0,2,0
67017627,67_67399_5136979,126984,1/31/25,2024-2025,11:45 AM,0,0,1
67017627,67_67399_5136979,127206,2/3/25,2024-2025,10:30 AM,0,0,1
67017627,67_67399_5136979,127174,2/5/25,2024-2025,9:30 AM,0,0,0
67017627,67_67399_5136979,127061,2/5/25,2024-2025,3:28 PM,0,1,0
67017630,67_67399_5136979,126004,10/30/24,2024-2025,9:46 AM,0,2,0
67017630,67_67399_5136979,127346,2/25/25,2024-2025,8:35 AM,0,1,0
67017630,67_67399_5136979,128436,5/13/25,2024-2025,10:02 AM,0,2,0
67017640,67_67399_5136979,126135,11/7/24,2024-2025,3:02 PM,0,2,0
67017641,67_67399_5136979,127871,3/27/25,2024-2025,11:18 AM,0,0,1
67017641,67_67399_5136979,128029,4/8/25,2024-2025,11:26 AM,0,1,0
67017644,67_67399_5136979,127348,2/25/25,2024-2025,9:33 AM,0,1,0
67017644,67_67399_5136979,127401,2/26/25,2024-2025,11:45 AM,0,0,0
67017644,67_67399_5136979,127602,3/12/25,2024-2025,12:15 PM,0,2,0
67017644,67_67399_5136979,127867,3/27/25,2024-2025,10:34 AM,0,1,0
67017644,67_67399_5136979,128042,4/9/25,2024-2025,11:38 AM,0,0,1
67017644,67_67399_5136979,128083,4/10/25,2024-2025,12:00 PM,4,1,1
67017647,67_67399_5136979,127046,2/5/25,2024-2025,10:54 AM,0,1,0
67017650,67_67399_5136979,125354,9/9/24,2024-2025,8:36 AM,0,1,0
67017650,67_67399_5136979,126825,1/23/25,2024-2025,2:59 PM,0,0,1
67017650,67_67399_5136979,127243,2/18/25,2024-2025,10:28 AM,0,2,0
67017650,67_67399_5136979,127491,3/5/25,2024-2025,4:29 PM,0,0,1
67017652,67_67399_5136979,125863,10/17/24,2024-2025,1:53 PM,0,1,0
67017655,67_67399_5136979,127524,3/6/25,2024-2025,2:35 PM,0,1,0
67017655,67_67399_5136979,128298,5/2/25,2024-2025,2:39 PM,0,2,0
67017660,67_67399_5136979,126793,1/22/25,2024-2025,3:34 PM,0,0,1
67017660,67_67399_5136979,127100,2/6/25,2024-2025,3:30 PM,0,0,1
67017660,67_67399_5136979,127702,3/18/25,2024-2025,11:28 AM,0,2,0
67017664,67_67399_5136979,125562,9/25/24,2024-2025,2:15 AM,0,0,0
67017675,67_67399_5136979,127426,3/3/25,2024-2025,9:43 AM,0,2,0
67017675,67_67399_5136979,127692,3/18/25,2024-2025,8:57 AM,0,2,0
67017680,67_67399_5136979,126013,10/30/24,2024-2025,11:27 AM,0,2,0
67017680,67_67399_5136979,126304,11/20/24,2024-2025,2:20 PM,0,0,1
67017680,67_67399_5136979,126463,12/9/24,2024-2025,3:02 PM,0,1,0
67017680,67_67399_5136979,127736,3/19/25,2024-2025,8:06 AM,0,1,1
67017680,67_67399_5136979,128124,4/14/25,2024-2025,11:37 AM,0,1,1
67017681,67_67399_5136979,126231,11/15/24,2024-2025,11:02 AM,0,0,1
67017681,67_67399_5136979,126278,11/19/24,2024-2025,1:40 PM,0,0,1
67017681,67_67399_5136979,127138,2/4/25,2024-2025,9:30 AM,0,0,0
67017683,67_67399_5136979,126364,11/22/24,2024-2025,3:19 PM,0,0,1
67017683,67_67399_5136979,128633,1/13/25,2024-2025,10:58 AM,0,2,0
67017683,67_67399_5136979,126797,1/22/25,2024-2025,4:07 PM,0,0,1
67017683,67_67399_5136979,128642,2/18/25,2024-2025,11:21 AM,0,0,1
67017683,67_67399_5136979,128644,3/24/25,2024-2025,2:30 PM,0,1,0
67017683,67_67399_5136979,128643,4/2/25,2024-2025,11:50 AM,0,0,1
67017683,67_67399_5136979,128628,5/27/25,2024-2025,8:47 AM,4,0,0
67017686,67_67399_5136979,127890,3/28/25,2024-2025,10:28 AM,0,1,0
67017695,67_67399_5136979,126538,12/16/24,2024-2025,9:15 AM,0,1,0
67017702,67_67399_5136979,127772,3/21/25,2024-2025,12:28 PM,0,1,0
67017702,67_67399_5136979,128097,4/11/25,2024-2025,10:36 AM,0,1,0
67017704,67_67399_5136979,125775,10/10/24,2024-2025,2:00 PM,0,0,1
67017704,67_67399_5136979,125941,10/24/24,2024-2025,3:24 PM,0,0,2
67017704,67_67399_5136979,125937,10/24/24,2024-2025,1:26 PM,0,0,1
67017704,67_67399_5136979,126168,11/12/24,2024-2025,9:31 AM,0,0,1
67017704,67_67399_5136979,126217,11/14/24,2024-2025,9:30 AM,0,0,0
67017704,67_67399_5136979,126415,12/4/24,2024-2025,12:40 PM,0,1,0
67017704,67_67399_5136979,126471,12/10/24,2024-2025,9:07 AM,0,0,1
67017704,67_67399_5136979,126967,1/30/25,2024-2025,3:02 PM,0,1,0
67017704,67_67399_5136979,127232,2/14/25,2024-2025,2:42 PM,0,1,0
67017704,67_67399_5136979,127418,2/27/25,2024-2025,1:10 PM,0,2,0
67017704,67_67399_5136979,127480,3/5/25,2024-2025,12:36 PM,0,1,0
67017711,67_67399_5136979,126519,12/12/24,2024-2025,2:57 PM,0,0,1
67017711,67_67399_5136979,127202,2/13/25,2024-2025,2:55 PM,0,0,1
67017712,67_67399_5136979,127402,2/26/25,2024-2025,2:50 PM,0,2,0
67017734,67_67399_5136979,126157,11/8/24,2024-2025,2:57 PM,0,0,1
67017734,67_67399_5136979,126173,11/12/24,2024-2025,12:25 PM,0,0,1
67017734,67_67399_5136979,126195,11/13/24,2024-2025,1:17 PM,0,0,1
67017734,67_67399_5136979,126245,11/15/24,2024-2025,2:30 PM,0,0,1
67017734,67_67399_5136979,126260,11/18/24,2024-2025,1:13 PM,0,0,1
67017735,67_67399_5136979,126121,11/7/24,2024-2025,10:30 AM,0,0,0
67017735,67_67399_5136979,127043,2/5/25,2024-2025,10:32 AM,0,2,0
67017735,67_67399_5136979,127216,2/13/25,2024-2025,1:45 PM,0,0,1
67017735,67_67399_5136979,127406,2/26/25,2024-2025,11:56 AM,3,0,0
67017741,67_67399_5136979,126220,11/14/24,2024-2025,9:30 AM,0,0,0
67017745,67_67399_5136979,127951,4/2/25,2024-2025,10:53 AM,0,0,1
67017749,67_67399_5136979,127776,3/21/25,2024-2025,1:20 PM,0,2,0
67017749,67_67399_5136979,127799,3/24/25,2024-2025,1:28 PM,0,0,1
67017749,67_67399_5136979,127905,3/28/25,2024-2025,8:55 AM,0,0,1
67017754,67_67399_5136979,127231,2/14/25,2024-2025,2:40 PM,0,0,1
67017757,67_67399_5136979,126068,11/4/24,2024-2025,9:42 AM,0,1,0
67017757,67_67399_5136979,126274,11/19/24,2024-2025,11:20 AM,0,0,1
67017757,67_67399_5136979,126917,1/29/25,2024-2025,11:10 AM,0,1,0
67017757,67_67399_5136979,127073,2/6/25,2024-2025,11:12 AM,0,1,0
67017757,67_67399_5136979,127345,2/24/25,2024-2025,1:35 PM,0,0,1
67017766,67_67399_5136979,126108,11/6/24,2024-2025,12:53 PM,0,2,0
67017766,67_67399_5136979,126307,11/20/24,2024-2025,2:30 PM,0,1,0
67017766,67_67399_5136979,126936,1/28/25,2024-2025,9:30 AM,0,0,1
67017767,67_67399_5136979,125229,8/28/24,2024-2025,11:50 AM,0,0,0
67017767,67_67399_5136979,125473,9/17/24,2024-2025,8:05 AM,0,0,0
67017767,67_67399_5136979,126263,11/18/24,2024-2025,1:47 PM,0,0,0
67017767,67_67399_5136979,128596,5/22/25,2024-2025,12:03 PM,0,2,0
67017770,67_67399_5136979,125510,9/20/24,2024-2025,1:32 PM,0,2,0
67017770,67_67399_5136979,125762,10/10/24,2024-2025,10:19 AM,0,0,1
67017770,67_67399_5136979,126348,11/22/24,2024-2025,9:37 AM,0,0,1
67017770,67_67399_5136979,126865,1/28/25,2024-2025,9:21 AM,0,0,0
67017770,67_67399_5136979,127121,2/7/25,2024-2025,2:09 PM,0,0,1
67017770,67_67399_5136979,128136,4/14/25,2024-2025,2:35 PM,0,1,0
67017770,67_67399_5136979,128369,5/7/25,2024-2025,12:45 PM,4,0,1
67017772,67_67399_5136979,126283,11/19/24,2024-2025,2:42 PM,0,1,0
67017772,67_67399_5136979,126777,1/22/25,2024-2025,12:06 PM,0,1,0
67017772,67_67399_5136979,126879,1/28/25,2024-2025,11:27 AM,0,1,0
67017776,67_67399_5136979,128370,5/7/25,2024-2025,12:45 PM,2,0,1
67017788,67_67399_5136979,128563,5/21/25,2024-2025,9:58 AM,0,1,0
67017792,67_67399_5136979,126321,11/21/24,2024-2025,11:10 AM,0,2,0
67017792,67_67399_5136979,126808,1/23/25,2024-2025,10:55 AM,0,0,2
67017795,67_67399_5136979,125884,10/21/24,2024-2025,9:10 AM,0,1,0
67017795,67_67399_5136979,126062,10/25/24,2024-2025,2:00 PM,0,0,0
67017795,67_67399_5136979,126291,11/20/24,2024-2025,9:17 AM,0,1,0
67017795,67_67399_5136979,127525,12/15/24,2024-2025,2:50 PM,0,1,0
67017795,67_67399_5136979,127825,12/16/24,2024-2025,10:20 PM,0,0,1
67017795,67_67399_5136979,127826,12/18/24,2024-2025,2:02 PM,0,1,0
67017795,67_67399_5136979,127839,1/20/25,2024-2025,11:23 AM,0,2,0
67017795,67_67399_5136979,127841,1/21/25,2024-2025,1:10 PM,0,3,0
67017795,67_67399_5136979,127842,1/22/25,2024-2025,1:38 PM,0,1,0
67017795,67_67399_5136979,126815,1/23/25,2024-2025,9:00 AM,0,0,1
67017795,67_67399_5136979,126841,1/24/25,2024-2025,11:51 AM,0,1,0
67017795,67_67399_5136979,126862,1/27/25,2024-2025,11:26 AM,0,2,0
67017795,67_67399_5136979,126932,1/29/25,2024-2025,2:37 PM,0,0,1
67017795,67_67399_5136979,127013,2/4/25,2024-2025,9:21 AM,0,0,1
67017795,67_67399_5136979,127858,2/5/25,2024-2025,8:37 AM,0,2,0
67017795,67_67399_5136979,127860,2/10/25,2024-2025,9:52 AM,0,2,0
67017795,67_67399_5136979,127132,2/11/25,2024-2025,9:16 AM,0,2,0
67017795,67_67399_5136979,127861,2/11/25,2024-2025,9:54 AM,0,2,0
67017795,67_67399_5136979,127220,2/14/25,2024-2025,11:28 AM,0,1,0
67017795,67_67399_5136979,127863,2/14/25,2024-2025,9:56 AM,0,2,0
67017795,67_67399_5136979,127237,2/18/25,2024-2025,9:14 AM,0,1,0
67017795,67_67399_5136979,127868,2/19/25,2024-2025,10:50 AM,0,2,0
67017795,67_67399_5136979,127268,2/19/25,2024-2025,2:55 PM,0,0,1
67017795,67_67399_5136979,127388,2/26/25,2024-2025,2:43 PM,0,0,0
67017795,67_67399_5136979,127415,2/27/25,2024-2025,2:01 PM,0,0,1
67017795,67_67399_5136979,127488,3/3/25,2024-2025,2:05 PM,0,1,0
67017795,67_67399_5136979,127487,3/5/25,2024-2025,2:08 PM,0,0,1
67017795,67_67399_5136979,127503,3/6/25,2024-2025,10:22 AM,0,0,1
67017795,67_67399_5136979,127515,3/6/25,2024-2025,1:13 PM,0,0,1
67017795,67_67399_5136979,127588,3/11/25,2024-2025,2:02 PM,0,2,0
67017795,67_67399_5136979,127790,3/12/25,2024-2025,11:30 AM,2,0,0
67017795,67_67399_5136979,127781,3/21/25,2024-2025,2:56 PM,0,0,1
67017795,67_67399_5136979,127775,3/21/25,2024-2025,1:20 PM,0,1,0
67017795,67_67399_5136979,127793,3/24/25,2024-2025,11:00 AM,4,1,1
67017798,67_67399_5136979,126935,1/28/25,2024-2025,1:30 PM,0,0,0
67017800,67_67399_5136979,127695,3/18/25,2024-2025,8:30 AM,0,1,0
67017817,67_67399_5136979,127620,3/13/25,2024-2025,12:00 PM,0,0,1
67017817,67_67399_5136979,127987,4/4/25,2024-2025,11:33 AM,0,1,0
67017824,67_67399_5136979,128498,5/15/25,2024-2025,1:00 PM,3,0,0
67017827,67_67399_5136979,127631,3/13/25,2024-2025,4:22 PM,0,0,1
67017827,67_67399_5136979,127641,3/14/25,2024-2025,9:47 AM,0,0,1
67017829,67_67399_5136979,127062,2/5/25,2024-2025,11:00 AM,0,1,0
67017834,67_67399_5136979,126414,12/4/24,2024-2025,12:07 PM,0,1,0
67017840,67_67399_5136979,125812,10/15/24,2024-2025,12:04 PM,0,1,0
67017840,67_67399_5136979,125892,10/21/24,2024-2025,2:54 PM,0,1,0
67017840,67_67399_5136979,125948,10/25/24,2024-2025,10:20 AM,0,0,1
67017840,67_67399_5136979,126565,12/18/24,2024-2025,10:22 AM,0,1,0
67017840,67_67399_5136979,127904,3/28/25,2024-2025,10:00 AM,0,1,1
67017841,67_67399_5136979,126412,12/4/24,2024-2025,12:19 PM,0,1,0
67017841,67_67399_5136979,127007,2/3/25,2024-2025,2:46 PM,0,0,1
67017841,67_67399_5136979,127642,3/13/25,2024-2025,9:53 AM,0,0,1
67017843,67_67399_5136979,127008,2/3/25,2024-2025,2:50 PM,0,1,0
67017847,67_67399_5136979,128455,5/14/25,2024-2025,9:09 AM,0,1,0
67017854,67_67399_5136979,125977,10/29/24,2024-2025,10:19 AM,0,1,0
67017857,67_67399_5136979,126490,12/11/24,2024-2025,12:10 PM,0,0,2
67017857,67_67399_5136979,127194,2/13/25,2024-2025,10:45 AM,0,1,1
67017861,67_67399_5136979,127633,3/13/25,2024-2025,4:28 PM,0,0,1
67017866,67_67399_5136979,126502,12/12/24,2024-2025,8:55 AM,0,0,1
67017866,67_67399_5136979,126818,1/23/25,2024-2025,1:28 PM,0,0,1
67017866,67_67399_5136979,127398,2/27/25,2024-2025,9:23 AM,0,0,1
67017866,67_67399_5136979,127484,3/5/25,2024-2025,9:10 AM,0,2,0
67017866,67_67399_5136979,127874,3/27/25,2024-2025,9:00 AM,0,2,0
67017880,67_67399_5136979,127902,3/28/25,2024-2025,2:43 PM,0,1,0
67017880,67_67399_5136979,128023,4/8/25,2024-2025,10:04 AM,0,1,0
67017880,67_67399_5136979,128491,5/15/25,2024-2025,2:10 PM,0,3,0
67017882,67_67399_5136979,127486,3/5/25,2024-2025,10:45 AM,0,2,0
67017891,67_67399_5136979,126979,1/31/25,2024-2025,12:31 PM,0,1,0
67017894,67_67399_5136979,126930,1/28/25,2024-2025,9:30 AM,0,0,1
67017897,67_67399_5136979,127108,2/7/25,2024-2025,9:00 AM,0,0,0
67017897,67_67399_5136979,127603,3/12/25,2024-2025,1:16 PM,0,0,1
67017904,67_67399_5136979,125883,10/21/24,2024-2025,9:00 AM,0,1,0
67017904,67_67399_5136979,125944,10/25/24,2024-2025,8:50 AM,0,0,1
67017904,67_67399_5136979,127215,2/14/25,2024-2025,8:23 AM,0,2,0
67017904,67_67399_5136979,127586,3/11/25,2024-2025,1:58 PM,0,3,0
67017904,67_67399_5136979,127697,3/18/25,2024-2025,10:02 AM,0,1,0
67017904,67_67399_5136979,128021,4/8/25,2024-2025,8:25 AM,0,0,1
67017905,67_67399_5136979,126115,11/6/24,2024-2025,3:08 PM,0,0,1
67017905,67_67399_5136979,126878,1/28/25,2024-2025,10:25 AM,0,0,0
67017906,67_67399_5136979,125802,10/14/24,2024-2025,2:47 PM,0,1,0
67017906,67_67399_5136979,126413,12/4/24,2024-2025,11:45 AM,0,2,0
67017906,67_67399_5136979,127029,2/4/25,2024-2025,11:45 AM,0,0,1
67017906,67_67399_5136979,127955,4/3/25,2024-2025,11:05 AM,0,1,0
67017910,67_67399_5136979,128493,5/15/25,2024-2025,2:18 PM,0,1,0
67017917,67_67399_5136979,128582,5/21/25,2024-2025,3:41 PM,0,1,0
67017920,67_67399_5136979,126445,12/6/24,2024-2025,10:46 AM,0,1,0
67017920,67_67399_5136979,128333,5/6/25,2024-2025,2:16 PM,0,0,1
67017924,67_67399_5136979,126344,11/21/24,2024-2025,4:13 PM,0,1,0
67017926,67_67399_5136979,127078,2/6/25,2024-2025,11:00 AM,0,2,0
67017927,67_67399_5136979,127643,3/13/25,2024-2025,9:56 AM,0,0,1
67017928,67_67399_5136979,125589,9/27/24,2024-2025,3:05 PM,0,1,0
67017928,67_67399_5136979,126388,12/2/24,2024-2025,2:54 PM,0,1,0
67017928,67_67399_5136979,127629,3/13/25,2024-2025,4:11 PM,0,0,1
67017929,67_67399_5136979,126586,1/6/25,2024-2025,10:30 AM,0,0,0
67017929,67_67399_5136979,127461,3/4/25,2024-2025,11:00 AM,0,0,2
67017930,67_67399_5136979,128366,5/7/25,2024-2025,12:45 PM,4,0,1
67017933,67_67399_5136979,127590,3/11/25,2024-2025,1:35 PM,3,0,0
67017938,67_67399_5136979,125792,10/11/24,2024-2025,2:43 PM,0,1,0
67017940,67_67399_5136979,127485,3/5/25,2024-2025,12:05 PM,0,2,0
67017940,67_67399_5136979,127646,3/13/25,2024-2025,10:02 AM,0,0,1
67017947,67_67399_5136979,126874,1/28/25,2024-2025,10:25 AM,0,0,0
67017950,67_67399_5136979,127645,3/13/25,2024-2025,10:00 AM,0,0,1
67017957,67_67399_5136979,127589,3/11/25,2024-2025,1:30 PM,3,0,0
67017957,67_67399_5136979,127978,4/3/25,2024-2025,3:06 PM,0,1,0
67017959,67_67399_5136979,125591,9/27/24,2024-2025,3:20 PM,0,1,0
67017967,67_67399_5136979,126834,1/24/25,2024-2025,9:40 AM,0,0,1
67017967,67_67399_5136979,127538,3/7/25,2024-2025,9:50 AM,0,1,0
67017972,67_67399_5136979,125710,10/7/24,2024-2025,3:04 PM,0,0,1
67017972,67_67399_5136979,126401,12/3/24,2024-2025,10:30 AM,0,0,0
67017972,67_67399_5136979,126643,1/10/25,2024-2025,9:00 AM,0,0,2
67017972,67_67399_5136979,127738,3/20/25,2024-2025,9:29 AM,0,1,0
67017972,67_67399_5136979,128035,4/8/25,2024-2025,11:15 AM,0,0,1
67017972,67_67399_5136979,128294,5/2/25,2024-2025,12:30 PM,0,1,0
67017972,67_67399_5136979,128561,5/21/25,2024-2025,9:27 AM,0,0,2
67017978,67_67399_5136979,126311,10/21/24,2024-2025,9:00 AM,0,0,0
67017978,67_67399_5136979,126266,11/18/24,2024-2025,1:47 PM,0,0,0
67017978,67_67399_5136979,126812,1/23/25,2024-2025,10:10 AM,0,0,2
67017978,67_67399_5136979,128426,5/12/25,2024-2025,1:45 PM,0,1,0
67017985,67_67399_5136979,125167,8/21/24,2024-2025,8:10 AM,0,0,0
67017985,67_67399_5136979,125440,9/12/24,2024-2025,12:45 PM,0,0,0
67017985,67_67399_5136979,126197,10/22/24,2024-2025,9:50 AM,0,0,1
67017985,67_67399_5136979,126138,11/7/24,2024-2025,3:00 PM,0,0,0
67017986,67_67399_5136979,127592,3/11/25,2024-2025,11:22 AM,0,1,0
67017990,67_67399_5136979,125788,10/11/24,2024-2025,10:17 AM,0,1,0
67017990,67_67399_5136979,126916,1/29/25,2024-2025,11:40 AM,0,0,2
67017995,67_67399_5136979,127594,3/11/25,2024-2025,11:19 AM,0,1,0
67017995,67_67399_5136979,127630,3/13/25,2024-2025,4:18 PM,0,0,1
67018019,67_67399_5136979,125230,8/28/24,2024-2025,12:00 PM,0,0,0
67018019,67_67399_5136979,127051,2/5/25,2024-2025,8:55 AM,0,2,1
67018019,67_67399_5136979,127585,3/11/25,2024-2025,1:52 PM,0,3,0
67018019,67_67399_5136979,128034,4/8/25,2024-2025,1:39 PM,0,0,1
67018020,67_67399_5136979,128470,5/14/25,2024-2025,2:38 PM,0,1,0
67018023,67_67399_5136979,127644,3/13/25,2024-2025,9:57 AM,0,0,1
67018024,67_67399_5136979,128693,6/2/25,2024-2025,2:11 PM,0,1,0
67018025,67_67399_5136979,127632,3/13/25,2024-2025,4:26 PM,0,0,1
67018025,67_67399_5136979,128579,5/21/25,2024-2025,2:31 PM,0,2,0
67018032,67_67399_5136979,126103,11/6/24,2024-2025,10:40 AM,0,0,0
67018032,67_67399_5136979,126194,11/13/24,2024-2025,1:13 PM,0,2,0
67018033,67_67399_5136979,127111,2/7/25,2024-2025,9:00 AM,3,0,0
67018040,67_67399_5136979,126132,11/7/24,2024-2025,2:41 PM,0,1,0
67018044,67_67399_5136979,126904,1/28/25,2024-2025,12:30 PM,0,0,1
67018045,67_67399_5136979,126956,1/30/25,2024-2025,1:53 PM,0,0,1
67018045,67_67399_5136979,127953,4/3/25,2024-2025,11:00 AM,0,1,0
67018046,67_67399_5136979,126955,1/30/25,2024-2025,1:47 PM,0,1,0
67018050,67_67399_5136979,128432,5/13/25,2024-2025,8:32 AM,0,1,2
67018052,67_67399_5136979,127587,3/11/25,2024-2025,11:53 AM,0,1,0
67018066,67_67399_5136979,127906,3/28/25,2024-2025,2:05 PM,0,0,1
67017094,67_67399_5136980,126560,12/17/24,2024-2025,1:45 PM,0,1,0
67017094,67_67399_5136980,126924,1/29/25,2024-2025,1:28 PM,1,0,0
67018075,67_67399_5136980,125628,10/2/24,2024-2025,10:35 AM,0,2,0
67018075,67_67399_5136980,125799,10/14/24,2024-2025,2:30 PM,0,1,0
67018075,67_67399_5136980,127831,3/25/25,2024-2025,2:50 PM,0,1,0
67018075,67_67399_5136980,128169,4/16/25,2024-2025,12:30 PM,0,1,0
67018076,67_67399_5136980,128049,4/8/25,2024-2025,12:45 PM,0,0,1
67018080,67_67399_5136980,126436,12/5/24,2024-2025,11:40 AM,0,0,0
67018082,67_67399_5136980,127246,2/18/25,2024-2025,11:08 AM,0,3,1
67018084,67_67399_5136980,125309,9/4/24,2024-2025,4:24 PM,0,2,1
67018084,67_67399_5136980,125377,9/10/24,2024-2025,10:10 AM,0,0,1
67018084,67_67399_5136980,125400,9/10/24,2024-2025,3:15 PM,0,0,0
67018084,67_67399_5136980,125469,9/17/24,2024-2025,9:49 AM,0,1,0
67018084,67_67399_5136980,125504,9/20/24,2024-2025,10:45 AM,0,0,2
67018084,67_67399_5136980,125525,9/23/24,2024-2025,11:43 AM,0,1,0
67018084,67_67399_5136980,125543,9/24/24,2024-2025,12:24 PM,0,2,0
67018084,67_67399_5136980,125579,9/27/24,2024-2025,10:36 AM,0,1,0
67018084,67_67399_5136980,125631,10/2/24,2024-2025,11:28 AM,0,2,0
67018084,67_67399_5136980,125646,10/3/24,2024-2025,10:24 AM,0,2,0
67018084,67_67399_5136980,125696,10/7/24,2024-2025,11:03 AM,0,2,0
67018084,67_67399_5136980,125720,10/8/24,2024-2025,11:04 AM,0,0,1
67018084,67_67399_5136980,125763,10/10/24,2024-2025,11:04 AM,0,2,0
67018084,67_67399_5136980,125796,10/14/24,2024-2025,11:13 AM,0,1,2
67018085,67_67399_5136980,125524,9/23/24,2024-2025,11:40 AM,0,1,0
67018085,67_67399_5136980,126048,11/1/24,2024-2025,12:17 PM,0,1,0
67018085,67_67399_5136980,126340,11/21/24,2024-2025,2:30 PM,0,0,0
67018085,67_67399_5136980,126761,1/17/25,2024-2025,1:30 PM,0,0,2
67018085,67_67399_5136980,127064,2/6/25,2024-2025,8:13 AM,0,0,1
67018085,67_67399_5136980,127240,2/18/25,2024-2025,9:46 AM,0,0,1
67018085,67_67399_5136980,127501,3/6/25,2024-2025,10:05 AM,0,0,1
67018085,67_67399_5136980,127880,3/27/25,2024-2025,1:34 PM,0,1,0
67018085,67_67399_5136980,127917,4/1/25,2024-2025,1:59 PM,0,3,0
67018085,67_67399_5136980,127926,4/2/25,2024-2025,9:41 AM,0,1,0
67018085,67_67399_5136980,128358,5/7/25,2024-2025,11:45 AM,0,1,0
67018085,67_67399_5136980,128349,5/7/25,2024-2025,10:13 AM,0,1,0
67018085,67_67399_5136980,128385,5/8/25,2024-2025,12:55 PM,0,0,0
67018085,67_67399_5136980,128375,5/8/25,2024-2025,9:44 AM,0,1,0
67018086,67_67399_5136980,125490,9/19/24,2024-2025,9:51 AM,0,1,0
67018088,67_67399_5136980,125867,10/17/24,2024-2025,2:23 PM,0,1,0
67018088,67_67399_5136980,128354,5/7/25,2024-2025,11:59 AM,0,1,0
67018089,67_67399_5136980,125176,8/22/24,2024-2025,11:30 AM,0,1,1
67018089,67_67399_5136980,125439,9/12/24,2024-2025,2:09 PM,0,1,0
67018089,67_67399_5136980,125672,10/4/24,2024-2025,10:15 AM,0,0,1
67018089,67_67399_5136980,126017,10/30/24,2024-2025,12:10 PM,0,1,0
67018089,67_67399_5136980,126074,11/4/24,2024-2025,12:05 PM,0,2,0
67018089,67_67399_5136980,126086,11/5/24,2024-2025,1:31 PM,0,0,1
67018089,67_67399_5136980,126087,11/5/24,2024-2025,1:26 PM,0,0,1
67018089,67_67399_5136980,126205,11/14/24,2024-2025,9:19 AM,0,0,0
67018089,67_67399_5136980,126473,12/10/24,2024-2025,10:15 AM,0,0,0
67018089,67_67399_5136980,126505,12/12/24,2024-2025,9:33 AM,0,1,1
67018089,67_67399_5136980,126567,12/18/24,2024-2025,9:55 AM,0,0,0
67018091,67_67399_5136980,128360,5/7/25,2024-2025,1:02 PM,0,1,0
67018094,67_67399_5136980,125332,9/6/24,2024-2025,9:00 AM,0,0,1
67018094,67_67399_5136980,125438,9/12/24,2024-2025,2:00 PM,0,2,1
67018094,67_67399_5136980,125500,9/19/24,2024-2025,2:45 PM,0,0,2
67018094,67_67399_5136980,125823,10/16/24,2024-2025,10:54 AM,0,0,1
67018094,67_67399_5136980,125913,10/23/24,2024-2025,11:27 AM,0,1,0
67018094,67_67399_5136980,126073,11/4/24,2024-2025,11:48 AM,0,2,0
67018094,67_67399_5136980,126208,11/14/24,2024-2025,10:45 AM,0,2,0
67018094,67_67399_5136980,126244,11/16/24,2024-2025,8:30 AM,0,0,1
67018094,67_67399_5136980,126289,11/19/24,2024-2025,3:59 PM,0,0,1
67018094,67_67399_5136980,126270,11/19/24,2024-2025,11:29 AM,0,1,0
67018094,67_67399_5136980,126535,12/14/24,2024-2025,10:59 AM,0,0,1
67018094,67_67399_5136980,126839,1/24/25,2024-2025,11:14 AM,0,1,0
67018094,67_67399_5136980,126974,1/31/25,2024-2025,11:20 AM,0,1,2
67018094,67_67399_5136980,127507,3/6/25,2024-2025,11:57 AM,0,0,1
67018094,67_67399_5136980,127700,3/18/25,2024-2025,11:26 AM,0,0,1
67018094,67_67399_5136980,127754,3/20/25,2024-2025,11:50 AM,0,2,0
67018094,67_67399_5136980,127928,4/2/25,2024-2025,10:58 AM,0,1,0
67018094,67_67399_5136980,127981,4/3/25,2024-2025,3:25 PM,0,1,0
67018094,67_67399_5136980,128166,4/16/25,2024-2025,11:34 AM,0,1,0
67018094,67_67399_5136980,128292,5/2/25,2024-2025,9:29 AM,0,2,1
67018094,67_67399_5136980,128304,5/5/25,2024-2025,10:36 AM,0,2,0
67018094,67_67399_5136980,128346,5/7/25,2024-2025,9:29 AM,0,2,0
67018094,67_67399_5136980,128416,5/12/25,2024-2025,12:50 PM,0,0,1
67018094,67_67399_5136980,128405,5/12/25,2024-2025,10:51 AM,0,1,0
67018094,67_67399_5136980,128517,5/16/25,2024-2025,11:46 AM,0,2,0
67018094,67_67399_5136980,128529,5/19/25,2024-2025,10:04 AM,0,1,2
67018094,67_67399_5136980,128720,6/5/25,2024-2025,2:30 PM,0,1,1
67018097,67_67399_5136980,125339,9/6/24,2024-2025,12:22 PM,0,0,1
67018097,67_67399_5136980,125636,10/1/24,2024-2025,12:30 PM,0,0,2
67018097,67_67399_5136980,125669,10/4/24,2024-2025,10:15 AM,0,0,1
67018097,67_67399_5136980,125856,10/17/24,2024-2025,12:26 PM,0,1,0
67018097,67_67399_5136980,126442,12/6/24,2024-2025,10:25 AM,0,2,0
67018097,67_67399_5136980,126607,1/7/25,2024-2025,11:45 AM,0,0,2
67018097,67_67399_5136980,127445,3/3/25,2024-2025,2:12 PM,0,0,0
67018103,67_67399_5136980,125260,8/29/24,2024-2025,11:15 AM,2,0,0
67018103,67_67399_5136980,127964,4/3/25,2024-2025,12:50 PM,0,2,0
67018108,67_67399_5136980,127313,2/21/25,2024-2025,12:47 PM,0,0,0
67018108,67_67399_5136980,128088,4/10/25,2024-2025,1:12 PM,0,0,0
67018109,67_67399_5136980,125313,9/5/24,2024-2025,10:23 AM,0,1,0
67018110,67_67399_5136980,125470,9/17/24,2024-2025,10:15 AM,0,2,0
67018110,67_67399_5136980,127023,2/4/25,2024-2025,11:18 AM,0,1,1
67018110,67_67399_5136980,128245,4/30/25,2024-2025,9:42 AM,0,2,1
67018116,67_67399_5136980,128126,4/14/25,2024-2025,11:58 AM,0,1,0
67018119,67_67399_5136980,127804,3/24/25,2024-2025,2:27 PM,0,2,0
67018119,67_67399_5136980,128705,6/3/25,2024-2025,2:28 PM,0,1,0
67018128,67_67399_5136980,125757,10/10/24,2024-2025,8:13 AM,0,1,0
67018128,67_67399_5136980,126500,12/11/24,2024-2025,2:40 PM,0,1,0
67018130,67_67399_5136980,125604,9/30/24,2024-2025,12:00 PM,0,0,1
67018133,67_67399_5136980,126325,11/21/24,2024-2025,12:10 PM,0,1,0
67018133,67_67399_5136980,128115,4/14/25,2024-2025,2:00 PM,0,0,0
67018139,67_67399_5136980,127815,3/25/25,2024-2025,11:40 AM,0,1,0
67018139,67_67399_5136980,128002,4/7/25,2024-2025,12:20 PM,0,1,0
67018140,67_67399_5136980,125773,10/10/24,2024-2025,2:31 PM,0,1,0
67018140,67_67399_5136980,126564,12/18/24,2024-2025,10:18 AM,0,3,0
67018140,67_67399_5136980,127094,2/6/25,2024-2025,1:10 PM,3,0,0
67018140,67_67399_5136980,127884,3/27/25,2024-2025,2:26 PM,0,1,0
67018140,67_67399_5136980,128612,5/23/25,2024-2025,11:13 AM,0,1,0
67018141,67_67399_5136980,125404,9/11/24,2024-2025,11:07 AM,0,0,1
67018141,67_67399_5136980,125928,10/23/24,2024-2025,2:15 PM,0,0,0
67018141,67_67399_5136980,125966,10/28/24,2024-2025,1:43 PM,0,1,0
67018141,67_67399_5136980,126334,11/21/24,2024-2025,1:36 PM,0,1,0
67018141,67_67399_5136980,126479,12/10/24,2024-2025,1:38 PM,0,1,0
67018141,67_67399_5136980,126590,1/6/25,2024-2025,1:50 PM,0,1,0
67018141,67_67399_5136980,126780,1/22/25,2024-2025,1:51 PM,0,1,0
67018141,67_67399_5136980,127016,2/4/25,2024-2025,9:52 AM,0,1,0
67018141,67_67399_5136980,127462,3/4/25,2024-2025,2:12 PM,0,1,0
67018141,67_67399_5136980,128007,4/7/25,2024-2025,2:33 PM,0,1,0
67018141,67_67399_5136980,128558,5/20/25,2024-2025,2:36 PM,0,1,0
67018141,67_67399_5136980,128557,5/20/25,2024-2025,2:13 PM,0,1,0
67018141,67_67399_5136980,128638,5/27/25,2024-2025,3:13 PM,0,1,0
67018143,67_67399_5136980,125674,10/4/24,2024-2025,11:30 AM,0,0,1
67018143,67_67399_5136980,126740,1/16/25,2024-2025,9:20 AM,0,0,0
67018143,67_67399_5136980,127021,2/4/25,2024-2025,11:00 AM,0,1,2
67018143,67_67399_5136980,127113,2/7/25,2024-2025,10:58 AM,0,2,1
67018143,67_67399_5136980,127191,2/13/25,2024-2025,11:12 AM,0,0,1
67018143,67_67399_5136980,127368,2/25/25,2024-2025,2:07 PM,0,0,1
67018143,67_67399_5136980,127450,3/4/25,2024-2025,9:28 AM,0,1,0
67018143,67_67399_5136980,127765,3/21/25,2024-2025,9:18 AM,0,2,0
67018143,67_67399_5136980,127923,4/2/25,2024-2025,9:03 AM,0,0,1
67018143,67_67399_5136980,128237,4/29/25,2024-2025,1:57 PM,0,1,0
67018143,67_67399_5136980,128635,5/27/25,2024-2025,11:46 AM,0,0,1
67018143,67_67399_5136980,128657,5/29/25,2024-2025,12:25 PM,0,0,1
67018144,67_67399_5136980,125240,8/28/24,2024-2025,2:59 PM,0,1,1
67018144,67_67399_5136980,125851,10/17/24,2024-2025,9:20 AM,0,1,0
67018144,67_67399_5136980,126556,12/17/24,2024-2025,10:54 AM,0,2,0
67018146,67_67399_5136980,125676,10/4/24,2024-2025,12:14 PM,0,1,0
67018149,67_67399_5136980,125431,9/12/24,2024-2025,12:15 PM,0,1,0
67018149,67_67399_5136980,126403,12/3/24,2024-2025,1:35 PM,0,2,0
67018149,67_67399_5136980,127065,2/6/25,2024-2025,8:25 AM,0,2,0
67018150,67_67399_5136980,127254,2/18/25,2024-2025,1:50 PM,0,2,0
67018150,67_67399_5136980,128570,5/21/25,2024-2025,11:20 AM,0,0,1
67018156,67_67399_5136980,125197,8/27/24,2024-2025,7:55 AM,0,1,0
67018156,67_67399_5136980,125760,10/9/24,2024-2025,10:50 AM,0,2,0
67018156,67_67399_5136980,126608,1/7/25,2024-2025,11:45 AM,0,0,2
67018156,67_67399_5136980,127189,2/13/25,2024-2025,10:23 AM,0,0,1
67018156,67_67399_5136980,127285,2/20/25,2024-2025,2:12 PM,0,4,0
67018156,67_67399_5136980,128576,5/21/25,2024-2025,11:20 AM,0,1,1
67018159,67_67399_5136980,126821,1/23/25,2024-2025,2:08 PM,0,1,0
67018159,67_67399_5136980,126891,1/28/25,2024-2025,1:45 PM,0,2,0
67018159,67_67399_5136980,127090,2/6/25,2024-2025,1:30 PM,0,1,0
67018159,67_67399_5136980,127435,3/3/25,2024-2025,1:54 PM,0,0,1
67018159,67_67399_5136980,127520,3/6/25,2024-2025,1:57 PM,0,0,2
67018159,67_67399_5136980,127979,4/3/25,2024-2025,3:12 PM,0,1,0
67018159,67_67399_5136980,128453,5/13/25,2024-2025,2:53 PM,0,0,0
67018159,67_67399_5136980,128538,5/19/25,2024-2025,1:56 PM,0,2,0
67018161,67_67399_5136980,125479,9/18/24,2024-2025,11:43 AM,0,1,0
67018163,67_67399_5136980,127456,3/4/25,2024-2025,12:23 PM,0,1,0
67018166,67_67399_5136980,127326,2/24/25,2024-2025,10:40 AM,0,0,0
67018166,67_67399_5136980,127767,3/21/25,2024-2025,9:18 AM,0,1,0
67018166,67_67399_5136980,127813,3/25/25,2024-2025,10:22 AM,0,1,0
67018169,67_67399_5136980,127988,4/4/25,2024-2025,1:10 PM,0,0,1
67018171,67_67399_5136980,125295,8/30/24,2024-2025,7:55 AM,0,1,0
67018174,67_67399_5136980,128447,5/13/25,2024-2025,1:20 PM,0,0,1
67018174,67_67399_5136980,128719,6/5/25,2024-2025,2:19 PM,0,0,1
67018181,67_67399_5136980,125829,10/16/24,2024-2025,11:40 AM,0,0,1
67018181,67_67399_5136980,128610,5/23/25,2024-2025,9:30 AM,0,1,0
67018186,67_67399_5136980,126636,1/9/25,2024-2025,9:13 AM,0,0,1
67018186,67_67399_5136980,128631,5/27/25,2024-2025,9:30 AM,0,3,0
67018189,67_67399_5136980,127082,2/6/25,2024-2025,12:55 PM,0,1,0
67018194,67_67399_5136980,125298,9/3/24,2024-2025,12:01 PM,0,1,0
67018194,67_67399_5136980,125382,9/10/24,2024-2025,2:45 PM,0,2,0
67018194,67_67399_5136980,127821,3/25/25,2024-2025,10:16 AM,0,0,0
67018199,67_67399_5136980,127080,2/6/25,2024-2025,12:15 PM,0,1,0
67018199,67_67399_5136980,127081,2/6/25,2024-2025,12:33 PM,0,1,0
67018210,67_67399_5136980,128383,5/8/25,2024-2025,1:31 PM,0,0,1
67018210,67_67399_5136980,128379,5/8/25,2024-2025,11:37 AM,0,0,1
67018211,67_67399_5136980,126735,1/16/25,2024-2025,12:50 PM,0,1,0
67018216,67_67399_5136980,128052,4/9/25,2024-2025,11:20 AM,0,1,0
67018220,67_67399_5136980,125458,9/16/24,2024-2025,8:05 AM,0,1,0
67018223,67_67399_5136980,125815,10/15/24,2024-2025,2:18 PM,0,1,0
67018223,67_67399_5136980,125846,10/17/24,2024-2025,8:10 AM,0,1,0
67018225,67_67399_5136980,125687,10/4/24,2024-2025,2:23 PM,0,1,1
67018227,67_67399_5136980,127600,3/12/25,2024-2025,11:58 AM,0,1,0
67018228,67_67399_5136980,125195,8/27/24,2024-2025,8:08 AM,0,1,0
67018228,67_67399_5136980,125423,9/12/24,2024-2025,10:24 AM,0,1,0
67018228,67_67399_5136980,126069,11/4/24,2024-2025,10:15 AM,0,0,0
67018228,67_67399_5136980,126102,11/6/24,2024-2025,11:36 AM,0,1,0
67018228,67_67399_5136980,127379,2/26/25,2024-2025,10:40 AM,0,1,0
67018229,67_67399_5136980,125474,9/18/24,2024-2025,9:15 AM,0,1,0
67018230,67_67399_5136980,125270,8/29/24,2024-2025,8:15 AM,0,1,0
67018230,67_67399_5136980,127819,3/25/25,2024-2025,12:03 PM,0,1,0
67018232,67_67399_5136980,128451,5/13/25,2024-2025,2:10 PM,0,2,0
67018234,67_67399_5136980,125199,8/27/24,2024-2025,9:15 AM,0,1,0
67018243,67_67399_5136980,126685,1/14/25,2024-2025,9:45 AM,0,0,0
67018243,67_67399_5136980,127110,2/7/25,2024-2025,10:43 AM,0,1,0
67018245,67_67399_5136980,125315,9/5/24,2024-2025,11:30 AM,0,1,0
67018245,67_67399_5136980,126510,12/12/24,2024-2025,11:47 AM,0,2,0
67018245,67_67399_5136980,126784,1/22/25,2024-2025,2:26 PM,0,0,0
67018245,67_67399_5136980,127768,3/21/25,2024-2025,7:54 AM,0,0,0
67018245,67_67399_5136980,127990,4/4/25,2024-2025,3:01 PM,0,0,2
67018249,67_67399_5136980,125405,9/11/24,2024-2025,12:02 PM,0,0,1
67018249,67_67399_5136980,125733,10/9/24,2024-2025,11:53 AM,0,1,1
67018249,67_67399_5136980,126343,11/21/24,2024-2025,3:00 PM,0,2,0
67018249,67_67399_5136980,126965,1/30/25,2024-2025,2:40 PM,0,0,1
67018252,67_67399_5136980,128611,5/23/25,2024-2025,11:05 AM,0,1,0
67018258,67_67399_5136980,125528,9/23/24,2024-2025,11:35 AM,0,2,0
67018258,67_67399_5136980,126282,11/19/24,2024-2025,2:30 PM,0,2,1
67018258,67_67399_5136980,126378,12/2/24,2024-2025,11:27 AM,0,0,1
67018258,67_67399_5136980,127369,2/25/25,2024-2025,2:27 PM,0,2,1
67018258,67_67399_5136980,127432,3/3/25,2024-2025,12:00 PM,0,1,0
67018258,67_67399_5136980,127597,3/12/25,2024-2025,11:23 AM,0,2,0
67018258,67_67399_5136980,127701,3/18/25,2024-2025,11:24 AM,0,0,1
67018258,67_67399_5136980,127719,3/19/25,2024-2025,11:18 AM,0,1,0
67018258,67_67399_5136980,128421,5/12/25,2024-2025,2:50 PM,0,1,1
67018258,67_67399_5136980,128687,6/2/25,2024-2025,10:35 AM,0,2,0
67018258,67_67399_5136980,128696,6/2/25,2024-2025,2:19 PM,0,1,0
67018259,67_67399_5136980,127136,2/11/25,2024-2025,10:20 AM,0,1,0
67018266,67_67399_5136980,126252,11/18/24,2024-2025,11:10 AM,0,2,0
67018266,67_67399_5136980,126959,1/30/25,2024-2025,1:59 PM,0,1,0
67018266,67_67399_5136980,128000,4/7/25,2024-2025,1:44 PM,0,1,0
67018266,67_67399_5136980,128481,5/15/25,2024-2025,11:25 AM,0,0,0
67018270,67_67399_5136980,127846,3/26/25,2024-2025,12:21 PM,0,0,1
67018273,67_67399_5136980,126729,1/15/25,2024-2025,3:16 PM,0,0,1
67018287,67_67399_5136980,125415,9/12/24,2024-2025,8:01 AM,0,1,0
67018287,67_67399_5136980,125599,9/30/24,2024-2025,1:11 PM,3,0,0
67018287,67_67399_5136980,127404,2/27/25,2024-2025,11:56 AM,0,2,0
67018287,67_67399_5136980,128326,5/6/25,2024-2025,11:50 AM,0,1,0
67018287,67_67399_5136980,128679,6/2/25,2024-2025,9:25 AM,0,1,1
67018292,67_67399_5136980,127743,3/20/25,2024-2025,10:40 AM,0,0,0
67018294,67_67399_5136980,127477,3/5/25,2024-2025,11:45 AM,0,1,0
67018304,67_67399_5136980,126940,1/30/25,2024-2025,9:03 AM,0,1,1
67018304,67_67399_5136980,128181,4/17/25,2024-2025,8:43 AM,0,0,1
67018307,67_67399_5136980,126947,1/30/25,2024-2025,11:54 AM,0,1,1
67018307,67_67399_5136980,127557,3/10/25,2024-2025,1:48 PM,0,0,1
67018307,67_67399_5136980,128362,5/7/25,2024-2025,1:44 PM,0,2,0
67018308,67_67399_5136980,128076,4/10/25,2024-2025,10:33 AM,0,0,1
67018309,67_67399_5136980,127151,2/11/25,2024-2025,12:54 PM,0,1,0
67018316,67_67399_5136980,125766,10/10/24,2024-2025,12:20 PM,0,2,0
67018316,67_67399_5136980,126349,11/22/24,2024-2025,10:20 AM,0,2,0
67018316,67_67399_5136980,126919,1/29/25,2024-2025,12:43 PM,0,1,0
67018316,67_67399_5136980,127734,3/19/25,2024-2025,3:45 PM,0,0,1
67018316,67_67399_5136980,128450,5/13/25,2024-2025,10:14 AM,0,0,0
67018316,67_67399_5136980,128500,5/15/25,2024-2025,1:40 PM,0,2,0
67018316,67_67399_5136980,128545,5/20/25,2024-2025,9:55 AM,0,2,0
67018316,67_67399_5136980,128544,5/20/25,2024-2025,9:09 AM,0,0,0
67018316,67_67399_5136980,128625,5/23/25,2024-2025,2:35 PM,0,1,0
67018316,67_67399_5136980,128686,6/2/25,2024-2025,10:35 AM,0,2,0
67018320,67_67399_5136980,125551,9/25/24,2024-2025,9:21 AM,0,1,0
67018323,67_67399_5136980,125255,8/29/24,2024-2025,10:44 AM,0,2,0
67018323,67_67399_5136980,125527,9/23/24,2024-2025,11:55 AM,0,2,0
67018323,67_67399_5136980,125614,10/1/24,2024-2025,11:58 AM,0,0,2
67018323,67_67399_5136980,125732,10/9/24,2024-2025,11:33 AM,0,0,2
67018323,67_67399_5136980,125849,10/16/24,2024-2025,3:30 PM,0,2,2
67018323,67_67399_5136980,126147,11/8/24,2024-2025,11:43 AM,0,1,0
67018323,67_67399_5136980,126207,11/14/24,2024-2025,10:34 AM,0,2,1
67018323,67_67399_5136980,126333,11/18/24,2024-2025,9:15 AM,0,0,0
67018323,67_67399_5136980,126287,11/19/24,2024-2025,2:40 PM,0,0,2
67018323,67_67399_5136980,126268,11/19/24,2024-2025,11:05 AM,0,2,1
67018323,67_67399_5136980,126285,11/19/24,2024-2025,2:53 PM,0,1,1
67018323,67_67399_5136980,126297,11/19/24,2024-2025,2:15 PM,0,1,2
67018330,67_67399_5136980,125549,9/24/24,2024-2025,11:50 AM,0,1,0
67018330,67_67399_5136980,125878,10/18/24,2024-2025,11:52 AM,0,1,0
67018330,67_67399_5136980,126860,1/27/25,2024-2025,10:53 AM,0,1,0
67018330,67_67399_5136980,127960,4/3/25,2024-2025,11:45 AM,0,2,0
67018330,67_67399_5136980,128469,5/14/25,2024-2025,2:25 PM,0,1,0
67018334,67_67399_5136980,128178,4/17/25,2024-2025,8:17 AM,0,1,0
67018337,67_67399_5136980,127547,3/10/25,2024-2025,8:45 AM,0,1,0
67018342,67_67399_5136980,125208,8/27/24,2024-2025,11:57 AM,0,1,0
67018348,67_67399_5136980,126203,11/14/24,2024-2025,9:19 AM,0,0,0
67018348,67_67399_5136980,127453,3/4/25,2024-2025,10:27 AM,0,0,0
67018348,67_67399_5136980,127625,3/13/25,2024-2025,2:02 PM,0,1,0
67018348,67_67399_5136980,127660,3/14/25,2024-2025,1:28 PM,0,0,1
67018348,67_67399_5136980,127680,3/17/25,2024-2025,1:20 PM,0,0,1
67018348,67_67399_5136980,128305,5/5/25,2024-2025,10:44 AM,0,1,0
67018348,67_67399_5136980,128324,5/6/25,2024-2025,11:29 AM,0,1,0
67018348,67_67399_5136980,128352,5/7/25,2024-2025,10:37 AM,0,4,0
67018348,67_67399_5136980,128434,5/12/25,2024-2025,9:53 AM,3,0,1
67018348,67_67399_5136980,128695,6/2/25,2024-2025,2:19 PM,0,1,0
67018349,67_67399_5136980,125196,8/27/24,2024-2025,8:08 AM,0,1,0
67018349,67_67399_5136980,125866,10/17/24,2024-2025,2:46 PM,0,1,0
67018349,67_67399_5136980,127092,2/6/25,2024-2025,1:34 PM,0,2,0
67018349,67_67399_5136980,127197,2/13/25,2024-2025,1:22 PM,0,0,0
67018349,67_67399_5136980,127221,2/14/25,2024-2025,12:00 PM,0,0,0
67018349,67_67399_5136980,128691,6/2/25,2024-2025,12:08 PM,0,1,0
67018352,67_67399_5136980,125399,9/11/24,2024-2025,3:15 PM,1,0,0
67018352,67_67399_5136980,127797,3/24/25,2024-2025,1:24 PM,0,2,0
67018372,67_67399_5136980,126688,1/14/25,2024-2025,10:50 AM,0,0,0
67018373,67_67399_5136980,128180,4/17/25,2024-2025,8:41 AM,0,0,1
67018376,67_67399_5136980,127270,2/19/25,2024-2025,3:19 PM,0,1,1
67018376,67_67399_5136980,127419,2/27/25,2024-2025,3:10 PM,0,0,1
67018376,67_67399_5136980,127466,3/4/25,2024-2025,3:28 PM,0,1,2
67018379,67_67399_5136980,125522,9/23/24,2024-2025,8:10 AM,0,1,0
67018380,67_67399_5136980,126489,12/11/24,2024-2025,10:48 AM,0,1,0
67018382,67_67399_5136980,126026,10/31/24,2024-2025,10:30 AM,0,0,0
67018382,67_67399_5136980,127000,2/3/25,2024-2025,11:57 AM,0,1,1
67018386,67_67399_5136980,125554,9/25/24,2024-2025,12:21 PM,0,1,0
67018386,67_67399_5136980,127119,2/7/25,2024-2025,1:34 PM,0,0,1
67018386,67_67399_5136980,128179,4/17/25,2024-2025,8:21 AM,0,0,1
67018386,67_67399_5136980,128688,6/2/25,2024-2025,11:38 AM,0,0,1
67018392,67_67399_5136980,127400,2/27/25,2024-2025,11:45 AM,0,1,0
67018396,67_67399_5136980,125899,10/22/24,2024-2025,10:33 AM,0,1,0
67018406,67_67399_5136980,125387,9/10/24,2024-2025,3:15 PM,0,1,0
67018406,67_67399_5136980,125906,10/22/24,2024-2025,1:24 PM,0,1,1
67018406,67_67399_5136980,126005,10/30/24,2024-2025,9:42 AM,0,2,1
67018406,67_67399_5136980,126139,11/7/24,2024-2025,10:10 AM,0,1,1
67018406,67_67399_5136980,126145,11/8/24,2024-2025,10:53 AM,0,2,1
67018406,67_67399_5136980,126443,12/6/24,2024-2025,10:32 AM,0,2,0
67018406,67_67399_5136980,126905,1/29/25,2024-2025,10:19 AM,0,1,0
67018406,67_67399_5136980,126946,1/30/25,2024-2025,11:20 AM,0,1,0
67018406,67_67399_5136980,127446,3/3/25,2024-2025,2:12 PM,0,0,1
67018406,67_67399_5136980,127817,3/25/25,2024-2025,10:16 AM,0,0,0
67018408,67_67399_5136980,126322,11/21/24,2024-2025,11:27 AM,0,0,0
67018408,67_67399_5136980,127777,3/21/25,2024-2025,2:06 PM,0,2,0
67018408,67_67399_5136980,127829,3/25/25,2024-2025,2:23 PM,0,2,1
67018408,67_67399_5136980,127914,4/1/25,2024-2025,9:40 AM,0,0,1
67018418,67_67399_5136980,126778,1/22/25,2024-2025,1:13 PM,0,1,0
67018418,67_67399_5136980,127661,3/13/25,2024-2025,3:15 PM,0,0,0
67018418,67_67399_5136980,128442,5/13/25,2024-2025,12:37 PM,0,1,0
67018423,67_67399_5136980,125231,8/28/24,2024-2025,11:26 AM,0,1,0
67018423,67_67399_5136980,125337,9/6/24,2024-2025,12:20 PM,0,1,0
67018423,67_67399_5136980,125403,9/10/24,2024-2025,3:15 PM,0,0,0
67018423,67_67399_5136980,125656,10/3/24,2024-2025,1:40 PM,0,2,0
67018423,67_67399_5136980,125817,10/15/24,2024-2025,3:22 PM,0,1,0
67018423,67_67399_5136980,126259,11/18/24,2024-2025,2:57 PM,0,1,1
67018423,67_67399_5136980,126421,12/4/24,2024-2025,2:53 PM,0,1,0
67018423,67_67399_5136980,126476,12/10/24,2024-2025,11:55 AM,3,0,0
67018423,67_67399_5136980,126822,1/23/25,2024-2025,2:27 PM,0,1,0
67018423,67_67399_5136980,126952,1/30/25,2024-2025,1:28 PM,0,2,0
67018423,67_67399_5136980,127436,3/3/25,2024-2025,2:14 PM,0,1,0
67018423,67_67399_5136980,127773,3/21/25,2024-2025,1:24 PM,0,0,1
67018423,67_67399_5136980,128661,5/29/25,2024-2025,1:56 PM,0,1,0
67018427,67_67399_5136980,125190,8/26/24,2024-2025,12:23 PM,0,1,0
67018428,67_67399_5136980,125600,9/30/24,2024-2025,1:01 PM,0,1,0
67018428,67_67399_5136980,127290,2/21/25,2024-2025,9:22 AM,0,2,0
67018428,67_67399_5136980,127353,2/25/25,2024-2025,12:25 PM,0,1,0
67018428,67_67399_5136980,128664,5/29/25,2024-2025,2:30 PM,3,0,0
67018434,67_67399_5136980,125341,9/6/24,2024-2025,2:02 PM,0,0,1
67018434,67_67399_5136980,127059,2/5/25,2024-2025,2:34 PM,0,0,1
67018437,67_67399_5136980,125459,9/16/24,2024-2025,8:05 AM,0,1,0
67018438,67_67399_5136980,125929,10/23/24,2024-2025,1:30 PM,0,0,0
67018439,67_67399_5136980,127511,3/6/25,2024-2025,10:22 AM,0,1,0
67018439,67_67399_5136980,128602,5/22/25,2024-2025,2:29 PM,0,1,0
67018440,67_67399_5136980,126749,1/17/25,2024-2025,2:30 PM,0,1,0
67018440,67_67399_5136980,127449,3/4/25,2024-2025,9:28 AM,0,2,0
67018440,67_67399_5136980,127820,3/25/25,2024-2025,12:00 PM,0,1,1
67018440,67_67399_5136980,128261,4/30/25,2024-2025,3:10 PM,0,0,1
67018441,67_67399_5136980,128122,4/14/25,2024-2025,11:09 AM,0,2,0
67018442,67_67399_5136980,127876,3/27/25,2024-2025,11:20 PM,0,0,0
67018442,67_67399_5136980,128339,5/6/25,2024-2025,3:00 PM,0,1,0
67018446,67_67399_5136980,125536,9/24/24,2024-2025,10:51 AM,0,1,0
67018446,67_67399_5136980,125871,10/17/24,2024-2025,3:50 PM,0,1,0
67018446,67_67399_5136980,125902,10/22/24,2024-2025,11:30 AM,0,1,0
67018446,67_67399_5136980,125967,10/28/24,2024-2025,2:05 PM,0,1,0
67018446,67_67399_5136980,126031,10/31/24,2024-2025,10:30 AM,0,0,0
67018446,67_67399_5136980,126209,11/14/24,2024-2025,10:58 AM,0,1,0
67018446,67_67399_5136980,126269,11/19/24,2024-2025,11:14 AM,0,1,0
67018446,67_67399_5136980,126375,12/2/24,2024-2025,11:15 AM,0,1,0
67018446,67_67399_5136980,126508,12/11/24,2024-2025,9:35 AM,0,0,0
67018446,67_67399_5136980,126601,1/7/25,2024-2025,11:12 AM,0,1,0
67018446,67_67399_5136980,127755,3/20/25,2024-2025,11:45 AM,0,2,0
67018446,67_67399_5136980,128161,4/16/25,2024-2025,9:44 AM,0,2,1
67018446,67_67399_5136980,128248,4/30/25,2024-2025,11:17 AM,0,1,0
67018446,67_67399_5136980,128414,5/12/25,2024-2025,12:50 PM,0,0,1
67018446,67_67399_5136980,128427,5/12/25,2024-2025,12:30 PM,0,0,1
67018448,67_67399_5136980,125585,9/27/24,2024-2025,1:04 PM,0,2,0
67018450,67_67399_5136980,126362,11/22/24,2024-2025,2:15 PM,0,2,1
67018450,67_67399_5136980,127417,2/27/25,2024-2025,2:32 PM,0,1,0
67018452,67_67399_5136980,127718,3/19/25,2024-2025,11:18 AM,0,1,0
67018455,67_67399_5136980,126001,10/30/24,2024-2025,8:16 AM,0,1,1
67018459,67_67399_5136980,126578,12/19/24,2024-2025,1:22 PM,0,1,0
67018462,67_67399_5136980,127190,2/13/25,2024-2025,10:57 AM,0,1,2
67018465,67_67399_5136980,125976,10/29/24,2024-2025,9:23 AM,0,0,1
67018465,67_67399_5136980,127607,3/12/25,2024-2025,2:13 PM,0,1,0
67018465,67_67399_5136980,128037,4/9/25,2024-2025,9:47 AM,0,1,0
67018465,67_67399_5136980,128182,4/17/25,2024-2025,10:07 AM,0,1,0
67018466,67_67399_5136980,125512,9/20/24,2024-2025,12:00 PM,0,0,1
67018466,67_67399_5136980,125719,10/8/24,2024-2025,10:05 AM,0,0,1
67018466,67_67399_5136980,125855,10/17/24,2024-2025,11:37 AM,0,1,0
67018466,67_67399_5136980,126060,11/1/24,2024-2025,1:50 PM,0,2,0
67018467,67_67399_5136980,125169,8/21/24,2024-2025,3:12 PM,0,0,0
67018467,67_67399_5136980,125630,10/2/24,2024-2025,11:30 AM,0,0,1
67018467,67_67399_5136980,126884,1/28/25,2024-2025,11:32 AM,0,1,0
67018467,67_67399_5136980,128467,5/14/25,2024-2025,9:53 AM,0,0,1
67018469,67_67399_5136980,128624,5/23/25,2024-2025,2:30 PM,0,1,0
67018469,67_67399_5136980,128704,6/3/25,2024-2025,2:21 PM,0,1,1
67018471,67_67399_5136980,125565,9/26/24,2024-2025,8:15 AM,0,1,0
67018471,67_67399_5136980,125652,10/3/24,2024-2025,11:50 AM,0,2,0
67018471,67_67399_5136980,125774,10/10/24,2024-2025,2:40 PM,0,1,0
67018471,67_67399_5136980,126480,12/10/24,2024-2025,2:16 PM,0,1,0
67018471,67_67399_5136980,127086,2/6/25,2024-2025,1:09 PM,3,0,0
67018471,67_67399_5136980,127859,3/26/25,2024-2025,2:15 PM,0,0,1
67018471,67_67399_5136980,128393,5/9/25,2024-2025,11:39 AM,0,1,0
67018472,67_67399_5136980,125586,9/27/24,2024-2025,1:07 PM,0,0,1
67018472,67_67399_5136980,128564,5/21/25,2024-2025,10:28 AM,0,4,0
67018473,67_67399_5136980,125168,8/21/24,2024-2025,3:12 PM,0,0,0
67018473,67_67399_5136980,125350,9/6/24,2024-2025,11:20 AM,0,2,0
67018473,67_67399_5136980,127352,2/25/25,2024-2025,11:20 AM,2,0,0
67018473,67_67399_5136980,127980,4/3/25,2024-2025,3:18 PM,0,1,0
67018473,67_67399_5136980,128155,4/15/25,2024-2025,2:14 PM,0,0,1
67018475,67_67399_5136980,126448,12/5/24,2024-2025,3:15 PM,0,0,2
67018475,67_67399_5136980,127291,2/20/25,2024-2025,1:05 PM,0,2,0
67018479,67_67399_5136980,127994,4/7/25,2024-2025,11:40 AM,0,0,0
67018480,67_67399_5136980,126070,11/4/24,2024-2025,10:28 AM,0,2,0
67018480,67_67399_5136980,126555,12/17/24,2024-2025,10:33 AM,0,3,1
67018480,67_67399_5136980,127837,3/26/25,2024-2025,10:34 AM,0,1,0
67018480,67_67399_5136980,127918,4/1/25,2024-2025,3:08 PM,0,2,0
67018480,67_67399_5136980,128559,5/20/25,2024-2025,2:39 PM,0,2,0
67018481,67_67399_5136980,126543,12/16/24,2024-2025,11:58 AM,0,2,0
67018483,67_67399_5136980,125612,10/1/24,2024-2025,11:11 AM,0,1,0
67018483,67_67399_5136980,125783,10/11/24,2024-2025,9:19 AM,0,1,0
67018483,67_67399_5136980,128594,5/22/25,2024-2025,11:39 AM,0,1,0
67018484,67_67399_5136980,127333,2/24/25,2024-2025,1:59 PM,0,0,1
67018486,67_67399_5136980,128674,5/30/25,2024-2025,2:39 PM,0,0,0
67018491,67_67399_5136980,126831,1/24/25,2024-2025,8:04 AM,2,0,0
67018495,67_67399_5136980,126101,11/6/24,2024-2025,11:33 AM,0,1,0
67018496,67_67399_5136980,125544,9/24/24,2024-2025,1:08 PM,0,1,0
67018496,67_67399_5136980,125860,10/17/24,2024-2025,12:58 PM,0,1,0
67018496,67_67399_5136980,126113,11/6/24,2024-2025,2:52 PM,0,0,1
67018496,67_67399_5136980,126881,1/28/25,2024-2025,11:21 AM,0,1,0
67018496,67_67399_5136980,127096,2/6/25,2024-2025,1:50 PM,0,2,0
67018496,67_67399_5136980,128690,6/2/25,2024-2025,12:08 PM,0,1,0
67018497,67_67399_5136980,125223,8/28/24,2024-2025,8:01 AM,0,1,0
67018500,67_67399_5136980,125546,9/24/24,2024-2025,11:30 PM,0,1,1
67018500,67_67399_5136980,125868,10/17/24,2024-2025,2:20 PM,0,2,0
67018500,67_67399_5136980,126257,11/18/24,2024-2025,2:35 PM,0,2,0
67018500,67_67399_5136980,126373,12/2/24,2024-2025,11:13 AM,0,3,0
67018500,67_67399_5136980,127057,2/5/25,2024-2025,2:13 PM,0,0,2
67018500,67_67399_5136980,127141,2/11/25,2024-2025,10:56 AM,0,1,1
67018500,67_67399_5136980,127256,2/18/25,2024-2025,2:13 PM,0,2,0
67018500,67_67399_5136980,127624,3/13/25,2024-2025,1:29 PM,0,1,1
67018500,67_67399_5136980,127723,3/19/25,2024-2025,11:18 AM,0,1,0
67018500,67_67399_5136980,127798,3/24/25,2024-2025,1:28 PM,0,0,1
67018501,67_67399_5136980,125237,8/28/24,2024-2025,12:54 PM,0,1,0
67018504,67_67399_5136980,125897,10/22/24,2024-2025,10:22 AM,0,1,0
67018507,67_67399_5136980,125940,10/24/24,2024-2025,2:11 PM,0,1,0
67018507,67_67399_5136980,125968,10/28/24,2024-2025,2:18 PM,0,1,1
67018507,67_67399_5136980,126234,11/15/24,2024-2025,12:10 PM,0,0,2
67018507,67_67399_5136980,126310,11/21/24,2024-2025,8:22 AM,0,1,0
67018507,67_67399_5136980,126399,12/3/24,2024-2025,1:49 PM,0,3,0
67018507,67_67399_5136980,126455,12/9/24,2024-2025,11:33 AM,0,1,1
67018507,67_67399_5136980,126501,12/11/24,2024-2025,3:08 PM,0,1,1
67018507,67_67399_5136980,126625,1/9/25,2024-2025,9:03 AM,0,1,1
67018507,67_67399_5136980,126763,1/17/25,2024-2025,2:32 PM,0,2,0
67018507,67_67399_5136980,126851,1/24/25,2024-2025,12:16 PM,0,1,1
67018507,67_67399_5136980,127070,2/6/25,2024-2025,10:01 AM,0,1,0
67018507,67_67399_5136980,127266,2/19/25,2024-2025,2:12 PM,0,1,0
67018507,67_67399_5136980,127381,2/26/25,2024-2025,12:16 PM,0,1,2
67018507,67_67399_5136980,127374,2/26/25,2024-2025,9:09 AM,0,0,1
67018507,67_67399_5136980,127637,3/14/25,2024-2025,8:20 AM,0,0,2
67018507,67_67399_5136980,128338,5/6/25,2024-2025,3:00 PM,0,1,0
67018507,67_67399_5136980,128555,5/20/25,2024-2025,1:32 PM,0,0,1
67018507,67_67399_5136980,128581,5/21/25,2024-2025,3:11 PM,0,0,1
67018507,67_67399_5136980,128702,6/3/25,2024-2025,12:18 PM,0,1,0
67018516,67_67399_5136980,125422,9/12/24,2024-2025,10:15 AM,0,2,0
67018522,67_67399_5136980,127022,2/4/25,2024-2025,11:14 AM,0,1,0
67018528,67_67399_5136980,125578,9/27/24,2024-2025,10:24 AM,0,1,1
67018528,67_67399_5136980,126083,11/5/24,2024-2025,10:41 AM,0,1,0
67018529,67_67399_5136980,126996,2/3/25,2024-2025,10:36 AM,0,0,1
67018530,67_67399_5136980,127281,2/20/25,2024-2025,12:14 PM,0,1,0
67018530,67_67399_5136980,127956,4/3/25,2024-2025,11:48 AM,0,1,0
67018531,67_67399_5136980,126806,1/23/25,2024-2025,10:09 AM,0,1,0
67018534,67_67399_5136980,128683,6/2/25,2024-2025,10:09 AM,0,1,0
67018539,67_67399_5136980,125640,10/2/24,2024-2025,3:23 PM,0,0,0
67018539,67_67399_5136980,126093,11/6/24,2024-2025,9:15 AM,0,1,0
67018541,67_67399_5136980,128184,4/17/25,2024-2025,10:15 AM,1,0,1
67018542,67_67399_5136980,125177,8/22/24,2024-2025,3:02 PM,0,2,0
67018542,67_67399_5136980,125360,9/9/24,2024-2025,2:48 PM,0,1,0
67018542,67_67399_5136980,127371,2/25/25,2024-2025,2:45 PM,0,1,0
67018545,67_67399_5136980,127544,3/7/25,2024-2025,1:46 PM,0,2,0
67018545,67_67399_5136980,127975,4/3/25,2024-2025,2:38 PM,0,1,0
67018545,67_67399_5136980,128003,4/7/25,2024-2025,2:06 PM,0,3,1
67018545,67_67399_5136980,128312,5/5/25,2024-2025,1:44 PM,0,1,1
67018545,67_67399_5136980,128641,5/27/25,2024-2025,11:10 AM,0,1,0
67018546,67_67399_5136980,126602,1/7/25,2024-2025,11:27 AM,0,1,0
67018548,67_67399_5136980,125406,9/11/24,2024-2025,12:25 PM,0,1,0
67018549,67_67399_5136980,126574,12/19/24,2024-2025,8:20 AM,0,1,0
67018549,67_67399_5136980,128571,5/21/25,2024-2025,11:50 AM,0,1,0
67018549,67_67399_5136980,128669,5/30/25,2024-2025,12:53 PM,0,0,1
67018553,67_67399_5136980,127770,3/21/25,2024-2025,11:12 AM,0,1,0
67018554,67_67399_5136980,125877,10/18/24,2024-2025,11:30 AM,0,2,0
67018558,67_67399_5136980,127312,2/21/25,2024-2025,3:11 PM,0,0,1
67018560,67_67399_5136980,125617,10/1/24,2024-2025,12:25 PM,0,1,0
67018560,67_67399_5136980,127233,2/14/25,2024-2025,2:48 PM,0,2,0
67018560,67_67399_5136980,127389,2/27/25,2024-2025,8:16 AM,0,1,0
67018560,67_67399_5136980,127792,3/24/25,2024-2025,12:14 PM,0,1,0
67018560,67_67399_5136980,128550,5/20/25,2024-2025,11:55 AM,0,0,0
67018561,67_67399_5136980,125478,9/18/24,2024-2025,11:06 AM,0,1,0
67018561,67_67399_5136980,126183,11/13/24,2024-2025,9:40 AM,0,1,0
67018571,67_67399_5136980,125408,9/10/24,2024-2025,3:15 PM,0,0,0
67018571,67_67399_5136980,125695,10/7/24,2024-2025,11:01 AM,0,2,0
67018571,67_67399_5136980,125721,10/8/24,2024-2025,11:30 AM,0,2,0
67018571,67_67399_5136980,125901,10/22/24,2024-2025,11:26 AM,0,1,0
67018571,67_67399_5136980,128665,5/30/25,2024-2025,10:16 AM,0,1,0
67018572,67_67399_5136980,126393,12/3/24,2024-2025,9:20 AM,0,1,0
67018572,67_67399_5136980,127321,2/24/25,2024-2025,10:27 AM,0,1,0
67018575,67_67399_5136980,125258,8/29/24,2024-2025,11:15 AM,0,0,0
67018575,67_67399_5136980,125491,9/19/24,2024-2025,9:45 AM,0,0,1
67018575,67_67399_5136980,126092,11/5/24,2024-2025,2:45 PM,1,0,0
67018575,67_67399_5136980,126458,12/9/24,2024-2025,11:48 AM,0,0,0
67018575,67_67399_5136980,126673,1/14/25,2024-2025,8:23 AM,0,0,1
67018575,67_67399_5136980,126769,1/21/25,2024-2025,9:18 AM,0,0,0
67018575,67_67399_5136980,126885,1/28/25,2024-2025,11:32 AM,0,1,0
67018575,67_67399_5136980,128640,5/27/25,2024-2025,11:10 AM,0,1,0
67018576,67_67399_5136980,125421,9/12/24,2024-2025,10:15 AM,0,2,0
67018584,67_67399_5136980,125334,9/6/24,2024-2025,10:20 AM,0,0,0
67018584,67_67399_5136980,125825,10/16/24,2024-2025,10:56 AM,0,1,1
67018584,67_67399_5136980,125996,10/29/24,2024-2025,2:24 PM,0,1,1
67018584,67_67399_5136980,126899,1/28/25,2024-2025,8:05 AM,0,0,0
67018584,67_67399_5136980,127845,3/26/25,2024-2025,12:14 PM,0,1,0
67018584,67_67399_5136980,128197,4/17/25,2024-2025,2:35 PM,0,1,0
67018584,67_67399_5136980,128368,5/7/25,2024-2025,3:53 PM,0,2,0
67018584,67_67399_5136980,128490,5/15/25,2024-2025,1:55 PM,0,2,0
67018584,67_67399_5136980,128537,5/19/25,2024-2025,1:54 PM,0,1,0
67018584,67_67399_5136980,128568,5/21/25,2024-2025,11:08 AM,0,1,0
67018589,67_67399_5136980,127742,3/20/25,2024-2025,10:09 AM,0,2,0
67018591,67_67399_5136980,125624,10/1/24,2024-2025,3:12 PM,0,0,1
67018591,67_67399_5136980,126089,11/5/24,2024-2025,2:46 PM,3,0,0
67018591,67_67399_5136980,126296,11/20/24,2024-2025,12:04 PM,0,0,1
67018591,67_67399_5136980,126339,11/21/24,2024-2025,2:35 PM,0,0,0
67018591,67_67399_5136980,126912,1/29/25,2024-2025,9:15 AM,5,0,0
67018593,67_67399_5136980,128195,4/17/25,2024-2025,1:52 PM,0,0,1
67018595,67_67399_5136980,127443,3/3/25,2024-2025,3:13 PM,0,0,1
67018595,67_67399_5136980,128547,5/20/25,2024-2025,10:01 AM,0,2,0
67018597,67_67399_5136980,125388,9/11/24,2024-2025,8:08 AM,0,1,0
67018601,67_67399_5136980,128010,4/8/25,2024-2025,8:13 AM,0,1,0
67018603,67_67399_5136980,125185,8/26/24,2024-2025,7:58 AM,0,1,0
67018606,67_67399_5136980,127681,3/17/25,2024-2025,1:22 PM,0,0,1
67018606,67_67399_5136980,128032,4/8/25,2024-2025,12:27 PM,0,3,1
67018609,67_67399_5136980,128086,4/10/25,2024-2025,12:43 PM,0,0,1
67018609,67_67399_5136980,128167,4/16/25,2024-2025,12:26 PM,0,0,1
67018609,67_67399_5136980,128459,5/14/25,2024-2025,10:37 AM,0,1,0
67018609,67_67399_5136980,128573,5/21/25,2024-2025,12:04 PM,0,0,1
67018609,67_67399_5136980,128682,6/2/25,2024-2025,9:53 AM,0,0,1
67018618,67_67399_5136980,125419,9/12/24,2024-2025,9:16 AM,0,2,0
67018624,67_67399_5136980,128394,5/9/25,2024-2025,12:31 PM,0,1,0
67018625,67_67399_5136980,125778,10/10/24,2024-2025,3:15 PM,0,0,0
67018625,67_67399_5136980,125820,10/16/24,2024-2025,8:30 AM,0,1,0
67018629,67_67399_5136980,126764,1/17/25,2024-2025,2:20 PM,0,0,0
67018631,67_67399_5136980,125848,10/17/24,2024-2025,9:39 AM,0,1,0
67018631,67_67399_5136980,128085,4/10/25,2024-2025,12:38 PM,0,0,1
67018634,67_67399_5136980,125444,9/12/24,2024-2025,3:10 PM,0,1,0
67018634,67_67399_5136980,127361,2/25/25,2024-2025,1:00 PM,0,1,0
67018636,67_67399_5136980,126687,1/14/25,2024-2025,9:45 AM,2,0,0
67018636,67_67399_5136980,128053,4/9/25,2024-2025,1:42 PM,0,1,0
67018637,67_67399_5136980,128193,4/17/25,2024-2025,1:44 PM,0,0,1
67018645,67_67399_5136980,125609,10/1/24,2024-2025,10:22 AM,0,1,0
67018645,67_67399_5136980,126750,1/17/25,2024-2025,2:05 PM,0,1,0
67018645,67_67399_5136980,127370,2/25/25,2024-2025,2:44 PM,0,0,1
67018645,67_67399_5136980,127454,3/4/25,2024-2025,11:51 AM,0,1,0
67018645,67_67399_5136980,128028,4/8/25,2024-2025,8:50 AM,0,0,1
67018645,67_67399_5136980,128198,4/17/25,2024-2025,2:36 PM,0,1,1
67018645,67_67399_5136980,128199,4/17/25,2024-2025,2:36 PM,0,1,1
67018645,67_67399_5136980,128200,4/17/25,2024-2025,2:44 PM,0,0,1
67018645,67_67399_5136980,128574,5/21/25,2024-2025,12:08 PM,0,0,1
67018646,67_67399_5136980,126080,11/5/24,2024-2025,8:00 AM,0,1,0
67018649,67_67399_5136980,126316,11/21/24,2024-2025,9:22 AM,0,0,0
67018649,67_67399_5136980,126911,1/29/25,2024-2025,11:20 AM,0,0,0
67018653,67_67399_5136980,127399,2/27/25,2024-2025,11:41 AM,0,1,0
67018656,67_67399_5136980,125441,9/12/24,2024-2025,2:30 PM,0,3,0
67018656,67_67399_5136980,125447,9/12/24,2024-2025,3:12 PM,3,0,1
67018656,67_67399_5136980,125506,9/20/24,2024-2025,9:45 AM,0,0,1
67018658,67_67399_5136980,125644,10/3/24,2024-2025,8:48 AM,0,1,0
67018658,67_67399_5136980,125794,10/10/24,2024-2025,2:30 PM,0,0,2
67018658,67_67399_5136980,125795,10/11/24,2024-2025,10:40 AM,0,1,1
67018658,67_67399_5136980,126523,12/13/24,2024-2025,9:26 AM,0,2,0
67018658,67_67399_5136980,126801,1/23/25,2024-2025,9:22 AM,0,3,1
67018658,67_67399_5136980,126866,1/27/25,2024-2025,3:17 PM,0,1,0
67018658,67_67399_5136980,127427,3/3/25,2024-2025,9:55 AM,0,2,0
67018658,67_67399_5136980,127656,3/14/25,2024-2025,11:16 AM,0,2,0
67018658,67_67399_5136980,128135,4/14/25,2024-2025,2:28 PM,0,0,1
67018658,67_67399_5136980,128246,4/30/25,2024-2025,10:28 AM,0,1,0
67018660,67_67399_5136980,125219,8/27/24,2024-2025,3:13 PM,0,1,0
67018660,67_67399_5136980,126293,11/20/24,2024-2025,10:38 AM,0,2,0
67018660,67_67399_5136980,127052,2/5/25,2024-2025,1:57 PM,0,1,0
67018660,67_67399_5136980,127038,2/5/25,2024-2025,9:15 AM,0,1,0
67018660,67_67399_5136980,127413,2/27/25,2024-2025,1:27 PM,0,1,0
67018661,67_67399_5136980,128593,5/22/25,2024-2025,11:36 AM,0,0,1
67018666,67_67399_5136980,125718,10/8/24,2024-2025,10:14 AM,0,1,1
67018666,67_67399_5136980,126008,10/30/24,2024-2025,9:30 AM,0,1,1
67018666,67_67399_5136980,127517,3/6/25,2024-2025,1:21 PM,0,1,0
67018666,67_67399_5136980,127502,3/6/25,2024-2025,10:17 AM,0,0,2
67018671,67_67399_5136980,126722,1/16/25,2024-2025,9:15 AM,0,0,0
67018673,67_67399_5136980,125679,10/4/24,2024-2025,12:33 PM,0,1,0
67018674,67_67399_5136980,126534,12/14/24,2024-2025,10:53 AM,0,0,1
67018674,67_67399_5136980,126975,1/31/25,2024-2025,11:20 AM,0,1,2
67018674,67_67399_5136980,127288,2/21/25,2024-2025,8:23 AM,0,1,0
67018677,67_67399_5136980,125621,10/1/24,2024-2025,2:27 PM,0,1,0
67018677,67_67399_5136980,126294,11/20/24,2024-2025,10:38 AM,0,2,0
67018678,67_67399_5136980,125394,9/10/24,2024-2025,3:15 PM,0,0,0
67018678,67_67399_5136980,125445,9/12/24,2024-2025,3:10 PM,0,2,0
67018678,67_67399_5136980,125418,9/12/24,2024-2025,9:20 AM,0,2,0
67018678,67_67399_5136980,125619,10/1/24,2024-2025,1:56 PM,0,2,0
67018678,67_67399_5136980,125616,10/1/24,2024-2025,12:05 PM,0,0,2
67018678,67_67399_5136980,125637,10/2/24,2024-2025,2:19 PM,0,2,0
67018678,67_67399_5136980,125737,10/9/24,2024-2025,9:22 AM,0,0,1
67018678,67_67399_5136980,125761,10/9/24,2024-2025,2:20 PM,0,1,0
67018678,67_67399_5136980,125801,10/14/24,2024-2025,2:59 PM,0,1,0
67018678,67_67399_5136980,125898,10/22/24,2024-2025,10:15 AM,0,1,1
67018678,67_67399_5136980,126144,11/8/24,2024-2025,10:36 AM,0,2,1
67018678,67_67399_5136980,126156,11/8/24,2024-2025,2:45 PM,0,0,1
67018678,67_67399_5136980,126188,11/13/24,2024-2025,11:56 AM,0,2,0
67018678,67_67399_5136980,126439,12/5/24,2024-2025,2:10 PM,0,1,1
67018678,67_67399_5136980,126817,1/23/25,2024-2025,11:30 AM,0,0,1
67018678,67_67399_5136980,127437,3/3/25,2024-2025,2:23 PM,0,1,0
67018678,67_67399_5136980,128057,4/9/25,2024-2025,2:11 PM,0,0,1
67018679,67_67399_5136980,125488,9/19/24,2024-2025,8:28 AM,0,1,1
67018685,67_67399_5136980,128152,4/15/25,2024-2025,1:33 PM,0,2,1
67018686,67_67399_5136980,128172,4/16/25,2024-2025,2:42 PM,0,1,0
67018692,67_67399_5136980,125876,10/18/24,2024-2025,11:14 AM,0,1,0
67018696,67_67399_5136980,125336,9/6/24,2024-2025,11:30 AM,0,1,0
67018696,67_67399_5136980,125581,9/27/24,2024-2025,11:44 AM,0,1,0
67018699,67_67399_5136980,126372,12/2/24,2024-2025,9:48 AM,0,1,0
67018699,67_67399_5136980,127421,3/3/25,2024-2025,8:23 AM,0,1,0
67018699,67_67399_5136980,128194,4/17/25,2024-2025,1:49 PM,0,0,1
67018706,67_67399_5136980,127324,2/24/25,2024-2025,12:10 PM,0,1,0
67018709,67_67399_5136980,128629,5/27/25,2024-2025,9:10 AM,0,0,2
67018711,67_67399_5136980,128257,4/30/25,2024-2025,2:01 PM,0,1,0
67018711,67_67399_5136980,128299,5/2/25,2024-2025,2:55 PM,0,2,0
67018712,67_67399_5136980,126907,1/29/25,2024-2025,10:24 AM,0,0,0
67018712,67_67399_5136980,128149,4/15/25,2024-2025,11:35 AM,0,1,0
67018712,67_67399_5136980,128701,6/3/25,2024-2025,11:21 AM,0,3,0
67018714,67_67399_5136980,126999,2/3/25,2024-2025,11:54 AM,0,1,1
67018725,67_67399_5136980,125828,10/16/24,2024-2025,11:56 AM,0,1,0
67018725,67_67399_5136980,128359,5/7/25,2024-2025,12:58 PM,0,1,0
67018729,67_67399_5136980,126408,12/4/24,2024-2025,10:29 AM,0,0,0
67018730,67_67399_5136980,125666,10/4/24,2024-2025,9:17 AM,0,1,0
67018730,67_67399_5136980,125779,10/10/24,2024-2025,3:15 PM,0,0,0
67018730,67_67399_5136980,127464,3/4/25,2024-2025,2:44 PM,0,1,0
67018732,67_67399_5136980,127292,2/21/25,2024-2025,9:35 AM,0,1,0
67018740,67_67399_5136980,127675,3/17/25,2024-2025,9:24 AM,0,1,0
67018747,67_67399_5136980,128588,5/22/25,2024-2025,9:15 AM,0,0,1
67018748,67_67399_5136980,127816,3/25/25,2024-2025,11:56 AM,0,1,0
67018750,67_67399_5136980,126939,1/30/25,2024-2025,8:58 AM,0,1,1
67018750,67_67399_5136980,127424,3/3/25,2024-2025,9:03 AM,0,0,1
67018750,67_67399_5136980,127575,3/11/25,2024-2025,11:20 AM,0,0,0
67018750,67_67399_5136980,127741,3/20/25,2024-2025,9:40 AM,0,0,0
67018750,67_67399_5136980,128159,4/16/25,2024-2025,8:50 AM,0,0,1
67018751,67_67399_5136980,125608,10/1/24,2024-2025,10:18 AM,0,1,0
67018752,67_67399_5136980,128617,5/23/25,2024-2025,1:47 PM,0,3,0
67018752,67_67399_5136980,128639,5/27/25,2024-2025,10:10 AM,0,1,0
67018759,67_67399_5136980,127273,2/20/25,2024-2025,8:14 AM,0,1,0
67018759,67_67399_5136980,127323,2/24/25,2024-2025,8:50 AM,0,1,0
67018759,67_67399_5136980,127467,3/5/25,2024-2025,8:15 AM,0,1,0
67018759,67_67399_5136980,128069,4/10/25,2024-2025,8:39 AM,0,1,0
67018768,67_67399_5136980,128428,5/2/25,2024-2025,3:20 PM,0,0,0
67018768,67_67399_5136980,128445,5/12/25,2024-2025,3:28 PM,3,0,0
67018769,67_67399_5136980,125268,8/29/24,2024-2025,2:28 PM,0,3,0
67018769,67_67399_5136980,125280,8/30/24,2024-2025,11:43 AM,0,1,0
67018769,67_67399_5136980,125513,9/20/24,2024-2025,12:00 PM,0,0,1
67018769,67_67399_5136980,125827,10/16/24,2024-2025,11:14 AM,0,1,1
67018769,67_67399_5136980,125870,10/17/24,2024-2025,3:58 PM,0,0,1
67018769,67_67399_5136980,126352,11/22/24,2024-2025,10:42 AM,0,1,0
67018769,67_67399_5136980,126370,12/2/24,2024-2025,10:55 AM,0,1,0
67018769,67_67399_5136980,127250,2/18/25,2024-2025,10:30 AM,0,1,0
67018769,67_67399_5136980,127251,2/18/25,2024-2025,11:35 AM,0,1,0
67018769,67_67399_5136980,127814,3/25/25,2024-2025,10:29 AM,0,2,0
67018769,67_67399_5136980,128004,4/7/25,2024-2025,2:00 PM,0,1,0
67018769,67_67399_5136980,128070,4/10/25,2024-2025,8:35 AM,0,1,0
67018769,67_67399_5136980,128119,4/14/25,2024-2025,10:35 AM,0,1,0
67018769,67_67399_5136980,128156,4/15/25,2024-2025,1:55 PM,0,1,0
67018769,67_67399_5136980,128158,4/16/25,2024-2025,7:22 AM,0,1,0
67018769,67_67399_5136980,128601,5/22/25,2024-2025,2:27 PM,0,0,1
67018773,67_67399_5136980,125460,9/16/24,2024-2025,11:03 AM,0,2,0
67018773,67_67399_5136980,125826,10/16/24,2024-2025,11:30 AM,0,1,0
67018773,67_67399_5136980,126416,12/4/24,2024-2025,12:51 PM,0,1,0
67018773,67_67399_5136980,126730,1/16/25,2024-2025,8:46 AM,0,1,0
67018773,67_67399_5136980,127932,4/2/25,2024-2025,12:12 PM,0,0,1
67018773,67_67399_5136980,128409,5/12/25,2024-2025,11:53 AM,0,1,0
67018774,67_67399_5136980,128418,5/12/25,2024-2025,2:06 PM,0,1,0
67018781,67_67399_5136980,125997,10/29/24,2024-2025,2:39 PM,0,0,1
67018781,67_67399_5136980,126507,12/12/24,2024-2025,11:00 AM,0,1,0
67018781,67_67399_5136980,126918,1/29/25,2024-2025,12:40 PM,0,1,0
67018781,67_67399_5136980,126962,1/30/25,2024-2025,9:12 AM,0,0,0
67018783,67_67399_5136980,126451,12/6/24,2024-2025,2:53 PM,0,1,0
67018787,67_67399_5136980,127179,2/12/25,2024-2025,2:24 PM,0,0,1
67018787,67_67399_5136980,127715,3/19/25,2024-2025,11:04 AM,0,0,1
67018787,67_67399_5136980,127934,4/2/25,2024-2025,12:08 PM,0,1,0
67018803,67_67399_5136980,125673,10/4/24,2024-2025,11:33 AM,0,0,1
67018803,67_67399_5136980,127471,3/5/25,2024-2025,9:23 AM,0,0,1
67018803,67_67399_5136980,128663,5/29/25,2024-2025,2:39 PM,0,1,0
67018805,67_67399_5136980,128575,5/21/25,2024-2025,12:46 PM,0,0,1
67018809,67_67399_5136980,126461,12/9/24,2024-2025,12:06 PM,0,0,1
67018813,67_67399_5136980,126760,1/17/25,2024-2025,12:00 PM,0,0,1
67018816,67_67399_5136980,126211,11/14/24,2024-2025,10:50 AM,0,1,0
67018816,67_67399_5136980,126799,1/23/25,2024-2025,8:40 AM,0,1,0
67018816,67_67399_5136980,126867,1/28/25,2024-2025,9:30 AM,0,0,1
67018816,67_67399_5136980,127336,2/24/25,2024-2025,2:35 PM,0,1,0
67018822,67_67399_5136980,126627,1/9/25,2024-2025,10:02 AM,0,3,0
67018828,67_67399_5136980,125384,9/10/24,2024-2025,8:15 AM,0,1,0
67018831,67_67399_5136980,127210,2/14/25,2024-2025,8:43 AM,0,1,0
67018833,67_67399_5136980,125194,8/27/24,2024-2025,8:35 AM,0,0,1
67018838,67_67399_5136980,125864,10/17/24,2024-2025,2:13 PM,0,2,0
67018838,67_67399_5136980,127812,3/25/25,2024-2025,10:26 AM,0,1,0
67018838,67_67399_5136980,128417,5/12/25,2024-2025,2:02 PM,0,1,1
67018838,67_67399_5136980,128685,6/2/25,2024-2025,10:41 AM,0,1,0
67018841,67_67399_5136980,128303,5/5/25,2024-2025,8:15 AM,0,0,0
67018842,67_67399_5136980,125973,10/28/24,2024-2025,1:40 PM,0,1,0
67018844,67_67399_5136980,126690,1/14/25,2024-2025,1:40 PM,0,0,0
67018856,67_67399_5136980,127628,3/13/25,2024-2025,1:44 PM,0,1,0
67018856,67_67399_5136980,127627,3/13/25,2024-2025,2:40 PM,0,1,0
67018856,67_67399_5136980,128295,5/2/25,2024-2025,1:21 PM,0,0,1
67018862,67_67399_5136980,126691,1/14/25,2024-2025,2:45 PM,0,0,1
67018862,67_67399_5136980,127397,2/27/25,2024-2025,10:40 AM,0,1,0
67018867,67_67399_5136980,126233,11/15/24,2024-2025,11:51 AM,0,1,0
67018867,67_67399_5136980,128173,4/16/25,2024-2025,2:35 PM,0,0,0
67018874,67_67399_5136980,125713,10/7/24,2024-2025,1:42 PM,0,0,1
67018875,67_67399_5136980,125804,10/14/24,2024-2025,11:25 AM,0,1,0
67018875,67_67399_5136980,127034,2/4/25,2024-2025,2:30 PM,0,0,1
67018875,67_67399_5136980,128542,5/19/25,2024-2025,2:42 PM,0,1,0
67018883,67_67399_5136980,125249,8/29/24,2024-2025,8:19 AM,0,1,0
67018883,67_67399_5136980,125348,9/6/24,2024-2025,3:41 PM,0,1,0
67018885,67_67399_5136980,126695,1/14/25,2024-2025,2:27 PM,0,1,0
67018886,67_67399_5136980,125602,9/30/24,2024-2025,11:36 AM,0,1,1
67018898,67_67399_5136980,125472,9/17/24,2024-2025,12:00 PM,0,0,1
67018898,67_67399_5136980,127255,2/18/25,2024-2025,2:14 PM,0,1,0
67018898,67_67399_5136980,128174,4/16/25,2024-2025,3:10 PM,0,1,0
67018898,67_67399_5136980,128196,4/17/25,2024-2025,2:14 PM,0,1,0
67018900,67_67399_5136980,126759,1/17/25,2024-2025,12:00 PM,0,0,0
67018904,67_67399_5136980,126171,11/12/24,2024-2025,11:19 AM,0,1,1
67018908,67_67399_5136980,128238,4/29/25,2024-2025,2:36 PM,0,0,0
67018911,67_67399_5136980,125704,10/4/24,2024-2025,1:27 PM,0,1,0
67018916,67_67399_5136980,127261,2/19/25,2024-2025,11:47 AM,0,0,1
67018917,67_67399_5136980,128170,4/16/25,2024-2025,2:35 PM,0,0,0
67018917,67_67399_5136980,128474,5/14/25,2024-2025,3:10 PM,0,1,0
67018923,67_67399_5136980,125357,9/9/24,2024-2025,11:41 AM,0,0,0
67018923,67_67399_5136980,127253,2/12/25,2024-2025,2:20 PM,0,0,0
67018923,67_67399_5136980,127392,2/27/25,2024-2025,9:53 AM,0,1,0
67018923,67_67399_5136980,127760,3/20/25,2024-2025,1:30 PM,0,0,1
67018923,67_67399_5136980,128520,5/16/25,2024-2025,12:12 PM,0,1,0
67018924,67_67399_5136980,126757,1/17/25,2024-2025,11:54 AM,0,1,0
67018924,67_67399_5136980,126915,1/29/25,2024-2025,12:12 PM,0,1,0
67018924,67_67399_5136980,127395,2/27/25,2024-2025,11:13 AM,0,0,1
67018924,67_67399_5136980,128289,5/1/25,2024-2025,11:00 AM,0,0,2
67018925,67_67399_5136980,126302,11/20/24,2024-2025,1:25 PM,0,0,1
67018925,67_67399_5136980,126497,12/11/24,2024-2025,2:06 PM,0,1,0
67018928,67_67399_5136980,125304,9/4/24,2024-2025,10:18 AM,0,0,0
67018928,67_67399_5136980,126151,11/8/24,2024-2025,2:11 PM,0,1,1
67018928,67_67399_5136980,127097,2/6/25,2024-2025,2:33 PM,0,1,0
67018928,67_67399_5136980,127205,2/13/25,2024-2025,2:56 PM,0,0,0
67018928,67_67399_5136980,127341,2/24/25,2024-2025,3:00 PM,0,0,1
67018928,67_67399_5136980,127338,2/24/25,2024-2025,2:45 PM,0,0,1
67018928,67_67399_5136980,128252,4/30/25,2024-2025,11:45 AM,0,1,0
67018929,67_67399_5136980,125340,9/6/24,2024-2025,1:13 PM,0,1,0
67018929,67_67399_5136980,126219,11/14/24,2024-2025,1:14 PM,0,1,0
67018929,67_67399_5136980,127204,2/13/25,2024-2025,2:55 PM,0,0,1
67018929,67_67399_5136980,128431,5/12/25,2024-2025,3:19 PM,3,0,0
67018931,67_67399_5136980,126706,1/15/25,2024-2025,11:08 AM,0,1,0
67018934,67_67399_5136980,126178,11/12/24,2024-2025,6:25 PM,0,1,0
67018934,67_67399_5136980,127410,2/27/25,2024-2025,12:12 PM,0,0,1
67018934,67_67399_5136980,127472,3/5/25,2024-2025,9:30 AM,0,0,1
67018934,67_67399_5136980,128043,4/9/25,2024-2025,11:38 AM,0,0,1
67018938,67_67399_5136980,125494,9/19/24,2024-2025,12:18 PM,0,0,1
67018938,67_67399_5136980,125683,10/4/24,2024-2025,1:21 PM,0,0,1
67018938,67_67399_5136980,125697,10/7/24,2024-2025,11:26 AM,0,0,1
67018938,67_67399_5136980,125764,10/10/24,2024-2025,11:29 AM,0,0,1
67018938,67_67399_5136980,125790,10/11/24,2024-2025,11:42 AM,0,0,1
67018938,67_67399_5136980,125831,10/16/24,2024-2025,12:05 PM,0,0,1
67018938,67_67399_5136980,125888,10/21/24,2024-2025,11:22 AM,0,0,1
67018938,67_67399_5136980,126041,11/1/24,2024-2025,9:31 AM,0,0,1
67018938,67_67399_5136980,126256,11/15/24,2024-2025,1:30 PM,0,1,0
67018938,67_67399_5136980,126707,1/15/25,2024-2025,11:39 AM,0,0,1
67018938,67_67399_5136980,127655,3/14/25,2024-2025,11:50 AM,0,2,0
67018938,67_67399_5136980,127654,3/14/25,2024-2025,11:50 AM,0,2,0
67018938,67_67399_5136980,127722,3/19/25,2024-2025,11:57 AM,0,1,0
67018938,67_67399_5136980,127791,3/24/25,2024-2025,12:04 PM,0,0,1
67018938,67_67399_5136980,128102,4/11/25,2024-2025,11:41 AM,0,1,0
67018938,67_67399_5136980,128168,4/16/25,2024-2025,9:25 AM,0,1,0
67018938,67_67399_5136980,128213,4/28/25,2024-2025,1:40 PM,0,1,0
67018938,67_67399_5136980,128415,5/12/25,2024-2025,1:49 PM,0,1,0
67018938,67_67399_5136980,128553,5/20/25,2024-2025,12:22 PM,0,1,0
67018941,67_67399_5136980,126258,11/18/24,2024-2025,2:49 PM,0,1,0
67018941,67_67399_5136980,126782,1/22/25,2024-2025,2:01 PM,0,1,0
67018941,67_67399_5136980,128342,5/7/25,2024-2025,8:39 AM,0,1,0
67018945,67_67399_5136980,127730,3/19/25,2024-2025,2:46 PM,0,1,0
67018945,67_67399_5136980,128290,5/2/25,2024-2025,9:23 AM,0,0,0
67018947,67_67399_5136980,127579,3/11/25,2024-2025,12:48 PM,0,0,0
67018950,67_67399_5136980,125193,8/27/24,2024-2025,8:29 AM,0,0,1
67018950,67_67399_5136980,125958,10/28/24,2024-2025,9:20 AM,0,0,0
67018950,67_67399_5136980,126076,11/4/24,2024-2025,1:47 PM,0,1,0
67018950,67_67399_5136980,126090,11/5/24,2024-2025,1:25 PM,0,0,0
67018950,67_67399_5136980,127626,3/13/25,2024-2025,2:04 PM,0,0,1
67018955,67_67399_5136980,126605,1/7/25,2024-2025,1:29 PM,0,0,1
67018955,67_67399_5136980,127938,4/2/25,2024-2025,1:34 PM,0,1,1
67018955,67_67399_5136980,128111,4/11/25,2024-2025,2:21 PM,0,0,1
67018955,67_67399_5136980,128651,5/28/25,2024-2025,12:03 PM,0,0,2
67018956,67_67399_5136980,126689,1/14/25,2024-2025,2:37 PM,0,2,0
67018962,67_67399_5136980,128518,5/16/25,2024-2025,12:06 PM,0,0,1
67018963,67_67399_5136980,125808,10/15/24,2024-2025,11:10 AM,0,1,0
67018963,67_67399_5136980,127351,2/25/25,2024-2025,11:06 AM,0,1,0
67018963,67_67399_5136980,127716,3/19/25,2024-2025,11:10 AM,0,1,0
67018964,67_67399_5136980,125371,9/10/24,2024-2025,8:35 AM,0,1,0
67018967,67_67399_5136980,128425,5/9/25,2024-2025,3:00 PM,0,0,1
67018968,67_67399_5136980,127548,3/10/25,2024-2025,10:07 AM,0,1,0
67018969,67_67399_5136980,126708,1/15/25,2024-2025,11:55 AM,0,1,0
67018971,67_67399_5136980,125433,9/12/24,2024-2025,12:25 PM,0,0,1
67018971,67_67399_5136980,125561,9/25/24,2024-2025,10:15 AM,3,0,0
67018971,67_67399_5136980,127553,3/10/25,2024-2025,11:37 AM,0,1,0
67018972,67_67399_5136980,126032,10/31/24,2024-2025,11:13 AM,0,1,1
67018974,67_67399_5136980,125703,10/7/24,2024-2025,1:23 PM,0,1,0
67018979,67_67399_5136980,128412,5/12/25,2024-2025,1:42 PM,0,0,1
67018990,67_67399_5136980,125228,8/28/24,2024-2025,10:00 AM,1,0,1
67018994,67_67399_5136980,125242,8/28/24,2024-2025,12:18 PM,0,1,0
67019001,67_67399_5136980,126739,1/16/25,2024-2025,1:38 PM,0,3,0
67019001,67_67399_5136980,126783,1/22/25,2024-2025,2:03 PM,0,1,0
67019001,67_67399_5136980,127385,2/26/25,2024-2025,1:17 PM,0,0,1
67019010,67_67399_5136980,126044,11/1/24,2024-2025,9:50 AM,0,1,0
67019010,67_67399_5136980,126369,12/2/24,2024-2025,10:45 AM,0,1,0
67019010,67_67399_5136980,127569,3/11/25,2024-2025,10:16 AM,0,1,0
67019010,67_67399_5136980,128677,5/30/25,2024-2025,10:30 AM,0,1,0
67019012,67_67399_5136980,126424,12/4/24,2024-2025,2:50 PM,0,1,0
67019018,67_67399_5136980,126072,11/4/24,2024-2025,11:26 AM,0,1,0
67019018,67_67399_5136980,127720,3/19/25,2024-2025,11:00 AM,0,1,0
67019020,67_67399_5136980,125694,10/7/24,2024-2025,10:35 AM,0,1,0
67019033,67_67399_5136980,126104,11/6/24,2024-2025,11:25 AM,0,1,0
67019033,67_67399_5136980,126861,1/27/25,2024-2025,11:14 AM,0,0,1
67019034,67_67399_5136980,126232,11/15/24,2024-2025,11:43 AM,0,0,1
67019053,67_67399_5136980,127619,3/13/25,2024-2025,11:23 AM,0,1,0
67019053,67_67399_5136980,127961,4/3/25,2024-2025,11:59 AM,0,1,0
67019057,67_67399_5136980,125427,9/12/24,2024-2025,11:25 AM,0,1,0
67019057,67_67399_5136980,128212,4/28/25,2024-2025,2:19 PM,0,0,1
67019058,67_67399_5136980,125887,10/21/24,2024-2025,11:20 AM,0,1,1
67019061,67_67399_5136980,127344,2/24/25,2024-2025,3:00 PM,0,1,0
67019061,67_67399_5136980,127340,2/24/25,2024-2025,2:50 PM,0,0,1
67019061,67_67399_5136980,128371,5/8/25,2024-2025,8:10 AM,0,1,0
67019062,67_67399_5136980,126638,1/9/25,2024-2025,2:18 PM,0,0,1
67019066,67_67399_5136980,125361,9/9/24,2024-2025,3:05 PM,0,0,1
67019067,67_67399_5136980,126610,1/7/25,2024-2025,1:50 PM,0,1,0
67019070,67_67399_5136980,126300,11/16/24,2024-2025,8:00 AM,0,1,0
67019075,67_67399_5136980,127317,2/24/25,2024-2025,9:20 AM,0,1,0
67019075,67_67399_5136980,127582,3/11/25,2024-2025,1:29 PM,0,1,0
67019077,67_67399_5136980,127855,3/26/25,2024-2025,1:50 PM,0,1,0
67019079,67_67399_5136980,126773,1/21/25,2024-2025,2:46 PM,0,0,1
67019081,67_67399_5136980,125287,8/30/24,2024-2025,9:50 AM,0,1,0
67019081,67_67399_5136980,125329,9/6/24,2024-2025,8:16 AM,0,1,0
67019081,67_67399_5136980,125531,9/23/24,2024-2025,2:47 PM,0,1,0
67019083,67_67399_5136980,126298,11/16/24,2024-2025,9:47 AM,0,1,0
67019085,67_67399_5136980,125520,9/20/24,2024-2025,1:17 PM,0,0,1
67019085,67_67399_5136980,126057,11/1/24,2024-2025,1:52 PM,0,1,0
67019085,67_67399_5136980,126606,1/7/25,2024-2025,1:39 PM,0,1,0
67019085,67_67399_5136980,126892,1/28/25,2024-2025,2:01 PM,0,1,0
67019085,67_67399_5136980,127003,2/3/25,2024-2025,1:55 PM,0,0,1
67019086,67_67399_5136980,127784,3/19/25,2024-2025,3:20 PM,0,0,1
67019087,67_67399_5136980,125368,9/9/24,2024-2025,12:11 PM,0,1,0
67019090,67_67399_5136980,125271,8/29/24,2024-2025,4:20 PM,0,0,0
67019090,67_67399_5136980,127304,2/21/25,2024-2025,12:34 PM,3,0,0
67019091,67_67399_5136980,125993,10/29/24,2024-2025,1:20 PM,0,0,0
67019093,67_67399_5136980,125519,9/20/24,2024-2025,12:00 PM,0,0,1
67019093,67_67399_5136980,127915,4/1/25,2024-2025,11:54 AM,0,1,0
67019093,67_67399_5136980,128475,5/15/25,2024-2025,8:20 AM,0,1,0
67019098,67_67399_5136980,126698,1/15/25,2024-2025,8:52 AM,0,1,0
67019099,67_67399_5136980,128015,4/8/25,2024-2025,9:10 AM,0,2,0
67019099,67_67399_5136980,128341,5/7/25,2024-2025,8:31 AM,0,1,0
67019103,67_67399_5136980,125300,9/3/24,2024-2025,12:44 PM,0,1,1
67019103,67_67399_5136980,126028,10/31/24,2024-2025,8:39 AM,0,1,0
67019103,67_67399_5136980,126079,11/4/24,2024-2025,2:32 PM,0,1,0
67019103,67_67399_5136980,126091,11/5/24,2024-2025,1:40 PM,2,0,0
67019103,67_67399_5136980,128454,5/14/25,2024-2025,8:59 AM,0,1,0
67019104,67_67399_5136980,128400,5/12/25,2024-2025,8:49 AM,0,0,1
67019105,67_67399_5136980,126315,11/21/24,2024-2025,9:42 AM,0,0,1
67019106,67_67399_5136980,125603,9/30/24,2024-2025,2:10 PM,0,0,1
67019107,67_67399_5136980,125886,10/21/24,2024-2025,10:03 AM,0,1,0
67019109,67_67399_5136980,126623,1/8/25,2024-2025,1:45 PM,0,1,0
67019111,67_67399_5136980,125396,9/11/24,2024-2025,8:45 AM,0,1,0
67019111,67_67399_5136980,126642,1/9/25,2024-2025,12:25 PM,0,1,0
67019113,67_67399_5136980,125413,9/11/24,2024-2025,2:45 PM,0,0,1
67019113,67_67399_5136980,125481,9/18/24,2024-2025,12:08 PM,0,0,1
67019113,67_67399_5136980,125738,10/8/24,2024-2025,2:30 PM,0,0,1
67019113,67_67399_5136980,126288,11/19/24,2024-2025,2:30 PM,0,1,0
67019113,67_67399_5136980,126419,12/4/24,2024-2025,1:49 PM,0,1,0
67019113,67_67399_5136980,127079,2/6/25,2024-2025,12:20 PM,0,0,1
67019116,67_67399_5136980,125765,10/10/24,2024-2025,10:00 AM,0,1,0
67019127,67_67399_5136980,126095,11/6/24,2024-2025,10:23 AM,0,1,0
67019129,67_67399_5136980,128411,5/12/25,2024-2025,1:38 PM,0,0,1
67019131,67_67399_5136980,125989,10/29/24,2024-2025,1:20 PM,0,2,0
67019131,67_67399_5136980,127133,2/11/25,2024-2025,9:48 AM,0,2,0
67019131,67_67399_5136980,127984,4/4/25,2024-2025,11:05 AM,0,0,0
67019138,67_67399_5136980,127408,2/27/25,2024-2025,11:59 AM,0,0,0
67019139,67_67399_5136980,127583,3/11/25,2024-2025,1:37 PM,0,1,0
67019139,67_67399_5136980,128589,5/22/25,2024-2025,9:33 AM,0,1,0
67019150,67_67399_5136980,125362,9/9/24,2024-2025,2:22 PM,0,0,1
67019150,67_67399_5136980,127135,2/11/25,2024-2025,3:05 PM,0,0,1
67019152,67_67399_5136980,125521,9/23/24,2024-2025,8:17 AM,0,2,0
67019153,67_67399_5136980,125539,9/24/24,2024-2025,11:39 AM,2,0,1
67019153,67_67399_5136980,126007,10/30/24,2024-2025,10:20 AM,0,1,0
67019153,67_67399_5136980,126693,1/14/25,2024-2025,1:35 PM,3,0,1
67019160,67_67399_5136980,127093,2/6/25,2024-2025,1:30 PM,1,0,0
67019161,67_67399_5136980,125222,8/26/24,2024-2025,12:50 PM,0,1,0
67019162,67_67399_5136980,127614,3/11/25,2024-2025,1:00 PM,0,0,1
67019165,67_67399_5136980,126014,10/30/24,2024-2025,11:46 AM,0,1,0
67019166,67_67399_5136980,126305,11/20/24,2024-2025,2:20 PM,0,1,0
67019168,67_67399_5136980,126204,11/14/24,2024-2025,8:10 AM,0,1,0
67019171,67_67399_5136980,126973,1/31/25,2024-2025,11:33 AM,0,0,1
67019171,67_67399_5136980,127162,2/12/25,2024-2025,11:27 AM,0,3,0
67019172,67_67399_5136980,128649,5/28/25,2024-2025,11:22 AM,0,1,0
67019180,67_67399_5136980,125957,10/28/24,2024-2025,9:22 AM,0,0,1
67019181,67_67399_5136980,127807,3/24/25,2024-2025,11:30 AM,0,1,0
67019200,67_67399_5136980,125711,10/7/24,2024-2025,3:07 PM,0,0,1
67019200,67_67399_5136980,126758,1/17/25,2024-2025,12:00 PM,0,0,0
67019201,67_67399_5136980,127883,3/27/25,2024-2025,11:20 AM,0,0,0
67019201,67_67399_5136980,128504,5/15/25,2024-2025,3:20 PM,0,0,0
67019207,67_67399_5136980,127769,3/21/25,2024-2025,10:39 AM,0,2,0
67019207,67_67399_5136980,127881,3/27/25,2024-2025,1:40 PM,0,1,0
67019208,67_67399_5136980,125970,10/28/24,2024-2025,2:30 PM,0,0,0
67019213,67_67399_5136980,128419,5/12/25,2024-2025,2:13 PM,0,1,0
67019213,67_67399_5136980,128420,5/12/25,2024-2025,2:13 PM,0,1,0
67019218,67_67399_5136980,125984,10/29/24,2024-2025,12:25 PM,0,2,0
67019218,67_67399_5136980,127729,3/19/25,2024-2025,2:11 PM,0,2,0
67019219,67_67399_5136980,126863,1/27/25,2024-2025,12:43 PM,0,2,0
67019219,67_67399_5136980,127429,3/3/25,2024-2025,11:06 AM,0,1,0
67019219,67_67399_5136980,127666,3/14/25,2024-2025,2:53 PM,0,1,0
67019219,67_67399_5136980,127921,4/2/25,2024-2025,8:44 AM,0,1,0
67019224,67_67399_5136980,126828,1/23/25,2024-2025,11:34 AM,0,0,0
67019226,67_67399_5136980,127580,3/11/25,2024-2025,1:15 PM,0,0,0
67019226,67_67399_5136980,128606,5/23/25,2024-2025,10:15 AM,0,0,0
67019241,67_67399_5136980,127604,3/12/25,2024-2025,2:03 PM,0,1,0
67019241,67_67399_5136980,128468,5/14/25,2024-2025,2:08 PM,0,1,0
67019250,67_67399_5136980,125363,9/9/24,2024-2025,2:22 PM,0,0,1
67019250,67_67399_5136980,125461,9/16/24,2024-2025,11:43 AM,0,2,0
67019250,67_67399_5136980,125671,10/4/24,2024-2025,11:24 AM,0,2,0
67019250,67_67399_5136980,125915,10/23/24,2024-2025,12:01 PM,0,0,1
67019250,67_67399_5136980,126099,11/6/24,2024-2025,11:24 AM,0,1,0
67019250,67_67399_5136980,127405,2/27/25,2024-2025,11:55 AM,0,0,1
67019250,67_67399_5136980,127731,3/19/25,2024-2025,1:40 PM,0,1,0
67019253,67_67399_5136980,126249,11/18/24,2024-2025,8:14 AM,0,0,1
67019255,67_67399_5136980,125466,9/16/24,2024-2025,1:35 PM,0,0,1
67019255,67_67399_5136980,125715,10/8/24,2024-2025,8:09 AM,0,2,1
67019255,67_67399_5136980,127985,4/4/25,2024-2025,11:32 AM,0,3,0
67019258,67_67399_5136980,128190,4/17/25,2024-2025,11:26 AM,0,0,1
67019262,67_67399_5136980,128408,5/12/25,2024-2025,11:43 AM,0,1,0
67019268,67_67399_5136980,126599,1/7/25,2024-2025,8:35 AM,0,1,0
67019268,67_67399_5136980,126651,1/10/25,2024-2025,3:07 PM,0,1,1
67019273,67_67399_5136980,125570,9/26/24,2024-2025,11:06 AM,0,1,0
67019273,67_67399_5136980,125623,10/1/24,2024-2025,2:50 PM,0,2,0
67019273,67_67399_5136980,125847,10/17/24,2024-2025,9:15 AM,0,0,0
67019273,67_67399_5136980,126018,10/30/24,2024-2025,12:45 PM,1,0,0
67019273,67_67399_5136980,126893,1/28/25,2024-2025,2:23 PM,0,2,0
67019273,67_67399_5136980,127002,2/3/25,2024-2025,1:50 PM,1,0,1
67019273,67_67399_5136980,127710,3/19/25,2024-2025,9:10 AM,0,1,1
67019273,67_67399_5136980,128100,4/11/25,2024-2025,10:30 AM,0,1,0
67019273,67_67399_5136980,128134,4/14/25,2024-2025,2:28 PM,0,2,0
67019273,67_67399_5136980,128401,5/12/25,2024-2025,9:43 AM,0,1,0
67019275,67_67399_5136980,125282,8/30/24,2024-2025,8:08 AM,0,1,0
67019281,67_67399_5136980,126701,1/15/25,2024-2025,9:40 AM,0,2,0
67019281,67_67399_5136980,127707,3/18/25,2024-2025,2:25 PM,0,1,0
67019281,67_67399_5136980,128319,5/6/25,2024-2025,9:49 AM,0,0,1
67019286,67_67399_5136980,126319,11/20/24,2024-2025,11:00 AM,0,1,0
67019291,67_67399_5136980,127717,3/19/25,2024-2025,11:08 AM,0,0,1
67019295,67_67399_5136980,125364,9/9/24,2024-2025,2:22 PM,0,0,1
67019295,67_67399_5136980,125835,10/16/24,2024-2025,1:18 PM,0,0,1
67019295,67_67399_5136980,127894,3/28/25,2024-2025,12:12 PM,0,2,0
67019295,67_67399_5136980,128165,4/16/25,2024-2025,11:34 AM,0,1,0
67019298,67_67399_5136980,127532,3/7/25,2024-2025,3:30 PM,0,0,0
67019300,67_67399_5136980,125225,8/28/24,2024-2025,7:58 AM,0,1,0
67019300,67_67399_5136980,125959,10/26/24,2024-2025,7:30 PM,0,0,0
67019301,67_67399_5136980,127367,2/25/25,2024-2025,1:53 PM,0,1,0
67019301,67_67399_5136980,128437,5/13/25,2024-2025,10:38 AM,0,0,1
67019301,67_67399_5136980,128607,5/23/25,2024-2025,10:20 AM,3,0,0
67019310,67_67399_5136980,128247,4/30/25,2024-2025,10:53 AM,0,1,0
67019317,67_67399_5136980,125188,8/26/24,2024-2025,12:09 PM,0,1,0
67019318,67_67399_5136980,125227,8/28/24,2024-2025,8:05 AM,0,1,0
67019320,67_67399_5136980,128090,4/10/25,2024-2025,2:39 PM,0,1,0
67019324,67_67399_5136980,127393,2/27/25,2024-2025,10:15 AM,0,0,1
67019326,67_67399_5136980,125568,9/26/24,2024-2025,10:30 AM,0,0,1
67019326,67_67399_5136980,126499,12/11/24,2024-2025,2:27 PM,0,1,0
67019326,67_67399_5136980,126517,12/12/24,2024-2025,2:17 PM,0,1,0
67019326,67_67399_5136980,126547,12/16/24,2024-2025,2:16 PM,0,1,0
67019326,67_67399_5136980,126576,12/19/24,2024-2025,11:55 AM,0,1,0
67019340,67_67399_5136980,125198,8/27/24,2024-2025,8:06 AM,0,1,0
67019342,67_67399_5136980,126809,1/23/25,2024-2025,11:44 AM,0,0,1
67019352,67_67399_5136980,126582,12/20/24,2024-2025,12:40 PM,0,1,0
67019364,67_67399_5136980,127117,2/7/25,2024-2025,12:53 PM,0,0,1
67019377,67_67399_5136980,125289,8/30/24,2024-2025,9:51 AM,0,1,0
67019379,67_67399_5136980,126552,12/17/24,2024-2025,9:59 AM,0,0,1
67019380,67_67399_5136980,125677,10/4/24,2024-2025,10:30 PM,0,0,0
67019380,67_67399_5136980,128577,5/21/25,2024-2025,1:28 PM,0,1,0
67019388,67_67399_5136980,126317,11/21/24,2024-2025,10:15 AM,0,1,0
67019388,67_67399_5136980,126551,12/17/24,2024-2025,9:46 AM,0,2,2
67019396,67_67399_5136980,126844,1/24/25,2024-2025,12:08 PM,0,0,1
67019402,67_67399_5136980,127271,2/19/25,2024-2025,12:55 PM,0,1,0
67019405,67_67399_5136980,126845,1/24/25,2024-2025,12:06 PM,0,0,1
67019409,67_67399_5136980,126355,11/22/24,2024-2025,12:05 PM,0,0,1
67019409,67_67399_5136980,127534,3/7/25,2024-2025,3:30 PM,1,0,0
67019412,67_67399_5136980,125869,10/17/24,2024-2025,3:44 PM,0,0,1
67019416,67_67399_5136980,125809,10/15/24,2024-2025,11:14 AM,0,0,1
67019417,67_67399_5136980,128452,5/13/25,2024-2025,2:14 PM,0,1,0
67019418,67_67399_5136980,125272,8/29/24,2024-2025,2:15 PM,1,0,0
67019418,67_67399_5136980,125620,10/1/24,2024-2025,2:19 PM,0,1,0
67019425,67_67399_5136980,126585,1/6/25,2024-2025,10:15 AM,0,1,0
67019429,67_67399_5136980,126326,11/21/24,2024-2025,12:23 PM,0,2,1
67019429,67_67399_5136980,127676,9/11/25,2024-2025,8:10 AM,0,1,0
67019443,67_67399_5136980,127891,3/28/25,2024-2025,11:16 AM,0,1,0
67019447,67_67399_5136980,128632,5/27/25,2024-2025,10:47 AM,0,0,1
67019448,67_67399_5136980,127959,4/3/25,2024-2025,11:50 AM,0,2,0
67019449,67_67399_5136980,125390,9/11/24,2024-2025,8:07 AM,0,1,0
67019453,67_67399_5136980,125918,10/23/24,2024-2025,12:15 PM,0,0,0
67019463,67_67399_5136980,127327,2/24/25,2024-2025,12:54 PM,0,0,0
67019463,67_67399_5136980,128462,5/14/25,2024-2025,10:50 AM,0,1,0
67019469,67_67399_5136980,125837,10/16/24,2024-2025,9:39 AM,0,0,1
67019469,67_67399_5136980,126544,12/16/24,2024-2025,12:04 PM,0,1,0
67019469,67_67399_5136980,126794,1/22/25,2024-2025,2:20 PM,0,0,0
67019469,67_67399_5136980,128592,5/22/25,2024-2025,11:18 AM,0,1,1
67019470,67_67399_5136980,126795,1/22/25,2024-2025,2:40 PM,0,0,0
67019470,67_67399_5136980,127295,2/21/25,2024-2025,10:50 AM,0,1,0
67019470,67_67399_5136980,128148,4/15/25,2024-2025,10:43 AM,0,1,0
67019470,67_67399_5136980,128463,5/14/25,2024-2025,10:50 AM,0,1,0
67019481,67_67399_5136980,127331,2/24/25,2024-2025,1:32 PM,0,0,1
67019484,67_67399_5136980,126953,1/30/25,2024-2025,1:31 PM,0,2,1
67019504,67_67399_5136980,125344,9/6/24,2024-2025,3:13 PM,0,0,1
67019513,67_67399_5136980,126222,11/14/24,2024-2025,3:05 PM,0,1,0
67019516,67_67399_5136980,125633,10/2/24,2024-2025,11:29 PM,0,0,1
67019516,67_67399_5136980,128082,4/10/25,2024-2025,11:40 AM,0,1,0
67019523,67_67399_5136980,125962,10/25/24,2024-2025,2:28 PM,0,1,0
67019526,67_67399_5136980,126392,12/3/24,2024-2025,9:19 AM,0,1,1
67019526,67_67399_5136980,127373,2/26/25,2024-2025,9:13 AM,0,2,1
67019526,67_67399_5136980,127539,3/7/25,2024-2025,10:52 AM,0,1,0
67019526,67_67399_5136980,127830,3/25/25,2024-2025,3:06 PM,0,1,0
67019527,67_67399_5136980,125736,10/8/24,2024-2025,9:11 AM,0,0,1
67019533,67_67399_5136980,126460,12/6/24,2024-2025,1:30 PM,0,1,0
67019536,67_67399_5136980,126813,1/21/25,2024-2025,12:25 PM,0,0,1
67019543,67_67399_5136980,125189,8/26/24,2024-2025,8:11 AM,0,1,0
67019543,67_67399_5136980,125717,10/8/24,2024-2025,9:47 AM,0,1,0
67019545,67_67399_5136980,126934,1/29/25,2024-2025,3:07 PM,0,1,0
67019557,67_67399_5136980,125963,10/18/24,2024-2025,2:20 PM,0,1,1
67019557,67_67399_5136980,126736,1/16/25,2024-2025,11:15 AM,0,1,0
67019557,67_67399_5136980,128621,5/23/25,2024-2025,2:38 PM,0,0,1
67019562,67_67399_5136980,125201,8/27/24,2024-2025,8:17 AM,0,1,0
67019572,67_67399_5136980,126788,1/22/25,2024-2025,2:20 PM,0,1,0
67019577,67_67399_5136980,125836,10/16/24,2024-2025,1:29 PM,0,1,0
67019577,67_67399_5136980,125861,10/17/24,2024-2025,1:24 PM,0,1,0
67019577,67_67399_5136980,126238,11/15/24,2024-2025,1:41 PM,0,1,0
67019577,67_67399_5136980,127573,3/11/25,2024-2025,11:10 AM,0,1,0
67019585,67_67399_5136980,126189,11/13/24,2024-2025,12:11 PM,0,1,0
67019588,67_67399_5136980,125278,8/30/24,2024-2025,10:56 AM,0,0,1
67019588,67_67399_5136980,125299,9/3/24,2024-2025,12:51 PM,0,1,0
67019588,67_67399_5136980,125301,9/3/24,2024-2025,1:42 PM,0,0,1
67019588,67_67399_5136980,127125,2/7/25,2024-2025,3:16 PM,0,1,0
67019591,67_67399_5136980,125283,8/30/24,2024-2025,8:15 AM,0,1,0
67019593,67_67399_5136980,125233,8/28/24,2024-2025,8:19 AM,0,1,0
67019596,67_67399_5136980,126162,11/12/24,2024-2025,8:31 AM,0,1,0
67019596,67_67399_5136980,126774,1/22/25,2024-2025,8:31 AM,0,1,0
67019598,67_67399_5136980,126486,12/11/24,2024-2025,9:10 AM,0,1,0
67019603,67_67399_5136980,126994,2/3/25,2024-2025,9:18 AM,0,0,1
67019604,67_67399_5136980,125345,9/6/24,2024-2025,3:14 PM,0,0,1
67019609,67_67399_5136980,126591,12/28/24,2024-2025,2:01 PM,0,1,0
67019612,67_67399_5136980,125707,10/7/24,2024-2025,1:45 PM,0,0,1
67019612,67_67399_5136980,125862,10/17/24,2024-2025,9:57 AM,0,0,1
67019614,67_67399_5136980,127169,2/12/25,2024-2025,10:23 AM,0,0,0
67019614,67_67399_5136980,128523,5/15/25,2024-2025,12:00 PM,3,0,0
67019619,67_67399_5136980,126969,1/30/25,2024-2025,2:56 PM,0,0,1
67019619,67_67399_5136980,127892,3/28/25,2024-2025,11:17 AM,0,0,1
67019638,67_67399_5136980,125842,10/16/24,2024-2025,2:39 PM,0,1,0
67019638,67_67399_5136980,126200,11/13/24,2024-2025,11:00 AM,0,0,0
67019638,67_67399_5136980,126337,11/21/24,2024-2025,1:50 PM,0,1,0
67019638,67_67399_5136980,126886,1/28/25,2024-2025,12:41 PM,0,1,0
67019638,67_67399_5136980,126882,1/28/25,2024-2025,11:40 AM,0,0,1
67019638,67_67399_5136980,127060,2/5/25,2024-2025,2:47 PM,0,1,0
67019638,67_67399_5136980,127298,2/21/25,2024-2025,11:29 AM,0,1,0
67019638,67_67399_5136980,127847,3/26/25,2024-2025,12:25 PM,2,0,0
67019641,67_67399_5136980,125716,10/8/24,2024-2025,8:31 AM,0,1,0
67019641,67_67399_5136980,128171,4/16/25,2024-2025,2:35 PM,0,1,0
67019644,67_67399_5136980,125822,10/16/24,2024-2025,9:30 AM,0,0,1
67019653,67_67399_5136980,127756,3/19/25,2024-2025,3:19 PM,0,0,1
67019663,67_67399_5136980,128231,4/29/25,2024-2025,10:27 AM,0,4,0
67019664,67_67399_5136980,126963,1/30/25,2024-2025,2:43 PM,0,1,0
67019664,67_67399_5136980,126964,1/30/25,2024-2025,2:43 PM,0,1,0
67019665,67_67399_5136980,126154,11/8/24,2024-2025,2:29 PM,0,2,1
67019665,67_67399_5136980,127521,3/6/25,2024-2025,2:25 PM,0,3,1
67019665,67_67399_5136980,128260,4/30/25,2024-2025,3:17 PM,0,1,1
67019667,67_67399_5136980,125634,10/2/24,2024-2025,11:20 AM,3,0,0
67019667,67_67399_5136980,128008,4/7/25,2024-2025,2:37 PM,0,0,0
67019672,67_67399_5136980,125692,10/7/24,2024-2025,10:15 AM,0,1,0
67019675,67_67399_5136980,126029,10/31/24,2024-2025,10:27 AM,0,1,0
67019677,67_67399_5136980,125501,9/19/24,2024-2025,2:53 PM,0,1,0
67019677,67_67399_5136980,126022,10/30/24,2024-2025,1:50 PM,0,0,1
67019677,67_67399_5136980,126737,1/16/25,2024-2025,11:15 AM,0,1,0
67019678,67_67399_5136980,126338,11/21/24,2024-2025,2:40 PM,0,1,0
67019679,67_67399_5136980,126098,11/6/24,2024-2025,9:19 AM,0,0,0
67019688,67_67399_5136980,126020,10/30/24,2024-2025,1:50 PM,0,0,0
67019688,67_67399_5136980,126694,1/14/25,2024-2025,2:25 PM,0,1,0
67019688,67_67399_5136980,126883,1/28/25,2024-2025,11:44 AM,0,0,1
67019688,67_67399_5136980,127280,2/20/25,2024-2025,11:30 AM,0,1,0
67019688,67_67399_5136980,127299,2/21/25,2024-2025,11:31 AM,0,1,0
67019688,67_67399_5136980,128630,5/27/25,2024-2025,8:40 AM,0,1,0
67019694,67_67399_5136980,126546,12/16/24,2024-2025,11:57 AM,0,0,1
67019712,67_67399_5136980,126368,12/2/24,2024-2025,9:14 AM,0,2,0
67019715,67_67399_5136980,125969,10/26/24,2024-2025,7:30 PM,0,0,0
67019720,67_67399_5136980,127050,2/5/25,2024-2025,11:59 AM,0,1,0
67019720,67_67399_5136980,127366,2/25/25,2024-2025,1:45 PM,0,0,1
67019721,67_67399_5136980,125391,9/11/24,2024-2025,8:08 AM,0,1,0
67019729,67_67399_5136980,125618,10/1/24,2024-2025,12:56 PM,0,0,0
67019729,67_67399_5136980,126116,11/7/24,2024-2025,8:21 AM,0,1,0
67019729,67_67399_5136980,126406,12/4/24,2024-2025,8:31 AM,0,0,1
67019740,67_67399_5136980,125398,9/11/24,2024-2025,9:26 AM,0,1,0
67019741,67_67399_5136980,127844,3/26/25,2024-2025,12:03 PM,0,0,0
67019745,67_67399_5136980,125816,10/15/24,2024-2025,2:28 PM,0,0,1
67019745,67_67399_5136980,125841,10/16/24,2024-2025,2:23 PM,0,1,0
67019745,67_67399_5136980,125926,10/23/24,2024-2025,2:17 PM,0,1,0
67019745,67_67399_5136980,126199,11/13/24,2024-2025,2:25 PM,0,0,1
67019745,67_67399_5136980,126960,1/30/25,2024-2025,1:58 PM,0,0,1
67019745,67_67399_5136980,127098,2/6/25,2024-2025,2:39 PM,0,1,0
67019745,67_67399_5136980,128567,5/21/25,2024-2025,11:01 AM,0,1,0
67019746,67_67399_5136980,127599,3/12/25,2024-2025,11:40 AM,0,1,0
67019747,67_67399_5136980,125429,9/12/24,2024-2025,11:29 AM,0,0,1
67019763,67_67399_5136980,125432,9/12/24,2024-2025,12:36 PM,0,1,0
67019767,67_67399_5136980,126570,12/18/24,2024-2025,10:34 AM,0,2,1
67019771,67_67399_5136980,127411,2/27/25,2024-2025,12:35 PM,0,0,1
67019771,67_67399_5136980,127725,3/19/25,2024-2025,12:28 PM,0,1,1
67019772,67_67399_5136980,125705,10/7/24,2024-2025,1:39 PM,0,1,1
67019772,67_67399_5136980,127394,2/27/25,2024-2025,10:59 AM,0,3,0
67019773,67_67399_5136980,126598,1/6/25,2024-2025,2:45 PM,0,0,0
67019777,67_67399_5136980,125314,9/5/24,2024-2025,10:25 AM,0,3,0
67019778,67_67399_5136980,128373,5/8/25,2024-2025,9:36 AM,0,0,1
67019781,67_67399_5136980,127195,2/13/25,2024-2025,12:44 PM,0,1,0
67019791,67_67399_5136980,126009,10/30/24,2024-2025,10:33 AM,0,1,0
67019794,67_67399_5136980,125210,8/27/24,2024-2025,8:29 AM,0,1,0
67019794,67_67399_5136980,125356,9/9/24,2024-2025,9:30 AM,0,1,0
67019794,67_67399_5136980,127391,2/27/25,2024-2025,9:33 AM,0,1,0
67019794,67_67399_5136980,127774,3/21/25,2024-2025,1:20 PM,0,1,0
67019803,67_67399_5136980,125601,9/30/24,2024-2025,2:17 PM,0,1,0
67019808,67_67399_5136980,125853,10/17/24,2024-2025,11:07 AM,0,1,0
67019808,67_67399_5136980,126581,12/20/24,2024-2025,12:25 PM,0,1,0
67019813,67_67399_5136980,128678,5/30/25,2024-2025,12:30 PM,0,1,0
67019814,67_67399_5136980,126202,11/14/24,2024-2025,9:12 AM,0,1,0
67019815,67_67399_5136980,125273,8/30/24,2024-2025,8:25 AM,0,0,1
67019815,67_67399_5136980,126341,11/21/24,2024-2025,12:20 PM,0,1,0
67019815,67_67399_5136980,126318,11/21/24,2024-2025,10:26 AM,0,2,0
67019815,67_67399_5136980,127101,2/6/25,2024-2025,3:05 PM,0,1,0
67019818,67_67399_5136980,128397,5/9/25,2024-2025,1:15 PM,0,1,0
67019821,67_67399_5136980,125595,9/26/24,2024-2025,3:00 PM,0,0,0
67019821,67_67399_5136980,125739,10/9/24,2024-2025,12:56 PM,2,0,1
67019821,67_67399_5136980,126134,11/7/24,2024-2025,9:20 AM,0,1,0
67019825,67_67399_5136980,127077,2/6/25,2024-2025,11:06 AM,0,0,1
67019825,67_67399_5136980,128522,5/16/25,2024-2025,1:27 PM,0,1,0
67019827,67_67399_5136980,125830,10/16/24,2024-2025,12:03 PM,0,1,0
67019827,67_67399_5136980,126371,12/2/24,2024-2025,10:57 AM,0,1,0
67019827,67_67399_5136980,127786,3/24/25,2024-2025,10:02 AM,0,1,0
67019836,67_67399_5136980,125961,10/28/24,2024-2025,11:00 AM,0,1,0
67019836,67_67399_5136980,126124,11/7/24,2024-2025,1:10 PM,0,1,0
67019844,67_67399_5136980,126313,11/21/24,2024-2025,9:51 AM,0,0,0
67019846,67_67399_5136980,128013,4/8/25,2024-2025,9:01 AM,0,2,0
67019848,67_67399_5136980,126614,1/7/25,2024-2025,12:35 PM,0,1,0
67019852,67_67399_5136980,127783,3/19/25,2024-2025,3:20 PM,0,0,1
67019854,67_67399_5136980,125567,9/26/24,2024-2025,10:22 AM,0,1,0
67019856,67_67399_5136980,127977,4/3/25,2024-2025,3:06 PM,0,1,1
67019872,67_67399_5136980,125204,8/27/24,2024-2025,10:51 AM,0,2,0
67019872,67_67399_5136980,128531,5/19/25,2024-2025,10:37 AM,0,1,0
67019873,67_67399_5136980,126522,12/13/24,2024-2025,9:18 AM,0,0,1
67019874,67_67399_5136980,126047,11/1/24,2024-2025,12:09 PM,0,2,0
67019878,67_67399_5136980,125729,10/9/24,2024-2025,10:43 AM,0,1,0
67019878,67_67399_5136980,126895,1/29/25,2024-2025,7:48 AM,0,4,1
67019878,67_67399_5136980,127512,3/6/25,2024-2025,12:14 PM,0,0,1
67019893,67_67399_5136980,128162,4/16/25,2024-2025,9:46 AM,0,1,0
67019894,67_67399_5136980,128330,5/6/25,2024-2025,1:30 PM,0,0,1
67019899,67_67399_5136980,128345,5/7/25,2024-2025,8:56 AM,0,1,0
67019910,67_67399_5136980,126909,1/29/25,2024-2025,10:55 AM,0,1,0
67019910,67_67399_5136980,127217,2/14/25,2024-2025,11:13 AM,0,1,0
67019910,67_67399_5136980,128501,5/15/25,2024-2025,3:14 PM,0,2,0
67019916,67_67399_5136980,127919,4/2/25,2024-2025,8:38 AM,0,1,0
67019916,67_67399_5136980,128014,4/8/25,2024-2025,9:05 AM,0,2,0
67019920,67_67399_5136980,125517,9/20/24,2024-2025,2:40 PM,0,0,1
67019926,67_67399_5136980,125951,10/25/24,2024-2025,1:17 PM,0,1,0
67019927,67_67399_5136980,126629,1/9/25,2024-2025,11:16 AM,0,1,1
67019931,67_67399_5136980,125366,9/9/24,2024-2025,11:58 AM,0,1,0
67019931,67_67399_5136980,125516,9/20/24,2024-2025,2:37 PM,0,1,0
67019931,67_67399_5136980,125564,9/26/24,2024-2025,8:43 AM,0,1,0
67019931,67_67399_5136980,125706,10/4/24,2024-2025,1:46 PM,0,0,1
67019931,67_67399_5136980,125793,10/11/24,2024-2025,2:20 PM,0,0,1
67019931,67_67399_5136980,126306,11/20/24,2024-2025,3:00 PM,0,0,1
67019931,67_67399_5136980,126652,1/13/25,2024-2025,8:51 AM,0,1,0
67019931,67_67399_5136980,127177,2/12/25,2024-2025,2:21 PM,0,1,0
67019932,67_67399_5136980,125518,9/20/24,2024-2025,2:50 PM,0,2,1
67019932,67_67399_5136980,125723,10/8/24,2024-2025,9:30 AM,0,0,1
67019932,67_67399_5136980,125964,10/18/24,2024-2025,2:20 PM,0,0,1
67019932,67_67399_5136980,127040,2/5/25,2024-2025,9:34 AM,0,1,0
67019932,67_67399_5136980,128038,4/9/25,2024-2025,8:50 AM,0,1,0
67019932,67_67399_5136980,128276,5/1/25,2024-2025,12:10 PM,0,0,1
67019937,67_67399_5136980,126155,11/8/24,2024-2025,2:32 PM,0,2,1
67019937,67_67399_5136980,127176,2/12/25,2024-2025,10:25 AM,0,0,0
67019937,67_67399_5136980,127522,3/6/25,2024-2025,2:28 PM,0,2,1
67019937,67_67399_5136980,128259,4/30/25,2024-2025,3:15 PM,0,1,1
67019939,67_67399_5136980,126096,11/6/24,2024-2025,10:44 AM,0,2,1
67019939,67_67399_5136980,126250,11/18/24,2024-2025,10:24 AM,0,1,1
67019944,67_67399_5136980,125451,9/13/24,2024-2025,10:48 AM,0,1,0
67019944,67_67399_5136980,125972,10/28/24,2024-2025,12:30 PM,0,0,1
67019944,67_67399_5136980,126021,10/30/24,2024-2025,1:30 PM,0,0,1
67019944,67_67399_5136980,126030,10/31/24,2024-2025,10:27 AM,0,1,0
67019944,67_67399_5136980,128160,4/16/25,2024-2025,9:31 AM,0,1,0
67019944,67_67399_5136980,128622,5/23/25,2024-2025,2:40 PM,0,1,0
67019946,67_67399_5136980,126668,1/13/25,2024-2025,2:30 PM,0,1,0
67019946,67_67399_5136980,126786,1/22/25,2024-2025,2:20 PM,0,1,0
67019955,67_67399_5136980,125759,10/10/24,2024-2025,9:23 AM,0,0,1
67019963,67_67399_5136980,125998,10/29/24,2024-2025,1:20 PM,0,1,0
67019963,67_67399_5136980,126357,11/22/24,2024-2025,12:36 PM,0,1,0
67019963,67_67399_5136980,126351,11/22/24,2024-2025,10:35 AM,0,1,0
67019966,67_67399_5136980,125369,9/9/24,2024-2025,12:23 PM,0,1,0
67019967,67_67399_5136980,126380,12/2/24,2024-2025,10:26 PM,0,0,1
67019972,67_67399_5136980,125346,9/6/24,2024-2025,3:15 PM,0,0,1
67019972,67_67399_5136980,125746,10/9/24,2024-2025,2:30 PM,0,1,1
67019972,67_67399_5136980,126330,11/20/24,2024-2025,2:26 PM,0,2,1
67019977,67_67399_5136980,125187,8/26/24,2024-2025,8:00 AM,0,1,0
67019980,67_67399_5136980,126864,1/27/25,2024-2025,1:38 PM,0,0,1
67019980,67_67399_5136980,126903,1/29/25,2024-2025,10:24 AM,0,1,0
67020008,67_67399_5136980,125647,10/3/24,2024-2025,10:32 AM,0,1,0
67020012,67_67399_5136980,127416,2/27/25,2024-2025,2:30 PM,0,1,0
67020019,67_67399_5136980,128065,4/9/25,2024-2025,10:35 AM,0,0,1
67020023,67_67399_5136980,127182,2/12/25,2024-2025,12:29 PM,0,1,0
67020027,67_67399_5136980,127778,3/21/25,2024-2025,3:22 PM,0,0,1
67020028,67_67399_5136980,127244,2/18/25,2024-2025,10:30 AM,0,2,0
67020031,67_67399_5136980,125594,9/26/24,2024-2025,1:00 PM,0,0,0
67020033,67_67399_5136980,125294,8/30/24,2024-2025,9:52 AM,0,1,0
67020037,67_67399_5136980,127808,3/25/25,2024-2025,8:33 AM,0,1,0
67020053,67_67399_5136980,125436,9/12/24,2024-2025,1:30 PM,0,0,1
67020053,67_67399_5136980,125569,9/26/24,2024-2025,10:55 AM,0,1,0
67020053,67_67399_5136980,126563,12/18/24,2024-2025,10:01 AM,0,1,1
67020069,67_67399_5136980,126169,11/12/24,2024-2025,10:28 AM,0,1,0
67020069,67_67399_5136980,126184,11/13/24,2024-2025,10:27 AM,0,1,0
67020073,67_67399_5136980,125927,10/23/24,2024-2025,2:15 PM,0,1,0
67020073,67_67399_5136980,127116,2/7/25,2024-2025,12:43 PM,0,0,1
67020073,67_67399_5136980,127689,3/17/25,2024-2025,2:51 PM,0,0,1
67020073,67_67399_5136980,127835,3/26/25,2024-2025,9:17 AM,0,1,0
67020075,67_67399_5136980,128019,4/8/25,2024-2025,9:21 AM,0,1,0
67020077,67_67399_5136980,127187,2/13/25,2024-2025,9:38 AM,0,1,0
67020077,67_67399_5136980,127992,4/7/25,2024-2025,9:46 AM,0,0,1
67020077,67_67399_5136980,128244,4/29/25,2024-2025,3:10 PM,0,0,1
67020082,67_67399_5136980,126933,1/29/25,2024-2025,2:48 PM,0,0,1
67020082,67_67399_5136980,127441,3/3/25,2024-2025,2:43 PM,0,0,1
67020083,67_67399_5136980,126835,1/24/25,2024-2025,10:25 AM,0,0,1
67020083,67_67399_5136980,128384,5/8/25,2024-2025,1:15 PM,0,0,0
67020084,67_67399_5136980,125548,9/24/24,2024-2025,2:13 PM,0,0,1
67020096,67_67399_5136980,126566,12/18/24,2024-2025,10:33 AM,0,0,1
67020099,67_67399_5136980,125455,9/13/24,2024-2025,3:14 PM,0,1,0
67020099,67_67399_5136980,128655,5/29/25,2024-2025,11:30 AM,0,1,1
67020106,67_67399_5136980,125651,10/3/24,2024-2025,11:42 AM,0,0,1
67020106,67_67399_5136980,125797,10/14/24,2024-2025,12:45 PM,0,1,0
67020119,67_67399_5136980,125819,10/16/24,2024-2025,7:55 AM,0,0,1
67020119,67_67399_5136980,125956,10/25/24,2024-2025,3:05 PM,0,1,1
67020120,67_67399_5136980,126561,12/17/24,2024-2025,2:26 PM,0,1,0
67020126,67_67399_5136980,126117,11/7/24,2024-2025,12:03 PM,0,0,1
67020126,67_67399_5136980,126961,1/30/25,2024-2025,9:12 AM,0,1,0
67020131,67_67399_5136980,126622,1/8/25,2024-2025,1:40 PM,0,1,0
67020138,67_67399_5136980,125980,10/29/24,2024-2025,11:12 AM,0,2,1
67020140,67_67399_5136980,126983,1/31/25,2024-2025,12:00 PM,0,0,1
67020149,67_67399_5136980,125658,10/3/24,2024-2025,12:24 PM,3,0,0
67020149,67_67399_5136980,126948,1/30/25,2024-2025,12:01 PM,0,1,0
67020149,67_67399_5136980,127962,4/3/25,2024-2025,12:22 PM,0,1,0
67020149,67_67399_5136980,128087,4/10/25,2024-2025,12:45 PM,0,1,0
67020150,67_67399_5136980,126492,12/11/24,2024-2025,1:04 PM,0,0,1
67020150,67_67399_5136980,127314,2/21/25,2024-2025,3:55 PM,0,0,1
67020152,67_67399_5136980,127306,2/21/25,2024-2025,12:57 PM,0,0,1
67020153,67_67399_5136980,125880,10/18/24,2024-2025,1:24 PM,0,0,1
67020153,67_67399_5136980,126385,12/2/24,2024-2025,1:20 PM,0,0,0
67020160,67_67399_5136980,125310,9/5/24,2024-2025,8:53 AM,0,2,0
67020160,67_67399_5136980,125343,9/6/24,2024-2025,2:57 PM,0,0,1
67020160,67_67399_5136980,125442,9/12/24,2024-2025,2:48 PM,0,1,1
67020160,67_67399_5136980,125580,9/27/24,2024-2025,10:58 AM,0,1,0
67020160,67_67399_5136980,125648,10/3/24,2024-2025,10:51 AM,0,2,0
67020160,67_67399_5136980,126626,1/9/25,2024-2025,9:20 AM,0,0,0
67020160,67_67399_5136980,127983,4/2/25,2024-2025,10:25 AM,0,1,0
67020160,67_67399_5136980,128142,4/15/25,2024-2025,8:35 AM,0,1,1
67020160,67_67399_5136980,128270,5/1/25,2024-2025,11:20 AM,0,1,0
67020160,67_67399_5136980,128456,5/14/25,2024-2025,10:09 AM,0,0,1
67020162,67_67399_5136980,125467,9/16/24,2024-2025,2:19 PM,0,2,0
67020162,67_67399_5136980,125542,9/24/24,2024-2025,12:12 PM,0,0,1
67020162,67_67399_5136980,125832,10/16/24,2024-2025,11:45 PM,0,0,1
67020164,67_67399_5136980,125545,9/24/24,2024-2025,10:55 PM,0,0,1
67020164,67_67399_5136980,126790,1/22/25,2024-2025,2:40 PM,0,0,0
67020164,67_67399_5136980,127302,2/21/25,2024-2025,12:10 PM,3,0,0
67020169,67_67399_5136980,127886,3/27/25,2024-2025,12:40 PM,0,0,0
67020181,67_67399_5136980,126941,1/30/25,2024-2025,9:25 AM,0,0,1
67020181,67_67399_5136980,128041,4/9/25,2024-2025,10:57 AM,0,0,1
67020201,67_67399_5136980,125532,9/24/24,2024-2025,8:25 AM,0,1,0
67020201,67_67399_5136980,126038,10/31/24,2024-2025,11:55 AM,0,1,0
67020203,67_67399_5136980,125259,8/29/24,2024-2025,11:32 AM,0,0,0
67020203,67_67399_5136980,126894,1/28/25,2024-2025,2:52 PM,0,1,0
67020211,67_67399_5136980,125893,10/21/24,2024-2025,3:31 PM,0,1,0
67020211,67_67399_5136980,125923,10/23/24,2024-2025,2:30 PM,0,0,1
67020211,67_67399_5136980,125955,10/28/24,2024-2025,8:55 AM,0,1,0
67020213,67_67399_5136980,125945,10/25/24,2024-2025,9:48 AM,0,0,1
67020222,67_67399_5136980,125813,10/15/24,2024-2025,12:28 PM,0,1,1
67020222,67_67399_5136980,127284,2/20/25,2024-2025,2:01 PM,0,1,0
67020239,67_67399_5136980,125372,9/10/24,2024-2025,8:52 AM,0,2,0
67020240,67_67399_5136980,125274,8/30/24,2024-2025,8:00 AM,0,1,0
67020240,67_67399_5136980,128192,4/17/25,2024-2025,1:10 PM,0,1,0
67020243,67_67399_5136980,125530,9/23/24,2024-2025,2:19 PM,0,1,0
67020244,67_67399_5136980,125277,8/29/24,2024-2025,1:23 PM,0,1,0
67020244,67_67399_5136980,126185,11/13/24,2024-2025,10:34 AM,0,1,0
67020244,67_67399_5136980,126890,1/28/25,2024-2025,1:27 PM,0,0,1
67020266,67_67399_5136980,127693,3/18/25,2024-2025,9:21 AM,0,1,0
67020266,67_67399_5136980,127694,3/18/25,2024-2025,9:21 AM,0,1,0
67020277,67_67399_5136980,125285,8/30/24,2024-2025,9:50 AM,0,1,0
67020277,67_67399_5136980,125924,10/23/24,2024-2025,1:30 PM,0,0,2
67020277,67_67399_5136980,126429,12/5/24,2024-2025,9:50 AM,0,1,0
67020283,67_67399_5136980,126262,11/16/24,2024-2025,10:00 AM,0,1,0
67020283,67_67399_5136980,126594,12/28/24,2024-2025,2:11 PM,0,1,0
67020283,67_67399_5136980,126604,1/3/25,2024-2025,12:32 PM,0,1,0
67020283,67_67399_5136980,126836,1/24/25,2024-2025,11:00 AM,0,0,1
67020283,67_67399_5136980,126859,1/27/25,2024-2025,7:30 AM,0,1,1
67020283,67_67399_5136980,127252,2/18/25,2024-2025,12:20 PM,0,0,1
67020284,67_67399_5136980,125414,9/11/24,2024-2025,12:30 PM,0,1,0
67020287,67_67399_5136980,125205,8/27/24,2024-2025,8:22 AM,0,1,0
67020292,67_67399_5136980,127673,3/17/25,2024-2025,8:10 AM,0,0,1
67020292,67_67399_5136980,128340,5/6/25,2024-2025,3:00 PM,0,1,0
67020296,67_67399_5136980,127674,3/17/25,2024-2025,8:15 AM,0,0,1
67020301,67_67399_5136980,126179,11/13/24,2024-2025,8:03 AM,0,1,0
67020312,67_67399_5136980,128301,5/2/25,2024-2025,3:06 PM,0,0,1
67020319,67_67399_5136980,128030,4/8/25,2024-2025,11:43 AM,0,1,1
67020320,67_67399_5136980,126858,1/24/25,2024-2025,1:20 PM,0,1,0
67020328,67_67399_5136980,125166,8/21/24,2024-2025,11:01 AM,0,1,0
67020343,67_67399_5136980,125781,10/10/24,2024-2025,8:13 AM,0,1,0
67020345,67_67399_5136980,125253,8/29/24,2024-2025,10:30 AM,0,0,0
67020349,67_67399_5136980,126589,12/19/24,2024-2025,11:54 AM,0,2,0
67020349,67_67399_5136980,126840,1/23/25,2024-2025,4:04 PM,0,1,0
67020370,67_67399_5136980,126748,1/16/25,2024-2025,7:46 PM,0,0,0
67020372,67_67399_5136980,125776,10/10/24,2024-2025,2:00 PM,0,1,0
67020373,67_67399_5136980,127308,2/21/25,2024-2025,1:21 PM,0,1,0
67020373,67_67399_5136980,127667,3/14/25,2024-2025,3:06 PM,0,1,0
67020377,67_67399_5136980,125226,8/28/24,2024-2025,7:59 AM,0,1,0
67020377,67_67399_5136980,126422,12/4/24,2024-2025,3:06 PM,0,1,0
67020380,67_67399_5136980,125164,8/20/24,2024-2025,8:30 AM,0,1,0
67020381,67_67399_5136980,125303,9/4/24,2024-2025,9:46 AM,0,1,0
67020383,67_67399_5136980,126459,12/9/24,2024-2025,12:14 PM,0,1,0
67020388,67_67399_5136980,127006,2/3/25,2024-2025,2:42 PM,0,0,1
67020394,67_67399_5136980,128051,4/9/25,2024-2025,1:15 PM,0,1,0
67020395,67_67399_5136980,125330,9/6/24,2024-2025,8:20 AM,0,1,0
67020399,67_67399_5136980,125293,8/30/24,2024-2025,2:34 PM,0,1,1
67020401,67_67399_5136980,125503,9/20/24,2024-2025,9:51 AM,0,0,1
67020401,67_67399_5136980,127609,3/12/25,2024-2025,3:03 PM,0,1,0
67020401,67_67399_5136980,127885,3/27/25,2024-2025,2:46 PM,0,1,0
67020403,67_67399_5136980,125276,8/29/24,2024-2025,12:54 PM,0,1,0
67020405,67_67399_5136980,126583,12/20/24,2024-2025,12:25 PM,0,1,0
67020418,67_67399_5136980,125497,9/19/24,2024-2025,2:07 PM,0,1,0
67020418,67_67399_5136980,125744,10/9/24,2024-2025,2:04 PM,0,1,0
67020418,67_67399_5136980,127514,3/6/25,2024-2025,12:26 PM,0,0,0
67020424,67_67399_5136980,126213,11/14/24,2024-2025,12:07 PM,0,0,1
67020425,67_67399_5136980,125352,9/9/24,2024-2025,8:36 AM,0,0,1
67020427,67_67399_5136980,125254,8/29/24,2024-2025,8:13 AM,0,1,0
67020427,67_67399_5136980,125401,9/11/24,2024-2025,10:23 AM,0,1,0
67020444,67_67399_5136980,125241,8/28/24,2024-2025,8:26 AM,0,1,0
67020450,67_67399_5136980,125740,10/9/24,2024-2025,1:00 PM,0,0,1
67020452,67_67399_5136980,127303,2/21/25,2024-2025,12:08 PM,0,1,0
67020465,67_67399_5136980,125582,9/27/24,2024-2025,11:45 AM,0,1,0
67020467,67_67399_5136980,125741,10/9/24,2024-2025,1:04 PM,0,0,1
67020467,67_67399_5136980,126985,1/31/25,2024-2025,10:00 AM,0,0,0
67020467,67_67399_5136980,128512,5/16/25,2024-2025,10:10 AM,0,1,0
67020467,67_67399_5136980,128511,5/16/25,2024-2025,10:10 AM,0,1,0
67020484,67_67399_5136980,125248,8/29/24,2024-2025,8:17 AM,0,1,0
67020487,67_67399_5136980,125824,10/16/24,2024-2025,10:54 AM,0,1,0
67020487,67_67399_5136980,125891,10/21/24,2024-2025,3:17 PM,0,1,0
67020489,67_67399_5136980,125351,9/9/24,2024-2025,8:30 AM,0,0,1
67020492,67_67399_5136980,125684,10/4/24,2024-2025,1:05 PM,0,0,1
67020498,67_67399_5136980,125275,8/29/24,2024-2025,12:50 PM,0,1,0
67020498,67_67399_5136980,126332,11/21/24,2024-2025,2:11 PM,0,1,0
67020506,67_67399_5136980,127617,3/13/25,2024-2025,10:00 AM,0,0,1
67020516,67_67399_5136980,126180,11/13/24,2024-2025,9:30 AM,0,0,1
67020516,67_67399_5136980,126677,1/14/25,2024-2025,10:24 AM,0,0,1
67020518,67_67399_5136980,125664,10/3/24,2024-2025,8:12 AM,0,1,0
67020520,67_67399_5136980,127257,2/18/25,2024-2025,3:00 PM,0,1,0
67020520,67_67399_5136980,128334,5/6/25,2024-2025,2:28 PM,0,1,0
67020521,67_67399_5136980,125975,10/29/24,2024-2025,9:10 AM,0,1,0
67020521,67_67399_5136980,127922,4/2/25,2024-2025,8:49 AM,0,1,0
67020521,67_67399_5136980,128012,4/8/25,2024-2025,8:56 AM,0,2,0
67020521,67_67399_5136980,128344,5/7/25,2024-2025,8:50 AM,0,1,0
67020545,67_67399_5136980,125355,9/9/24,2024-2025,8:00 AM,0,1,0
67020545,67_67399_5136980,126980,1/31/25,2024-2025,12:41 PM,0,1,0
67020545,67_67399_5136980,128311,5/5/25,2024-2025,1:33 PM,0,1,0
67020549,67_67399_5136980,126592,12/28/24,2024-2025,2:05 PM,0,1,0
67020551,67_67399_5136980,125284,8/30/24,2024-2025,8:15 AM,0,1,0
67020558,67_67399_5136980,125232,8/28/24,2024-2025,8:06 AM,0,1,0
67020558,67_67399_5136980,125261,8/29/24,2024-2025,12:03 PM,0,0,0
67020558,67_67399_5136980,126942,1/30/25,2024-2025,9:25 AM,0,0,1
67020568,67_67399_5136980,125515,9/20/24,2024-2025,2:42 PM,0,1,0
67020576,67_67399_5136980,126823,1/23/25,2024-2025,2:24 PM,0,0,1
67020581,67_67399_5136980,125207,8/27/24,2024-2025,8:24 AM,0,1,0
67020592,67_67399_5136980,126097,11/6/24,2024-2025,9:30 AM,0,0,0
67020594,67_67399_5136980,125239,8/28/24,2024-2025,2:39 PM,0,0,0
67020594,67_67399_5136980,125598,9/30/24,2024-2025,1:01 PM,0,1,0
67020594,67_67399_5136980,125885,10/21/24,2024-2025,9:52 AM,0,0,1
67020594,67_67399_5136980,126472,12/10/24,2024-2025,10:47 AM,0,1,0
67020594,67_67399_5136980,127004,2/3/25,2024-2025,2:18 PM,0,0,0
67020595,67_67399_5136980,126284,11/19/24,2024-2025,2:39 PM,0,1,0
67020625,67_67399_5136980,126554,12/17/24,2024-2025,10:18 AM,0,0,1
67020627,67_67399_5136980,125950,10/25/24,2024-2025,11:40 AM,0,1,0
67020627,67_67399_5136980,126181,11/13/24,2024-2025,9:26 AM,0,0,0
67020633,67_67399_5136980,125960,10/28/24,2024-2025,10:22 AM,0,0,2
67020633,67_67399_5136980,126248,11/18/24,2024-2025,8:09 AM,0,1,0
67020633,67_67399_5136980,126354,11/22/24,2024-2025,11:27 AM,0,0,1
67020633,67_67399_5136980,126762,1/17/25,2024-2025,2:22 PM,0,0,1
67020633,67_67399_5136980,127192,2/13/25,2024-2025,3:32 PM,0,0,3
67020633,67_67399_5136980,127337,2/24/25,2024-2025,2:40 PM,0,1,1
67020633,67_67399_5136980,127740,3/19/25,2024-2025,3:25 PM,0,0,2
67020652,67_67399_5136980,126450,12/6/24,2024-2025,3:03 PM,0,1,1
67020652,67_67399_5136980,126481,12/10/24,2024-2025,2:38 PM,0,2,0
67020654,67_67399_5136980,128323,5/6/25,2024-2025,10:44 AM,0,1,1
67020660,67_67399_5136980,125203,8/27/24,2024-2025,8:21 AM,0,1,0
67020665,67_67399_5136980,125234,8/28/24,2024-2025,8:22 AM,0,1,0
67020671,67_67399_5136980,125206,8/27/24,2024-2025,8:24 AM,0,1,0
67020678,67_67399_5136980,125243,8/28/24,2024-2025,12:19 PM,0,1,0
67020680,67_67399_5136980,125392,9/11/24,2024-2025,8:28 AM,0,1,0
67020680,67_67399_5136980,127465,3/4/25,2024-2025,10:30 AM,0,0,1
67020689,67_67399_5136980,127196,2/13/25,2024-2025,1:10 PM,0,1,0
67020694,67_67399_5136980,127513,3/6/25,2024-2025,12:26 PM,0,0,0
67020694,67_67399_5136980,127862,3/27/25,2024-2025,9:10 AM,0,0,0
67020698,67_67399_5136980,125246,8/28/24,2024-2025,1:03 PM,0,1,0
67020698,67_67399_5136980,125312,9/5/24,2024-2025,8:00 AM,0,1,0
67020700,67_67399_5136980,125247,8/29/24,2024-2025,8:06 AM,0,1,0
67020707,67_67399_5136980,126981,1/31/25,2024-2025,12:41 PM,0,1,0
67020710,67_67399_5136980,126700,1/15/25,2024-2025,9:23 AM,0,2,0
67020713,67_67399_5136980,126286,11/19/24,2024-2025,3:01 PM,0,1,0
67020718,67_67399_5136980,125373,9/10/24,2024-2025,9:07 AM,0,2,0
67020718,67_67399_5136980,126176,11/12/24,2024-2025,1:08 PM,0,0,2
67020718,67_67399_5136980,126206,11/14/24,2024-2025,9:38 AM,0,1,1
67020718,67_67399_5136980,127123,2/7/25,2024-2025,2:40 PM,0,0,1
67020718,67_67399_5136980,127229,2/14/25,2024-2025,1:49 PM,0,0,3
67020718,67_67399_5136980,127788,3/24/25,2024-2025,2:08 PM,0,1,0
67020718,67_67399_5136980,128128,4/14/25,2024-2025,12:45 PM,0,0,1
67020718,67_67399_5136980,128249,4/30/25,2024-2025,11:17 AM,0,0,1
67020718,67_67399_5136980,128439,5/13/25,2024-2025,9:50 AM,0,1,0
67020728,67_67399_5136980,125675,10/4/24,2024-2025,12:19 PM,0,0,1
67020732,67_67399_5136980,125389,9/11/24,2024-2025,7:56 AM,0,1,0
67020754,67_67399_5136980,127598,3/12/25,2024-2025,11:40 AM,0,1,0
67020756,67_67399_5136980,126075,11/4/24,2024-2025,12:59 PM,0,1,0
67020756,67_67399_5136980,126077,11/4/24,2024-2025,1:58 PM,0,1,0
67020771,67_67399_5136980,125328,9/6/24,2024-2025,8:16 AM,0,1,0
67020776,67_67399_5136980,126010,10/30/24,2024-2025,11:04 AM,0,1,0
67020777,67_67399_5136980,125218,8/27/24,2024-2025,1:16 PM,0,0,1
67020777,67_67399_5136980,125291,8/30/24,2024-2025,2:10 PM,0,1,1
67020779,67_67399_5136980,126358,11/22/24,2024-2025,1:00 PM,0,1,0
67020779,67_67399_5136980,127278,2/20/25,2024-2025,10:36 AM,0,0,1
67020787,67_67399_5136980,125252,8/29/24,2024-2025,9:53 AM,0,3,0
67020787,67_67399_5136980,126418,12/4/24,2024-2025,1:50 PM,0,1,0
67020787,67_67399_5136980,126529,12/13/24,2024-2025,12:35 PM,0,1,0
67020787,67_67399_5136980,126776,1/22/25,2024-2025,9:34 AM,0,0,1
67020787,67_67399_5136980,126971,1/31/25,2024-2025,9:33 AM,0,0,1
67020787,67_67399_5136980,127026,2/4/25,2024-2025,11:29 AM,0,2,0
67020787,67_67399_5136980,127639,3/14/25,2024-2025,9:20 AM,0,1,0
67020787,67_67399_5136980,128147,4/15/25,2024-2025,10:12 AM,0,1,0
67020790,67_67399_5136980,125224,8/28/24,2024-2025,7:49 AM,0,1,0
67020793,67_67399_5136980,127751,3/20/25,2024-2025,3:30 PM,3,0,1
67020798,67_67399_5136980,126437,12/5/24,2024-2025,1:57 PM,0,1,0
67020808,67_67399_5136980,127047,2/5/25,2024-2025,10:56 AM,0,0,1
67020813,67_67399_5136980,126678,1/14/25,2024-2025,10:23 AM,0,0,1
67020814,67_67399_5136980,126530,12/13/24,2024-2025,12:05 PM,0,1,0
67020827,67_67399_5136980,128343,5/7/25,2024-2025,8:45 AM,0,1,0
67020829,67_67399_5136980,128587,5/22/25,2024-2025,9:35 AM,0,0,0
67020833,67_67399_5136980,125296,9/3/24,2024-2025,8:40 AM,0,1,0
67020833,67_67399_5136980,125629,10/2/24,2024-2025,11:28 AM,0,2,0
67020833,67_67399_5136980,125925,10/23/24,2024-2025,2:56 PM,0,2,0
67020833,67_67399_5136980,125949,10/25/24,2024-2025,11:29 AM,0,2,0
67020833,67_67399_5136980,126212,11/14/24,2024-2025,12:14 PM,0,2,1
67020834,67_67399_5136980,125386,9/10/24,2024-2025,12:09 PM,0,1,0
67020839,67_67399_5136980,125771,10/10/24,2024-2025,2:20 PM,0,1,0
67020842,67_67399_5136980,128650,5/28/25,2024-2025,11:53 AM,0,2,0
67020843,67_67399_5136980,125750,10/9/24,2024-2025,12:16 PM,0,1,0
67020843,67_67399_5136980,127350,2/25/25,2024-2025,12:00 AM,0,0,1
67020846,67_67399_5136980,127211,2/14/25,2024-2025,9:40 AM,0,0,1
67020848,67_67399_5136980,125288,8/30/24,2024-2025,9:51 AM,0,1,0
67020848,67_67399_5136980,126039,11/1/24,2024-2025,8:30 AM,0,0,1
67020848,67_67399_5136980,128586,5/22/25,2024-2025,9:35 AM,0,0,0
67020850,67_67399_5136980,125331,9/6/24,2024-2025,8:21 AM,0,1,0
67020861,67_67399_5136980,125635,10/2/24,2024-2025,1:28 PM,0,2,0
67020861,67_67399_5136980,128036,4/9/25,2024-2025,8:45 AM,0,1,0
67020861,67_67399_5136980,128146,4/15/25,2024-2025,9:55 AM,0,1,0
67020876,67_67399_5136980,127679,3/17/25,2024-2025,12:53 PM,0,1,0
67020878,67_67399_5136980,125367,9/9/24,2024-2025,3:29 PM,0,1,0
67020881,67_67399_5136980,126873,1/28/25,2024-2025,10:25 AM,0,0,1
67020884,67_67399_5136980,125327,9/6/24,2024-2025,7:58 AM,0,1,0
67020903,67_67399_5136980,125626,10/2/24,2024-2025,9:41 AM,0,1,0
67019675,67_67399_5136981,127500,3/5/25,2024-2025,9:52 AM,0,1,0
67019675,67_67399_5136981,128332,5/6/25,2024-2025,1:53 PM,0,1,0
67019677,67_67399_5136981,127499,3/5/25,2024-2025,9:48 AM,0,1,0
67019777,67_67399_5136981,126239,11/15/24,2024-2025,1:45 PM,0,0,1
67019777,67_67399_5136981,127505,3/6/25,2024-2025,11:32 AM,0,1,0
67019874,67_67399_5136981,127504,3/5/25,2024-2025,10:30 AM,0,1,0
67019972,67_67399_5136981,128210,4/28/25,2024-2025,2:05 PM,0,2,0
67020008,67_67399_5136981,126526,12/13/24,2024-2025,12:21 PM,0,0,1
67020084,67_67399_5136981,128281,5/1/25,2024-2025,2:38 PM,0,1,0
67020098,67_67399_5136981,127540,3/6/25,2024-2025,10:56 AM,0,0,0
67020886,67_67399_5136981,127657,3/14/25,2024-2025,12:15 PM,0,0,1
67020930,67_67399_5136981,128284,5/1/25,2024-2025,10:15 AM,0,0,1
67020930,67_67399_5136981,128713,5/28/25,2024-2025,10:15 AM,0,2,0
67020932,67_67399_5136981,128707,6/4/25,2024-2025,11:00 AM,0,1,1
67020940,67_67399_5136981,128045,4/9/25,2024-2025,12:18 PM,0,1,0
67020941,67_67399_5136981,125572,9/26/24,2024-2025,2:04 PM,0,1,0
67020941,67_67399_5136981,125728,10/8/24,2024-2025,2:32 PM,0,0,1
67020941,67_67399_5136981,125992,10/29/24,2024-2025,1:32 PM,0,0,1
67020941,67_67399_5136981,126323,11/21/24,2024-2025,11:40 AM,0,0,1
67020945,67_67399_5136981,125379,9/10/24,2024-2025,11:00 AM,0,0,1
67020948,67_67399_5136981,127572,3/11/25,2024-2025,10:30 AM,0,0,1
67020958,67_67399_5136981,125571,9/26/24,2024-2025,2:00 PM,0,1,0
67020958,67_67399_5136981,126320,11/21/24,2024-2025,11:35 AM,0,0,1
67020958,67_67399_5136981,126454,12/9/24,2024-2025,10:48 AM,0,1,0
67020965,67_67399_5136981,128317,5/5/25,2024-2025,2:10 PM,0,1,0
67020967,67_67399_5136981,127414,2/27/25,2024-2025,2:00 PM,2,0,0
67020968,67_67399_5136981,128714,5/8/25,2024-2025,10:19 AM,0,1,0
67020968,67_67399_5136981,128389,5/9/25,2024-2025,10:54 AM,0,1,0
67020982,67_67399_5136981,127095,2/6/25,2024-2025,12:15 PM,5,0,0
67020990,67_67399_5136981,127106,2/6/25,2024-2025,12:30 PM,5,0,0
67020997,67_67399_5136981,126525,12/13/24,2024-2025,11:20 AM,3,0,0
67020997,67_67399_5136981,126663,1/10/25,2024-2025,2:15 PM,1,0,0
67021004,67_67399_5136981,125443,9/12/24,2024-2025,11:00 AM,0,0,1