first_name,middle_name,last_name,relationship,email,phone,stu_id
Ricardo,,summerville,Father,ricardo.summerville@mail.com,5555563733,67012682
Alma,,wescott,Mother,alma.wescott@mail.com,5555559968,67012683
Carhla Maritza,,gillen,Mother,carhla maritza.gillen@mail.com,5555556935,67012684
Yulissa,,block,Mother,yulissa.block@mail.com,5555563596,67012685
Maria isabel,,ritchie,Mother,maria isabel.ritchie@mail.com,5555560717,67012686
Karen,,arruda,Mother,karen.arruda@mail.com,5555559668,67012687
Joanna,,tillery,Mother,joanna.tillery@mail.com,5555559422,67012688
Erika,,mortensen,Mother,erika.mortensen@mail.com,5555558103,67012689
Jamileth,,mcneil,Mother,jamileth.mcneil@mail.com,5555561798,67012690
Angela,,blair,Mother,angela.blair@mail.com,5555556194,67012691
Gabriela,,miner,Mother,gabriela.miner@mail.com,5555558212,67012692
Natalie,,anaya,Mother,natalie.anaya@mail.com,5555561783,67012693
Zuleyma,,lomax,Mother,zuleyma.lomax@mail.com,5555563666,67012694
Gustavo,,foxworth,Father,gustavo.foxworth@mail.com,5555563687,67012695
Diana,,lemus,Mother,diana.lemus@mail.com,5555557721,67012696
Jose,,vasquez,Father,jose.vasquez@mail.com,5555559487,67012697
Jennie,,truitt,Mother,jennie.truitt@mail.com,5555559292,67012698
Valeshka,,nickens,Mother,valeshka.nickens@mail.com,5555563109,67012699
Fernanda,,dore,Mother,fernanda.dore@mail.com,5555563839,67012700
Cynthia,,reinhardt,Mother,cynthia.reinhardt@mail.com,5555557475,67012701
Richard,,tomlin,Father,richard.tomlin@mail.com,5555562228,67012702
Martha,,pantoja,Mother,martha.pantoja@mail.com,5555560528,67012703
Delia,,chi,Mother,delia.chi@mail.com,5555561547,67012704
Julio,,troy,Father,julio.troy@mail.com,5555558621,67012705
Alejandra,,edmonson,Mother,alejandra.edmonson@mail.com,5555555839,67012706
Katia,,quinones,Mother,katia.quinones@mail.com,5555559788,67012707
hymdhar,,fischer,Father,hymdhar.fischer@mail.com,5555558893,67012708
Alejandra,,medellin,Mother,alejandra.medellin@mail.com,5555555851,67012709
Elizabeth,,messina,Mother,elizabeth.messina@mail.com,5555558004,67012710
Vanita,,lundberg,Mother,vanita.lundberg@mail.com,5555563155,67012711
Rosa,,harvey,Mother,rosa.harvey@mail.com,5555562306,67012712
America,,irvine,Mother,america.irvine@mail.com,5555558542,67012713
Luis,,skidmore,Father,luis.skidmore@mail.com,5555563870,67012714
Kalahan,,pino,Mother,kalahan.pino@mail.com,5555559640,67012715
Lesli Maciel,,bostic,Mother,lesli maciel.bostic@mail.com,5555557404,67012716
Destiny,,florence,Mother,destiny.florence@mail.com,5555557790,67012717
Brisa,,donald,Mother,brisa.donald@mail.com,5555556824,67012718
Blanca,,hossain,Mother,blanca.hossain@mail.com,5555556675,67012719
Michelle,,luck,Mother,michelle.luck@mail.com,5555563569,67012720
Vanessa,,sipple,Mother,vanessa.sipple@mail.com,5555563342,67012721
Gisel,,hartley,Mother,gisel.hartley@mail.com,5555561108,67012722
Laura,,dugas,Mother,laura.dugas@mail.com,5555556220,67012723
Jamany,,bidwell,Mother,jamany.bidwell@mail.com,5555559158,67012724
Eryka,,washington,Mother,eryka.washington@mail.com,5555558172,67012725
Gabriela,,parkman,Mother,gabriela.parkman@mail.com,5555558467,67012726
Mayra,,kinnard,Mother,mayra.kinnard@mail.com,5555560995,67012727
Rosemary,,gober,Mother,rosemary.gober@mail.com,5555560662,67012728
Amalia,,dunbar,Mother,amalia.dunbar@mail.com,5555560615,67012729
Roxana,,savoy,Mother,roxana.savoy@mail.com,5555562382,67012730
Amber,,dimaggio,Mother,amber.dimaggio@mail.com,5555556535,67012731
Yazmin,,cherry,Mother,yazmin.cherry@mail.com,5555563484,67012732
Diana,,rau,Mother,diana.rau@mail.com,5555557742,67012733
Georgina,,givens,Mother,georgina.givens@mail.com,5555558507,67012734
Ana,,powers,Mother,ana.powers@mail.com,5555558748,67012735
Alejandra,,juan,Mother,alejandra.juan@mail.com,5555556064,67012736
Loreeyn,,stull,Mother,loreeyn.stull@mail.com,5555560328,67012737
Carlos,,singer,Father,carlos.singer@mail.com,5555556961,67012738
Fiorela,,wescott,Mother,fiorela.wescott@mail.com,5555558419,67012739
Giovanna,,rizzo,Mother,giovanna.rizzo@mail.com,5555561197,67012740
Jovana,,fogg,Mother,jovana.fogg@mail.com,5555559538,67012741
Arcelia,,brian,Mother,arcelia.brian@mail.com,5555556358,67012742
Abigail,,kauffman,Mother,abigail.kauffman@mail.com,5555555624,67012743
Jazmin,,tucci,Mother,jazmin.tucci@mail.com,5555559234,67012744
Danitza,,wolford,Mother,danitza.wolford@mail.com,5555557584,67012745
Liborio,,israel,Stepfather,liborio.israel@mail.com,5555560129,67012746
Lilia,,rayford,Mother,lilia.rayford@mail.com,5555555756,67012747
Giovanna,,oshea,Mother,giovanna.oshea@mail.com,5555561198,67012748
Xenya,,grijalva,Mother,xenya.grijalva@mail.com,5555562854,67012749
Teresa,,perryman,Caregiver,teresa.perryman@mail.com,5555562262,67012750
Efren,,slack,Father,efren.slack@mail.com,5555557034,67012751
Zuleyma,,shriver,Mother,zuleyma.shriver@mail.com,5555563667,67012752
Cinthya,,otte,Mother,cinthya.otte@mail.com,5555562684,67012753
Mayra,,mcghee,Mother,mayra.mcghee@mail.com,5555560536,67012754
Adriana,,spinks,Mother,adriana.spinks@mail.com,5555555677,67012755
Julia,,lyle,Mother,julia.lyle@mail.com,5555559608,67012756
Jessica,,mcculloch,Mother,jessica.mcculloch@mail.com,5555562877,67012757
Briceida,,favela,Family Member,briceida.favela@mail.com,5555555622,67012758
lorena,,quillen,Grandfather,lorena.quillen@mail.com,5555563730,67012759
Ana,,benz,Mother,ana.benz@mail.com,5555556127,67012760
Jennie,,douglass,Mother,jennie.douglass@mail.com,5555559291,67012761
Lesli Maciel,,clement,Mother,lesli maciel.clement@mail.com,5555557405,67012762
Nayely,,borges,Mother,nayely.borges@mail.com,5555561573,67012763
Sandra,,gough,Mother,sandra.gough@mail.com,5555562562,67012764
Karina,,lowry,Mother,karina.lowry@mail.com,5555562407,67012765
Kenya,,fuhrman,Mother,kenya.fuhrman@mail.com,5555556522,67012766
Maria,,lindley,Mother,maria.lindley@mail.com,5555562295,67012767
Ruby,,benoit,Mother,ruby.benoit@mail.com,5555563846,67012768
Gabriela,,preston,Mother,gabriela.preston@mail.com,5555558213,67012769
Lizdey,,sorrell,Mother,lizdey.sorrell@mail.com,5555560253,67012770
Priscila,,shivers,Mother,priscila.shivers@mail.com,5555562015,67012771
Cristina,,berg,Mother,cristina.berg@mail.com,5555559015,67012772
Miroslava,,leger,Mother,miroslava.leger@mail.com,5555561228,67012773
Ivan,,chester,Father,ivan.chester@mail.com,5555563032,67012774
Katia,,beason,Mother,katia.beason@mail.com,5555559787,67012775
Karen,,wyckoff,Mother,karen.wyckoff@mail.com,5555563207,67012776
Esmeralda,,wagner,Mother,esmeralda.wagner@mail.com,5555558196,67012777
Maria,,jarvis,Mother,maria.jarvis@mail.com,5555560740,67012778
Ana,,mcginnis,Mother,ana.mcginnis@mail.com,5555556079,67012779
Guadalupe,,hamilton,Mother,guadalupe.hamilton@mail.com,5555560490,67012780
Amber,,macgregor,Mother,amber.macgregor@mail.com,5555556534,67012781
Judith,,ostrander,Mother,judith.ostrander@mail.com,5555559587,67012782
Diana,,olguin,Mother,diana.olguin@mail.com,5555556110,67012783
Alyssa,,mcnulty,Mother,alyssa.mcnulty@mail.com,5555556022,67012784
Arian,,bradberry,Mother,arian.bradberry@mail.com,5555556382,67012785
Alondra,,cobos,Mother,alondra.cobos@mail.com,5555556001,67012786
Rosemary,,tate,Mother,rosemary.tate@mail.com,5555560661,67012787
Julie,,delk,Mother,julie.delk@mail.com,5555562518,67012788
Elizabeth,,coy,Mother,elizabeth.coy@mail.com,5555558015,67012789
Sara,,lawler,Mother,sara.lawler@mail.com,5555562588,67012790
Alain,,pineda,Father,alain.pineda@mail.com,5555563785,67012791
Samantha,,place,Mother,samantha.place@mail.com,5555562821,67012792
Arcelia,,lake,Mother,arcelia.lake@mail.com,5555556357,67012793
Jamany,,shrum,Mother,jamany.shrum@mail.com,5555559159,67012794
Eduardo,,briscoe,Father,eduardo.briscoe@mail.com,5555563319,67012795
Norma,,bollinger,Mother,norma.bollinger@mail.com,5555561680,67012796
Mara,,giron,Mother,mara.giron@mail.com,5555560534,67012797
Maria,,hutcherson,Mother,maria.hutcherson@mail.com,5555560433,67012798
Ivette,,irvine,Mother,ivette.irvine@mail.com,5555559085,67012799
Abigail,,tomlinson,Mother,abigail.tomlinson@mail.com,5555555634,67012800
madai,,autry,Mother,madai.autry@mail.com,5555560555,67012801
Alma Rosa,,heckman,Mother,alma rosa.heckman@mail.com,5555555990,67012802
ALEXIS,,nowicki,Mother,alexis.nowicki@mail.com,5555555709,67012803
Yadira,,dillard,Mother,yadira.dillard@mail.com,5555563356,67012804
Lizdey,,blood,Mother,lizdey.blood@mail.com,5555560254,67012805
Esther,,luce,Grandmother,esther.luce@mail.com,5555563674,67012806
Eugenia,,shanklin,Mother,eugenia.shanklin@mail.com,5555560350,67012807
Eugenio,,gorham,Father,eugenio.gorham@mail.com,5555562115,67012808
Erika,,beaman,Mother,erika.beaman@mail.com,5555558613,67012809
Celia,,setzer,Mother,celia.setzer@mail.com,5555556871,67012810
Jessica,,donato,Mother,jessica.donato@mail.com,5555564037,67012811
Carla,,cass,Mother,carla.cass@mail.com,5555556949,67012812
Maria,,lenhart,Grandmother,maria.lenhart@mail.com,5555564028,67012813
Flor,,hull,Mother,flor.hull@mail.com,5555561841,67012814
Dennise,,byrne,Mother,dennise.byrne@mail.com,5555561596,67012815
Berenice,,haun,Mother,berenice.haun@mail.com,5555561123,67012816
Claudia,,russ,Mother,claudia.russ@mail.com,5555563873,67012817
Beatriz,,duong,Mother,beatriz.duong@mail.com,5555556664,67012818
Armando,,housley,Father,armando.housley@mail.com,5555556401,67012819
Xiomara,,ogle,Mother,xiomara.ogle@mail.com,5555563399,67012820
Amy,,demello,Mother,amy.demello@mail.com,5555557461,67012821
Nayeli,,blevins,Mother,nayeli.blevins@mail.com,5555561567,67012822
Monique,,olmstead,Mother,monique.olmstead@mail.com,5555561332,67012823
Kenia,,tyndall,Mother,kenia.tyndall@mail.com,5555559830,67012824
Gisel,,rivard,Mother,gisel.rivard@mail.com,5555561109,67012825
Ana,,glasscock,Mother,ana.glasscock@mail.com,5555556122,67012826
Giselle,,bowling,Mother,giselle.bowling@mail.com,5555558625,67012827
Maritza,,venegas,Mother,maritza.venegas@mail.com,5555560044,67012828
Jamany,,rittenhouse,Mother,jamany.rittenhouse@mail.com,5555559157,67012829
Cristina,,boggess,Mother,cristina.boggess@mail.com,5555560880,67012830
Johanna,,baskin,Mother,johanna.baskin@mail.com,5555559109,67012831
Izadora,,keen,Mother,izadora.keen@mail.com,5555559102,67012832
Kassandra,,le,Mother,kassandra.le@mail.com,5555559776,67012833
Kriss,,bishop,Mother,kriss.bishop@mail.com,5555559924,67012834
Elizabeth,,zepeda,Mother,elizabeth.zepeda@mail.com,5555558003,67012835
Elvia,,andino,Mother,elvia.andino@mail.com,5555557643,67012836
Elsa,,dilworth,Mother,elsa.dilworth@mail.com,5555558279,67012837
Beatriz,,pugh,Aunt,beatriz.pugh@mail.com,5555563844,67012838
Beatriz,,ashby,Grandmother,beatriz.ashby@mail.com,5555563971,67012839
Karmen,,dumas,Mother,karmen.dumas@mail.com,5555559761,67012840
Elisa,,puente,Mother,elisa.puente@mail.com,5555557986,67012841
Melissa,,sharpe,Mother,melissa.sharpe@mail.com,5555561098,67012842
Graciela,,eby,Mother,graciela.eby@mail.com,5555558708,67012843
Tia,,godoy,Mother,tia.godoy@mail.com,5555563013,67012844
Lisette,,weatherford,Mother,lisette.weatherford@mail.com,5555560225,67012845
Monica,,campos,Mother,monica.campos@mail.com,5555560562,67012846
Cynthia,,billington,Mother,cynthia.billington@mail.com,5555556014,67012847
Jessie,,copper,Father,jessie.copper@mail.com,5555558436,67012848
Flor,,foy,Mother,flor.foy@mail.com,5555561839,67012849
Ramona,,stoker,Mother,ramona.stoker@mail.com,5555562107,67012850
Ramona,,warner,Mother,ramona.warner@mail.com,5555562108,67012851
Mikay,,march,Mother,mikay.march@mail.com,5555561200,67012852
Xotchil,,lehman,Mother,xotchil.lehman@mail.com,5555563392,67012853
Mayra,,candelario,Mother,mayra.candelario@mail.com,5555560988,67012854
Guadalupe,,cofer,Mother,guadalupe.cofer@mail.com,5555560304,67012855
Ashly,,soper,Mother,ashly.soper@mail.com,5555558687,67012856
Stephanie,,yanez,Mother,stephanie.yanez@mail.com,5555556019,67012857
Emmeline,,vickery,Mother,emmeline.vickery@mail.com,5555558086,67012858
Briceyda,,back,Mother,briceyda.back@mail.com,5555556833,67012859
Margarita,,hackney,Mother,margarita.hackney@mail.com,5555560579,67012860
Natalie,,tyree,Mother,natalie.tyree@mail.com,5555561782,67012861
Janeth,,broome,Mother,janeth.broome@mail.com,5555559115,67012862
Evelyn,,abeyta,Mother,evelyn.abeyta@mail.com,5555558263,67012863
Yadira,,casanova,Mother,yadira.casanova@mail.com,5555563355,67012864
Gloria,,graf,Mother,gloria.graf@mail.com,5555558641,67012865
Tania,,haile,Mother,tania.haile@mail.com,5555559148,67012866
Liliana,,cowans,Mother,liliana.cowans@mail.com,5555560168,67012867
Carmen,,barajas,Mother,carmen.barajas@mail.com,5555556239,67012868
George,,morgan,Grandfather,george.morgan@mail.com,5555563936,67012869
Alondra,,foss,Mother,alondra.foss@mail.com,5555556000,67012870
Claudia,,leatherman,Mother,claudia.leatherman@mail.com,5555563872,67012871
Cristina,,blythe,Mother,cristina.blythe@mail.com,5555557416,67012872
Ana,,burchett,Mother,ana.burchett@mail.com,5555556080,67012873
Norma,,hallmark,Mother,norma.hallmark@mail.com,5555561574,67012874
Graciela,,feeney,Mother,graciela.feeney@mail.com,5555558710,67012875
Irene,,dorr,Mother,irene.dorr@mail.com,5555558970,67012876
Kalahan,,marchetti,Mother,kalahan.marchetti@mail.com,5555559641,67012877
Adriana,,theriault,Mother,adriana.theriault@mail.com,5555555690,67012878
Julie,,olinger,Mother,julie.olinger@mail.com,5555562519,67012879
Monzerrath,,jost,Mother,monzerrath.jost@mail.com,5555561357,67012880
Lizbeth,,maples,Mother,lizbeth.maples@mail.com,5555560230,67012881
Xenya,,peter,Mother,xenya.peter@mail.com,5555562855,67012882
Nayeli,,zimmer,Mother,nayeli.zimmer@mail.com,5555561564,67012883
Erika,,arteaga,Mother,erika.arteaga@mail.com,5555558127,67012884
Jovana,,wasserman,Mother,jovana.wasserman@mail.com,5555559539,67012885
Celia,,rockwell,Mother,celia.rockwell@mail.com,5555557094,67012886
Raylene,,ahern,Mother,raylene.ahern@mail.com,5555563044,67012887
Maria,,valle,Mother,maria.valle@mail.com,5555559241,67012888
Giovanna,,bussey,Mother,giovanna.bussey@mail.com,5555561199,67012889
Pedro,,medlin,Father,pedro.medlin@mail.com,5555557927,67012890
Maricela,,jimerson,Mother,maricela.jimerson@mail.com,5555560785,67012891
Maria Elena,,kay,Mother,maria elena.kay@mail.com,5555556599,67012892
Sofia,,christianson,Mother,sofia.christianson@mail.com,5555562749,67012893
Judith,,fick,Mother,judith.fick@mail.com,5555559586,67012894
Maria,,fischer,Mother,maria.fischer@mail.com,5555559682,67012895
Abigail,,shouse,Mother,abigail.shouse@mail.com,5555555633,67012896
Vanita,,ware,Mother,vanita.ware@mail.com,5555563154,67012897
Maria,,mellott,Caregiver,maria.mellott@mail.com,5555559671,67012898
Andrea,,hammock,Aunt,andrea.hammock@mail.com,5555556162,67012899
Alexandra,,catlett,Mother,alexandra.catlett@mail.com,5555555611,67012900
Diana,,brockman,Mother,diana.brockman@mail.com,5555562187,67012901
Krystal,,burgos,Mother,krystal.burgos@mail.com,5555563755,67012902
Stefanie,,posey,Mother,stefanie.posey@mail.com,5555562829,67012903
Liliana,,boring,Mother,liliana.boring@mail.com,5555560156,67012904
Marlen,,pillow,Mother,marlen.pillow@mail.com,5555560863,67012905
Estela,,garretson,Mother,estela.garretson@mail.com,5555558220,67012906
Edna,,guffey,Mother,edna.guffey@mail.com,5555557919,67012907
Lizbeth,,sand,Mother,lizbeth.sand@mail.com,5555558333,67012908
Julia,,gittens,Mother,julia.gittens@mail.com,5555559607,67012909
Oscar,,alvey,Father,oscar.alvey@mail.com,5555561766,67012910
Luz,,delong,Mother,luz.delong@mail.com,5555560510,67012911
Jamany,,schaffner,Mother,jamany.schaffner@mail.com,5555559163,67012912
Karen,,schwab,Mother,karen.schwab@mail.com,5555557185,67012913
Maria,,kaylor,Mother,maria.kaylor@mail.com,5555559242,67012914
Beatriz,,emanuel,Mother,beatriz.emanuel@mail.com,5555556662,67012915
Blanca,,holman,Mother,blanca.holman@mail.com,5555556641,67012916
Karla,,scribner,Mother,karla.scribner@mail.com,5555563090,67012917
Kassandra,,ramos,Mother,kassandra.ramos@mail.com,5555559777,67012918
Flor,,cullen,Mother,flor.cullen@mail.com,5555561840,67012919
Jesus,,hefner,Father,jesus.hefner@mail.com,5555559218,67012920
Ana,,pendleton,Mother,ana.pendleton@mail.com,5555558180,67012921
Monica,,cress,Mother,monica.cress@mail.com,5555561323,67012922
Eugenia,,hoang,Mother,eugenia.hoang@mail.com,5555560351,67012923
Ana,,hufford,Mother,ana.hufford@mail.com,5555556289,67012924
Izadora,,schreiner,Mother,izadora.schreiner@mail.com,5555559103,67012925
Beatriz,,pfeiffer,Aunt,beatriz.pfeiffer@mail.com,5555563845,67012926
Cecilia,,cade,Mother,cecilia.cade@mail.com,5555557090,67012927
Maria,,charron,Mother,maria.charron@mail.com,5555560772,67012928
Fatima,,wasson,Mother,fatima.wasson@mail.com,5555563382,67012929
Maricela,,kozak,Mother,maricela.kozak@mail.com,5555558024,67012930
Guadalupe,,beam,Mother,guadalupe.beam@mail.com,5555558757,67012931
Karina,,smart,Mother,karina.smart@mail.com,5555562408,67012932
Guadalupe,,cram,Mother,guadalupe.cram@mail.com,5555561174,67012933
Erika,,rossman,Mother,erika.rossman@mail.com,5555558104,67012934
Brisa,,ngo,Mother,brisa.ngo@mail.com,5555556823,67012935
Valeria,,duquette,Mother,valeria.duquette@mail.com,5555563108,67012936
Michelle,,callender,Mother,michelle.callender@mail.com,5555562321,67012937
Loreeyn,,boudreau,Mother,loreeyn.boudreau@mail.com,5555560325,67012938
Sara,,kendrick,Mother,sara.kendrick@mail.com,5555562587,67012939
Arantxa,,virgil,Mother,arantxa.virgil@mail.com,5555558927,67012940
Johanna,,abdullah,Mother,johanna.abdullah@mail.com,5555562790,67012941
Karla,,antonio,Mother,karla.antonio@mail.com,5555559857,67012942
Elizabeth,,witcher,Mother,elizabeth.witcher@mail.com,5555560353,67012943
Priscila,,hickson,Mother,priscila.hickson@mail.com,5555562014,67012944
Samantha,,eicher,Mother,samantha.eicher@mail.com,5555562511,67012945
Irma,,welsh,Mother,irma.welsh@mail.com,5555558992,67012946
Jessica,,mcalpine,Mother,jessica.mcalpine@mail.com,5555559328,67012947
Judith,,block,Mother,judith.block@mail.com,5555559584,67012948
Irasema,,mays,Mother,irasema.mays@mail.com,5555558964,67012949
Danissa,,whalen,Mother,danissa.whalen@mail.com,5555557582,67012950
Yael,,cavazos,Mother,yael.cavazos@mail.com,5555563539,67012951
Ana,,cameron,Mother,ana.cameron@mail.com,5555556121,67012952
Amy,,bryant,Mother,amy.bryant@mail.com,5555556068,67012953
John,,herrera,Father,john.herrera@mail.com,5555559465,67012954
Fabiola,,bowens,Mother,fabiola.bowens@mail.com,5555560373,67012955
Abigail,,pace,Mother,abigail.pace@mail.com,5555555632,67012956
Rebeca,,furlong,Mother,rebeca.furlong@mail.com,5555560919,67012957
Elizabeth,,ruvalcaba,Mother,elizabeth.ruvalcaba@mail.com,5555558816,67012958
Elizabeth,,asbury,Mother,elizabeth.asbury@mail.com,5555558815,67012959
Arcelia,,loudermilk,Mother,arcelia.loudermilk@mail.com,5555556356,67012960
Esmeralda,,lindner,Mother,esmeralda.lindner@mail.com,5555561983,67012961
Fernanda,,duda,Mother,fernanda.duda@mail.com,5555558371,67012962
Mayra,,yoshida,Mother,mayra.yoshida@mail.com,5555560996,67012963
Jose,,whittaker,Father,jose.whittaker@mail.com,5555557450,67012964
Amy,,august,Mother,amy.august@mail.com,5555557462,67012965
Ernesto,,farrell,Father,ernesto.farrell@mail.com,5555558042,67012966
Sara,,cone,Mother,sara.cone@mail.com,5555562589,67012967
Eunice,,cade,Mother,eunice.cade@mail.com,5555558235,67012968
Fatima,,mcdaniel,Mother,fatima.mcdaniel@mail.com,5555558323,67012969
ANGIE,,scarlett,Mother,angie.scarlett@mail.com,5555556259,67012970
Marisol,,maxfield,Emergency contact,marisol.maxfield@mail.com,5555564049,67012971
Gloria,,rust,Mother,gloria.rust@mail.com,5555558673,67012972
Daniel,,stuart,Father,daniel.stuart@mail.com,5555557596,67012973
Gabriela,,purnell,Mother,gabriela.purnell@mail.com,5555558457,67012974
Griselda,,roland,Mother,griselda.roland@mail.com,5555558731,67012975
Michelle,,rowlands,Mother,michelle.rowlands@mail.com,5555556071,67012976
Karen,,waterhouse,Mother,karen.waterhouse@mail.com,5555559914,67012977
Jaime,,breen,Father,jaime.breen@mail.com,5555560236,67012978
Nancy,,lail,Mother,nancy.lail@mail.com,5555561506,67012979
Daniel,,staten,Father,daniel.staten@mail.com,5555561763,67012980
Dalia,,rizzo,Mother,dalia.rizzo@mail.com,5555555576,67012981
Francisco,,rickard,Father,francisco.rickard@mail.com,5555558684,67012982
Cristina,,swett,Mother,cristina.swett@mail.com,5555557417,67012983
Briset,,osborn,Mother,briset.osborn@mail.com,5555556821,67012984
Marivel,,rust,Mother,marivel.rust@mail.com,5555557370,67012985
Jennat,,caddell,Mother,jennat.caddell@mail.com,5555559959,67012986
Arturo,,bigelow,Father,arturo.bigelow@mail.com,5555562600,67012987
Alejandra,,elmore,Mother,alejandra.elmore@mail.com,5555555850,67012988
Elsa,,farina,Mother,elsa.farina@mail.com,5555558159,67012989
Arlette,,rushing,Mother,arlette.rushing@mail.com,5555556396,67012990
Rosa,,shoulders,Mother,rosa.shoulders@mail.com,5555557204,67012991
Mayra,,tighe,Mother,mayra.tighe@mail.com,5555560538,67012992
Julia,,boyd,Mother,julia.boyd@mail.com,5555559358,67012993
Celia,,greenway,Mother,celia.greenway@mail.com,5555556872,67012994
Agustin,,treadwell,Father,agustin.treadwell@mail.com,5555557511,67012995
Maria,,nabors,Mother,maria.nabors@mail.com,5555560979,67012996
Brenda,,santiago,Mother,brenda.santiago@mail.com,5555555894,67012997
Ericka,,leblanc,Mother,ericka.leblanc@mail.com,5555563280,67012998
Leslie,,croteau,Mother,leslie.croteau@mail.com,5555556737,67012999
Julie,,escamilla,Mother,julie.escamilla@mail.com,5555562517,67013000
Juan,,masse,Father,juan.masse@mail.com,5555560442,67013001
Laura,,neubauer,Mother,laura.neubauer@mail.com,5555560012,67013002
Macrina,,kirchner,Mother,macrina.kirchner@mail.com,5555561028,67013003
Angel,,lacy,Father,angel.lacy@mail.com,5555556193,67013004
Jhoanna,,jaynes,Mother,jhoanna.jaynes@mail.com,5555559364,67013005
Delia,,cyrus,Mother,delia.cyrus@mail.com,5555561545,67013006
Fabia,,vasquez,Mother,fabia.vasquez@mail.com,5555558378,67013007
Natalia,,coon,Grandmother,natalia.coon@mail.com,5555556182,67013008
Ennid,,brumley,Mother,ennid.brumley@mail.com,5555558763,67013009
Pabelly,,sorrell,Mother,pabelly.sorrell@mail.com,5555557279,67013010
Mayra,,bixler,Caregiver,mayra.bixler@mail.com,5555561014,67013011
Junell,,cram,Mother,junell.cram@mail.com,5555559362,67013012
Georgina,,nava,Mother,georgina.nava@mail.com,5555558506,67013013
Maria,,wong,Mother,maria.wong@mail.com,5555559683,67013014
Karla,,vanlandingham,Mother,karla.vanlandingham@mail.com,5555559747,67013015
Maria,,presley,Mother,maria.presley@mail.com,5555559002,67013016
Mariana,,thompkins,Mother,mariana.thompkins@mail.com,5555561641,67013017
Lizeth,,hurt,Caregiver,lizeth.hurt@mail.com,5555562110,67013018
Jamany,,duda,Mother,jamany.duda@mail.com,5555559162,67013019
Isela,,kessinger,Mother,isela.kessinger@mail.com,5555559030,67013020
Maricela,,carlos,Mother,maricela.carlos@mail.com,5555560790,67013021
Diana,,riordan,Mother,diana.riordan@mail.com,5555562188,67013022
Priscilla,,tribble,Mother,priscilla.tribble@mail.com,5555558615,67013023
Jeanette,,arnett,Mother,jeanette.arnett@mail.com,5555559265,67013024
Alexandra,,tom,Mother,alexandra.tom@mail.com,5555555903,67013025
Janet,,luciano,Mother,janet.luciano@mail.com,5555559188,67013026
Rosa,,bouldin,Mother,rosa.bouldin@mail.com,5555562305,67013027
Carmen,,reeve,Mother,carmen.reeve@mail.com,5555556980,67013028
Emellie,,pullen,Mother,emellie.pullen@mail.com,5555562524,67013029
Kimberly,,ashworth,Mother,kimberly.ashworth@mail.com,5555559869,67013030
Elisa,,denman,Mother,elisa.denman@mail.com,5555557984,67013031
Maria,,seeger,Mother,maria.seeger@mail.com,5555562487,67013032
Cinthya,,mathis,Mother,cinthya.mathis@mail.com,5555562683,67013033
Luis,,witte,Father,luis.witte@mail.com,5555560411,67013034
Alfredo,,crutchfield,Father,alfredo.crutchfield@mail.com,5555563901,67013035
Elda,,burroughs,Mother,elda.burroughs@mail.com,5555558077,67013036
Nayely,,qualls,Aunt,nayely.qualls@mail.com,5555561572,67013037
MARIA,,bolick,Mother,maria.bolick@mail.com,5555561985,67013038
Maria Elena,,hite,Mother,maria elena.hite@mail.com,5555556600,67013039
Diana,,arbuckle,Mother,diana.arbuckle@mail.com,5555557762,67013040
Stephanie,,gill,Mother,stephanie.gill@mail.com,5555562615,67013041
Stephanie,,hewitt,Mother,stephanie.hewitt@mail.com,5555562616,67013042
Alba,,mulholland,Mother,alba.mulholland@mail.com,5555558958,67013043
Nancy,,hermann,Mother,nancy.hermann@mail.com,5555561508,67013044
Carolina,,himes,Mother,carolina.himes@mail.com,5555557907,67013045
Janneth,,stearns,Court Appointed Guardian,janneth.stearns@mail.com,5555559200,67013046
Omar,,swartz,Father,omar.swartz@mail.com,5555561628,67013047
Emily,,jimenez,Family Member,emily.jimenez@mail.com,5555558076,67013048
Griselda,,harbin,Mother,griselda.harbin@mail.com,5555558729,67013049
Pedro,,arsenault,Father,pedro.arsenault@mail.com,5555561947,67013050
Vianey,,robinette,Mother,vianey.robinette@mail.com,5555557696,67013051
Gustavo,,bellows,Father,gustavo.bellows@mail.com,5555558778,67013052
Silvia Yesenia,,bricker,Mother,silvia yesenia.bricker@mail.com,5555558773,67013053
Karla,,satterwhite,Mother,karla.satterwhite@mail.com,5555559758,67013054
Irasema,,creighton,Mother,irasema.creighton@mail.com,5555558962,67013055
Yazmin,,lund,Mother,yazmin.lund@mail.com,5555563483,67013056
Blanca,,campbell,Mother,blanca.campbell@mail.com,5555558399,67013057
Yadira,,keller,Mother,yadira.keller@mail.com,5555563357,67013058
Jessica,,rue,Mother,jessica.rue@mail.com,5555562878,67013059
Zuky,,tice,Mother,zuky.tice@mail.com,5555563664,67013060
Claudia,,countryman,Mother,claudia.countryman@mail.com,5555563960,67013061
Junell,,presley,Mother,junell.presley@mail.com,5555559361,67013062
Nayely,,pritchett,Mother,nayely.pritchett@mail.com,5555561571,67013063
Dennise,,levin,Mother,dennise.levin@mail.com,5555561595,67013064
Kenia,,cadena,Mother,kenia.cadena@mail.com,5555559829,67013065
Dalia,,farwell,Mother,dalia.farwell@mail.com,5555558620,67013066
Mayra,,whiteside,Mother,mayra.whiteside@mail.com,5555560525,67013067
Emilia,,bankston,Mother,emilia.bankston@mail.com,5555556970,67013068
Elsa,,warfield,Mother,elsa.warfield@mail.com,5555557898,67013069
Julia,,doolittle,Mother,julia.doolittle@mail.com,5555563594,67013070
Veronica,,richmond,Mother,veronica.richmond@mail.com,5555556604,67013071
Alejandra,,haley,Mother,alejandra.haley@mail.com,5555555849,67013072
Alejandro,,roundy,Father,alejandro.roundy@mail.com,5555555893,67013073
Michelle,,edmonds,Mother,michelle.edmonds@mail.com,5555562324,67013074
Ali,,bannister,Mother,ali.bannister@mail.com,5555557340,67013075
Hector,,lussier,Father,hector.lussier@mail.com,5555557807,67013076
Oscar,,dunaway,Father,oscar.dunaway@mail.com,5555561767,67013077
Adilene,,rex,Mother,adilene.rex@mail.com,5555555725,67013078
Amari,,bill,Mother,amari.bill@mail.com,5555556044,67013079
Maritza,,joyce,Mother,maritza.joyce@mail.com,5555560042,67013080
Irene,,bessette,Mother,irene.bessette@mail.com,5555558969,67013081
Monique,,whitehouse,Mother,monique.whitehouse@mail.com,5555561331,67013082
Rosemary,,mitchell,Mother,rosemary.mitchell@mail.com,5555560663,67013083
Beatriz,,eng,Mother,beatriz.eng@mail.com,5555556663,67013084
Claudia,,anders,Mother,claudia.anders@mail.com,5555563898,67013085
Tia,,mace,Mother,tia.mace@mail.com,5555563015,67013086
Tia,,donovan,Mother,tia.donovan@mail.com,5555563014,67013087
Zinahi,,gaynor,Mother,zinahi.gaynor@mail.com,5555563652,67013088
Janet,,olmstead,Mother,janet.olmstead@mail.com,5555559187,67013089
Isaura,,bach,Grandmother,isaura.bach@mail.com,5555563340,67013090
Emmanuel,,kelso,Uncle,emmanuel.kelso@mail.com,5555557937,67013091
Gilda,,avant,Mother,gilda.avant@mail.com,5555558598,67013092
Rebeca,,pless,Mother,rebeca.pless@mail.com,5555560920,67013093
Jessica,,krauss,Mother,jessica.krauss@mail.com,5555559337,67013094
Kaila,,belt,Mother,kaila.belt@mail.com,5555559639,67013095
Claudia,,salem,Mother,claudia.salem@mail.com,5555557312,67013096
Karen,,halpern,Mother,karen.halpern@mail.com,5555563206,67013097
Maria,,thai,Mother,maria.thai@mail.com,5555560771,67013098
Carolina,,goldsberry,Mother,carolina.goldsberry@mail.com,5555556567,67013099
Graciela,,alonzo,Mother,graciela.alonzo@mail.com,5555558709,67013100
Judith,,bonnett,Mother,judith.bonnett@mail.com,5555559585,67013101
Yvonne,,johnston,Mother,yvonne.johnston@mail.com,5555563614,67013102
Veronica,,ruch,Mother,veronica.ruch@mail.com,5555563231,67013103
Monzerrath,,hansen,Mother,monzerrath.hansen@mail.com,5555561358,67013104
Miriam,,hefner,Mother,miriam.hefner@mail.com,5555561206,67013105
Emmeline,,dorn,Mother,emmeline.dorn@mail.com,5555558085,67013106
Lilia,,vaca,Mother,lilia.vaca@mail.com,5555555758,67013107
Eduardo,,burgess,Foster Father,eduardo.burgess@mail.com,5555563698,67013108
Valeshka,,mcmurry,Mother,valeshka.mcmurry@mail.com,5555563110,67013109
Eunice,,kimes,Mother,eunice.kimes@mail.com,5555558234,67013110
Concepcion,,homan,Court Appointed Guardian,concepcion.homan@mail.com,5555558683,67013111
Renato,,fleetwood,Father,renato.fleetwood@mail.com,5555563379,67013112
Guadalupe,,endicott,Mother,guadalupe.endicott@mail.com,5555560488,67013113
Roberta,,waterman,Mother,roberta.waterman@mail.com,5555562236,67013114
Jaqueline,,bickel,Mother,jaqueline.bickel@mail.com,5555559124,67013115
Ana Paola,,cormier,Mother,ana paola.cormier@mail.com,5555561764,67013116
Francisco,,remillard,Father,francisco.remillard@mail.com,5555558685,67013117
ROBLES NAVARRO,,bradbury,Mother,robles navarro.bradbury@mail.com,5555560384,67013118
Gabriella,,coe,Mother,gabriella.coe@mail.com,5555563673,67013119
Lesly,,abell,Caregiver,lesly.abell@mail.com,5555560074,67013120
Karen,,marroquin,Mother,karen.marroquin@mail.com,5555563781,67013121
Karina,,gladden,Mother,karina.gladden@mail.com,5555559684,67013122
Christina,,piatt,Aunt,christina.piatt@mail.com,5555560733,67013123
Mara,,danforth,Mother,mara.danforth@mail.com,5555560664,67013124
Barbara,,pomeroy,Mother,barbara.pomeroy@mail.com,5555556564,67013125
Karen,,stephenson,Mother,karen.stephenson@mail.com,5555558439,67013126
Julie,,espinal,Mother,julie.espinal@mail.com,5555556640,67013127
Alba,,hildebrand,Mother,alba.hildebrand@mail.com,5555562360,67013128
Sylvia,,solano,Mother,sylvia.solano@mail.com,5555562912,67013129
Maribel,,dent,Mother,maribel.dent@mail.com,5555561285,67013130
Ana,,zielinski,Mother,ana.zielinski@mail.com,5555556130,67013131
Teresa de Jesus,,eiland,Mother,teresa de jesus.eiland@mail.com,5555562980,67013132
Teresa de Jesus,,clary,Mother,teresa de jesus.clary@mail.com,5555562981,67013133
Irma,,wainwright,Mother,irma.wainwright@mail.com,5555558935,67013134
Araceli,,slaton,Mother,araceli.slaton@mail.com,5555555612,67013135
Zayda,,parry,Mother,zayda.parry@mail.com,5555563636,67013136
Vicente,,decastro,Father,vicente.decastro@mail.com,5555563268,67013137
Indra,,newberry,Mother,indra.newberry@mail.com,5555558951,67013138
Dayana,,kilmer,Mother,dayana.kilmer@mail.com,5555557786,67013139
Erika,,beers,Mother,erika.beers@mail.com,5555563160,67013140
Priscila,,esquivel,Mother,priscila.esquivel@mail.com,5555558194,67013141
Jennifer,,lawhorn,Mother,jennifer.lawhorn@mail.com,5555559286,67013143
Carolina,,zapata,Mother,carolina.zapata@mail.com,5555561377,67013144
Monica,,kidder,Mother,monica.kidder@mail.com,5555561307,67013145
Kenia,,minton,Mother,kenia.minton@mail.com,5555559835,67013146
Andrea,,poling,Mother,andrea.poling@mail.com,5555561580,67013147
Jocabeth,,kohler,Mother,jocabeth.kohler@mail.com,5555562575,67013148
Ana,,yarborough,Mother,ana.yarborough@mail.com,5555555598,67013149
Maribel,,zelaya,Mother,maribel.zelaya@mail.com,5555555565,67013150
Feliza,,francisco,Mother,feliza.francisco@mail.com,5555558345,67013151
Melissa,,boles,Mother,melissa.boles@mail.com,5555561070,67013152
Karla,,mcclean,Mother,karla.mcclean@mail.com,5555559726,67013153
James,,webster,Father,james.webster@mail.com,5555559519,67013154
Tzurishaday,,weiner,Mother,tzurishaday.weiner@mail.com,5555563069,67013155
Kimberly,,matherne,Mother,kimberly.matherne@mail.com,5555557589,67013156
Kimberly,,farmer,Mother,kimberly.farmer@mail.com,5555557590,67013157
Brenda,,rife,Mother,brenda.rife@mail.com,5555556676,67013158
Ashley,,fairbanks,Mother,ashley.fairbanks@mail.com,5555556467,67013159
Lidia,,doctor,Mother,lidia.doctor@mail.com,5555561347,67013160
Pedro,,mercado,Father,pedro.mercado@mail.com,5555562051,67013161
Bryan,,pack,Father,bryan.pack@mail.com,5555556761,67013162
Joanna,,mulcahy,Mother,joanna.mulcahy@mail.com,5555559076,67013163
Marlin,,bunker,Mother,marlin.bunker@mail.com,5555557591,67013164
PAULINA,,heredia,Mother,paulina.heredia@mail.com,5555556243,67013165
Perla Yahayra,,correll,Mother,perla yahayra.correll@mail.com,5555561899,67013166
JENNIFER,,park,Mother,jennifer.park@mail.com,5555559277,67013167
Arlynn,,shepard,Mother,arlynn.shepard@mail.com,5555556308,67013168
Barbara,,nolasco,Mother,barbara.nolasco@mail.com,5555556566,67013169
Beatriz,,kroeger,Mother,beatriz.kroeger@mail.com,5555556749,67013170
Maysoon,,liggins,Mother,maysoon.liggins@mail.com,5555558947,67013171
Ariana,,harder,Mother,ariana.harder@mail.com,5555556379,67013172
Samantha,,kaylor,Mother,samantha.kaylor@mail.com,5555562794,67013173
Luis,,standley,Father,luis.standley@mail.com,5555560424,67013174
Josue,,mangrum,Father,josue.mangrum@mail.com,5555558176,67013175
Alejandra,,pugh,Mother,alejandra.pugh@mail.com,5555555617,67013176
Grisel,,haire,Mother,grisel.haire@mail.com,5555558740,67013177
Evelyn,,aiello,Mother,evelyn.aiello@mail.com,5555558259,67013178
Sthephanie,,sasser,Mother,sthephanie.sasser@mail.com,5555563404,67013179
Edna,,halliday,Mother,edna.halliday@mail.com,5555558633,67013180
Lizeth,,chaffin,Mother,lizeth.chaffin@mail.com,5555560279,67013181
Leslye,,bastian,Mother,leslye.bastian@mail.com,5555560091,67013182
Rebecca,,demers,Mother,rebecca.demers@mail.com,5555562157,67013183
Crysthia,,cooley,Mother,crysthia.cooley@mail.com,5555557445,67013184
Ivanna,,shanklin,Mother,ivanna.shanklin@mail.com,5555559067,67013185
Lucrecia,,davison,Mother,lucrecia.davison@mail.com,5555560040,67013186
Laura,,gregory,Mother,laura.gregory@mail.com,5555559963,67013187
Jonathan,,barrier,Father,jonathan.barrier@mail.com,5555560410,67013188
Ashley,,carruthers,Mother,ashley.carruthers@mail.com,5555556494,67013189
Alma,,mcghee,Mother,alma.mcghee@mail.com,5555560764,67013190
Maria,,fuqua,Mother,maria.fuqua@mail.com,5555560702,67013191
Angelica,,dement,Mother,angelica.dement@mail.com,5555555737,67013192
Dulce,,downing,Mother,dulce.downing@mail.com,5555557792,67013193
Jacqueline,,bergin,Mother,jacqueline.bergin@mail.com,5555560680,67013194
Andrea,,hunt,Mother,andrea.hunt@mail.com,5555556163,67013195
Angelica,,carrigan,Mother,angelica.carrigan@mail.com,5555558925,67013196
Elaine,,callan,Mother,elaine.callan@mail.com,5555555817,67013197
Adriana,,greenfield,Mother,adriana.greenfield@mail.com,5555555685,67013198
Erick,,pineda,Father,erick.pineda@mail.com,5555558125,67013199
Ivan,,clark,Father,ivan.clark@mail.com,5555561150,67013200
Fernanda,,callis,Mother,fernanda.callis@mail.com,5555558303,67013201
Elizabeth,,legrand,Mother,elizabeth.legrand@mail.com,5555557958,67013202
Kimgreth,,durant,Mother,kimgreth.durant@mail.com,5555559880,67013203
Jaylene,,clare,Mother,jaylene.clare@mail.com,5555561221,67013204
Cristina,,waldon,Mother,cristina.waldon@mail.com,5555557134,67013205
Fernando,,rego,Father,fernando.rego@mail.com,5555558363,67013206
Richard,,metts,Father,richard.metts@mail.com,5555563767,67013207
Alejandra,,ewell,Mother,alejandra.ewell@mail.com,5555555887,67013208
Cynthia,,barhorst,Mother,cynthia.barhorst@mail.com,5555557360,67013209
Martha,,hossain,Mother,martha.hossain@mail.com,5555560147,67013210
Stephanie,,hudnall,Mother,stephanie.hudnall@mail.com,5555557803,67013211
Brian,,east,Father,brian.east@mail.com,5555556799,67013212
Karla,,llamas,Mother,karla.llamas@mail.com,5555559754,67013213
Joanna,,burnell,Mother,joanna.burnell@mail.com,5555559397,67013214
Sonia,,matherne,Mother,sonia.matherne@mail.com,5555562652,67013215
Irma,,correa,Mother,irma.correa@mail.com,5555557826,67013216
Janett,,koehler,Mother,janett.koehler@mail.com,5555559192,67013217
Lupita,,slavin,Mother,lupita.slavin@mail.com,5555563063,67013218
Elizabeth,,winslow,Mother,elizabeth.winslow@mail.com,5555560234,67013219
Susana,,neely,Mother,susana.neely@mail.com,5555559951,67013220
Lizbeth,,osteen,Mother,lizbeth.osteen@mail.com,5555560249,67013221
Tanya,,mccloskey,Mother,tanya.mccloskey@mail.com,5555562950,67013222
Dalia,,boyles,Mother,dalia.boyles@mail.com,5555557527,67013223
Izamar,,keeling,Mother,izamar.keeling@mail.com,5555559104,67013224
Nallely,,sundberg,Mother,nallely.sundberg@mail.com,5555561651,67013225
Yanina,,mcclain,Mother,yanina.mcclain@mail.com,5555561586,67013226
Karla,,rivers,Mother,karla.rivers@mail.com,5555556536,67013227
Nancy,,haley,Mother,nancy.haley@mail.com,5555561469,67013228
Andrea,,shoffner,Mother,andrea.shoffner@mail.com,5555555735,67013229
Stefania,,lancaster,Mother,stefania.lancaster@mail.com,5555558215,67013230
Jerem,,atkinson,Mother,jerem.atkinson@mail.com,5555559308,67013231
Jessica,,loftin,Mother,jessica.loftin@mail.com,5555559326,67013232
Laura,,tallent,Mother,laura.tallent@mail.com,5555557611,67013233
Sonia,,ladner,Mother,sonia.ladner@mail.com,5555562776,67013234
Paulina,,otto,Mother,paulina.otto@mail.com,5555560118,67013235
Ariana,,schoen,Mother,ariana.schoen@mail.com,5555556381,67013236
Jennifer,,baca,Mother,jennifer.baca@mail.com,5555559279,67013237
Selma,,westmoreland,Mother,selma.westmoreland@mail.com,5555562637,67013238
Estephania,,sommer,Mother,estephania.sommer@mail.com,5555558221,67013239
CLAUDIA,,hutchings,Mother,claudia.hutchings@mail.com,5555557296,67013240
Maria,,pisano,Mother,maria.pisano@mail.com,5555561023,67013241
Maricela,,cowan,Mother,maricela.cowan@mail.com,5555560787,67013242
Karina,,comstock,Mother,karina.comstock@mail.com,5555559771,67013243
Marco,,reader,Foster Father,marco.reader@mail.com,5555560686,67013244
Marco,,schumacher,Foster Father,marco.schumacher@mail.com,5555560687,67013245
Aryadne,,bankston,Mother,aryadne.bankston@mail.com,5555556434,67013246
Adilia M,,adair,Mother,adilia m.adair@mail.com,5555560832,67013247
Cynthia,,tan,Mother,cynthia.tan@mail.com,5555557478,67013248
Monica,,dunford,Mother,monica.dunford@mail.com,5555561301,67013249
Lidia,,buehler,Mother,lidia.buehler@mail.com,5555561346,67013250
Elizabeth,,juarez,Mother,elizabeth.juarez@mail.com,5555557981,67013251
Edgar,,corriveau,Father,edgar.corriveau@mail.com,5555559137,67013252
Elisa,,ryan,Mother,elisa.ryan@mail.com,5555557992,67013253
Paola,,kay,Mother,paola.kay@mail.com,5555560624,67013254
Yajaira,,rojo,Mother,yajaira.rojo@mail.com,5555556498,67013255
Alex,,holden,Father,alex.holden@mail.com,5555556411,67013256
Leticia,,olivarez,Mother,leticia.olivarez@mail.com,5555558384,67013257
Angeldeniss,,urquhart,Mother,angeldeniss.urquhart@mail.com,5555556188,67013258
Nayellie,,bobbitt,Mother,nayellie.bobbitt@mail.com,5555561619,67013259
Magdalena,,weidner,Mother,magdalena.weidner@mail.com,5555560581,67013260
Yarelly,,durham,Mother,yarelly.durham@mail.com,5555561727,67013261
Laura,,gault,Mother,laura.gault@mail.com,5555561043,67013262
Joseph,,butts,Father,joseph.butts@mail.com,5555561972,67013263
Eli,,barrington,Mother,eli.barrington@mail.com,5555557959,67013264
Alejandra,,bloomer,Mother,alejandra.bloomer@mail.com,5555555870,67013265
Lucia,,sams,Mother,lucia.sams@mail.com,5555560387,67013266
Anacaren,,sherlock,Mother,anacaren.sherlock@mail.com,5555556074,67013267
Luis,,mccorkle,Father,luis.mccorkle@mail.com,5555560427,67013268
Raul,,swarey,Father,raul.swarey@mail.com,5555562160,67013269
Sofia,,dockery,Mother,sofia.dockery@mail.com,5555560914,67013270
Marlene,,roll,Mother,marlene.roll@mail.com,5555563289,67013271
Dorothy,,felts,Mother,dorothy.felts@mail.com,5555557832,67013272
Lizbeth,,marlow,Mother,lizbeth.marlow@mail.com,5555560238,67013273
Yohanna,,kirchner,Mother,yohanna.kirchner@mail.com,5555561081,67013274
Claudia,,gupta,Mother,claudia.gupta@mail.com,5555562977,67013275
Leslye,,self,Mother,leslye.self@mail.com,5555560090,67013276
Paloma,,madrid,Mother,paloma.madrid@mail.com,5555563377,67013277
Jorge,,storm,Father,jorge.storm@mail.com,5555562065,67013278
Perla,,sudduth,Mother,perla.sudduth@mail.com,5555560389,67013279
Jessica,,kruger,Mother,jessica.kruger@mail.com,5555559316,67013280
Dayana,,forrest,Mother,dayana.forrest@mail.com,5555557532,67013281
Juan,,hull,Father,juan.hull@mail.com,5555557013,67013282
Cristian,,gandy,Father,cristian.gandy@mail.com,5555557059,67013283
oscar omar,,daye,Father,oscar omar.daye@mail.com,5555561765,67013284
Vanessa,,barfield,Mother,vanessa.barfield@mail.com,5555563157,67013285
Perla,,holler,Mother,perla.holler@mail.com,5555561927,67013286
Melissa,,holden,Mother,melissa.holden@mail.com,5555561071,67013287
Mario,,hawley,Father,mario.hawley@mail.com,5555560830,67013288
Jetzia,,shears,Mother,jetzia.shears@mail.com,5555559355,67013289
Angelina,,sanabria,Mother,angelina.sanabria@mail.com,5555555797,67013290
Janeth,,spencer,Mother,janeth.spencer@mail.com,5555558764,67013291
Sandy,,mckinzie,Mother,sandy.mckinzie@mail.com,5555562566,67013292
Celina,,bloomfield,Mother,celina.bloomfield@mail.com,5555557105,67013293
Genevieve,,box,Mother,genevieve.box@mail.com,5555557608,67013294
Karen,,ivie,Mother,karen.ivie@mail.com,5555559650,67013295
Wendy,,pedroza,Mother,wendy.pedroza@mail.com,5555562828,67013296
Lorena,,getz,Mother,lorena.getz@mail.com,5555558726,67013297
Oscar,,cortez,Father,oscar.cortez@mail.com,5555561768,67013298
Idali,,reed,Mother,idali.reed@mail.com,5555558923,67013299
Cristina,,kirsch,Mother,cristina.kirsch@mail.com,5555557179,67013300
Joanna,,brookshire,Mother,joanna.brookshire@mail.com,5555559394,67013301
Mariana,,driscoll,Mother,mariana.driscoll@mail.com,5555560752,67013302
Miguel,,strand,Father,miguel.strand@mail.com,5555561194,67013303
David,,galvez,Father,david.galvez@mail.com,5555557613,67013304
Kenia,,cowart,Mother,kenia.cowart@mail.com,5555559834,67013305
Ernesto,,nowlin,Father,ernesto.nowlin@mail.com,5555558164,67013306
Marisa,,sonnier,Mother,marisa.sonnier@mail.com,5555560831,67013307
Daniel,,damon,Father,daniel.damon@mail.com,5555557565,67013308
Elizabeth,,hoyt,Mother,elizabeth.hoyt@mail.com,5555563173,67013309
David,,mcmillan,Father,david.mcmillan@mail.com,5555562274,67013310
Brian,,ashcraft,Father,brian.ashcraft@mail.com,5555556800,67013311
Azucena,,loomis,Mother,azucena.loomis@mail.com,5555556529,67013312
Guadalupe,,easter,Mother,guadalupe.easter@mail.com,5555558912,67013313
Diana,,moen,Mother,diana.moen@mail.com,5555557744,67013314
Brenda,,markle,Mother,brenda.markle@mail.com,5555556782,67013315
Jamir,,schott,Father,jamir.schott@mail.com,5555563386,67013316
Diana,,abner,Mother,diana.abner@mail.com,5555557784,67013317
Keila,,duong,Mother,keila.duong@mail.com,5555559815,67013318
Maria,,paez,Mother,maria.paez@mail.com,5555560925,67013319
Barbara,,chong,Mother,barbara.chong@mail.com,5555556580,67013320
Christian,,gaspard,Mother,christian.gaspard@mail.com,5555561808,67013321
Roxana,,bracy,Mother,roxana.bracy@mail.com,5555562403,67013322
Sonia,,hassell,Mother,sonia.hassell@mail.com,5555563643,67013323
Elizabeth,,vergara,Mother,elizabeth.vergara@mail.com,5555557964,67013324
Maria,,person,Mother,maria.person@mail.com,5555557706,67013325
Lizette,,scanlon,Mother,lizette.scanlon@mail.com,5555560264,67013326
Hector,,myrick,Father,hector.myrick@mail.com,5555558892,67013327
Leslie,,millar,Mother,leslie.millar@mail.com,5555560085,67013328
Tania,,mosley,Mother,tania.mosley@mail.com,5555558447,67013329
Carmen Itzel,,muir,Mother,carmen itzel.muir@mail.com,5555557231,67013330
Alma,,bott,Mother,alma.bott@mail.com,5555562628,67013331
Susana,,clay,Mother,susana.clay@mail.com,5555562870,67013332
Iliana,,valadez,Mother,iliana.valadez@mail.com,5555558356,67013333
Josue,,gandy,Father,josue.gandy@mail.com,5555559533,67013334
Ana,,judy,Mother,ana.judy@mail.com,5555562405,67013335
Ana,,palacios,Mother,ana.palacios@mail.com,5555556142,67013336
Darlyn,,olsen,Family Member,darlyn.olsen@mail.com,5555557624,67013337
Leslie,,anwar,Mother,leslie.anwar@mail.com,5555560080,67013338
Jovana,,payton,Mother,jovana.payton@mail.com,5555559537,67013339
Vanessa,,mclendon,Mother,vanessa.mclendon@mail.com,5555560950,67013340
Malvina,,churchill,Mother,malvina.churchill@mail.com,5555560620,67013341
Delilah,,layton,Mother,delilah.layton@mail.com,5555557648,67013342
Melanie,,shealy,Mother,melanie.shealy@mail.com,5555561468,67013343
Elena,,dodson,Mother,elena.dodson@mail.com,5555558361,67013344
Charlene,,erickson,Mother,charlene.erickson@mail.com,5555557149,67013345
Minerva,,hershberger,Mother,minerva.hershberger@mail.com,5555561214,67013346
Dulce,,slate,Mother,dulce.slate@mail.com,5555557861,67013347
Stephanie,,walker,Mother,stephanie.walker@mail.com,5555562742,67013348
Esmeralda,,valdes,Foster Mother,esmeralda.valdes@mail.com,5555559506,67013349
Julissa,,dehart,Mother,julissa.dehart@mail.com,5555559618,67013350
Celia,,kipp,Mother,celia.kipp@mail.com,5555557349,67013351
Fernando,,burkhardt,Father,fernando.burkhardt@mail.com,5555563494,67013352
Margarita,,smith,Mother,margarita.smith@mail.com,5555560693,67013353
Leticia,,urquhart,Mother,leticia.urquhart@mail.com,5555560913,67013354
Aisha,,cobb,Mother,aisha.cobb@mail.com,5555555792,67013355
Brayana,,miner,Mother,brayana.miner@mail.com,5555556390,67013356
Ana Luisa,,cheney,Mother,ana luisa.cheney@mail.com,5555556556,67013357
Jacqueline,,michaelson,Mother,jacqueline.michaelson@mail.com,5555563629,67013358
Stephanie,,starling,Mother,stephanie.starling@mail.com,5555562845,67013359
Jose,,ruby,Foster Father,jose.ruby@mail.com,5555563923,67013360
Kimberly,,mastin,Mother,kimberly.mastin@mail.com,5555557588,67013361
Ashley,,hodge,Mother,ashley.hodge@mail.com,5555556466,67013362
Elisa,,wharton,Mother,elisa.wharton@mail.com,5555557991,67013363
April,,vandyke,Mother,april.vandyke@mail.com,5555556321,67013364
Jennifer Karolyn Fernandez,,stansbury,Mother,jennifer karolyn fernandez.stansbury@mail.com,5555563384,67013365
Monica,,newsom,Mother,monica.newsom@mail.com,5555563712,67013366
Arcelia,,amerson,Mother,arcelia.amerson@mail.com,5555555730,67013367
PAULINA,,cothran,Mother,paulina.cothran@mail.com,5555556244,67013368
Iris,,zamudio,Mother,iris.zamudio@mail.com,5555557003,67013369
Elena,,schnell,Mother,elena.schnell@mail.com,5555558360,67013370
Brenda,,coats,Mother,brenda.coats@mail.com,5555555701,67013371
Grisel,,sadowski,Mother,grisel.sadowski@mail.com,5555558739,67013372
Antonio,,dewitt,Father,antonio.dewitt@mail.com,5555563030,67013373
Miriam,,parr,Mother,miriam.parr@mail.com,5555561224,67013374
Stephanie,,woodworth,Mother,stephanie.woodworth@mail.com,5555562850,67013375
K-La,,werner,Mother,k-la.werner@mail.com,5555559882,67013376
Erika,,arana,Mother,erika.arana@mail.com,5555557891,67013377
Elizabeth,,robles,Mother,elizabeth.robles@mail.com,5555560231,67013378
Erika,,butts,Mother,erika.butts@mail.com,5555558141,67013379
Erika,,latif,Mother,erika.latif@mail.com,5555558140,67013380
Yasibe,,bolick,Mother,yasibe.bolick@mail.com,5555563461,67013381
Sophia,,potter,Mother,sophia.potter@mail.com,5555562819,67013382
Erika,,fairbanks,Mother,erika.fairbanks@mail.com,5555558136,67013383
Paola,,pisano,Mother,paola.pisano@mail.com,5555561843,67013384
Jesus,,marlin,Father,jesus.marlin@mail.com,5555557384,67013385
Lucia,,rosenblum,Mother,lucia.rosenblum@mail.com,5555560397,67013386
Marisol,,fant,Mother,marisol.fant@mail.com,5555562764,67013387
Cristina,,good,Mother,cristina.good@mail.com,5555556877,67013388
Brenda,,wallin,Mother,brenda.wallin@mail.com,5555556781,67013389
Diana,,carrasco,Mother,diana.carrasco@mail.com,5555557714,67013390
Christian,,himes,Father,christian.himes@mail.com,5555557215,67013391
Victor,,gant,Father,victor.gant@mail.com,5555563949,67013392
Luisana,,emerick,Mother,luisana.emerick@mail.com,5555559944,67013393
Marlene,,taft,Mother,marlene.taft@mail.com,5555560872,67013394
Marlene,,kasten,Mother,marlene.kasten@mail.com,5555560871,67013395
Feliza,,hynes,Mother,feliza.hynes@mail.com,5555558344,67013396
Mayra,,sepulveda,Mother,mayra.sepulveda@mail.com,5555561425,67013397
Susana,,sizemore,Mother,susana.sizemore@mail.com,5555562889,67013398
Ricardo,,sandoval,Father,ricardo.sandoval@mail.com,5555561998,67013399
Suzette,,carmona,Mother,suzette.carmona@mail.com,5555562895,67013400
Fernando,,grissom,Father,fernando.grissom@mail.com,5555558362,67013401
Gustavo,,cleaver,Father,gustavo.cleaver@mail.com,5555561284,67013402
Roxana,,bowen,Mother,roxana.bowen@mail.com,5555562402,67013403
Jovana,,trull,Mother,jovana.trull@mail.com,5555559536,67013404
Lilian,,paredes,Mother,lilian.paredes@mail.com,5555560163,67013405
Angelica,,bono,Mother,angelica.bono@mail.com,5555556432,67013406
Laura,,drury,Mother,laura.drury@mail.com,5555559962,67013407
Glendy,,jett,Mother,glendy.jett@mail.com,5555555881,67013408
Kejian,,sterling,Father,kejian.sterling@mail.com,5555559817,67013409
Laura,,do,Mother,laura.do@mail.com,5555560013,67013410
Ana,,callen,Mother,ana.callen@mail.com,5555556143,67013411
Jhoana,,galloway,Mother,jhoana.galloway@mail.com,5555556608,67013412
Yunuen,,knudson,Mother,yunuen.knudson@mail.com,5555563600,67013413
Giovanna,,ha,Mother,giovanna.ha@mail.com,5555560970,67013414
Amado,,breen,Father,amado.breen@mail.com,5555557615,67013415
Yadira,,ouellette,Mother,yadira.ouellette@mail.com,5555563476,67013416
Juan,,garnett,Father,juan.garnett@mail.com,5555559400,67013417
Stacy,,fulks,Mother,stacy.fulks@mail.com,5555562827,67013418
Eddie,,havens,Father,eddie.havens@mail.com,5555557897,67013419
Yue,,oliphant,Mother,yue.oliphant@mail.com,5555559403,67013420
Sofia,,chaisson,Mother,sofia.chaisson@mail.com,5555562750,67013421
Jocelyn,,rhinehart,Mother,jocelyn.rhinehart@mail.com,5555559433,67013422
Elias,,ullah,Father,elias.ullah@mail.com,5555557975,67013423
Maria A,,gaudet,Mother,maria a.gaudet@mail.com,5555555889,67013424
Jacqueline,,moreland,Mother,jacqueline.moreland@mail.com,5555560681,67013425
Elsa,,more,Mother,elsa.more@mail.com,5555558034,67013426
Michelle,,cozart,Mother,michelle.cozart@mail.com,5555561026,67013427
Ana,,cromwell,Mother,ana.cromwell@mail.com,5555562406,67013428
Melissa,,barnhill,Mother,melissa.barnhill@mail.com,5555561084,67013429
Karla,,horowitz,Mother,karla.horowitz@mail.com,5555559808,67013430
Cesar,,foote,Father,cesar.foote@mail.com,5555563161,67013431
Janet,,stollings,Mother,janet.stollings@mail.com,5555559190,67013432
Diana,,adam,Mother,diana.adam@mail.com,5555557878,67013433
Zhiling,,rust,Mother,zhiling.rust@mail.com,5555563622,67013434
Andrea,,talbot,Mother,andrea.talbot@mail.com,5555556006,67013435
Karent,,tew,Mother,karent.tew@mail.com,5555563966,67013436
Alejandro,,deming,Father,alejandro.deming@mail.com,5555555906,67013437
Elaine,,warden,Mother,elaine.warden@mail.com,5555555816,67013438
Leyda,,cauthen,Mother,leyda.cauthen@mail.com,5555560521,67013439
Steve,,robles,Father,steve.robles@mail.com,5555564027,67013440
Jose,,radtke,Father,jose.radtke@mail.com,5555558766,67013441
Jose,,chastain,Father,jose.chastain@mail.com,5555558765,67013442
Jenny,,adames,Mother,jenny.adames@mail.com,5555562578,67013443
Monica,,low,Mother,monica.low@mail.com,5555563072,67013444
Norma,,payne,Mother,norma.payne@mail.com,5555560639,67013445
Stephany,,christopherso,Mother,stephany.christopherso@mail.com,5555563630,67013446
Omayra,,switzer,Mother,omayra.switzer@mail.com,5555561740,67013447
Nancy,,watkins,Mother,nancy.watkins@mail.com,5555561518,67013448
Daisy,,lindquist,Mother,daisy.lindquist@mail.com,5555557019,67013449
Cesar,,corrales,Father,cesar.corrales@mail.com,5555557123,67013450
Brenda,,mcewen,Mother,brenda.mcewen@mail.com,5555559208,67013451
Manuel,,lizotte,Father,manuel.lizotte@mail.com,5555560640,67013452
Nydia,,berube,Mother,nydia.berube@mail.com,5555561696,67013453
Kimberly,,house,Mother,kimberly.house@mail.com,5555562450,67013454
Jose,,peter,Father,jose.peter@mail.com,5555556297,67013455
luz,,stiffler,Grandmother,luz.stiffler@mail.com,5555563393,67013456
Yoana,,khan,Mother,yoana.khan@mail.com,5555563544,67013457
Raquel,,arce,Mother,raquel.arce@mail.com,5555562124,67013458
Susana,,lacroix,Mother,susana.lacroix@mail.com,5555559950,67013459
Gabriel,,aguiar,Father,gabriel.aguiar@mail.com,5555562268,67013460
Wendy,,decarlo,Father,wendy.decarlo@mail.com,5555563369,67013461
Leslie,,fraga,Mother,leslie.fraga@mail.com,5555560086,67013462
Lizbeth,,melvin,Mother,lizbeth.melvin@mail.com,5555560250,67013463
Jose,,whited,Father,jose.whited@mail.com,5555559566,67013464
Clementina,,nolasco,Mother,clementina.nolasco@mail.com,5555561784,67013465
Jazmin,,montemayor,Mother,jazmin.montemayor@mail.com,5555559240,67013466
Ailin,,humble,Mother,ailin.humble@mail.com,5555559155,67013467
Marlet,,bonnell,Mother,marlet.bonnell@mail.com,5555560876,67013468
Erik,,erdmann,Stepfather,erik.erdmann@mail.com,5555558152,67013469
Melissa,,frith,Mother,melissa.frith@mail.com,5555558375,67013470
Zayuri,,lemaster,Mother,zayuri.lemaster@mail.com,5555563639,67013471
Brieanna,,deal,Mother,brieanna.deal@mail.com,5555558806,67013472
Casandra,,lawrence,Mother,casandra.lawrence@mail.com,5555557024,67013473
Vanessa,,dennard,Mother,vanessa.dennard@mail.com,5555563150,67013474
Alejandra,,moeller,Mother,alejandra.moeller@mail.com,5555556936,67013475
Lesly J,,cyrus,Mother,lesly j.cyrus@mail.com,5555560088,67013476
Lidia,,kohn,Mother,lidia.kohn@mail.com,5555561348,67013477
Diana,,davila,Mother,diana.davila@mail.com,5555562068,67013478
Yajaira,,giles,Mother,yajaira.giles@mail.com,5555556497,67013479
Kassandra,,quade,Mother,kassandra.quade@mail.com,5555556869,67013480
Jorge,,peter,Father,jorge.peter@mail.com,5555563822,67013481
Claudia,,gross,Mother,claudia.gross@mail.com,5555557060,67013482
Vanessa,,ward,Mother,vanessa.ward@mail.com,5555560948,67013483
Maritza,,wakefield,Mother,maritza.wakefield@mail.com,5555559932,67013484
Maritza,,gilson,Mother,maritza.gilson@mail.com,5555559933,67013485
Anna,,broderick,Mother,anna.broderick@mail.com,5555561830,67013486
Laura,,toro,Mother,laura.toro@mail.com,5555561044,67013487
Jesus,,rooks,Father,jesus.rooks@mail.com,5555563882,67013488
Dulce,,penn,Mother,dulce.penn@mail.com,5555563115,67013489
Dania,,cummins,Mother,dania.cummins@mail.com,5555557553,67013490
Barbara,,packer,Mother,barbara.packer@mail.com,5555556565,67013491
Elia,,samples,Mother,elia.samples@mail.com,5555558532,67013492
Gissel,,shade,Mother,gissel.shade@mail.com,5555558548,67013493
Adriana,,ashton,Mother,adriana.ashton@mail.com,5555562161,67013494
Diana,,lazo,Mother,diana.lazo@mail.com,5555557785,67013495
Janette,,hargis,Mother,janette.hargis@mail.com,5555559197,67013496
Elizabeth,,gaul,Mother,elizabeth.gaul@mail.com,5555563171,67013497
Oliva,,kohl,Mother,oliva.kohl@mail.com,5555562704,67013498
Briana,,thornburg,Mother,briana.thornburg@mail.com,5555560575,67013499
Veronica,,mccorkle,Mother,veronica.mccorkle@mail.com,5555563078,67013500
Kimgreth,,thornton,Mother,kimgreth.thornton@mail.com,5555559881,67013501
Karen,,ahmad,Mother,karen.ahmad@mail.com,5555559664,67013502
Jessica,,woodring,Mother,jessica.woodring@mail.com,5555559325,67013503
Rosalia,,gonzales,Mother,rosalia.gonzales@mail.com,5555563347,67013504
Javier,,wilbur,Father,javier.wilbur@mail.com,5555561861,67013505
Sarai,,capers,Mother,sarai.capers@mail.com,5555562598,67013506
Priscilla,,russell,Mother,priscilla.russell@mail.com,5555562024,67013507
Sofia,,villarreal,Mother,sofia.villarreal@mail.com,5555560915,67013508
Maria,,heaton,Mother,maria.heaton@mail.com,5555560465,67013509
Alexandra,,carleton,Mother,alexandra.carleton@mail.com,5555562254,67013510
Liliana,,duffy,Mother,liliana.duffy@mail.com,5555560188,67013511
Kristin,,sammons,Mother,kristin.sammons@mail.com,5555562495,67013512
Connie,,benner,Mother,connie.benner@mail.com,5555556485,67013513
Jose,,louis,Father,jose.louis@mail.com,5555559507,67013514
Cristina,,jacobs,Mother,cristina.jacobs@mail.com,5555557178,67013515
Wendy,,flatt,Mother,wendy.flatt@mail.com,5555563372,67013516
Evelia,,france,Mother,evelia.france@mail.com,5555558245,67013517
Israel,,applegate,Father,israel.applegate@mail.com,5555555813,67013518
Julie,,layton,Mother,julie.layton@mail.com,5555556639,67013519
Jose,,ashworth,Father,jose.ashworth@mail.com,5555559111,67013520
Verenice,,lapierre,Mother,verenice.lapierre@mail.com,5555556959,67013521
Claudia,,stillman,Mother,claudia.stillman@mail.com,5555557346,67013522
Carolina,,nagy,Mother,carolina.nagy@mail.com,5555557002,67013523
Jonathan,,foss,Stepfather,jonathan.foss@mail.com,5555558839,67013524
Cynthia,,wilkins,Mother,cynthia.wilkins@mail.com,5555560884,67013525
Grisel,,hackney,Mother,grisel.hackney@mail.com,5555558736,67013526
Gabriela,,steed,Mother,gabriela.steed@mail.com,5555558494,67013527
JENNIFER,,quiroz,Mother,jennifer.quiroz@mail.com,5555559276,67013528
Richard,,eubanks,Father,richard.eubanks@mail.com,5555562414,67013529
Evelyn,,doolittle,Mother,evelyn.doolittle@mail.com,5555558260,67013530
GUSTAVO,,proffitt,Father,gustavo.proffitt@mail.com,5555558777,67013531
Josue,,daley,Father,josue.daley@mail.com,5555559534,67013532
Diana,,warnock,Mother,diana.warnock@mail.com,5555557773,67013533
Julieta,,lapointe,Mother,julieta.lapointe@mail.com,5555563962,67013534
Jennifer,,tarrant,Mother,jennifer.tarrant@mail.com,5555556706,67013535
Alba,,huntsman,Mother,alba.huntsman@mail.com,5555562359,67013536
Dinorath,,swanson,Mother,dinorath.swanson@mail.com,5555557780,67013537
Mirllann,,hager,Mother,mirllann.hager@mail.com,5555561230,67013538
Brianna,,byrne,Mother,brianna.byrne@mail.com,5555556810,67013539
Isaac,,lavoie,Father,isaac.lavoie@mail.com,5555558998,67013540
Brenda,,napper,Mother,brenda.napper@mail.com,5555556789,67013541
Maria,,hackney,Mother,maria.hackney@mail.com,5555560924,67013542
Angelica,,more,Mother,angelica.more@mail.com,5555556219,67013543
Giliam,,mcqueen,Mother,giliam.mcqueen@mail.com,5555558601,67013544
Celina,,quigley,Mother,celina.quigley@mail.com,5555557106,67013545
Vianney,,goodale,Mother,vianney.goodale@mail.com,5555561447,67013546
Livier,,glasser,Mother,livier.glasser@mail.com,5555558877,67013547
Maria,,abram,Mother,maria.abram@mail.com,5555557707,67013548
Cassandra,,caldera,Mother,cassandra.caldera@mail.com,5555555791,67013549
Marianne,,lark,Mother,marianne.lark@mail.com,5555560768,67013550
Maricela,,curran,Mother,maricela.curran@mail.com,5555560788,67013551
Malvina,,bode,Mother,malvina.bode@mail.com,5555560619,67013552
Melissa,,thorson,Mother,melissa.thorson@mail.com,5555561067,67013553
Irma,,enos,Mother,irma.enos@mail.com,5555558985,67013554
Guadalupe,,freitas,Mother,guadalupe.freitas@mail.com,5555560467,67013555
Sandy,,cann,Mother,sandy.cann@mail.com,5555562565,67013556
Jorge,,kimes,Father,jorge.kimes@mail.com,5555562066,67013557
Samantha,,derosier,Mother,samantha.derosier@mail.com,5555562509,67013558
Joel,,luck,Father,joel.luck@mail.com,5555559443,67013559
Arlene,,tully,Mother,arlene.tully@mail.com,5555556392,67013560
Maribel,,llewellyn,Mother,maribel.llewellyn@mail.com,5555555564,67013561
Adriana,,palmer,Mother,adriana.palmer@mail.com,5555555740,67013562
Nelly,,tedder,Mother,nelly.tedder@mail.com,5555562923,67013563
Aryadne,,stuckey,Mother,aryadne.stuckey@mail.com,5555556433,67013564
Joanna,,macklin,Mother,joanna.macklin@mail.com,5555559396,67013565
Maria,,esparza,Mother,maria.esparza@mail.com,5555556701,67013566
Elaine,,mcevoy,Mother,elaine.mcevoy@mail.com,5555555815,67013567
Perla,,small,Mother,perla.small@mail.com,5555561939,67013568
Heraclio,,falcon,Foster Father,heraclio.falcon@mail.com,5555562455,67013569
Nancy,,delafuente,Mother,nancy.delafuente@mail.com,5555561470,67013570
Ana,,woolery,Mother,ana.woolery@mail.com,5555556147,67013571
Stephanie,,north,Mother,stephanie.north@mail.com,5555562740,67013572
Marco,,fitz,Father,marco.fitz@mail.com,5555560682,67013573
Marlene,,spiegel,Mother,marlene.spiegel@mail.com,5555563290,67013574
Gracie,,eddins,Mother,gracie.eddins@mail.com,5555558715,67013575
Anthony,,molloy,Father,anthony.molloy@mail.com,5555556052,67013576
Zochil,,stilwell,Mother,zochil.stilwell@mail.com,5555563659,67013577
Ansony,,gruber,Father,ansony.gruber@mail.com,5555556456,67013578
Christina,,walton,Aunt,christina.walton@mail.com,5555560732,67013579
Lidia Rebeca,,ullah,Mother,lidia rebeca.ullah@mail.com,5555562155,67013580
Isabel,,vanwinkle,Mother,isabel.vanwinkle@mail.com,5555558999,67013581
Maria,,rhodes,Mother,maria.rhodes@mail.com,5555561247,67013582
Viridiana,,christie,Mother,viridiana.christie@mail.com,5555563349,67013583
Gabriela,,noll,Mother,gabriela.noll@mail.com,5555558478,67013584
Blanca,,bolick,Mother,blanca.bolick@mail.com,5555563202,67013585
Maria,,galan,Mother,maria.galan@mail.com,5555561883,67013586
Oscar,,millard,Caregiver,oscar.millard@mail.com,5555561773,67013587
Nayeli,,edmiston,Mother,nayeli.edmiston@mail.com,5555556021,67013588
Edgar,,melancon,Father,edgar.melancon@mail.com,5555559138,67013589
Jennifer,,weatherly,Mother,jennifer.weatherly@mail.com,5555559363,67013590
Paulette,,carden,Mother,paulette.carden@mail.com,5555562096,67013591
Delia,,pauley,Mother,delia.pauley@mail.com,5555560916,67013592
Tania,,avelar,Mother,tania.avelar@mail.com,5555558448,67013593
Oscar,,mccune,Father,oscar.mccune@mail.com,5555561556,67013594
Maria,,delarosa,Mother,maria.delarosa@mail.com,5555556975,67013595
Maria,,wilke,Mother,maria.wilke@mail.com,5555560746,67013596
Arlynn,,page,Mother,arlynn.page@mail.com,5555556309,67013597
Susie,,depew,Mother,susie.depew@mail.com,5555562738,67013598
Mayra,,eudy,Mother,mayra.eudy@mail.com,5555560984,67013599
Diana,,bellinger,Mother,diana.bellinger@mail.com,5555557715,67013600
Lupita,,breckenridge,Mother,lupita.breckenridge@mail.com,5555563062,67013601
Kristin,,burkholder,Mother,kristin.burkholder@mail.com,5555563187,67013602
Dulce,,mcdonough,Mother,dulce.mcdonough@mail.com,5555557793,67013603
Stephany,,horst,Mother,stephany.horst@mail.com,5555563719,67013604
Erika,,pharr,Mother,erika.pharr@mail.com,5555557892,67013605
Khris,,loeffler,Mother,khris.loeffler@mail.com,5555559860,67013606
Claudia,,saavedra,Mother,claudia.saavedra@mail.com,5555557124,67013607
Elizabeth,,nutter,Mother,elizabeth.nutter@mail.com,5555557997,67013608
Jose,,blunt,Father,jose.blunt@mail.com,5555558952,67013609
Kristin,,kato,Mother,kristin.kato@mail.com,5555562494,67013610
Cynthia,,fell,Mother,cynthia.fell@mail.com,5555560885,67013611
Elsa,,chadwick,Mother,elsa.chadwick@mail.com,5555558035,67013612
Vanessa,,blodgett,Mother,vanessa.blodgett@mail.com,5555563156,67013613
Samantha,,calhoun,Mother,samantha.calhoun@mail.com,5555562792,67013614
Ana,,watters,Mother,ana.watters@mail.com,5555556144,67013615
Ivan,,finn,Father,ivan.finn@mail.com,5555559065,67013616
Fernando,,battles,Father,fernando.battles@mail.com,5555558414,67013617
Yadira,,venegas,Mother,yadira.venegas@mail.com,5555563477,67013618
Pamela,,hammett,Mother,pamela.hammett@mail.com,5555558064,67013619
Mireya,,boyd,Mother,mireya.boyd@mail.com,5555556516,67013620
Luis,,velasquez,Father,luis.velasquez@mail.com,5555560426,67013621
Maria,,mccallister,Mother,maria.mccallister@mail.com,5555560937,67013622
Alejandra,,dees,Mother,alejandra.dees@mail.com,5555555865,67013623
Ernesto,,kemper,Father,ernesto.kemper@mail.com,5555558165,67013624
Alejandro,,montanez,Father,alejandro.montanez@mail.com,5555555908,67013625
Alba,,biggs,Mother,alba.biggs@mail.com,5555555822,67013626
Miguel,,cannady,Father,miguel.cannady@mail.com,5555561193,67013627
Claudia,,song,Mother,claudia.song@mail.com,5555556940,67013628
Janett,,christie,Mother,janett.christie@mail.com,5555559191,67013629
Ada,,haney,Mother,ada.haney@mail.com,5555555655,67013630
Oracio,,wilson,Father,oracio.wilson@mail.com,5555560059,67013631
Adriana,,troutman,Mother,adriana.troutman@mail.com,5555555715,67013632
Karen,,merida,Mother,karen.merida@mail.com,5555558438,67013633
Perla,,bettis,Mother,perla.bettis@mail.com,5555561929,67013634
Maria,,merriman,Mother,maria.merriman@mail.com,5555559094,67013635
Karla,,salvador,Mother,karla.salvador@mail.com,5555559725,67013636
Mayra,,tiffany,Mother,mayra.tiffany@mail.com,5555561424,67013637
Sonia,,lakey,Mother,sonia.lakey@mail.com,5555562775,67013638
Maria,,sizemore,Mother,maria.sizemore@mail.com,5555557436,67013639
Magdalena,,paulk,Mother,magdalena.paulk@mail.com,5555560580,67013640
Diana,,middleton,Mother,diana.middleton@mail.com,5555557731,67013641
Lizette,,rosen,Mother,lizette.rosen@mail.com,5555560263,67013642
Sandra,,devore,Mother,sandra.devore@mail.com,5555562736,67013643
Melissa,,finch,Mother,melissa.finch@mail.com,5555561085,67013644
Karla,,posey,Mother,karla.posey@mail.com,5555559753,67013645
Sarai,,rozier,Mother,sarai.rozier@mail.com,5555562597,67013646
Bianca,,mendoza,Mother,bianca.mendoza@mail.com,5555560038,67013647
Tania,,kimsey,Mother,tania.kimsey@mail.com,5555556528,67013648
Kathy,,rhoades,Mother,kathy.rhoades@mail.com,5555559783,67013649
Diany,,watters,Mother,diany.watters@mail.com,5555557764,67013650
Erick,,ashford,Father,erick.ashford@mail.com,5555558124,67013651
Karla,,schramm,Mother,karla.schramm@mail.com,5555560570,67013652
Edelmira,,gibson,Mother,edelmira.gibson@mail.com,5555557905,67013653
Kimberly,,winn,Mother,kimberly.winn@mail.com,5555559877,67013654
Maria,,pointer,Mother,maria.pointer@mail.com,5555560382,67013655
Jaime,,bishop,Father,jaime.bishop@mail.com,5555564030,67013656
Melanie,,mcmurry,Mother,melanie.mcmurry@mail.com,5555561467,67013657
Karenn,,champion,Mother,karenn.champion@mail.com,5555560741,67013658
Sara,,finger,Mother,sara.finger@mail.com,5555563057,67013659
Analise,,beam,Mother,analise.beam@mail.com,5555556128,67013660
Ana,,bruce,Mother,ana.bruce@mail.com,5555556286,67013661
Fabian,,wallis,Father,fabian.wallis@mail.com,5555563887,67013662
JOSE,,werner,Father,jose.werner@mail.com,5555560635,67013663
Heather,,collado,Mother,heather.collado@mail.com,5555558807,67013664
Mariel,,durham,Mother,mariel.durham@mail.com,5555560801,67013665
Sylvia,,riffle,Mother,sylvia.riffle@mail.com,5555557192,67013666
Jennifer,,cress,Mother,jennifer.cress@mail.com,5555559389,67013667
Daniel,,salmons,Father,daniel.salmons@mail.com,5555562651,67013668
Dulia,,lombardo,Mother,dulia.lombardo@mail.com,5555557857,67013669
Heyna,,kiel,Mother,heyna.kiel@mail.com,5555558854,67013670
Sergio,,nieto,Father,sergio.nieto@mail.com,5555562640,67013671
Josie,,acton,Mother,josie.acton@mail.com,5555559520,67013672
Evelin,,shipp,Mother,evelin.shipp@mail.com,5555563254,67013673
Celia,,epps,Mother,celia.epps@mail.com,5555556327,67013674
Belinda,,horowitz,Mother,belinda.horowitz@mail.com,5555556471,67013675
Gabriela,,roderick,Mother,gabriela.roderick@mail.com,5555558493,67013676
Melissa,,ness,Mother,melissa.ness@mail.com,5555561082,67013677
Ariana,,lucas,Mother,ariana.lucas@mail.com,5555556380,67013678
Stephanie,,hildreth,Mother,stephanie.hildreth@mail.com,5555562849,67013679
Ana,,roeder,Mother,ana.roeder@mail.com,5555556029,67013680
Jocabeth,,lash,Mother,jocabeth.lash@mail.com,5555562574,67013681
Kendy,,rickman,Mother,kendy.rickman@mail.com,5555559822,67013682
Diana,,sanches,Mother,diana.sanches@mail.com,5555557704,67013683
Vanessa,,hamer,Mother,vanessa.hamer@mail.com,5555563143,67013684
Priscilla,,buell,Mother,priscilla.buell@mail.com,5555562001,67013685
Madelinne,,booker,Mother,madelinne.booker@mail.com,5555560557,67013686
Elizabeth,,tyson,Mother,elizabeth.tyson@mail.com,5555557957,67013687
Monica,,reiter,Mother,monica.reiter@mail.com,5555561300,67013688
Bertha,,childs,Mother,bertha.childs@mail.com,5555556549,67013689
Itzelle,,neely,Mother,itzelle.neely@mail.com,5555561144,67013690
Stephanie,,meyers,Mother,stephanie.meyers@mail.com,5555557804,67013691
Elianet,,stromberg,Mother,elianet.stromberg@mail.com,5555558019,67013692
Angelica,,madrid,Mother,angelica.madrid@mail.com,5555558926,67013693
Andrea,,box,Mother,andrea.box@mail.com,5555556164,67013694
Fernanda,,caceres,Mother,fernanda.caceres@mail.com,5555558354,67013695
Karla,,goble,Mother,karla.goble@mail.com,5555557644,67013696
Linda,,tran,Mother,linda.tran@mail.com,5555560197,67013697
Cristina,,delvalle,Mother,cristina.delvalle@mail.com,5555557135,67013698
Carolina,,hendley,Mother,carolina.hendley@mail.com,5555556986,67013699
HUANQIN,,hoy,Father,huanqin.hoy@mail.com,5555563538,67013700
Liliana,,dowling,Mother,liliana.dowling@mail.com,5555556575,67013701
Lidia Rebeca,,braxton,Mother,lidia rebeca.braxton@mail.com,5555562156,67013702
Maria,,lightner,Mother,maria.lightner@mail.com,5555557636,67013703
Mayana,,kilmer,Mother,mayana.kilmer@mail.com,5555560971,67013704
Eva,,gowen,Mother,eva.gowen@mail.com,5555558271,67013705
Laura,,capps,Mother,laura.capps@mail.com,5555557610,67013706
Ana Luisa,,whitaker,Mother,ana luisa.whitaker@mail.com,5555556555,67013707
Viridiana,,bell,Mother,viridiana.bell@mail.com,5555563350,67013708
ALVARO,,kidd,Multiple Parents/Guardians/Caretakers,alvaro.kidd@mail.com,5555563048,67013709
Ashley,,luke,Mother,ashley.luke@mail.com,5555556458,67013710
Maria Rejina,,hays,Mother,maria rejina.hays@mail.com,5555562169,67013711
Lidia,,bobo,Mother,lidia.bobo@mail.com,5555561345,67013712
viridiana,,grande,Mother,viridiana.grande@mail.com,5555563267,67013713
Bruny,,cohn,Mother,bruny.cohn@mail.com,5555556844,67013714
Obdulia,,gustafson,Mother,obdulia.gustafson@mail.com,5555557860,67013715
Vanessa,,powe,Mother,vanessa.powe@mail.com,5555563113,67013716
Rebecca,,su,Mother,rebecca.su@mail.com,5555562158,67013717
Erika,,elliot,Mother,erika.elliot@mail.com,5555558113,67013718
Dorita,,tinsley,Mother,dorita.tinsley@mail.com,5555561893,67013719
Lizbeth,,cleghorn,Mother,lizbeth.cleghorn@mail.com,5555560248,67013720
Linda,,wall,Mother,linda.wall@mail.com,5555560200,67013721
Araceli,,yancey,Mother,araceli.yancey@mail.com,5555556348,67013722
Mariela,,messenger,Mother,mariela.messenger@mail.com,5555561029,67013723
Vanessa,,budde,Mother,vanessa.budde@mail.com,5555560949,67013724
Nylsa,,macgregor,Mother,nylsa.macgregor@mail.com,5555561699,67013725
Rosella,,burkett,Mother,rosella.burkett@mail.com,5555562351,67013726
Diana,,cordova,Mother,diana.cordova@mail.com,5555557745,67013727
Brandon,,lefevre,Stepfather,brandon.lefevre@mail.com,5555563906,67013728
Cynthia,,beltran,Mother,cynthia.beltran@mail.com,5555557275,67013729
Felicitas,,bigelow,Grandmother,felicitas.bigelow@mail.com,5555563762,67013730
Priscilla,,norris,Mother,priscilla.norris@mail.com,5555562035,67013731
Nick,,kistler,Father,nick.kistler@mail.com,5555563252,67013732
Dania,,conrad,Mother,dania.conrad@mail.com,5555557552,67013733
Lucia,,back,Mother,lucia.back@mail.com,5555560398,67013734
Samantha,,healey,Mother,samantha.healey@mail.com,5555562793,67013735
Belinda,,weimer,Mother,belinda.weimer@mail.com,5555556470,67013736
Gloria,,blackmon,Mother,gloria.blackmon@mail.com,5555558686,67013737
David,,franz,Father,david.franz@mail.com,5555557612,67013738
Yanin,,weathersby,Mother,yanin.weathersby@mail.com,5555563449,67013739
Magdalena,,augustine,Mother,magdalena.augustine@mail.com,5555560582,67013740
Mirllann,,scanlon,Mother,mirllann.scanlon@mail.com,5555561231,67013741
Valeria,,bays,Mother,valeria.bays@mail.com,5555563077,67013742
Julieta,,dominguez,Mother,julieta.dominguez@mail.com,5555563963,67013743
Vanessa,,beck,Mother,vanessa.beck@mail.com,5555563142,67013744
Erika,,bostwick,Mother,erika.bostwick@mail.com,5555558151,67013745
Lizbeth,,burr,Mother,lizbeth.burr@mail.com,5555560239,67013746
Ana,,miley,Mother,ana.miley@mail.com,5555556155,67013747
Ilza,,hayward,Mother,ilza.hayward@mail.com,5555558940,67013748
Paola,,pryor,Mother,paola.pryor@mail.com,5555561828,67013749
Joanna,,willey,Mother,joanna.willey@mail.com,5555559395,67013750
Joanna,,hernadez,Mother,joanna.hernadez@mail.com,5555559417,67013751
Stephanie,,banuelos,Mother,stephanie.banuelos@mail.com,5555562741,67013752
Carlos,,newsome,Father,carlos.newsome@mail.com,5555563734,67013753
Esmeralda,,salmons,Mother,esmeralda.salmons@mail.com,5555558202,67013754
Isabel,,headrick,Mother,isabel.headrick@mail.com,5555563875,67013755
Gabriela,,swafford,Mother,gabriela.swafford@mail.com,5555557033,67013756
Virginia,,leone,Mother,virginia.leone@mail.com,5555563303,67013757
Yoselin,,wild,Mother,yoselin.wild@mail.com,5555563565,67013758
Brandelle,,moller,Mother,brandelle.moller@mail.com,5555556756,67013759
Diana,,farley,Mother,diana.farley@mail.com,5555557877,67013760
Mayra,,yates,Mother,mayra.yates@mail.com,5555560993,67013761
Verenice,,pickard,Mother,verenice.pickard@mail.com,5555556960,67013762
Wendy,,hargett,Mother,wendy.hargett@mail.com,5555563370,67013763
Melanie,,batiste,Mother,melanie.batiste@mail.com,5555561466,67013764
Alejandro,,schulz,Father,alejandro.schulz@mail.com,5555556212,67013765
Martha,,aston,Mother,martha.aston@mail.com,5555560910,67013766
Vanessa,,haller,Mother,vanessa.haller@mail.com,5555563128,67013767
Jose,,pinson,Father,jose.pinson@mail.com,5555561103,67013768
Lorena,,morehouse,Mother,lorena.morehouse@mail.com,5555560121,67013769
Sandra,,bradshaw,Mother,sandra.bradshaw@mail.com,5555562735,67013770
Yanina,,libby,Mother,yanina.libby@mail.com,5555561587,67013771
Antonia,,swearingen,Mother,antonia.swearingen@mail.com,5555563026,67013772
Rebecca,,montoya,Mother,rebecca.montoya@mail.com,5555562159,67013773
Christian,,lucas,Mother,christian.lucas@mail.com,5555561807,67013774
Paola,,spellman,Mother,paola.spellman@mail.com,5555561844,67013775
Nancy,,conrad,Mother,nancy.conrad@mail.com,5555558284,67013776
Claudia,,cabral,Mother,claudia.cabral@mail.com,5555557301,67013777
Maria,,utley,Mother,maria.utley@mail.com,5555560701,67013778
Enoc,,paris,Father,enoc.paris@mail.com,5555558093,67013779
Lilian,,bobbitt,Mother,lilian.bobbitt@mail.com,5555560164,67013780
Ana,,weems,Mother,ana.weems@mail.com,5555556141,67013781
Leslie,,prewitt,Mother,leslie.prewitt@mail.com,5555560076,67013782
Veronica,,marcum,Foster Mother,veronica.marcum@mail.com,5555563850,67013783
Ashley,,lapointe,Mother,ashley.lapointe@mail.com,5555556451,67013784
Maria,,shafer,Mother,maria.shafer@mail.com,5555556700,67013785
Wendy,,heck,Mother,wendy.heck@mail.com,5555563189,67013786
Daniel,,stoll,Father,daniel.stoll@mail.com,5555557564,67013787
Danne,,bickford,Mother,danne.bickford@mail.com,5555557592,67013788
Neyri,,mcewen,Mother,neyri.mcewen@mail.com,5555563275,67013789
Cassandra,,carrington,Mother,cassandra.carrington@mail.com,5555555790,67013790
Judith,,thornton,Mother,judith.thornton@mail.com,5555559582,67013791
Paloma,,henke,Mother,paloma.henke@mail.com,5555559978,67013792
Hilda,,crouse,Mother,hilda.crouse@mail.com,5555558862,67013793
Klaritza,,gaudet,Mother,klaritza.gaudet@mail.com,5555559883,67013794
Sofia,,ball,Mother,sofia.ball@mail.com,5555562751,67013795
Maria,,roberson,Mother,maria.roberson@mail.com,5555557434,67013796
Bertha,,brunet,Mother,bertha.brunet@mail.com,5555556548,67013797
Maria Elena,,steffen,Mother,maria elena.steffen@mail.com,5555561412,67013798
Jerem,,morse,Mother,jerem.morse@mail.com,5555559307,67013799
Luis,,justice,Father,luis.justice@mail.com,5555563720,67013800
Margarita,,mccormack,Mother,margarita.mccormack@mail.com,5555560584,67013801
Adriana,,lincoln,Mother,adriana.lincoln@mail.com,5555563438,67013802
Marco,,oreilly,Foster Father,marco.oreilly@mail.com,5555560688,67013803
Juan,,schrock,Father,juan.schrock@mail.com,5555556241,67013804
Adolfo,,marsh,Stepfather,adolfo.marsh@mail.com,5555555636,67013805
Linda,,ngo,Mother,linda.ngo@mail.com,5555560198,67013806
Ivan,,royal,Father,ivan.royal@mail.com,5555561149,67013807
Zayuri,,rumph,Mother,zayuri.rumph@mail.com,5555563640,67013808
Brayana,,sessoms,Mother,brayana.sessoms@mail.com,5555556389,67013809
Yvette,,roscoe,Mother,yvette.roscoe@mail.com,5555563612,67013810
Andrea,,pina,Mother,andrea.pina@mail.com,5555561578,67013811
Maria,,springer,Mother,maria.springer@mail.com,5555561248,67013812
Maria,,popp,Mother,maria.popp@mail.com,5555561282,67013813
Gonzalo,,colombo,Father,gonzalo.colombo@mail.com,5555558540,67013814
Ismael,,keene,Father,ismael.keene@mail.com,5555562583,67013815
Josefina,,bollinger,Mother,josefina.bollinger@mail.com,5555558183,67013816
Diana,,nutter,Mother,diana.nutter@mail.com,5555557772,67013817
Maria,,camarillo,Grandmother,maria.camarillo@mail.com,5555564031,67013818
Jesus,,lerner,Father,jesus.lerner@mail.com,5555556743,67013819
Christina,,monroy,Mother,christina.monroy@mail.com,5555557221,67013820
Elizabeth,,goins,Mother,elizabeth.goins@mail.com,5555560233,67013821
Gualberto,,brasher,Father,gualberto.brasher@mail.com,5555563362,67013822
Yannira,,cha,Mother,yannira.cha@mail.com,5555558175,67013823
Linnette,,martell,Mother,linnette.martell@mail.com,5555560123,67013824
Maria,,greenberg,Mother,maria.greenberg@mail.com,5555562398,67013825
Maria,,gunderson,Mother,maria.gunderson@mail.com,5555561286,67013826
Sonia,,morey,Mother,sonia.morey@mail.com,5555562653,67013827
Alejandra,,kraft,Mother,alejandra.kraft@mail.com,5555555920,67013828
Daniela,,hodgson,Mother,daniela.hodgson@mail.com,5555557561,67013829
Cesar,,hoard,Father,cesar.hoard@mail.com,5555557122,67013830
Moises,,beasley,Father,moises.beasley@mail.com,5555561290,67013831
Marianne,,hammack,Mother,marianne.hammack@mail.com,5555560767,67013832
Sophia,,stowers,Mother,sophia.stowers@mail.com,5555562818,67013833
Claudia,,tedford,Mother,claudia.tedford@mail.com,5555557316,67013834
Marco,,curran,Father,marco.curran@mail.com,5555560689,67013835
Nallely,,moye,Mother,nallely.moye@mail.com,5555561650,67013836
Pamela,,ferrara,Mother,pamela.ferrara@mail.com,5555558063,67013837
Alberto,,ballard,Father,alberto.ballard@mail.com,5555555831,67013838
Joaquin,,valliere,Father,joaquin.valliere@mail.com,5555561748,67013839
Alma,,eidson,Mother,alma.eidson@mail.com,5555556402,67013840
daniel,,sharpe,Stepfather,daniel.sharpe@mail.com,5555557576,67013841
Ana,,richards,Mother,ana.richards@mail.com,5555558702,67013842
Sylvia,,piatt,Mother,sylvia.piatt@mail.com,5555562910,67013843
Maria,,beal,Mother,maria.beal@mail.com,5555559093,67013844
Adria,,blanding,Mother,adria.blanding@mail.com,5555555708,67013845
Briana,,paschal,Mother,briana.paschal@mail.com,5555560574,67013846
Francisco,,ferrari,Grandfather,francisco.ferrari@mail.com,5555558432,67013847
Barbara,,oliphant,Mother,barbara.oliphant@mail.com,5555556579,67013848
Jasel,,zaragoza,Mother,jasel.zaragoza@mail.com,5555559359,67013849
Maria,,levesque,Mother,maria.levesque@mail.com,5555560700,67013850
Rosa,,tyree,Mother,rosa.tyree@mail.com,5555561978,67013851
Maritza,,cheney,Mother,maritza.cheney@mail.com,5555559934,67013852
Claudia,,richburg,Mother,claudia.richburg@mail.com,5555557297,67013853
Jaysel,,aycock,Mother,jaysel.aycock@mail.com,5555559232,67013854
Oscar,,giordano,Father,oscar.giordano@mail.com,5555555716,67013855
Iveth,,hagans,Mother,iveth.hagans@mail.com,5555559068,67013856
Wendy,,agnew,Mother,wendy.agnew@mail.com,5555563365,67013857
Claudia,,perrone,Mother,claudia.perrone@mail.com,5555556939,67013858
Alda,,estep,Mother,alda.estep@mail.com,5555555835,67013859
Irma,,scully,Mother,irma.scully@mail.com,5555562808,67013860
Mariela,,stancil,Mother,mariela.stancil@mail.com,5555560800,67013861
Loraine,,irwin,Mother,loraine.irwin@mail.com,5555560348,67013862
Erika,,coomer,Mother,erika.coomer@mail.com,5555563159,67013863
Juliette,,seale,Mother,juliette.seale@mail.com,5555559614,67013864
Rosina,,pedro,Mother,rosina.pedro@mail.com,5555557393,67013865
Sylvia,,newton,Mother,sylvia.newton@mail.com,5555562913,67013866
Dayamara,,bice,Mother,dayamara.bice@mail.com,5555557619,67013867
Jonathan,,huddleston,Father,jonathan.huddleston@mail.com,5555559544,67013868
Maribelle,,summers,Mother,maribelle.summers@mail.com,5555557143,67013869
Perla,,durst,Mother,perla.durst@mail.com,5555561928,67013870
Tanya,,corral,Mother,tanya.corral@mail.com,5555562931,67013871
Janette,,turnage,Mother,janette.turnage@mail.com,5555559196,67013872
Susana,,winder,Mother,susana.winder@mail.com,5555562874,67013873
Conchita,,grooms,Mother,conchita.grooms@mail.com,5555558390,67013874
Jonathan,,bull,Stepfather,jonathan.bull@mail.com,5555558838,67013875
Kathy,,hamilton,Mother,kathy.hamilton@mail.com,5555559779,67013876
Cynthia,,mohamed,Mother,cynthia.mohamed@mail.com,5555557499,67013877
Jennifer,,mcintire,Mother,jennifer.mcintire@mail.com,5555559285,67013878
Esmeralda,,fredericks,Mother,esmeralda.fredericks@mail.com,5555558189,67013879
Rosalva,,provencher,Mother,rosalva.provencher@mail.com,5555562331,67013880
Tanya,,rea,Mother,tanya.rea@mail.com,5555562951,67013881
Elizabeth,,thornton,Mother,elizabeth.thornton@mail.com,5555557956,67013882
Stephanie,,attaway,Mother,stephanie.attaway@mail.com,5555562848,67013883
Carlos,,pellerin,Father,carlos.pellerin@mail.com,5555556953,67013884
Suzet,,ramirez,Mother,suzet.ramirez@mail.com,5555562894,67013885
Ana,,shrum,Mother,ana.shrum@mail.com,5555556027,67013886
Maria Elizabeth,,cruise,Mother,maria elizabeth.cruise@mail.com,5555561126,67013887
Joshua,,mcmurry,Father,joshua.mcmurry@mail.com,5555559518,67013888
Nelly,,peoples,Mother,nelly.peoples@mail.com,5555562925,67013889
Norma,,woolery,Mother,norma.woolery@mail.com,5555556210,67013890
Rudy,,pepin,Father,rudy.pepin@mail.com,5555562439,67013891
Estevan,,rasmussen,Stepfather,estevan.rasmussen@mail.com,5555562992,67013892
Ashley,,ramey,Mother,ashley.ramey@mail.com,5555556495,67013893
Sara,,bostwick,Mother,sara.bostwick@mail.com,5555563056,67013894
Bertha,,tirado,Mother,bertha.tirado@mail.com,5555556550,67013895
Henry,,branum,Father,henry.branum@mail.com,5555558274,67013896
Humberto,,miranda,Father,humberto.miranda@mail.com,5555563020,67013897
Denise,,dancy,Mother,denise.dancy@mail.com,5555557672,67013898
Jorge,,hamby,Father,jorge.hamby@mail.com,5555559481,67013899
Juan,,mather,Father,juan.mather@mail.com,5555556240,67013900
Lilian,,roseberry,Mother,lilian.roseberry@mail.com,5555560162,67013901
Michelle,,mccullough,Mother,michelle.mccullough@mail.com,5555560596,67013902
Javier,,kehoe,Father,javier.kehoe@mail.com,5555559222,67013903
Javier,,goings,Father,javier.goings@mail.com,5555559223,67013904
Xochitl,,moll,Mother,xochitl.moll@mail.com,5555563396,67013905
Anthony,,bibb,Father,anthony.bibb@mail.com,5555556053,67013906
Manuel,,middlebrooks,Father,manuel.middlebrooks@mail.com,5555560641,67013907
Carolina,,bolin,Mother,carolina.bolin@mail.com,5555556987,67013908
Oscar,,grabowski,Father,oscar.grabowski@mail.com,5555561769,67013909
Yoana,,larose,Mother,yoana.larose@mail.com,5555563545,67013910
Jorge,,valliere,Father,jorge.valliere@mail.com,5555563938,67013911
HUANQIN,,plumley,Father,huanqin.plumley@mail.com,5555563537,67013912
Nayellie,,balch,Mother,nayellie.balch@mail.com,5555561618,67013913
Andrea,,paynter,Mother,andrea.paynter@mail.com,5555561577,67013914
Olga,,boyett,Mother,olga.boyett@mail.com,5555560549,67013915
Maria Rejina,,lachance,Mother,maria rejina.lachance@mail.com,5555562168,67013916
Doris,,caldwell,Mother,doris.caldwell@mail.com,5555558544,67013917
Maria,,duenas,Mother,maria.duenas@mail.com,5555561266,67013918
Yosselyn,,rueda,Mother,yosselyn.rueda@mail.com,5555563567,67013919
Miriam,,toner,Mother,miriam.toner@mail.com,5555559206,67013920
Maria Elena,,hockenberry,Mother,maria elena.hockenberry@mail.com,5555560565,67013921
Mario,,capps,Father,mario.capps@mail.com,5555558906,67013922
Tanairy,,baylor,Mother,tanairy.baylor@mail.com,5555562929,67013923
Christina,,mayer,Father,christina.mayer@mail.com,5555557222,67013924
Ketzaly,,sundberg,Mother,ketzaly.sundberg@mail.com,5555559847,67013925
Ariana,,weiser,Mother,ariana.weiser@mail.com,5555556375,67013926
Nancy,,fish,Mother,nancy.fish@mail.com,5555561507,67013927
Ihtamara,,armstrong,Mother,ihtamara.armstrong@mail.com,5555559133,67013928
Mara,,bolinger,Mother,mara.bolinger@mail.com,5555560651,67013929
Zohe,,chisolm,Mother,zohe.chisolm@mail.com,5555558528,67013930
Amy,,toney,Mother,amy.toney@mail.com,5555556073,67013931
Karla Figueroa,,mcgann,Mother,karla figueroa.mcgann@mail.com,5555559710,67013932
Samuel,,venable,Father,samuel.venable@mail.com,5555562656,67013933
Kenia Lizeth,,bullins,Mother,kenia lizeth.bullins@mail.com,5555559836,67013934
Iveth,,kaplan,Mother,iveth.kaplan@mail.com,5555563741,67013935
Brandon,,dishman,Father,brandon.dishman@mail.com,5555563775,67013936
Briggettee,,fisk,Mother,briggettee.fisk@mail.com,5555556815,67013937
Karla,,beamon,Mother,karla.beamon@mail.com,5555559718,67013938
Andres,,fair,Father,andres.fair@mail.com,5555564007,67013939
Yajaira,,gibbs,Mother,yajaira.gibbs@mail.com,5555555602,67013940
Claudia,,woodford,Mother,claudia.woodford@mail.com,5555555828,67013941
Abigail,,ewell,Mother,abigail.ewell@mail.com,5555555798,67013942
Omar A,,melton,Father,omar a.melton@mail.com,5555561737,67013943
Sheila,,hiles,Mother,sheila.hiles@mail.com,5555562673,67013944
Areli,,mcintosh,Mother,areli.mcintosh@mail.com,5555556359,67013945
eden,,bowles,Father,eden.bowles@mail.com,5555560862,67013946
Denise,,lillie,Mother,denise.lillie@mail.com,5555562476,67013947
Laura,,callender,Mother,laura.callender@mail.com,5555555592,67013948
Carlos,,rose,Father,carlos.rose@mail.com,5555559756,67013949
Patricia,,penland,Mother,patricia.penland@mail.com,5555561873,67013950
Mariam,,steger,Mother,mariam.steger@mail.com,5555561439,67013951
Angie,,adrian,Mother,angie.adrian@mail.com,5555555645,67013952
Maritza,,redden,Mother,maritza.redden@mail.com,5555560855,67013953
Brianna,,perryman,Mother,brianna.perryman@mail.com,5555562134,67013954
Anayka,,thomson,Mother,anayka.thomson@mail.com,5555556153,67013955
Joana,,tate,Mother,joana.tate@mail.com,5555559414,67013956
Michell,,pepe,Mother,michell.pepe@mail.com,5555556518,67013957
Jazmin,,ashe,Mother,jazmin.ashe@mail.com,5555559233,67013958
Mariana,,esparza,Mother,mariana.esparza@mail.com,5555558054,67013959
Joana,,robinson,Mother,joana.robinson@mail.com,5555559386,67013960
Melissa,,newberry,Mother,melissa.newberry@mail.com,5555561105,67013961
jesus,,barrington,Father,jesus.barrington@mail.com,5555559343,67013962
Jazmin,,schuman,Family Member,jazmin.schuman@mail.com,5555559238,67013963
Fabiola,,chafin,Mother,fabiola.chafin@mail.com,5555558291,67013964
Valerie,,gurrola,Mother,valerie.gurrola@mail.com,5555558231,67013965
jacqueline,,mclellan,Mother,jacqueline.mclellan@mail.com,5555559131,67013966
Johanna,,vallejo,Mother,johanna.vallejo@mail.com,5555559463,67013967
Alejandra,,sand,Mother,alejandra.sand@mail.com,5555555863,67013968
Ana,,urbina,Mother,ana.urbina@mail.com,5555556116,67013969
Laura Elizabeth,,jessie,Mother,laura elizabeth.jessie@mail.com,5555559940,67013970
Tanairy,,wren,Mother,tanairy.wren@mail.com,5555562930,67013971
Angelica,,correll,Mother,angelica.correll@mail.com,5555563291,67013972
Cecilia,,zhang,Mother,cecilia.zhang@mail.com,5555557015,67013973
Karime,,tabor,Mother,karime.tabor@mail.com,5555559681,67013974
Leslie,,sandberg,Mother,leslie.sandberg@mail.com,5555560083,67013975
Steven,,deering,Father,steven.deering@mail.com,5555557945,67013976
Grecia,,blunt,Mother,grecia.blunt@mail.com,5555558720,67013977
Zurie,,sturm,Mother,zurie.sturm@mail.com,5555556929,67013978
Timoteo,,harry,Father,timoteo.harry@mail.com,5555560270,67013979
Leydi,,karnes,Mother,leydi.karnes@mail.com,5555558000,67013980
Abraham,,penny,Father,abraham.penny@mail.com,5555555627,67013981
Sofia,,soares,Mother,sofia.soares@mail.com,5555562784,67013982
Itzel Vanessa,,singh,Mother,itzel vanessa.singh@mail.com,5555556958,67013983
Gladis,,mccourt,Mother,gladis.mccourt@mail.com,5555559199,67013984
Margarita,,sajid,Mother,margarita.sajid@mail.com,5555564008,67013985
Fabiola,,matta,Mother,fabiola.matta@mail.com,5555558299,67013986
Claudia,,dumas,Mother,claudia.dumas@mail.com,5555555603,67013987
Sally,,gordan,Mother,sally.gordan@mail.com,5555562498,67013988
Claudia,,hagen,Mother,claudia.hagen@mail.com,5555562719,67013989
Yesenia,,trice,Mother,yesenia.trice@mail.com,5555563507,67013990
vanessa,,doran,Mother,vanessa.doran@mail.com,5555563122,67013991
Kenia,,byington,Mother,kenia.byington@mail.com,5555559837,67013992
Josefine,,whitted,Mother,josefine.whitted@mail.com,5555559497,67013993
Andrea,,destefano,Mother,andrea.destefano@mail.com,5555556174,67013994
Iris,,kunkel,Mother,iris.kunkel@mail.com,5555558974,67013995
alberto,,carlton,Father,alberto.carlton@mail.com,5555555827,67013996
Daniela,,acree,Mother,daniela.acree@mail.com,5555557567,67013997
Georgine,,behrens,Mother,georgine.behrens@mail.com,5555558603,67013998
Angelica,,whisenant,Mother,angelica.whisenant@mail.com,5555556216,67013999
Cecilia,,eberle,Mother,cecilia.eberle@mail.com,5555557073,67014000
Estrella,,litton,Mother,estrella.litton@mail.com,5555562853,67014001
Esmeralda,,hemphill,Mother,esmeralda.hemphill@mail.com,5555558584,67014002
Zaira,,bainbridge,Mother,zaira.bainbridge@mail.com,5555563627,67014003
Mariela,,shope,Mother,mariela.shope@mail.com,5555560798,67014004
Mireya,,hermann,Mother,mireya.hermann@mail.com,5555558341,67014005
Juliana,,mccreary,Mother,juliana.mccreary@mail.com,5555556157,67014006
Dyane,,oshea,Mother,dyane.oshea@mail.com,5555557880,67014007
Yessica,,quezada,Mother,yessica.quezada@mail.com,5555563524,67014008
Berenice,,chism,Mother,berenice.chism@mail.com,5555557787,67014009
Jaqueline,,fowler,Mother,jaqueline.fowler@mail.com,5555559136,67014010
Mayra,,kraft,Mother,mayra.kraft@mail.com,5555561013,67014011
Caren,,bennett,Mother,caren.bennett@mail.com,5555556933,67014012
Brenda,,tovar,Mother,brenda.tovar@mail.com,5555556767,67014013
Susana,,racine,Mother,susana.racine@mail.com,5555562737,67014014
Rosalinda,,mccluskey,Mother,rosalinda.mccluskey@mail.com,5555556417,67014015
Esmeralda,,greenlee,Foster Mother,esmeralda.greenlee@mail.com,5555558191,67014016
Karelly,,basham,Mother,karelly.basham@mail.com,5555559649,67014017
Julie,,dabbs,Mother,julie.dabbs@mail.com,5555559602,67014018
Laura,,whitehurst,Mother,laura.whitehurst@mail.com,5555560028,67014019
Sheila,,small,Mother,sheila.small@mail.com,5555562674,67014020
Getsemani,,sands,Mother,getsemani.sands@mail.com,5555558585,67014021
Nallely,,hankins,Mother,nallely.hankins@mail.com,5555561488,67014022
Ana,,hacker,Mother,ana.hacker@mail.com,5555556114,67014023
Brenda,,lemmon,Mother,brenda.lemmon@mail.com,5555561987,67014024
Nilsa Evelyn,,hamann,Grandmother,nilsa evelyn.hamann@mail.com,5555561671,67014025
Lili,,ashton,Mother,lili.ashton@mail.com,5555561407,67014026
Leticia,,schweitzer,Mother,leticia.schweitzer@mail.com,5555559973,67014027
Caren,,batten,Mother,caren.batten@mail.com,5555556932,67014028
Hazel,,paulus,Grandfather,hazel.paulus@mail.com,5555557091,67014029
Karen,,marroquin,Mother,karen.marroquin@mail.com,5555559651,67014030
Andrea,,short,Mother,andrea.short@mail.com,5555556167,67014031
Grecia,,watts,Mother,grecia.watts@mail.com,5555558717,67014032
Jennifer,,bussell,Mother,jennifer.bussell@mail.com,5555562483,67014033
Susan,,kirkland,Mother,susan.kirkland@mail.com,5555562822,67014034
Karla,,heck,Mother,karla.heck@mail.com,5555560300,67014035
Laura,,million,Mother,laura.million@mail.com,5555561146,67014036
Miroslava,,workman,Mother,miroslava.workman@mail.com,5555562787,67014037
Herlinda,,bane,Grandmother,herlinda.bane@mail.com,5555558825,67014038
Vera,,berg,Mother,vera.berg@mail.com,5555563199,67014039
Sergio,,durkee,Father,sergio.durkee@mail.com,5555562641,67014040
Alejandra,,schmitz,Mother,alejandra.schmitz@mail.com,5555556937,67014041
nohe,,goodson,Father,nohe.goodson@mail.com,5555557328,67014042
Itzel,,ahmed,Mother,itzel.ahmed@mail.com,5555559052,67014043
Maira,,chong,Mother,maira.chong@mail.com,5555556257,67014044
Yajaira,,coston,Mother,yajaira.coston@mail.com,5555555601,67014045
Maria,,irish,Mother,maria.irish@mail.com,5555560933,67014046
Aylim,,depriest,Mother,aylim.depriest@mail.com,5555556519,67014047
Kellin,,bostwick,Mother,kellin.bostwick@mail.com,5555561116,67014048
Nathaly,,janes,Mother,nathaly.janes@mail.com,5555561550,67014049
IHTAMAR,,freitag,Grandfather,ihtamar.freitag@mail.com,5555564002,67014050
ANDREA,,treadway,Mother,andrea.treadway@mail.com,5555559247,67014051
Daniel,,barreto,Father,daniel.barreto@mail.com,5555557593,67014052
Leticia,,najera,Mother,leticia.najera@mail.com,5555560095,67014053
Dana,,sperling,Mother,dana.sperling@mail.com,5555557542,67014054
Elisa,,burchett,Mother,elisa.burchett@mail.com,5555558804,67014055
Damaris,,nickell,Mother,damaris.nickell@mail.com,5555562147,67014056
Paola,,hudgens,Mother,paola.hudgens@mail.com,5555561832,67014057
Yessica,,akin,Mother,yessica.akin@mail.com,5555563516,67014058
Lesly,,bachman,Mother,lesly.bachman@mail.com,5555560087,67014059
ARTURO,,mccaffrey,Stepfather,arturo.mccaffrey@mail.com,5555560131,67014060
Jaqueline,,mcewen,Mother,jaqueline.mcewen@mail.com,5555563116,67014061
Gloria,,horner,Mother,gloria.horner@mail.com,5555558657,67014062
Fernando,,chaves,Father,fernando.chaves@mail.com,5555561216,67014063
Denise,,council,Mother,denise.council@mail.com,5555563049,67014064
Jenny,,hinson,Mother,jenny.hinson@mail.com,5555559297,67014065
Evelyn,,humes,Mother,evelyn.humes@mail.com,5555558261,67014066
Odalys,,carrasco,Mother,odalys.carrasco@mail.com,5555563434,67014067
Karla Figueroa,,shuck,Mother,karla figueroa.shuck@mail.com,5555559709,67014068
Leslie,,garay,Mother,leslie.garay@mail.com,5555560057,67014069
Luis,,ashton,Father,luis.ashton@mail.com,5555560425,67014070
Cristina,,willey,Mother,cristina.willey@mail.com,5555557426,67014071
Katerin,,wayne,Mother,katerin.wayne@mail.com,5555559782,67014072
Lilian,,stiltner,Mother,lilian.stiltner@mail.com,5555556349,67014073
Janet,,brumbaugh,Mother,janet.brumbaugh@mail.com,5555557388,67014074
hilda veronica,,mertz,Mother,hilda veronica.mertz@mail.com,5555563179,67014075
Andrea,,stevens,Mother,andrea.stevens@mail.com,5555556186,67014076
Brenda,,rendon,Mother,brenda.rendon@mail.com,5555556786,67014077
Griselda,,chalmers,Mother,griselda.chalmers@mail.com,5555558735,67014078
David,,harness,Father,david.harness@mail.com,5555557799,67014079
Miguel,,barrera,Father,miguel.barrera@mail.com,5555556191,67014080
Yessica,,keele,Mother,yessica.keele@mail.com,5555563525,67014081
Itzel,,leighton,Mother,itzel.leighton@mail.com,5555556908,67014082
Maria,,pullen,Mother,maria.pullen@mail.com,5555560705,67014083
Leslie,,janssen,Mother,leslie.janssen@mail.com,5555560082,67014084
Leslie,,stockton,Mother,leslie.stockton@mail.com,5555561551,67014085
Crystal,,askew,Mother,crystal.askew@mail.com,5555557443,67014086
DIANA,,dutra,Mother,diana.dutra@mail.com,5555557729,67014087
Aracely,,clay,Mother,aracely.clay@mail.com,5555556865,67014088
Nathalie,,castleman,Mother,nathalie.castleman@mail.com,5555561548,67014089
Cynthia,,hunley,Mother,cynthia.hunley@mail.com,5555557362,67014090
Samarhi,,covington,Mother,samarhi.covington@mail.com,5555559863,67014091
Silvia,,barner,Mother,silvia.barner@mail.com,5555560342,67014092
Sheyla,,alvey,Mother,sheyla.alvey@mail.com,5555561718,67014093
Jennifer,,ramos,Mother,jennifer.ramos@mail.com,5555562484,67014094
Wendy,,burley,Mother,wendy.burley@mail.com,5555557855,67014095
Marah,,owings,Mother,marah.owings@mail.com,5555560657,67014096
Blanca,,odum,Mother,blanca.odum@mail.com,5555563700,67014097
Sarai,,howze,Mother,sarai.howze@mail.com,5555562602,67014098
Dayana,,echols,Mother,dayana.echols@mail.com,5555559377,67014099
Adriana,,mccauley,Mother,adriana.mccauley@mail.com,5555555666,67014100
Rosarie,,blodgett,Mother,rosarie.blodgett@mail.com,5555562230,67014101
Joanna,,tankersley,Mother,joanna.tankersley@mail.com,5555559423,67014102
Jose,,erb,Father,jose.erb@mail.com,5555563328,67014103
Alma,,rawlings,Mother,alma.rawlings@mail.com,5555555994,67014104
Mario M,,reynoso,Father,mario m.reynoso@mail.com,5555560819,67014105
Alma,,johal,Mother,alma.johal@mail.com,5555558746,67014106
Ashley,,owsley,Mother,ashley.owsley@mail.com,5555556463,67014107
Linda,,ehrlich,Mother,linda.ehrlich@mail.com,5555560204,67014108
Noe,,seely,Father,noe.seely@mail.com,5555561662,67014109
Fanny,,gullett,Mother,fanny.gullett@mail.com,5555555568,67014110
Selene,,flower,Mother,selene.flower@mail.com,5555562629,67014111
Valeria,,kuehn,Mother,valeria.kuehn@mail.com,5555563099,67014112
Jesus Elizabeth,,akin,Mother,jesus elizabeth.akin@mail.com,5555557993,67014113
Ruth,,worden,Mother,ruth.worden@mail.com,5555557383,67014114
Jose,,cortez,Father,jose.cortez@mail.com,5555557148,67014115
Marisela,,faust,Mother,marisela.faust@mail.com,5555562242,67014116
Yesenia,,tolson,Mother,yesenia.tolson@mail.com,5555563502,67014117
Alejandra,,abbott,Mother,alejandra.abbott@mail.com,5555555866,67014118
Paulina,,pipkin,Mother,paulina.pipkin@mail.com,5555561888,67014119
Leonardo,,swift,Father,leonardo.swift@mail.com,5555560061,67014120
Maribel,,bonds,Mother,maribel.bonds@mail.com,5555555628,67014121
Maria,,blankenship,Mother,maria.blankenship@mail.com,5555559261,67014122
Imelda,,lykins,Mother,imelda.lykins@mail.com,5555559022,67014123
Cristina,,chamblee,Mother,cristina.chamblee@mail.com,5555557420,67014124
Karina,,posey,Mother,karina.posey@mail.com,5555563577,67014125
Johana,,snell,Mother,johana.snell@mail.com,5555559460,67014126
Juliana,,rickard,Mother,juliana.rickard@mail.com,5555556158,67014127
Paola,,roush,Mother,paola.roush@mail.com,5555561833,67014128
Stephanie,,corder,Mother,stephanie.corder@mail.com,5555562844,67014129
Jaqueline,,hulsey,Mother,jaqueline.hulsey@mail.com,5555563117,67014130
Caritina,,martel,Mother,caritina.martel@mail.com,5555560460,67014131
Silvia,,caton,Mother,silvia.caton@mail.com,5555563511,67014132
Elizabeth,,bullard,Mother,elizabeth.bullard@mail.com,5555557999,67014133
Leticia,,willis,Mother,leticia.willis@mail.com,5555563035,67014134
Jesus,,rollins,Father,jesus.rollins@mail.com,5555563678,67014135
Angelica,,amundson,Mother,angelica.amundson@mail.com,5555563292,67014136
Sandra,,spell,Mother,sandra.spell@mail.com,5555558179,67014137
jesus,,vela,Father,jesus.vela@mail.com,5555559627,67014138
Scarlet,,stillman,Mother,scarlet.stillman@mail.com,5555562622,67014139
Briana,,ledford,Family Member,briana.ledford@mail.com,5555556801,67014140
Jose Luis,,cyrus,Father,jose luis.cyrus@mail.com,5555556802,67014141
Yanet,,miranda,Mother,yanet.miranda@mail.com,5555561396,67014142
Adriana,,graziano,Mother,adriana.graziano@mail.com,5555562288,67014143
Abram,,mercado,Father,abram.mercado@mail.com,5555555626,67014144
Gerardo,,gove,Grandfather,gerardo.gove@mail.com,5555561649,67014145
Melissa,,britt,Mother,melissa.britt@mail.com,5555561106,67014146
Samuel,,teel,Father,samuel.teel@mail.com,5555562514,67014147
Delanie,,walters,Mother,delanie.walters@mail.com,5555557639,67014148
Heidy,,thorp,Caregiver,heidy.thorp@mail.com,5555555780,67014149
Itzel Vanessa,,daily,Mother,itzel vanessa.daily@mail.com,5555556957,67014150
Maria,,boughton,Mother,maria.boughton@mail.com,5555560568,67014151
Yesenia,,oubre,Mother,yesenia.oubre@mail.com,5555563508,67014152
Perla,,bedard,Mother,perla.bedard@mail.com,5555561919,67014153
Patricia,,bouchard,Mother,patricia.bouchard@mail.com,5555555921,67014154
Liliana,,deboer,Mother,liliana.deboer@mail.com,5555560159,67014155
Odalys,,kaminski,Mother,odalys.kaminski@mail.com,5555563435,67014156
Eva,,mccarter,Caregiver,eva.mccarter@mail.com,5555563696,67014157
Iveth,,richardson,Mother,iveth.richardson@mail.com,5555563745,67014158
Mariana,,hathcock,Mother,mariana.hathcock@mail.com,5555558934,67014159
Edna,,jewell,Mother,edna.jewell@mail.com,5555557920,67014160
Josefina,,moye,Mother,josefina.moye@mail.com,5555559525,67014161
Dayana,,arbuckle,Mother,dayana.arbuckle@mail.com,5555559378,67014162
Maria,,persaud,Mother,maria.persaud@mail.com,5555559949,67014163
Rosarie,,sites,Mother,rosarie.sites@mail.com,5555562231,67014164
Claudia,,fullmer,Mother,claudia.fullmer@mail.com,5555555605,67014165
Denise,,landers,Mother,denise.landers@mail.com,5555562475,67014166
Karla,,somerville,Mother,karla.somerville@mail.com,5555562753,67014168
Celene,,burg,Mother,celene.burg@mail.com,5555562702,67014169
Janet,,hsu,Mother,janet.hsu@mail.com,5555557389,67014170
Claudia,,irby,Mother,claudia.irby@mail.com,5555557332,67014171
Jazmin,,dion,Mother,jazmin.dion@mail.com,5555559237,67014172
Irma,,lyles,Mother,irma.lyles@mail.com,5555558988,67014173
Dora,,spencer,Mother,dora.spencer@mail.com,5555557812,67014174
Mayra,,defelice,Mother,mayra.defelice@mail.com,5555561394,67014175
Julieta,,alonzo,Mother,julieta.alonzo@mail.com,5555559609,67014176
Mireya,,haile,Mother,mireya.haile@mail.com,5555558342,67014177
Evelyn,,benedict,Mother,evelyn.benedict@mail.com,5555558244,67014178
Joana,,keith,Mother,joana.keith@mail.com,5555559413,67014179
edith,,brewster,Mother,edith.brewster@mail.com,5555557916,67014180
Laura,,katz,Mother,laura.katz@mail.com,5555562216,67014181
Nohemi,,portillo,Mother,nohemi.portillo@mail.com,5555559800,67014182
Raymundo,,tobias,Father,raymundo.tobias@mail.com,5555563983,67014183
Yajaira,,rodas,Mother,yajaira.rodas@mail.com,5555555600,67014184
Zurie,,cervantes,Mother,zurie.cervantes@mail.com,5555556930,67014185
Fabiola,,knudson,Mother,fabiola.knudson@mail.com,5555558298,67014187
Pamela,,pine,Mother,pamela.pine@mail.com,5555561815,67014188
Julio,,titus,Father,julio.titus@mail.com,5555563896,67014189
Iris,,gerber,Mother,iris.gerber@mail.com,5555558973,67014190
Joseth,,flatt,Mother,joseth.flatt@mail.com,5555558762,67014191
BRAYLER,,sturm,Stepfather,brayler.sturm@mail.com,5555563750,67014192
Yisel,,benjamin,Mother,yisel.benjamin@mail.com,5555563536,67014193
Maritza,,smythe,Mother,maritza.smythe@mail.com,5555560856,67014194
Gloria,,headrick,Mother,gloria.headrick@mail.com,5555558703,67014195
Celeste,,lair,Mother,celeste.lair@mail.com,5555557093,67014196
Andrea,,amin,Mother,andrea.amin@mail.com,5555563885,67014197
Blanca,,marcum,Mother,blanca.marcum@mail.com,5555561966,67014198
Cynthia,,seger,Mother,cynthia.seger@mail.com,5555557363,67014199
Carlos,,hawes,Father,carlos.hawes@mail.com,5555557369,67014200
Gloria,,gaylord,Mother,gloria.gaylord@mail.com,5555558656,67014201
Ricardo,,friesen,Father,ricardo.friesen@mail.com,5555563927,67014202
Darlenne,,paulsen,Mother,darlenne.paulsen@mail.com,5555557605,67014203
Jiovanna,,goforth,Mother,jiovanna.goforth@mail.com,5555561168,67014204
Amanda,,kiefer,Mother,amanda.kiefer@mail.com,5555556036,67014205
Keyla,,twomey,Mother,keyla.twomey@mail.com,5555555955,67014206
Raquel,,mendoza,Mother,raquel.mendoza@mail.com,5555560670,67014207
Alma,,blackford,Mother,alma.blackford@mail.com,5555561882,67014208
Omar A,,hawks,Father,omar a.hawks@mail.com,5555561738,67014209
Julio,,carrigan,Caregiver,julio.carrigan@mail.com,5555557117,67014210
Erika,,welch,Mother,erika.welch@mail.com,5555560175,67014211
Liliana,,figueroa,Mother,liliana.figueroa@mail.com,5555562967,67014212
Diana,,owens,Mother,diana.owens@mail.com,5555557752,67014213
Diana,,tellez,Mother,diana.tellez@mail.com,5555557751,67014214
Araceli,,beaudoin,Mother,araceli.beaudoin@mail.com,5555556338,67014215
Cecilia,,karnes,Mother,cecilia.karnes@mail.com,5555557085,67014216
Triny,,manis,Mother,triny.manis@mail.com,5555563051,67014217
Brenda,,frances,Mother,brenda.frances@mail.com,5555556795,67014218
Susana,,ritchey,Mother,susana.ritchey@mail.com,5555557562,67014219
Gina,,cass,Mother,gina.cass@mail.com,5555558608,67014220
JOSSUE,,duarte,Father,jossue.duarte@mail.com,5555559366,67014221
Sara,,royal,Mother,sara.royal@mail.com,5555563017,67014222
Ariana,,eng,Mother,ariana.eng@mail.com,5555556439,67014223
CRISTIAN,,timm,Father,cristian.timm@mail.com,5555557354,67014224
Elizabeth,,folse,Mother,elizabeth.folse@mail.com,5555557940,67014225
Miguel,,criss,Father,miguel.criss@mail.com,5555556361,67014226
Minerva,,kohler,Grandmother,minerva.kohler@mail.com,5555563717,67014227
Mayra,,borges,Mother,mayra.borges@mail.com,5555561378,67014228
Liliana,,foret,Mother,liliana.foret@mail.com,5555560160,67014229
Daniela,,thaxton,Mother,daniela.thaxton@mail.com,5555562114,67014230
Brandon,,hollister,Father,brandon.hollister@mail.com,5555563774,67014231
Claudia,,tucci,Mother,claudia.tucci@mail.com,5555561405,67014232
Areli,,caton,Mother,areli.caton@mail.com,5555556360,67014233
Lisa,,griggs,Mother,lisa.griggs@mail.com,5555560214,67014234
Karla,,fugate,Mother,karla.fugate@mail.com,5555559724,67014235
Sheila,,ramsey,Mother,sheila.ramsey@mail.com,5555562675,67014236
Itzel,,sansone,Mother,itzel.sansone@mail.com,5555556909,67014237
Cristina,,eagle,Mother,cristina.eagle@mail.com,5555558398,67014238
Yesenia,,blizzard,Mother,yesenia.blizzard@mail.com,5555563503,67014239
Raquel,,sundberg,Mother,raquel.sundberg@mail.com,5555560667,67014240
Maria,,mayle,Mother,maria.mayle@mail.com,5555563226,67014241
Gabriela,,allen,Mother,gabriela.allen@mail.com,5555558487,67014242
Blanca,,linder,Mother,blanca.linder@mail.com,5555556712,67014243
Abraham,,walther,Father,abraham.walther@mail.com,5555560631,67014244
Mario,,lillie,Father,mario.lillie@mail.com,5555558905,67014245
Giovanna,,rosen,Mother,giovanna.rosen@mail.com,5555558614,67014246
Rosa,,dotson,Mother,rosa.dotson@mail.com,5555562375,67014247
Ninfa,,pfaff,Grandmother,ninfa.pfaff@mail.com,5555563593,67014248
Mayra,,stewart,Mother,mayra.stewart@mail.com,5555560985,67014249
Herlinda,,schultz,Caregiver,herlinda.schultz@mail.com,5555558828,67014250
Alejandra,,kee,Mother,alejandra.kee@mail.com,5555555861,67014251
Abigail,,mcanally,Mother,abigail.mcanally@mail.com,5555555800,67014252
Adriana,,myrick,Mother,adriana.myrick@mail.com,5555555671,67014253
Melissa,,french,Mother,melissa.french@mail.com,5555561074,67014254
Irene,,saunders,Mother,irene.saunders@mail.com,5555561433,67014255
Selma,,thomason,Mother,selma.thomason@mail.com,5555561868,67014256
Melissa,,garibay,Mother,melissa.garibay@mail.com,5555559850,67014257
Laura,,huss,Grandmother,laura.huss@mail.com,5555557893,67014258
Tanya,,kramer,Mother,tanya.kramer@mail.com,5555562945,67014259
Maribel,,trott,Mother,maribel.trott@mail.com,5555556625,67014260
Mirna,,duarte,Mother,mirna.duarte@mail.com,5555561233,67014261
Hector,,lamb,Father,hector.lamb@mail.com,5555563996,67014262
nohe,,rosario,Father,nohe.rosario@mail.com,5555557327,67014263
Cecilia,,chester,Mother,cecilia.chester@mail.com,5555557077,67014264
Janet,,dominguez,Mother,janet.dominguez@mail.com,5555561047,67014265
Maria,,wortman,Mother,maria.wortman@mail.com,5555559262,67014266
Karen,,rohr,Mother,karen.rohr@mail.com,5555561114,67014267
Lourdes,,seely,Mother,lourdes.seely@mail.com,5555560358,67014268
Eugenio,,hass,Father,eugenio.hass@mail.com,5555555796,67014269
Dyane,,marr,Mother,dyane.marr@mail.com,5555557879,67014270
Karla,,bannister,Mother,karla.bannister@mail.com,5555559722,67014271
Amanda,,winston,Mother,amanda.winston@mail.com,5555556037,67014272
Martha,,hyatt,Mother,martha.hyatt@mail.com,5555560892,67014273
Olympia,,beeler,Mother,olympia.beeler@mail.com,5555561732,67014274
Miguel,,atchison,Father,miguel.atchison@mail.com,5555561391,67014275
Prisca,,townsend,Mother,prisca.townsend@mail.com,5555562006,67014276
Juan,,navarrete,Father,juan.navarrete@mail.com,5555563925,67014277
Karla,,hotchkiss,Mother,karla.hotchkiss@mail.com,5555559721,67014278
Soledad,,basham,Grandmother,soledad.basham@mail.com,5555563709,67014279
Katia,,rowan,Mother,katia.rowan@mail.com,5555562178,67014281
Zohe,,laney,Mother,zohe.laney@mail.com,5555558529,67014282
Elizabeth,,dennis,Mother,elizabeth.dennis@mail.com,5555557996,67014283
Jaqueline,,mcchesney,Mother,jaqueline.mcchesney@mail.com,5555559127,67014284
Nanci,,leatherman,Mother,nanci.leatherman@mail.com,5555556928,67014285
Enrique,,large,Father,enrique.large@mail.com,5555558095,67014286
Michelle,,sokol,Mother,michelle.sokol@mail.com,5555561171,67014287
Alma,,fry,Mother,alma.fry@mail.com,5555555969,67014288
Priscela,,cassady,Mother,priscela.cassady@mail.com,5555562011,67014289
Andrea,,guardado,Mother,andrea.guardado@mail.com,5555563884,67014290
ANA,,cortes,Multiple Parents/Guardians/Caretakers,ana.cortes@mail.com,5555556277,67014291
Christina,,wilkerson,Mother,christina.wilkerson@mail.com,5555557223,67014292
Gabriel,,martini,Father,gabriel.martini@mail.com,5555558466,67014293
maría,,farrow,Aunt,maría.farrow@mail.com,5555563793,67014294
Karla,,countryman,Mother,karla.countryman@mail.com,5555559740,67014295
Marisela,,paulus,Mother,marisela.paulus@mail.com,5555562241,67014296
Leslie,,browne,Mother,leslie.browne@mail.com,5555556050,67014297
Jesus,,dodson,Father,jesus.dodson@mail.com,5555559354,67014298
Maria,,amaya,Mother,maria.amaya@mail.com,5555562292,67014299
Margarita,,shelton,Mother,margarita.shelton@mail.com,5555559578,67014300
Lizbeth,,andino,Mother,lizbeth.andino@mail.com,5555557601,67014301
Vanessa,,langham,Mother,vanessa.langham@mail.com,5555563120,67014302
Diana,,mohr,Mother,diana.mohr@mail.com,5555560499,67014303
Dolores,,caudill,Mother,dolores.caudill@mail.com,5555560469,67014304
Ana,,leak,Mother,ana.leak@mail.com,5555563692,67014305
Briana,,headrick,Mother,briana.headrick@mail.com,5555556803,67014306
Carlos,,propst,Father,carlos.propst@mail.com,5555556955,67014307
Triny,,dandrea,Mother,triny.dandrea@mail.com,5555563050,67014308
Carolina,,decker,Mother,carolina.decker@mail.com,5555556999,67014309
Scarlet,,carothers,Mother,scarlet.carothers@mail.com,5555562621,67014310
Stephanie,,mcmillon,Mother,stephanie.mcmillon@mail.com,5555562608,67014311
Luz Maria,,hertel,Mother,luz maria.hertel@mail.com,5555560514,67014312
Alba,,bruno,Mother,alba.bruno@mail.com,5555555594,67014313
amelia,,ozuna,Mother,amelia.ozuna@mail.com,5555556049,67014314
Acencion,,phelan,Father,acencion.phelan@mail.com,5555557028,67014315
Marvin,,sackett,Father,marvin.sackett@mail.com,5555559464,67014316
Elizabeth,,clemons,Mother,elizabeth.clemons@mail.com,5555557941,67014317
Magdalena,,conner,Mother,magdalena.conner@mail.com,5555562197,67014318
Maura JIssel,,ostrander,Mother,maura jissel.ostrander@mail.com,5555560956,67014319
Vanessa,,duke,Mother,vanessa.duke@mail.com,5555563131,67014320
Amy,,baily,Mother,amy.baily@mail.com,5555556072,67014321
Diana Marcela,,richter,Mother,diana marcela.richter@mail.com,5555560678,67014322
Evelin Aimee,,quiroz,Mother,evelin aimee.quiroz@mail.com,5555557768,67014323
Karla,,abney,Mother,karla.abney@mail.com,5555557620,67014324
Carlos,,weinberg,Father,carlos.weinberg@mail.com,5555561375,67014325
Patricia,,merkel,Mother,patricia.merkel@mail.com,5555555922,67014326
Karina,,larsen,Mother,karina.larsen@mail.com,5555563576,67014327
Daneyri,,scanlon,Mother,daneyri.scanlon@mail.com,5555557543,67014328
Birianda,,benz,Mother,birianda.benz@mail.com,5555556702,67014329
Daniela,,norfleet,Caregiver,daniela.norfleet@mail.com,5555563531,67014330
Paola,,cobbs,Caregiver,paola.cobbs@mail.com,5555558913,67014331
Kevin,,coppola,Father,kevin.coppola@mail.com,5555561858,67014332
Tania vanessa,,vandusen,Mother,tania vanessa.vandusen@mail.com,5555562940,67014333
Cecilia,,landers,Grandmother,cecilia.landers@mail.com,5555557083,67014334
Alma,,hanrahan,Mother,alma.hanrahan@mail.com,5555558721,67014335
Lucia,,shelton,Mother,lucia.shelton@mail.com,5555560385,67014336
Roxana,,brien,Mother,roxana.brien@mail.com,5555558376,67014337
Yuliana,,cagle,Mother,yuliana.cagle@mail.com,5555563592,67014338
Liliana,,roller,Mother,liliana.roller@mail.com,5555563265,67014339
Leyiana,,applewhite,Mother,leyiana.applewhite@mail.com,5555560111,67014340
Melissa,,franklin,Mother,melissa.franklin@mail.com,5555561423,67014341
Karla,,schroder,Mother,karla.schroder@mail.com,5555560954,67014342
Juan,,schwab,Father,juan.schwab@mail.com,5555562205,67014343
Raquel,,gil,Mother,raquel.gil@mail.com,5555560669,67014344
Raquel,,east,Mother,raquel.east@mail.com,5555560668,67014345
Melinda,,mcardle,Agency Representative,melinda.mcardle@mail.com,5555563893,67014346
Juana,,vollmer,Mother,juana.vollmer@mail.com,5555557040,67014347
Michelle,,schmitt,Mother,michelle.schmitt@mail.com,5555561183,67014348
Michelle,,shade,Mother,michelle.shade@mail.com,5555561185,67014349
Damaris,,hawthorne,Mother,damaris.hawthorne@mail.com,5555562146,67014350
Raul,,vining,Father,raul.vining@mail.com,5555563969,67014351
Leticia,,bertrand,Mother,leticia.bertrand@mail.com,5555560100,67014352
Jorge,,littrell,Father,jorge.littrell@mail.com,5555562095,67014353
Mauro,,barela,Father,mauro.barela@mail.com,5555561393,67014354
David,,hardy,Father,david.hardy@mail.com,5555557875,67014355
Patricia,,abramson,Mother,patricia.abramson@mail.com,5555561874,67014356
Elizabeth,,houser,Mother,elizabeth.houser@mail.com,5555557983,67014357
Guadalupe,,tenney,Mother,guadalupe.tenney@mail.com,5555560487,67014358
Yessica,,dewitt,Mother,yessica.dewitt@mail.com,5555563517,67014359
Grecia,,castellano,Mother,grecia.castellano@mail.com,5555558719,67014360
Cristina,,messick,Mother,cristina.messick@mail.com,5555557431,67014361
Penina,,harwood,Mother,penina.harwood@mail.com,5555561904,67014362
Michelle,,esquivel,Mother,michelle.esquivel@mail.com,5555561181,67014363
Jaqueline,,zimmer,Mother,jaqueline.zimmer@mail.com,5555559130,67014364
Rosalia,,browder,Mother,rosalia.browder@mail.com,5555562372,67014365
Juliana,,romans,Mother,juliana.romans@mail.com,5555559606,67014366
Fernanda,,moran,Mother,fernanda.moran@mail.com,5555556330,67014367
Victor,,godoy,Father,victor.godoy@mail.com,5555563283,67014368
Carina,,sexton,Mother,carina.sexton@mail.com,5555560626,67014369
Yolanda,,looper,Mother,yolanda.looper@mail.com,5555563553,67014370
Blanca,,beckett,Mother,blanca.beckett@mail.com,5555556851,67014371
Nereyda,,morse,Mother,nereyda.morse@mail.com,5555561603,67014372
Dulce,,brothers,Mother,dulce.brothers@mail.com,5555557847,67014373
Laura Elizabeth,,suiter,Mother,laura elizabeth.suiter@mail.com,5555559939,67014374
Jorge,,rael,Father,jorge.rael@mail.com,5555560558,67014375
Gabriela,,sebastian,Mother,gabriela.sebastian@mail.com,5555558499,67014376
Claudia,,maurer,Mother,claudia.maurer@mail.com,5555556541,67014377
Herlinda,,becker,Grandmother,herlinda.becker@mail.com,5555558827,67014378
Marisol,,allan,Mother,marisol.allan@mail.com,5555560887,67014379
Carolina,,figueroa,Mother,carolina.figueroa@mail.com,5555561709,67014380
Janet,,brewington,Mother,janet.brewington@mail.com,5555561048,67014381
Amalia,,betz,Mother,amalia.betz@mail.com,5555556030,67014382
Marylou,,santo,Mother,marylou.santo@mail.com,5555560438,67014383
Bertha,,kent,Mother,bertha.kent@mail.com,5555556620,67014384
Bertha,,hellman,Mother,bertha.hellman@mail.com,5555556651,67014385
Oliva,,cushing,Mother,oliva.cushing@mail.com,5555556468,67014386
Allison,,baker,Mother,allison.baker@mail.com,5555555961,67014387
Karen,,henry,Mother,karen.henry@mail.com,5555561113,67014388
Angie,,warnock,Caregiver,angie.warnock@mail.com,5555555642,67014389
Jose,,barraza,Father,jose.barraza@mail.com,5555559509,67014390
Melissa,,crossley,Mother,melissa.crossley@mail.com,5555561104,67014391
Margarita,,fox,Court Appointed Guardian,margarita.fox@mail.com,5555560588,67014392
Jameli,,leak,Mother,jameli.leak@mail.com,5555562278,67014393
Maria,,Paz,Mother,maria.paz@mail.com,5555556558,67014394
Karina,,rice,Mother,karina.rice@mail.com,5555559768,67014395
Nohemi,,lent,Mother,nohemi.lent@mail.com,5555559801,67014396
Samuel,,spinner,Stepfather,samuel.spinner@mail.com,5555562515,67014397
Griselda,,collado,Mother,griselda.collado@mail.com,5555561526,67014398
Blanca,,fusco,Mother,blanca.fusco@mail.com,5555561110,67014399
Maritza,,laney,Mother,maritza.laney@mail.com,5555560953,67014400
Karen,,hewlett,Mother,karen.hewlett@mail.com,5555559802,67014401
Bianca,,hannan,Caregiver,bianca.hannan@mail.com,5555556690,67014402
Gina,,duty,Mother,gina.duty@mail.com,5555558606,67014403
Claudia,,dudek,Mother,claudia.dudek@mail.com,5555557334,67014404
Mayra,,stockdale,Mother,mayra.stockdale@mail.com,5555561012,67014405
Alma,,jennings,Mother,alma.jennings@mail.com,5555555738,67014406
Claudia,,lavelle,Aunt,claudia.lavelle@mail.com,5555564045,67014407
Denise,,engle,Mother,denise.engle@mail.com,5555557659,67014408
Nanci,,loeffler,Mother,nanci.loeffler@mail.com,5555556927,67014409
Cindia,,farrar,Mother,cindia.farrar@mail.com,5555557233,67014410
Jose,,burnette,Father,jose.burnette@mail.com,5555559353,67014411
Annie,,arthur,Mother,annie.arthur@mail.com,5555556290,67014412
Karina,,mcculloch,Mother,karina.mcculloch@mail.com,5555559678,67014413
Laura,,dupre,Mother,laura.dupre@mail.com,5555555591,67014414
Enrique,,muniz,Father,enrique.muniz@mail.com,5555558094,67014415
Jennifer,,chung,Mother,jennifer.chung@mail.com,5555562485,67014416
Cinthia,,carmody,Mother,cinthia.carmody@mail.com,5555563324,67014417
Francis,,contreras,Grandmother,francis.contreras@mail.com,5555564012,67014418
Karla,,leak,Mother,karla.leak@mail.com,5555559742,67014419
Susan,,ferris,Mother,susan.ferris@mail.com,5555562823,67014420
Arlette,,lunsford,Mother,arlette.lunsford@mail.com,5555556393,67014421
jesus,,board,Father,jesus.board@mail.com,5555559344,67014422
Leticia,,schwab,Mother,leticia.schwab@mail.com,5555563034,67014423
Patricia,,gott,Mother,patricia.gott@mail.com,5555563572,67014424
Mariel,,kocher,Caregiver,mariel.kocher@mail.com,5555557157,67014425
Dulce,,messina,Mother,dulce.messina@mail.com,5555557842,67014426
Priscela,,kaminski,Caregiver,priscela.kaminski@mail.com,5555562007,67014427
Nancy,,olmstead,Mother,nancy.olmstead@mail.com,5555561513,67014428
Dolores,,acree,Mother,dolores.acree@mail.com,5555560468,67014429
Ana,,painter,Mother,ana.painter@mail.com,5555555947,67014430
Scarlet,,whitaker,Mother,scarlet.whitaker@mail.com,5555562623,67014431
Itzel,,breunig,Mother,itzel.breunig@mail.com,5555559053,67014432
Hector,,leatherwood,Father,hector.leatherwood@mail.com,5555561442,67014433
NESTOR,,walter,Stepfather,nestor.walter@mail.com,5555563879,67014434
Jose Luis,,paxton,Father,jose luis.paxton@mail.com,5555560422,67014435
Arlyn,,lilley,Mother,arlyn.lilley@mail.com,5555556400,67014436
LORENA,,breault,Mother,lorena.breault@mail.com,5555560344,67014437
Brian,,tavares,Father,brian.tavares@mail.com,5555556812,67014438
vanessa,,ames,Mother,vanessa.ames@mail.com,5555563123,67014439
Sandra,,trice,Mother,sandra.trice@mail.com,5555562544,67014440
Yaretzy,,loyd,Mother,yaretzy.loyd@mail.com,5555563459,67014441
Elizabeth,,ham,Mother,elizabeth.ham@mail.com,5555558011,67014442
Cristian,,haight,Mother,cristian.haight@mail.com,5555559925,67014443
Johanna,,bobbitt,Mother,johanna.bobbitt@mail.com,5555563085,67014444
Daneyri,,cordeiro,Mother,daneyri.cordeiro@mail.com,5555557544,67014445
Daniela,,nall,Caregiver,daniela.nall@mail.com,5555563530,67014446
Julie,,keeler,Mother,julie.keeler@mail.com,5555563055,67014447
Ninfa Esmeralda,,east,Mother,ninfa esmeralda.east@mail.com,5555558069,67014448
Estefany,,cheung,Mother,estefany.cheung@mail.com,5555563251,67014449
Amanda,,stratton,Mother,amanda.stratton@mail.com,5555557092,67014450
Amanda,,latta,Mother,amanda.latta@mail.com,5555556035,67014451
Anthony,,montiel,Father,anthony.montiel@mail.com,5555556294,67014452
Denise,,alcaraz,Mother,denise.alcaraz@mail.com,5555562477,67014453
Guadalupe,,yarborough,Mother,guadalupe.yarborough@mail.com,5555560463,67014454
Karla,,moniz,Mother,karla.moniz@mail.com,5555560297,67014455
Karla,,miele,Mother,karla.miele@mail.com,5555560298,67014456
Maria,,langlois,Mother,maria.langlois@mail.com,5555558868,67014457
Nancy,,covert,Mother,nancy.covert@mail.com,5555561520,67014458
Rosalio,,catlett,Father,rosalio.catlett@mail.com,5555561441,67014459
Robert,,matney,Father,robert.matney@mail.com,5555559101,67014460
Jessica,,brister,Mother,jessica.brister@mail.com,5555559334,67014461
Mallely,,timms,Mother,mallely.timms@mail.com,5555560616,67014462
Alma,,ballew,Mother,alma.ballew@mail.com,5555558275,67014463
Nereyda,,correa,Mother,nereyda.correa@mail.com,5555561605,67014464
Anna,,rogers,Mother,anna.rogers@mail.com,5555559654,67014465
Silvia,,weil,Mother,silvia.weil@mail.com,5555562811,67014466
Karen,,rosario,Mother,karen.rosario@mail.com,5555559652,67014467
Adriana,,ruch,Mother,adriana.ruch@mail.com,5555555667,67014468
Angelica,,whittington,Mother,angelica.whittington@mail.com,5555562259,67014469
Bibiana,,brownlee,Mother,bibiana.brownlee@mail.com,5555556694,67014470
Cecilia,,lillard,Grandmother,cecilia.lillard@mail.com,5555557081,67014471
Olivia,,ford,Mother,olivia.ford@mail.com,5555561707,67014472
Jose,,manzano,Father,jose.manzano@mail.com,5555563326,67014473
Daniella,,largent,Mother,daniella.largent@mail.com,5555563581,67014474
Alejandra,,hyland,Mother,alejandra.hyland@mail.com,5555555872,67014475
Mara,,boyce,Mother,mara.boyce@mail.com,5555560652,67014476
Marisol,,beaulieu,Mother,marisol.beaulieu@mail.com,5555560888,67014477
Leticia,,pierson,Mother,leticia.pierson@mail.com,5555560094,67014478
Alejandro,,wojcik,Father,alejandro.wojcik@mail.com,5555563455,67014479
Roxanna,,guerra,Mother,roxanna.guerra@mail.com,5555562250,67014480
Soledad,,knudsen,Grandmother,soledad.knudsen@mail.com,5555563710,67014481
Dora,,madden,Grandmother,dora.madden@mail.com,5555563980,67014482
Graciela,,bocanegra,Mother,graciela.bocanegra@mail.com,5555558711,67014483
Janet,,langley,Mother,janet.langley@mail.com,5555561049,67014484
Karen,,maxson,Mother,karen.maxson@mail.com,5555559657,67014485
Fara,,partin,Mother,fara.partin@mail.com,5555558318,67014486
Gloria,,high,Mother,gloria.high@mail.com,5555558654,67014487
Claudia,,molloy,Mother,claudia.molloy@mail.com,5555560428,67014488
Anna,,bains,Mother,anna.bains@mail.com,5555556278,67014489
Dalila,,tejada,Court Appointed Guardian,dalila.tejada@mail.com,5555557530,67014490
Marah,,elliott,Mother,marah.elliott@mail.com,5555560656,67014491
Alexis,,stribling,Mother,alexis.stribling@mail.com,5555563191,67014492
Maria,,Paz,Mother,maria.paz@mail.com,5555556557,67014493
Samarhi,,dorr,Mother,samarhi.dorr@mail.com,5555559862,67014494
Ashley,,blankenship,Mother,ashley.blankenship@mail.com,5555556464,67014495
Miroslava,,sass,Mother,miroslava.sass@mail.com,5555562788,67014496
Alfonso,,michaels,Father,alfonso.michaels@mail.com,5555563857,67014497
Cristina,,azevedo,Mother,cristina.azevedo@mail.com,5555558087,67014498
Monica,,swett,Mother,monica.swett@mail.com,5555562220,67014499
Jose,,aguirre,Stepfather,jose.aguirre@mail.com,5555564020,67014500
Yovana,,faison,Mother,yovana.faison@mail.com,5555563571,67014501
Reyna,,wynn,Mother,reyna.wynn@mail.com,5555562166,67014502
Israel,,stribling,Father,israel.stribling@mail.com,5555555911,67014503
Reynaldo,,alverez,Father,reynaldo.alverez@mail.com,5555563895,67014504
Stephanie,,rector,Mother,stephanie.rector@mail.com,5555562840,67014505
Jessica,,blackshear,Mother,jessica.blackshear@mail.com,5555559321,67014506
Sheila,,straub,Caregiver,sheila.straub@mail.com,5555564022,67014507
Karen,,dailey,Mother,karen.dailey@mail.com,5555561115,67014508
Priscela,,ballinger,Mother,priscela.ballinger@mail.com,5555562008,67014509
Maria,,ladner,Mother,maria.ladner@mail.com,5555562338,67014510
Stephanie,,luis,Mother,stephanie.luis@mail.com,5555562650,67014511
Lucy,,brush,Mother,lucy.brush@mail.com,5555560393,67014512
Acencion,,travers,Father,acencion.travers@mail.com,5555557027,67014513
Dulce,,toler,Mother,dulce.toler@mail.com,5555562440,67014514
Bianca,,pfister,Caregiver,bianca.pfister@mail.com,5555556691,67014515
Carina,,glisson,Mother,carina.glisson@mail.com,5555559915,67014516
Leslie,,mcmanus,Mother,leslie.mcmanus@mail.com,5555556051,67014517
Vanessa,,rickman,Mother,vanessa.rickman@mail.com,5555563134,67014518
Daisy,,sisk,Mother,daisy.sisk@mail.com,5555557515,67014519
Maria,,jemison,Mother,maria.jemison@mail.com,5555556610,67014520
Roxana,,minter,Mother,roxana.minter@mail.com,5555555743,67014521
Susana,,kiefer,Mother,susana.kiefer@mail.com,5555562881,67014522
Karina,,schram,Mother,karina.schram@mail.com,5555559697,67014523
Crystal,,brodeur,Mother,crystal.brodeur@mail.com,5555557444,67014524
Cecilia,,boughton,Mother,cecilia.boughton@mail.com,5555557072,67014525
Norma,,kerrigan,Mother,norma.kerrigan@mail.com,5555556225,67014526
Norma,,piper,Mother,norma.piper@mail.com,5555556226,67014527
Nataly,,chipman,Caregiver,nataly.chipman@mail.com,5555561543,67014528
Vanessa,,knowlton,Mother,vanessa.knowlton@mail.com,5555563139,67014529
Johana,,gann,Mother,johana.gann@mail.com,5555559461,67014530
Jesus,,burgett,Father,jesus.burgett@mail.com,5555562438,67014531
Diana,,flynn,Mother,diana.flynn@mail.com,5555560498,67014532
Esteban,,chun,Father,esteban.chun@mail.com,5555558211,67014533
Evelin,,hawley,Mother,evelin.hawley@mail.com,5555558250,67014534
Andrea,,soule,Mother,andrea.soule@mail.com,5555556166,67014535
Alba,,cockrell,Mother,alba.cockrell@mail.com,5555555595,67014536
Shakira,,gavin,Mother,shakira.gavin@mail.com,5555558266,67014537
Kelly,,mcdonough,Mother,kelly.mcdonough@mail.com,5555555654,67014538
Miguel,,ruffin,Father,miguel.ruffin@mail.com,5555556362,67014539
Alexandra Judith,,ruhl,Mother,alexandra judith.ruhl@mail.com,5555563394,67014540
Yesenia,,gipson,Mother,yesenia.gipson@mail.com,5555563509,67014541
Karla Figueroa,,rego,Mother,karla figueroa.rego@mail.com,5555559711,67014542
Aylin,,rivera,Agency Representative,aylin.rivera@mail.com,5555563738,67014543
Fernando,,necaise,Father,fernando.necaise@mail.com,5555556745,67014544
Iveth,,karnes,Mother,iveth.karnes@mail.com,5555563742,67014545
Hector Arturo,,kaur,Father,hector arturo.kaur@mail.com,5555558793,67014546
Alexandra,,garnett,Mother,alexandra.garnett@mail.com,5555556020,67014547
Maria,,fitzgerald,Mother,maria.fitzgerald@mail.com,5555556067,67014548
Cynthia,,ambrose,Mother,cynthia.ambrose@mail.com,5555556582,67014549
Sofia,,boulton,Mother,sofia.boulton@mail.com,5555562748,67014550
Cindy,,dutcher,Mother,cindy.dutcher@mail.com,5555557468,67014551
Melissa,,nugent,Mother,melissa.nugent@mail.com,5555563061,67014552
Fernanda,,harrington,Mother,fernanda.harrington@mail.com,5555556488,67014553
Dayanee,,winchester,Mother,dayanee.winchester@mail.com,5555556861,67014554
Sara,,lake,Mother,sara.lake@mail.com,5555560644,67014555
Johana,,edmiston,Mother,johana.edmiston@mail.com,5555559455,67014556
Mairim,,clinton,Mother,mairim.clinton@mail.com,5555560602,67014557
Hilda,,theriot,Mother,hilda.theriot@mail.com,5555558856,67014558
Mayra,,gutierrez,Mother,mayra.gutierrez@mail.com,5555559079,67014559
Vanessa,,gaona,Mother,vanessa.gaona@mail.com,5555563151,67014560
Nancy,,oxford,Mother,nancy.oxford@mail.com,5555558285,67014561
Nancy,,partridge,Mother,nancy.partridge@mail.com,5555558283,67014562
jennifer,,houck,Mother,jennifer.houck@mail.com,5555559289,67014563
Jessica,,loveland,Mother,jessica.loveland@mail.com,5555562804,67014564
Luis,,rivas,Father,luis.rivas@mail.com,5555556018,67014565
Brenda,,tolman,Mother,brenda.tolman@mail.com,5555560891,67014566
Karla,,vidal,Mother,karla.vidal@mail.com,5555559715,67014567
Angelina,,stjohn,Mother,angelina.stjohn@mail.com,5555561170,67014568
Danitza,,dunford,Mother,danitza.dunford@mail.com,5555557871,67014569
Michelle,,messier,Mother,michelle.messier@mail.com,5555558981,67014570
Vannesa,,cordova,Mother,vannesa.cordova@mail.com,5555559486,67014571
Luz,,bugg,Mother,luz.bugg@mail.com,5555558184,67014572
Ricardo,,bonds,Father,ricardo.bonds@mail.com,5555562224,67014573
Noemi,,covert,Mother,noemi.covert@mail.com,5555561494,67014574
Alejandra,,polanco,Mother,alejandra.polanco@mail.com,5555556887,67014575
Nicole,,mcpherson,Mother,nicole.mcpherson@mail.com,5555561629,67014576
Prisma,,dorsey,Mother,prisma.dorsey@mail.com,5555562040,67014577
Sandra,,tiller,Mother,sandra.tiller@mail.com,5555562344,67014578
Aileen,,bare,Mother,aileen.bare@mail.com,5555562956,67014579
Lucero,,sellers,Mother,lucero.sellers@mail.com,5555560375,67014580
Wendy,,peavy,Mother,wendy.peavy@mail.com,5555563364,67014581
Jessie,,vines,Father,jessie.vines@mail.com,5555559314,67014582
Cynthia Vanessa,,mccall,Mother,cynthia vanessa.mccall@mail.com,5555563670,67014583
Eugenia,,flanagan,Mother,eugenia.flanagan@mail.com,5555556105,67014584
Erika,,kozak,Mother,erika.kozak@mail.com,5555557463,67014585
Adriana,,kroeger,Mother,adriana.kroeger@mail.com,5555555703,67014586
Yolanda,,clair,Mother,yolanda.clair@mail.com,5555563564,67014587
Daniela,,ullah,Mother,daniela.ullah@mail.com,5555557546,67014588
Laura,,bieber,Mother,laura.bieber@mail.com,5555559995,67014589
Josefina,,mortimer,Mother,josefina.mortimer@mail.com,5555559524,67014590
Sayra,,munson,Mother,sayra.munson@mail.com,5555560952,67014591
Rocio,,schweitzer,Mother,rocio.schweitzer@mail.com,5555557679,67014592
Gabriela,,marquardt,Mother,gabriela.marquardt@mail.com,5555558471,67014593
Carmina,,agee,Grandmother,carmina.agee@mail.com,5555555895,67014594
Delia,,marshall,Mother,delia.marshall@mail.com,5555563100,67014595
Georgette,,huber,Mother,georgette.huber@mail.com,5555558560,67014596
Alejandro,,elam,Uncle,alejandro.elam@mail.com,5555555923,67014597
Cassandra,,braun,Mother,cassandra.braun@mail.com,5555557064,67014598
Maria,,riaz,Mother,maria.riaz@mail.com,5555560792,67014599
Jaqueline,,mccarter,Mother,jaqueline.mccarter@mail.com,5555559142,67014600
Lina,,mckoy,Mother,lina.mckoy@mail.com,5555559082,67014601
Lorena,,neff,Mother,lorena.neff@mail.com,5555560339,67014602
Jasmine,,meehan,Mother,jasmine.meehan@mail.com,5555557155,67014603
Jamely,,mahaffey,Mother,jamely.mahaffey@mail.com,5555560648,67014604
Alejandra,,colson,Mother,alejandra.colson@mail.com,5555555868,67014605
Yadira,,hargrave,Mother,yadira.hargrave@mail.com,5555563412,67014606
Alondra,,winston,Mother,alondra.winston@mail.com,5555558716,67014607
Karen,,wolfe,Mother,karen.wolfe@mail.com,5555559642,67014608
Stephanie,,schroder,Mother,stephanie.schroder@mail.com,5555562838,67014609
Martha,,lair,Mother,martha.lair@mail.com,5555556369,67014610
Najayra,,reinhardt,Mother,najayra.reinhardt@mail.com,5555561484,67014611
Karina,,longo,Mother,karina.longo@mail.com,5555556275,67014612
Meliza,,rangel,Mother,meliza.rangel@mail.com,5555561091,67014613
ILEAN,,lawson,Mother,ilean.lawson@mail.com,5555556520,67014614
ROSA,,rodrigue,Mother,rosa.rodrigue@mail.com,5555562317,67014615
Luz,,eades,Mother,luz.eades@mail.com,5555560507,67014616
Gloria,,more,Mother,gloria.more@mail.com,5555556993,67014617
Angelita,,carrier,Mother,angelita.carrier@mail.com,5555561758,67014618
Ana,,feller,Mother,ana.feller@mail.com,5555562072,67014619
Luz,,gaitan,Mother,luz.gaitan@mail.com,5555560518,67014620
Karina,,mckay,Mother,karina.mckay@mail.com,5555559690,67014621
Samantha,,treadwell,Mother,samantha.treadwell@mail.com,5555562824,67014622
dayanne,,talbot,Mother,dayanne.talbot@mail.com,5555557833,67014623
Shantall,,haggerty,Mother,shantall.haggerty@mail.com,5555562663,67014624
Tania,,mason,Mother,tania.mason@mail.com,5555562942,67014625
Andrea,,wester,Mother,andrea.wester@mail.com,5555563284,67014626
Cesar,,brower,Father,cesar.brower@mail.com,5555563753,67014627
Irma,,tardiff,Mother,irma.tardiff@mail.com,5555561289,67014628
Monica,,compton,Mother,monica.compton@mail.com,5555561319,67014629
Natalie,,champlin,Mother,natalie.champlin@mail.com,5555561534,67014630
Marcela,,nason,Mother,marcela.nason@mail.com,5555561162,67014631
Leslie,,leigh,Mother,leslie.leigh@mail.com,5555560084,67014632
Nidia,,beeler,Mother,nidia.beeler@mail.com,5555562301,67014633
Dayana,,nazir,Mother,dayana.nazir@mail.com,5555562339,67014634
Karla,,marion,Mother,karla.marion@mail.com,5555559759,67014635
Ricardo,,aviles,Father,ricardo.aviles@mail.com,5555562463,67014636
Maleny,,hupp,Mother,maleny.hupp@mail.com,5555560612,67014637
Stephanie,,wenzel,Mother,stephanie.wenzel@mail.com,5555558698,67014638
Luisa,,south,Mother,luisa.south@mail.com,5555560414,67014639
Shajahira,,hassell,Mother,shajahira.hassell@mail.com,5555562657,67014640
Christina,,corson,Mother,christina.corson@mail.com,5555557220,67014641
Krystal,,mccandless,Mother,krystal.mccandless@mail.com,5555559927,67014642
Maria,,smock,Mother,maria.smock@mail.com,5555560708,67014643
Rodolfo,,martins,Father,rodolfo.martins@mail.com,5555562257,67014644
Melissa,,olivares,Mother,melissa.olivares@mail.com,5555559458,67014645
Vanessa,,jacobo,Mother,vanessa.jacobo@mail.com,5555563147,67014646
Brenda,,ozuna,Mother,brenda.ozuna@mail.com,5555560889,67014647
Daniel,,moorer,Father,daniel.moorer@mail.com,5555556561,67014648
Dania,,maddox,Mother,dania.maddox@mail.com,5555557555,67014649
Gabriela,,stout,Mother,gabriela.stout@mail.com,5555558464,67014650
Pamela,,trotman,Mother,pamela.trotman@mail.com,5555558901,67014651
Esau,,roe,Father,esau.roe@mail.com,5555562280,67014652
Miguel,,jankowski,Stepfather,miguel.jankowski@mail.com,5555562857,67014653
GRETA,,mcallister,Mother,greta.mcallister@mail.com,5555558722,67014654
Natalie,,rohr,Mother,natalie.rohr@mail.com,5555561541,67014655
Alejandra,,mcgowan,Mother,alejandra.mcgowan@mail.com,5555556860,67014656
Johana,,sisco,Mother,johana.sisco@mail.com,5555559454,67014657
Yesenia,,cleveland,Mother,yesenia.cleveland@mail.com,5555563499,67014658
Luis,,bumgarner,Father,luis.bumgarner@mail.com,5555556017,67014659
Mario,,bustos,Father,mario.bustos@mail.com,5555563876,67014660
Raquel,,hammock,Mother,raquel.hammock@mail.com,5555562085,67014661
Erika,,hiles,Mother,erika.hiles@mail.com,5555558132,67014662
Oricelva,,lusk,Mother,oricelva.lusk@mail.com,5555561747,67014663
Clarissa,,lowman,Mother,clarissa.lowman@mail.com,5555557289,67014664
Jose,,mayer,Father,jose.mayer@mail.com,5555556181,67014665
Erika,,gault,Mother,erika.gault@mail.com,5555561912,67014666
Monica,,boyce,Grandmother,monica.boyce@mail.com,5555558395,67014667
Lorenia,,suttles,Mother,lorenia.suttles@mail.com,5555560321,67014668
Sarahi,,mckeown,Mother,sarahi.mckeown@mail.com,5555555621,67014669
Marina,,driscoll,Mother,marina.driscoll@mail.com,5555562203,67014670
Jackeline,,carrico,Mother,jackeline.carrico@mail.com,5555559259,67014671
Diana,,wolcott,Mother,diana.wolcott@mail.com,5555559059,67014672
Karla,,ray,Mother,karla.ray@mail.com,5555559792,67014673
Oscar,,chow,Father,oscar.chow@mail.com,5555561772,67014674
Cynthia,,alanis,Mother,cynthia.alanis@mail.com,5555558418,67014675
Kenya,,castleman,Mother,kenya.castleman@mail.com,5555559832,67014676
Mairim,,zook,Mother,mairim.zook@mail.com,5555560603,67014677
Quikcia Yuridia,,lira,Mother,quikcia yuridia.lira@mail.com,5555563465,67014678
Michelle,,dunlap,Mother,michelle.dunlap@mail.com,5555558982,67014679
Zuleyma,,springs,Mother,zuleyma.springs@mail.com,5555563668,67014680
Isis,,murdoch,Mother,isis.murdoch@mail.com,5555559032,67014681
Abigail,,malone,Mother,abigail.malone@mail.com,5555556159,67014682
DIANA,,pattison,Mother,diana.pattison@mail.com,5555562649,67014684
Luz,,tucci,Mother,luz.tucci@mail.com,5555555662,67014685
Ariel,,light,Stepfather,ariel.light@mail.com,5555556385,67014686
Elsa,,moynihan,Court Appointed Guardian,elsa.moynihan@mail.com,5555558026,67014687
Dana,,lefebvre,Mother,dana.lefebvre@mail.com,5555555998,67014688
Tania,,silvas,Mother,tania.silvas@mail.com,5555562943,67014689
Roberto,,bailey,Father,roberto.bailey@mail.com,5555561669,67014690
Miriam,,eicher,Mother,miriam.eicher@mail.com,5555559179,67014691
Sinead,,hume,Mother,sinead.hume@mail.com,5555562723,67014692
Joanna,,robin,Mother,joanna.robin@mail.com,5555556921,67014693
Zaira,,dell,Mother,zaira.dell@mail.com,5555555958,67014694
Alma,,chancellor,Mother,alma.chancellor@mail.com,5555562090,67014695
Mellissa,,chamberlin,Mother,mellissa.chamberlin@mail.com,5555561094,67014696
Dulce,,hollister,Mother,dulce.hollister@mail.com,5555557850,67014697
Sara,,pires,Mother,sara.pires@mail.com,5555562900,67014698
Cindy,,hutto,Mother,cindy.hutto@mail.com,5555557469,67014699
Alondra,,flack,Mother,alondra.flack@mail.com,5555555999,67014700
Mariana,,gustafson,Mother,mariana.gustafson@mail.com,5555560754,67014701
Sergio,,ottinger,Father,sergio.ottinger@mail.com,5555562643,67014702
Loremy,,melcher,Mother,loremy.melcher@mail.com,5555557651,67014703
Rosa,,carmona,Mother,rosa.carmona@mail.com,5555561037,67014704
Luis,,pridgen,Father,luis.pridgen@mail.com,5555560417,67014705
Vianey,,hammond,Mother,vianey.hammond@mail.com,5555563287,67014706
Jesus,,mapes,Mother,jesus.mapes@mail.com,5555560860,67014707
Almendra,,whitmore,Mother,almendra.whitmore@mail.com,5555555991,67014708
Maricela,,sizemore,Mother,maricela.sizemore@mail.com,5555562961,67014709
Viridiana,,kobayashi,Mother,viridiana.kobayashi@mail.com,5555563314,67014710
Joel,,tibbs,Father,joel.tibbs@mail.com,5555555919,67014711
Kimberly,,irizarry,Mother,kimberly.irizarry@mail.com,5555559874,67014712
Alejandrina,,alvey,Mother,alejandrina.alvey@mail.com,5555559165,67014713
jennifer,,rivers,Mother,jennifer.rivers@mail.com,5555559290,67014714
Ana,,scudder,Mother,ana.scudder@mail.com,5555561994,67014715
Eunice,,ayres,Mother,eunice.ayres@mail.com,5555558236,67014716
Fabiola,,richards,Mother,fabiola.richards@mail.com,5555558290,67014717
Ila,,goodrich,Mother,ila.goodrich@mail.com,5555563620,67014718
Jessica,,bingham,Mother,jessica.bingham@mail.com,5555563445,67014719
Jessie,,jamerson,Father,jessie.jamerson@mail.com,5555559315,67014720
Juana,,ely,Mother,juana.ely@mail.com,5555563495,67014721
Shirey,,knott,Mother,shirey.knott@mail.com,5555556813,67014722
Armando,,hernandez,Father,armando.hernandez@mail.com,5555555581,67014723
Alexa,,mcnair,Mother,alexa.mcnair@mail.com,5555555902,67014724
Cynthia,,vieira,Mother,cynthia.vieira@mail.com,5555557260,67014725
Jeanine,,artis,Mother,jeanine.artis@mail.com,5555562863,67014726
Andrea,,dutton,Mother,andrea.dutton@mail.com,5555556171,67014727
Lupita,,downs,Mother,lupita.downs@mail.com,5555556156,67014728
Veronica,,dvorak,Mother,veronica.dvorak@mail.com,5555563177,67014729
Melissa,,edson,Mother,melissa.edson@mail.com,5555561107,67014730
Roxana,,dozier,Mother,roxana.dozier@mail.com,5555562386,67014731
Sandy,,messenger,Mother,sandy.messenger@mail.com,5555562564,67014732
Josue,,cahoon,Stepfather,josue.cahoon@mail.com,5555558073,67014733
Jazmin,,martinelli,Mother,jazmin.martinelli@mail.com,5555557108,67014734
Lilliana,,zapata,Mother,lilliana.zapata@mail.com,5555560172,67014735
ana,,richie,Mother,ana.richie@mail.com,5555556318,67014736
Deyanira,,enright,Mother,deyanira.enright@mail.com,5555557703,67014737
Fernanda,,carmona,Mother,fernanda.carmona@mail.com,5555556486,67014738
Wesly,,ledbetter,Mother,wesly.ledbetter@mail.com,5555560647,67014739
Cevero,,storey,Father,cevero.storey@mail.com,5555563943,67014740
Martha,,ash,Mother,martha.ash@mail.com,5555556370,67014741
Rafael,,pettigrew,Father,rafael.pettigrew@mail.com,5555563837,67014742
Jasary,,franklin,Mother,jasary.franklin@mail.com,5555559211,67014743
Diego,,bibb,Father,diego.bibb@mail.com,5555557771,67014744
Angela,,bertrand,Mother,angela.bertrand@mail.com,5555556881,67014745
Lucero,,selby,Mother,lucero.selby@mail.com,5555560431,67014746
Eliseo,,wainwright,Father,eliseo.wainwright@mail.com,5555557995,67014747
Lizbeth,,albrecht,Mother,lizbeth.albrecht@mail.com,5555560244,67014748
Karla,,koehler,Mother,karla.koehler@mail.com,5555562383,67014749
judith,,caputo,Mother,judith.caputo@mail.com,5555555842,67014750
Diana,,flower,Mother,diana.flower@mail.com,5555559017,67014751
Alejandra,,mcloughlin,Mother,alejandra.mcloughlin@mail.com,5555556514,67014752
Virginia,,sasser,Mother,virginia.sasser@mail.com,5555561625,67014753
Nithzy,,mathes,Mother,nithzy.mathes@mail.com,5555556352,67014754
Elizabeth,,isom,Mother,elizabeth.isom@mail.com,5555560368,67014755
Blanca,,hovis,Mother,blanca.hovis@mail.com,5555556716,67014756
Luz,,hiatt,Mother,luz.hiatt@mail.com,5555560506,67014757
Maria,,stroman,Mother,maria.stroman@mail.com,5555560779,67014758
Dayana,,beattie,Mother,dayana.beattie@mail.com,5555562340,67014759
Elizabeth,,pharr,Mother,elizabeth.pharr@mail.com,5555557972,67014760
Diego,,faber,Father,diego.faber@mail.com,5555563067,67014761
Diego,,cates,Father,diego.cates@mail.com,5555563066,67014762
Jazmin,,seiber,Mother,jazmin.seiber@mail.com,5555559246,67014763
Kristina,,delacruz,Mother,kristina.delacruz@mail.com,5555559917,67014764
Ricardo,,crayton,Father,ricardo.crayton@mail.com,5555562462,67014765
Kenia,,galan,Mother,kenia.galan@mail.com,5555557037,67014766
Elsa,,jefferies,Court Appointed Guardian,elsa.jefferies@mail.com,5555558027,67014767
Emmanuel,,woodman,Father,emmanuel.woodman@mail.com,5555555583,67014768
Salvador,,mohammad,Stepfather,salvador.mohammad@mail.com,5555563789,67014769
Jasmine,,woodbury,Mother,jasmine.woodbury@mail.com,5555559215,67014770
Keren,,coles,Mother,keren.coles@mail.com,5555559846,67014771
Lizbeth,,hostetler,Mother,lizbeth.hostetler@mail.com,5555561717,67014772
Francisco,,partin,Father,francisco.partin@mail.com,5555558386,67014773
Juan,,irizarry,Father,juan.irizarry@mail.com,5555563975,67014774
Ana,,presley,Mother,ana.presley@mail.com,5555561993,67014775
Ernesto,,woodcock,Father,ernesto.woodcock@mail.com,5555558166,67014776
David,,blythe,Father,david.blythe@mail.com,5555557505,67014777
Fernanda,,harding,Mother,fernanda.harding@mail.com,5555558372,67014778
Fernanda,,oconnell,Mother,fernanda.oconnell@mail.com,5555558373,67014779
Aida,,mondragon,Mother,aida.mondragon@mail.com,5555555771,67014780
Dania,,warnock,Mother,dania.warnock@mail.com,5555557556,67014781
Enrique,,hazel,Father,enrique.hazel@mail.com,5555558098,67014782
Carmen,,witham,Mother,carmen.witham@mail.com,5555562150,67014783
Alejandra,,worthen,Mother,alejandra.worthen@mail.com,5555555883,67014784
Lizzette,,patrick,Mother,lizzette.patrick@mail.com,5555561973,67014785
Priscila,,melo,Mother,priscila.melo@mail.com,5555559894,67014786
Claudia,,vaught,Mother,claudia.vaught@mail.com,5555557315,67014787
America,,rains,Mother,america.rains@mail.com,5555556055,67014788
Cynthia,,pulliam,Mother,cynthia.pulliam@mail.com,5555557038,67014789
Nadia,,appel,Mother,nadia.appel@mail.com,5555561473,67014790
Gloria,,hardeman,Mother,gloria.hardeman@mail.com,5555558666,67014791
Nuria,,cooley,Mother,nuria.cooley@mail.com,5555556905,67014792
Rodrigo,,lord,Father,rodrigo.lord@mail.com,5555562410,67014793
Sandy,,croft,Mother,sandy.croft@mail.com,5555562563,67014794
Juan,,forsythe,Father,juan.forsythe@mail.com,5555561745,67014795
Monica,,spooner,Multiple Parents/Guardians/Caretakers,monica.spooner@mail.com,5555561309,67014796
Loremy,,dias,Mother,loremy.dias@mail.com,5555557650,67014797
Brenda,,takahashi,Mother,brenda.takahashi@mail.com,5555556787,67014798
Gloria,,millet,Mother,gloria.millet@mail.com,5555556992,67014799
Adriana,,nesbit,Mother,adriana.nesbit@mail.com,5555555681,67014800
Edgar,,nino,Family Member,edgar.nino@mail.com,5555557899,67014801
Johana,,whatley,Mother,johana.whatley@mail.com,5555559456,67014802
KARLA,,brittain,Mother,karla.brittain@mail.com,5555559891,67014803
Ana,,wimmer,Mother,ana.wimmer@mail.com,5555556146,67014804
Braulia,,shanklin,Grandmother,braulia.shanklin@mail.com,5555556759,67014805
Diana,,blum,Mother,diana.blum@mail.com,5555557539,67014806
Eugenia,,neuman,Mother,eugenia.neuman@mail.com,5555556107,67014807
Oscar,,keane,Father,oscar.keane@mail.com,5555561771,67014808
Natalie,,ma,Mother,natalie.ma@mail.com,5555561540,67014809
Trinidad,,sweet,Father,trinidad.sweet@mail.com,5555557865,67014810
Caccius,,roney,Father,caccius.roney@mail.com,5555563805,67014811
Ila,,strait,Mother,ila.strait@mail.com,5555563621,67014812
Jennifer,,perrin,Mother,jennifer.perrin@mail.com,5555559288,67014813
Magdalena,,evans,Mother,magdalena.evans@mail.com,5555563336,67014814
Jacqueline,,federico,Mother,jacqueline.federico@mail.com,5555563333,67014815
Janet,,irvine,Mother,janet.irvine@mail.com,5555559171,67014816
Sylvana,,needham,Mother,sylvana.needham@mail.com,5555562909,67014817
Brenda,,luck,Mother,brenda.luck@mail.com,5555562170,67014818
Michelle,,peel,Family Member,michelle.peel@mail.com,5555558980,67014819
Marina,,palladino,Mother,marina.palladino@mail.com,5555562298,67014820
Fernando,,elmore,Father,fernando.elmore@mail.com,5555559069,67014821
Leonardo,,hardy,Father,leonardo.hardy@mail.com,5555561803,67014822
Leonardo,,deakin,Father,leonardo.deakin@mail.com,5555561804,67014823
Jaqueline,,mulvey,Mother,jaqueline.mulvey@mail.com,5555563423,67014824
Ana,,koller,Mother,ana.koller@mail.com,5555556083,67014825
nora,,kyles,Mother,nora.kyles@mail.com,5555561673,67014826
Christian,,werner,Father,christian.werner@mail.com,5555557280,67014827
Marlin,,curtiss,Mother,marlin.curtiss@mail.com,5555562142,67014828
Priscilla,,barber,Mother,priscilla.barber@mail.com,5555562036,67014829
Stephanie,,ashworth,Mother,stephanie.ashworth@mail.com,5555562796,67014830
Jessyca,,mercier,Mother,jessyca.mercier@mail.com,5555559341,67014831
Luis,,hubbell,Father,luis.hubbell@mail.com,5555562237,67014832
Monserrat,,stock,Mother,monserrat.stock@mail.com,5555561336,67014833
Denisse,,briggs,Mother,denisse.briggs@mail.com,5555557683,67014834
Lorena,,mott,Mother,lorena.mott@mail.com,5555560335,67014835
JENIFFER,,durham,Mother,jeniffer.durham@mail.com,5555555578,67014836
Miriam,,dutton,Mother,miriam.dutton@mail.com,5555559177,67014837
Sonia,,cumming,Mother,sonia.cumming@mail.com,5555562782,67014838
Bianca,,doran,Mother,bianca.doran@mail.com,5555556693,67014839
Cynthia,,slaughter,Mother,cynthia.slaughter@mail.com,5555555732,67014840
Edna,,bagby,Mother,edna.bagby@mail.com,5555555559,67014841
Evelyn,,wertz,Mother,evelyn.wertz@mail.com,5555558243,67014842
Iris,,kehoe,Mother,iris.kehoe@mail.com,5555558979,67014843
Marisol,,slone,Mother,marisol.slone@mail.com,5555562867,67014844
mercedes,,fenwick,Grandmother,mercedes.fenwick@mail.com,5555559595,67014845
Aide,,dorris,Mother,aide.dorris@mail.com,5555560478,67014846
Merani,,rand,Mother,merani.rand@mail.com,5555561128,67014847
Marlene,,finger,Mother,marlene.finger@mail.com,5555560865,67014848
Hilda,,mixon,Mother,hilda.mixon@mail.com,5555558857,67014849
Veronica,,farina,Mother,veronica.farina@mail.com,5555563236,67014850
Cynthia,,cousins,Mother,cynthia.cousins@mail.com,5555561836,67014851
Nidia,,loudermilk,Mother,nidia.loudermilk@mail.com,5555562299,67014852
Ariel,,kemper,Stepfather,ariel.kemper@mail.com,5555556386,67014853
Cristian,,lum,Father,cristian.lum@mail.com,5555563180,67014854
Rosa,,whitson,Mother,rosa.whitson@mail.com,5555559182,67014855
Erik,,marlow,Stepfather,erik.marlow@mail.com,5555558153,67014856
Edna,,roth,Stepmother,edna.roth@mail.com,5555555556,67014857
Pedro,,mcknight,Father,pedro.mcknight@mail.com,5555561895,67014858
Sandra,,knight,Mother,sandra.knight@mail.com,5555562558,67014859
Brenda,,haro,Mother,brenda.haro@mail.com,5555556796,67014860
Juan,,bolt,Stepfather,juan.bolt@mail.com,5555559579,67014861
Danitza,,wharton,Mother,danitza.wharton@mail.com,5555557870,67014862
Johana Andrea,,haynes,Mother,johana andrea.haynes@mail.com,5555559451,67014863
Raquel,,scarbrough,Mother,raquel.scarbrough@mail.com,5555562240,67014864
sonia,,bull,Mother,sonia.bull@mail.com,5555561245,67014865
Sonia,,lea,Mother,sonia.lea@mail.com,5555561243,67014866
Krystal,,stpierre,Mother,krystal.stpierre@mail.com,5555559928,67014867
Brenda,,spivey,Mother,brenda.spivey@mail.com,5555560890,67014868
Nancy,,audet,Mother,nancy.audet@mail.com,5555561575,67014869
Esther,,tennant,Mother,esther.tennant@mail.com,5555558224,67014870
Cindy,,marriott,Mother,cindy.marriott@mail.com,5555557240,67014871
Ana,,kuykendall,Mother,ana.kuykendall@mail.com,5555556123,67014872
Roberto,,appling,Father,roberto.appling@mail.com,5555562233,67014873
Luz,,hendrickson,Mother,luz.hendrickson@mail.com,5555557953,67014874
Joshua,,mcauley,Father,joshua.mcauley@mail.com,5555559516,67014875
Melissa,,dibble,Mother,melissa.dibble@mail.com,5555561065,67014876
Robert,,browning,Father,robert.browning@mail.com,5555560965,67014877
Leticia,,vannoy,Mother,leticia.vannoy@mail.com,5555560101,67014878
Edgar,,koerner,Family Member,edgar.koerner@mail.com,5555557900,67014879
Maria,,clyburn,Mother,maria.clyburn@mail.com,5555560540,67014880
Alejandra,,russell,Mother,alejandra.russell@mail.com,5555555867,67014881
Maria,,boyles,Mother,maria.boyles@mail.com,5555558325,67014882
Andrea,,scully,Mother,andrea.scully@mail.com,5555556178,67014883
Luis,,turney,Father,luis.turney@mail.com,5555560154,67014884
Yuri,,macy,Mother,yuri.macy@mail.com,5555563602,67014885
Nancy,,ruppert,Mother,nancy.ruppert@mail.com,5555559960,67014886
Johnny,,colin,Father,johnny.colin@mail.com,5555563919,67014887
Almendra,,agee,Mother,almendra.agee@mail.com,5555555992,67014888
ROSA,,nakano,Mother,rosa.nakano@mail.com,5555562316,67014889
Natalie,,springs,Mother,natalie.springs@mail.com,5555561539,67014890
Magdalena,,jennings,Mother,magdalena.jennings@mail.com,5555555909,67014891
Rosemary,,clark,Mother,rosemary.clark@mail.com,5555562353,67014892
Narda,,blackwood,Mother,narda.blackwood@mail.com,5555561531,67014893
Karla,,chew,Mother,karla.chew@mail.com,5555559708,67014894
Cynthia,,bramlett,Mother,cynthia.bramlett@mail.com,5555555731,67014895
Marina,,becnel,Mother,marina.becnel@mail.com,5555562202,67014896
Jennifer,,chester,Mother,jennifer.chester@mail.com,5555559275,67014897
Jasmine,,shanahan,Mother,jasmine.shanahan@mail.com,5555557153,67014898
Miriam,,waugh,Mother,miriam.waugh@mail.com,5555561163,67014899
Lucero,,colvin,Mother,lucero.colvin@mail.com,5555560432,67014900
Lisette,,bourassa,Mother,lisette.bourassa@mail.com,5555560221,67014901
Monica,,zelaya,Mother,monica.zelaya@mail.com,5555561305,67014902
Ricardo,,grimm,Father,ricardo.grimm@mail.com,5555561916,67014903
Mayra,,falls,Mother,mayra.falls@mail.com,5555559081,67014904
Karla,,carmona,Mother,karla.carmona@mail.com,5555559791,67014905
Monica,,phifer,Mother,monica.phifer@mail.com,5555561326,67014906
Melissa,,usher,Mother,melissa.usher@mail.com,5555563060,67014907
Karla,,paradis,Mother,karla.paradis@mail.com,5555559713,67014908
Esther,,israel,Mother,esther.israel@mail.com,5555558223,67014909
Alexis,,paulk,Mother,alexis.paulk@mail.com,5555555891,67014910
Adriana,,gatto,Mother,adriana.gatto@mail.com,5555555711,67014911
Samantha,,curiel,Mother,samantha.curiel@mail.com,5555562654,67014912
Rocio,,kinney,Mother,rocio.kinney@mail.com,5555557678,67014913
Oricelva,,saiz,Mother,oricelva.saiz@mail.com,5555561746,67014914
Gomez,,purvis,Mother,gomez.purvis@mail.com,5555560106,67014915
Alexis,,jewell,Mother,alexis.jewell@mail.com,5555555890,67014916
America,,larkin,Mother,america.larkin@mail.com,5555560882,67014917
Fernando,,huffman,Father,fernando.huffman@mail.com,5555559070,67014918
judith,,mcclanahan,Mother,judith.mcclanahan@mail.com,5555555843,67014919
Karina,,jamison,Mother,karina.jamison@mail.com,5555557111,67014920
Janett,,severson,Mother,janett.severson@mail.com,5555562969,67014921
Sergio,,ong,Father,sergio.ong@mail.com,5555557006,67014922
Joanna,,massa,Mother,joanna.massa@mail.com,5555558850,67014923
Nancy,,neville,Mother,nancy.neville@mail.com,5555556404,67014924
Karla,,guffey,Mother,karla.guffey@mail.com,5555556109,67014925
Brenda,,poulin,Mother,brenda.poulin@mail.com,5555556788,67014926
Julia,,bourne,Mother,julia.bourne@mail.com,5555559601,67014927
Margarita,,calabrese,Mother,margarita.calabrese@mail.com,5555556658,67014928
Guadalupe,,lemoine,Grandfather,guadalupe.lemoine@mail.com,5555558106,67014929
Tony,,poulin,Father,tony.poulin@mail.com,5555561982,67014930
Diana,,whyte,Mother,diana.whyte@mail.com,5555559018,67014931
Dayana,,lough,Mother,dayana.lough@mail.com,5555562341,67014932
Israel,,rosenblum,Father,israel.rosenblum@mail.com,5555557782,67014933
Dulce,,wylie,Mother,dulce.wylie@mail.com,5555557854,67014934
Aurelio,,messick,Father,aurelio.messick@mail.com,5555563532,67014935
Alma,,westcott,Mother,alma.westcott@mail.com,5555562089,67014936
Sandra,,knutson,Mother,sandra.knutson@mail.com,5555562550,67014937
Blanca,,mata,Mother,blanca.mata@mail.com,5555556717,67014938
Kelen,,hill,Mother,kelen.hill@mail.com,5555559819,67014939
Jessie,,jaynes,Father,jessie.jaynes@mail.com,5555559312,67014940
Abigail,,saad,Mother,abigail.saad@mail.com,5555556160,67014941
Laura,,hargrave,Mother,laura.hargrave@mail.com,5555559999,67014942
Miguel,,mojica,Stepfather,miguel.mojica@mail.com,5555562856,67014943
Cindy,,sierra,Mother,cindy.sierra@mail.com,5555563430,67014944
Jessica,,lazo,Mother,jessica.lazo@mail.com,5555562803,67014945
Stefania,,hilbert,Mother,stefania.hilbert@mail.com,5555562898,67014946
Justina,,wilkes,Mother,justina.wilkes@mail.com,5555559624,67014947
Blanca,,pence,Mother,blanca.pence@mail.com,5555557428,67014948
Jenee,,hunter,Mother,jenee.hunter@mail.com,5555563389,67014949
Gerardo,,madrigal,Father,gerardo.madrigal@mail.com,5555558569,67014950
Helen,,garver,Mother,helen.garver@mail.com,5555558814,67014951
Cynthia,,ivey,Mother,cynthia.ivey@mail.com,5555561835,67014952
Fanny,,neri,Mother,fanny.neri@mail.com,5555558310,67014953
Janatan,,eddy,Mother,janatan.eddy@mail.com,5555559562,67014954
Raul,,crockett,Father,raul.crockett@mail.com,5555564029,67014955
CLAUDIA LIZETH,,cantu,Mother,claudia lizeth.cantu@mail.com,5555559886,67014956
Ashley,,young,Mother,ashley.young@mail.com,5555556448,67014957
Adriana,,linville,Mother,adriana.linville@mail.com,5555555691,67014958
Alma,,grigsby,Mother,alma.grigsby@mail.com,5555563007,67014959
Maria,,pannell,Stepmother,maria.pannell@mail.com,5555559478,67014960
Elsa,,kremer,Court Appointed Guardian,elsa.kremer@mail.com,5555558029,67014961
Roberto,,emmert,Father,roberto.emmert@mail.com,5555561668,67014962
Mayra,,masters,Mother,mayra.masters@mail.com,5555561463,67014963
Erik,,lieberman,Stepfather,erik.lieberman@mail.com,5555558154,67014964
Magdalena,,clemens,Mother,magdalena.clemens@mail.com,5555557043,67014965
Nathanael,,whitacre,Father,nathanael.whitacre@mail.com,5555561917,67014966
Angela,,whitten,Mother,angela.whitten@mail.com,5555556197,67014967
Laura,,heisler,Mother,laura.heisler@mail.com,5555560008,67014968
KyungJin,,puente,Mother,kyungjin.puente@mail.com,5555562730,67014969
Jose,,fussell,Father,jose.fussell@mail.com,5555563047,67014970
EDITH,,koerner,Mother,edith.koerner@mail.com,5555557913,67014971
Maria,,steiner,Mother,maria.steiner@mail.com,5555560807,67014972
Raquel,,cardoza,Mother,raquel.cardoza@mail.com,5555562239,67014973
Pennina,,hartzell,Mother,pennina.hartzell@mail.com,5555561903,67014974
Juana,,dee,Mother,juana.dee@mail.com,5555563496,67014975
Maria,,mclain,Grandmother,maria.mclain@mail.com,5555560928,67014976
Sonia,,grooms,Mother,sonia.grooms@mail.com,5555562774,67014977
Miriam,,delano,Mother,miriam.delano@mail.com,5555561223,67014978
Nidia,,seibert,Mother,nidia.seibert@mail.com,5555559947,67014979
Alma,,yager,Mother,alma.yager@mail.com,5555562394,67014980
Adriana,,fisk,Mother,adriana.fisk@mail.com,5555555698,67014981
Lucrecia,,scribner,Mother,lucrecia.scribner@mail.com,5555560407,67014982
Yaxiri,,tejada,Mother,yaxiri.tejada@mail.com,5555562302,67014983
Monica,,massengale,Mother,monica.massengale@mail.com,5555561318,67014984
Eida,,shoop,Mother,eida.shoop@mail.com,5555558276,67014985
Sofia,,lira,Mother,sofia.lira@mail.com,5555562758,67014986
Dana,,tobin,Mother,dana.tobin@mail.com,5555555997,67014987
Leovy,,mccoy,Caregiver,leovy.mccoy@mail.com,5555563955,67014988
Jenee,,depew,Mother,jenee.depew@mail.com,5555563387,67014989
Minerva,,lipsey,Mother,minerva.lipsey@mail.com,5555561212,67014990
Crisoforo,,trombley,Father,crisoforo.trombley@mail.com,5555563954,67014991
Erika,,bayless,Mother,erika.bayless@mail.com,5555558139,67014992
Nuria,,adamson,Mother,nuria.adamson@mail.com,5555556906,67014993
Janet,,bish,Mother,janet.bish@mail.com,5555559172,67014994
Omayra,,monge,Mother,omayra.monge@mail.com,5555561739,67014995
Zaida,,cate,Mother,zaida.cate@mail.com,5555563626,67014996
Bianca,,ambriz,Mother,bianca.ambriz@mail.com,5555556692,67014997
Joanna,,camp,Mother,joanna.camp@mail.com,5555556920,67014998
Veronica,,kirkwood,Mother,veronica.kirkwood@mail.com,5555563176,67014999
Zendi,,batchelor,Mother,zendi.batchelor@mail.com,5555563647,67015000
Gabriel,,mulkey,Father,gabriel.mulkey@mail.com,5555558588,67015001
Andrea,,shank,Mother,andrea.shank@mail.com,5555563285,67015002
Lisamarie,,gaona,Mother,lisamarie.gaona@mail.com,5555560110,67015003
Yolanda,,irby,Mother,yolanda.irby@mail.com,5555563557,67015004
Tzujey,,combs,Mother,tzujey.combs@mail.com,5555563068,67015005
Cindy,,horvath,Mother,cindy.horvath@mail.com,5555557243,67015006
Evangelina,,crutcher,Mother,evangelina.crutcher@mail.com,5555558269,67015007
Danira,,jardine,Mother,danira.jardine@mail.com,5555557579,67015008
Claudia,,roddy,Mother,claudia.roddy@mail.com,5555557303,67015009
Daniela,,obryan,Mother,daniela.obryan@mail.com,5555557545,67015010
Rigoberto,,liu,Father,rigoberto.liu@mail.com,5555562198,67015011
Jessica,,banuelos,Mother,jessica.banuelos@mail.com,5555563447,67015012
Fernanda,,whitfield,Mother,fernanda.whitfield@mail.com,5555556487,67015013
Maria,,ashley,Mother,maria.ashley@mail.com,5555560483,67015014
Kecia,,gerlach,Mother,kecia.gerlach@mail.com,5555559634,67015015
Jessica,,crawley,Mother,jessica.crawley@mail.com,5555560355,67015016
Mellissa,,parnell,Mother,mellissa.parnell@mail.com,5555561095,67015017
Jaqueline,,anderton,Mother,jaqueline.anderton@mail.com,5555559143,67015018
Carlos,,teel,Grandfather,carlos.teel@mail.com,5555556969,67015019
Carla,,gatlin,Mother,carla.gatlin@mail.com,5555556943,67015020
Sandra,,mallett,Mother,sandra.mallett@mail.com,5555561857,67015021
David,,fabian,Father,david.fabian@mail.com,5555561525,67015022
Adriana,,mazur,Mother,adriana.mazur@mail.com,5555555702,67015023
Jezeth,,bunn,Mother,jezeth.bunn@mail.com,5555563038,67015024
Jezeth,,godfrey,Mother,jezeth.godfrey@mail.com,5555563037,67015025
Stephanie,,herrick,Mother,stephanie.herrick@mail.com,5555563471,67015026
Eleazar,,casares,Grandfather,eleazar.casares@mail.com,5555564039,67015027
Jonathan,,frame,Father,jonathan.frame@mail.com,5555559556,67015028
MariaElena,,chau,Mother,mariaelena.chau@mail.com,5555557949,67015029
Leticia,,riordan,Mother,leticia.riordan@mail.com,5555558383,67015030
Pamela,,delgado,Mother,pamela.delgado@mail.com,5555558903,67015031
Sinead,,larochelle,Mother,sinead.larochelle@mail.com,5555562724,67015032
Belem,,barney,Mother,belem.barney@mail.com,5555555832,67015033
Jasary,,strobel,Mother,jasary.strobel@mail.com,5555559210,67015034
Ana,,damon,Mother,ana.damon@mail.com,5555556076,67015035
Perlita,,nagle,Mother,perlita.nagle@mail.com,5555561942,67015036
Christina,,stickney,Mother,christina.stickney@mail.com,5555557219,67015037
Laura,,mullis,Mother,laura.mullis@mail.com,5555560022,67015038
Jenny,,wozniak,Mother,jenny.wozniak@mail.com,5555559296,67015039
Karina,,brothers,Mother,karina.brothers@mail.com,5555557110,67015040
Lilliana,,fuller,Mother,lilliana.fuller@mail.com,5555560171,67015041
Maria del,,poindexter,Mother,maria del.poindexter@mail.com,5555560728,67015042
Brenda,,wold,Mother,brenda.wold@mail.com,5555557071,67015043
Jorge,,ingraham,Father,jorge.ingraham@mail.com,5555558705,67015044
Claudia,,thoma,Mother,claudia.thoma@mail.com,5555559793,67015045
Isaac,,hipp,Father,isaac.hipp@mail.com,5555563823,67015046
Karen,,hudgins,Mother,karen.hudgins@mail.com,5555559670,67015047
Karen,,beardsley,Mother,karen.beardsley@mail.com,5555559669,67015048
Blanca,,bethel,Mother,blanca.bethel@mail.com,5555558200,67015049
Iris,,linn,Mother,iris.linn@mail.com,5555558977,67015050
Claudia,,hatchett,Mother,claudia.hatchett@mail.com,5555557882,67015051
Cinthia,,aaron,Mother,cinthia.aaron@mail.com,5555556016,67015052
Luis,,raleigh,Father,luis.raleigh@mail.com,5555560418,67015053
Jiankang,,rauch,Father,jiankang.rauch@mail.com,5555557888,67015054
Stephanie,,bergeron,Mother,stephanie.bergeron@mail.com,5555562837,67015055
Zaira,,glidewell,Mother,zaira.glidewell@mail.com,5555557199,67015056
Gabriel,,parmer,Father,gabriel.parmer@mail.com,5555558488,67015057
Jazmin,,sommers,Mother,jazmin.sommers@mail.com,5555559243,67015058
Nishmeth,,field,Mother,nishmeth.field@mail.com,5555561646,67015059
Raul,,behr,Father,raul.behr@mail.com,5555563941,67015060
Martin,,hensley,Father,martin.hensley@mail.com,5555561792,67015061
Stefania,,bergmann,Mother,stefania.bergmann@mail.com,5555562899,67015062
Gerardo,,pride,Father,gerardo.pride@mail.com,5555558570,67015063
Andrea,,tew,Mother,andrea.tew@mail.com,5555563931,67015064
Maria De Los Angeles,,russo,Mother,maria de los angeles.russo@mail.com,5555560707,67015065
Angela,,tucker,Mother,angela.tucker@mail.com,5555556199,67015066
Myriam,,small,Mother,myriam.small@mail.com,5555561458,67015067
Maria Guadalupe,,chevalier,Mother,maria guadalupe.chevalier@mail.com,5555562522,67015068
Fanny,,cordell,Mother,fanny.cordell@mail.com,5555558311,67015069
Maria,,middleton,Grandmother,maria.middleton@mail.com,5555563662,67015070
Mayra Berenice,,mccloud,Mother,mayra berenice.mccloud@mail.com,5555561361,67015071
Elsa,,brink,Court Appointed Guardian,elsa.brink@mail.com,5555558028,67015072
Silvia,,pinto,Mother,silvia.pinto@mail.com,5555557680,67015073
Joanna,,polley,Mother,joanna.polley@mail.com,5555559425,67015074
Rosalinda,,stauffer,Mother,rosalinda.stauffer@mail.com,5555556418,67015075
Sara,,cruz,Mother,sara.cruz@mail.com,5555560645,67015076
Angela,,dingle,Mother,angela.dingle@mail.com,5555556198,67015077
Ana,,langlois,Mother,ana.langlois@mail.com,5555555599,67015078
KyungJin,,barry,Mother,kyungjin.barry@mail.com,5555562731,67015079
Angeles,,summers,Mother,angeles.summers@mail.com,5555556201,67015080
Jose A.,,salter,Father,jose a..salter@mail.com,5555559489,67015081
Ohara,,carey,Mother,ohara.carey@mail.com,5555558627,67015082
Alicia,,keith,Mother,alicia.keith@mail.com,5555561960,67015083
Alicia,,palumbo,Mother,alicia.palumbo@mail.com,5555561961,67015084
Martha,,riffe,Mother,martha.riffe@mail.com,5555562527,67015085
Diana,,sutton,Mother,diana.sutton@mail.com,5555562069,67015086
Claudia,,kilmer,Mother,claudia.kilmer@mail.com,5555560275,67015087
Rosalia,,milner,Mother,rosalia.milner@mail.com,5555562357,67015088
Maria,,browder,Mother,maria.browder@mail.com,5555560470,67015089
Gabriel,,mckinley,Father,gabriel.mckinley@mail.com,5555558589,67015090
Amalia,,lebron,Mother,amalia.lebron@mail.com,5555556034,67015091
Rosalia,,coffin,Mother,rosalia.coffin@mail.com,5555563345,67015092
Angie,,kunz,Mother,angie.kunz@mail.com,5555555646,67015093
Rafael,,marlow,Father,rafael.marlow@mail.com,5555562253,67015094
Brenda,,cleaver,Mother,brenda.cleaver@mail.com,5555562171,67015095
Yolozochitl,,moten,Mother,yolozochitl.moten@mail.com,5555563561,67015096
Sulema,,donovan,Mother,sulema.donovan@mail.com,5555557228,67015097
Jessica,,bourgeois,Mother,jessica.bourgeois@mail.com,5555562805,67015098
Edna,,gailey,Mother,edna.gailey@mail.com,5555557634,67015099
Leticia,,estevez,Mother,leticia.estevez@mail.com,5555560102,67015100
Priscilla,,easley,Mother,priscilla.easley@mail.com,5555562031,67015101
Liliana,,vanhouten,Mother,liliana.vanhouten@mail.com,5555560824,67015102
Karla,,lepage,Mother,karla.lepage@mail.com,5555559720,67015103
Elizabeth,,castillo,Mother,elizabeth.castillo@mail.com,5555558060,67015104
Cindy,,curran,Mother,cindy.curran@mail.com,5555557241,67015105
Virginia,,monson,Mother,virginia.monson@mail.com,5555561624,67015106
Joanna,,myles,Mother,joanna.myles@mail.com,5555558849,67015107
Angel,,ivie,Father,angel.ivie@mail.com,5555564001,67015108
Ana,,pannell,Mother,ana.pannell@mail.com,5555555733,67015109
Javier Enrique,,randell,Father,javier enrique.randell@mail.com,5555558928,67015110
Jasmine,,bolen,Mother,jasmine.bolen@mail.com,5555557154,67015111
Jasmine,,schaeffer,Mother,jasmine.schaeffer@mail.com,5555557152,67015112
Blanca,,comeau,Mother,blanca.comeau@mail.com,5555558199,67015113
Isis,,desimone,Mother,isis.desimone@mail.com,5555559038,67015114
Luz,,bachman,Mother,luz.bachman@mail.com,5555557951,67015115
Gabriela,,bratcher,Mother,gabriela.bratcher@mail.com,5555558465,67015116
Leonardo,,leland,Father,leonardo.leland@mail.com,5555563790,67015117
Lorena,,shores,Mother,lorena.shores@mail.com,5555560296,67015118
Jackeline,,pang,Mother,jackeline.pang@mail.com,5555559121,67015119
Diane,,lindstrom,Mother,diane.lindstrom@mail.com,5555557022,67015120
Carla,,gill,Mother,carla.gill@mail.com,5555556945,67015121
Aurora,,raleigh,Mother,aurora.raleigh@mail.com,5555561432,67015122
Johana,,ethridge,Mother,johana.ethridge@mail.com,5555559457,67015123
Veronica,,connelly,Mother,veronica.connelly@mail.com,5555563223,67015124
Josefina,,hodge,Mother,josefina.hodge@mail.com,5555559523,67015125
Diana,,brice,Mother,diana.brice@mail.com,5555557607,67015126
Diana,,olmstead,Mother,diana.olmstead@mail.com,5555557606,67015127
Sylvia,,leverett,Mother,sylvia.leverett@mail.com,5555562903,67015128
Kecia,,pedroza,Mother,kecia.pedroza@mail.com,5555559633,67015129
Bertha,,bernardo,Mother,bertha.bernardo@mail.com,5555556870,67015130
Suhail,,caudill,Mother,suhail.caudill@mail.com,5555562865,67015131
Jaqueline,,coughlin,Mother,jaqueline.coughlin@mail.com,5555563424,67015132
Elsa,,roebuck,Court Appointed Guardian,elsa.roebuck@mail.com,5555558030,67015133
Veronica,,harkins,Mother,veronica.harkins@mail.com,5555563237,67015134
Angel,,dickinson,Father,angel.dickinson@mail.com,5555559998,67015135
Tomasa,,place,Mother,tomasa.place@mail.com,5555563025,67015136
Raquel,,archibald,Mother,raquel.archibald@mail.com,5555562125,67015137
Angeles,,claycomb,Mother,angeles.claycomb@mail.com,5555561989,67015138
Bertha,,hooks,Mother,bertha.hooks@mail.com,5555561240,67015139
Lucerito,,dunson,Mother,lucerito.dunson@mail.com,5555563019,67015140
Jose de Jesus,,stanton,Stepfather,jose de jesus.stanton@mail.com,5555559790,67015141
Carolina,,mcwhorter,Mother,carolina.mcwhorter@mail.com,5555561444,67015142
karla,,kinsey,Mother,karla.kinsey@mail.com,5555556562,67015143
Roberto,,pires,Stepfather,roberto.pires@mail.com,5555563780,67015144
Berenice,,westphal,Mother,berenice.westphal@mail.com,5555557164,67015145
Claudia,,bonnell,Mother,claudia.bonnell@mail.com,5555557307,67015146
Samantha,,montoya,Mother,samantha.montoya@mail.com,5555562655,67015147
Jenee,,hollister,Caregiver,jenee.hollister@mail.com,5555563388,67015148
Cindy,,rohde,Mother,cindy.rohde@mail.com,5555563432,67015149
Gabriela,,benge,Mother,gabriela.benge@mail.com,5555562474,67015150
Karina,,masterson,Mother,karina.masterson@mail.com,5555556276,67015151
Christina,,malinowski,Mother,christina.malinowski@mail.com,5555562472,67015152
Alma,,saavedra,Mother,alma.saavedra@mail.com,5555555983,67015153
Leticia,,goforth,Mother,leticia.goforth@mail.com,5555560097,67015154
Claudia,,chung,Mother,claudia.chung@mail.com,5555562692,67015155
Juan,,brewton,Father,juan.brewton@mail.com,5555563976,67015156
Alma,,stella,Mother,alma.stella@mail.com,5555559967,67015157
Eugenia,,peacock,Mother,eugenia.peacock@mail.com,5555556106,67015158
Esau,,halcomb,Father,esau.halcomb@mail.com,5555562281,67015159
Xochitl,,russel,Grandmother,xochitl.russel@mail.com,5555563858,67015160
Dulce,,grillo,Mother,dulce.grillo@mail.com,5555559479,67015161
Gerardo,,mccluskey,Father,gerardo.mccluskey@mail.com,5555558504,67015162
Stephanie,,grider,Mother,stephanie.grider@mail.com,5555562839,67015163
Erika,,wendel,Mother,erika.wendel@mail.com,5555558134,67015164
Carlos,,mcdowell,Father,carlos.mcdowell@mail.com,5555556882,67015165
ANA,,aubin,Mother,ana.aubin@mail.com,5555561636,67015166
Kimberly,,liddell,Mother,kimberly.liddell@mail.com,5555559876,67015167
Karla,,kirchner,Mother,karla.kirchner@mail.com,5555562957,67015168
Danitza,,finch,Mother,danitza.finch@mail.com,5555557585,67015169
Magnolia,,delafuente,Mother,magnolia.delafuente@mail.com,5555560595,67015170
Citlalli,,mcdonnell,Mother,citlalli.mcdonnell@mail.com,5555556888,67015171
Marcela,,villarreal,Mother,marcela.villarreal@mail.com,5555558061,67015172
Melisa,,joubert,Mother,melisa.joubert@mail.com,5555561057,67015173
Jazmin,,callison,Mother,jazmin.callison@mail.com,5555555784,67015174
Maria Guadalupe,,hodge,Mother,maria guadalupe.hodge@mail.com,5555562521,67015175
Cinthia,,mallory,Mother,cinthia.mallory@mail.com,5555561018,67015176
Janatan,,moritz,Mother,janatan.moritz@mail.com,5555559561,67015177
Juana,,mueller,Mother,juana.mueller@mail.com,5555559398,67015178
Yesenia,,price,Mother,yesenia.price@mail.com,5555563500,67015179
Alejandra,,bostic,Mother,alejandra.bostic@mail.com,5555559168,67015180
Emmanuel,,garland,Stepfather,emmanuel.garland@mail.com,5555555582,67015181
Monica,,mabe,Mother,monica.mabe@mail.com,5555561306,67015182
Joanna,,whitten,Mother,joanna.whitten@mail.com,5555559426,67015183
Mayra,,pieper,Mother,mayra.pieper@mail.com,5555561464,67015184
Yesmine,,hardison,Mother,yesmine.hardison@mail.com,5555558156,67015185
Laura,,monroy,Mother,laura.monroy@mail.com,5555560010,67015186
Jose,,hirsch,Father,jose.hirsch@mail.com,5555563046,67015187
Maleny,,rose,Mother,maleny.rose@mail.com,5555560613,67015188
Danitza,,angeles,Mother,danitza.angeles@mail.com,5555557869,67015189
Sonia,,theis,Mother,sonia.theis@mail.com,5555561242,67015190
Fernando,,cover,Father,fernando.cover@mail.com,5555558374,67015191
Marina,,germany,Family Member,marina.germany@mail.com,5555560810,67015192
Johana,,lindeman,Mother,johana.lindeman@mail.com,5555563766,67015193
Monserrat,,shriver,Mother,monserrat.shriver@mail.com,5555561337,67015194
Abraham,,blevins,Father,abraham.blevins@mail.com,5555555766,67015195
Melany,,haskins,Mother,melany.haskins@mail.com,5555555727,67015196
Monica,,peterman,Mother,monica.peterman@mail.com,5555561314,67015197
Maria,,dendy,Mother,maria.dendy@mail.com,5555556203,67015198
Viana,,gilreath,Mother,viana.gilreath@mail.com,5555563261,67015199
Karina,,burger,Mother,karina.burger@mail.com,5555559699,67015200
Norma,,clemons,Mother,norma.clemons@mail.com,5555563826,67015201
patricia,,hixson,Mother,patricia.hixson@mail.com,5555556374,67015202
Brenda,,feller,Mother,brenda.feller@mail.com,5555556780,67015203
Melissa,,fleming,Mother,melissa.fleming@mail.com,5555561073,67015204
Lidia,,dobbins,Mother,lidia.dobbins@mail.com,5555560143,67015205
Yayeri,,deal,Mother,yayeri.deal@mail.com,5555563479,67015206
Ana,,schroeder,Mother,ana.schroeder@mail.com,5555556272,67015207
Jose,,culbreth,Father,jose.culbreth@mail.com,5555559558,67015208
Alejandra,,nadeau,Mother,alejandra.nadeau@mail.com,5555555869,67015209
Priscilla,,fulk,Mother,priscilla.fulk@mail.com,5555562020,67015210
Lizetthe,,pratt,Mother,lizetthe.pratt@mail.com,5555560266,67015211
alondra,,price,Mother,alondra.price@mail.com,5555555768,67015212
Mayda,,kessler,Mother,mayda.kessler@mail.com,5555560972,67015213
ANA LORENA,,akers,Mother,ana lorena.akers@mail.com,5555561428,67015214
Benjamin,,brice,Father,benjamin.brice@mail.com,5555556629,67015215
Amalia,,byington,Mother,amalia.byington@mail.com,5555556032,67015216
Daisy,,gooden,Mother,daisy.gooden@mail.com,5555557521,67015217
Alicia,,weil,Mother,alicia.weil@mail.com,5555563297,67015218
Delma,,lippert,Mother,delma.lippert@mail.com,5555562130,67015219
Rodrigo,,amador,Father,rodrigo.amador@mail.com,5555562083,67015220
Norma,,gilbreath,Mother,norma.gilbreath@mail.com,5555561652,67015221
Catalina,,thompson,Mother,catalina.thompson@mail.com,5555559780,67015222
Miriam,,orcutt,Mother,miriam.orcutt@mail.com,5555561226,67015223
ALMA MICHELLE,,cravens,Mother,alma michelle.cravens@mail.com,5555559976,67015224
Manuel,,hord,Father,manuel.hord@mail.com,5555560637,67015225
Dulce,,huey,Mother,dulce.huey@mail.com,5555561087,67015226
Rosa,,mosely,Mother,rosa.mosely@mail.com,5555562412,67015227
Miriam,,prosser,Mother,miriam.prosser@mail.com,5555560526,67015228
Brehidy,,robson,Mother,brehidy.robson@mail.com,5555556764,67015229
Selene,,brandon,Mother,selene.brandon@mail.com,5555562624,67015230
Maria,,joubert,Mother,maria.joubert@mail.com,5555563053,67015231
Yolanda,,lima,Mother,yolanda.lima@mail.com,5555558790,67015232
Brenda,,callaway,Mother,brenda.callaway@mail.com,5555556779,67015233
Alejandra,,vanhorn,Mother,alejandra.vanhorn@mail.com,5555555928,67015234
Ruben,,ducharme,Father,ruben.ducharme@mail.com,5555562421,67015235
Jessica,,holzer,Mother,jessica.holzer@mail.com,5555559329,67015236
Margarita,,toth,Mother,margarita.toth@mail.com,5555561160,67015237
Dianne,,penland,Mother,dianne.penland@mail.com,5555561910,67015238
Esmeralda,,fritz,Foster Mother,esmeralda.fritz@mail.com,5555558190,67015239
Fernanda,,daley,Mother,fernanda.daley@mail.com,5555561152,67015240
Viviana,,irby,Mother,viviana.irby@mail.com,5555563325,67015241
Ariel,,overby,Father,ariel.overby@mail.com,5555556387,67015242
Rebecca,,kinney,Mother,rebecca.kinney@mail.com,5555557194,67015243
Berenice,,brace,Mother,berenice.brace@mail.com,5555561122,67015244
Diana,,leboeuf,Mother,diana.leboeuf@mail.com,5555557759,67015245
Alba,,wahl,Court Appointed Guardian,alba.wahl@mail.com,5555562700,67015246
Lizbeth,,looper,Mother,lizbeth.looper@mail.com,5555560277,67015247
Elvira,,warden,Mother,elvira.warden@mail.com,5555557932,67015248
Karla,,joiner,Mother,karla.joiner@mail.com,5555559937,67015249
Jennifer,,hutchinson,Mother,jennifer.hutchinson@mail.com,5555559284,67015250
Cindy,,mendenhall,Mother,cindy.mendenhall@mail.com,5555556876,67015251
Leanny,,newson,Mother,leanny.newson@mail.com,5555561775,67015252
Teresita de jesus,,schade,Mother,teresita de jesus.schade@mail.com,5555556656,67015253
Cristina,,edelstein,Mother,cristina.edelstein@mail.com,5555557422,67015254
Roxana,,zimmer,Mother,roxana.zimmer@mail.com,5555562389,67015255
Gabriela,,heinz,Mother,gabriela.heinz@mail.com,5555558468,67015256
stephanie,,brummett,Mother,stephanie.brummett@mail.com,5555562843,67015257
Chantale,,lund,Mother,chantale.lund@mail.com,5555557145,67015258
Maria,,pulido,Mother,maria.pulido@mail.com,5555560723,67015259
Erika,,trice,Mother,erika.trice@mail.com,5555558133,67015260
Maria,,doolittle,Mother,maria.doolittle@mail.com,5555560743,67015261
Erick,,prather,Father,erick.prather@mail.com,5555558122,67015262
Kimberly,,donofrio,Mother,kimberly.donofrio@mail.com,5555559878,67015263
Sandra,,milan,Mother,sandra.milan@mail.com,5555562538,67015264
Adriana,,schoonover,Mother,adriana.schoonover@mail.com,5555555712,67015265
Cinthia,,woodruff,Mother,cinthia.woodruff@mail.com,5555557489,67015266
Airam,,gray,Mother,airam.gray@mail.com,5555555786,67015267
Ashley,,levy,Mother,ashley.levy@mail.com,5555556444,67015268
Carmen,,elliot,Mother,carmen.elliot@mail.com,5555560318,67015269
Mayra alejandra,,weiland,Mother,mayra alejandra.weiland@mail.com,5555560989,67015270
Theresa,,stromberg,Mother,theresa.stromberg@mail.com,5555563009,67015271
Carmina,,flory,Mother,carmina.flory@mail.com,5555556984,67015272
Alma,,hoffer,Mother,alma.hoffer@mail.com,5555555975,67015273
Gema,,pritchett,Mother,gema.pritchett@mail.com,5555558550,67015274
Socorro,,schutt,Mother,socorro.schutt@mail.com,5555560062,67015275
Aschley,,oliva,Mother,aschley.oliva@mail.com,5555557928,67015276
Evelyne,,doughty,Mother,evelyne.doughty@mail.com,5555558255,67015277
Claudia,,dias,Mother,claudia.dias@mail.com,5555557306,67015278
Yuzvizareth,,price,Mother,yuzvizareth.price@mail.com,5555563609,67015279
Dulce,,gordy,Mother,dulce.gordy@mail.com,5555557845,67015280
Melina,,mccaskill,Mother,melina.mccaskill@mail.com,5555562426,67015281
Monica,,rawlings,Mother,monica.rawlings@mail.com,5555557044,67015282
Sonia,,hatfield,Mother,sonia.hatfield@mail.com,5555562781,67015283
Diana,,greaves,Mother,diana.greaves@mail.com,5555557396,67015284
Alexa,,kindred,Mother,alexa.kindred@mail.com,5555558355,67015285
Brenda,,dalrymple,Mother,brenda.dalrymple@mail.com,5555556771,67015286
Maribel,,plante,Mother,maribel.plante@mail.com,5555562528,67015287
Rosa,,rudd,Aunt,rosa.rudd@mail.com,5555562377,67015288
Sandra,,pippin,Mother,sandra.pippin@mail.com,5555556614,67015289
Rodrigo,,highsmith,Father,rodrigo.highsmith@mail.com,5555562263,67015290
Ericka,,thibault,Mother,ericka.thibault@mail.com,5555558120,67015291
Rosa,,putnam,Mother,rosa.putnam@mail.com,5555562413,67015292
Maryann,,ahmed,Mother,maryann.ahmed@mail.com,5555561138,67015293
Ana,,mattern,Mother,ana.mattern@mail.com,5555555804,67015294
Guadalupe,,averill,Mother,guadalupe.averill@mail.com,5555560481,67015295
Carmen,,lacasse,Mother,carmen.lacasse@mail.com,5555555777,67015296
Sofia Lizette,,lai,Mother,sofia lizette.lai@mail.com,5555562785,67015297
Martha,,isaacson,Mother,martha.isaacson@mail.com,5555561853,67015298
Karen,,claxton,Mother,karen.claxton@mail.com,5555560245,67015299
Karla,,meier,Mother,karla.meier@mail.com,5555559637,67015300
Frida,,bratton,Mother,frida.bratton@mail.com,5555558441,67015301
Claudia,,amador,Mother,claudia.amador@mail.com,5555558209,67015302
Selene,,spell,Mother,selene.spell@mail.com,5555562633,67015303
Martha,,paredes,Mother,martha.paredes@mail.com,5555560879,67015304
Sarahi,,travers,Mother,sarahi.travers@mail.com,5555562732,67015305
rosa,,perales,Mother,rosa.perales@mail.com,5555562336,67015306
Kimberly,,pearl,Mother,kimberly.pearl@mail.com,5555559868,67015307
Gabriela,,matta,Mother,gabriela.matta@mail.com,5555557637,67015308
Claudia,,barrera,Mother,claudia.barrera@mail.com,5555557344,67015309
Francissco,,humphries,Father,francissco.humphries@mail.com,5555558424,67015310
Ana,,sievers,Mother,ana.sievers@mail.com,5555556513,67015311
Joseph,,sebastian,Father,joseph.sebastian@mail.com,5555559631,67015312
Laura,,faulkner,Mother,laura.faulkner@mail.com,5555560024,67015313
Nallely,,irvin,Mother,nallely.irvin@mail.com,5555561490,67015314
Guadalupe,,honaker,Mother,guadalupe.honaker@mail.com,5555560126,67015315
Luis,,terry,Father,luis.terry@mail.com,5555558289,67015316
Gerardo,,jiles,Father,gerardo.jiles@mail.com,5555558574,67015317
Elsa,,olvera,Mother,elsa.olvera@mail.com,5555558032,67015318
Yoana,,mitchel,Mother,yoana.mitchel@mail.com,5555559797,67015319
Diana,,windsor,Mother,diana.windsor@mail.com,5555557736,67015320
Guadalupe,,do,Mother,guadalupe.do@mail.com,5555561143,67015321
Yohana,,warrick,Mother,yohana.warrick@mail.com,5555559674,67015322
Karla,,foltz,Mother,karla.foltz@mail.com,5555559752,67015323
Monserrat,,glidewell,Mother,monserrat.glidewell@mail.com,5555561338,67015324
Georgina,,hobart,Mother,georgina.hobart@mail.com,5555559750,67015325
Anyza,,conaway,Mother,anyza.conaway@mail.com,5555556307,67015326
Yuzvizareth,,foreman,Mother,yuzvizareth.foreman@mail.com,5555563608,67015327
Lee,,towner,Mother,lee.towner@mail.com,5555560926,67015328
Ashley,,dillingham,Mother,ashley.dillingham@mail.com,5555556443,67015329
Ramona,,ferrer,Court Appointed Guardian,ramona.ferrer@mail.com,5555562106,67015330
Claudia,,birch,Mother,claudia.birch@mail.com,5555560314,67015331
Erik,,paris,Father,erik.paris@mail.com,5555558066,67015332
Rosa,,pohl,Mother,rosa.pohl@mail.com,5555555944,67015333
Maria,,nolan,Mother,maria.nolan@mail.com,5555561031,67015334
Janeth,,hood,Mother,janeth.hood@mail.com,5555557657,67015335
Liliana,,dick,Mother,liliana.dick@mail.com,5555560177,67015336
Angelica,,cassidy,Mother,angelica.cassidy@mail.com,5555556252,67015337
Melissa,,hammon,Mother,melissa.hammon@mail.com,5555561088,67015338
Berenice,,slaughter,Mother,berenice.slaughter@mail.com,5555561621,67015339
Jorge,,olivier,Father,jorge.olivier@mail.com,5555555806,67015340
Jazmin,,orth,Mother,jazmin.orth@mail.com,5555559245,67015341
Elizabeth,,self,Mother,elizabeth.self@mail.com,5555558010,67015342
Myriam,,barkley,Mother,myriam.barkley@mail.com,5555561457,67015343
Melissa,,eberle,Mother,melissa.eberle@mail.com,5555561079,67015344
Brenda,,fry,Mother,brenda.fry@mail.com,5555556774,67015345
Brenda,,mapes,Mother,brenda.mapes@mail.com,5555556775,67015346
Priscilla,,pinder,Mother,priscilla.pinder@mail.com,5555562038,67015347
maria,,hinshaw,Mother,maria.hinshaw@mail.com,5555563344,67015348
Diana,,pullen,Mother,diana.pullen@mail.com,5555557737,67015349
Kassandra,,benavidez,Mother,kassandra.benavidez@mail.com,5555559773,67015350
Diana,,natale,Mother,diana.natale@mail.com,5555557881,67015351
Stephanie,,jarman,Mother,stephanie.jarman@mail.com,5555563859,67015352
Virginia,,brantley,Mother,virginia.brantley@mail.com,5555556597,67015353
Karina,,ricci,Mother,karina.ricci@mail.com,5555559766,67015354
Michelle,,yocum,Mother,michelle.yocum@mail.com,5555561276,67015355
Jordana,,novotny,Mother,jordana.novotny@mail.com,5555559480,67015356
Guadalupe,,araujo,Mother,guadalupe.araujo@mail.com,5555560125,67015357
Manuel,,danforth,Father,manuel.danforth@mail.com,5555560634,67015358
Janett,,gamez,Mother,janett.gamez@mail.com,5555555964,67015359
Diana,,leung,Mother,diana.leung@mail.com,5555557760,67015360
Jennifer,,aguilar,Mother,jennifer.aguilar@mail.com,5555559282,67015361
Ailen,,robertson,Mother,ailen.robertson@mail.com,5555557614,67015362
Leslie,,schmitz,Mother,leslie.schmitz@mail.com,5555560078,67015363
Janet,,dowd,Mother,janet.dowd@mail.com,5555559173,67015364
Yayeri,,kingsley,Mother,yayeri.kingsley@mail.com,5555563480,67015365
Nancie,,garrick,Mother,nancie.garrick@mail.com,5555562079,67015366
Denise,,cordero,Mother,denise.cordero@mail.com,5555557662,67015367
Cynthia,,schramm,Mother,cynthia.schramm@mail.com,5555557235,67015368
Elsa,,parkman,Mother,elsa.parkman@mail.com,5555558033,67015369
Consuelo,,bethea,Mother,consuelo.bethea@mail.com,5555557381,67015370
Melissa,,huber,Mother,melissa.huber@mail.com,5555561072,67015371
Sonia,,randle,Caregiver,sonia.randle@mail.com,5555562771,67015372
Ana,,fitzpatrick,Mother,ana.fitzpatrick@mail.com,5555556124,67015373
Cynthia,,delrio,Mother,cynthia.delrio@mail.com,5555557492,67015374
Ashley,,florence,Mother,ashley.florence@mail.com,5555556457,67015375
Fernanda,,mcvey,Mother,fernanda.mcvey@mail.com,5555561153,67015376
Juana,,buckles,Mother,juana.buckles@mail.com,5555563008,67015377
vianey,,mckenney,Mother,vianey.mckenney@mail.com,5555563070,67015378
Esmeralda,,vanhorn,Foster Mother,esmeralda.vanhorn@mail.com,5555558192,67015379
Gloria,,jarmon,Mother,gloria.jarmon@mail.com,5555558668,67015380
Diana,,vansickle,Mother,diana.vansickle@mail.com,5555557818,67015381
Zuleeimy,,blaisdell,Mother,zuleeimy.blaisdell@mail.com,5555558576,67015382
Karen,,loftus,Mother,karen.loftus@mail.com,5555560130,67015383
Verania,,barrow,Mother,verania.barrow@mail.com,5555563198,67015384
Sofia,,guinn,Mother,sofia.guinn@mail.com,5555563010,67015385
Esperanza,,nilsson,Mother,esperanza.nilsson@mail.com,5555558205,67015386
Daisy,,rock,Mother,daisy.rock@mail.com,5555557522,67015387
Valery,,saucier,Mother,valery.saucier@mail.com,5555562428,67015388
Guadalupe,,philpott,Mother,guadalupe.philpott@mail.com,5555561142,67015389
Victor,,slavin,Stepfather,victor.slavin@mail.com,5555564010,67015390
Gloria,,self,Mother,gloria.self@mail.com,5555556954,67015391
Rosa Maria,,fogle,Mother,rosa maria.fogle@mail.com,5555563981,67015392
Bianca,,burke,Mother,bianca.burke@mail.com,5555556539,67015393
Chantale,,sternberg,Mother,chantale.sternberg@mail.com,5555557146,67015394
Noe,,tiffany,Father,noe.tiffany@mail.com,5555561655,67015395
Norma,,chun,Mother,norma.chun@mail.com,5555563825,67015396
Yongquan,,mcgregor,Father,yongquan.mcgregor@mail.com,5555559573,67015397
Brenda,,thibodeaux,Mother,brenda.thibodeaux@mail.com,5555561124,67015398
Jackeline,,carlton,Mother,jackeline.carlton@mail.com,5555559204,67015399
Leidy,,gabel,Mother,leidy.gabel@mail.com,5555560053,67015401
Yajaira,,hemphill,Mother,yajaira.hemphill@mail.com,5555556603,67015402
Andry,,grimmett,Mother,andry.grimmett@mail.com,5555555931,67015403
Gloria,,riffle,Mother,gloria.riffle@mail.com,5555558669,67015404
Juan,,defelice,Father,juan.defelice@mail.com,5555563729,67015405
Diana,,lipsey,Mother,diana.lipsey@mail.com,5555563273,67015406
Tomas,,bertrand,Father,tomas.bertrand@mail.com,5555562419,67015407
Paola,,mcvay,Mother,paola.mcvay@mail.com,5555558302,67015408
Sonia,,guillory,Mother,sonia.guillory@mail.com,5555562779,67015409
Jose,,cady,Father,jose.cady@mail.com,5555557827,67015410
Kimberly,,kidd,Mother,kimberly.kidd@mail.com,5555559913,67015411
Miriam,,kautz,Mother,miriam.kautz@mail.com,5555560527,67015412
Jessica,,sample,Mother,jessica.sample@mail.com,5555559330,67015413
Jasmine,,baxley,Mother,jasmine.baxley@mail.com,5555559213,67015414
Delia,,bradley,Mother,delia.bradley@mail.com,5555557645,67015415
Montserrat,,addison,Mother,montserrat.addison@mail.com,5555561354,67015416
Manuel,,john,Father,manuel.john@mail.com,5555559056,67015417
Alfred,,carvalho,Father,alfred.carvalho@mail.com,5555560004,67015418
Cristell,,sigmon,Mother,cristell.sigmon@mail.com,5555557412,67015419
Monica,,friel,Mother,monica.friel@mail.com,5555561315,67015420
Viviana,,cable,Mother,viviana.cable@mail.com,5555563331,67015421
Cinthia,,pabon,Mother,cinthia.pabon@mail.com,5555557265,67015422
Chelsea,,southerland,Mother,chelsea.southerland@mail.com,5555557169,67015423
Kassandra,,rutter,Mother,kassandra.rutter@mail.com,5555559774,67015424
Alexis Paola,,lindquist,Mother,alexis paola.lindquist@mail.com,5555561831,67015425
Melissa,,brogdon,Mother,melissa.brogdon@mail.com,5555561413,67015426
Yonny,,cote,Father,yonny.cote@mail.com,5555562172,67015427
Bianca,,picard,Mother,bianca.picard@mail.com,5555556686,67015428
Kelly,,deans,Mother,kelly.deans@mail.com,5555559820,67015429
Stacy,,rohr,Mother,stacy.rohr@mail.com,5555563909,67015430
Yesenia,,oakes,Mother,yesenia.oakes@mail.com,5555555783,67015431
Michelle,,lemus,Mother,michelle.lemus@mail.com,5555561402,67015432
Sandra,,bowes,Mother,sandra.bowes@mail.com,5555556613,67015433
Maria,,romeo,Mother,maria.romeo@mail.com,5555561777,67015434
Roger,,autry,Father,roger.autry@mail.com,5555562275,67015435
Carmen,,gannon,Mother,carmen.gannon@mail.com,5555560317,67015436
Patricia,,bradshaw,Mother,patricia.bradshaw@mail.com,5555555569,67015437
Jacqueline,,alvarado,Mother,jacqueline.alvarado@mail.com,5555557441,67015438
Reyna,,mccoy,Mother,reyna.mccoy@mail.com,5555562182,67015439
Marisol,,gupta,Mother,marisol.gupta@mail.com,5555560929,67015440
Karla,,newsome,Mother,karla.newsome@mail.com,5555559731,67015441
Joseph,,beauchamp,Father,joseph.beauchamp@mail.com,5555559630,67015442
Jose,,hines,Father,jose.hines@mail.com,5555556234,67015443
Zuleeimy,,collier,Mother,zuleeimy.collier@mail.com,5555558575,67015444
Diana,,fulmer,Mother,diana.fulmer@mail.com,5555557817,67015445
Ivette,,toner,Mother,ivette.toner@mail.com,5555559100,67015446
Diana,,mallory,Mother,diana.mallory@mail.com,5555557717,67015447
Esmeralda,,correia,Foster Mother,esmeralda.correia@mail.com,5555559505,67015448
Diana,,glaser,Mother,diana.glaser@mail.com,5555557738,67015449
Alida,,kaplan,Mother,alida.kaplan@mail.com,5555561064,67015450
Hannah,,ruppert,Mother,hannah.ruppert@mail.com,5555558794,67015451
Jesus Elisa,,soileau,Mother,jesus elisa.soileau@mail.com,5555557989,67015453
Daniela,,banda,Mother,daniela.banda@mail.com,5555557597,67015454
Anael,,brice,Mother,anael.brice@mail.com,5555556101,67015455
Yolanda,,dobson,Mother,yolanda.dobson@mail.com,5555558055,67015456
Cecilia,,pickard,Caregiver,cecilia.pickard@mail.com,5555561806,67015457
Nancy,,stcyr,Mother,nancy.stcyr@mail.com,5555561504,67015458
Kimberly,,schlosser,Mother,kimberly.schlosser@mail.com,5555559867,67015459
Maria,,probst,Mother,maria.probst@mail.com,5555560618,67015460
Yury,,swiger,Mother,yury.swiger@mail.com,5555558005,67015461
Ruby elizabeth,,pankey,Mother,ruby elizabeth.pankey@mail.com,5555558779,67015462
Ana,,pederson,Mother,ana.pederson@mail.com,5555556512,67015463
Jonathan Giovanny,,alfaro,Father,jonathan giovanny.alfaro@mail.com,5555558855,67015464
Delia Joahna,,shattuck,Mother,delia joahna.shattuck@mail.com,5555559459,67015465
NIDIA,,parry,Mother,nidia.parry@mail.com,5555556267,67015466
De'tiese,,crumpler,Mother,de'tiese.crumpler@mail.com,5555561360,67015467
Melina Gabriela,,sanches,Mother,melina gabriela.sanches@mail.com,5555561090,67015468
Carmina,,numbers,Mother,carmina.numbers@mail.com,5555556983,67015469
Lucia,,landeros,Mother,lucia.landeros@mail.com,5555560391,67015470
Jacqueline,,rideout,Mother,jacqueline.rideout@mail.com,5555559545,67015471
Aurora,,paulson,Mother,aurora.paulson@mail.com,5555558844,67015472
Claudia,,rosenberg,Mother,claudia.rosenberg@mail.com,5555560313,67015473
Graciela,,waddell,Mother,graciela.waddell@mail.com,5555559956,67015474
Viviana,,frank,Mother,viviana.frank@mail.com,5555563725,67015475
Janeth,,lejeune,Mother,janeth.lejeune@mail.com,5555557656,67015477
Jocelyn,,hiles,Mother,jocelyn.hiles@mail.com,5555559434,67015478
Rosa,,burg,Aunt,rosa.burg@mail.com,5555562376,67015479
Yadira,,rosenberger,Mother,yadira.rosenberger@mail.com,5555563416,67015480
Paola,,burwell,Mother,paola.burwell@mail.com,5555558301,67015481
Laura,,dangelo,Mother,laura.dangelo@mail.com,5555559942,67015482
Daisy,,fleming,Mother,daisy.fleming@mail.com,5555557520,67015483
Jesus,,stern,Father,jesus.stern@mail.com,5555559061,67015484
Obdulia,,patten,Mother,obdulia.patten@mail.com,5555557859,67015485
Veronica,,rand,Mother,veronica.rand@mail.com,5555563073,67015486
Karina,,hatley,Mother,karina.hatley@mail.com,5555559765,67015487
Maria,,almeida,Mother,maria.almeida@mail.com,5555561789,67015488
Hikary,,nutt,Mother,hikary.nutt@mail.com,5555558859,67015489
David,,olvera,Father,david.olvera@mail.com,5555563758,67015490
Margaret,,nowicki,Mother,margaret.nowicki@mail.com,5555560593,67015491
Nataly,,loftis,Mother,nataly.loftis@mail.com,5555561542,67015492
Martha,,leung,Family Member,martha.leung@mail.com,5555563817,67015493
Korina,,livingston,Mother,korina.livingston@mail.com,5555562437,67015494
Cinthia,,quinones,Mother,cinthia.quinones@mail.com,5555557068,67015495
Brenda,,poteat,Mother,brenda.poteat@mail.com,5555556681,67015496
Carmen,,pelkey,Mother,carmen.pelkey@mail.com,5555562801,67015497
Jazmin,,lemmon,Mother,jazmin.lemmon@mail.com,5555559244,67015498
Mayra,,takahashi,Mother,mayra.takahashi@mail.com,5555560992,67015499
Jennifer,,battaglia,Mother,jennifer.battaglia@mail.com,5555559283,67015500
Cinthia,,kaminski,Mother,cinthia.kaminski@mail.com,5555557488,67015501
Melany,,carney,Mother,melany.carney@mail.com,5555555728,67015502
Sindy,,berlin,Mother,sindy.berlin@mail.com,5555560067,67015503
Nancie,,flint,Mother,nancie.flint@mail.com,5555562080,67015504
Bianca,,stoll,Mother,bianca.stoll@mail.com,5555556684,67015505
Juan Luis,,aycock,Father,juan luis.aycock@mail.com,5555559367,67015506
Gilberto,,lang,Father,gilberto.lang@mail.com,5555557902,67015507
Yanney,,dyke,Mother,yanney.dyke@mail.com,5555563452,67015508
Yoana,,rue,Mother,yoana.rue@mail.com,5555559796,67015509
Joazabed,,somers,Mother,joazabed.somers@mail.com,5555559427,67015510
Maria,,trammell,Mother,maria.trammell@mail.com,5555557766,67015511
Melissa,,hays,Mother,melissa.hays@mail.com,5555561078,67015512
Ana,,mcclure,Mother,ana.mcclure@mail.com,5555557051,67015513
Cinthia,,araiza,Mother,cinthia.araiza@mail.com,5555557883,67015514
Laura,,biddle,Mother,laura.biddle@mail.com,5555560017,67015515
Dulce,,jankowski,Mother,dulce.jankowski@mail.com,5555557843,67015516
Dulce,,cater,Mother,dulce.cater@mail.com,5555557838,67015517
Kimberly,,montalvo,Mother,kimberly.montalvo@mail.com,5555562451,67015518
Daisy,,childress,Mother,daisy.childress@mail.com,5555557523,67015519
Julissa,,jerome,Mother,julissa.jerome@mail.com,5555559619,67015520
Priscilla,,shepherd,Mother,priscilla.shepherd@mail.com,5555562029,67015521
Yolanda,,stroud,Mother,yolanda.stroud@mail.com,5555558789,67015522
Angelica,,hyman,Mother,angelica.hyman@mail.com,5555556469,67015523
Andrea,,lander,Mother,andrea.lander@mail.com,5555561944,67015524
Aral,,ferro,Mother,aral.ferro@mail.com,5555563684,67015525
Anahi,,walls,Mother,anahi.walls@mail.com,5555556104,67015526
Santiago,,martinez,Stepfather,santiago.martinez@mail.com,5555562532,67015527
Christina,,strait,Mother,christina.strait@mail.com,5555559411,67015528
Ariel,,diggs,Father,ariel.diggs@mail.com,5555556388,67015529
Michelle,,trout,Mother,michelle.trout@mail.com,5555561277,67015530
lizzeth,,dyson,Mother,lizzeth.dyson@mail.com,5555560272,67015531
Josue,,menefee,Father,josue.menefee@mail.com,5555559532,67015532
Erika,,stansberry,Mother,erika.stansberry@mail.com,5555558126,67015533
Brenda,,jiminez,Mother,brenda.jiminez@mail.com,5555561125,67015534
Karina Alejandra,,shore,Mother,karina alejandra.shore@mail.com,5555559858,67015535
Lizeth,,edmonds,Mother,lizeth.edmonds@mail.com,5555560229,67015536
Gretchen,,leahy,Mother,gretchen.leahy@mail.com,5555558723,67015537
Delma,,hollins,Mother,delma.hollins@mail.com,5555562131,67015538
Lizetthe,,lohr,Mother,lizetthe.lohr@mail.com,5555560265,67015539
Alejandra,,mcdaniel,Mother,alejandra.mcdaniel@mail.com,5555555853,67015540
Guadalupe,,nance,Foster Mother,guadalupe.nance@mail.com,5555564014,67015541
Rosa,,matz,Mother,rosa.matz@mail.com,5555563764,67015542
Ana,,tilton,Mother,ana.tilton@mail.com,5555563645,67015543
Yuliana,,knighten,Mother,yuliana.knighten@mail.com,5555561342,67015544
Karla,,lowe,Mother,karla.lowe@mail.com,5555561145,67015545
Martha,,prine,Mother,martha.prine@mail.com,5555561854,67015546
Maria,,showers,Mother,maria.showers@mail.com,5555560762,67015547
Diana,,benefield,Mother,diana.benefield@mail.com,5555557816,67015548
Almendra,,tipton,Mother,almendra.tipton@mail.com,5555555993,67015549
Catalina,,moffatt,Mother,catalina.moffatt@mail.com,5555559781,67015550
Priscilla,,toliver,Mother,priscilla.toliver@mail.com,5555562039,67015551
Belen,,banner,Mother,belen.banner@mail.com,5555556585,67015552
Laura,,devine,Mother,laura.devine@mail.com,5555560018,67015553
Alma,,painter,Mother,alma.painter@mail.com,5555558463,67015554
Jennifer,,cauthen,Mother,jennifer.cauthen@mail.com,5555559280,67015555
Rosa,,fennell,Mother,rosa.fennell@mail.com,5555562411,67015556
Raquel,,baugh,Mother,raquel.baugh@mail.com,5555559611,67015557
Brenda,,hamlett,Mother,brenda.hamlett@mail.com,5555556762,67015558
Dulce,,ferreira,Mother,dulce.ferreira@mail.com,5555557846,67015559
Karina,,koehler,Mother,karina.koehler@mail.com,5555559767,67015560
Ana,,penrod,Mother,ana.penrod@mail.com,5555556125,67015561
Gabriella,,aguilar,Mother,gabriella.aguilar@mail.com,5555562690,67015562
Guisell,,krebs,Mother,guisell.krebs@mail.com,5555558546,67015563
Otilia,,huey,Mother,otilia.huey@mail.com,5555563402,67015564
Martin,,kyser,Father,martin.kyser@mail.com,5555563942,67015565
Veronica,,posey,Mother,veronica.posey@mail.com,5555563353,67015566
Melissa,,calkins,Mother,melissa.calkins@mail.com,5555561089,67015567
Mayra,,grundy,Mother,mayra.grundy@mail.com,5555561269,67015568
Betzel,,salcido,Mother,betzel.salcido@mail.com,5555556092,67015569
Denise,,alaniz,Mother,denise.alaniz@mail.com,5555557671,67015570
Brenda,,folsom,Mother,brenda.folsom@mail.com,5555556680,67015571
Karen,,manzo,Mother,karen.manzo@mail.com,5555560246,67015572
Guadalupe,,sweatt,Mother,guadalupe.sweatt@mail.com,5555560127,67015573
Esthela,,harman,Mother,esthela.harman@mail.com,5555556438,67015574
Anna,,justice,Mother,anna.justice@mail.com,5555556282,67015575
Gabriela,,toms,Mother,gabriela.toms@mail.com,5555558461,67015576
Edith,,winn,Mother,edith.winn@mail.com,5555556916,67015577
Irma,,esposito,Mother,irma.esposito@mail.com,5555557367,67015578
Ana,,mars,Mother,ana.mars@mail.com,5555555574,67015579
Laura,,desjardins,Mother,laura.desjardins@mail.com,5555560524,67015580
Maribel,,rohr,Mother,maribel.rohr@mail.com,5555560781,67015581
Maria,,myrick,Mother,maria.myrick@mail.com,5555557767,67015582
Gloria,,stegall,Mother,gloria.stegall@mail.com,5555558956,67015583
Israel,,spradlin,Father,israel.spradlin@mail.com,5555559045,67015584
Sofia,,aleman,Mother,sofia.aleman@mail.com,5555563011,67015585
Karina,,bartlett,Mother,karina.bartlett@mail.com,5555559693,67015586
Dayana,,goetz,Mother,dayana.goetz@mail.com,5555557531,67015587
Juan,,george,Father,juan.george@mail.com,5555560550,67015588
Margarita,,stanley,Mother,margarita.stanley@mail.com,5555560976,67015589
Otilia,,cheney,Mother,otilia.cheney@mail.com,5555563401,67015590
Marcos,,bianco,Father,marcos.bianco@mail.com,5555563988,67015591
Leslie,,yocum,Mother,leslie.yocum@mail.com,5555560079,67015592
Priscilla,,tatro,Mother,priscilla.tatro@mail.com,5555562028,67015593
Edgar,,schott,Father,edgar.schott@mail.com,5555564017,67015594
Ivette,,forney,Mother,ivette.forney@mail.com,5555559099,67015595
Andrea,,looney,Mother,andrea.looney@mail.com,5555556492,67015596
Diana,,herrmann,Mother,diana.herrmann@mail.com,5555557395,67015597
Antonio,,rapp,Father,antonio.rapp@mail.com,5555555744,67015598
Estefania,,halbert,Mother,estefania.halbert@mail.com,5555558216,67015599
Myriam,,samons,Mother,myriam.samons@mail.com,5555561456,67015600
maria,,budde,Mother,maria.budde@mail.com,5555563343,67015601
Josephine,,farrell,Mother,josephine.farrell@mail.com,5555558791,67015602
Ernesto,,grider,Father,ernesto.grider@mail.com,5555557943,67015603
Karla,,mancini,Mother,karla.mancini@mail.com,5555559938,67015604
Karina,,lyle,Mother,karina.lyle@mail.com,5555559686,67015605
Mario,,black,Foster Father,mario.black@mail.com,5555561399,67015606
Andrea,,mouton,Mother,andrea.mouton@mail.com,5555561946,67015607
Jesus Elisa,,halford,Mother,jesus elisa.halford@mail.com,5555557988,67015608
Ashley,,culver,Mother,ashley.culver@mail.com,5555563723,67015609
Sonia,,littlejohn,Caregiver,sonia.littlejohn@mail.com,5555562772,67015610
ABNER,,minter,Father,abner.minter@mail.com,5555555625,67015611
Elena,,palacio,Mother,elena.palacio@mail.com,5555563802,67015612
Elva,,dalton,Mother,elva.dalton@mail.com,5555558046,67015613
Sandra,,holler,Mother,sandra.holler@mail.com,5555562559,67015614
Bertha,,luck,Caregiver,bertha.luck@mail.com,5555563957,67015615
Claudia,,pettigrew,Mother,claudia.pettigrew@mail.com,5555557323,67015616
Elvira,,ayala,Mother,elvira.ayala@mail.com,5555557934,67015617
Gladys,,lockhart,Mother,gladys.lockhart@mail.com,5555558644,67015618
Alejandra,,sunderland,Mother,alejandra.sunderland@mail.com,5555555871,67015619
Laura,,natividad,Mother,laura.natividad@mail.com,5555559971,67015620
Maria,,ussery,Mother,maria.ussery@mail.com,5555557829,67015621
Sandra,,woolley,Mother,sandra.woolley@mail.com,5555556615,67015622
Karina,,lambert,Mother,karina.lambert@mail.com,5555559772,67015623
Karla,,vargo,Mother,karla.vargo@mail.com,5555559638,67015624
Adriana,,swearingen,Mother,adriana.swearingen@mail.com,5555562056,67015625
Alfa,,telles,Mother,alfa.telles@mail.com,5555559311,67015626
Katherine,,doughty,Mother,katherine.doughty@mail.com,5555562852,67015627
Gloria,,krauss,Mother,gloria.krauss@mail.com,5555561720,67015628
Daniela,,foxworth,Mother,daniela.foxworth@mail.com,5555557570,67015629
Andrea,,penney,Mother,andrea.penney@mail.com,5555556180,67015630
Virginia,,mattson,Mother,virginia.mattson@mail.com,5555556598,67015631
Mariana,,glasser,Mother,mariana.glasser@mail.com,5555556617,67015632
Joana,,cave,Mother,joana.cave@mail.com,5555561187,67015633
Maria,,eades,Mother,maria.eades@mail.com,5555560802,67015634
Carla,,burbank,Mother,carla.burbank@mail.com,5555556944,67015635
Delia,,kilburn,Mother,delia.kilburn@mail.com,5555555856,67015636
Laura,,roden,Mother,laura.roden@mail.com,5555556221,67015637
Yuzvizareth,,trask,Mother,yuzvizareth.trask@mail.com,5555563607,67015638
Denise,,stancil,Mother,denise.stancil@mail.com,5555557670,67015639
Ramon,,pisano,Father,ramon.pisano@mail.com,5555556341,67015640
Rosario,,wyant,Mother,rosario.wyant@mail.com,5555557455,67015641
Margarita,,bartlett,Mother,margarita.bartlett@mail.com,5555560977,67015642
Fanny,,rayborn,Mother,fanny.rayborn@mail.com,5555558314,67015643
Maritza,,banta,Mother,maritza.banta@mail.com,5555560852,67015644
Claudia,,lamm,Mother,claudia.lamm@mail.com,5555557305,67015645
Cynthia,,akins,Mother,cynthia.akins@mail.com,5555557493,67015646
Alfredo,,holcomb,Father,alfredo.holcomb@mail.com,5555555935,67015647
Alberto,,tyree,Father,alberto.tyree@mail.com,5555561436,67015648
Roxana,,eng,Mother,roxana.eng@mail.com,5555562381,67015649
Rosio,,moats,Mother,rosio.moats@mail.com,5555562362,67015650
Cristina,,lemmon,Mother,cristina.lemmon@mail.com,5555557421,67015651
Ana,,mclemore,Mother,ana.mclemore@mail.com,5555556096,67015652
Ana,,nolasco,Mother,ana.nolasco@mail.com,5555556095,67015653
Ashley,,blue,Mother,ashley.blue@mail.com,5555556442,67015654
Ana,,spellman,Court Appointed Guardian,ana.spellman@mail.com,5555560146,67015655
Angelica,,desmond,Mother,angelica.desmond@mail.com,5555556206,67015656
Blanca,,rios,Mother,blanca.rios@mail.com,5555556752,67015657
Diana,,farmer,Mother,diana.farmer@mail.com,5555557753,67015658
Diana,,kimsey,Mother,diana.kimsey@mail.com,5555557718,67015659
Jose,,mohammad,Father,jose.mohammad@mail.com,5555557828,67015660
Karla,,stella,Mother,karla.stella@mail.com,5555559730,67015661
Juan De Dios,,bowlin,Father,juan de dios.bowlin@mail.com,5555560063,67015662
Marbella,,gregoire,Mother,marbella.gregoire@mail.com,5555556817,67015663
Ashley,,towers,Mother,ashley.towers@mail.com,5555556445,67015664
Maria,,pedraza,Mother,maria.pedraza@mail.com,5555561788,67015665
Gloria,,zink,Caregiver,gloria.zink@mail.com,5555563894,67015666
Hikary,,alvarado,Mother,hikary.alvarado@mail.com,5555558858,67015667
Gilberto,,collins,Father,gilberto.collins@mail.com,5555557904,67015668
Angela,,tijerina,Mother,angela.tijerina@mail.com,5555555808,67015669
Gloria del Carmen,,fleury,Mother,gloria del carmen.fleury@mail.com,5555558664,67015670
Liliana,,ragsdale,Mother,liliana.ragsdale@mail.com,5555560176,67015671
Elsydelia,,wicks,Mother,elsydelia.wicks@mail.com,5555558039,67015672
Marisol,,chastain,Mother,marisol.chastain@mail.com,5555560930,67015673
Athenea,,carranza,Caregiver,athenea.carranza@mail.com,5555556483,67015674
Elva,,windsor,Mother,elva.windsor@mail.com,5555558048,67015675
MARTHA DANIELLA,,gillman,Mother,martha daniella.gillman@mail.com,5555557571,67015676
MARTHA DANIELLA,,templeton,Mother,martha daniella.templeton@mail.com,5555557572,67015677
Jessica,,covington,Mother,jessica.covington@mail.com,5555559324,67015678
Bertha,,orcutt,Caregiver,bertha.orcutt@mail.com,5555556648,67015679
Alejandro,,herzog,Father,alejandro.herzog@mail.com,5555555585,67015680
hymdhar,,chaves,Father,hymdhar.chaves@mail.com,5555558894,67015681
Josue,,burkhardt,Father,josue.burkhardt@mail.com,5555559531,67015682
Rosalbina,,osorio,Caregiver,rosalbina.osorio@mail.com,5555562311,67015683
Rosa Maria,,ruhl,Mother,rosa maria.ruhl@mail.com,5555557391,67015684
Alex-CASA,,bremer,Agency Representative,alex-casa.bremer@mail.com,5555555892,67015685
Andry,,mcafee,Mother,andry.mcafee@mail.com,5555555930,67015686
Ayerim,,culp,,ayerim.culp@mail.com,5555563794,67015687
Sandra,,baxter,Mother,sandra.baxter@mail.com,5555562560,67015688
Claudia,,olmos,Mother,claudia.olmos@mail.com,5555557295,67015689
ADILENNE,,benfield,Mother,adilenne.benfield@mail.com,5555555723,67015690
Noe,,findley,Father,noe.findley@mail.com,5555561656,67015691
Johanna,,rodas,Mother,johanna.rodas@mail.com,5555559108,67015692
Yesenia,,liddell,Mother,yesenia.liddell@mail.com,5555563514,67015693
Glenda,,hathcock,Mother,glenda.hathcock@mail.com,5555558650,67015694
Linda,,mccollum,Mother,linda.mccollum@mail.com,5555560206,67015695
Elizabeth,,bruce,Mother,elizabeth.bruce@mail.com,5555559145,67015696
Velia,,wentworth,Mother,velia.wentworth@mail.com,5555563193,67015697
Carmen,,stuckey,Mother,carmen.stuckey@mail.com,5555556238,67015698
Dora,,lutes,Mother,dora.lutes@mail.com,5555557814,67015699
Elizabeth,,talley,Mother,elizabeth.talley@mail.com,5555558009,67015700
America,,mcmichael,Mother,america.mcmichael@mail.com,5555561410,67015701
Guadalupe,,hartmann,Mother,guadalupe.hartmann@mail.com,5555558272,67015702
Ana,,jarman,Mother,ana.jarman@mail.com,5555562193,67015703
Alma,,fielder,Mother,alma.fielder@mail.com,5555555981,67015704
Desiree,,olivarez,Mother,desiree.olivarez@mail.com,5555557699,67015705
Monica,,ocampo,Mother,monica.ocampo@mail.com,5555561312,67015706
Ashley,,whaley,Mother,ashley.whaley@mail.com,5555556449,67015707
Elsa,,shores,Mother,elsa.shores@mail.com,5555558278,67015708
Luisa,,darby,Mother,luisa.darby@mail.com,5555560413,67015709
Mayra,,stoltz,Mother,mayra.stoltz@mail.com,5555561756,67015710
Mayra,,roger,Grandmother,mayra.roger@mail.com,5555561384,67015711
Leslie,,duval,Mother,leslie.duval@mail.com,5555560069,67015712
Josielyne,,slaton,Mother,josielyne.slaton@mail.com,5555559527,67015713
Monica,,toliver,Mother,monica.toliver@mail.com,5555561327,67015714
Mayra,,patch,Mother,mayra.patch@mail.com,5555560983,67015715
Silvia,,gaither,Mother,silvia.gaither@mail.com,5555562710,67015716
Marcia,,heintz,Mother,marcia.heintz@mail.com,5555561021,67015717
Samantha,,smart,Mother,samantha.smart@mail.com,5555562507,67015718
Cynthia,,stitt,Mother,cynthia.stitt@mail.com,5555561344,67015719
Ana,,snipes,Mother,ana.snipes@mail.com,5555563693,67015720
Karina,,mccreary,Mother,karina.mccreary@mail.com,5555559696,67015721
Jocelyn,,witham,Mother,jocelyn.witham@mail.com,5555556698,67015722
Diana,,bushey,Mother,diana.bushey@mail.com,5555557728,67015723
Jazmin,,whitehouse,Mother,jazmin.whitehouse@mail.com,5555555785,67015724
Georgina,,bowler,Mother,georgina.bowler@mail.com,5555558563,67015725
Giovanna,,wales,Mother,giovanna.wales@mail.com,5555563181,67015726
Ana,,ramirez,Mother,ana.ramirez@mail.com,5555556082,67015727
Cynthia,,laney,Mother,cynthia.laney@mail.com,5555557481,67015728
Mayra,,willey,Mother,mayra.willey@mail.com,5555561757,67015729
Karen,,norwood,Mother,karen.norwood@mail.com,5555562022,67015730
Tania,,denney,Mother,tania.denney@mail.com,5555562933,67015731
Caroline,,paris,Mother,caroline.paris@mail.com,5555559703,67015732
Yvonne,,burg,Mother,yvonne.burg@mail.com,5555563616,67015733
Juan,,schwarz,Stepfather,juan.schwarz@mail.com,5555563777,67015734
Melina,,kirkwood,Mother,melina.kirkwood@mail.com,5555561060,67015735
Karime,,robert,Mother,karime.robert@mail.com,5555559680,67015736
Areli,,melvin,Mother,areli.melvin@mail.com,5555560553,67015737
Griselda,,kwan,Mother,griselda.kwan@mail.com,5555558537,67015738
Laura,,guerrero,Mother,laura.guerrero@mail.com,5555559954,67015739
Sergio,,scroggins,Father,sergio.scroggins@mail.com,5555561736,67015740
Gisela,,gannon,Mother,gisela.gannon@mail.com,5555558752,67015741
Elizbeth,,kurtz,Mother,elizbeth.kurtz@mail.com,5555558017,67015742
Adriana,,mccray,Mother,adriana.mccray@mail.com,5555555673,67015743
Karen,,shrader,Mother,karen.shrader@mail.com,5555559899,67015744
Julia,,chrisman,Mother,julia.chrisman@mail.com,5555559599,67015745
Zarahi,,houghton,Mother,zarahi.houghton@mail.com,5555563972,67015746
Dalel,,kingsbury,Mother,dalel.kingsbury@mail.com,5555561704,67015747
Maricruz,,null,Mother,maricruz.null@mail.com,5555560795,67015748
Jazlynn,,groce,Mother,jazlynn.groce@mail.com,5555559248,67015749
Briceyda,,trinh,Mother,briceyda.trinh@mail.com,5555556834,67015750
Cristina,,easley,Mother,cristina.easley@mail.com,5555562215,67015751
Prisscila,,favela,Mother,prisscila.favela@mail.com,5555562044,67015752
Kenya,,parkhurst,Mother,kenya.parkhurst@mail.com,5555559843,67015753
Zoila,,sumpter,Mother,zoila.sumpter@mail.com,5555562456,67015754
Danasy,,dexter,Mother,danasy.dexter@mail.com,5555556500,67015755
Karla,,chaplin,Mother,karla.chaplin@mail.com,5555559717,67015756
Karla,,krug,Mother,karla.krug@mail.com,5555559706,67015757
Luz,,roscoe,Mother,luz.roscoe@mail.com,5555560505,67015758
Venessa,,bernstein,Mother,venessa.bernstein@mail.com,5555563196,67015759
Yesenia,,comstock,Mother,yesenia.comstock@mail.com,5555563513,67015760
Maritza,,eudy,Mother,maritza.eudy@mail.com,5555562452,67015761
Silvia,,lance,Mother,silvia.lance@mail.com,5555563174,67015762
Denise,,alden,Mother,denise.alden@mail.com,5555557621,67015763
Leonardo,,fant,Father,leonardo.fant@mail.com,5555563956,67015764
Liliana,,mckinnon,Mother,liliana.mckinnon@mail.com,5555560371,67015765
Briceyda,,hetrick,Mother,briceyda.hetrick@mail.com,5555556835,67015766
Alma,,martin,Mother,alma.martin@mail.com,5555559351,67015767
Cinthia,,betz,Mother,cinthia.betz@mail.com,5555557251,67015768
Sylvia,,christenson,Mother,sylvia.christenson@mail.com,5555562905,67015769
Cinthia,,showalter,Mother,cinthia.showalter@mail.com,5555563323,67015770
Sandra,,eddy,Mother,sandra.eddy@mail.com,5555562734,67015771
Maria,,gaffney,Mother,maria.gaffney@mail.com,5555562797,67015772
Beatriz,,tillis,Mother,beatriz.tillis@mail.com,5555556339,67015773
Diana,,timm,Mother,diana.timm@mail.com,5555557749,67015774
Cinthia,,mckenna,Mother,cinthia.mckenna@mail.com,5555557266,67015775
Jocelyn,,pelton,Mother,jocelyn.pelton@mail.com,5555556699,67015776
Alma,,couch,Mother,alma.couch@mail.com,5555562445,67015777
Dalel,,metts,Mother,dalel.metts@mail.com,5555561703,67015778
Elizabeth,,thorson,Mother,elizabeth.thorson@mail.com,5555559146,67015779
Maxtla,,lent,Mother,maxtla.lent@mail.com,5555560969,67015780
Maria,,kellerman,Mother,maria.kellerman@mail.com,5555563003,67015781
Cynthia,,riffle,Mother,cynthia.riffle@mail.com,5555557498,67015782
Jose,,sessions,Father,jose.sessions@mail.com,5555563813,67015783
Flor,,perrine,Mother,flor.perrine@mail.com,5555558412,67015784
Maria,,cowles,Mother,maria.cowles@mail.com,5555560503,67015785
Ashley,,hanson,Mother,ashley.hanson@mail.com,5555556450,67015786
Melissa,,jablonski,Mother,melissa.jablonski@mail.com,5555561139,67015787
Alicia,,noel,Mother,alicia.noel@mail.com,5555556473,67015788
Jenny,,clapp,Mother,jenny.clapp@mail.com,5555559300,67015789
Noemi,,mertz,Mother,noemi.mertz@mail.com,5555556336,67015790
Gina,,provencher,Mother,gina.provencher@mail.com,5555558605,67015791
Natalia,,gaines,Mother,natalia.gaines@mail.com,5555561538,67015792
Jenniffer,,romano,Mother,jenniffer.romano@mail.com,5555558909,67015793
Luz,,chadwick,Mother,luz.chadwick@mail.com,5555560496,67015794
Claudia,,spitzer,Mother,claudia.spitzer@mail.com,5555557366,67015795
Gabriela,,bingham,Mother,gabriela.bingham@mail.com,5555558481,67015796
Gabriela,,mumford,Mother,gabriela.mumford@mail.com,5555558482,67015797
Lesly,,ruelas,Mother,lesly.ruelas@mail.com,5555558910,67015798
Yadira,,counts,Mother,yadira.counts@mail.com,5555563542,67015799
Nidia,,wade,Mother,nidia.wade@mail.com,5555561630,67015800
Blanca,,markus,Court Appointed Guardian,blanca.markus@mail.com,5555559153,67015801
Blanca,,cheng,Court Appointed Guardian,blanca.cheng@mail.com,5555559152,67015802
Leslie,,rayford,Mother,leslie.rayford@mail.com,5555560054,67015803
Guadalupe,,segura,Mother,guadalupe.segura@mail.com,5555563749,67015804
Gabriela,,boatright,Mother,gabriela.boatright@mail.com,5555558676,67015805
Cynthia,,palmer,Mother,cynthia.palmer@mail.com,5555556070,67015806
Kassandra,,schlueter,Mother,kassandra.schlueter@mail.com,5555559775,67015807
Susana,,enriquez,Mother,susana.enriquez@mail.com,5555558689,67015808
Lorena,,easley,Mother,lorena.easley@mail.com,5555559490,67015809
Nayely,,wyatt,Mother,nayely.wyatt@mail.com,5555561570,67015810
Andres,,hilbert,Father,andres.hilbert@mail.com,5555558955,67015811
Baneza,,soliz,Mother,baneza.soliz@mail.com,5555556560,67015812
Darinka,,gilson,Mother,darinka.gilson@mail.com,5555557602,67015813
Yesenia,,camara,Mother,yesenia.camara@mail.com,5555562264,67015814
Elizabeth,,battaglia,Mother,elizabeth.battaglia@mail.com,5555559147,67015815
Karen,,sanford,Mother,karen.sanford@mail.com,5555559898,67015816
Lucia,,suttle,Mother,lucia.suttle@mail.com,5555560520,67015817
Luis,,pollard,Stepfather,luis.pollard@mail.com,5555563759,67015818
Dulce,,absher,Mother,dulce.absher@mail.com,5555557844,67015819
Bernardo,,askew,Father,bernardo.askew@mail.com,5555556647,67015820
Samantha,,lea,Mother,samantha.lea@mail.com,5555562501,67015821
Cinthya,,wise,Mother,cinthya.wise@mail.com,5555557268,67015822
Veronica,,tabor,Mother,veronica.tabor@mail.com,5555563216,67015823
Angelica,,deen,Mother,angelica.deen@mail.com,5555556223,67015824
Ana Karen,,nobles,Mother,ana karen.nobles@mail.com,5555559665,67015825
Caroline,,budde,Mother,caroline.budde@mail.com,5555559702,67015826
Angelica,,dumont,Mother,angelica.dumont@mail.com,5555557209,67015827
Oscar,,haddix,Father,oscar.haddix@mail.com,5555562121,67015828
Alejandrina,,brackett,Mother,alejandrina.brackett@mail.com,5555555877,67015829
Ana Karen,,guay,Mother,ana karen.guay@mail.com,5555559873,67015830
Naily,,newlin,Mother,naily.newlin@mail.com,5555559473,67015831
Sandra,,valle,Mother,sandra.valle@mail.com,5555562539,67015832
Maria de Jesus,,rhoden,Mother,maria de jesus.rhoden@mail.com,5555560719,67015833
Diana,,steadman,Mother,diana.steadman@mail.com,5555557822,67015834
Jazmin,,holcomb,Mother,jazmin.holcomb@mail.com,5555559236,67015835
Stephanie,,travis,Mother,stephanie.travis@mail.com,5555562842,67015836
Elizabeth,,burney,Mother,elizabeth.burney@mail.com,5555558007,67015837
Stephany,,chancey,Mother,stephany.chancey@mail.com,5555562846,67015838
Debbie,,sander,Mother,debbie.sander@mail.com,5555559901,67015839
Guadalupe,,mathias,Mother,guadalupe.mathias@mail.com,5555560492,67015840
Yareli,,yarbrough,Mother,yareli.yarbrough@mail.com,5555563457,67015842
Yolanda,,fussell,Mother,yolanda.fussell@mail.com,5555563277,67015843
Korinna,,aleman,Mother,korinna.aleman@mail.com,5555559905,67015844
Yajaira,,colson,Mother,yajaira.colson@mail.com,5555558450,67015845
Angelica paola,,kilmer,Mother,angelica paola.kilmer@mail.com,5555561847,67015846
Sara,,longo,Mother,sara.longo@mail.com,5555563580,67015847
Reyna,,stern,Mother,reyna.stern@mail.com,5555562181,67015848
Guadalupe,,randell,Mother,guadalupe.randell@mail.com,5555558513,67015849
Anaiza,,staggs,Mother,anaiza.staggs@mail.com,5555556025,67015850
Alberto,,towns,Father,alberto.towns@mail.com,5555562591,67015851
Maria Del Carmen,,millington,Mother,maria del carmen.millington@mail.com,5555560712,67015852
Lesly,,luna,Mother,lesly.luna@mail.com,5555558911,67015853
Stephanie,,chenoweth,Mother,stephanie.chenoweth@mail.com,5555558308,67015854
Cristal,,kremer,Mother,cristal.kremer@mail.com,5555557408,67015855
Stephany,,dorn,Mother,stephany.dorn@mail.com,5555558316,67015856
Gilberto,,villegas,Father,gilberto.villegas@mail.com,5555558594,67015857
Merle,,philip,Multiple Parents/Guardians/Caretakers,merle.philip@mail.com,5555561135,67015858
Prisscila,,noe,Mother,prisscila.noe@mail.com,5555562045,67015859
Marisol,,mcleod,Mother,marisol.mcleod@mail.com,5555558674,67015860
Suzana,,bays,Mother,suzana.bays@mail.com,5555562897,67015861
Miriam,,bessette,Mother,miriam.bessette@mail.com,5555561449,67015862
Jazmin,,dash,Mother,jazmin.dash@mail.com,5555557824,67015863
Caroline,,kline,Mother,caroline.kline@mail.com,5555559704,67015864
Alejandra,,kimes,Mother,alejandra.kimes@mail.com,5555562466,67015865
Ofelia,,danley,Mother,ofelia.danley@mail.com,5555560274,67015866
Desiree,,lam,Mother,desiree.lam@mail.com,5555557698,67015867
Anaydee,,allard,Mother,anaydee.allard@mail.com,5555556152,67015868
Sylvia,,renfro,Mother,sylvia.renfro@mail.com,5555562907,67015869
Evelin,,gannon,Mother,evelin.gannon@mail.com,5555558248,67015870
Jessica,,coble,Mother,jessica.coble@mail.com,5555558847,67015871
Alejandrina,,sweitzer,Mother,alejandrina.sweitzer@mail.com,5555555875,67015872
Jenniffer,,baskerville,Mother,jenniffer.baskerville@mail.com,5555558908,67015873
Zindy,,lowe,Mother,zindy.lowe@mail.com,5555563653,67015874
Brenda,,churchwell,Mother,brenda.churchwell@mail.com,5555556677,67015875
Natalia,,pipkin,Mother,natalia.pipkin@mail.com,5555561536,67015876
Brenda,,skelton,Mother,brenda.skelton@mail.com,5555560415,67015877
Roxana,,tighe,Mother,roxana.tighe@mail.com,5555562516,67015878
Edna,,stoll,Mother,edna.stoll@mail.com,5555555761,67015879
Alberto,,kong,Father,alberto.kong@mail.com,5555562175,67015880
Emma,,mccall,Mother,emma.mccall@mail.com,5555558079,67015881
Rogelio,,mazza,Father,rogelio.mazza@mail.com,5555561561,67015882
Lucia,,page,Mother,lucia.page@mail.com,5555560293,67015883
Silvia,,leath,Mother,silvia.leath@mail.com,5555563175,67015884
Adriana,,werner,Mother,adriana.werner@mail.com,5555555607,67015885
Joanna,,barber,Mother,joanna.barber@mail.com,5555559391,67015886
Maria,,song,Mother,maria.song@mail.com,5555558526,67015887
Carolina,,gann,Mother,carolina.gann@mail.com,5555559923,67015888
Reyna,,edmonson,Mother,reyna.edmonson@mail.com,5555561147,67015889
John,,goldstein,Father,john.goldstein@mail.com,5555559466,67015890
John,,charles,Father,john.charles@mail.com,5555559467,67015891
BELEM,,abrego,Mother,belem.abrego@mail.com,5555561563,67015892
ADILENNE,,samuels,Mother,adilenne.samuels@mail.com,5555555722,67015893
Veronica,,weimer,Mother,veronica.weimer@mail.com,5555563217,67015894
Kenya,,hansel,Mother,kenya.hansel@mail.com,5555559844,67015895
Mayra,,lawler,Mother,mayra.lawler@mail.com,5555561003,67015896
Alma,,mintz,Mother,alma.mintz@mail.com,5555555982,67015897
Yareli,,lilley,Mother,yareli.lilley@mail.com,5555563458,67015898
Danasy,,felton,Mother,danasy.felton@mail.com,5555556499,67015899
Cesar,,strickland,Father,cesar.strickland@mail.com,5555563842,67015900
Sara,,burger,Mother,sara.burger@mail.com,5555563579,67015901
Krystal,,bey,Mother,krystal.bey@mail.com,5555557574,67015902
Selene,,everhart,Mother,selene.everhart@mail.com,5555562632,67015903
Yuritzy,,gall,Mother,yuritzy.gall@mail.com,5555563605,67015904
Tania,,kozlowski,Mother,tania.kozlowski@mail.com,5555562934,67015905
Gabriela,,dumas,Mother,gabriela.dumas@mail.com,5555558483,67015906
Julia,,crossman,Mother,julia.crossman@mail.com,5555559598,67015907
Sarai,,nagle,Mother,sarai.nagle@mail.com,5555560531,67015908
Iris,,wrenn,Mother,iris.wrenn@mail.com,5555557460,67015909
Karla,,lundy,Mother,karla.lundy@mail.com,5555557456,67015910
Roxana,,easley,Mother,roxana.easley@mail.com,5555562396,67015911
Violeta,,lachance,Mother,violeta.lachance@mail.com,5555562269,67015912
Rafael,,teasley,Father,rafael.teasley@mail.com,5555561075,67015913
Maria,,flood,Mother,maria.flood@mail.com,5555558349,67015914
Angel,,sussman,Father,angel.sussman@mail.com,5555556200,67015915
Victor,,pullen,Father,victor.pullen@mail.com,5555558788,67015916
Guadalupe,,beal,Mother,guadalupe.beal@mail.com,5555558577,67015917
Denise,,conners,Mother,denise.conners@mail.com,5555557622,67015918
Nora,,kauffman,Mother,nora.kauffman@mail.com,5555557176,67015919
Melina,,galvan,Mother,melina.galvan@mail.com,5555561059,67015920
Laura,,zamudio,Mother,laura.zamudio@mail.com,5555560031,67015921
Sylvia,,cadena,Mother,sylvia.cadena@mail.com,5555562906,67015922
Jesus,,corley,Father,jesus.corley@mail.com,5555556552,67015923
Juan,,bard,Stepfather,juan.bard@mail.com,5555563773,67015924
Jenniffer,,myles,Mother,jenniffer.myles@mail.com,5555558907,67015925
Maria,,boyd,Mother,maria.boyd@mail.com,5555563004,67015926
Alejandrina,,bates,Mother,alejandrina.bates@mail.com,5555555876,67015927
Stephanie,,taggart,Mother,stephanie.taggart@mail.com,5555562832,67015928
Elvia,,pearl,Mother,elvia.pearl@mail.com,5555562606,67015929
Perla,,heffner,Mother,perla.heffner@mail.com,5555561931,67015930
Victoria,,mesa,Mother,victoria.mesa@mail.com,5555563271,67015931
Susana,,redmon,Mother,susana.redmon@mail.com,5555558688,67015932
Linda,,staples,Mother,linda.staples@mail.com,5555560205,67015933
BELEM,,helmer,Mother,belem.helmer@mail.com,5555561562,67015934
Krystal,,groom,Mother,krystal.groom@mail.com,5555557575,67015935
Jocelyn,,catlin,Mother,jocelyn.catlin@mail.com,5555559530,67015936
Barbara,,mcginley,Mother,barbara.mcginley@mail.com,5555557821,67015937
Cinthia,,janes,Mother,cinthia.janes@mail.com,5555557255,67015938
Jesus,,weeks,Mother,jesus.weeks@mail.com,5555555679,67015939
Amber,,holly,Mother,amber.holly@mail.com,5555556533,67015940
Denisse,,benford,Mother,denisse.benford@mail.com,5555558328,67015941
Priscilla,,dehart,Mother,priscilla.dehart@mail.com,5555559549,67015942
Michelle,,mannino,Mother,michelle.mannino@mail.com,5555561175,67015943
Victoriana,,ali,Multiple Parents/Guardians/Caretakers,victoriana.ali@mail.com,5555557775,67015944
Evelin,,church,Mother,evelin.church@mail.com,5555558249,67015945
Sonia,,goldman,Mother,sonia.goldman@mail.com,5555562778,67015946
Fabiola,,camp,Mother,fabiola.camp@mail.com,5555558293,67015947
Brianda,,lin,Mother,brianda.lin@mail.com,5555556805,67015948
Isabel,,murillo,Mother,isabel.murillo@mail.com,5555559010,67015949
Isabel,,grimm,Mother,isabel.grimm@mail.com,5555559011,67015950
Noemi,,wolff,Mother,noemi.wolff@mail.com,5555556335,67015951
Reyna,,stump,Mother,reyna.stump@mail.com,5555562139,67015952
Liliana,,traylor,Mother,liliana.traylor@mail.com,5555560370,67015953
Luz,,ligon,Mother,luz.ligon@mail.com,5555560497,67015954
Maria,,guillory,Mother,maria.guillory@mail.com,5555560750,67015955
Leslie,,carson,Mother,leslie.carson@mail.com,5555564042,67015956
Astrid,,mattingly,Mother,astrid.mattingly@mail.com,5555556472,67015957
Maria,,albanese,Mother,maria.albanese@mail.com,5555560726,67015958
Giovanna,,holbert,Mother,giovanna.holbert@mail.com,5555563182,67015959
Ana,,leary,Mother,ana.leary@mail.com,5555562192,67015960
Carlos,,shea,Father,carlos.shea@mail.com,5555556962,67015961
Abigail,,trull,Mother,abigail.trull@mail.com,5555561593,67015962
Gabriela,,kee,Mother,gabriela.kee@mail.com,5555558480,67015963
Laura,,rule,Mother,laura.rule@mail.com,5555560003,67015964
Stephany,,wagoner,Mother,stephany.wagoner@mail.com,5555558315,67015965
Joanna,,peel,Mother,joanna.peel@mail.com,5555559401,67015966
Roxanna,,holland,Mother,roxanna.holland@mail.com,5555561965,67015967
Rebeca,,hardwick,Grandmother,rebeca.hardwick@mail.com,5555561330,67015968
Maria Elizabeth,,stites,Mother,maria elizabeth.stites@mail.com,5555558339,67015969
Rafaela,,kahler,Grandmother,rafaela.kahler@mail.com,5555557866,67015970
Maria,,neff,Court Appointed Guardian,maria.neff@mail.com,5555560711,67015971
Priscilla,,ornelas,Mother,priscilla.ornelas@mail.com,5555562049,67015972
Diana,,fitts,Mother,diana.fitts@mail.com,5555556111,67015973
Glenda,,erb,Mother,glenda.erb@mail.com,5555558651,67015974
Jessica,,aiello,Mother,jessica.aiello@mail.com,5555558848,67015975
Karla,,tolbert,Mother,karla.tolbert@mail.com,5555559088,67015976
Gisselle,,emerick,Mother,gisselle.emerick@mail.com,5555558631,67015977
Diana,,dailey,Mother,diana.dailey@mail.com,5555557727,67015978
Fabiola,,bare,Mother,fabiola.bare@mail.com,5555558292,67015979
Alejandra,,jemison,Mother,alejandra.jemison@mail.com,5555555885,67015980
Reyna,,teague,Mother,reyna.teague@mail.com,5555562138,67015981
Olga,,mckoy,Mother,olga.mckoy@mail.com,5555561723,67015982
Vanessa,,durant,Mother,vanessa.durant@mail.com,5555556634,67015983
Maria,,macfarlane,Mother,maria.macfarlane@mail.com,5555558899,67015984
Vanessa,,loveland,Mother,vanessa.loveland@mail.com,5555557190,67015985
Nereida,,reimer,Mother,nereida.reimer@mail.com,5555563811,67015986
Silvia,,juarez,Mother,silvia.juarez@mail.com,5555562708,67015987
Maria,,guffey,Mother,maria.guffey@mail.com,5555560749,67015988
Yvonne,,simon,Mother,yvonne.simon@mail.com,5555563617,67015989
Anabel,,tolbert,Mother,anabel.tolbert@mail.com,5555556089,67015990
Diane,,alfred,Mother,diane.alfred@mail.com,5555557757,67015991
Silvia,,rick,Mother,silvia.rick@mail.com,5555557685,67015992
Edna,,mallett,Mother,edna.mallett@mail.com,5555555762,67015993
Yuriria,,solano,Mother,yuriria.solano@mail.com,5555555848,67015994
Jovanna,,stowe,Mother,jovanna.stowe@mail.com,5555559540,67015995
Cynthia,,jack,Mother,cynthia.jack@mail.com,5555557482,67015996
Perla,,stouffer,Mother,perla.stouffer@mail.com,5555561932,67015997
Prisscila,,blood,Mother,prisscila.blood@mail.com,5555562046,67015998
Yolanda,,vanhorn,Mother,yolanda.vanhorn@mail.com,5555563551,67015999
Alma,,gabbard,Mother,alma.gabbard@mail.com,5555561690,67016000
Reyna,,pickens,Mother,reyna.pickens@mail.com,5555560858,67016001
Alan,,bradfield,Father,alan.bradfield@mail.com,5555555807,67016002
Guadalupe,,lawhorn,Mother,guadalupe.lawhorn@mail.com,5555558578,67016003
Cindy,,lipscomb,Mother,cindy.lipscomb@mail.com,5555557248,67016004
Laura,,alcaraz,Mother,laura.alcaraz@mail.com,5555559975,67016005
Lorena,,humphries,Mother,lorena.humphries@mail.com,5555560303,67016006
Briceyda,,rivas,Mother,briceyda.rivas@mail.com,5555556832,67016007
Yaneth,,rockwell,Mother,yaneth.rockwell@mail.com,5555561590,67016008
Maria,,bettencourt,Mother,maria.bettencourt@mail.com,5555561239,67016009
Guadalupe,,laster,Mother,guadalupe.laster@mail.com,5555560474,67016010
Guillermo,,hurt,Father,guillermo.hurt@mail.com,5555558535,67016011
Eveline,,westover,Mother,eveline.westover@mail.com,5555561039,67016012
Mayra,,krug,Mother,mayra.krug@mail.com,5555561005,67016013
Suzana,,roberts,Mother,suzana.roberts@mail.com,5555562896,67016014
Briggitte,,gale,Mother,briggitte.gale@mail.com,5555556839,67016015
Danasy,,burdette,Mother,danasy.burdette@mail.com,5555556501,67016016
Laura,,tarr,Mother,laura.tarr@mail.com,5555556012,67016017
Sara,,ard,Mother,sara.ard@mail.com,5555563578,67016018
Elizbeth,,wooley,Mother,elizbeth.wooley@mail.com,5555558016,67016019
Lucila,,clement,Mother,lucila.clement@mail.com,5555560388,67016020
Stephanie,,valencia,Mother,stephanie.valencia@mail.com,5555558699,67016021
Stephanie,,renfro,Mother,stephanie.renfro@mail.com,5555558700,67016022
Lesli,,malik,Mother,lesli.malik@mail.com,5555560075,67016023
Maxtla,,newcomb,Mother,maxtla.newcomb@mail.com,5555560968,67016024
Lucia,,wynn,Mother,lucia.wynn@mail.com,5555560519,67016025
Luz Maria,,arnold,Mother,luz maria.arnold@mail.com,5555560513,67016026
Mariel,,tovar,Mother,mariel.tovar@mail.com,5555561156,67016027
Reyna,,glick,Mother,reyna.glick@mail.com,5555562180,67016028
Karen,,ready,Other Relationship,karen.ready@mail.com,5555559655,67016029
priscila,,barbieri,Mother,priscila.barbieri@mail.com,5555561958,67016030
Cindya,,sessions,Mother,cindya.sessions@mail.com,5555556732,67016031
Karen,,bradfield,Mother,karen.bradfield@mail.com,5555559803,67016032
Anaiza,,rinehart,Mother,anaiza.rinehart@mail.com,5555556026,67016033
Monica,,camarillo,Mother,monica.camarillo@mail.com,5555561313,67016034
Luis,,cade,Father,luis.cade@mail.com,5555562920,67016035
Evelyn,,medlock,Mother,evelyn.medlock@mail.com,5555563427,67016036
Karla,,keaton,Mother,karla.keaton@mail.com,5555557457,67016037
Cristal,,benally,Mother,cristal.benally@mail.com,5555557409,67016038
Luis,,lerma,Father,luis.lerma@mail.com,5555562919,67016039
Ana,,smart,Mother,ana.smart@mail.com,5555556081,67016040
Yesenia,,kahl,Mother,yesenia.kahl@mail.com,5555562265,67016041
Samantha,,villarreal,Mother,samantha.villarreal@mail.com,5555562502,67016042
Cynthia,,stadler,Mother,cynthia.stadler@mail.com,5555557476,67016043
Genesis,,romano,Mother,genesis.romano@mail.com,5555558557,67016044
Sara,,myrick,Mother,sara.myrick@mail.com,5555561552,67016045
Ignacio,,rinaldi,Father,ignacio.rinaldi@mail.com,5555559982,67016046
Reyna,,noe,Mother,reyna.noe@mail.com,5555561148,67016047
Kenya,,hardcastle,Mother,kenya.hardcastle@mail.com,5555559845,67016048
Barbara,,sales,Mother,barbara.sales@mail.com,5555557820,67016049
Cesar,,dalessio,Father,cesar.dalessio@mail.com,5555563841,67016050
Yvonne,,swift,Mother,yvonne.swift@mail.com,5555563426,67016051
Anaydee,,parra,Mother,anaydee.parra@mail.com,5555556151,67016052
Cinthya,,blakely,Mother,cinthya.blakely@mail.com,5555557477,67016053
Rafael,,ali,Father,rafael.ali@mail.com,5555561076,67016054
Cinthia,,batey,Mother,cinthia.batey@mail.com,5555557254,67016055
Araceli,,boucher,Mother,araceli.boucher@mail.com,5555556326,67016056
Crystal,,dasilva,Mother,crystal.dasilva@mail.com,5555555658,67016057
Zindy,,foust,Mother,zindy.foust@mail.com,5555563654,67016058
Bertha,,souza,Mother,bertha.souza@mail.com,5555556998,67016059
Cindy,,flowers,Mother,cindy.flowers@mail.com,5555557249,67016060
Lucia,,meeker,Mother,lucia.meeker@mail.com,5555560290,67016061
Lucia,,kellum,Mother,lucia.kellum@mail.com,5555560291,67016062
Juan,,greathouse,Father,juan.greathouse@mail.com,5555559251,67016063
Michelle,,mcmillan,Mother,michelle.mcmillan@mail.com,5555561261,67016064
Brenda,,kraus,Mother,brenda.kraus@mail.com,5555556902,67016065
Cinthia,,murphree,Mother,cinthia.murphree@mail.com,5555557252,67016066
Mariana,,belton,Mother,mariana.belton@mail.com,5555561730,67016067
Kassandra,,arbogast,Mother,kassandra.arbogast@mail.com,5555556883,67016068
Vanessa,,mertens,Mother,vanessa.mertens@mail.com,5555556632,67016069
Guadalupe,,hildebrand,Mother,guadalupe.hildebrand@mail.com,5555558579,67016070
Anabel,,keeler,Mother,anabel.keeler@mail.com,5555556090,67016071
Leticia,,maxson,Mother,leticia.maxson@mail.com,5555563699,67016072
Yareli,,melendez,Mother,yareli.melendez@mail.com,5555563456,67016073
Nereida,,doran,Mother,nereida.doran@mail.com,5555563812,67016074
Liliana,,slaughter,Mother,liliana.slaughter@mail.com,5555560183,67016075
Araceli,,lamoureux,Mother,araceli.lamoureux@mail.com,5555557171,67016077
Maria,,dickey,Mother,maria.dickey@mail.com,5555556972,67016078
Iris,,horne,Mother,iris.horne@mail.com,5555558918,67016079
Estela,,runnels,Mother,estela.runnels@mail.com,5555562836,67016080
Zitlali,,burns,Mother,zitlali.burns@mail.com,5555561349,67016081
Elidia,,adkins,Mother,elidia.adkins@mail.com,5555556233,67016082
Alfonso,,justice,Father,alfonso.justice@mail.com,5555558018,67016083
Nora,,johns,Mother,nora.johns@mail.com,5555562926,67016084
Viviana,,carmichael,Mother,viviana.carmichael@mail.com,5555563259,67016085
Armida,,bohannon,Mother,armida.bohannon@mail.com,5555556405,67016086
Chris,,stillwell,Mother,chris.stillwell@mail.com,5555557210,67016087
Gerardo,,kavanaugh,Stepfather,gerardo.kavanaugh@mail.com,5555558571,67016088
Selene,,bullock,Mother,selene.bullock@mail.com,5555562631,67016089
Mary,,bowser,Mother,mary.bowser@mail.com,5555560936,67016091
Abril,,mccue,Caregiver,abril.mccue@mail.com,5555555629,67016092
Joanna,,piper,Mother,joanna.piper@mail.com,5555559418,67016093
Guadalupe,,beale,Mother,guadalupe.beale@mail.com,5555558514,67016094
Wendy,,foster,Mother,wendy.foster@mail.com,5555563371,67016095
Stephany,,rainwater,Mother,stephany.rainwater@mail.com,5555558317,67016096
Adan,,glaser,Father,adan.glaser@mail.com,5555555656,67016097
Carlos,,regan,Father,carlos.regan@mail.com,5555559980,67016098
Hugo,,lance,Father,hugo.lance@mail.com,5555558886,67016099
Yajaira,,kauffman,Mother,yajaira.kauffman@mail.com,5555556496,67016100
Michelle,,richman,Mother,michelle.richman@mail.com,5555561217,67016101
Airam,,richman,Mother,airam.richman@mail.com,5555555787,67016102
Jazmin,,hufford,Mother,jazmin.hufford@mail.com,5555556894,67016103
Jonathan,,lebrun,Father,jonathan.lebrun@mail.com,5555559475,67016104
Leslie,,deguzman,Mother,leslie.deguzman@mail.com,5555556261,67016105
Andrea,,sternberg,Mother,andrea.sternberg@mail.com,5555563084,67016106
Dilian,,hartsell,Mother,dilian.hartsell@mail.com,5555557776,67016107
Itzel,,garvey,Mother,itzel.garvey@mail.com,5555560665,67016108
Maleni,,irons,Mother,maleni.irons@mail.com,5555560609,67016109
Alma,,colbert,Mother,alma.colbert@mail.com,5555555996,67016110
Ana,,melvin,Mother,ana.melvin@mail.com,5555558522,67016111
Yunuen,,beatty,Mother,yunuen.beatty@mail.com,5555556806,67016112
Bertha,,roop,Mother,bertha.roop@mail.com,5555556652,67016113
Vannessa,,almeida,Mother,vannessa.almeida@mail.com,5555563158,67016114
Neyda,,saldivar,Mother,neyda.saldivar@mail.com,5555557802,67016115
Candy,,thurmond,Mother,candy.thurmond@mail.com,5555557281,67016116
Yesenia,,calhoun,Mother,yesenia.calhoun@mail.com,5555563506,67016117
Elizabeth,,mattos,Mother,elizabeth.mattos@mail.com,5555562111,67016118
MARIA,,antonio,Mother,maria.antonio@mail.com,5555561986,67016119
Kenia,,fierro,Mother,kenia.fierro@mail.com,5555559824,67016120
Yessica,,trott,Mother,yessica.trott@mail.com,5555563519,67016121
Aylin,,hamblin,Mother,aylin.hamblin@mail.com,5555556521,67016122
Caroline,,blalock,Mother,caroline.blalock@mail.com,5555562267,67016123
Yesenia,,boughton,Mother,yesenia.boughton@mail.com,5555561879,67016124
Esther,,baily,Mother,esther.baily@mail.com,5555558225,67016125
Kevin,,raper,Father,kevin.raper@mail.com,5555559848,67016126
Nalleli,,hahn,Mother,nalleli.hahn@mail.com,5555561492,67016127
Blanca,,gallaher,Mother,blanca.gallaher@mail.com,5555563590,67016128
Joanna,,breault,Mother,joanna.breault@mail.com,5555559420,67016129
Paola,,jenkinson,Mother,paola.jenkinson@mail.com,5555563724,67016130
Ashley,,polley,Mother,ashley.polley@mail.com,5555562132,67016131
Melanny,,bateman,Mother,melanny.bateman@mail.com,5555555640,67016132
Maria del Socorro,,delrio,Mother,maria del socorro.delrio@mail.com,5555562744,67016133
Arlette Nayelly,,richey,Mother,arlette nayelly.richey@mail.com,5555556394,67016134
Samantha,,york,Mother,samantha.york@mail.com,5555562504,67016135
Talia,,pedersen,Mother,talia.pedersen@mail.com,5555562995,67016136
Mayra,,burroughs,Mother,mayra.burroughs@mail.com,5555561779,67016137
Jocelyn,,kistler,Mother,jocelyn.kistler@mail.com,5555559438,67016138
Jennifer,,cannady,Mother,jennifer.cannady@mail.com,5555557036,67016139
Mariel,,howard,Mother,mariel.howard@mail.com,5555560430,67016140
Elena,,ortiz,Mother,elena.ortiz@mail.com,5555560564,67016141
Erick,,fleming,Father,erick.fleming@mail.com,5555564051,67016142
Bianca,,keen,Mother,bianca.keen@mail.com,5555557058,67016143
Angela,,greenleaf,Mother,angela.greenleaf@mail.com,5555556195,67016144
Nadya,,chamberlain,Mother,nadya.chamberlain@mail.com,5555561482,67016145
Shannon,,mick,Mother,shannon.mick@mail.com,5555562659,67016146
Alma,,santacruz,Mother,alma.santacruz@mail.com,5555555995,67016147
Maleni,,devoe,Mother,maleni.devoe@mail.com,5555560608,67016148
Xochilt,,twitty,Mother,xochilt.twitty@mail.com,5555558510,67016149
Zaira,,nickens,Mother,zaira.nickens@mail.com,5555556594,67016150
Jazmin,,shanks,Mother,jazmin.shanks@mail.com,5555556893,67016151
Graciela,,padilla,Mother,graciela.padilla@mail.com,5555558583,67016152
Tavata,,argo,Mother,tavata.argo@mail.com,5555558407,67016153
Jennifer,,morrill,Mother,jennifer.morrill@mail.com,5555562117,67016154
Alma,,tanaka,Mother,alma.tanaka@mail.com,5555557681,67016155
Nabbil,,pate,Mother,nabbil.pate@mail.com,5555561472,67016156
Vanessa,,southard,Mother,vanessa.southard@mail.com,5555561112,67016157
Karen,,colvin,Mother,karen.colvin@mail.com,5555558321,67016158
Dolores,,weatherford,Mother,dolores.weatherford@mail.com,5555555845,67016159
Lisa Lopez,,burson,Mother,lisa lopez.burson@mail.com,5555560211,67016160
Leslie,,session,Mother,leslie.session@mail.com,5555556262,67016161
Paola,,buck,Mother,paola.buck@mail.com,5555561838,67016162
Jose,,dyke,Father,jose.dyke@mail.com,5555563681,67016163
Cynthia,,ojeda,Mother,cynthia.ojeda@mail.com,5555557495,67016164
Brittney,,chadwick,Mother,brittney.chadwick@mail.com,5555556836,67016165
Frances,,covey,Mother,frances.covey@mail.com,5555558377,67016166
Tania,,easton,Mother,tania.easton@mail.com,5555562937,67016167
Sylvia,,sonnier,Mother,sylvia.sonnier@mail.com,5555558984,67016168
Julissa,,pine,Mother,julissa.pine@mail.com,5555559620,67016169
Luz,,rupert,Mother,luz.rupert@mail.com,5555560504,67016170
Alexandra Michelle,,zielinski,Mother,alexandra michelle.zielinski@mail.com,5555559482,67016171
Miranda,,lawyer,Mother,miranda.lawyer@mail.com,5555558181,67016172
Daisy,,rolon,Mother,daisy.rolon@mail.com,5555557519,67016173
Carolina,,sparrow,Mother,carolina.sparrow@mail.com,5555556991,67016174
Lupita,,tilton,Mother,lupita.tilton@mail.com,5555560475,67016175
Leslie,,harp,Mother,leslie.harp@mail.com,5555560045,67016176
Maria,,maher,Mother,maria.maher@mail.com,5555560722,67016177
Jessica,,hance,Mother,jessica.hance@mail.com,5555559323,67016178
April,,brothers,Mother,april.brothers@mail.com,5555556245,67016179
Yalma,,blaisdell,Mother,yalma.blaisdell@mail.com,5555563425,67016180
Nicolasa,,addison,Mother,nicolasa.addison@mail.com,5555563891,67016181
Martha,,laws,Mother,martha.laws@mail.com,5555557979,67016182
Claudia,,morley,Mother,claudia.morley@mail.com,5555563415,67016183
Alicia,,massengale,Mother,alicia.massengale@mail.com,5555555942,67016184
Sandra,,mccurry,Mother,sandra.mccurry@mail.com,5555555769,67016185
Ildefonso,,strange,Father,ildefonso.strange@mail.com,5555558929,67016186
Linsy,,pendergrass,Mother,linsy.pendergrass@mail.com,5555560210,67016187
Jessica,,herren,Mother,jessica.herren@mail.com,5555559342,67016188
Adriana,,greiner,Mother,adriana.greiner@mail.com,5555556313,67016189
Marlin,,oliver,Mother,marlin.oliver@mail.com,5555562143,67016190
Evelyn,,lively,Mother,evelyn.lively@mail.com,5555563428,67016191
Annie,,weddle,Mother,annie.weddle@mail.com,5555556293,67016192
Doris,,small,Mother,doris.small@mail.com,5555556891,67016193
Yanka,,larochelle,Mother,yanka.larochelle@mail.com,5555558837,67016194
Karla,,edmunds,Mother,karla.edmunds@mail.com,5555559646,67016195
Egeo Daniel,,holbert,Grandfather,egeo daniel.holbert@mail.com,5555563834,67016196
Betzaida,,hough,Mother,betzaida.hough@mail.com,5555556672,67016197
Emilio,,bachman,Father,emilio.bachman@mail.com,5555562592,67016198
Blanca,,baeza,Mother,blanca.baeza@mail.com,5555556705,67016199
Karina,,espinoza,Mother,karina.espinoza@mail.com,5555556914,67016200
IRENE,,clemmons,Mother,irene.clemmons@mail.com,5555562648,67016201
Ruth Josefina,,velasco,Mother,ruth josefina.velasco@mail.com,5555562459,67016202
Gabriela,,basile,Mother,gabriela.basile@mail.com,5555558476,67016203
Jesus,,gove,Father,jesus.gove@mail.com,5555562077,67016204
Laura,,large,Mother,laura.large@mail.com,5555556741,67016206
Josie,,cardona,Mother,josie.cardona@mail.com,5555562973,67016207
Gina,,acord,Mother,gina.acord@mail.com,5555558604,67016208
Marlene,,kunkel,Mother,marlene.kunkel@mail.com,5555563727,67016209
Ana,,osgood,Caregiver,ana.osgood@mail.com,5555556134,67016210
Jordana,,wendel,Mother,jordana.wendel@mail.com,5555563680,67016211
Viridiana,,prado,Mother,viridiana.prado@mail.com,5555563307,67016212
Ashley,,shepherd,Mother,ashley.shepherd@mail.com,5555564011,67016213
Nallely,,stringer,Mother,nallely.stringer@mail.com,5555558402,67016214
Kristian,,stockman,Mother,kristian.stockman@mail.com,5555559903,67016215
Hilda,,hardison,Mother,hilda.hardison@mail.com,5555558863,67016216
Priscilla,,baumann,Mother,priscilla.baumann@mail.com,5555562033,67016217
Veronica,,becerra,Mother,veronica.becerra@mail.com,5555563249,67016218
Maritza,,rathbun,Mother,maritza.rathbun@mail.com,5555560846,67016219
Maritza,,maloney,Mother,maritza.maloney@mail.com,5555560847,67016220
Laura,,barnette,Mother,laura.barnette@mail.com,5555559993,67016221
Ana,,corbitt,Mother,ana.corbitt@mail.com,5555561118,67016222
Ana,,comeaux,Mother,ana.comeaux@mail.com,5555557640,67016223
Priscilia,,apodaca,Mother,priscilia.apodaca@mail.com,5555562019,67016224
Diana,,peters,Mother,diana.peters@mail.com,5555557713,67016225
Ilse,,hazen,Mother,ilse.hazen@mail.com,5555558938,67016226
Jessica,,hobart,Mother,jessica.hobart@mail.com,5555558357,67016227
Miranda,,howell,Mother,miranda.howell@mail.com,5555558182,67016228
Priscilla,,thao,Mother,priscilla.thao@mail.com,5555561976,67016229
Claudia,,lizotte,Mother,claudia.lizotte@mail.com,5555558364,67016230
Claudia,,barajas,Mother,claudia.barajas@mail.com,5555557333,67016231
Sarai,,treadway,Mother,sarai.treadway@mail.com,5555561417,67016232
Alma,,thaxton,Mother,alma.thaxton@mail.com,5555559688,67016233
Yadira,,boring,Mother,yadira.boring@mail.com,5555563851,67016234
Maribel,,batten,Uncle,maribel.batten@mail.com,5555561558,67016235
Oscar,,bissell,Father,oscar.bissell@mail.com,5555564018,67016236
Elena,,underhill,Mother,elena.underhill@mail.com,5555561297,67016237
Celida,,martin,Mother,celida.martin@mail.com,5555557101,67016238
Patricia,,ogle,Mother,patricia.ogle@mail.com,5555562572,67016239
Cynthia,,revell,Mother,cynthia.revell@mail.com,5555557496,67016240
Leonor,,lindsay,Mother,leonor.lindsay@mail.com,5555561246,67016241
Christina,,mattson,Mother,christina.mattson@mail.com,5555560734,67016242
Adriana,,antoine,Mother,adriana.antoine@mail.com,5555561712,67016243
Adriana,,woodbury,Mother,adriana.woodbury@mail.com,5555555718,67016244
Arlette Nayelly,,arevalo,Mother,arlette nayelly.arevalo@mail.com,5555556395,67016245
Rosalinda,,gilman,Mother,rosalinda.gilman@mail.com,5555562328,67016246
Karen,,royal,Mother,karen.royal@mail.com,5555559811,67016247
Bertha,,hardman,Mother,bertha.hardman@mail.com,5555556655,67016248
Yohana,,sturm,Mother,yohana.sturm@mail.com,5555563550,67016249
Olga,,sparkman,Mother,olga.sparkman@mail.com,5555560120,67016250
Maria,,desmond,Mother,maria.desmond@mail.com,5555560578,67016251
Eduardo,,sheridan,Father,eduardo.sheridan@mail.com,5555557926,67016252
Kenia,,francis,Mother,kenia.francis@mail.com,5555559825,67016253
Yessica,,batiste,Mother,yessica.batiste@mail.com,5555563518,67016254
Erika,,rumsey,Mother,erika.rumsey@mail.com,5555558143,67016255
Maria De Jesus,,keegan,Mother,maria de jesus.keegan@mail.com,5555560938,67016256
Melissa,,egbert,Mother,melissa.egbert@mail.com,5555561086,67016257
Alejandra,,spence,Grandmother,alejandra.spence@mail.com,5555556477,67016258
Maria,,messina,Mother,maria.messina@mail.com,5555562282,67016259
Maria,,campbell,Mother,maria.campbell@mail.com,5555562283,67016260
Laura,,peeples,Mother,laura.peeples@mail.com,5555556426,67016261
Isaura,,sosa,Mother,isaura.sosa@mail.com,5555559027,67016262
Roxana,,cage,Mother,roxana.cage@mail.com,5555562392,67016263
Jhoana,,sartin,Mother,jhoana.sartin@mail.com,5555558636,67016264
Iris,,trader,Mother,iris.trader@mail.com,5555558976,67016265
Patricia,,florence,Mother,patricia.florence@mail.com,5555561876,67016266
Erick,,bibbs,Father,erick.bibbs@mail.com,5555564050,67016267
Yanin,,dugan,Mother,yanin.dugan@mail.com,5555563443,67016268
Maria,,terrell,Grandmother,maria.terrell@mail.com,5555563735,67016269
Kimberly,,fee,Mother,kimberly.fee@mail.com,5555559856,67016270
Ambar,,isbell,Mother,ambar.isbell@mail.com,5555563914,67016271
Laura,,gifford,Mother,laura.gifford@mail.com,5555560294,67016272
Yolanda,,pfaff,Mother,yolanda.pfaff@mail.com,5555563582,67016273
Judith,,claudio,Mother,judith.claudio@mail.com,5555561363,67016274
Angela,,hossain,Mother,angela.hossain@mail.com,5555559007,67016275
Angela,,golden,Mother,angela.golden@mail.com,5555559008,67016276
Michelle,,goodin,Mother,michelle.goodin@mail.com,5555558600,67016277
Linsy,,buggs,Mother,linsy.buggs@mail.com,5555560209,67016278
Emily,,hamilton,Mother,emily.hamilton@mail.com,5555558692,67016279
Melany,,schuster,Mother,melany.schuster@mail.com,5555561051,67016280
Larissa,,haskins,Mother,larissa.haskins@mail.com,5555559990,67016281
Aaron,,sorensen,Father,aaron.sorensen@mail.com,5555555614,67016282
Karen,,calvin,Mother,karen.calvin@mail.com,5555561352,67016283
Alejandra,,mulligan,Mother,alejandra.mulligan@mail.com,5555561369,67016284
Blanca,,barron,Mother,blanca.barron@mail.com,5555563589,67016285
Priscilla,,mcdonough,Mother,priscilla.mcdonough@mail.com,5555562025,67016286
Juana,,duff,Mother,juana.duff@mail.com,5555557104,67016287
Annie,,pulliam,Mother,annie.pulliam@mail.com,5555556291,67016288
Annie,,gilmer,Mother,annie.gilmer@mail.com,5555556292,67016289
jocelyn,,savoy,Mother,jocelyn.savoy@mail.com,5555563660,67016290
Magdalena,,theis,Mother,magdalena.theis@mail.com,5555557042,67016291
Anakaren,,yan,Mother,anakaren.yan@mail.com,5555559807,67016292
Candy,,karl,Mother,candy.karl@mail.com,5555556911,67016293
Yesenia,,bledsoe,Mother,yesenia.bledsoe@mail.com,5555561880,67016294
Yunuen,,fleming,Mother,yunuen.fleming@mail.com,5555556807,67016295
Brenda,,collard,Mother,brenda.collard@mail.com,5555556769,67016296
Alma Jeniffer,,showalter,Mother,alma jeniffer.showalter@mail.com,5555559305,67016297
Elva,,crespo,Mother,elva.crespo@mail.com,5555558050,67016298
Mayra,,witkowski,Mother,mayra.witkowski@mail.com,5555560997,67016299
Paulina,,daugherty,Mother,paulina.daugherty@mail.com,5555561949,67016300
Angelica,,olivarez,Mother,angelica.olivarez@mail.com,5555556214,67016301
Yetzabel,,moya,Mother,yetzabel.moya@mail.com,5555557140,67016302
Lourdes,,rhone,Mother,lourdes.rhone@mail.com,5555558880,67016303
Erika,,woody,Mother,erika.woody@mail.com,5555558846,67016304
Jessica  Yannel,,sites,Mother,jessica  yannel.sites@mail.com,5555563478,67016305
Sandra,,powe,Mother,sandra.powe@mail.com,5555562547,67016306
Vanessa,,beeler,Mother,vanessa.beeler@mail.com,5555563127,67016307
Clarissa,,soto,Mother,clarissa.soto@mail.com,5555556859,67016308
Dania,,mayo,Mother,dania.mayo@mail.com,5555557548,67016309
Josie,,loera,Mother,josie.loera@mail.com,5555562972,67016310
Daniela,,burns,Mother,daniela.burns@mail.com,5555555571,67016311
Deana,,hirst,Mother,deana.hirst@mail.com,5555557797,67016312
Isaura,,valdez,Mother,isaura.valdez@mail.com,5555559028,67016313
Mariana,,fussell,Mother,mariana.fussell@mail.com,5555560756,67016314
Eva,,lindquist,Mother,eva.lindquist@mail.com,5555563650,67016315
Emely,,mathison,Mother,emely.mathison@mail.com,5555557107,67016316
Mayra,,holiday,Mother,mayra.holiday@mail.com,5555561017,67016317
Claudia,,sebastian,Mother,claudia.sebastian@mail.com,5555555897,67016318
Leonardo,,moller,Father,leonardo.moller@mail.com,5555561204,67016319
Teresa,,pickering,Mother,teresa.pickering@mail.com,5555562985,67016320
Elva,,weidner,Mother,elva.weidner@mail.com,5555557504,67016321
Dulce,,harper,Mother,dulce.harper@mail.com,5555560140,67016322
Karla,,ashford,Mother,karla.ashford@mail.com,5555559733,67016323
Maria,,hupp,Mother,maria.hupp@mail.com,5555563632,67016324
Sheyla,,frazier,Mother,sheyla.frazier@mail.com,5555562677,67016325
Andrea,,piatt,Mother,andrea.piatt@mail.com,5555556173,67016326
Dahyana,,yanez,Mother,dahyana.yanez@mail.com,5555557507,67016327
Nora,,kinsella,Mother,nora.kinsella@mail.com,5555561665,67016328
Perla,,gwinn,Mother,perla.gwinn@mail.com,5555561921,67016329
Araceli,,hood,Mother,araceli.hood@mail.com,5555556344,67016330
Cinthia,,abraham,Mother,cinthia.abraham@mail.com,5555557439,67016331
Jesus,,youngblood,Father,jesus.youngblood@mail.com,5555563716,67016332
Veronica,,cisneros,Mother,veronica.cisneros@mail.com,5555563248,67016333
Veronica,,pepper,Mother,veronica.pepper@mail.com,5555556383,67016334
Bertha,,nobles,Mother,bertha.nobles@mail.com,5555556654,67016335
Liliana,,simonson,Mother,liliana.simonson@mail.com,5555555631,67016336
Melissa,,ahern,Mother,melissa.ahern@mail.com,5555557935,67016337
Alma,,peak,Mother,alma.peak@mail.com,5555555986,67016338
Marina,,lozada,Grandmother,marina.lozada@mail.com,5555560816,67016339
Silvia,,archuleta,Mother,silvia.archuleta@mail.com,5555559564,67016340
Ariel,,oconnor,Father,ariel.oconnor@mail.com,5555557974,67016341
Jerry,,gladden,Father,jerry.gladden@mail.com,5555561278,67016342
Ana,,deluna,Mother,ana.deluna@mail.com,5555561654,67016343
Ivonne,,mattox,Mother,ivonne.mattox@mail.com,5555559092,67016344
Diana,,ferro,Mother,diana.ferro@mail.com,5555557748,67016345
Maria,,barnwell,Mother,maria.barnwell@mail.com,5555560706,67016346
Maria,,canales,Mother,maria.canales@mail.com,5555560655,67016347
Christina,,pfeiffer,Mother,christina.pfeiffer@mail.com,5555557217,67016348
Janeth,,monahan,Mother,janeth.monahan@mail.com,5555559176,67016349
Rosalinda,,brewer,Grandmother,rosalinda.brewer@mail.com,5555562329,67016350
Angela,,gaudet,Mother,angela.gaudet@mail.com,5555556196,67016351
Julio Cesar,,crockett,Father,julio cesar.crockett@mail.com,5555559255,67016352
Alejandra,,hinkley,Mother,alejandra.hinkley@mail.com,5555561367,67016353
Marycruz,,mcdougal,Mother,marycruz.mcdougal@mail.com,5555560939,67016354
April,,santos,Mother,april.santos@mail.com,5555556246,67016355
Lidia,,evangelista,Mother,lidia.evangelista@mail.com,5555560145,67016356
Elizabeth,,arnett,Mother,elizabeth.arnett@mail.com,5555560241,67016357
Andrea,,dunne,Mother,andrea.dunne@mail.com,5555556176,67016358
Araceli,,raymer,Mother,araceli.raymer@mail.com,5555562123,67016359
Vivian,,pierson,Mother,vivian.pierson@mail.com,5555563358,67016360
Lucerito,,olvera,Mother,lucerito.olvera@mail.com,5555560379,67016361
Gissel,,milan,Mother,gissel.milan@mail.com,5555558634,67016362
Alma,,stackhouse,Mother,alma.stackhouse@mail.com,5555558541,67016363
Marisela,,barnum,Mother,marisela.barnum@mail.com,5555558853,67016364
Guadalupe Imelda,,bartels,Mother,guadalupe imelda.bartels@mail.com,5555560485,67016365
Jabel,,posey,Mother,jabel.posey@mail.com,5555559119,67016366
Karen,,nation,Mother,karen.nation@mail.com,5555563854,67016367
Adriana,,szabo,Mother,adriana.szabo@mail.com,5555555717,67016368
Patricia,,baucom,Grandmother,patricia.baucom@mail.com,5555562680,67016369
Yolanda,,marino,Mother,yolanda.marino@mail.com,5555559096,67016370
Mitzuo,,dill,Mother,mitzuo.dill@mail.com,5555561252,67016371
Carolina,,turgeon,Mother,carolina.turgeon@mail.com,5555562145,67016372
Erika,,hundley,Mother,erika.hundley@mail.com,5555555748,67016373
Yongguang,,kessinger,Father,yongguang.kessinger@mail.com,5555560444,67016374
Denisse,,lindsay,Mother,denisse.lindsay@mail.com,5555557676,67016375
Nadia,,bonham,Mother,nadia.bonham@mail.com,5555561477,67016376
Leticia,,forest,Mother,leticia.forest@mail.com,5555560052,67016377
Nallely,,geter,Mother,nallely.geter@mail.com,5555556503,67016378
Gabriela,,blocker,Mother,gabriela.blocker@mail.com,5555557010,67016379
Brenda,,ballou,Mother,brenda.ballou@mail.com,5555560282,67016380
Adriana,,aiello,Aunt,adriana.aiello@mail.com,5555555721,67016381
Yahaira A,,colon,Mother,yahaira a.colon@mail.com,5555563422,67016382
Leslie,,lane,Mother,leslie.lane@mail.com,5555556263,67016383
Mario,,hill,Father,mario.hill@mail.com,5555560826,67016384
Sandra,,bundy,Mother,sandra.bundy@mail.com,5555561754,67016385
Karime,,baird,Mother,karime.baird@mail.com,5555558520,67016386
Sara,,dugan,Mother,sara.dugan@mail.com,5555562584,67016387
Sara,,edington,Mother,sara.edington@mail.com,5555562585,67016388
Claudia Lizeth,,sorrell,Mother,claudia lizeth.sorrell@mail.com,5555557304,67016389
Vanessa,,wooley,Aunt,vanessa.wooley@mail.com,5555563126,67016390
Berenice,,spain,Mother,berenice.spain@mail.com,5555556637,67016391
Adriana,,utter,Mother,adriana.utter@mail.com,5555563815,67016392
Dania,,murphey,Mother,dania.murphey@mail.com,5555557549,67016393
Clarissa,,wiggs,Mother,clarissa.wiggs@mail.com,5555558796,67016394
Daniela,,hubbard,Mother,daniela.hubbard@mail.com,5555561294,67016395
Ivanna,,julian,Mother,ivanna.julian@mail.com,5555559066,67016396
Mariana,,harrell,Mother,mariana.harrell@mail.com,5555560760,67016397
Jessica,,alston,Mother,jessica.alston@mail.com,5555559340,67016398
Jin,,freitag,Mother,jin.freitag@mail.com,5555557175,67016399
Daniela,,puente,Mother,daniela.puente@mail.com,5555557569,67016400
Eric,,grimmett,Stepfather,eric.grimmett@mail.com,5555558118,67016401
Guadalupe,,seidel,Mother,guadalupe.seidel@mail.com,5555560454,67016402
Dania,,perrine,Mother,dania.perrine@mail.com,5555557547,67016403
Rodolfo,,shore,Father,rodolfo.shore@mail.com,5555557810,67016404
Celida,,monge,Mother,celida.monge@mail.com,5555557100,67016405
Luz,,sperling,Mother,luz.sperling@mail.com,5555560259,67016406
Jacquelina,,cho,Mother,jacquelina.cho@mail.com,5555559140,67016407
Carolina,,flora,Mother,carolina.flora@mail.com,5555556994,67016408
Maria,,cruz,Mother,maria.cruz@mail.com,5555560932,67016409
Ana,,cormier,Mother,ana.cormier@mail.com,5555562752,67016410
Liz,,sheehan,Mother,liz.sheehan@mail.com,5555560256,67016411
Veronica,,litchfield,Mother,veronica.litchfield@mail.com,5555557912,67016412
Sherlen,,burrow,Mother,sherlen.burrow@mail.com,5555562676,67016413
Mariana,,wilbanks,Mother,mariana.wilbanks@mail.com,5555560542,67016414
Jacqueline,,raney,Mother,jacqueline.raney@mail.com,5555559132,67016415
Veronica,,harris,Mother,veronica.harris@mail.com,5555558566,67016416
Mariana,,steffen,Mother,mariana.steffen@mail.com,5555562523,67016417
Sofia,,hillard,Mother,sofia.hillard@mail.com,5555562755,67016418
Flora,,vandyke,Mother,flora.vandyke@mail.com,5555560546,67016419
Andrea,,tice,Mother,andrea.tice@mail.com,5555558833,67016420
Evelyn,,dillard,Mother,evelyn.dillard@mail.com,5555556150,67016421
Beatriz,,cassidy,Mother,beatriz.cassidy@mail.com,5555559941,67016422
Leticia,,ridenour,Mother,leticia.ridenour@mail.com,5555556568,67016423
Erika,,wirth,Mother,erika.wirth@mail.com,5555560494,67016424
Karen,,kizer,Mother,karen.kizer@mail.com,5555559660,67016425
Manuel,,sims,Father,manuel.sims@mail.com,5555563787,67016426
Brenda,,landis,Mother,brenda.landis@mail.com,5555556792,67016427
Raquel,,spence,Mother,raquel.spence@mail.com,5555562127,67016428
Joanna,,oquendo,Mother,joanna.oquendo@mail.com,5555559074,67016429
Annette,,milburn,Mother,annette.milburn@mail.com,5555561608,67016430
Rosa,,lauderdale,Mother,rosa.lauderdale@mail.com,5555563791,67016431
Sara,,waterhouse,Grandmother,sara.waterhouse@mail.com,5555563806,67016432
Paola Rossy,,sotelo,Mother,paola rossy.sotelo@mail.com,5555558889,67016433
Marissa,,eberly,Mother,marissa.eberly@mail.com,5555555705,67016434
Erick,,ohara,Father,erick.ohara@mail.com,5555563950,67016435
Jessenia,,jiles,Mother,jessenia.jiles@mail.com,5555557052,67016436
Angelica,,lee,Mother,angelica.lee@mail.com,5555560338,67016437
Erika,,broome,Mother,erika.broome@mail.com,5555555749,67016438
Maria,,kell,Mother,maria.kell@mail.com,5555559227,67016439
Aaron,,wold,Father,aaron.wold@mail.com,5555555615,67016440
Julio,,bauer,Father,julio.bauer@mail.com,5555562464,67016441
Alma,,brenner,Mother,alma.brenner@mail.com,5555555970,67016442
Jessica,,lafrance,Mother,jessica.lafrance@mail.com,5555558358,67016443
Maria isabel,,cavazos,Mother,maria isabel.cavazos@mail.com,5555560718,67016444
Yanitza,,surber,Mother,yanitza.surber@mail.com,5555555657,67016445
Maria,,huff,Court Appointed Guardian,maria.huff@mail.com,5555560552,67016446
Eunice,,devine,Mother,eunice.devine@mail.com,5555561623,67016447
Nancy,,northcutt,Mother,nancy.northcutt@mail.com,5555557909,67016448
Jerry,,luster,Father,jerry.luster@mail.com,5555561279,67016449
Ilse,,brennan,Mother,ilse.brennan@mail.com,5555558939,67016450
Mayra,,stephen,Mother,mayra.stephen@mail.com,5555561011,67016451
Diana,,dunlop,Mother,diana.dunlop@mail.com,5555559371,67016452
Shirley,,mcgary,Mother,shirley.mcgary@mail.com,5555562689,67016453
Maria,,glick,Grandmother,maria.glick@mail.com,5555563900,67016454
Carlos,,carr,,carlos.carr@mail.com,5555563771,67016455
Mayra,,manns,Mother,mayra.manns@mail.com,5555560980,67016456
Larissa,,budde,Mother,larissa.budde@mail.com,5555559989,67016457
Michelle,,southworth,Mother,michelle.southworth@mail.com,5555558599,67016458
Margarita,,ring,Mother,margarita.ring@mail.com,5555560587,67016459
Sandra,,murphy,Mother,sandra.murphy@mail.com,5555562546,67016460
Vanessa,,moralez,Mother,vanessa.moralez@mail.com,5555563138,67016461
Virginia,,murphey,Mother,virginia.murphey@mail.com,5555563305,67016462
Rosa,,easter,Mother,rosa.easter@mail.com,5555562226,67016463
Marlene,,piper,Mother,marlene.piper@mail.com,5555560869,67016464
Jennifer,,couch,Mother,jennifer.couch@mail.com,5555562116,67016465
Gabriela,,august,Mother,gabriela.august@mail.com,5555558486,67016466
Jessica,,wilbur,Mother,jessica.wilbur@mail.com,5555559332,67016467
Josefina,,holcombe,Mother,josefina.holcombe@mail.com,5555555751,67016468
Brucye,,amundson,Mother,brucye.amundson@mail.com,5555561778,67016469
IRENE,,ashcraft,Mother,irene.ashcraft@mail.com,5555562647,67016470
Gabriella,,leslie,Mother,gabriella.leslie@mail.com,5555563679,67016471
Leslie,,rainwater,Mother,leslie.rainwater@mail.com,5555560046,67016472
Mario,,raley,Father,mario.raley@mail.com,5555560827,67016473
Angelica,,seng,Mother,angelica.seng@mail.com,5555556215,67016474
Andrea,,bierman,Mother,andrea.bierman@mail.com,5555561159,67016475
Lourdes,,sabin,Mother,lourdes.sabin@mail.com,5555558878,67016476
Domitila,,eddings,Mother,domitila.eddings@mail.com,5555557808,67016477
Maria Del Rosario,,franco,Mother,maria del rosario.franco@mail.com,5555560715,67016478
Alicia,,linn,Mother,alicia.linn@mail.com,5555556024,67016479
Priscilla,,gutierrez,Mother,priscilla.gutierrez@mail.com,5555562034,67016480
Melissa,,eberhardt,Mother,melissa.eberhardt@mail.com,5555561422,67016481
Cinthia,,kingston,Mother,cinthia.kingston@mail.com,5555557257,67016482
Jocelyn,,halverson,Mother,jocelyn.halverson@mail.com,5555559437,67016483
Dulce,,broome,Mother,dulce.broome@mail.com,5555560139,67016484
Buster,,montgomery,Father,buster.montgomery@mail.com,5555556683,67016485
Linda,,braithwaite,Mother,linda.braithwaite@mail.com,5555559393,67016486
Neyda,,balderas,Mother,neyda.balderas@mail.com,5555557800,67016487
Flora,,khan,Mother,flora.khan@mail.com,5555560545,67016488
Mireya,,benitez,Mother,mireya.benitez@mail.com,5555556857,67016489
Karen,,hesse,Mother,karen.hesse@mail.com,5555558320,67016490
Nelida,,wales,Mother,nelida.wales@mail.com,5555561581,67016491
Lesly,,cook,Mother,lesly.cook@mail.com,5555560071,67016492
Mariana,,javier,Mother,mariana.javier@mail.com,5555560543,67016493
Cristina,,sigmon,Mother,cristina.sigmon@mail.com,5555557419,67016494
Karla,,gamache,Mother,karla.gamache@mail.com,5555559732,67016495
Olga,,rowland,Mother,olga.rowland@mail.com,5555561036,67016496
Ashley,,bravo,Mother,ashley.bravo@mail.com,5555556462,67016497
Nallely,,sellars,Mother,nallely.sellars@mail.com,5555558400,67016498
Perla,,steward,Mother,perla.steward@mail.com,5555564016,67016499
Stephanie,,hundley,Mother,stephanie.hundley@mail.com,5555562620,67016500
Elizabeth,,lupo,Mother,elizabeth.lupo@mail.com,5555558008,67016501
Palomares,,harbison,Mother,palomares.harbison@mail.com,5555563468,67016502
Blanca,,oconner,Mother,blanca.oconner@mail.com,5555556584,67016503
Alma,,lemaster,Mother,alma.lemaster@mail.com,5555555971,67016504
Yunuen,,rhea,Mother,yunuen.rhea@mail.com,5555556808,67016505
Jesus,,stringer,Father,jesus.stringer@mail.com,5555558538,67016506
Diana,,killingsworth,Mother,diana.killingsworth@mail.com,5555557722,67016507
Luis,,lima,Father,luis.lima@mail.com,5555556320,67016508
Samantha,,keenan,Mother,samantha.keenan@mail.com,5555562816,67016509
Karina,,hendershot,Mother,karina.hendershot@mail.com,5555559701,67016510
Clarissa,,beam,Mother,clarissa.beam@mail.com,5555557448,67016511
Lluvia,,sigmon,Mother,lluvia.sigmon@mail.com,5555560284,67016512
Dahyana,,mohammad,Mother,dahyana.mohammad@mail.com,5555557508,67016513
Wendy,,edgar,Mother,wendy.edgar@mail.com,5555563367,67016514
Brenda,,crespo,Mother,brenda.crespo@mail.com,5555563164,67016515
Diana,,banks,Mother,diana.banks@mail.com,5555557741,67016516
Gerardo,,jerome,Stepfather,gerardo.jerome@mail.com,5555563978,67016517
Esteban,,barrows,Father,esteban.barrows@mail.com,5555558214,67016518
Ana,,urbina,Mother,ana.urbina@mail.com,5555558523,67016519
Dolores,,mcgough,Mother,dolores.mcgough@mail.com,5555555846,67016520
Paola Rossy,,craddock,Mother,paola rossy.craddock@mail.com,5555558890,67016521
Zayra,,barner,Mother,zayra.barner@mail.com,5555562218,67016522
Cassandra,,gallant,Mother,cassandra.gallant@mail.com,5555557031,67016523
Rosalba,,alston,Mother,rosalba.alston@mail.com,5555563184,67016524
Itzel,,monaco,Mother,itzel.monaco@mail.com,5555560666,67016525
Denise,,minor,Mother,denise.minor@mail.com,5555557665,67016526
Alexa,,mccourt,Mother,alexa.mccourt@mail.com,5555555896,67016527
Ohara,,denham,Aunt,ohara.denham@mail.com,5555558626,67016528
Alexandra,,malcolm,Mother,alexandra.malcolm@mail.com,5555555901,67016529
Marbrissa,,bostwick,Mother,marbrissa.bostwick@mail.com,5555560672,67016530
Carolina,,matta,Mother,carolina.matta@mail.com,5555562206,67016531
Sindy,,clyburn,Mother,sindy.clyburn@mail.com,5555562722,67016532
Manuel,,pastor,Grandfather,manuel.pastor@mail.com,5555564013,67016533
Ana,,corral,Grandmother,ana.corral@mail.com,5555556131,67016534
Indira,,neel,Mother,indira.neel@mail.com,5555558948,67016535
Alicia,,brookins,Mother,alicia.brookins@mail.com,5555557652,67016536
Victoria,,fennell,Mother,victoria.fennell@mail.com,5555564023,67016537
Karen,,wojcik,Mother,karen.wojcik@mail.com,5555561351,67016538
Perla,,starr,Mother,perla.starr@mail.com,5555562691,67016539
Samantha,,clements,Mother,samantha.clements@mail.com,5555562510,67016540
Mirna,,black,Mother,mirna.black@mail.com,5555561236,67016541
Nereida,,lockett,Mother,nereida.lockett@mail.com,5555561599,67016542
Andrea,,marchetti,Mother,andrea.marchetti@mail.com,5555563736,67016543
Jennifer,,guerin,Mother,jennifer.guerin@mail.com,5555561054,67016544
Vanessa,,carney,Mother,vanessa.carney@mail.com,5555563121,67016545
Liliana,,jean,Mother,liliana.jean@mail.com,5555555630,67016546
Dahiana,,surratt,Mother,dahiana.surratt@mail.com,5555557512,67016547
Karla Lizeth,,lachance,Mother,karla lizeth.lachance@mail.com,5555559734,67016548
Kimberly,,testa,Mother,kimberly.testa@mail.com,5555559855,67016549
Martin,,platt,Father,martin.platt@mail.com,5555560922,67016550
Hortencia,,waters,Mother,hortencia.waters@mail.com,5555557225,67016551
Vanessa,,feeney,Mother,vanessa.feeney@mail.com,5555563137,67016552
Denisse,,landon,Mother,denisse.landon@mail.com,5555557675,67016553
Melany,,saldivar,Mother,melany.saldivar@mail.com,5555561052,67016554
Marina,,shea,Mother,marina.shea@mail.com,5555560811,67016555
Alma,,isom,Mother,alma.isom@mail.com,5555563948,67016556
Mario,,talley,Father,mario.talley@mail.com,5555560828,67016557
Rosa,,darr,Mother,rosa.darr@mail.com,5555563939,67016558
Adriana,,rust,Mother,adriana.rust@mail.com,5555556809,67016559
Ericka Janett,,markham,Mother,ericka janett.markham@mail.com,5555563702,67016560
Aleyda Sugey,,koch,Mother,aleyda sugey.koch@mail.com,5555555926,67016561
Karen,,hawkins,Mother,karen.hawkins@mail.com,5555559910,67016562
Gloria,,christman,Mother,gloria.christman@mail.com,5555558348,67016563
Hector,,hiller,Father,hector.hiller@mail.com,5555558809,67016564
Hector,,redmon,Father,hector.redmon@mail.com,5555564024,67016565
Gladys,,debose,Mother,gladys.debose@mail.com,5555558645,67016566
Angelica,,lantz,Mother,angelica.lantz@mail.com,5555560337,67016567
Geydy,,bordelon,Other Relative,geydy.bordelon@mail.com,5555563726,67016568
Esther,,yasin,Mother,esther.yasin@mail.com,5555558227,67016569
Juan,,hatch,Father,juan.hatch@mail.com,5555558075,67016570
Paola,,boudreaux,Mother,paola.boudreaux@mail.com,5555561849,67016571
Vanessa,,grace,Mother,vanessa.grace@mail.com,5555563129,67016572
Cinthia,,allred,Mother,cinthia.allred@mail.com,5555557262,67016573
Claudia,,eddings,Mother,claudia.eddings@mail.com,5555555898,67016574
Magdalena,,carmichael,Mother,magdalena.carmichael@mail.com,5555561020,67016575
Maribel,,roush,Mother,maribel.roush@mail.com,5555561557,67016576
Diana,,pillow,Mother,diana.pillow@mail.com,5555559150,67016577
William,,bostwick,Father,william.bostwick@mail.com,5555563383,67016578
Kelaia,,mcgrath,Mother,kelaia.mcgrath@mail.com,5555559818,67016579
Johana,,hendershot,Mother,johana.hendershot@mail.com,5555558640,67016580
Yadira,,schafer,Mother,yadira.schafer@mail.com,5555563408,67016581
Laura,,bott,Mother,laura.bott@mail.com,5555560122,67016582
Tania,,madison,Mother,tania.madison@mail.com,5555562938,67016583
Teresa,,bautista,Mother,teresa.bautista@mail.com,5555562986,67016584
Maria,,mccowan,Mother,maria.mccowan@mail.com,5555558759,67016585
Maria,,ingraham,Mother,maria.ingraham@mail.com,5555561151,67016586
Cassandra,,knotts,Mother,cassandra.knotts@mail.com,5555557032,67016587
Jose,,criss,Father,jose.criss@mail.com,5555559511,67016588
Priscilla,,mcdermott,Mother,priscilla.mcdermott@mail.com,5555562026,67016589
Andrea,,ledbetter,Mother,andrea.ledbetter@mail.com,5555563083,67016590
Cindy,,swinney,Mother,cindy.swinney@mail.com,5555562325,67016591
Irma,,merida,Mother,irma.merida@mail.com,5555561209,67016592
Jimena,,oneil,Mother,jimena.oneil@mail.com,5555559370,67016593
Joanna,,deluna,Mother,joanna.deluna@mail.com,5555559073,67016594
Celia,,swafford,Mother,celia.swafford@mail.com,5555557350,67016595
Manuel,,hearn,Father,manuel.hearn@mail.com,5555555899,67016596
Jorge,,fisher,Father,jorge.fisher@mail.com,5555560961,67016597
Priscilla,,daigle,Mother,priscilla.daigle@mail.com,5555562032,67016598
Victor,,nolen,Father,victor.nolen@mail.com,5555562122,67016599
Kenia,,simon,Mother,kenia.simon@mail.com,5555559826,67016600
Ramona,,viera,Mother,ramona.viera@mail.com,5555558694,67016601
Gerardo,,benge,Stepfather,gerardo.benge@mail.com,5555563808,67016602
Maria,,caviness,Mother,maria.caviness@mail.com,5555562286,67016603
Alejandra,,gibson,Mother,alejandra.gibson@mail.com,5555561370,67016604
Alicia,,searle,Mother,alicia.searle@mail.com,5555557653,67016605
Martha,,macarthur,Mother,martha.macarthur@mail.com,5555560900,67016606
Martha,,concepcion,Mother,martha.concepcion@mail.com,5555560899,67016607
Caroline,,botts,Mother,caroline.botts@mail.com,5555562266,67016608
Ruben,,martindale,Father,ruben.martindale@mail.com,5555561698,67016609
Karen,,partain,Mother,karen.partain@mail.com,5555559662,67016610
Jazmin,,lheureux,Mother,jazmin.lheureux@mail.com,5555556892,67016611
Dora,,hackett,Grandmother,dora.hackett@mail.com,5555564006,67016612
Blanca,,kirby,Mother,blanca.kirby@mail.com,5555556583,67016613
Aimee,,wise,Mother,aimee.wise@mail.com,5555562718,67016614
Karen,,crutchfield,Mother,karen.crutchfield@mail.com,5555557116,67016615
Rita,,cranford,Mother,rita.cranford@mail.com,5555557226,67016616
Nora,,oquinn,Mother,nora.oquinn@mail.com,5555561675,67016617
Rosie,,rahn,Mother,rosie.rahn@mail.com,5555563905,67016618
Cindy,,silvey,Mother,cindy.silvey@mail.com,5555563890,67016619
Vanessa,,crews,Mother,vanessa.crews@mail.com,5555563144,67016620
Adriana,,story,Aunt,adriana.story@mail.com,5555563968,67016621
Adriana,,weatherspoon,Aunt,adriana.weatherspoon@mail.com,5555563967,67016622
Vivian,,leone,Mother,vivian.leone@mail.com,5555563359,67016623
Maria,,gilkey,Mother,maria.gilkey@mail.com,5555560621,67016624
Yvonne,,mcleod,Mother,yvonne.mcleod@mail.com,5555558897,67016625
Armando,,tam,Caregiver,armando.tam@mail.com,5555564041,67016626
Karla Janeth,,mace,Mother,karla janeth.mace@mail.com,5555559181,67016627
Luis,,cole,Father,luis.cole@mail.com,5555563706,67016628
Estela,,meacham,Mother,estela.meacham@mail.com,5555558217,67016629
Rosa,,fain,Mother,rosa.fain@mail.com,5555562227,67016630
Paola,,hayes,Mother,paola.hayes@mail.com,5555563092,67016631
Lisa Lopez,,regalado,Mother,lisa lopez.regalado@mail.com,5555560213,67016632
Fernando,,posey,Father,fernando.posey@mail.com,5555558370,67016633
Wendy Leticia,,edson,Mother,wendy leticia.edson@mail.com,5555556626,67016634
Alba,,hindman,Mother,alba.hindman@mail.com,5555555823,67016635
Lucero,,mcgraw,Mother,lucero.mcgraw@mail.com,5555560377,67016636
Nancy,,bourassa,Mother,nancy.bourassa@mail.com,5555559051,67016637
Mario,,osborn,Father,mario.osborn@mail.com,5555560659,67016638
Elisa,,sun,Mother,elisa.sun@mail.com,5555559175,67016639
Marbrissa,,curl,Aunt,marbrissa.curl@mail.com,5555560674,67016640
Candy,,schaefer,Mother,candy.schaefer@mail.com,5555556910,67016641
Dania,,mcgrath,Mother,dania.mcgrath@mail.com,5555557558,67016642
Maria,,vandenberg,Mother,maria.vandenberg@mail.com,5555558287,67016643
TEODORO,,pegues,Father,teodoro.pegues@mail.com,5555562971,67016644
Yetzabel,,mohamed,Mother,yetzabel.mohamed@mail.com,5555557139,67016645
Izabel,,braswell,Mother,izabel.braswell@mail.com,5555563395,67016646
Melissa,,bernhardt,Mother,melissa.bernhardt@mail.com,5555560822,67016647
Gabriela,,verduzco,Mother,gabriela.verduzco@mail.com,5555558472,67016648
Karen,,cheatham,Mother,karen.cheatham@mail.com,5555559661,67016649
Leslie,,hornsby,Mother,leslie.hornsby@mail.com,5555563169,67016650
Antonia,,cassell,Mother,antonia.cassell@mail.com,5555556299,67016651
Nallely,,spiller,Mother,nallely.spiller@mail.com,5555556502,67016652
Janette,,theisen,Mother,janette.theisen@mail.com,5555561691,67016653
Elma,,culver,Mother,elma.culver@mail.com,5555563112,67016654
Danitza,,cavanaugh,Mother,danitza.cavanaugh@mail.com,5555557583,67016655
Liliana,,amato,Mother,liliana.amato@mail.com,5555562703,67016656
Perla,,dyson,Mother,perla.dyson@mail.com,5555561925,67016657
Diana,,herbert,Mother,diana.herbert@mail.com,5555557743,67016658
Laura,,salisbury,Mother,laura.salisbury@mail.com,5555559994,67016659
Carmen,,battle,Caregiver,carmen.battle@mail.com,5555563886,67016660
Kristian,,falcon,Mother,kristian.falcon@mail.com,5555559919,67016661
Daniela,,scully,Mother,daniela.scully@mail.com,5555557568,67016662
Dulce,,fick,Mother,dulce.fick@mail.com,5555557862,67016663
Alba,,shipp,Mother,alba.shipp@mail.com,5555555824,67016664
Alma,,sauceda,Mother,alma.sauceda@mail.com,5555555972,67016665
Andres,,jefferies,Father,andres.jefferies@mail.com,5555556510,67016666
Karen,,bozeman,Mother,karen.bozeman@mail.com,5555559812,67016667
Marisa,,cameron,Mother,marisa.cameron@mail.com,5555560833,67016668
Brenda,,nolasco,Mother,brenda.nolasco@mail.com,5555560066,67016669
Adriana,,logue,Mother,adriana.logue@mail.com,5555556084,67016670
Rosalinda,,bott,Mother,rosalinda.bott@mail.com,5555562330,67016671
Brenda,,gottlieb,Mother,brenda.gottlieb@mail.com,5555563162,67016672
Lilia,,staten,Mother,lilia.staten@mail.com,5555560153,67016673
Marissa,,bello,Mother,marissa.bello@mail.com,5555555706,67016674
Raquel,,harney,Mother,raquel.harney@mail.com,5555562126,67016675
Gema,,moynihan,Mother,gema.moynihan@mail.com,5555558549,67016676
Karla,,jernigan,Mother,karla.jernigan@mail.com,5555559904,67016677
Teresa,,see,Mother,teresa.see@mail.com,5555562987,67016678
Jesus,,hildebrand,Stepfather,jesus.hildebrand@mail.com,5555557425,67016679
Selene,,cho,Mother,selene.cho@mail.com,5555562626,67016680
Delilah,,craver,Family Member,delilah.craver@mail.com,5555564033,67016681
Paloma,,roderick,Mother,paloma.roderick@mail.com,5555557690,67016682
Mariana,,talley,Mother,mariana.talley@mail.com,5555560755,67016683
Adelma,,kozak,Mother,adelma.kozak@mail.com,5555555664,67016684
Karen,,gause,Mother,karen.gause@mail.com,5555558330,67016685
Susana,,vanegas,Mother,susana.vanegas@mail.com,5555562872,67016686
Graciela,,hance,Mother,graciela.hance@mail.com,5555558582,67016687
Cesilia,,sterling,Mother,cesilia.sterling@mail.com,5555557126,67016688
Lluvia,,silveira,Mother,lluvia.silveira@mail.com,5555560283,67016689
Citlaly,,button,Mother,citlaly.button@mail.com,5555562726,67016690
Elizabeth,,martino,Mother,elizabeth.martino@mail.com,5555557962,67016691
Karla,,voyles,Mother,karla.voyles@mail.com,5555561901,67016692
Janet,,kavanaugh,Mother,janet.kavanaugh@mail.com,5555561429,67016693
Karen,,radcliffe,Mother,karen.radcliffe@mail.com,5555559647,67016694
Eric,,martines,Stepfather,eric.martines@mail.com,5555558119,67016695
Denise,,hamilton,Mother,denise.hamilton@mail.com,5555557666,67016696
Ana,,ruiz,Caregiver,ana.ruiz@mail.com,5555556133,67016697
Maria,,tessier,Mother,maria.tessier@mail.com,5555559019,67016698
Patricia,,kiefer,Grandmother,patricia.kiefer@mail.com,5555563924,67016699
Mitzuo,,beery,Mother,mitzuo.beery@mail.com,5555561254,67016700
Lourdes,,skidmore,Caregiver,lourdes.skidmore@mail.com,5555560436,67016701
Eloisa,,noah,Mother,eloisa.noah@mail.com,5555558022,67016702
Gutier,,gorham,Father,gutier.gorham@mail.com,5555558780,67016703
Palomares,,corral,Mother,palomares.corral@mail.com,5555563467,67016704
Martha,,hargrave,Mother,martha.hargrave@mail.com,5555557978,67016705
Sandra,,marrow,Mother,sandra.marrow@mail.com,5555562549,67016706
Alma,,wight,Mother,alma.wight@mail.com,5555555987,67016707
Daisy,,autry,Mother,daisy.autry@mail.com,5555557516,67016708
Danitza,,hyde,Mother,danitza.hyde@mail.com,5555559229,67016709
Danitza,,esposito,Mother,danitza.esposito@mail.com,5555559230,67016710
Jessenia,,couch,Caregiver,jessenia.couch@mail.com,5555557054,67016711
Jacqueline,,guerin,Mother,jacqueline.guerin@mail.com,5555559249,67016712
Alma,,malloy,Mother,alma.malloy@mail.com,5555559687,67016713
Martha Alejandra,,lussier,Mother,martha alejandra.lussier@mail.com,5555560906,67016714
Laura E,,blalock,Mother,laura e.blalock@mail.com,5555558324,67016715
Esther,,smithers,Caregiver,esther.smithers@mail.com,5555563715,67016716
Elvia,,marquez,Mother,elvia.marquez@mail.com,5555558053,67016717
Juan,,diggs,Father,juan.diggs@mail.com,5555559576,67016718
Jaquelin,,toombs,Mother,jaquelin.toombs@mail.com,5555559203,67016719
Marisela,,mcneal,Mother,marisela.mcneal@mail.com,5555558852,67016720
Bertha,,arteaga,Mother,bertha.arteaga@mail.com,5555556649,67016721
Lucero,,mock,Mother,lucero.mock@mail.com,5555560500,67016722
Marlen,,mcmanus,Mother,marlen.mcmanus@mail.com,5555560658,67016723
Nancy,,jester,Mother,nancy.jester@mail.com,5555563809,67016724
Leticia,,gunther,Mother,leticia.gunther@mail.com,5555558915,67016725
Sonia,,humphries,Grandmother,sonia.humphries@mail.com,5555563932,67016726
Mauricio Manuel,,krueger,Father,mauricio manuel.krueger@mail.com,5555560958,67016727
Miriam,,pitcher,Mother,miriam.pitcher@mail.com,5555556863,67016728
Tanya,,sweat,Mother,tanya.sweat@mail.com,5555562949,67016729
Johanna,,mireles,Mother,johanna.mireles@mail.com,5555559462,67016730
Stephanie,,gill,Mother,stephanie.gill@mail.com,5555562851,67016731
Asael,,beaman,Caregiver,asael.beaman@mail.com,5555561365,67016732
Ramona,,cleary,Mother,ramona.cleary@mail.com,5555558696,67016733
Arturo,,tobin,Father,arturo.tobin@mail.com,5555558733,67016734
Delia,,denison,Mother,delia.denison@mail.com,5555555855,67016735
Lupita,,tan,Mother,lupita.tan@mail.com,5555560459,67016736
Myrna,,germany,Mother,myrna.germany@mail.com,5555561461,67016737
Jose,,mckeever,Father,jose.mckeever@mail.com,5555563833,67016738
Maritza,,knight,Mother,maritza.knight@mail.com,5555560851,67016739
Omar,,duffy,Father,omar.duffy@mail.com,5555561734,67016740
Hector,,easterling,Father,hector.easterling@mail.com,5555560959,67016741
Veronica,,soares,Mother,veronica.soares@mail.com,5555563233,67016742
Dorita,,swisher,Mother,dorita.swisher@mail.com,5555561892,67016743
Ricardo,,harness,Father,ricardo.harness@mail.com,5555562191,67016744
Miriam,,castellanos,Grandmother,miriam.castellanos@mail.com,5555563739,67016745
Elizabeth,,korn,Mother,elizabeth.korn@mail.com,5555557970,67016746
Rubycella,,harp,Mother,rubycella.harp@mail.com,5555562430,67016747
Magdalena,,mark,Mother,magdalena.mark@mail.com,5555563337,67016748
Gomez,,talbott,Mother,gomez.talbott@mail.com,5555560107,67016749
Adriana,,huey,Mother,adriana.huey@mail.com,5555555697,67016750
Erica,,noble,Mother,erica.noble@mail.com,5555558148,67016751
Indira,,baskerville,Mother,indira.baskerville@mail.com,5555558950,67016752
Maria,,wharton,Mother,maria.wharton@mail.com,5555558996,67016753
Carmen,,angelo,Mother,carmen.angelo@mail.com,5555556977,67016754
Angeldeniss,,chipman,Mother,angeldeniss.chipman@mail.com,5555556189,67016755
Diana,,keel,Mother,diana.keel@mail.com,5555557789,67016756
Celina,,tobin,Mother,celina.tobin@mail.com,5555557466,67016757
Maria,,nason,Mother,maria.nason@mail.com,5555560381,67016758
Erika,,powell,Mother,erika.powell@mail.com,5555558150,67016759
Maria,,halstead,Mother,maria.halstead@mail.com,5555557088,67016760
Judith,,varner,Caregiver,judith.varner@mail.com,5555559591,67016761
Carlos,,register,Father,carlos.register@mail.com,5555559272,67016762
Valeria,,ma,Mother,valeria.ma@mail.com,5555563076,67016763
Nohemi,,arndt,Aunt,nohemi.arndt@mail.com,5555562447,67016764
Jenee,,chilton,Mother,jenee.chilton@mail.com,5555563390,67016765
Maria,,frick,Mother,maria.frick@mail.com,5555563227,67016766
Jose,,salisbury,Father,jose.salisbury@mail.com,5555559504,67016767
Jennie,,marker,Mother,jennie.marker@mail.com,5555559304,67016768
Vianney,,seymour,Mother,vianney.seymour@mail.com,5555561448,67016769
Olga,,correll,Mother,olga.correll@mail.com,5555557008,67016770
Sylvia,,bristow,Mother,sylvia.bristow@mail.com,5555562915,67016771
Giovanny,,tull,Father,giovanny.tull@mail.com,5555563840,67016772
Roxanna,,pate,Mother,roxanna.pate@mail.com,5555562251,67016773
Edna,,mccaslin,Mother,edna.mccaslin@mail.com,5555555558,67016774
Sonia,,mcneil,Caregiver,sonia.mcneil@mail.com,5555559991,67016775
Maria,,griffey,Court Appointed Guardian,maria.griffey@mail.com,5555560747,67016776
Angie,,august,Caregiver,angie.august@mail.com,5555555644,67016777
Vanessa,,boardman,Mother,vanessa.boardman@mail.com,5555563132,67016778
Flor,,chestnut,Mother,flor.chestnut@mail.com,5555558406,67016779
Keila,,jiles,Mother,keila.jiles@mail.com,5555559814,67016780
Michelle,,soto,Mother,michelle.soto@mail.com,5555563568,67016781
Vanessa,,mcphee,Mother,vanessa.mcphee@mail.com,5555563153,67016782
Nallely,,munn,Mother,nallely.munn@mail.com,5555556504,67016783
Maria,,fulton,Mother,maria.fulton@mail.com,5555556255,67016784
Claudia,,ching,Mother,claudia.ching@mail.com,5555557365,67016785
Jose,,crutcher,Father,jose.crutcher@mail.com,5555561802,67016786
Carmen,,parra,Mother,carmen.parra@mail.com,5555556979,67016787
Nereyda,,walling,Mother,nereyda.walling@mail.com,5555561604,67016788
Belen,,barnard,Mother,belen.barnard@mail.com,5555556841,67016789
Stephanie,,corey,Mother,stephanie.corey@mail.com,5555555764,67016790
Brenda,,borg,Mother,brenda.borg@mail.com,5555556784,67016791
Rosahendy,,tallent,Mother,rosahendy.tallent@mail.com,5555557172,67016792
Ariana,,bunton,Mother,ariana.bunton@mail.com,5555556377,67016793
Beatris,,champagne,Mother,beatris.champagne@mail.com,5555557837,67016794
Lizette,,wine,Mother,lizette.wine@mail.com,5555560262,67016795
Veronica,,mcclain,Mother,veronica.mcclain@mail.com,5555563079,67016796
Laura,,mathers,Mother,laura.mathers@mail.com,5555560030,67016797
Stephanie,,hanes,Mother,stephanie.hanes@mail.com,5555562795,67016798
Selene,,copper,Mother,selene.copper@mail.com,5555562625,67016799
Andres,,stamp,Father,andres.stamp@mail.com,5555557156,67016800
Veronica,,gaylord,Mother,veronica.gaylord@mail.com,5555563222,67016801
Erika,,chenoweth,Mother,erika.chenoweth@mail.com,5555558131,67016802
April,,stromberg,Mother,april.stromberg@mail.com,5555556323,67016803
Luz,,moody,Mother,luz.moody@mail.com,5555560517,67016804
Leticia,,conwell,Foster Mother,leticia.conwell@mail.com,5555563838,67016805
Vanessa,,tyndall,Mother,vanessa.tyndall@mail.com,5555563258,67016806
Ivette,,avant,Mother,ivette.avant@mail.com,5555559097,67016807
Marisela,,teasley,Mother,marisela.teasley@mail.com,5555560834,67016808
Bianela,,leslie,Mother,bianela.leslie@mail.com,5555562196,67016809
Dora,,tice,Grandmother,dora.tice@mail.com,5555563979,67016810
Joana,,pass,Mother,joana.pass@mail.com,5555559385,67016811
Maria,,dewitt,Mother,maria.dewitt@mail.com,5555563228,67016812
Melissa,,montoya,Mother,melissa.montoya@mail.com,5555559851,67016813
Guadalupe,,driggers,Mother,guadalupe.driggers@mail.com,5555561749,67016814
Maria,,somerville,Mother,maria.somerville@mail.com,5555563690,67016815
Zochil,,rieger,Mother,zochil.rieger@mail.com,5555563658,67016816
Mayra,,saiz,Mother,mayra.saiz@mail.com,5555560986,67016817
Erika,,mcintyre,Mother,erika.mcintyre@mail.com,5555558130,67016818
Mariam,,cochran,Mother,mariam.cochran@mail.com,5555561440,67016819
Rosarie,,ryan,Mother,rosarie.ryan@mail.com,5555562229,67016820
Rosa,,dupre,Mother,rosa.dupre@mail.com,5555562373,67016821
Josefa,,reichert,Grandmother,josefa.reichert@mail.com,5555563928,67016822
Maria,,bernal,Mother,maria.bernal@mail.com,5555561386,67016823
Joel,,straub,Father,joel.straub@mail.com,5555559440,67016824
Yasmin,,bisson,Mother,yasmin.bisson@mail.com,5555563485,67016825
Cesar,,henry,Father,cesar.henry@mail.com,5555556947,67016826
Elizabeth,,murrell,Mother,elizabeth.murrell@mail.com,5555558014,67016827
Kleeira,,daughtry,Mother,kleeira.daughtry@mail.com,5555559888,67016828
Margarita,,griffiths,Court Appointed Guardian,margarita.griffiths@mail.com,5555560589,67016829
Ihtamara,,brogan,Mother,ihtamara.brogan@mail.com,5555559134,67016830
Jaqueline,,carr,Mother,jaqueline.carr@mail.com,5555563119,67016831
Julissa,,lindner,Mother,julissa.lindner@mail.com,5555559617,67016832
Beatriz,,donovan,Mother,beatriz.donovan@mail.com,5555556854,67016833
Miriam,,cottle,Mother,miriam.cottle@mail.com,5555561165,67016834
Robert,,russo,Father,robert.russo@mail.com,5555560966,67016835
Sylvia,,shirley,Mother,sylvia.shirley@mail.com,5555562902,67016836
Rosella,,reichert,Mother,rosella.reichert@mail.com,5555562352,67016837
Abigail,,dupuis,Mother,abigail.dupuis@mail.com,5555556922,67016838
Maria,,blanks,Grandmother,maria.blanks@mail.com,5555559268,67016839
Silvia,,weidner,Mother,silvia.weidner@mail.com,5555562707,67016840
Ivan,,burgin,Caregiver,ivan.burgin@mail.com,5555563878,67016841
Jessica,,johanson,Mother,jessica.johanson@mail.com,5555559336,67016842
Maria,,mandel,Mother,maria.mandel@mail.com,5555560745,67016843
Alejandrina,,phipps,Mother,alejandrina.phipps@mail.com,5555555840,67016844
Elia,,claxton,Mother,elia.claxton@mail.com,5555562694,67016845
Mayra,,orcutt,Mother,mayra.orcutt@mail.com,5555561280,67016846
Erika,,ranson,Mother,erika.ranson@mail.com,5555558147,67016847
Denya,,mccandless,Mother,denya.mccandless@mail.com,5555557695,67016848
Stacy,,mccrary,Mother,stacy.mccrary@mail.com,5555562826,67016849
Claudia,,hulme,Mother,claudia.hulme@mail.com,5555557329,67016850
Alejo,,montana,Father,alejo.montana@mail.com,5555562780,67016851
Alexis,,samples,Mother,alexis.samples@mail.com,5555555914,67016852
Efrain,,ayotte,Father,efrain.ayotte@mail.com,5555558114,67016853
Nancy,,billington,Mother,nancy.billington@mail.com,5555561500,67016854
Brenda,,couch,Mother,brenda.couch@mail.com,5555560451,67016855
Victor,,straight,Father,victor.straight@mail.com,5555563165,67016856
Laura,,camper,Mother,laura.camper@mail.com,5555560007,67016857
Jazmin,,wallis,Mother,jazmin.wallis@mail.com,5555559470,67016858
Jessica,,carnahan,Mother,jessica.carnahan@mail.com,5555559331,67016859
Lizbeth,,hawkes,Mother,lizbeth.hawkes@mail.com,5555560242,67016860
Dulce,,joe,Mother,dulce.joe@mail.com,5555557851,67016861
Elizabeth,,cormier,Mother,elizabeth.cormier@mail.com,5555560367,67016862
Karina,,dewey,Mother,karina.dewey@mail.com,5555559896,67016863
Nathaly,,gary,Mother,nathaly.gary@mail.com,5555561549,67016864
Cynthia,,guardado,Mother,cynthia.guardado@mail.com,5555557501,67016865
Andrea,,early,Mother,andrea.early@mail.com,5555559372,67016866
Jorge,,marx,Father,jorge.marx@mail.com,5555562333,67016867
Marbella,,newcomb,Mother,marbella.newcomb@mail.com,5555559221,67016868
Nereyda,,hake,Mother,nereyda.hake@mail.com,5555561611,67016869
Susan,,mcchesney,Mother,susan.mcchesney@mail.com,5555562866,67016870
Marielle,,leiva,Mother,marielle.leiva@mail.com,5555560803,67016871
Ilzia,,thurber,Mother,ilzia.thurber@mail.com,5555558942,67016872
Yunuen,,zamudio,Mother,yunuen.zamudio@mail.com,5555563601,67016873
Carolina,,hannon,Mother,carolina.hannon@mail.com,5555559770,67016874
Linda,,mcadoo,Mother,linda.mcadoo@mail.com,5555560201,67016875
Evelyn,,spillman,Mother,evelyn.spillman@mail.com,5555558254,67016876
Janet,,bruno,Mother,janet.bruno@mail.com,5555559113,67016877
Ashley,,coronado,Mother,ashley.coronado@mail.com,5555556619,67016878
Adriana,,mattison,Mother,adriana.mattison@mail.com,5555555693,67016879
Cynthia,,boatman,Mother,cynthia.boatman@mail.com,5555557276,67016880
Amalia,,fisk,Mother,amalia.fisk@mail.com,5555556248,67016881
Tanya,,eades,Mother,tanya.eades@mail.com,5555562932,67016882
Leslie,,rushton,Mother,leslie.rushton@mail.com,5555560081,67016883
Genaro,,kruse,Father,genaro.kruse@mail.com,5555558553,67016884
Janet,,rushing,Mother,janet.rushing@mail.com,5555559567,67016885
Zaira,,bridges,Mother,zaira.bridges@mail.com,5555555854,67016886
Dalia,,olive,Mother,dalia.olive@mail.com,5555557526,67016887
Kristin,,findlay,Mother,kristin.findlay@mail.com,5555563188,67016888
Daniel,,dombrowski,Father,daniel.dombrowski@mail.com,5555557566,67016889
Beatriz,,lahr,Mother,beatriz.lahr@mail.com,5555556748,67016890
Evelin,,parker,Mother,evelin.parker@mail.com,5555563253,67016891
Alexis,,cottle,Mother,alexis.cottle@mail.com,5555555912,67016892
Veronica,,anderton,Mother,veronica.anderton@mail.com,5555563213,67016893
Gloria,,mark,Mother,gloria.mark@mail.com,5555558670,67016894
Veronica,,stanton,Mother,veronica.stanton@mail.com,5555563221,67016895
Karen,,pender,Mother,karen.pender@mail.com,5555559653,67016896
Maria,,scruggs,Mother,maria.scruggs@mail.com,5555563610,67016897
Karina,,wertz,Mother,karina.wertz@mail.com,5555559689,67016898
Alejandra,,crump,Mother,alejandra.crump@mail.com,5555555864,67016899
Carolina,,lamont,Mother,carolina.lamont@mail.com,5555561376,67016900
Martha,,traylor,Mother,martha.traylor@mail.com,5555558693,67016901
Luz,,michael,Mother,luz.michael@mail.com,5555560508,67016902
Alma,,weisman,Mother,alma.weisman@mail.com,5555556310,67016903
Mildret,,thomsen,Mother,mildret.thomsen@mail.com,5555562055,67016904
Nohemi,,boswell,Mother,nohemi.boswell@mail.com,5555559799,67016905
Dania,,tang,Mother,dania.tang@mail.com,5555557559,67016906
Edna,,lamp,Mother,edna.lamp@mail.com,5555558632,67016907
Sinead,,rodman,Mother,sinead.rodman@mail.com,5555562725,67016908
Karina,,milam,Mother,karina.milam@mail.com,5555557109,67016909
Christian,,halvorson,Family Member,christian.halvorson@mail.com,5555563677,67016910
Luis,,naquin,Father,luis.naquin@mail.com,5555557181,67016911
Gibran,,messick,Father,gibran.messick@mail.com,5555558592,67016912
Nohemi,,goss,Mother,nohemi.goss@mail.com,5555561667,67016913
Veronica,,sprague,Mother,veronica.sprague@mail.com,5555563728,67016914
Sandra,,canty,Mother,sandra.canty@mail.com,5555557886,67016915
Jose,,purser,Grandfather,jose.purser@mail.com,5555563686,67016916
Miguel,,calloway,Grandfather,miguel.calloway@mail.com,5555556627,67016917
Monica,,maas,Mother,monica.maas@mail.com,5555562004,67016918
Nydia,,sierra,Mother,nydia.sierra@mail.com,5555561695,67016919
Cristina,,helmer,Mother,cristina.helmer@mail.com,5555557063,67016920
Alma,,jarvis,Caregiver,alma.jarvis@mail.com,5555555974,67016921
Jeannette,,mccloskey,Mother,jeannette.mccloskey@mail.com,5555561219,67016922
Tomasa,,burgos,Mother,tomasa.burgos@mail.com,5555563024,67016923
Alexis,,deberry,Mother,alexis.deberry@mail.com,5555563192,67016924
Vivian,,mcglothlin,Mother,vivian.mcglothlin@mail.com,5555561041,67016925
Sarai,,nolte,Mother,sarai.nolte@mail.com,5555562599,67016926
Jorge,,held,Father,jorge.held@mail.com,5555558803,67016927
Manuel,,olivas,Father,manuel.olivas@mail.com,5555557158,67016928
Ybeth,,mcpherson,Mother,ybeth.mcpherson@mail.com,5555563486,67016929
Ashley,,darrow,Mother,ashley.darrow@mail.com,5555556455,67016930
Alan,,medlock,Father,alan.medlock@mail.com,5555555811,67016931
Maria,,fountain,Mother,maria.fountain@mail.com,5555557834,67016932
Noelia,,pearl,Mother,noelia.pearl@mail.com,5555561657,67016933
Jobana,,halter,Mother,jobana.halter@mail.com,5555559430,67016934
Alma,,domingo,Caregiver,alma.domingo@mail.com,5555561390,67016935
Eva,,deguzman,Mother,eva.deguzman@mail.com,5555558240,67016936
Maribel,,chow,Mother,maribel.chow@mail.com,5555555566,67016937
Melissa,,dugas,Mother,melissa.dugas@mail.com,5555561068,67016938
Jorge,,oster,Father,jorge.oster@mail.com,5555558706,67016939
Carlos,,bachman,Father,carlos.bachman@mail.com,5555557368,67016940
Margarita,,schock,Mother,margarita.schock@mail.com,5555561465,67016941
Claudia,,winkler,Mother,claudia.winkler@mail.com,5555557347,67016942
Dayana,,hartle,Mother,dayana.hartle@mail.com,5555562342,67016943
Sandra,,morehead,Mother,sandra.morehead@mail.com,5555562542,67016944
Veronica,,mcardle,Mother,veronica.mcardle@mail.com,5555560037,67016945
Jaqueline,,hendry,Mother,jaqueline.hendry@mail.com,5555559129,67016947
Denise,,pilcher,Mother,denise.pilcher@mail.com,5555557660,67016948
Viridiana,,woolard,Mother,viridiana.woolard@mail.com,5555563311,67016949
Cindia,,hillman,Mother,cindia.hillman@mail.com,5555557232,67016950
Leidy,,haskins,Mother,leidy.haskins@mail.com,5555563782,67016951
Martin,,rana,Father,martin.rana@mail.com,5555556542,67016952
Silvia,,talbot,Caregiver,silvia.talbot@mail.com,5555562812,67016953
Maria,,avelar,Mother,maria.avelar@mail.com,5555560699,67016954
Karla,,mohammed,Mother,karla.mohammed@mail.com,5555562754,67016955
Magdalena,,moriarty,Mother,magdalena.moriarty@mail.com,5555557041,67016956
Graciela,,crook,Mother,graciela.crook@mail.com,5555558712,67016957
Blanca,,boardman,Mother,blanca.boardman@mail.com,5555556713,67016958
Mayra,,kemper,Mother,mayra.kemper@mail.com,5555560998,67016959
David,,enright,Father,david.enright@mail.com,5555557876,67016960
Olivia,,stafford,Mother,olivia.stafford@mail.com,5555557115,67016961
Ananias,,lorenz,Father,ananias.lorenz@mail.com,5555563965,67016962
Nancy,,eddy,Mother,nancy.eddy@mail.com,5555563940,67016963
Dulce,,messner,Mother,dulce.messner@mail.com,5555557852,67016964
Bibiana,,schilling,Mother,bibiana.schilling@mail.com,5555556843,67016965
Luis,,martindale,Father,luis.martindale@mail.com,5555560419,67016966
Hector,,clemens,Father,hector.clemens@mail.com,5555556884,67016967
Bianca,,dodge,Mother,bianca.dodge@mail.com,5555556689,67016968
Claribel,,mccurry,Mother,claribel.mccurry@mail.com,5555557288,67016969
Gertrudis,,vandenberg,Mother,gertrudis.vandenberg@mail.com,5555558590,67016970
Gissel,,gragg,Mother,gissel.gragg@mail.com,5555558547,67016971
Perla,,porterfield,Mother,perla.porterfield@mail.com,5555561940,67016972
Alejandro,,grow,Caregiver,alejandro.grow@mail.com,5555560050,67016973
Mireya,,strom,Mother,mireya.strom@mail.com,5555556517,67016974
Yanin,,deboer,Mother,yanin.deboer@mail.com,5555563448,67016975
Cindy,,sweet,Mother,cindy.sweet@mail.com,5555557239,67016976
Rosa,,villasenor,Mother,rosa.villasenor@mail.com,5555555616,67016977
Blanca,,munroe,Mother,blanca.munroe@mail.com,5555558099,67016978
Maria de Jesus,,blanco,Mother,maria de jesus.blanco@mail.com,5555556596,67016979
Miriam,,moritz,Mother,miriam.moritz@mail.com,5555559178,67016980
Jessica,,gerard,Mother,jessica.gerard@mail.com,5555560354,67016981
Emilia,,lund,Mother,emilia.lund@mail.com,5555557955,67016982
Maria,,caruso,Mother,maria.caruso@mail.com,5555562955,67016983
Vanessa,,hedrick,Mother,vanessa.hedrick@mail.com,5555563135,67016984
Esmeralda,,napoli,Mother,esmeralda.napoli@mail.com,5555558195,67016985
Israel,,gravely,Father,israel.gravely@mail.com,5555559060,67016986
Leslie,,edwards,Mother,leslie.edwards@mail.com,5555561136,67016987
Nithzy,,lemieux,Mother,nithzy.lemieux@mail.com,5555556353,67016988
Paola,,dillingham,Mother,paola.dillingham@mail.com,5555561908,67016989
Claudia,,stowers,Mother,claudia.stowers@mail.com,5555562720,67016990
Carmen,,frick,Mother,carmen.frick@mail.com,5555562800,67016991
Christian,,spinner,Father,christian.spinner@mail.com,5555557214,67016993
Maria,,corbitt,Mother,maria.corbitt@mail.com,5555563763,67016994
Grisel,,bunnell,Mother,grisel.bunnell@mail.com,5555558738,67016995
Angelica,,harold,Mother,angelica.harold@mail.com,5555560150,67016996
Mayra,,quintana,Mother,mayra.quintana@mail.com,5555561380,67016997
Melissa,,higdon,Mother,melissa.higdon@mail.com,5555561069,67016998
Diana,,hedgepeth,Mother,diana.hedgepeth@mail.com,5555559058,67016999
Roxana,,oyler,Mother,roxana.oyler@mail.com,5555562399,67017000
Roxana,,bloom,Mother,roxana.bloom@mail.com,5555562384,67017001
Salvador,,glisson,Father,salvador.glisson@mail.com,5555560947,67017002
Salvador,,vann,Father,salvador.vann@mail.com,5555560946,67017003
Claudia,,benton,Mother,claudia.benton@mail.com,5555557339,67017004
Claudia,,markham,Mother,claudia.markham@mail.com,5555557337,67017005
Claudia,,silver,Mother,claudia.silver@mail.com,5555557331,67017006
Claudia,,drennan,Mother,claudia.drennan@mail.com,5555557338,67017007
Cinthia,,converse,Mother,cinthia.converse@mail.com,5555556015,67017008
Roberto,,mix,Father,roberto.mix@mail.com,5555562234,67017009
Jessica,,renfrow,Court Appointed Guardian,jessica.renfrow@mail.com,5555562807,67017010
Alejandro,,hardin,Father,alejandro.hardin@mail.com,5555555905,67017011
Sarai,,endres,Mother,sarai.endres@mail.com,5555562601,67017012
Dalia,,calloway,Mother,dalia.calloway@mail.com,5555557623,67017013
Margarita,,nabors,Mother,margarita.nabors@mail.com,5555560583,67017014
Nancy,,dunton,Mother,nancy.dunton@mail.com,5555561519,67017015
Luis,,logan,Father,luis.logan@mail.com,5555556547,67017016
Andrea,,sibley,Mother,andrea.sibley@mail.com,5555556170,67017017
Brisia,,dunston,Mother,brisia.dunston@mail.com,5555556831,67017018
Rocio,,fanelli,Mother,rocio.fanelli@mail.com,5555560136,67017019
Ernesto,,botts,Father,ernesto.botts@mail.com,5555557942,67017020
Pamela,,petersen,Mother,pamela.petersen@mail.com,5555561814,67017021
Lili,,alexander,Mother,lili.alexander@mail.com,5555561409,67017022
Jessie,,aguiar,Father,jessie.aguiar@mail.com,5555559313,67017023
Maria,,bushey,Mother,maria.bushey@mail.com,5555562762,67017024
Rosa,,mojica,Mother,rosa.mojica@mail.com,5555562308,67017025
Gerardo,,huston,Father,gerardo.huston@mail.com,5555561544,67017026
Karla,,dillard,Mother,karla.dillard@mail.com,5555559741,67017027
Asmara,,emery,Mother,asmara.emery@mail.com,5555562965,67017028
Rosalinda,,mack,Caregiver,rosalinda.mack@mail.com,5555556065,67017029
Ericka,,hofer,Mother,ericka.hofer@mail.com,5555558121,67017030
Gerardo,,kowalski,Father,gerardo.kowalski@mail.com,5555558568,67017031
Rebeca,,heck,Mother,rebeca.heck@mail.com,5555562149,67017032
Patricia,,farina,Mother,patricia.farina@mail.com,5555562070,67017033
Maria,,colson,Caregiver,maria.colson@mail.com,5555563862,67017034
Itzel,,hofmann,Mother,itzel.hofmann@mail.com,5555559055,67017035
Elizabeth,,reardon,Mother,elizabeth.reardon@mail.com,5555557963,67017036
Diana Lizeth,,toledo,Mother,diana lizeth.toledo@mail.com,5555557121,67017037
Alma,,kahn,Mother,alma.kahn@mail.com,5555563006,67017038
Olga,,wells,Mother,olga.wells@mail.com,5555561728,67017039
Luz,,march,Mother,luz.march@mail.com,5555555663,67017040
Maria,,houser,Stepmother,maria.houser@mail.com,5555559477,67017041
Lupita,,crist,Mother,lupita.crist@mail.com,5555560310,67017042
Shirley,,wingfield,Court Appointed Guardian,shirley.wingfield@mail.com,5555562686,67017043
Gabriela Alicia,,theisen,Mother,gabriela alicia.theisen@mail.com,5555558490,67017044
Fernando,,emerick,Father,fernando.emerick@mail.com,5555558369,67017045
Cynthia,,villasenor,Mother,cynthia.villasenor@mail.com,5555562506,67017046
Isaias,,pridemore,Stepfather,isaias.pridemore@mail.com,5555559021,67017047
Cynthia,,roybal,Mother,cynthia.roybal@mail.com,5555557066,67017048
Elizeth,,hayward,Mother,elizeth.hayward@mail.com,5555560117,67017049
Roberto,,watanabe,Father,roberto.watanabe@mail.com,5555561670,67017050
Valerie,,cottle,Caregiver,valerie.cottle@mail.com,5555563105,67017051
Edna,,beggs,Mother,edna.beggs@mail.com,5555557922,67017052
Daniela,,shubert,Mother,daniela.shubert@mail.com,5555557580,67017053
Blanca,,mondragon,Caregiver,blanca.mondragon@mail.com,5555558489,67017054
Brian,,knudson,Father,brian.knudson@mail.com,5555556811,67017055
Cecilia,,lantz,Caregiver,cecilia.lantz@mail.com,5555557358,67017056
Veronica,,lai,Mother,veronica.lai@mail.com,5555555572,67017057
Yesmine,,baer,Mother,yesmine.baer@mail.com,5555558155,67017058
Sandra,,wexler,Mother,sandra.wexler@mail.com,5555562545,67017059
Olga selene,,fussell,Mother,olga selene.fussell@mail.com,5555558776,67017060
Blanca,,scanlan,Mother,blanca.scanlan@mail.com,5555563201,67017061
Evelin Aimee,,demello,Mother,evelin aimee.demello@mail.com,5555557769,67017062
ENRIQUE,,soares,Father,enrique.soares@mail.com,5555558096,67017063
Katie,,sipe,Mother,katie.sipe@mail.com,5555563861,67017064
Ana,,lewis,Mother,ana.lewis@mail.com,5555562112,67017065
Navil,,huerta,Mother,navil.huerta@mail.com,5555561093,67017066
Nohemi,,mckinzie,Mother,nohemi.mckinzie@mail.com,5555562449,67017067
Nohemi,,velasquez,Mother,nohemi.velasquez@mail.com,5555562448,67017068
Yolanda,,nazir,Caregiver,yolanda.nazir@mail.com,5555563562,67017069
Laura,,kelley,Mother,laura.kelley@mail.com,5555560009,67017070
Jaime,,hwang,Father,jaime.hwang@mail.com,5555562179,67017071
marlene c,,schmitz,Mother,marlene c.schmitz@mail.com,5555556989,67017072
Yetzabel,,wolford,Mother,yetzabel.wolford@mail.com,5555557141,67017073
Andrea,,hardison,Mother,andrea.hardison@mail.com,5555561579,67017074
Perla,,northcutt,Mother,perla.northcutt@mail.com,5555561920,67017075
Brandon,,horan,Caregiver,brandon.horan@mail.com,5555563973,67017076
Lesly J,,zimmermann,Mother,lesly j.zimmermann@mail.com,5555560089,67017077
Danitza,,weidner,Mother,danitza.weidner@mail.com,5555557868,67017078
Casandra,,viera,Mother,casandra.viera@mail.com,5555557023,67017079
Armando,,piper,Father,armando.piper@mail.com,5555556403,67017080
Denisse,,hornsby,Mother,denisse.hornsby@mail.com,5555557831,67017081
Josefa,,rees,Grandmother,josefa.rees@mail.com,5555559494,67017082
Angelica,,smiley,Mother,angelica.smiley@mail.com,5555556254,67017083
Cristina,,beaudoin,Mother,cristina.beaudoin@mail.com,5555562214,67017084
Iveth,,hodgson,Mother,iveth.hodgson@mail.com,5555563744,67017085
Eva,,geter,Caregiver,eva.geter@mail.com,5555563827,67017086
Perla,,albertson,Mother,perla.albertson@mail.com,5555561933,67017087
Brandon,,fontenot,Father,brandon.fontenot@mail.com,5555563776,67017088
Sandra,,redmon,Mother,sandra.redmon@mail.com,5555562553,67017089
Sophia,,cann,Mother,sophia.cann@mail.com,5555562820,67017090
Alejandro,,schwab,Father,alejandro.schwab@mail.com,5555563454,67017091
Leticia,,bridgeman,Mother,leticia.bridgeman@mail.com,5555558916,67017092
Maria.,,desantis,Mother,maria..desantis@mail.com,5555560844,67017093
Betsy,,gruber,Mother,betsy.gruber@mail.com,5555556660,67017094
Julieta,,holt,Mother,julieta.holt@mail.com,5555559644,67017095
Teresa,,daggett,Mother,teresa.daggett@mail.com,5555562976,67017096
Sara,,seale,Mother,sara.seale@mail.com,5555562607,67017097
Alicia,,stowell,Caregiver,alicia.stowell@mail.com,5555564032,67017098
Corina,,dyer,Mother,corina.dyer@mail.com,5555557130,67017099
Elizabeth,,hight,Mother,elizabeth.hight@mail.com,5555558001,67017100
Laura,,merryman,Mother,laura.merryman@mail.com,5555560029,67017101
Yolanda,,steib,Mother,yolanda.steib@mail.com,5555563563,67017102
Marco,,ladd,Family Member,marco.ladd@mail.com,5555561022,67017103
Rocio,,messenger,Mother,rocio.messenger@mail.com,5555562249,67017104
Alma,,kornegay,Mother,alma.kornegay@mail.com,5555562627,67017105
Lizeth,,storer,Mother,lizeth.storer@mail.com,5555560251,67017106
Leah,,denney,Mother,leah.denney@mail.com,5555560048,67017107
Marina,,forest,Mother,marina.forest@mail.com,5555560551,67017108
Blanca,,amin,Mother,blanca.amin@mail.com,5555556708,67017109
Thanya,,townley,Mother,thanya.townley@mail.com,5555562994,67017110
Nadia,,takahashi,Mother,nadia.takahashi@mail.com,5555561474,67017111
Dulce,,vuong,Mother,dulce.vuong@mail.com,5555557863,67017112
Maria,,woodhouse,Mother,maria.woodhouse@mail.com,5555561881,67017113
Alma,,tijerina,Mother,alma.tijerina@mail.com,5555562393,67017114
Angeldeniss,,hammett,Mother,angeldeniss.hammett@mail.com,5555556190,67017115
Laura,,pinkerton,Mother,laura.pinkerton@mail.com,5555560014,67017116
Paulette,,mcnally,Mother,paulette.mcnally@mail.com,5555562097,67017117
Amanda,,veilleux,Mother,amanda.veilleux@mail.com,5555556039,67017118
Nancy,,dunne,Mother,nancy.dunne@mail.com,5555561509,67017119
Georgina,,horowitz,Mother,georgina.horowitz@mail.com,5555558562,67017120
Alfredo,,keith,Father,alfredo.keith@mail.com,5555555609,67017121
Lucrecia,,roden,Mother,lucrecia.roden@mail.com,5555560409,67017122
Ivy,,oberg,Mother,ivy.oberg@mail.com,5555559098,67017123
Melissa,,kittle,Mother,melissa.kittle@mail.com,5555561062,67017124
Maria,,kelley,Mother,maria.kelley@mail.com,5555560704,67017125
Adriana,,blackford,Mother,adriana.blackford@mail.com,5555555672,67017126
Maria,,trent,Mother,maria.trent@mail.com,5555557805,67017127
Norma,,lerner,Mother,norma.lerner@mail.com,5555561615,67017128
Priscilla,,mccann,Mother,priscilla.mccann@mail.com,5555562030,67017129
Melissa,,larry,Mother,melissa.larry@mail.com,5555560632,67017130
Cynthia,,neel,Mother,cynthia.neel@mail.com,5555557484,67017131
Olga,,canady,Mother,olga.canady@mail.com,5555560167,67017132
Margarita,,brink,Court Appointed Guardian,margarita.brink@mail.com,5555560590,67017133
Dalia,,demoss,Mother,dalia.demoss@mail.com,5555557528,67017134
Margarita,,ayotte,Mother,margarita.ayotte@mail.com,5555560600,67017135
Herlinda,,sanchez,Caregiver,herlinda.sanchez@mail.com,5555558829,67017136
Elizabeth,,houston,Mother,elizabeth.houston@mail.com,5555557976,67017137
Diana,,newcomb,Mother,diana.newcomb@mail.com,5555557540,67017138
Estela,,bernhardt,Caregiver,estela.bernhardt@mail.com,5555562669,67017140
Mayra,,zavala,Mother,mayra.zavala@mail.com,5555561379,67017141
Rosa,,osburn,Mother,rosa.osburn@mail.com,5555562315,67017142
Leticia,,collado,Mother,leticia.collado@mail.com,5555560103,67017143
Alejandra,,davenport,Mother,alejandra.davenport@mail.com,5555555963,67017144
Francisco,,trejo,Father,francisco.trejo@mail.com,5555559156,67017146
Erenia,,pleasant,Mother,erenia.pleasant@mail.com,5555562458,67017147
America,,jaynes,Mother,america.jaynes@mail.com,5555556056,67017148
Nallely,,bruno,Mother,nallely.bruno@mail.com,5555556506,67017149
Zuilma,,hash,Mother,zuilma.hash@mail.com,5555563663,67017150
Samantha,,day,Mother,samantha.day@mail.com,5555562815,67017151
Eva,,walther,Mother,eva.walther@mail.com,5555558242,67017152
Michelle,,natale,Mother,michelle.natale@mail.com,5555561027,67017153
Juliana,,shedd,Mother,juliana.shedd@mail.com,5555559605,67017154
Cristian,,lemos,Mother,cristian.lemos@mail.com,5555559926,67017155
Jose,,absher,Father,jose.absher@mail.com,5555563327,67017156
Gladis,,pool,Mother,gladis.pool@mail.com,5555559198,67017157
Mirna,,flatt,Mother,mirna.flatt@mail.com,5555561234,67017158
Catalina,,gable,Mother,catalina.gable@mail.com,5555559789,67017159
Vivian,,duda,Mother,vivian.duda@mail.com,5555563338,67017160
Leticia,,gott,Mother,leticia.gott@mail.com,5555560105,67017161
Cecilia,,marcotte,Caregiver,cecilia.marcotte@mail.com,5555557082,67017162
Jose,,clough,Father,jose.clough@mail.com,5555561801,67017163
Paola,,croy,Mother,paola.croy@mail.com,5555561812,67017164
Francisco,,oshea,Grandfather,francisco.oshea@mail.com,5555563821,67017165
Paola,,neuman,Mother,paola.neuman@mail.com,5555561852,67017166
Guadalupe,,hoke,Mother,guadalupe.hoke@mail.com,5555558707,67017167
Elizabeth,,caddell,Mother,elizabeth.caddell@mail.com,5555560235,67017168
Leticia,,parham,Caregiver,leticia.parham@mail.com,5555563921,67017169
Claudia,,woosley,Mother,claudia.woosley@mail.com,5555557283,67017170
Rebeca,,mcpherson,Mother,rebeca.mcpherson@mail.com,5555556602,67017171
Monica,,glasser,Mother,monica.glasser@mail.com,5555560650,67017172
Laura,,lai,Mother,laura.lai@mail.com,5555559961,67017173
Krystal,,fussell,Mother,krystal.fussell@mail.com,5555559929,67017174
Gabriela,,tse,Mother,gabriela.tse@mail.com,5555558750,67017175
Yadira,,kwon,Mother,yadira.kwon@mail.com,5555563406,67017176
Iveth,,thigpen,Mother,iveth.thigpen@mail.com,5555559072,67017177
Sylvia,,boyd,Mother,sylvia.boyd@mail.com,5555557191,67017178
Claudia,,saxton,Mother,claudia.saxton@mail.com,5555557298,67017179
Diana,,gillis,Mother,diana.gillis@mail.com,5555557716,67017180
David,,horan,Family Member,david.horan@mail.com,5555557609,67017181
Lisseth,,volz,Mother,lisseth.volz@mail.com,5555560217,67017182
Perla,,arnold,Mother,perla.arnold@mail.com,5555561926,67017183
Karla,,adames,Mother,karla.adames@mail.com,5555560569,67017184
Claudia,,guerin,Mother,claudia.guerin@mail.com,5555563294,67017185
Sandy,,negrete,Mother,sandy.negrete@mail.com,5555562567,67017186
Alma,,hix,Mother,alma.hix@mail.com,5555556828,67017187
Sandra,,figueroa,Mother,sandra.figueroa@mail.com,5555562345,67017188
Diana,,tafoya,Mother,diana.tafoya@mail.com,5555557746,67017189
Erika,,calhoun,Mother,erika.calhoun@mail.com,5555561911,67017190
Elizabeth,,kuhn,Mother,elizabeth.kuhn@mail.com,5555558056,67017191
Guillermina,,caruthers,Caregiver,guillermina.caruthers@mail.com,5555561210,67017192
Antonia,,mchale,Mother,antonia.mchale@mail.com,5555556298,67017193
Juana,,cottrell,Mother,juana.cottrell@mail.com,5555563497,67017194
Raul,,sheppard,Father,raul.sheppard@mail.com,5555558434,67017195
Rebeca,,kuhl,Mother,rebeca.kuhl@mail.com,5555562082,67017196
Erika,,albritton,Mother,erika.albritton@mail.com,5555558129,67017197
Marla,,mabry,Mother,marla.mabry@mail.com,5555560857,67017198
Denise,,satterwhite,Mother,denise.satterwhite@mail.com,5555557694,67017199
Dina,,hemingway,Mother,dina.hemingway@mail.com,5555557777,67017200
Amanda,,shoemaker,Mother,amanda.shoemaker@mail.com,5555556038,67017201
Yanel,,gerlach,Mother,yanel.gerlach@mail.com,5555563488,67017202
Monica,,messina,Mother,monica.messina@mail.com,5555561322,67017203
Lizzet,,forte,Mother,lizzet.forte@mail.com,5555560273,67017204
Karina,,hallett,Mother,karina.hallett@mail.com,5555559636,67017205
Citlali,,bryan,Mother,citlali.bryan@mail.com,5555561715,67017206
Francisca,,johnstone,Mother,francisca.johnstone@mail.com,5555558366,67017207
Ana,,pinder,Mother,ana.pinder@mail.com,5555556075,67017208
Daniel,,macklin,Father,daniel.macklin@mail.com,5555557563,67017209
Jaysel,,stack,Mother,jaysel.stack@mail.com,5555559231,67017210
Dalia,,oliveira,Mother,dalia.oliveira@mail.com,5555557627,67017211
Jesus,,carrigan,Father,jesus.carrigan@mail.com,5555559345,67017212
Gloria,,schwab,Mother,gloria.schwab@mail.com,5555558587,67017213
Jorge,,rush,Father,jorge.rush@mail.com,5555562064,67017214
Martha,,nakano,Mother,martha.nakano@mail.com,5555561497,67017215
Maria Elena,,edmunds,Mother,maria elena.edmunds@mail.com,5555561411,67017216
Adriana,,poole,Mother,adriana.poole@mail.com,5555555670,67017217
Lucero,,urban,Mother,lucero.urban@mail.com,5555560380,67017218
Celina,,shoffner,Mother,celina.shoffner@mail.com,5555556274,67017219
Mireya,,nieves,Mother,mireya.nieves@mail.com,5555558580,67017220
Ramiro,,shull,Father,ramiro.shull@mail.com,5555562104,67017221
Leticia,,peavy,Mother,leticia.peavy@mail.com,5555560104,67017222
Lourdes,,kenyon,Mother,lourdes.kenyon@mail.com,5555560357,67017223
Sara,,reams,Mother,sara.reams@mail.com,5555562916,67017224
Janet,,newland,Mother,janet.newland@mail.com,5555559568,67017225
Guadalupe,,sites,Mother,guadalupe.sites@mail.com,5555555956,67017226
Diana,,sumrall,Mother,diana.sumrall@mail.com,5555557709,67017227
Olga,,marlin,Mother,olga.marlin@mail.com,5555557386,67017228
Maria,,arrowood,Mother,maria.arrowood@mail.com,5555558842,67017229
Karla,,salley,Mother,karla.salley@mail.com,5555559736,67017230
Alexandra,,sprouse,Mother,alexandra.sprouse@mail.com,5555562255,67017231
Carmen,,hoy,Mother,carmen.hoy@mail.com,5555556934,67017232
Karen,,sandlin,Mother,karen.sandlin@mail.com,5555563952,67017233
Dalia,,capone,Mother,dalia.capone@mail.com,5555557525,67017234
Linda,,chung,Mother,linda.chung@mail.com,5555560202,67017235
Lizet,,vaughan,Mother,lizet.vaughan@mail.com,5555560267,67017236
Alicia,,corral,Mother,alicia.corral@mail.com,5555557272,67017237
Cindy,,dardar,Mother,cindy.dardar@mail.com,5555557017,67017238
Andrew,,colby,Father,andrew.colby@mail.com,5555556317,67017239
Angelica,,riffe,Mother,angelica.riffe@mail.com,5555556207,67017240
Miriam,,prather,Mother,miriam.prather@mail.com,5555561164,67017241
Carla,,scarborough,Mother,carla.scarborough@mail.com,5555556942,67017242
Jacqueline,,muro,Mother,jacqueline.muro@mail.com,5555559141,67017243
Sugey,,acton,Mother,sugey.acton@mail.com,5555562860,67017244
Vanessa,,stickney,Mother,vanessa.stickney@mail.com,5555561606,67017245
Perla,,lambert,Mother,perla.lambert@mail.com,5555561938,67017246
Joaquin,,orton,Father,joaquin.orton@mail.com,5555563310,67017247
Karla,,peak,Mother,karla.peak@mail.com,5555559716,67017248
Isamar,,fitzpatrick,Mother,isamar.fitzpatrick@mail.com,5555559049,67017249
Belia,,gilbert,Mother,belia.gilbert@mail.com,5555556853,67017250
Gladys,,fultz,Mother,gladys.fultz@mail.com,5555560975,67017251
Jose,,numbers,Father,jose.numbers@mail.com,5555561995,67017252
Emmanuel,,wolf,Father,emmanuel.wolf@mail.com,5555558108,67017253
Julia,,crozier,Mother,julia.crozier@mail.com,5555562885,67017254
Lizeth,,lassiter,Mother,lizeth.lassiter@mail.com,5555560280,67017255
Maria,,brandenburg,Mother,maria.brandenburg@mail.com,5555557708,67017256
Lucero,,mcmorris,Mother,lucero.mcmorris@mail.com,5555560501,67017257
Cristina,,turnbull,Mother,cristina.turnbull@mail.com,5555557433,67017259
Yessica,,crawley,Mother,yessica.crawley@mail.com,5555563623,67017260
Elia,,conley,Mother,elia.conley@mail.com,5555562693,67017261
Belem,,sperling,Mother,belem.sperling@mail.com,5555556606,67017262
Perla,,shreve,Mother,perla.shreve@mail.com,5555561935,67017263
Cristal,,dollar,Mother,cristal.dollar@mail.com,5555557065,67017264
Jose,,lasher,Father,jose.lasher@mail.com,5555559110,67017265
Tiana,,logan,Caregiver,tiana.logan@mail.com,5555563947,67017266
Erik,,bono,Father,erik.bono@mail.com,5555560051,67017267
Carlos,,allison,Father,carlos.allison@mail.com,5555556965,67017268
Karime,,malcolm,Mother,karime.malcolm@mail.com,5555559679,67017269
Diana,,halpern,Mother,diana.halpern@mail.com,5555556918,67017270
Martin,,headrick,Father,martin.headrick@mail.com,5555556544,67017271
Melissa,,sparks,Mother,melissa.sparks@mail.com,5555561058,67017272
Gloria,,woodcock,Mother,gloria.woodcock@mail.com,5555558671,67017273
Brandelle,,neel,Mother,brandelle.neel@mail.com,5555556757,67017274
Dulce,,harvell,Mother,dulce.harvell@mail.com,5555557794,67017275
Elizabeth,,bush,Mother,elizabeth.bush@mail.com,5555563172,67017276
Sandra,,rood,Mother,sandra.rood@mail.com,5555562733,67017277
Samantha,,rhodes,Mother,samantha.rhodes@mail.com,5555562817,67017278
Khris,,slusher,Mother,khris.slusher@mail.com,5555559859,67017279
Berenice,,pounds,Mother,berenice.pounds@mail.com,5555557163,67017280
Marbella,,waits,Mother,marbella.waits@mail.com,5555556816,67017281
Cassandra,,lavin,Mother,cassandra.lavin@mail.com,5555555789,67017282
Andrea,,randazzo,Mother,andrea.randazzo@mail.com,5555556169,67017283
Griselda,,largent,Mother,griselda.largent@mail.com,5555558734,67017284
Melissa,,mcgee,Mother,melissa.mcgee@mail.com,5555561190,67017285
Alicia,,lincoln,Mother,alicia.lincoln@mail.com,5555555940,67017286
Nancy,,danielson,Mother,nancy.danielson@mail.com,5555561502,67017287
Chazel,,mcgill,Mother,chazel.mcgill@mail.com,5555556295,67017288
Sandra,,blount,Mother,sandra.blount@mail.com,5555561714,67017289
Tania,,root,Mother,tania.root@mail.com,5555556273,67017290
Mayra,,lachance,Mother,mayra.lachance@mail.com,5555561006,67017291
Alejandra,,shipp,Mother,alejandra.shipp@mail.com,5555555873,67017292
Nayeli,,wells,Mother,nayeli.wells@mail.com,5555561566,67017293
Briseida,,ring,Mother,briseida.ring@mail.com,5555558207,67017294
Gladys,,wisniewski,Mother,gladys.wisniewski@mail.com,5555558643,67017295
Claudia,,guay,Mother,claudia.guay@mail.com,5555563263,67017296
Sylvia,,risley,Mother,sylvia.risley@mail.com,5555562911,67017297
Cynthia,,irving,Mother,cynthia.irving@mail.com,5555557491,67017298
Tania,,burdette,Mother,tania.burdette@mail.com,5555563209,67017299
Erica,,lombardi,Mother,erica.lombardi@mail.com,5555558117,67017300
Elda,,condon,Mother,elda.condon@mail.com,5555557948,67017302
Jennifer,,lumpkin,Mother,jennifer.lumpkin@mail.com,5555559287,67017303
Valerie,,alexander,Mother,valerie.alexander@mail.com,5555563107,67017304
Cristina,,francis,Mother,cristina.francis@mail.com,5555557430,67017305
Mayra,,anders,Mother,mayra.anders@mail.com,5555560982,67017306
Elizabeth,,bass,Mother,elizabeth.bass@mail.com,5555563803,67017307
Sasha,,kelleher,Mother,sasha.kelleher@mail.com,5555562609,67017308
Angeles,,michell,Mother,angeles.michell@mail.com,5555561990,67017309
Monica,,baez,Mother,monica.baez@mail.com,5555562002,67017310
Silvia,,stock,Mother,silvia.stock@mail.com,5555562706,67017311
Diana,,lillard,Mother,diana.lillard@mail.com,5555558786,67017312
Claudia,,fredericks,Mother,claudia.fredericks@mail.com,5555557293,67017313
Cindy,,pyle,Mother,cindy.pyle@mail.com,5555563431,67017314
Yuliana,,murchison,Mother,yuliana.murchison@mail.com,5555563597,67017315
Maria,,nunnally,Grandmother,maria.nunnally@mail.com,5555558280,67017316
Laura,,forest,Mother,laura.forest@mail.com,5555560023,67017317
Marylou,,pilcher,Mother,marylou.pilcher@mail.com,5555560439,67017318
Christian,,santoro,Mother,christian.santoro@mail.com,5555559861,67017319
Monica,,earle,Mother,monica.earle@mail.com,5555561304,67017320
Rosella,,harms,Mother,rosella.harms@mail.com,5555562368,67017321
Susie,,lathrop,Mother,susie.lathrop@mail.com,5555562882,67017322
Francisco,,westcott,Father,francisco.westcott@mail.com,5555558433,67017323
Jenny,,call,Mother,jenny.call@mail.com,5555559295,67017324
Alejandra,,hundley,Mother,alejandra.hundley@mail.com,5555555882,67017325
Darlenne,,neuman,Mother,darlenne.neuman@mail.com,5555557604,67017327
Eiram,,lejeune,Mother,eiram.lejeune@mail.com,5555558160,67017328
Martin,,farrar,Father,martin.farrar@mail.com,5555561166,67017329
Teodoro,,masterson,Father,teodoro.masterson@mail.com,5555558343,67017330
Adriana,,hammons,Mother,adriana.hammons@mail.com,5555555695,67017331
Rosa,,miracle,Mother,rosa.miracle@mail.com,5555562369,67017332
Cynthia,,lieberman,Mother,cynthia.lieberman@mail.com,5555563203,67017333
Joyce,,wild,Mother,joyce.wild@mail.com,5555559543,67017334
Michelle,,glasscock,Mother,michelle.glasscock@mail.com,5555562177,67017335
Yasmine,,pacheco,Mother,yasmine.pacheco@mail.com,5555555660,67017336
Alexis,,kroll,Mother,alexis.kroll@mail.com,5555563190,67017337
Fidel,,bauman,Stepfather,fidel.bauman@mail.com,5555563935,67017338
Veronica,,caston,Mother,veronica.caston@mail.com,5555560035,67017339
Kathy,,hennessy,Mother,kathy.hennessy@mail.com,5555559778,67017340
Maria,,miranda,Mother,maria.miranda@mail.com,5555560698,67017341
Priscela,,tyner,Mother,priscela.tyner@mail.com,5555562009,67017342
Saul,,abney,Father,saul.abney@mail.com,5555562613,67017343
Dulce,,hutcheson,Mother,dulce.hutcheson@mail.com,5555557853,67017344
Pamela,,springs,Mother,pamela.springs@mail.com,5555558902,67017345
Claudia,,higa,Mother,claudia.higa@mail.com,5555559887,67017346
Clara Rosa,,hailey,Mother,clara rosa.hailey@mail.com,5555557285,67017347
Stephanie,,davies,Mother,stephanie.davies@mail.com,5555563473,67017348
Sara,,lo,Caregiver,sara.lo@mail.com,5555558423,67017349
Yohanna,,coomer,Mother,yohanna.coomer@mail.com,5555561080,67017350
Cynthia,,arce,Mother,cynthia.arce@mail.com,5555557258,67017351
Joe,,blankenship,Father,joe.blankenship@mail.com,5555559447,67017352
Itzel,,mclain,Mother,itzel.mclain@mail.com,5555556907,67017353
Omar,,eckert,Father,omar.eckert@mail.com,5555561741,67017354
Dinorath,,reber,Mother,dinorath.reber@mail.com,5555557781,67017355
Ana,,dinh,Mother,ana.dinh@mail.com,5555556129,67017356
Cindy,,roger,Mother,cindy.roger@mail.com,5555557238,67017357
Francisco,,mcwhorter,Father,francisco.mcwhorter@mail.com,5555562789,67017358
Lidia,,boling,Aunt,lidia.boling@mail.com,5555558782,67017359
Claudia,,loftus,Mother,claudia.loftus@mail.com,5555557330,67017360
Valeria,,rendon,Mother,valeria.rendon@mail.com,5555563091,67017361
Yessica,,edgar,Mother,yessica.edgar@mail.com,5555563523,67017362
Leslie,,fanning,Mother,leslie.fanning@mail.com,5555560288,67017363
Korina,,conn,Mother,korina.conn@mail.com,5555559907,67017364
Eugenio,,valencia,Family Member,eugenio.valencia@mail.com,5555555795,67017365
Susana,,bolanos,Mother,susana.bolanos@mail.com,5555562880,67017366
Mixia,,oakley,Mother,mixia.oakley@mail.com,5555561259,67017367
Carlos,,wiener,Father,carlos.wiener@mail.com,5555559755,67017368
Paulina,,goldsberry,Mother,paulina.goldsberry@mail.com,5555561887,67017369
Andres,,cummings,Father,andres.cummings@mail.com,5555556183,67017370
Erika,,doll,Mother,erika.doll@mail.com,5555558135,67017371
Julio,,haire,Father,julio.haire@mail.com,5555556904,67017372
Gabriela,,burdine,Mother,gabriela.burdine@mail.com,5555557188,67017373
Angelita,,carlos,Mother,angelita.carlos@mail.com,5555561759,67017374
Brenda,,weise,Mother,brenda.weise@mail.com,5555556849,67017375
Dulce,,huber,Mother,dulce.huber@mail.com,5555557000,67017376
Gloria,,curtis,Grandmother,gloria.curtis@mail.com,5555557734,67017377
Dulce,,dasher,Mother,dulce.dasher@mail.com,5555555802,67017378
Edna,,dear,Mother,edna.dear@mail.com,5555558965,67017379
Gustavo,,freedman,Father,gustavo.freedman@mail.com,5555563778,67017380
Danitza,,sharkey,Mother,danitza.sharkey@mail.com,5555557586,67017381
Brianna,,kilpatrick,Caregiver,brianna.kilpatrick@mail.com,5555561678,67017382
Elsa,,craven,Mother,elsa.craven@mail.com,5555558031,67017383
Brianda,,gainey,Mother,brianda.gainey@mail.com,5555559508,67017384
Sheyla,,koch,Mother,sheyla.koch@mail.com,5555562679,67017385
Elvira,,schaffer,Mother,elvira.schaffer@mail.com,5555562272,67017386
Elvira,,bermudez,Mother,elvira.bermudez@mail.com,5555562271,67017387
Josefina,,macedo,Mother,josefina.macedo@mail.com,5555559521,67017388
Angel,,nord,Father,angel.nord@mail.com,5555556236,67017389
Elena,,barringer,Mother,elena.barringer@mail.com,5555558882,67017390
Antonio,,kay,Father,antonio.kay@mail.com,5555563029,67017391
Viviana Janeth,,carman,Mother,viviana janeth.carman@mail.com,5555563074,67017392
Margarita,,overstreet,Mother,margarita.overstreet@mail.com,5555563912,67017393
Alejandra,,flemming,Mother,alejandra.flemming@mail.com,5555563374,67017394
Astrid,,boatwright,Mother,astrid.boatwright@mail.com,5555556476,67017395
Elizabeth,,dearborn,Mother,elizabeth.dearborn@mail.com,5555560232,67017396
Maria Guadalupe,,meeker,Mother,maria guadalupe.meeker@mail.com,5555562520,67017397
Rodrigo,,ferreira,Father,rodrigo.ferreira@mail.com,5555561762,67017398
Fanny,,hutchins,Mother,fanny.hutchins@mail.com,5555558309,67017399
Carlos,,stella,Father,carlos.stella@mail.com,5555556956,67017400
Marisela,,rowlett,Mother,marisela.rowlett@mail.com,5555560794,67017401
Kenji Maritza,,neale,Mother,kenji maritza.neale@mail.com,5555559839,67017402
Rosa,,call,Mother,rosa.call@mail.com,5555562225,67017403
Rafael,,haire,Father,rafael.haire@mail.com,5555558586,67017404
Diana,,michell,Mother,diana.michell@mail.com,5555561818,67017405
Diana,,coffin,Mother,diana.coffin@mail.com,5555561819,67017406
IRMA,,proulx,Caregiver,irma.proulx@mail.com,5555557074,67017407
Lisa Lopez,,loera,Mother,lisa lopez.loera@mail.com,5555560212,67017408
Ana,,ojeda,Mother,ana.ojeda@mail.com,5555556140,67017409
Cynthia,,rouse,Mother,cynthia.rouse@mail.com,5555557490,67017410
Mildret,,beaudry,Aunt,mildret.beaudry@mail.com,5555562054,67017411
Edgar,,findlay,Stepfather,edgar.findlay@mail.com,5555557894,67017412
Elizeth,,millington,Mother,elizeth.millington@mail.com,5555560116,67017413
STEPHANIE,,tuttle,Mother,stephanie.tuttle@mail.com,5555558446,67017414
Ed,,rosa,Father,ed.rosa@mail.com,5555563031,67017415
Edna,,dunning,Mother,edna.dunning@mail.com,5555557923,67017416
Hector,,corder,Father,hector.corder@mail.com,5555563818,67017417
Esther,,abdullah,Caregiver,esther.abdullah@mail.com,5555561967,67017418
Liliana,,moyer,Mother,liliana.moyer@mail.com,5555564034,67017419
Perla Iveth,,leslie,Mother,perla iveth.leslie@mail.com,5555561898,67017420
Cristina,,frith,Mother,cristina.frith@mail.com,5555557415,67017421
Sheila,,duong,Mother,sheila.duong@mail.com,5555556364,67017422
Saida,,durrett,Mother,saida.durrett@mail.com,5555562743,67017424
Zaira,,carver,Mother,zaira.carver@mail.com,5555555957,67017425
Jorge,,curl,Father,jorge.curl@mail.com,5555556725,67017426
marlene c,,frazee,Mother,marlene c.frazee@mail.com,5555556988,67017427
Ivan,,geary,Uncle,ivan.geary@mail.com,5555559550,67017428
Rosa,,mclean,Mother,rosa.mclean@mail.com,5555563779,67017429
Maria,,english,Mother,maria.english@mail.com,5555560806,67017430
Daniela,,plaza,Mother,daniela.plaza@mail.com,5555562113,67017431
Fernando,,perales,Father,fernando.perales@mail.com,5555556747,67017432
Imelda,,keys,Mother,imelda.keys@mail.com,5555563689,67017433
Karina,,mccray,Mother,karina.mccray@mail.com,5555559985,67017434
Rocio,,bible,Mother,rocio.bible@mail.com,5555562210,67017435
Nancy,,groff,Mother,nancy.groff@mail.com,5555556265,67017436
Irvin,,andress,Father,irvin.andress@mail.com,5555564046,67017437
Carlos,,westbrook,Father,carlos.westbrook@mail.com,5555556950,67017438
Alain,,setzer,Father,alain.setzer@mail.com,5555563747,67017439
Viana,,crouch,Mother,viana.crouch@mail.com,5555563262,67017440
Gloria,,breton,Mother,gloria.breton@mail.com,5555558957,67017441
Isela,,stern,Mother,isela.stern@mail.com,5555559029,67017442
Rosela,,cousins,Mother,rosela.cousins@mail.com,5555556161,67017443
Claudia,,bone,,claudia.bone@mail.com,5555557290,67017444
Erika,,kapp,Mother,erika.kapp@mail.com,5555558612,67017445
Paola,,norman,Mother,paola.norman@mail.com,5555558300,67017446
Lorena,,swenson,Mother,lorena.swenson@mail.com,5555558801,67017447
Evelyn,,bias,Mother,evelyn.bias@mail.com,5555557936,67017448
Annaly,,mohammed,Mother,annaly.mohammed@mail.com,5555556284,67017449
Ana,,bieber,Mother,ana.bieber@mail.com,5555556304,67017450
Anna,,purnell,Mother,anna.purnell@mail.com,5555556281,67017451
Monica,,trigg,Mother,monica.trigg@mail.com,5555563792,67017452
Liliana,,gambrell,Mother,liliana.gambrell@mail.com,5555560185,67017453
Nallely,,mcwhorter,Mother,nallely.mcwhorter@mail.com,5555558401,67017454
Tatiana,,koehler,Mother,tatiana.koehler@mail.com,5555562960,67017455
Lidia,,petterson,Mother,lidia.petterson@mail.com,5555561953,67017456
Nancy,,deans,Mother,nancy.deans@mail.com,5555556964,67017457
Nancy,,gaitan,Mother,nancy.gaitan@mail.com,5555561503,67017458
Maria,,wojcik,Mother,maria.wojcik@mail.com,5555560724,67017459
Dulce,,suiter,Mother,dulce.suiter@mail.com,5555563125,67017460
Mayra,,musgrove,Mother,mayra.musgrove@mail.com,5555561383,67017461
Maria,,harrigan,Mother,maria.harrigan@mail.com,5555557830,67017462
Elvia,,kellner,Mother,elvia.kellner@mail.com,5555557642,67017463
Laura,,osorio,Mother,laura.osorio@mail.com,5555556430,67017464
Veronica,,mason,Mother,veronica.mason@mail.com,5555563243,67017465
Joanna,,rawson,Mother,joanna.rawson@mail.com,5555559075,67017466
Daniel,,bracey,Father,daniel.bracey@mail.com,5555558394,67017467
Alfredo,,jarmon,Father,alfredo.jarmon@mail.com,5555555932,67017468
Angelica,,villareal,Mother,angelica.villareal@mail.com,5555556250,67017469
Delia,,rakes,Mother,delia.rakes@mail.com,5555561546,67017470
Maria,,michels,Mother,maria.michels@mail.com,5555561744,67017471
Christine,,haber,Mother,christine.haber@mail.com,5555557224,67017472
Martha,,amaya,Mother,martha.amaya@mail.com,5555560897,67017473
Melissa,,braddock,Mother,melissa.braddock@mail.com,5555556827,67017474
Cassandra,,spence,Mother,cassandra.spence@mail.com,5555557030,67017475
Jose,,lykins,Father,jose.lykins@mail.com,5555561485,67017476
Cynthia,,fenton,Mother,cynthia.fenton@mail.com,5555560227,67017477
Claudia,,sanchez,Mother,claudia.sanchez@mail.com,5555561870,67017478
Priscila,,novak,Mother,priscila.novak@mail.com,5555562017,67017479
Elena,,haws,Mother,elena.haws@mail.com,5555560019,67017480
Jorge,,marlowe,Father,jorge.marlowe@mail.com,5555559116,67017481
Krystal,,leak,Mother,krystal.leak@mail.com,5555557573,67017482
Claudia,,luttrell,Mother,claudia.luttrell@mail.com,5555557319,67017483
Edith,,carruthers,Mother,edith.carruthers@mail.com,5555557917,67017484
Gilberto,,barba,Father,gilberto.barba@mail.com,5555557903,67017485
Sandra,,wainwright,Mother,sandra.wainwright@mail.com,5555556137,67017486
Alejandra,,booher,Mother,alejandra.booher@mail.com,5555555858,67017487
Berenice,,ornelas,Mother,berenice.ornelas@mail.com,5555561120,67017488
Maricela,,ash,Mother,maricela.ash@mail.com,5555558023,67017489
Klaryssa,,presley,Mother,klaryssa.presley@mail.com,5555559885,67017490
Mayra,,sessoms,Mother,mayra.sessoms@mail.com,5555561000,67017491
Mayra,,maldonado,Mother,mayra.maldonado@mail.com,5555561001,67017492
Dania,,ohare,Mother,dania.ohare@mail.com,5555557550,67017493
Mayra,,logsdon,Mother,mayra.logsdon@mail.com,5555560617,67017494
Acribid,,nations,Mother,acribid.nations@mail.com,5555555649,67017495
Maria,,garver,Mother,maria.garver@mail.com,5555560776,67017496
Kenya,,caraballo,Mother,kenya.caraballo@mail.com,5555559841,67017497
Francisca,,schott,Mother,francisca.schott@mail.com,5555560457,67017498
Melisa,,medrano,Mother,melisa.medrano@mail.com,5555562798,67017499
Cinthia,,moreland,Mother,cinthia.moreland@mail.com,5555557487,67017500
Ignacio,,boren,Father,ignacio.boren@mail.com,5555562420,67017501
Sandy,,pereira,Mother,sandy.pereira@mail.com,5555562569,67017502
Carmen,,barratt,Mother,carmen.barratt@mail.com,5555557452,67017503
Diane,,nagle,Mother,diane.nagle@mail.com,5555557755,67017504
Sonia,,hildreth,Mother,sonia.hildreth@mail.com,5555562766,67017505
Lizzette,,harr,Mother,lizzette.harr@mail.com,5555559945,67017506
Nidia,,knighton,Mother,nidia.knighton@mail.com,5555561631,67017507
Pedro,,suarez,Father,pedro.suarez@mail.com,5555561141,67017508
Jocelyn,,hagerman,Mother,jocelyn.hagerman@mail.com,5555559435,67017509
Betsabel,,mercurio,Mother,betsabel.mercurio@mail.com,5555556673,67017510
Javier,,bolling,Father,javier.bolling@mail.com,5555559226,67017511
Jacqueline,,amos,Mother,jacqueline.amos@mail.com,5555559546,67017512
Priscilia,,grimes,Mother,priscilia.grimes@mail.com,5555562018,67017513
Ana,,powe,Mother,ana.powe@mail.com,5555561524,67017514
Jenny,,lennox,Mother,jenny.lennox@mail.com,5555559301,67017515
Monserrat,,burdette,Mother,monserrat.burdette@mail.com,5555561339,67017516
Juan,,truong,Father,juan.truong@mail.com,5555559357,67017517
Erika,,stlouis,Mother,erika.stlouis@mail.com,5555562664,67017518
Yesenia,,stinnett,Mother,yesenia.stinnett@mail.com,5555563611,67017519
Ana,,acevedo,Mother,ana.acevedo@mail.com,5555562073,67017520
Gloria,,marble,Mother,gloria.marble@mail.com,5555558660,67017521
Viridiana,,salisbury,Mother,viridiana.salisbury@mail.com,5555563308,67017522
Isabel,,bahr,Mother,isabel.bahr@mail.com,5555559012,67017523
Michelle,,merino,Mother,michelle.merino@mail.com,5555561177,67017524
Ana Lilia,,akin,Mother,ana lilia.akin@mail.com,5555561196,67017525
Gerardo,,theriot,Stepfather,gerardo.theriot@mail.com,5555558573,67017526
Joana,,bourgeois,Mother,joana.bourgeois@mail.com,5555559409,67017527
Berenice,,neely,Mother,berenice.neely@mail.com,5555561620,67017528
Karla,,ohara,Mother,karla.ohara@mail.com,5555559086,67017529
Sylvia,,bishop,Mother,sylvia.bishop@mail.com,5555558983,67017530
Brenda,,guzman,Mother,brenda.guzman@mail.com,5555556903,67017531
Liliana,,gragg,Mother,liliana.gragg@mail.com,5555560169,67017532
Angelica,,acree,Mother,angelica.acree@mail.com,5555556218,67017533
Jesus,,ruppert,Father,jesus.ruppert@mail.com,5555559628,67017534
Alberto,,uhl,Stepfather,alberto.uhl@mail.com,5555559318,67017535
Rosa,,gibbs,Mother,rosa.gibbs@mail.com,5555556573,67017536
Rosa,,spiegel,Mother,rosa.spiegel@mail.com,5555556574,67017537
Diana,,denning,Mother,diana.denning@mail.com,5555558350,67017538
Argelia,,fisk,Mother,argelia.fisk@mail.com,5555556371,67017539
Claudia,,slater,Mother,claudia.slater@mail.com,5555560311,67017540
Liseth,,francisco,Mother,liseth.francisco@mail.com,5555560218,67017541
Lourdes,,cecil,Mother,lourdes.cecil@mail.com,5555560440,67017542
Adriana,,dryden,Mother,adriana.dryden@mail.com,5555555683,67017543
Blanca,,hamrick,Mother,blanca.hamrick@mail.com,5555563591,67017544
Andrea,,oneil,Mother,andrea.oneil@mail.com,5555556172,67017545
Diana,,hornsby,Mother,diana.hornsby@mail.com,5555560559,67017546
Cesia,,mccutcheon,Mother,cesia.mccutcheon@mail.com,5555562432,67017547
Patricia,,mcadoo,Mother,patricia.mcadoo@mail.com,5555555570,67017548
Maria,,clancy,Mother,maria.clancy@mail.com,5555561179,67017549
Maria,,craver,Mother,maria.craver@mail.com,5555561101,67017550
Deisi,,pederson,Mother,deisi.pederson@mail.com,5555562289,67017551
Luz,,guajardo,Mother,luz.guajardo@mail.com,5555558503,67017552
Yanuen,,byron,Mother,yanuen.byron@mail.com,5555563453,67017553
Ana,,oliveira,Mother,ana.oliveira@mail.com,5555560753,67017554
Perla,,armijo,Mother,perla.armijo@mail.com,5555561930,67017555
Karla,,parenteau,Mother,karla.parenteau@mail.com,5555556563,67017556
Brenda,,benton,Mother,brenda.benton@mail.com,5555556728,67017557
Guadalupe,,chiu,Mother,guadalupe.chiu@mail.com,5555560480,67017558
Victor,,ayer,Father,victor.ayer@mail.com,5555564044,67017559
Jimena,,smart,Mother,jimena.smart@mail.com,5555559369,67017560
Silvia,,frink,Mother,silvia.frink@mail.com,5555562709,67017561
Roxana,,mendes,Mother,roxana.mendes@mail.com,5555562391,67017562
Francisco,,pedroza,Father,francisco.pedroza@mail.com,5555558431,67017563
Nicole,,leonard,Family Member,nicole.leonard@mail.com,5555561627,67017564
Mayra,,abbate,Court Appointed Guardian,mayra.abbate@mail.com,5555561002,67017565
Gloria,,wick,Mother,gloria.wick@mail.com,5555558753,67017566
Xuejuan,,teel,Mother,xuejuan.teel@mail.com,5555559574,67017567
Cinthia,,sanchez,Mother,cinthia.sanchez@mail.com,5555557264,67017568
Maria,,rinaldi,Mother,maria.rinaldi@mail.com,5555560967,67017569
Kimberly,,rash,Mother,kimberly.rash@mail.com,5555559912,67017570
Ana,,shubert,Court Appointed Guardian,ana.shubert@mail.com,5555556008,67017571
Jennifer,,mclaurin,Mother,jennifer.mclaurin@mail.com,5555559281,67017572
Lesly,,farias,Mother,lesly.farias@mail.com,5555560070,67017573
Marcela,,funk,Mother,marcela.funk@mail.com,5555556731,67017574
Emilia,,delaney,Mother,emilia.delaney@mail.com,5555558198,67017575
Teresa,,gunderson,Mother,teresa.gunderson@mail.com,5555562984,67017576
ISMERALDA,,barham,Mother,ismeralda.barham@mail.com,5555558945,67017577
Joanna,,vallejo,Mother,joanna.vallejo@mail.com,5555559424,67017578
Hilda,,roberge,Mother,hilda.roberge@mail.com,5555560782,67017579
Yajaira,,hewlett,Mother,yajaira.hewlett@mail.com,5555558451,67017580
Guadalupe,,jackson,Mother,guadalupe.jackson@mail.com,5555560455,67017581
Vanessa,,gentile,Mother,vanessa.gentile@mail.com,5555563146,67017582
Marissa,,schroder,Mother,marissa.schroder@mail.com,5555560812,67017583
Melissa,,dowden,Mother,melissa.dowden@mail.com,5555561275,67017584
Adriana,,contreras,Mother,adriana.contreras@mail.com,5555555606,67017585
Karla,,haddad,Mother,karla.haddad@mail.com,5555563089,67017586
Zaira,,casas,Mother,zaira.casas@mail.com,5555563628,67017587
Maria,,honeycutt,Mother,maria.honeycutt@mail.com,5555563247,67017588
Cristela,,kraemer,Mother,cristela.kraemer@mail.com,5555557410,67017589
Maria,,rick,Mother,maria.rick@mail.com,5555562285,67017590
Sylvia,,bevins,Mother,sylvia.bevins@mail.com,5555562904,67017591
Etna,,gravely,Mother,etna.gravely@mail.com,5555556624,67017592
Alba,,caban,Court Appointed Guardian,alba.caban@mail.com,5555555819,67017593
Juana,,barrios,Caregiver,juana.barrios@mail.com,5555563732,67017594
Dina,,mcphail,Mother,dina.mcphail@mail.com,5555557791,67017595
Ricardo,,vanmeter,Stepfather,ricardo.vanmeter@mail.com,5555563918,67017596
Maria del Carmen,,fritts,Mother,maria del carmen.fritts@mail.com,5555563101,67017597
Stephanie,,emery,Caregiver,stephanie.emery@mail.com,5555562830,67017598
Emerald,,hall,Mother,emerald.hall@mail.com,5555558070,67017599
Veronica,,hartsell,Mother,veronica.hartsell@mail.com,5555563219,67017600
Mariel,,roach,Mother,mariel.roach@mail.com,5555560429,67017601
Carinna,,lahr,Mother,carinna.lahr@mail.com,5555556938,67017602
Shayra,,ricci,Mother,shayra.ricci@mail.com,5555561366,67017603
Jetzabel,,baumann,Mother,jetzabel.baumann@mail.com,5555559267,67017604
Beatriz,,gauthier,Mother,beatriz.gauthier@mail.com,5555557372,67017605
Anael,,jeffcoat,Mother,anael.jeffcoat@mail.com,5555556098,67017606
Maria,,galan,Mother,maria.galan@mail.com,5555560727,67017607
Monica,,avery,Mother,monica.avery@mail.com,5555561317,67017608
Yessica,,lehman,Mother,yessica.lehman@mail.com,5555563520,67017609
Priscilla,,gerald,Mother,priscilla.gerald@mail.com,5555562027,67017610
Josefina,,bergen,Caregiver,josefina.bergen@mail.com,5555559555,67017611
Georgina,,dowdell,Mother,georgina.dowdell@mail.com,5555559749,67017612
Hilda,,cross,Mother,hilda.cross@mail.com,5555558864,67017613
Janely,,tiller,Mother,janely.tiller@mail.com,5555560034,67017614
Elvia,,mcpherson,Mother,elvia.mcpherson@mail.com,5555557118,67017615
Juan,,hatch,Father,juan.hatch@mail.com,5555563380,67017616
Clara,,olivier,Mother,clara.olivier@mail.com,5555560677,67017617
Edgardo,,bowyer,Caregiver,edgardo.bowyer@mail.com,5555557908,67017618
Mercy,,towne,Court Appointed Guardian,mercy.towne@mail.com,5555561129,67017619
Jessica,,looney,Mother,jessica.looney@mail.com,5555558359,67017620
Mara,,conklin,Mother,mara.conklin@mail.com,5555563481,67017621
Carlos,,schoonover,Father,carlos.schoonover@mail.com,5555556952,67017622
Michelle,,tackett,Mother,michelle.tackett@mail.com,5555561256,67017623
Ana,,ordway,Mother,ana.ordway@mail.com,5555562061,67017624
Ramona,,sellers,Mother,ramona.sellers@mail.com,5555555587,67017625
Rosa,,strickler,Grandmother,rosa.strickler@mail.com,5555563913,67017626
Maria,,casas,Mother,maria.casas@mail.com,5555562488,67017627
Jose,,silva,Stepfather,jose.silva@mail.com,5555561862,67017628
Silvia,,avina,Foster Mother,silvia.avina@mail.com,5555562712,67017629
Christina,,hudspeth,Mother,christina.hudspeth@mail.com,5555559406,67017630
Rosario,,huss,Mother,rosario.huss@mail.com,5555557454,67017631
Fernando,,shivers,Father,fernando.shivers@mail.com,5555558841,67017632
Carmen,,gardiner,Mother,carmen.gardiner@mail.com,5555556237,67017633
Virginia,,bozeman,Mother,virginia.bozeman@mail.com,5555563304,67017634
Cristina,,brownlee,Mother,cristina.brownlee@mail.com,5555557432,67017635
Denisse,,eckman,Mother,denisse.eckman@mail.com,5555557114,67017636
Maria,,fajardo,Mother,maria.fajardo@mail.com,5555562296,67017637
Ariadna,,cundiff,Mother,ariadna.cundiff@mail.com,5555562093,67017638
Dinora,,wisdom,Mother,dinora.wisdom@mail.com,5555557779,67017639
Ana,,shope,Mother,ana.shope@mail.com,5555556148,67017640
Amalia,,strain,Mother,amalia.strain@mail.com,5555560614,67017641
Irene,,mcmurray,Mother,irene.mcmurray@mail.com,5555561434,67017642
Lorena,,knapp,Mother,lorena.knapp@mail.com,5555562057,67017643
Jane,,russo,Grandmother,jane.russo@mail.com,5555559169,67017644
Rosa,,ryder,Mother,rosa.ryder@mail.com,5555560203,67017645
Carlos,,su,Father,carlos.su@mail.com,5555561981,67017646
Sofia,,mohr,Mother,sofia.mohr@mail.com,5555562756,67017647
Judith,,lowery,Mother,judith.lowery@mail.com,5555561364,67017648
Brenda,,wages,Mother,brenda.wages@mail.com,5555556768,67017649
Ninfa,,lillie,Mother,ninfa.lillie@mail.com,5555561639,67017650
Joanna,,milam,Mother,joanna.milam@mail.com,5555559419,67017651
Baneza,,bracken,Mother,baneza.bracken@mail.com,5555556559,67017652
Jose,,engelhardt,Father,jose.engelhardt@mail.com,5555561158,67017653
Leticia,,dipietro,Mother,leticia.dipietro@mail.com,5555562101,67017654
Adriana,,hayes,Mother,adriana.hayes@mail.com,5555555669,67017655
Melissa,,robb,Mother,melissa.robb@mail.com,5555561414,67017656
Nereida,,wade,Mother,nereida.wade@mail.com,5555561598,67017657
Claudia,,chee,Mother,claudia.chee@mail.com,5555561796,67017658
Minerva,,rudolph,Mother,minerva.rudolph@mail.com,5555561213,67017659
Yessica,,corral,Mother,yessica.corral@mail.com,5555563527,67017660
Antonio,,marble,Father,antonio.marble@mail.com,5555557206,67017661
Mirtha,,kingsley,Mother,mirtha.kingsley@mail.com,5555555767,67017662
Pabelly,,kearse,Mother,pabelly.kearse@mail.com,5555557277,67017663
Esmeralda,,vanbuskirk,Mother,esmeralda.vanbuskirk@mail.com,5555561984,67017664
Alexandra,,muniz,Mother,alexandra.muniz@mail.com,5555555610,67017665
Ilse,,whitener,Mother,ilse.whitener@mail.com,5555558936,67017666
Stephanie,,zarate,Mother,stephanie.zarate@mail.com,5555562619,67017667
Rosa,,pemberton,Mother,rosa.pemberton@mail.com,5555563788,67017668
Mayra,,goings,Mother,mayra.goings@mail.com,5555561004,67017669
Rosaura,,stroh,Mother,rosaura.stroh@mail.com,5555562348,67017670
Gisella,,milliken,Mother,gisella.milliken@mail.com,5555563648,67017671
Jennifer,,mathes,Mother,jennifer.mathes@mail.com,5555557035,67017672
Lilia,,tobin,Mother,lilia.tobin@mail.com,5555555759,67017673
Kareli,,colvin,Mother,kareli.colvin@mail.com,5555559648,67017674
Nora,,carmona,Mother,nora.carmona@mail.com,5555562927,67017675
Caroline,,holman,Mother,caroline.holman@mail.com,5555557183,67017676
Martha,,dempsey,Mother,martha.dempsey@mail.com,5555560905,67017677
Angelica,,mchenry,Mother,angelica.mchenry@mail.com,5555556224,67017678
javier,,parke,Father,javier.parke@mail.com,5555562968,67017679
Carolina,,kilpatrick,Mother,carolina.kilpatrick@mail.com,5555562207,67017680
Josephine,,bixler,Mother,josephine.bixler@mail.com,5555558792,67017681
Nohemi,,day,Mother,nohemi.day@mail.com,5555561666,67017682
Monica,,himes,Mother,monica.himes@mail.com,5555557045,67017683
Crystal,,stanfill,Mother,crystal.stanfill@mail.com,5555559979,67017684
Tannia,,constantine,Mother,tannia.constantine@mail.com,5555556422,67017685
elba,,vinson,Mother,elba.vinson@mail.com,5555562975,67017686
Andrea,,money,Caregiver,andrea.money@mail.com,5555556168,67017687
Mercy,,soler,Mother,mercy.soler@mail.com,5555561131,67017688
Lidia,,ennis,Mother,lidia.ennis@mail.com,5555560141,67017689
Angelina,,burns,Caregiver,angelina.burns@mail.com,5555556231,67017690
Maribel,,leech,Aunt,maribel.leech@mail.com,5555561560,67017691
Maribel,,causey,Aunt,maribel.causey@mail.com,5555561559,67017692
Norma,,maher,Mother,norma.maher@mail.com,5555556507,67017693
Nancy,,bibbs,Mother,nancy.bibbs@mail.com,5555561516,67017694
Alicia,,thao,Mother,alicia.thao@mail.com,5555555937,67017695
Oscar,,theriot,Father,oscar.theriot@mail.com,5555563810,67017696
Griselda,,stlouis,Mother,griselda.stlouis@mail.com,5555563098,67017697
Angelina,,gilmer,Caregiver,angelina.gilmer@mail.com,5555556230,67017698
Nayeli,,condon,Mother,nayeli.condon@mail.com,5555562595,67017699
Ashley,,millar,Mother,ashley.millar@mail.com,5555563994,67017700
Ernestina,,dicks,Mother,ernestina.dicks@mail.com,5555558353,67017701
Bertha,,coles,Mother,bertha.coles@mail.com,5555556653,67017702
Margot,,bianchi,Mother,margot.bianchi@mail.com,5555558473,67017703
Dulce,,guest,Mother,dulce.guest@mail.com,5555557839,67017704
Guadalupe,,cashman,Mother,guadalupe.cashman@mail.com,5555560489,67017705
Sandra,,shriver,Mother,sandra.shriver@mail.com,5555559445,67017706
JOSE,,sepulveda,Father,jose.sepulveda@mail.com,5555561610,67017707
Octavio,,kern,Father,octavio.kern@mail.com,5555563999,67017708
Hector,,hewitt,Father,hector.hewitt@mail.com,5555563368,67017709
Susan,,crouse,Mother,susan.crouse@mail.com,5555561988,67017710
Karen,,brewington,Mother,karen.brewington@mail.com,5555563856,67017711
Carolina,,domingo,Mother,carolina.domingo@mail.com,5555557906,67017712
Janneth,,mcmahon,Court Appointed Guardian,janneth.mcmahon@mail.com,5555559201,67017713
Adriana,,gayle,Mother,adriana.gayle@mail.com,5555555719,67017714
Luisa,,berger,Mother,luisa.berger@mail.com,5555560412,67017715
Fiorela,,crutcher,Mother,fiorela.crutcher@mail.com,5555558420,67017716
Lorena,,ratcliff,Stepmother,lorena.ratcliff@mail.com,5555563676,67017717
Yongguang,,melton,Father,yongguang.melton@mail.com,5555560445,67017718
Priscilla,,shilling,Mother,priscilla.shilling@mail.com,5555562000,67017719
Eduardo,,howells,Father,eduardo.howells@mail.com,5555563320,67017720
Francisco,,dahlgren,Father,francisco.dahlgren@mail.com,5555561496,67017721
Gabriela,,jarvis,Mother,gabriela.jarvis@mail.com,5555557009,67017722
Sue Ling Cecilia,,low,Mother,sue ling cecilia.low@mail.com,5555562859,67017723
Jose,,maupin,Father,jose.maupin@mail.com,5555563991,67017724
Carolina,,gable,Mother,carolina.gable@mail.com,5555557374,67017725
Arnulfo,,woodard,Father,arnulfo.woodard@mail.com,5555559122,67017726
Janeth,,nissen,Mother,janeth.nissen@mail.com,5555563797,67017727
Dalia,,eck,Mother,dalia.eck@mail.com,5555555577,67017728
Rosa Isela,,vu,Mother,rosa isela.vu@mail.com,5555559031,67017729
Patricia,,newell,Mother,patricia.newell@mail.com,5555561875,67017730
Angelica,,boyette,Mother,angelica.boyette@mail.com,5555556209,67017731
Melissa,,cobos,Mother,melissa.cobos@mail.com,5555560821,67017732
Darla Genesis,,gorham,Mother,darla genesis.gorham@mail.com,5555558556,67017733
Diana,,walz,Mother,diana.walz@mail.com,5555563946,67017734
Carmina,,lombard,Mother,carmina.lombard@mail.com,5555556982,67017735
Melissa,,collette,Mother,melissa.collette@mail.com,5555561271,67017736
Gloria,,chaney,Mother,gloria.chaney@mail.com,5555558655,67017737
Christian,,boyd,Father,christian.boyd@mail.com,5555557131,67017738
Karen Daniela,,cloud,Mother,karen daniela.cloud@mail.com,5555559667,67017739
Reyna,,kinnard,Mother,reyna.kinnard@mail.com,5555558428,67017740
Jesica,,ayres,Mother,jesica.ayres@mail.com,5555559166,67017741
Veronica yadira,,desilva,Mother,veronica yadira.desilva@mail.com,5555563235,67017742
Clarissa,,michaud,Mother,clarissa.michaud@mail.com,5555556858,67017743
Diana,,waters,Mother,diana.waters@mail.com,5555556657,67017744
Aime,,gentry,Caregiver,aime.gentry@mail.com,5555563987,67017745
Xenia alexandra,,gillum,Mother,xenia alexandra.gillum@mail.com,5555555900,67017746
Hector,,grimsley,Father,hector.grimsley@mail.com,5555556735,67017747
Iliana,,edison,Mother,iliana.edison@mail.com,5555562461,67017748
Martha,,bible,Mother,martha.bible@mail.com,5555561450,67017749
Karla,,smithson,Mother,karla.smithson@mail.com,5555563088,67017750
Maria del Socorro,,gage,Mother,maria del socorro.gage@mail.com,5555562745,67017751
Maricela,,rosas,Mother,maricela.rosas@mail.com,5555560793,67017752
Karina,,kilmer,Mother,karina.kilmer@mail.com,5555558961,67017753
Rebecca,,tremblay,Mother,rebecca.tremblay@mail.com,5555557196,67017754
Ana,,phifer,Mother,ana.phifer@mail.com,5555556305,67017755
Maricela,,hook,Mother,maricela.hook@mail.com,5555557202,67017756
Leonardo,,vanhouten,Multiple Parents/Guardians/Caretakers,leonardo.vanhouten@mail.com,5555558667,67017757
Cesia,,braun,Mother,cesia.braun@mail.com,5555562433,67017758
Samuel,,khoury,Grandfather,samuel.khoury@mail.com,5555562513,67017759
Melissa,,carranza,Mother,melissa.carranza@mail.com,5555561100,67017760
Briset,,bill,Mother,briset.bill@mail.com,5555556819,67017761
Dannia,,boyles,Mother,dannia.boyles@mail.com,5555560441,67017762
Hugo,,gerber,Father,hugo.gerber@mail.com,5555563437,67017763
Roxana,,nowell,Mother,roxana.nowell@mail.com,5555562380,67017764
Mayra,,bearden,Mother,mayra.bearden@mail.com,5555561268,67017765
Rosa,,mariano,Mother,rosa.mariano@mail.com,5555562335,67017766
Jessica,,howe,Mother,jessica.howe@mail.com,5555559319,67017767
Guadalupe,,rivard,Mother,guadalupe.rivard@mail.com,5555558754,67017768
Angelica,,christian,Mother,angelica.christian@mail.com,5555557208,67017769
Selene,,call,Mother,selene.call@mail.com,5555562630,67017770
Jennifer,,trowbridge,Mother,jennifer.trowbridge@mail.com,5555559294,67017771
Elvira,,mckoy,Mother,elvira.mckoy@mail.com,5555558922,67017772
Jesus,,kester,Stepfather,jesus.kester@mail.com,5555557424,67017773
Martha,,luck,Mother,martha.luck@mail.com,5555560894,67017774
Guadalupe,,cobbs,Mother,guadalupe.cobbs@mail.com,5555559970,67017775
Ruben,,richard,Father,ruben.richard@mail.com,5555561697,67017776
Cynthia,,krieger,Mother,cynthia.krieger@mail.com,5555557236,67017777
Beatriz,,mariano,Mother,beatriz.mariano@mail.com,5555560447,67017778
Nicole,,shiver,Mother,nicole.shiver@mail.com,5555561634,67017779
Isaura,,mccraw,Mother,isaura.mccraw@mail.com,5555559026,67017780
Alejandra,,davidson,Mother,alejandra.davidson@mail.com,5555555857,67017781
Marina,,elrod,Mother,marina.elrod@mail.com,5555563635,67017782
Diana,,derosa,Mother,diana.derosa@mail.com,5555557719,67017783
Alma,,everett,Mother,alma.everett@mail.com,5555561885,67017784
Yazmin,,beckwith,Mother,yazmin.beckwith@mail.com,5555563482,67017785
Wendy,,foss,Mother,wendy.foss@mail.com,5555563360,67017786
Alma,,foss,Mother,alma.foss@mail.com,5555562443,67017787
Brenda,,ledet,Mother,brenda.ledet@mail.com,5555556772,67017788
Julietha,,ayer,Family Member,julietha.ayer@mail.com,5555559613,67017789
Veronica,,solorzano,Mother,veronica.solorzano@mail.com,5555563238,67017790
Josie,,cyrus,Mother,josie.cyrus@mail.com,5555559526,67017791
Judith,,fecteau,Mother,judith.fecteau@mail.com,5555559596,67017792
Amanda,,wild,Mother,amanda.wild@mail.com,5555556042,67017793
Airam,,watt,Mother,airam.watt@mail.com,5555560573,67017794
Nancy,,hanes,Mother,nancy.hanes@mail.com,5555561521,67017795
Claudia,,jeffery,Mother,claudia.jeffery@mail.com,5555560312,67017796
Cinthia,,chambers,Mother,cinthia.chambers@mail.com,5555557250,67017797
Evelyne,,somers,Mother,evelyne.somers@mail.com,5555558257,67017798
Lesni,,yan,Mother,lesni.yan@mail.com,5555557056,67017799
Cinthia,,spikes,Mother,cinthia.spikes@mail.com,5555557267,67017800
Guadalupe,,pope,Mother,guadalupe.pope@mail.com,5555558273,67017801
Eryka,,nolan,Mother,eryka.nolan@mail.com,5555558169,67017802
Nancy,,kraft,Mother,nancy.kraft@mail.com,5555561511,67017803
Silvia,,dressler,Mother,silvia.dressler@mail.com,5555557684,67017804
Stephanie,,wayne,Mother,stephanie.wayne@mail.com,5555562841,67017805
Maria,,blount,Mother,maria.blount@mail.com,5555560777,67017806
Lilia,,shelley,Mother,lilia.shelley@mail.com,5555559514,67017807
Aida,,alexander,Mother,aida.alexander@mail.com,5555555775,67017808
Denisse,,hogue,Mother,denisse.hogue@mail.com,5555558329,67017809
Armando,,allan,Stepfather,armando.allan@mail.com,5555556005,67017810
Ernesto,,diego,Father,ernesto.diego@mail.com,5555561607,67017811
Cecilia,,galan,Mother,cecilia.galan@mail.com,5555557078,67017812
Juan,,rideout,Father,juan.rideout@mail.com,5555563381,67017813
Lorena,,goldberg,Mother,lorena.goldberg@mail.com,5555556523,67017814
Felicitas,,shelley,Mother,felicitas.shelley@mail.com,5555561969,67017815
Ana,,jacoby,Mother,ana.jacoby@mail.com,5555559306,67017816
Denise,,hinton,Mother,denise.hinton@mail.com,5555557664,67017817
Omar,,pinkham,Father,omar.pinkham@mail.com,5555561735,67017818
Cecilia,,maloy,Mother,cecilia.maloy@mail.com,5555557079,67017819
Beatriz,,arana,Mother,beatriz.arana@mail.com,5555556661,67017820
Jeanette,,burchfield,Mother,jeanette.burchfield@mail.com,5555559266,67017821
Alejandra,,kirk,Mother,alejandra.kirk@mail.com,5555556009,67017822
Nadia,,mazur,Mother,nadia.mazur@mail.com,5555561701,67017823
Marcela,,laine,Mother,marcela.laine@mail.com,5555560316,67017824
Emmanuela,,neilson,Mother,emmanuela.neilson@mail.com,5555558083,67017825
Rosa,,ginsberg,Mother,rosa.ginsberg@mail.com,5555557151,67017826
Adriana,,birchfield,Mother,adriana.birchfield@mail.com,5555555688,67017827
Tania,,hinshaw,Mother,tania.hinshaw@mail.com,5555559149,67017828
Bibiana,,freitas,Mother,bibiana.freitas@mail.com,5555556695,67017829
Jennifer,,ulmer,Mother,jennifer.ulmer@mail.com,5555559271,67017830
Maria,,barratt,Mother,maria.barratt@mail.com,5555562294,67017831
Carlos,,tedder,Father,carlos.tedder@mail.com,5555560556,67017832
Alba,,kraus,Mother,alba.kraus@mail.com,5555555825,67017833
Clarissa,,irwin,Mother,clarissa.irwin@mail.com,5555557464,67017834
Carmen,,knox,Mother,carmen.knox@mail.com,5555562152,67017835
Martha,,jaimes,Mother,martha.jaimes@mail.com,5555561264,67017836
Jose,,amos,Father,jose.amos@mail.com,5555558435,67017837
Yaneth,,snodgrass,Mother,yaneth.snodgrass@mail.com,5555561591,67017838
Yuriria,,moffett,Mother,yuriria.moffett@mail.com,5555555847,67017839
Brenda,,flournoy,Mother,brenda.flournoy@mail.com,5555556791,67017840
Georgina,,fontenot,Mother,georgina.fontenot@mail.com,5555558508,67017841
Jesus,,whitney,Caregiver,jesus.whitney@mail.com,5555559347,67017842
Adriana,,guarino,Mother,adriana.guarino@mail.com,5555556526,67017843
Diana,,bunting,Mother,diana.bunting@mail.com,5555557700,67017844
Brenda,,stowe,Mother,brenda.stowe@mail.com,5555558595,67017845
Cesar,,culp,Father,cesar.culp@mail.com,5555563852,67017846
Montserrat,,trejo,Mother,montserrat.trejo@mail.com,5555561353,67017847
Araceli,,staten,Mother,araceli.staten@mail.com,5555557168,67017848
Perla,,weddle,Mother,perla.weddle@mail.com,5555560390,67017849
Cindy,,bedell,Mother,cindy.bedell@mail.com,5555559559,67017850
Cindy,,kellogg,Mother,cindy.kellogg@mail.com,5555559560,67017851
Leticia,,arriola,Mother,leticia.arriola@mail.com,5555556570,67017852
Norma,,perry,Mother,norma.perry@mail.com,5555561685,67017853
Veronica,,maes,Mother,veronica.maes@mail.com,5555558840,67017854
Nubia,,houser,Mother,nubia.houser@mail.com,5555557809,67017855
Liz,,burke,Mother,liz.burke@mail.com,5555560255,67017856
Melissa,,force,Mother,melissa.force@mail.com,5555558204,67017857
Rosalba,,mesa,Mother,rosalba.mesa@mail.com,5555563183,67017858
Olimpia,,benge,Mother,olimpia.benge@mail.com,5555561716,67017859
Marycruz,,karnes,Mother,marycruz.karnes@mail.com,5555560940,67017860
Cesia,,musser,Stepmother,cesia.musser@mail.com,5555562435,67017861
Cesilia,,wyman,Mother,cesilia.wyman@mail.com,5555557127,67017862
Ana,,blackwell,Mother,ana.blackwell@mail.com,5555563278,67017863
Diego,,puente,Father,diego.puente@mail.com,5555561178,67017864
Brandy,,mcreynolds,Family Member,brandy.mcreynolds@mail.com,5555560448,67017865
Jessica,,rauch,Mother,jessica.rauch@mail.com,5555563166,67017866
Alma,,donley,Mother,alma.donley@mail.com,5555561689,67017867
Alicia,,saldivar,Mother,alicia.saldivar@mail.com,5555557654,67017868
Mirna,,nestor,Mother,mirna.nestor@mail.com,5555561235,67017869
Viviana,,bolt,Mother,viviana.bolt@mail.com,5555563082,67017870
Alba,,driskell,Mother,alba.driskell@mail.com,5555562701,67017871
Sandra,,bliss,Mother,sandra.bliss@mail.com,5555560261,67017872
Karen,,machado,Mother,karen.machado@mail.com,5555558332,67017873
Veronica,,gabriel,Mother,veronica.gabriel@mail.com,5555563339,67017874
Moises,,bowman,Grandfather,moises.bowman@mail.com,5555561292,67017875
Erika,,hulme,Mother,erika.hulme@mail.com,5555562327,67017876
Deana,,kaufman,Mother,deana.kaufman@mail.com,5555557798,67017877
Lorena,,karns,Mother,lorena.karns@mail.com,5555558091,67017878
Mavi,,wilkes,Mother,mavi.wilkes@mail.com,5555560636,67017879
Elizeth,,springs,Mother,elizeth.springs@mail.com,5555561955,67017880
Maria,,garmon,Mother,maria.garmon@mail.com,5555560731,67017881
Diana,,sisco,Mother,diana.sisco@mail.com,5555557763,67017882
Alfred,,dyer,Father,alfred.dyer@mail.com,5555560005,67017883
Dennise,,arana,Mother,dennise.arana@mail.com,5555561594,67017884
Linda,,laplante,Mother,linda.laplante@mail.com,5555560195,67017885
Jesus,,pickle,Mother,jesus.pickle@mail.com,5555555680,67017886
Michelle,,self,Mother,michelle.self@mail.com,5555560530,67017887
Diana,,rabe,Mother,diana.rabe@mail.com,5555557815,67017888
Candida,,champagne,Mother,candida.champagne@mail.com,5555556912,67017889
Blanca,,salley,Mother,blanca.salley@mail.com,5555561202,67017890
Etna,,stafford,Mother,etna.stafford@mail.com,5555556623,67017891
Patricia,,bruce,Mother,patricia.bruce@mail.com,5555561866,67017892
Jennifer,,bergeron,Mother,jennifer.bergeron@mail.com,5555559273,67017893
Olga,,nieves,Grandmother,olga.nieves@mail.com,5555561350,67017894
Gloria,,acevedo,Mother,gloria.acevedo@mail.com,5555558649,67017895
Belen,,trowbridge,Mother,belen.trowbridge@mail.com,5555556612,67017896
Elva,,scharf,Mother,elva.scharf@mail.com,5555557502,67017897
Yesenia,,flores,Mother,yesenia.flores@mail.com,5555555782,67017898
Veronica,,calvillo,Mother,veronica.calvillo@mail.com,5555556384,67017899
Francisco,,parkinson,Father,francisco.parkinson@mail.com,5555563926,67017900
Kimberly,,cheatham,Mother,kimberly.cheatham@mail.com,5555559870,67017901
Jorge,,zavala,Father,jorge.zavala@mail.com,5555559106,67017902
Priscilla,,tso,Mother,priscilla.tso@mail.com,5555558616,67017903
Maria,,danley,Mother,maria.danley@mail.com,5555560401,67017904
Brenda,,luce,Mother,brenda.luce@mail.com,5555556679,67017905
Adriana,,papa,Mother,adriana.papa@mail.com,5555556314,67017906
Maria,,earl,Mother,maria.earl@mail.com,5555560577,67017907
Cristina,,backman,Mother,cristina.backman@mail.com,5555560881,67017908
Angela,,jacoby,Mother,angela.jacoby@mail.com,5555559006,67017909
sandy,,moffitt,Family Member,sandy.moffitt@mail.com,5555561359,67017910
Ricardo,,toole,Father,ricardo.toole@mail.com,5555563688,67017911
Marissa,,serrato,Mother,marissa.serrato@mail.com,5555560813,67017912
Jose,,johnston,Stepfather,jose.johnston@mail.com,5555561864,67017913
Nora,,hawes,Mother,nora.hawes@mail.com,5555557177,67017914
Maria,,severson,Mother,maria.severson@mail.com,5555559034,67017915
Emellie,,rapp,Mother,emellie.rapp@mail.com,5555562525,67017916
Rosario,,emmons,Mother,rosario.emmons@mail.com,5555556551,67017917
Adelaida,,riojas,Mother,adelaida.riojas@mail.com,5555558813,67017918
Susana,,mariano,Mother,susana.mariano@mail.com,5555562871,67017919
Miguel,,ingle,Father,miguel.ingle@mail.com,5555560911,67017920
Erika,,rager,Mother,erika.rager@mail.com,5555560493,67017921
Evelyn,,cordova,Mother,evelyn.cordova@mail.com,5555558264,67017922
Lillian,,tatum,Mother,lillian.tatum@mail.com,5555560173,67017923
Aimee,,friday,Mother,aimee.friday@mail.com,5555562717,67017924
Rebeca,,wingate,Mother,rebeca.wingate@mail.com,5555560918,67017925
Jaime,,merrifield,Father,jaime.merrifield@mail.com,5555563853,67017926
Nelida,,chamberlin,Mother,nelida.chamberlin@mail.com,5555561582,67017927
Karla,,weatherford,Mother,karla.weatherford@mail.com,5555561421,67017928
Kimberly,,andersen,Mother,kimberly.andersen@mail.com,5555560112,67017929
Wendy,,barajas,Mother,wendy.barajas@mail.com,5555563366,67017930
Flora,,schreiner,Mother,flora.schreiner@mail.com,5555560548,67017931
Manuel,,mcfadden,Father,manuel.mcfadden@mail.com,5555563863,67017932
Liliana,,mickelson,Mother,liliana.mickelson@mail.com,5555560157,67017933
Socorro,,silverstein,Mother,socorro.silverstein@mail.com,5555560064,67017934
Alba,,towns,Caregiver,alba.towns@mail.com,5555555820,67017935
Rocio,,ramer,Mother,rocio.ramer@mail.com,5555560452,67017936
Nayeli,,gross,Mother,nayeli.gross@mail.com,5555558772,67017937
Denise,,sell,Mother,denise.sell@mail.com,5555557667,67017938
Neyda,,kautz,Mother,neyda.kautz@mail.com,5555557801,67017939
David,,parenteau,Stepfather,david.parenteau@mail.com,5555562493,67017940
Maria,,aguayo,Mother,maria.aguayo@mail.com,5555560654,67017941
Abigail,,rafiq,Mother,abigail.rafiq@mail.com,5555555623,67017942
Olga,,erickson,Mother,olga.erickson@mail.com,5555560119,67017943
Dana,,thorpe,Mother,dana.thorpe@mail.com,5555557890,67017944
Shyntia,,nolte,Mother,shyntia.nolte@mail.com,5555556733,67017945
Jacquelina,,bernal,Mother,jacquelina.bernal@mail.com,5555559139,67017946
Natividad,,rizzo,Caregiver,natividad.rizzo@mail.com,5555561555,67017947
Editzabed,,sallee,Mother,editzabed.sallee@mail.com,5555561780,67017948
Maria,,mccollum,Mother,maria.mccollum@mail.com,5555560515,67017949
Veronica,,alley,Mother,veronica.alley@mail.com,5555563242,67017950
Esmeralda,,correia,Mother,esmeralda.correia@mail.com,5555561388,67017951
Patricia,,horn,Mother,patricia.horn@mail.com,5555558516,67017952
Ricardo,,burdette,Father,ricardo.burdette@mail.com,5555556755,67017953
Mitzuo,,krug,Mother,mitzuo.krug@mail.com,5555561255,67017954
Lesdy,,farwell,Mother,lesdy.farwell@mail.com,5555559117,67017955
Monica,,wilks,Mother,monica.wilks@mail.com,5555561308,67017956
Sofia,,mcalister,Mother,sofia.mcalister@mail.com,5555563683,67017957
Claudia,,ulrich,Mother,claudia.ulrich@mail.com,5555557302,67017958
Selina,,berlin,Mother,selina.berlin@mail.com,5555562635,67017959
Roberto,,jordan,Father,roberto.jordan@mail.com,5555559387,67017960
Diana,,salcedo,Mother,diana.salcedo@mail.com,5555557382,67017961
Erika,,dickman,Mother,erika.dickman@mail.com,5555555747,67017962
Fabiola,,teague,Mother,fabiola.teague@mail.com,5555560374,67017963
Martha,,pierson,Mother,martha.pierson@mail.com,5555560973,67017964
Maricela,,catlett,Mother,maricela.catlett@mail.com,5555560784,67017965
Melissa,,pressley,Mother,melissa.pressley@mail.com,5555556540,67017966
Laura,,lu,Court Appointed Guardian,laura.lu@mail.com,5555560001,67017967
Esmeralda,,mccormack,Mother,esmeralda.mccormack@mail.com,5555558197,67017968
Karina,,robbins,Mother,karina.robbins@mail.com,5555559691,67017969
Cynthia,,ha,Mother,cynthia.ha@mail.com,5555557480,67017970
Delia,,mcalpine,Mother,delia.mcalpine@mail.com,5555560945,67017971
Paola,,despain,Mother,paola.despain@mail.com,5555561848,67017972
Samantha,,slaton,Mother,samantha.slaton@mail.com,5555562512,67017973
Elvia,,chasteen,Mother,elvia.chasteen@mail.com,5555561532,67017974
Claudia,,trotman,Mother,claudia.trotman@mail.com,5555561794,67017975
Christina,,burks,Mother,christina.burks@mail.com,5555562473,67017976
Nichole,,shattuck,Mother,nichole.shattuck@mail.com,5555563866,67017977
Roberto,,exum,Father,roberto.exum@mail.com,5555563631,67017978
Elizabeth,,decker,Caregiver,elizabeth.decker@mail.com,5555560308,67017979
Jamany,,boden,Mother,jamany.boden@mail.com,5555559160,67017980
Dennis,,eskew,Father,dennis.eskew@mail.com,5555557692,67017981
Rosie,,thorpe,Mother,rosie.thorpe@mail.com,5555557150,67017982
Nallely,,dietrich,Mother,nallely.dietrich@mail.com,5555561491,67017983
Maria,,vanburen,Mother,maria.vanburen@mail.com,5555561790,67017984
Anael,,jamieson,Mother,anael.jamieson@mail.com,5555556099,67017985
Brenda,,fant,Mother,brenda.fant@mail.com,5555556985,67017986
Lorena,,carbone,Mother,lorena.carbone@mail.com,5555558652,67017987
Pabelly,,carson,Mother,pabelly.carson@mail.com,5555557278,67017988
Lidia,,buckner,Mother,lidia.buckner@mail.com,5555560144,67017989
Daniel,,hector,Father,daniel.hector@mail.com,5555557599,67017990
Martha,,quesada,Mother,martha.quesada@mail.com,5555557980,67017991
Angelica,,caudle,Mother,angelica.caudle@mail.com,5555556269,67017992
Isela,,romero,Mother,isela.romero@mail.com,5555558870,67017993
Daniela,,dobbs,Mother,daniela.dobbs@mail.com,5555560258,67017994
Gemma,,legg,Mother,gemma.legg@mail.com,5555558552,67017995
Elisa,,mclaurin,Mother,elisa.mclaurin@mail.com,5555557985,67017996
Lilia,,bueno,Mother,lilia.bueno@mail.com,5555555757,67017997
Brenda,,hawk,Mother,brenda.hawk@mail.com,5555558822,67017998
Antonia,,maxwell,Mother,antonia.maxwell@mail.com,5555556300,67017999
Betzaida,,snapp,Mother,betzaida.snapp@mail.com,5555556669,67018000
Maria C,,banda,Caregiver,maria c.banda@mail.com,5555560694,67018001
Arcelia,,fish,Mother,arcelia.fish@mail.com,5555556355,67018002
Ana,,radcliff,Mother,ana.radcliff@mail.com,5555556118,67018003
Luz,,clanton,Mother,luz.clanton@mail.com,5555560260,67018004
Evelyn,,peabody,Mother,evelyn.peabody@mail.com,5555558258,67018005
Angelica,,callender,Mother,angelica.callender@mail.com,5555555596,67018006
Juan,,chapin,Father,juan.chapin@mail.com,5555556242,67018007
Tannia,,camara,Mother,tannia.camara@mail.com,5555556423,67018008
Guillermo,,rosas,Father,guillermo.rosas@mail.com,5555560404,67018009
Cinthia,,padron,Mother,cinthia.padron@mail.com,5555561816,67018010
Darinka,,freese,Mother,darinka.freese@mail.com,5555557603,67018011
Marisol,,kimsey,Mother,marisol.kimsey@mail.com,5555560931,67018012
Laura,,rager,Mother,laura.rager@mail.com,5555561585,67018013
Jaqueline,,cummings,Mother,jaqueline.cummings@mail.com,5555559123,67018014
Yvonne,,grimsley,Mother,yvonne.grimsley@mail.com,5555558895,67018015
Santiago,,born,Stepfather,santiago.born@mail.com,5555562531,67018016
Maria Isabel,,hasson,Mother,maria isabel.hasson@mail.com,5555560720,67018017
Silvia,,ochs,Mother,silvia.ochs@mail.com,5555560378,67018018
Elva,,tribble,Mother,elva.tribble@mail.com,5555558049,67018019
Ramon,,crouch,Father,ramon.crouch@mail.com,5555557055,67018020
Lisette,,depriest,Mother,lisette.depriest@mail.com,5555560224,67018021
Brianna,,cote,Mother,brianna.cote@mail.com,5555561677,67018022
Angelica,,lay,Mother,angelica.lay@mail.com,5555556222,67018023
Juana,,schell,Mother,juana.schell@mail.com,5555559572,67018024
Kimberly,,lytle,Mother,kimberly.lytle@mail.com,5555559854,67018025
Brenda,,eastwood,Mother,brenda.eastwood@mail.com,5555563094,67018026
Diana,,woods,Mother,diana.woods@mail.com,5555557747,67018027
Alejandrina,,brodie,Mother,alejandrina.brodie@mail.com,5555559254,67018028
Josefina,,marrow,Mother,josefina.marrow@mail.com,5555562244,67018029
Guadalupe,,bloomer,Mother,guadalupe.bloomer@mail.com,5555562208,67018030
Jessica,,deese,Mother,jessica.deese@mail.com,5555557885,67018031
Guadalupe Imelda,,mckee,Mother,guadalupe imelda.mckee@mail.com,5555560484,67018032
Evelyn,,branch,Caregiver,evelyn.branch@mail.com,5555558252,67018033
Alejandra,,sepulveda,Stepmother,alejandra.sepulveda@mail.com,5555555927,67018034
diana,,byrne,Mother,diana.byrne@mail.com,5555563849,67018035
Jose Maria,,amos,Caregiver,jose maria.amos@mail.com,5555557873,67018036
Miguel,,vickers,Caregiver,miguel.vickers@mail.com,5555562425,67018037
Hilda,,scarbrough,Caregiver,hilda.scarbrough@mail.com,5555558867,67018038
Dora,,stinnett,Mother,dora.stinnett@mail.com,5555555950,67018039
Alexandra,,coggins,Mother,alexandra.coggins@mail.com,5555561034,67018040
Elvia,,lam,Mother,elvia.lam@mail.com,5555557348,67018041
Lizeth,,hill,Mother,lizeth.hill@mail.com,5555560228,67018042
Gabriela,,trout,Caregiver,gabriela.trout@mail.com,5555558443,67018043
Ivan,,creech,Father,ivan.creech@mail.com,5555562760,67018044
CLAUDIA,,maupin,Mother,claudia.maupin@mail.com,5555556845,67018045
Ivan,,saucier,Father,ivan.saucier@mail.com,5555559064,67018046
Erika,,kraus,Mother,erika.kraus@mail.com,5555558144,67018047
Roxana,,seward,Mother,roxana.seward@mail.com,5555562397,67018048
Rosalbina,,vick,Caregiver,rosalbina.vick@mail.com,5555562313,67018049
Alma,,bunker,Caregiver,alma.bunker@mail.com,5555559349,67018050
Yukie,,barela,Mother,yukie.barela@mail.com,5555563672,67018051
Maria Del Rosario,,steiner,Mother,maria del rosario.steiner@mail.com,5555560780,67018052
Sara,,hilton,Mother,sara.hilton@mail.com,5555562603,67018053
Luz,,cover,Mother,luz.cover@mail.com,5555560395,67018054
Silvia Yesenia,,quigley,Mother,silvia yesenia.quigley@mail.com,5555558774,67018055
Michelle,,chappell,Family Member,michelle.chappell@mail.com,5555563959,67018056
Sandra,,olivares,Mother,sandra.olivares@mail.com,5555561755,67018057
Aitziber,,sager,Mother,aitziber.sager@mail.com,5555555794,67018058
Rosa L,,adkins,Mother,rosa l.adkins@mail.com,5555560193,67018059
Maria,,batchelder,Mother,maria.batchelder@mail.com,5555563751,67018060
Angeles,,salgado,Mother,angeles.salgado@mail.com,5555556202,67018061
Dulce V,,pham,Mother,dulce v.pham@mail.com,5555557849,67018062
Ana,,reavis,Mother,ana.reavis@mail.com,5555563881,67018063
Alondra,,labelle,Caregiver,alondra.labelle@mail.com,5555556003,67018064
Jose,,gilreath,Father,jose.gilreath@mail.com,5555561207,67018065
Claudia,,pillow,Mother,claudia.pillow@mail.com,5555560276,67018066
Maggaly,,grimsley,Caregiver,maggaly.grimsley@mail.com,5555560592,67018067
Nereida,,gass,Mother,nereida.gass@mail.com,5555556266,67018068
Jorge Luis,,andino,Father,jorge luis.andino@mail.com,5555556643,67018069
Jorge Luis,,shoup,Father,jorge luis.shoup@mail.com,5555556644,67018070
Gabriela,,gilson,Mother,gabriela.gilson@mail.com,5555558677,67018071
Jorge,,morgan,Father,jorge.morgan@mail.com,5555556879,67018072
Pamela,,cofer,Mother,pamela.cofer@mail.com,5555563930,67018073
Diana,,klinger,Mother,diana.klinger@mail.com,5555557701,67018074
Milagros,,yoder,Mother,milagros.yoder@mail.com,5555556531,67018075
Arcelia Dennise,,gamboa,Mother,arcelia dennise.gamboa@mail.com,5555556866,67018076
Juan,,lazo,Father,juan.lazo@mail.com,5555562276,67018077
Claudia,,cheung,Mother,claudia.cheung@mail.com,5555557310,67018078
Elia,,marino,Mother,elia.marino@mail.com,5555558533,67018079
Noemi,,frederickson,Mother,noemi.frederickson@mail.com,5555557047,67018080
Marlene,,cottle,Mother,marlene.cottle@mail.com,5555560870,67018081
Shirley,,cleghorn,Mother,shirley.cleghorn@mail.com,5555562688,67018082
Denise,,barboza,Mother,denise.barboza@mail.com,5555561643,67018083
Ivan,,abernathy,Father,ivan.abernathy@mail.com,5555563033,67018084
Josefina,,chang,Mother,josefina.chang@mail.com,5555559522,67018085
Juana,,lavalley,Mother,juana.lavalley@mail.com,5555559577,67018086
Maria,,stricklin,Mother,maria.stricklin@mail.com,5555560703,67018087
Ramses,,corbitt,Stepfather,ramses.corbitt@mail.com,5555563748,67018088
Oscar,,lindsay,Father,oscar.lindsay@mail.com,5555563718,67018089
Ann,,walter,Mother,ann.walter@mail.com,5555562799,67018090
Elsa,,carmody,Mother,elsa.carmody@mail.com,5555558036,67018091
Keila,,ledford,Mother,keila.ledford@mail.com,5555559816,67018092
Karla,,reavis,Mother,karla.reavis@mail.com,5555559746,67018093
Karla,,carmichael,Mother,karla.carmichael@mail.com,5555559745,67018094
Esther,,royster,Mother,esther.royster@mail.com,5555558228,67018095
Karla,,rust,Mother,karla.rust@mail.com,5555555754,67018096
Rosalia,,benavides,Mother,rosalia.benavides@mail.com,5555563346,67018097
Carina,,sternberg,Mother,carina.sternberg@mail.com,5555560627,67018098
Monique,,goodale,Mother,monique.goodale@mail.com,5555561333,67018099
Claudia,,melanson,Mother,claudia.melanson@mail.com,5555555604,67018100
Judith,,bristow,Mother,judith.bristow@mail.com,5555559589,67018101
Judith,,clancy,Mother,judith.clancy@mail.com,5555561635,67018102
Melissa,,forsberg,Mother,melissa.forsberg@mail.com,5555561077,67018103
Melissa,,eastwood,Mother,melissa.eastwood@mail.com,5555559852,67018104
Lidia,,logue,Mother,lidia.logue@mail.com,5555561954,67018105
Karla,,waters,Mother,karla.waters@mail.com,5555559727,67018106
Maura,,springer,Mother,maura.springer@mail.com,5555560955,67018107
Cristina,,conger,Mother,cristina.conger@mail.com,5555558845,67018108
Zayra,,woodruff,Mother,zayra.woodruff@mail.com,5555562219,67018109
Marissa,,goins,Mother,marissa.goins@mail.com,5555555704,67018110
Janett,,armentrout,Mother,janett.armentrout@mail.com,5555557400,67018111
Paulina,,weed,Mother,paulina.weed@mail.com,5555561890,67018112
Graciela,,woodland,Mother,graciela.woodland@mail.com,5555560523,67018113
Viridiana,,seabolt,Mother,viridiana.seabolt@mail.com,5555556971,67018114
Belia,,mackay,Mother,belia.mackay@mail.com,5555556852,67018115
Shirley,,holbrook,Mother,shirley.holbrook@mail.com,5555562687,67018116
Celida,,glidden,Mother,celida.glidden@mail.com,5555557097,67018117
Krystle,,fontaine,Mother,krystle.fontaine@mail.com,5555559810,67018118
Karen,,tellez,Mother,karen.tellez@mail.com,5555563951,67018119
Elodia,,bowyer,Mother,elodia.bowyer@mail.com,5555558020,67018120
Claudio,,reiter,Father,claudio.reiter@mail.com,5555557341,67018121
Margarita,,michaelson,Mother,margarita.michaelson@mail.com,5555560599,67018122
Ketzia,,brower,Mother,ketzia.brower@mail.com,5555555814,67018123
Mariana,,jaime,Mother,mariana.jaime@mail.com,5555560758,67018124
Gualberto,,bacon,Father,gualberto.bacon@mail.com,5555563361,67018125
Guadalupe,,burcham,Mother,guadalupe.burcham@mail.com,5555560486,67018126
Anabel,,murrell,Mother,anabel.murrell@mail.com,5555561786,67018127
Berenice,,alger,Mother,berenice.alger@mail.com,5555561121,67018128
Paola,,derby,Mother,paola.derby@mail.com,5555561846,67018129
Jesus,,simone,Father,jesus.simone@mail.com,5555562291,67018130
Evelyn,,scarborough,Mother,evelyn.scarborough@mail.com,5555557938,67018131
Adelina,,davidson,Mother,adelina.davidson@mail.com,5555555584,67018132
Erika,,whiteside,Mother,erika.whiteside@mail.com,5555562326,67018133
Marisol,,bolt,Mother,marisol.bolt@mail.com,5555560836,67018134
Cynthia,,victoria,Mother,cynthia.victoria@mail.com,5555555560,67018135
Santos,,keane,Father,santos.keane@mail.com,5555563860,67018136
Andrea,,kiefer,Court Appointed Guardian,andrea.kiefer@mail.com,5555560623,67018137
Stephen,,breeden,Father,stephen.breeden@mail.com,5555562728,67018138
Carlos,,vitale,Father,carlos.vitale@mail.com,5555556951,67018139
Marissa,,valentin,Mother,marissa.valentin@mail.com,5555560843,67018140
Yesenia,,trask,Mother,yesenia.trask@mail.com,5555563505,67018141
Yannira,,maddox,Mother,yannira.maddox@mail.com,5555558174,67018142
Maria,,hoy,Mother,maria.hoy@mail.com,5555560710,67018143
Valery,,fleck,Mother,valery.fleck@mail.com,5555562427,67018144
Minerva,,braddock,Mother,minerva.braddock@mail.com,5555562118,67018145
Susana,,swindell,Mother,susana.swindell@mail.com,5555562873,67018146
Armida,,engel,Mother,armida.engel@mail.com,5555560181,67018147
Jacqueline,,durant,Mother,jacqueline.durant@mail.com,5555559547,67018148
Talia,,villanueva,Mother,talia.villanueva@mail.com,5555562996,67018149
Karla,,ewell,Mother,karla.ewell@mail.com,5555559712,67018150
Jose,,neville,Father,jose.neville@mail.com,5555559252,67018151
Susana,,hilton,Mother,susana.hilton@mail.com,5555562892,67018152
Perla,,jasper,Mother,perla.jasper@mail.com,5555561936,67018153
Delia,,joe,Mother,delia.joe@mail.com,5555557647,67018154
Noemi,,henson,Mother,noemi.henson@mail.com,5555561495,67018155
Angela,,kapp,Mother,angela.kapp@mail.com,5555559005,67018156
Rosa,,mulvey,Mother,rosa.mulvey@mail.com,5555559224,67018157
Gracie,,crum,Mother,gracie.crum@mail.com,5555558714,67018158
Ana,,easley,Mother,ana.easley@mail.com,5555555597,67018159
Sylvia,,avery,Mother,sylvia.avery@mail.com,5555562914,67018160
Lesly,,kirkland,Mother,lesly.kirkland@mail.com,5555560072,67018161
Michelle,,clausen,Mother,michelle.clausen@mail.com,5555563570,67018162
Janet,,ray,Mother,janet.ray@mail.com,5555559174,67018163
Olivia,,riordan,Mother,olivia.riordan@mail.com,5555561760,67018164
Esmeralda,,canter,Mother,esmeralda.canter@mail.com,5555560449,67018165
Juana,,osburn,Mother,juana.osburn@mail.com,5555559569,67018166
Elena,,byars,Mother,elena.byars@mail.com,5555561296,67018167
Maria,,shelley,Court Appointed Guardian,maria.shelley@mail.com,5555558281,67018168
Karla,,pulley,Mother,karla.pulley@mail.com,5555560299,67018169
Jose,,hoard,Stepfather,jose.hoard@mail.com,5555561863,67018170
Estela,,milliken,Mother,estela.milliken@mail.com,5555558218,67018171
Salma,,weatherby,Mother,salma.weatherby@mail.com,5555562499,67018172
Margarita,,duck,Mother,margarita.duck@mail.com,5555560585,67018173
Claudia,,oleary,Mother,claudia.oleary@mail.com,5555559794,67018174
Jorge,,norfleet,Father,jorge.norfleet@mail.com,5555559484,67018175
Carmela,,mccutcheon,Mother,carmela.mccutcheon@mail.com,5555557020,67018176
Elizabeth,,eley,Mother,elizabeth.eley@mail.com,5555558012,67018177
Luisana,,ewald,Mother,luisana.ewald@mail.com,5555559943,67018178
Ariana,,delapaz,Mother,ariana.delapaz@mail.com,5555556378,67018179
Rosella,,cheeks,Mother,rosella.cheeks@mail.com,5555562350,67018180
Monica,,shively,Mother,monica.shively@mail.com,5555562221,67018181
Janet,,gavin,Mother,janet.gavin@mail.com,5555559112,67018182
Gloria,,pascual,Mother,gloria.pascual@mail.com,5555558658,67018183
Sheila,,cheng,Mother,sheila.cheng@mail.com,5555562671,67018184
Maritza,,burgos,Mother,maritza.burgos@mail.com,5555560848,67018185
Karla,,dagostino,Mother,karla.dagostino@mail.com,5555559935,67018186
Abigail,,provost,Mother,abigail.provost@mail.com,5555555799,67018187
Liliana,,lang,Mother,liliana.lang@mail.com,5555559965,67018188
Genesis,,prewitt,Mother,genesis.prewitt@mail.com,5555558558,67018189
Julia,,wofford,Mother,julia.wofford@mail.com,5555563489,67018190
Marisol,,aikens,Mother,marisol.aikens@mail.com,5555562763,67018191
Cynthia,,cimino,Mother,cynthia.cimino@mail.com,5555562847,67018192
Carmen,,abraham,Mother,carmen.abraham@mail.com,5555556981,67018193
Lorena,,slayton,Mother,lorena.slayton@mail.com,5555560323,67018194
Elba,,sturgill,Mother,elba.sturgill@mail.com,5555557946,67018195
Monserrath,,lucio,Mother,monserrath.lucio@mail.com,5555561340,67018196
Brenda,,bremer,Mother,brenda.bremer@mail.com,5555560642,67018197
Narda,,verdugo,Mother,narda.verdugo@mail.com,5555561529,67018198
Brisa,,early,Mother,brisa.early@mail.com,5555556822,67018199
Maria,,samson,Mother,maria.samson@mail.com,5555562293,67018200
Kenlly,,lafleur,Mother,kenlly.lafleur@mail.com,5555559840,67018201
Ana,,hurdle,Mother,ana.hurdle@mail.com,5555556115,67018202
Alba,,youmans,Mother,alba.youmans@mail.com,5555556524,67018203
Liliana,,mccoy,Mother,liliana.mccoy@mail.com,5555562526,67018204
Maria,,gamboa,Mother,maria.gamboa@mail.com,5555558900,67018205
Maribel,,macy,Mother,maribel.macy@mail.com,5555563195,67018206
Judith,,rohrer,Mother,judith.rohrer@mail.com,5555559590,67018207
Thelma,,grantham,Mother,thelma.grantham@mail.com,5555556058,67018208
Laura,,silvia,Mother,laura.silvia@mail.com,5555560027,67018209
Patricia,,sarver,Mother,patricia.sarver@mail.com,5555561871,67018210
Ana,,pollack,Court Appointed Guardian,ana.pollack@mail.com,5555560216,67018211
Kenia,,cloud,Mother,kenia.cloud@mail.com,5555559827,67018212
Karla,,seifert,Mother,karla.seifert@mail.com,5555556577,67018213
Angelica,,fredericks,Mother,angelica.fredericks@mail.com,5555562260,67018214
Yanett,,selby,Mother,yanett.selby@mail.com,5555558567,67018215
Joselyn,,houk,Mother,joselyn.houk@mail.com,5555559570,67018216
Heidi,,torres,Mother,heidi.torres@mail.com,5555558799,67018217
Alexandra,,steen,Mother,alexandra.steen@mail.com,5555555904,67018218
Marisela,,oyler,Mother,marisela.oyler@mail.com,5555560835,67018219
Ana,,greenfield,Mother,ana.greenfield@mail.com,5555556078,67018220
Guadalupe,,villarreal,Mother,guadalupe.villarreal@mail.com,5555561750,67018221
Yasmin,,keane,Mother,yasmin.keane@mail.com,5555563462,67018222
Araceli,,priddy,Mother,araceli.priddy@mail.com,5555556337,67018223
Karla,,warnock,Mother,karla.warnock@mail.com,5555563064,67018224
Jazmin,,shoup,Mother,jazmin.shoup@mail.com,5555559239,67018225
Silvia,,southern,Mother,silvia.southern@mail.com,5555560341,67018226
Marco,,crowther,Father,marco.crowther@mail.com,5555560683,67018227
Gloria,,stanfield,Mother,gloria.stanfield@mail.com,5555558391,67018228
Elvia,,boisvert,Mother,elvia.boisvert@mail.com,5555558052,67018229
Maria,,kohler,Mother,maria.kohler@mail.com,5555560472,67018230
Elizabeth,,bui,Mother,elizabeth.bui@mail.com,5555557971,67018231
Cecilia,,montano,Mother,cecilia.montano@mail.com,5555557080,67018232
adolfo,,fernandez,Father,adolfo.fernandez@mail.com,5555563772,67018233
Johana,,gilreath,Mother,johana.gilreath@mail.com,5555558639,67018234
Veronica,,muro,Mother,veronica.muro@mail.com,5555558559,67018235
Alejandrina,,wharton,Mother,alejandrina.wharton@mail.com,5555555879,67018236
Marlene,,allman,Mother,marlene.allman@mail.com,5555560866,67018237
Minerva,,raleigh,Caregiver,minerva.raleigh@mail.com,5555561215,67018238
Sara,,manzanares,Mother,sara.manzanares@mail.com,5555562586,67018239
Ana,,dorman,Mother,ana.dorman@mail.com,5555561119,67018240
Xochilt,,harms,Mother,xochilt.harms@mail.com,5555558511,67018241
Maria,,hanif,Mother,maria.hanif@mail.com,5555561963,67018242
Yanin,,eagan,Mother,yanin.eagan@mail.com,5555563444,67018243
Yohana,,mcclelland,Mother,yohana.mcclelland@mail.com,5555563549,67018244
Yhaira,,wilder,Mother,yhaira.wilder@mail.com,5555563533,67018245
Sheila,,pryor,Mother,sheila.pryor@mail.com,5555562670,67018246
Nellie,,fidler,Mother,nellie.fidler@mail.com,5555561583,67018247
Maleni,,boren,Mother,maleni.boren@mail.com,5555560610,67018248
Ivonne,,mesa,Mother,ivonne.mesa@mail.com,5555559090,67018249
Cinthya,,durkee,Mother,cinthya.durkee@mail.com,5555557270,67018250
Karina,,esparza,Mother,karina.esparza@mail.com,5555563012,67018251
Raquel,,carrigan,Mother,raquel.carrigan@mail.com,5555562128,67018252
Jasmine,,buie,Mother,jasmine.buie@mail.com,5555559217,67018253
Bertha,,cooksey,Mother,bertha.cooksey@mail.com,5555559864,67018254
Patricia,,radcliffe,Mother,patricia.radcliffe@mail.com,5555561950,67018255
Carmen,,dotson,Mother,carmen.dotson@mail.com,5555556976,67018256
Jacqueline,,fort,Mother,jacqueline.fort@mail.com,5555561263,67018257
Susanna,,collazo,Mother,susanna.collazo@mail.com,5555562876,67018258
Melany,,wicks,Mother,melany.wicks@mail.com,5555555729,67018259
Dulia,,nowlin,Mother,dulia.nowlin@mail.com,5555557858,67018260
Karla,,bulter,Mother,karla.bulter@mail.com,5555556537,67018261
Gabriela,,hazel,Mother,gabriela.hazel@mail.com,5555558462,67018262
Sergio,,barton,Father,sergio.barton@mail.com,5555562642,67018263
Maryann,,samples,Mother,maryann.samples@mail.com,5555561137,67018264
Cheyla,,dalrymple,Mother,cheyla.dalrymple@mail.com,5555557182,67018265
Alexandra,,hammer,Mother,alexandra.hammer@mail.com,5555556046,67018266
Irma,,whitlock,Mother,irma.whitlock@mail.com,5555558986,67018267
Aracely,,grube,Mother,aracely.grube@mail.com,5555556342,67018268
Edgar,,mundy,Father,edgar.mundy@mail.com,5555563889,67018269
Juan,,glenn,Father,juan.glenn@mail.com,5555563114,67018270
Lucia,,lamp,Mother,lucia.lamp@mail.com,5555560386,67018271
Diana,,bell,Mother,diana.bell@mail.com,5555557774,67018272
Diane,,fisk,Mother,diane.fisk@mail.com,5555557021,67018273
Zayda,,phipps,Mother,zayda.phipps@mail.com,5555563637,67018274
Yesenia,,blake,Mother,yesenia.blake@mail.com,5555563498,67018275
Angelica,,rowe,Mother,angelica.rowe@mail.com,5555556251,67018276
Debbie,,theis,Mother,debbie.theis@mail.com,5555557012,67018277
Oscar,,garrison,Father,oscar.garrison@mail.com,5555561770,67018278
Maria,,rider,Mother,maria.rider@mail.com,5555563585,67018279
Mariela,,johnston,Mother,mariela.johnston@mail.com,5555561030,67018280
Iliany,,hathcock,Mother,iliany.hathcock@mail.com,5555558944,67018281
Karla,,barner,Mother,karla.barner@mail.com,5555559737,67018282
Veronica,,valente,Mother,veronica.valente@mail.com,5555561609,67018283
Iris,,hamlin,Mother,iris.hamlin@mail.com,5555557004,67018284
Mellissa,,brasher,Mother,mellissa.brasher@mail.com,5555561096,67018285
Dulce,,greathouse,Mother,dulce.greathouse@mail.com,5555563124,67018286
Greta,,adorno,Mother,greta.adorno@mail.com,5555557674,67018287
Priscilla,,prouty,Mother,priscilla.prouty@mail.com,5555562048,67018288
Maria,,ashton,Mother,maria.ashton@mail.com,5555560477,67018289
Cristela,,kahl,Mother,cristela.kahl@mail.com,5555557411,67018290
Rosa,,speck,Mother,rosa.speck@mail.com,5555562320,67018291
Joanna,,shull,Mother,joanna.shull@mail.com,5555559402,67018292
Jennifer,,wagner,Mother,jennifer.wagner@mail.com,5555559278,67018293
Amalia,,eddings,Mother,amalia.eddings@mail.com,5555556247,67018294
Myriam,,ratcliff,Mother,myriam.ratcliff@mail.com,5555561260,67018295
Narda,,tarrant,Mother,narda.tarrant@mail.com,5555561530,67018296
Loraine,,morley,Mother,loraine.morley@mail.com,5555560349,67018297
Beatris,,tull,Mother,beatris.tull@mail.com,5555557836,67018298
Diana,,blackmon,Mother,diana.blackmon@mail.com,5555557702,67018299
Yazmin,,dreher,Mother,yazmin.dreher@mail.com,5555555580,67018300
Erika,,sexton,Mother,erika.sexton@mail.com,5555559581,67018301
Nora,,costa,Mother,nora.costa@mail.com,5555561676,67018302
Nidia,,mccollum,Mother,nidia.mccollum@mail.com,5555559946,67018303
Sonia,,landon,Mother,sonia.landon@mail.com,5555562783,67018304
Claudia,,randell,Mother,claudia.randell@mail.com,5555559958,67018305
Rubycella,,savoy,Mother,rubycella.savoy@mail.com,5555562431,67018306
Alejandra,,dorris,Mother,alejandra.dorris@mail.com,5555557161,67018307
Raquel,,clay,Mother,raquel.clay@mail.com,5555562087,67018308
Pedro,,wellington,Father,pedro.wellington@mail.com,5555561894,67018309
Adriana,,bass,Mother,adriana.bass@mail.com,5555555694,67018310
Paola,,rea,Mother,paola.rea@mail.com,5555561829,67018311
Yadira,,juan,Mother,yadira.juan@mail.com,5555557966,67018312
Gabriela,,anglin,Mother,gabriela.anglin@mail.com,5555558492,67018313
Maria,,cote,Mother,maria.cote@mail.com,5555558416,67018314
Esmeralda,,karr,Mother,esmeralda.karr@mail.com,5555558173,67018315
Juana,,kilburn,Court Appointed Guardian,juana.kilburn@mail.com,5555561302,67018316
Araceli,,appel,Mother,araceli.appel@mail.com,5555556347,67018317
Claudia,,wharton,Mother,claudia.wharton@mail.com,5555557125,67018318
Claudia,,franke,Mother,claudia.franke@mail.com,5555557322,67018319
Melissa,,walker,Mother,melissa.walker@mail.com,5555561066,67018320
Claudia,,doerr,Mother,claudia.doerr@mail.com,5555557325,67018321
Celia,,burden,Mother,celia.burden@mail.com,5555556328,67018322
Rebecca,,shepard,Mother,rebecca.shepard@mail.com,5555557195,67018323
Dina,,reagan,Mother,dina.reagan@mail.com,5555557778,67018324
Paloma,,boling,Mother,paloma.boling@mail.com,5555559977,67018325
Concepcion,,morrell,Mother,concepcion.morrell@mail.com,5555557377,67018326
Luz,,floyd,Mother,luz.floyd@mail.com,5555560511,67018327
Berenice,,avery,Mother,berenice.avery@mail.com,5555556635,67018328
Natalie,,nicholson,Mother,natalie.nicholson@mail.com,5555561535,67018329
Judith,,palumbo,Mother,judith.palumbo@mail.com,5555556351,67018330
Elizabeth,,langdon,Mother,elizabeth.langdon@mail.com,5555558059,67018331
Maria,,velasco,Mother,maria.velasco@mail.com,5555560748,67018332
Angelica,,palm,Mother,angelica.palm@mail.com,5555556229,67018333
Myrna,,caston,Mother,myrna.caston@mail.com,5555561452,67018334
Alejandra,,hoggard,Mother,alejandra.hoggard@mail.com,5555555862,67018335
Adrian,,camper,Father,adrian.camper@mail.com,5555555675,67018336
Rebeca,,kraus,Mother,rebeca.kraus@mail.com,5555562153,67018337
Sandra,,glasser,Mother,sandra.glasser@mail.com,5555562540,67018338
Leslie,,peace,Mother,leslie.peace@mail.com,5555563168,67018339
Maria,,rivera,Grandmother,maria.rivera@mail.com,5555556576,67018340
Rosa,,vela,Mother,rosa.vela@mail.com,5555562349,67018341
Martha,,klink,Mother,martha.klink@mail.com,5555560685,67018342
Jessica,,lipsey,Mother,jessica.lipsey@mail.com,5555559339,67018343
Carmen,,reaves,Mother,carmen.reaves@mail.com,5555556978,67018344
Ana,,beers,Mother,ana.beers@mail.com,5555555641,67018345
Veronica,,presnell,Mother,veronica.presnell@mail.com,5555558502,67018346
Rosario,,beveridge,Mother,rosario.beveridge@mail.com,5555562665,67018347
Angie,,trujillo,Mother,angie.trujillo@mail.com,5555555647,67018348
Christian,,akers,Father,christian.akers@mail.com,5555557472,67018349
Janet,,casillas,Mother,janet.casillas@mail.com,5555561430,67018350
Noemi,,welch,Mother,noemi.welch@mail.com,5555559381,67018351
Bertha,,browning,Mother,bertha.browning@mail.com,5555561241,67018352
Shantal,,covington,Mother,shantal.covington@mail.com,5555562661,67018353
Angelica,,tuggle,Mother,angelica.tuggle@mail.com,5555556217,67018354
Shantal,,lloyd,Mother,shantal.lloyd@mail.com,5555562660,67018355
Jennie,,gillis,Mother,jennie.gillis@mail.com,5555559303,67018356
Rossio,,oswalt,Mother,rossio.oswalt@mail.com,5555562367,67018357
Sandra,,hardeman,Mother,sandra.hardeman@mail.com,5555562543,67018358
Gabriela.,,martens,Mother,gabriela..martens@mail.com,5555557616,67018359
Laura,,falcon,Mother,laura.falcon@mail.com,5555560306,67018360
Claudia,,mcvey,Mother,claudia.mcvey@mail.com,5555557314,67018361
Guadalupe,,runyon,Mother,guadalupe.runyon@mail.com,5555560462,67018362
Daniela,,forest,Mother,daniela.forest@mail.com,5555557594,67018363
Lucero,,johns,Mother,lucero.johns@mail.com,5555560376,67018364
Dalia,,ridgeway,Mother,dalia.ridgeway@mail.com,5555557629,67018365
Martha,,williams,Mother,martha.williams@mail.com,5555560896,67018366
Mayra,,carlson,Emergency contact,mayra.carlson@mail.com,5555561015,67018367
Evangelina,,burt,Mother,evangelina.burt@mail.com,5555558168,67018368
Cecilia,,lassiter,Caregiver,cecilia.lassiter@mail.com,5555557084,67018369
Jessica,,knutson,Mother,jessica.knutson@mail.com,5555559327,67018370
Claudia,,lau,Mother,claudia.lau@mail.com,5555561869,67018371
Julia,,howerton,Mother,julia.howerton@mail.com,5555563595,67018372
Brenda,,stubbs,Mother,brenda.stubbs@mail.com,5555557070,67018373
Nuvia,,garrity,Mother,nuvia.garrity@mail.com,5555563178,67018374
Norma,,wertz,Mother,norma.wertz@mail.com,5555558885,67018375
Celia,,brantley,Mother,celia.brantley@mail.com,5555556875,67018376
Rosa,,fenton,Court Appointed Guardian,rosa.fenton@mail.com,5555560797,67018377
Cecilia,,whitworth,Mother,cecilia.whitworth@mail.com,5555557076,67018378
Debbie,,vue,Mother,debbie.vue@mail.com,5555559902,67018379
Eva,,carlisle,Mother,eva.carlisle@mail.com,5555559906,67018380
Ashley,,towe,Mother,ashley.towe@mail.com,5555556453,67018381
Priscila,,butler,Mother,priscila.butler@mail.com,5555562047,67018382
Anabel,,bynum,Mother,anabel.bynum@mail.com,5555556088,67018383
Julia,,casarez,Mother,julia.casarez@mail.com,5555559623,67018384
Mayra,,chavarria,Mother,mayra.chavarria@mail.com,5555559080,67018385
Bianela,,petrie,Mother,bianela.petrie@mail.com,5555562195,67018386
Mayra,,saville,Mother,mayra.saville@mail.com,5555561016,67018387
America,,theriault,Mother,america.theriault@mail.com,5555560883,67018388
Victor,,newkirk,Caregiver,victor.newkirk@mail.com,5555563671,67018389
Lucia,,alden,Mother,lucia.alden@mail.com,5555560292,67018390
Jennifer,,deitz,Mother,jennifer.deitz@mail.com,5555558690,67018391
Elvia,,boulton,Mother,elvia.boulton@mail.com,5555558051,67018392
Alejandrina,,skelton,Mother,alejandrina.skelton@mail.com,5555562639,67018393
Antonio,,patch,Father,antonio.patch@mail.com,5555563028,67018394
Brenda,,mcginty,Mother,brenda.mcginty@mail.com,5555563163,67018395
Jessica,,ceballos,Mother,jessica.ceballos@mail.com,5555562879,67018396
Astrid,,birch,Mother,astrid.birch@mail.com,5555556479,67018397
Maria,,carlile,Mother,maria.carlile@mail.com,5555555838,67018398
Evelyn,,flowers,Mother,evelyn.flowers@mail.com,5555563982,67018399
Jennifer,,brannon,Mother,jennifer.brannon@mail.com,5555559274,67018400
Melissa,,kemp,Mother,melissa.kemp@mail.com,5555560058,67018401
Alma,,gay,Mother,alma.gay@mail.com,5555558747,67018402
Claudia,,chaffee,Mother,claudia.chaffee@mail.com,5555557299,67018403
Yvonne,,derrick,Mother,yvonne.derrick@mail.com,5555563615,67018404
Priscila,,turnbow,Mother,priscila.turnbow@mail.com,5555562016,67018405
Cristina,,dodge,Mother,cristina.dodge@mail.com,5555559014,67018406
Danissa,,dement,Mother,danissa.dement@mail.com,5555557581,67018407
Ruben,,upshaw,Father,ruben.upshaw@mail.com,5555561427,67018408
Armida,,hartnett,Mother,armida.hartnett@mail.com,5555556409,67018409
Karen,,gallo,Mother,karen.gallo@mail.com,5555559897,67018410
Milagros,,hotchkiss,Mother,milagros.hotchkiss@mail.com,5555563475,67018411
Shirey,,moxley,Mother,shirey.moxley@mail.com,5555556814,67018412
Carlos,,cofer,Father,carlos.cofer@mail.com,5555557136,67018413
Ileana,,cavazos,Mother,ileana.cavazos@mail.com,5555560963,67018414
Gabriel,,aviles,Father,gabriel.aviles@mail.com,5555558536,67018415
Margarita,,wiggs,Mother,margarita.wiggs@mail.com,5555560601,67018416
Sara,,vanwinkle,Mother,sara.vanwinkle@mail.com,5555562901,67018417
Vanessa,,goad,Mother,vanessa.goad@mail.com,5555562200,67018418
Jorge,,melanson,Father,jorge.melanson@mail.com,5555556842,67018419
Eva,,townley,Mother,eva.townley@mail.com,5555558239,67018420
Jessica,,klatt,Mother,jessica.klatt@mail.com,5555556446,67018421
Priscila,,soriano,Mother,priscila.soriano@mail.com,5555562013,67018422
Priscela,,lane,Mother,priscela.lane@mail.com,5555562010,67018423
Griselda,,cozart,Mother,griselda.cozart@mail.com,5555558742,67018424
Gabriela,,singleton,Mother,gabriela.singleton@mail.com,5555558704,67018425
Andea,,hardesty,Mother,andea.hardesty@mail.com,5555562247,67018426
Pedro,,hester,Father,pedro.hester@mail.com,5555561975,67018427
Penina,,melton,Mother,penina.melton@mail.com,5555561905,67018428
Joe,,deakin,Father,joe.deakin@mail.com,5555559446,67018429
Olivia,,canter,Mother,olivia.canter@mail.com,5555558043,67018430
Monica,,parenteau,Mother,monica.parenteau@mail.com,5555561952,67018431
Yoanna,,hillis,Mother,yoanna.hillis@mail.com,5555563547,67018432
Annette,,perron,Mother,annette.perron@mail.com,5555556287,67018433
Maria,,ely,Mother,maria.ely@mail.com,5555560402,67018434
Abigail,,forsberg,Mother,abigail.forsberg@mail.com,5555555618,67018435
Leticia,,jacobson,Mother,leticia.jacobson@mail.com,5555560093,67018436
Nancy,,jude,Mother,nancy.jude@mail.com,5555561499,67018437
Dulce,,gaddy,Mother,dulce.gaddy@mail.com,5555555924,67018438
Martha,,beach,Mother,martha.beach@mail.com,5555560908,67018440
Giseelle,,weems,Mother,giseelle.weems@mail.com,5555558619,67018441
Giseelle,,benefield,Mother,giseelle.benefield@mail.com,5555558618,67018442
Alma,,gannon,Mother,alma.gannon@mail.com,5555557682,67018443
Belen,,bratton,Mother,belen.bratton@mail.com,5555556609,67018444
Nancy,,sauceda,Mother,nancy.sauceda@mail.com,5555561510,67018445
Melissa,,jett,Mother,melissa.jett@mail.com,5555560605,67018446
Fabia,,mangum,Mother,fabia.mangum@mail.com,5555558379,67018447
Martha,,blessing,Mother,martha.blessing@mail.com,5555563042,67018448
Veronica,,benson,Mother,veronica.benson@mail.com,5555563210,67018449
Melissa,,kirby,Mother,melissa.kirby@mail.com,5555560606,67018450
Xochitl,,kunkel,Mother,xochitl.kunkel@mail.com,5555558469,67018451
Betania,,scalise,Mother,betania.scalise@mail.com,5555556667,67018452
Johana,,shaffer,Mother,johana.shaffer@mail.com,5555559453,67018453
Melissa,,delp,Mother,melissa.delp@mail.com,5555556826,67018454
Zochil,,dominguez,Mother,zochil.dominguez@mail.com,5555563657,67018455
Maria,,jacob,Mother,maria.jacob@mail.com,5555560943,67018456
Alexis,,calvert,Father,alexis.calvert@mail.com,5555558305,67018457
Maria,,haworth,Mother,maria.haworth@mail.com,5555563229,67018458
Yesenia,,salas,Mother,yesenia.salas@mail.com,5555563541,67018459
Caroline,,crockett,Mother,caroline.crockett@mail.com,5555559705,67018460
Ofelia,,ladner,Caregiver,ofelia.ladner@mail.com,5555556718,67018461
Glenda,,music,Mother,glenda.music@mail.com,5555563335,67018462
Flor,,ferreira,Mother,flor.ferreira@mail.com,5555562698,67018463
Mabel,,keith,Caregiver,mabel.keith@mail.com,5555560539,67018464
Karen,,golden,Mother,karen.golden@mail.com,5555559659,67018465
Daisy,,leroy,Mother,daisy.leroy@mail.com,5555557534,67018466
Allison,,worth,Mother,allison.worth@mail.com,5555555960,67018467
Araceli,,romine,Mother,araceli.romine@mail.com,5555557167,67018468
Irma,,beason,Grandmother,irma.beason@mail.com,5555558989,67018469
Denise,,hidalgo,Mother,denise.hidalgo@mail.com,5555557661,67018470
Maria,,haugen,Grandmother,maria.haugen@mail.com,5555557954,67018471
Kimberly,,rust,Mother,kimberly.rust@mail.com,5555560113,67018472
Nelie,,cohn,Mother,nelie.cohn@mail.com,5555562978,67018473
Nancy,,macklin,Mother,nancy.macklin@mail.com,5555561501,67018474
Angie,,wingate,Caregiver,angie.wingate@mail.com,5555555643,67018475
Juan miguel,,staten,Father,juan miguel.staten@mail.com,5555560269,67018476
Dahiana,,kovacs,Mother,dahiana.kovacs@mail.com,5555557513,67018477
Karla,,buckner,Mother,karla.buckner@mail.com,5555561420,67018478
Karla,,erdmann,Mother,karla.erdmann@mail.com,5555559729,67018479
Esau,,howlett,Father,esau.howlett@mail.com,5555562279,67018480
Pamela,,mickey,Mother,pamela.mickey@mail.com,5555561817,67018481
Adriana,,gall,Mother,adriana.gall@mail.com,5555555720,67018482
Nancy,,edgar,Mother,nancy.edgar@mail.com,5555561522,67018483
Ernestina,,sun,Grandmother,ernestina.sun@mail.com,5555558161,67018484
Gabriela,,colella,Mother,gabriela.colella@mail.com,5555558485,67018485
Sandra,,fulk,Caregiver,sandra.fulk@mail.com,5555561724,67018486
Brenda,,melvin,Mother,brenda.melvin@mail.com,5555556532,67018487
Maria,,kee,Mother,maria.kee@mail.com,5555561426,67018488
Lizbeth,,graves,Mother,lizbeth.graves@mail.com,5555560243,67018489
Yadira,,espinoza,Mother,yadira.espinoza@mail.com,5555563584,67018490
Carlos,,sevilla,Caregiver,carlos.sevilla@mail.com,5555556968,67018491
Irene,,douglass,Mother,irene.douglass@mail.com,5555558971,67018492
Livier,,south,Mother,livier.south@mail.com,5555563054,67018493
Angelica,,wyatt,Mother,angelica.wyatt@mail.com,5555556205,67018494
Nallely,,wooten,Mother,nallely.wooten@mail.com,5555556505,67018495
Samantha,,goff,Mother,samantha.goff@mail.com,5555562814,67018496
Judith,,tanaka,Mother,judith.tanaka@mail.com,5555559597,67018497
Teresa,,fung,Mother,teresa.fung@mail.com,5555562993,67018498
Ernestina,,chadwick,Mother,ernestina.chadwick@mail.com,5555558352,67018499
Janet,,kenner,Mother,janet.kenner@mail.com,5555559189,67018500
Omar,,hair,Father,omar.hair@mail.com,5555561733,67018501
Gloria,,power,Mother,gloria.power@mail.com,5555558455,67018502
Hector,,mcchesney,Father,hector.mcchesney@mail.com,5555556862,67018503
Israel,,ferrer,Father,israel.ferrer@mail.com,5555563704,67018504
Maria,,ames,Mother,maria.ames@mail.com,5555558755,67018505
Bianca,,galbraith,Mother,bianca.galbraith@mail.com,5555556605,67018506
Juana,,lesher,Mother,juana.lesher@mail.com,5555556057,67018507
Julisa,,rider,Mother,julisa.rider@mail.com,5555557617,67018508
Catalina,,sears,Mother,catalina.sears@mail.com,5555559376,67018509
Mariel,,dreher,Mother,mariel.dreher@mail.com,5555561157,67018510
Alejandro,,register,Father,alejandro.register@mail.com,5555555907,67018511
Alicia,,claypool,Mother,alicia.claypool@mail.com,5555555639,67018512
Elizabeth,,rawson,Mother,elizabeth.rawson@mail.com,5555560352,67018513
Kimberly,,sheldon,Mother,kimberly.sheldon@mail.com,5555559866,67018514
Veronica,,word,Mother,veronica.word@mail.com,5555563218,67018515
Amairany,,rohr,Mother,amairany.rohr@mail.com,5555560643,67018516
Christian,,buss,Mother,christian.buss@mail.com,5555557390,67018517
Dianna,,rowden,Mother,dianna.rowden@mail.com,5555557761,67018518
Magdalena,,allan,Mother,magdalena.allan@mail.com,5555560598,67018519
Seleste,,pieper,Family Member,seleste.pieper@mail.com,5555562634,67018520
Shyntia,,luttrell,Mother,shyntia.luttrell@mail.com,5555556734,67018521
Sabina,,dean,Mother,sabina.dean@mail.com,5555562469,67018522
Cesia,,desai,Stepmother,cesia.desai@mail.com,5555562436,67018523
Briggitte,,aquino,Mother,briggitte.aquino@mail.com,5555556838,67018524
Aida,,spearman,Mother,aida.spearman@mail.com,5555555770,67018525
Sandra,,fike,Mother,sandra.fike@mail.com,5555562573,67018526
Vanessa,,eicher,Mother,vanessa.eicher@mail.com,5555563152,67018527
Diana,,gaytan,Mother,diana.gaytan@mail.com,5555559016,67018528
Aleyra,,wilhelm,Stepmother,aleyra.wilhelm@mail.com,5555555734,67018529
Nayeli,,staten,Mother,nayeli.staten@mail.com,5555558771,67018530
Claudia,,maddux,Mother,claudia.maddux@mail.com,5555557311,67018531
Jenny,,reddick,Mother,jenny.reddick@mail.com,5555559298,67018532
Araceli,,sundberg,Mother,araceli.sundberg@mail.com,5555558770,67018533
Violeta,,harden,Mother,violeta.harden@mail.com,5555563301,67018534
Ana,,shank,Mother,ana.shank@mail.com,5555562062,67018535
Jesus,,mercado,Caregiver,jesus.mercado@mail.com,5555556766,67018536
Thania,,munn,Mother,thania.munn@mail.com,5555563001,67018537
Maria,,houck,Mother,maria.houck@mail.com,5555561046,67018538
Alma,,cochran,Mother,alma.cochran@mail.com,5555560092,67018539
Nara,,rumsey,Mother,nara.rumsey@mail.com,5555561527,67018540
Marbrissa,,pabon,Mother,marbrissa.pabon@mail.com,5555560673,67018541
Cynthia,,barba,Mother,cynthia.barba@mail.com,5555557494,67018542
Claudia,,palomo,Mother,claudia.palomo@mail.com,5555556899,67018543
Laura,,leath,Mother,laura.leath@mail.com,5555556427,67018544
Beatriz,,lacroix,Mother,beatriz.lacroix@mail.com,5555556340,67018545
Nancy,,harkins,Caregiver,nancy.harkins@mail.com,5555560132,67018546
Emerenciana,,autry,Caregiver,emerenciana.autry@mail.com,5555562103,67018547
Viviana,,bowyer,Mother,viviana.bowyer@mail.com,5555563330,67018548
Nancy,,boozer,Mother,nancy.boozer@mail.com,5555560133,67018549
Alejandro,,houle,Father,alejandro.houle@mail.com,5555555916,67018550
Cristina,,frame,Mother,cristina.frame@mail.com,5555557062,67018551
Oscar,,feeney,Father,oscar.feeney@mail.com,5555555714,67018552
Elisa,,vachon,Mother,elisa.vachon@mail.com,5555558802,67018553
Perla,,luce,Mother,perla.luce@mail.com,5555559849,67018554
Melissa,,marler,Mother,melissa.marler@mail.com,5555558527,67018555
Blanca,,couch,Mother,blanca.couch@mail.com,5555558041,67018556
Paola,,hansel,Mother,paola.hansel@mail.com,5555561850,67018557
Anthony,,trinidad,Father,anthony.trinidad@mail.com,5555558306,67018558
Alejandra,,reeder,Mother,alejandra.reeder@mail.com,5555562304,67018559
Karen,,pena,Mother,karen.pena@mail.com,5555563855,67018560
Ana,,rohr,Mother,ana.rohr@mail.com,5555561374,67018561
Pablo,,dang,Father,pablo.dang@mail.com,5555561785,67018562
edith,,lillard,Mother,edith.lillard@mail.com,5555557915,67018563
Lisa,,shores,Mother,lisa.shores@mail.com,5555560033,67018564
Karla,,rushing,Mother,karla.rushing@mail.com,5555559719,67018565
Lorena,,redding,Mother,lorena.redding@mail.com,5555560336,67018566
Lupita,,peres,Mother,lupita.peres@mail.com,5555560464,67018567
Santos,,valenti,Father,santos.valenti@mail.com,5555564026,67018568
Alejandrina,,womble,Grandmother,alejandrina.womble@mail.com,5555559510,67018569
Adriana,,malley,Mother,adriana.malley@mail.com,5555555699,67018570
Raquel,,reyna,Mother,raquel.reyna@mail.com,5555560671,67018571
Dalila,,chumley,Court Appointed Guardian,dalila.chumley@mail.com,5555557529,67018572
Erika,,gilbert,Mother,erika.gilbert@mail.com,5555555573,67018573
Araceli,,abreu,Caregiver,araceli.abreu@mail.com,5555556345,67018574
Judith,,fuchs,Mother,judith.fuchs@mail.com,5555559592,67018575
Maria,,ley,Mother,maria.ley@mail.com,5555561024,67018576
Reyna,,rigsby,Mother,reyna.rigsby@mail.com,5555562184,67018577
Nancy,,schrock,Mother,nancy.schrock@mail.com,5555558282,67018578
Giselle,,alessi,Mother,giselle.alessi@mail.com,5555558624,67018579
Clara Rosa,,rutherford,Mother,clara rosa.rutherford@mail.com,5555557286,67018580
Patsy,,augustine,Mother,patsy.augustine@mail.com,5555561781,67018581
Maria,,mcnutt,Mother,maria.mcnutt@mail.com,5555560576,67018582
Karina,,damron,Mother,karina.damron@mail.com,5555559694,67018583
Gloria,,rhoads,Caregiver,gloria.rhoads@mail.com,5555557733,67018584
Monica,,johnston,Mother,monica.johnston@mail.com,5555561356,67018585
Adria,,everson,Mother,adria.everson@mail.com,5555555674,67018586
Leticia,,abreu,Mother,leticia.abreu@mail.com,5555560912,67018587
Eva,,taylor,Mother,eva.taylor@mail.com,5555560207,67018588
Alicia,,jasper,Mother,alicia.jasper@mail.com,5555563296,67018589
Pricila,,casanova,Mother,pricila.casanova@mail.com,5555562533,67018590
Nallely,,cathey,Caregiver,nallely.cathey@mail.com,5555561568,67018591
Alma,,anton,Mother,alma.anton@mail.com,5555555984,67018592
Nidia,,hammack,Mother,nidia.hammack@mail.com,5555562300,67018593
Rosa,,rieger,Mother,rosa.rieger@mail.com,5555556271,67018594
Nishmeth,,nava,Mother,nishmeth.nava@mail.com,5555561645,67018595
Leticia,,clemmons,Mother,leticia.clemmons@mail.com,5555560098,67018596
Fabiola,,barnhart,Mother,fabiola.barnhart@mail.com,5555562174,67018597
Maria,,madden,Mother,maria.madden@mail.com,5555561791,67018598
Ana,,caballero,Mother,ana.caballero@mail.com,5555555575,67018599
Gabriela,,hester,Mother,gabriela.hester@mail.com,5555558456,67018600
Karina,,freitas,Mother,karina.freitas@mail.com,5555559769,67018601
Maria.,,blackmon,Mother,maria..blackmon@mail.com,5555560845,67018602
Elsie,,buford,Mother,elsie.buford@mail.com,5555558038,67018603
Erika,,bobo,Mother,erika.bobo@mail.com,5555558149,67018604
Grisel,,sutter,Mother,grisel.sutter@mail.com,5555558737,67018605
Roxana,,leonard,Mother,roxana.leonard@mail.com,5555562400,67018606
Maria,,bays,Mother,maria.bays@mail.com,5555560729,67018607
Alexandra,,folsom,Mother,alexandra.folsom@mail.com,5555555915,67018608
Yael,,jaeger,Mother,yael.jaeger@mail.com,5555562303,67018609
Claudia,,fry,Mother,claudia.fry@mail.com,5555557335,67018610
Nadia,,byars,Mother,nadia.byars@mail.com,5555561480,67018611
Maria,,reynolds,Mother,maria.reynolds@mail.com,5555557435,67018612
Birma,,pate,Mother,birma.pate@mail.com,5555556703,67018613
Carmen,,english,Mother,carmen.english@mail.com,5555561335,67018614
Mayra,,strickler,Mother,mayra.strickler@mail.com,5555560990,67018615
Nora,,argueta,Mother,nora.argueta@mail.com,5555562928,67018616
Brenda,,eskridge,Mother,brenda.eskridge@mail.com,5555558821,67018617
Monica,,julian,Caregiver,monica.julian@mail.com,5555561310,67018618
Eli,,plumley,Mother,eli.plumley@mail.com,5555557960,67018619
Elvia,,robichaud,Mother,elvia.robichaud@mail.com,5555561102,67018620
Humberto,,lovejoy,Father,humberto.lovejoy@mail.com,5555563021,67018621
Beatriz,,bernstein,Mother,beatriz.bernstein@mail.com,5555556590,67018622
Evelia,,bunn,Mother,evelia.bunn@mail.com,5555558246,67018623
Maura,,luck,Mother,maura.luck@mail.com,5555560960,67018624
Yoana,,calhoun,Mother,yoana.calhoun@mail.com,5555559795,67018625
Alma,,marcus,Mother,alma.marcus@mail.com,5555555988,67018626
Juan,,stlouis,Father,juan.stlouis@mail.com,5555558210,67018627
Jose,,reyna,Father,jose.reyna@mail.com,5555562189,67018628
Cristina,,mccaffrey,Mother,cristina.mccaffrey@mail.com,5555555746,67018629
Juana,,perea,Mother,juana.perea@mail.com,5555558427,67018630
Viviana,,charley,Mother,viviana.charley@mail.com,5555562120,67018631
Laura,,bull,Mother,laura.bull@mail.com,5555563515,67018632
Maria,,krueger,Mother,maria.krueger@mail.com,5555560721,67018633
Flor,,ballesteros,Mother,flor.ballesteros@mail.com,5555558410,67018634
Carmen,,barrett,Mother,carmen.barrett@mail.com,5555562261,67018635
Anakaren,,mcgriff,Mother,anakaren.mcgriff@mail.com,5555559806,67018636
Abigail,,drake,Mother,abigail.drake@mail.com,5555561592,67018637
Cesar,,bone,Stepfather,cesar.bone@mail.com,5555561483,67018638
Sofia Lizette,,nunez,Mother,sofia lizette.nunez@mail.com,5555562786,67018639
Keyla,,valenzuela,Mother,keyla.valenzuela@mail.com,5555555953,67018640
Jose,,fitzhugh,Father,jose.fitzhugh@mail.com,5555562481,67018641
Daisy,,millington,Mother,daisy.millington@mail.com,5555557518,67018642
Dulce,,dover,Mother,dulce.dover@mail.com,5555555803,67018643
Juan,,benford,Father,juan.benford@mail.com,5555563908,67018644
Jennifer,,hatley,Mother,jennifer.hatley@mail.com,5555561055,67018645
Karla,,jordan,Mother,karla.jordan@mail.com,5555559743,67018646
Flor,,liu,Mother,flor.liu@mail.com,5555563682,67018647
Sheyla,,collins,Mother,sheyla.collins@mail.com,5555562678,67018648
Blanca,,stollings,Mother,blanca.stollings@mail.com,5555557427,67018649
Alicia,,lambert,Caregiver,alicia.lambert@mail.com,5555555941,67018650
Lucia,,baxter,Mother,lucia.baxter@mail.com,5555560399,67018651
Maria,,short,Mother,maria.short@mail.com,5555557537,67018652
Erika,,mullen,Mother,erika.mullen@mail.com,5555558157,67018653
Virginia,,snyder,Mother,virginia.snyder@mail.com,5555563904,67018654
Cynthia,,schroeder,Caregiver,cynthia.schroeder@mail.com,5555556013,67018655
Myriam,,duty,Mother,myriam.duty@mail.com,5555561459,67018656
Patricia,,featherstone,Mother,patricia.featherstone@mail.com,5555563573,67018657
Josefina,,stockwell,Mother,josefina.stockwell@mail.com,5555559528,67018658
Dora,,keyes,Mother,dora.keyes@mail.com,5555555951,67018659
Elvia Janette,,mckeown,Mother,elvia janette.mckeown@mail.com,5555559193,67018660
Perla,,loy,Mother,perla.loy@mail.com,5555556727,67018661
Cynthia,,quinlan,Mother,cynthia.quinlan@mail.com,5555557355,67018662
Margot,,rosenthal,Mother,margot.rosenthal@mail.com,5555558474,67018663
Denisse,,moye,Mother,denisse.moye@mail.com,5555557658,67018664
Maria,,cambell,Mother,maria.cambell@mail.com,5555561033,67018665
Alma,,craig,Caregiver,alma.craig@mail.com,5555559348,67018666
Juan,,callahan,Father,juan.callahan@mail.com,5555559571,67018667
Lourdes,,yan,Mother,lourdes.yan@mail.com,5555560285,67018668
Alma,,kendrick,Mother,alma.kendrick@mail.com,5555557144,67018669
Stephanie,,olds,Caregiver,stephanie.olds@mail.com,5555562833,67018670
Lupe,,webster,Mother,lupe.webster@mail.com,5555560453,67018671
Mayra,,sylvia,Mother,mayra.sylvia@mail.com,5555560981,67018672
Jovanna,,terrell,Mother,jovanna.terrell@mail.com,5555560361,67018673
Jovanna,,stearns,Mother,jovanna.stearns@mail.com,5555560362,67018674
Kelly,,farris,Mother,kelly.farris@mail.com,5555555653,67018675
Aida,,colunga,Mother,aida.colunga@mail.com,5555555773,67018676
Nancy,,kyles,Mother,nancy.kyles@mail.com,5555561487,67018677
Elena,,gwin,Mother,elena.gwin@mail.com,5555563801,67018678
Sarah,,mciver,Mother,sarah.mciver@mail.com,5555562810,67018679
Brenda,,starling,Mother,brenda.starling@mail.com,5555556794,67018680
Alma,,falk,Caregiver,alma.falk@mail.com,5555556475,67018681
Victoria,,holliday,Mother,victoria.holliday@mail.com,5555557197,67018682
Alma,,simons,Mother,alma.simons@mail.com,5555555989,67018683
Johana,,backman,Mother,johana.backman@mail.com,5555561172,67018684
Maria,,tincher,Mother,maria.tincher@mail.com,5555556204,67018685
Rosa,,thorpe,Caregiver,rosa.thorpe@mail.com,5555559185,67018686
Gabriela,,leon,Mother,gabriela.leon@mail.com,5555558497,67018687
Adrian,,messer,Caregiver,adrian.messer@mail.com,5555559554,67018688
Nora,,boozer,Mother,nora.boozer@mail.com,5555555561,67018689
Jose Maria,,mobley,Uncle,jose maria.mobley@mail.com,5555557874,67018690
Raymundo,,parker,Father,raymundo.parker@mail.com,5555562136,67018691
Ivonne,,williford,Mother,ivonne.williford@mail.com,5555557783,67018692
Quikcia Yuridia,,marchant,Mother,quikcia yuridia.marchant@mail.com,5555563466,67018693
Elizabeth,,koski,Caregiver,elizabeth.koski@mail.com,5555563958,67018694
Ana,,carraway,Caregiver,ana.carraway@mail.com,5555556303,67018695
Karina,,romans,Mother,karina.romans@mail.com,5555563141,67018696
Karla,,clapp,Mother,karla.clapp@mail.com,5555557459,67018697
LORENA,,gulledge,Mother,lorena.gulledge@mail.com,5555560343,67018698
Rosaura,,leflore,Aunt,rosaura.leflore@mail.com,5555562354,67018699
Rosa,,tarver,Mother,rosa.tarver@mail.com,5555559184,67018700
Rosalinda,,back,Father,rosalinda.back@mail.com,5555556419,67018701
Marvin Jesus,,hensley,Caregiver,marvin jesus.hensley@mail.com,5555559346,67018702
Evelyn,,pak,Mother,evelyn.pak@mail.com,5555563429,67018703
Carolina,,charron,Mother,carolina.charron@mail.com,5555557373,67018704
Nadia,,lusk,Mother,nadia.lusk@mail.com,5555561479,67018705
Antonio,,conley,Father,antonio.conley@mail.com,5555563897,67018706
Dea,,masse,Mother,dea.masse@mail.com,5555557632,67018707
Felicitas,,reedy,Mother,felicitas.reedy@mail.com,5555558346,67018708
Maura JIssel,,cha,Mother,maura jissel.cha@mail.com,5555560957,67018709
Miguel Angel,,brawner,Father,miguel angel.brawner@mail.com,5555556707,67018710
Maria,,pitts,Mother,maria.pitts@mail.com,5555560697,67018711
Luis,,silva,Father,luis.silva@mail.com,5555562918,67018712
Karla Lizeth,,turner,Mother,karla lizeth.turner@mail.com,5555559735,67018713
Karen,,dugas,Mother,karen.dugas@mail.com,5555559663,67018714
Francisco,,whorton,Caregiver,francisco.whorton@mail.com,5555558425,67018715
Karla Cristina,,kidwell,Mother,karla cristina.kidwell@mail.com,5555559751,67018716
Airam,,fitzsimmons,Mother,airam.fitzsimmons@mail.com,5555560572,67018717
Diana,,stull,Mother,diana.stull@mail.com,5555557739,67018718
Liliana,,worrell,Mother,liliana.worrell@mail.com,5555560165,67018719
Liliana,,hudgins,Mother,liliana.hudgins@mail.com,5555560166,67018720
Ramona,,locklear,Mother,ramona.locklear@mail.com,5555557950,67018721
Maria,,gribble,Mother,maria.gribble@mail.com,5555558288,67018722
Rebeca,,duran,Mother,rebeca.duran@mail.com,5555558835,67018723
Arleyn,,scheer,Caregiver,arleyn.scheer@mail.com,5555556398,67018724
Araceli,,lombardi,Mother,araceli.lombardi@mail.com,5555556325,67018725
Gilberto,,bowling,Father,gilberto.bowling@mail.com,5555556659,67018726
Martha,,levin,Mother,martha.levin@mail.com,5555561451,67018727
Celia,,coons,Mother,celia.coons@mail.com,5555557351,67018728
Arturo,,walton,Father,arturo.walton@mail.com,5555562084,67018729
Paulina,,ashburn,Mother,paulina.ashburn@mail.com,5555561889,67018730
Ida,,burson,Mother,ida.burson@mail.com,5555558920,67018731
Yuridia,,metts,Mother,yuridia.metts@mail.com,5555563603,67018732
Karina,,ralston,Mother,karina.ralston@mail.com,5555563575,67018733
Maria Consuelo,,brockman,Mother,maria consuelo.brockman@mail.com,5555561752,67018734
Lorena,,bouchard,Caregiver,lorena.bouchard@mail.com,5555560332,67018735
Magda,,lynn,Mother,magda.lynn@mail.com,5555563634,67018736
Cindy,,aleman,Mother,cindy.aleman@mail.com,5555558512,67018737
Monica,,villalobos,Mother,monica.villalobos@mail.com,5555559974,67018738
Teresa,,morrison,Mother,teresa.morrison@mail.com,5555556638,67018739
Virginia,,marin,Multiple Parents/Guardians/Caretakers,virginia.marin@mail.com,5555557541,67018740
Christian,,aviles,Father,christian.aviles@mail.com,5555557132,67018741
Dayanna,,hazlett,Caregiver,dayanna.hazlett@mail.com,5555563917,67018742
Dallyana,,helms,Mother,dallyana.helms@mail.com,5555557533,67018743
Darla Genesis,,alicea,Mother,darla genesis.alicea@mail.com,5555558555,67018744
Ana,,gabriel,Mother,ana.gabriel@mail.com,5555562365,67018745
Alejandro,,rodriques,Father,alejandro.rodriques@mail.com,5555555739,67018746
Salvaror,,kowalczyk,Father,salvaror.kowalczyk@mail.com,5555562500,67018747
Francisco,,guenther,Father,francisco.guenther@mail.com,5555563697,67018748
Cristina,,maguire,Mother,cristina.maguire@mail.com,5555562212,67018749
Gloria,,noyes,Mother,gloria.noyes@mail.com,5555558661,67018750
Martha Ejko,,herr,Grandmother,martha ejko.herr@mail.com,5555558449,67018751
Heidy,,collard,Caregiver,heidy.collard@mail.com,5555555779,67018752
Maria,,wolff,Mother,maria.wolff@mail.com,5555561826,67018753
Kevin,,mackenzie,Father,kevin.mackenzie@mail.com,5555561860,67018754
Raquel,,martens,Mother,raquel.martens@mail.com,5555562238,67018755
Iveth,,kilpatrick,Mother,iveth.kilpatrick@mail.com,5555563743,67018756
Moyna,,alden,Mother,moyna.alden@mail.com,5555563442,67018757
Rosalinda,,mcbroom,Mother,rosalinda.mcbroom@mail.com,5555560196,67018758
Jesus,,woody,Father,jesus.woody@mail.com,5555562685,67018759
Michelle,,beller,Mother,michelle.beller@mail.com,5555561218,67018760
Lesly,,ferguson,Caregiver,lesly.ferguson@mail.com,5555560073,67018761
Melba,,daugherty,Mother,melba.daugherty@mail.com,5555561056,67018762
Virginia,,hasson,Caregiver,virginia.hasson@mail.com,5555563269,67018763
Gloria,,plank,Caregiver,gloria.plank@mail.com,5555558787,67018764
Astrid,,andrew,Mother,astrid.andrew@mail.com,5555556480,67018765
Vianey,,frizzell,Mother,vianey.frizzell@mail.com,5555563348,67018766
Eva,,edison,Mother,eva.edison@mail.com,5555563675,67018767
Claudia,,truesdale,Mother,claudia.truesdale@mail.com,5555557336,67018768
Gabriela,,craven,Mother,gabriela.craven@mail.com,5555556061,67018769
Araceli,,ericson,Mother,araceli.ericson@mail.com,5555556331,67018770
Veronica,,runyan,Mother,veronica.runyan@mail.com,5555563245,67018771
Gabriela,,haug,Mother,gabriela.haug@mail.com,5555558470,67018772
Christina,,aguilar,Mother,christina.aguilar@mail.com,5555557218,67018773
Gisela,,deakin,Mother,gisela.deakin@mail.com,5555558622,67018774
Dana,,lewin,Mother,dana.lewin@mail.com,5555563869,67018775
Gabriella,,graff,Mother,gabriella.graff@mail.com,5555558484,67018776
Wendy,,pettigrew,Mother,wendy.pettigrew@mail.com,5555557856,67018777
Melissa,,dangelo,Mother,melissa.dangelo@mail.com,5555561274,67018778
Sasha,,herrington,Mother,sasha.herrington@mail.com,5555562610,67018779
Nitzia,,workman,Mother,nitzia.workman@mail.com,5555561648,67018780
Maria,,runyan,Caregiver,maria.runyan@mail.com,5555556622,67018781
Nancy,,kremer,Mother,nancy.kremer@mail.com,5555561505,67018782
Silvia,,brooks,Aunt,silvia.brooks@mail.com,5555562243,67018783
Monica,,streeter,Mother,monica.streeter@mail.com,5555561325,67018784
Wesly,,koehler,Mother,wesly.koehler@mail.com,5555560646,67018785
Leticia,,qualls,Mother,leticia.qualls@mail.com,5555560099,67018786
Lourdes,,rushing,Caregiver,lourdes.rushing@mail.com,5555560435,67018787
Maria,,low,Mother,maria.low@mail.com,5555561387,67018788
Maria,,franks,Mother,maria.franks@mail.com,5555559948,67018789
Sotero,,heron,Father,sotero.heron@mail.com,5555562802,67018790
Diana,,breunig,Mother,diana.breunig@mail.com,5555557712,67018791
Gabriela,,coy,Mother,gabriela.coy@mail.com,5555558491,67018792
Araceli,,mcnally,Mother,araceli.mcnally@mail.com,5555556334,67018793
Celina,,hockenberry,Mother,celina.hockenberry@mail.com,5555557467,67018794
Karla,,broadway,Mother,karla.broadway@mail.com,5555563039,67018795
Beatriz,,bourassa,Mother,beatriz.bourassa@mail.com,5555556588,67018796
Karla,,toliver,Mother,karla.toliver@mail.com,5555563321,67018797
Maritza,,judy,Mother,maritza.judy@mail.com,5555560854,67018798
Cossett,,cover,Mother,cossett.cover@mail.com,5555558295,67018799
Jacqueline,,champion,Mother,jacqueline.champion@mail.com,5555557440,67018800
Perla,,giroux,Mother,perla.giroux@mail.com,5555561922,67018801
Jose,,towner,Father,jose.towner@mail.com,5555559472,67018802
Lorena,,reynolds,Mother,lorena.reynolds@mail.com,5555556704,67018803
Susana,,gilpin,Mother,susana.gilpin@mail.com,5555562891,67018804
Elva,,bagwell,Mother,elva.bagwell@mail.com,5555557503,67018805
Monica,,barratt,Mother,monica.barratt@mail.com,5555561273,67018806
Maria,,revell,Mother,maria.revell@mail.com,5555561918,67018807
Alejandra,,whorton,Mother,alejandra.whorton@mail.com,5555556011,67018808
Jeci,,hartford,Mother,jeci.hartford@mail.com,5555556459,67018809
Monica,,bertram,Mother,monica.bertram@mail.com,5555561299,67018810
Claudia,,fry,Mother,claudia.fry@mail.com,5555557159,67018811
Mirsha,,banks,Mother,mirsha.banks@mail.com,5555561237,67018812
Elizabeth,,peres,Mother,elizabeth.peres@mail.com,5555560369,67018813
Rogelio,,hardison,Family Member,rogelio.hardison@mail.com,5555563843,67018814
Diana,,ludwick,Mother,diana.ludwick@mail.com,5555557740,67018815
Gilda,,libby,Mother,gilda.libby@mail.com,5555558597,67018816
Susie,,mandel,Mother,susie.mandel@mail.com,5555562884,67018817
Luis,,ruvalcaba,Family Member,luis.ruvalcaba@mail.com,5555563883,67018818
Yadira,,mccready,Mother,yadira.mccready@mail.com,5555563417,67018819
Mayra,,hartmann,Mother,mayra.hartmann@mail.com,5555561010,67018820
Yadira,,costello,Mother,yadira.costello@mail.com,5555561173,67018821
Kimberly,,aubin,Mother,kimberly.aubin@mail.com,5555559871,67018822
Irene,,holly,Mother,irene.holly@mail.com,5555558967,67018823
Claudia,,hendricks,Mother,claudia.hendricks@mail.com,5555557292,67018824
Elisa,,stuckey,Mother,elisa.stuckey@mail.com,5555557990,67018825
Claudia,,cormier,Mother,claudia.cormier@mail.com,5555563722,67018826
Clarissa,,mcgough,Mother,clarissa.mcgough@mail.com,5555557048,67018827
Melissa,,bailey,Mother,melissa.bailey@mail.com,5555561272,67018828
Maria del Carmen,,knisley,Mother,maria del carmen.knisley@mail.com,5555563102,67018829
Elvira,,valentine,Mother,elvira.valentine@mail.com,5555557933,67018830
Valery,,trout,Mother,valery.trout@mail.com,5555562429,67018831
Ashley,,zook,Mother,ashley.zook@mail.com,5555556454,67018832
Maria,,gould,Mother,maria.gould@mail.com,5555560763,67018833
Yasibe,,keel,Mother,yasibe.keel@mail.com,5555563460,67018834
Ofelia,,riojas,Mother,ofelia.riojas@mail.com,5555557379,67018835
Diana,,bevins,Mother,diana.bevins@mail.com,5555562958,67018836
Susana,,dunton,Mother,susana.dunton@mail.com,5555562491,67018837
Elizabeth,,drew,Mother,elizabeth.drew@mail.com,5555558817,67018838
Jennifer,,swenson,Mother,jennifer.swenson@mail.com,5555559293,67018839
Maria,,farber,Mother,maria.farber@mail.com,5555563642,67018840
Adriana,,stansbury,Mother,adriana.stansbury@mail.com,5555555686,67018841
Mayra,,dillon,Mother,mayra.dillon@mail.com,5555560987,67018842
Joana,,grigg,Mother,joana.grigg@mail.com,5555559410,67018843
Martha,,gerhardt,Mother,martha.gerhardt@mail.com,5555560893,67018844
Margarita,,schumann,Court Appointed Guardian,margarita.schumann@mail.com,5555560591,67018845
Kleeira,,hackler,Mother,kleeira.hackler@mail.com,5555559889,67018846
Maira,,whited,Mother,maira.whited@mail.com,5555556258,67018847
Maria,,braden,Mother,maria.braden@mail.com,5555563691,67018848
Fabian,,hutcheson,Father,fabian.hutcheson@mail.com,5555558286,67018849
Laura,,faust,Mother,laura.faust@mail.com,5555562217,67018850
Maricela,,windham,Mother,maricela.windham@mail.com,5555560791,67018851
Elizabeth,,leo,Mother,elizabeth.leo@mail.com,5555558881,67018852
Felicitas,,poulos,Mother,felicitas.poulos@mail.com,5555561970,67018853
Maritza,,bolton,Mother,maritza.bolton@mail.com,5555556004,67018854
Yvette,,doucet,Mother,yvette.doucet@mail.com,5555563613,67018855
Carla,,kellar,Mother,carla.kellar@mail.com,5555556948,67018856
Carolina,,forte,Mother,carolina.forte@mail.com,5555561708,67018857
Maria,,lecompte,Mother,maria.lecompte@mail.com,5555559804,67018858
Liliana,,molnar,Mother,liliana.molnar@mail.com,5555559964,67018859
Melissa,,brandon,Mother,melissa.brandon@mail.com,5555561189,67018860
Raquel,,lazar,Mother,raquel.lazar@mail.com,5555562086,67018861
Erika,,reilly,Mother,erika.reilly@mail.com,5555558146,67018862
Natalia,,evans,Mother,natalia.evans@mail.com,5555561533,67018863
Astrid,,erwin,Mother,astrid.erwin@mail.com,5555556482,67018864
Astrid,,cantwell,Mother,astrid.cantwell@mail.com,5555556481,67018865
Maria de Jesus,,chalmers,Mother,maria de jesus.chalmers@mail.com,5555561161,67018866
Dania,,pauley,Mother,dania.pauley@mail.com,5555561398,67018867
Gladys,,valenti,Mother,gladys.valenti@mail.com,5555558646,67018868
Diana,,lamb,Mother,diana.lamb@mail.com,5555557758,67018869
Marlene,,hyder,Mother,marlene.hyder@mail.com,5555560867,67018870
Gabriela,,vanpelt,Mother,gabriela.vanpelt@mail.com,5555558458,67018871
Belen,,lejeune,Mother,belen.lejeune@mail.com,5555556840,67018872
Lucy,,patch,Mother,lucy.patch@mail.com,5555560396,67018873
Mireya,,may,Mother,mireya.may@mail.com,5555556856,67018875
Belen,,kirby,Mother,belen.kirby@mail.com,5555556611,67018876
Phyllis,,howland,Mother,phyllis.howland@mail.com,5555562053,67018877
Evangelina,,mead,Mother,evangelina.mead@mail.com,5555561133,67018878
Joazabed,,neely,Mother,joazabed.neely@mail.com,5555559428,67018879
Joazabed,,freund,Mother,joazabed.freund@mail.com,5555559429,67018880
Abril,,cash,Mother,abril.cash@mail.com,5555555619,67018881
Dennise,,brito,Mother,dennise.brito@mail.com,5555557687,67018882
Maria,,dixson,Mother,maria.dixson@mail.com,5555561032,67018883
Gabriela,,boehm,Mother,gabriela.boehm@mail.com,5555558679,67018884
Sally,,vigil,Mother,sally.vigil@mail.com,5555562497,67018885
Brenda,,gwin,Mother,brenda.gwin@mail.com,5555558596,67018886
Nora,,rager,Mother,nora.rager@mail.com,5555561672,67018887
Denise,,rico,Mother,denise.rico@mail.com,5555558798,67018888
Lizbeth,,nazir,Mother,lizbeth.nazir@mail.com,5555563298,67018889
Julieta,,henriquez,Mother,julieta.henriquez@mail.com,5555559645,67018890
Yolanda,,hickman,Mother,yolanda.hickman@mail.com,5555563559,67018891
Jaqueline,,cardoza,Mother,jaqueline.cardoza@mail.com,5555559128,67018892
Claudia,,harter,Mother,claudia.harter@mail.com,5555557313,67018893
Frank,,hiles,Father,frank.hiles@mail.com,5555558430,67018894
Lorena,,montenegro,Mother,lorena.montenegro@mail.com,5555558090,67018895
Michelle,,fordham,Mother,michelle.fordham@mail.com,5555561186,67018896
Raylene,,crabtree,Mother,raylene.crabtree@mail.com,5555563043,67018897
Claudia,,hager,Mother,claudia.hager@mail.com,5555563097,67018898
Wendy,,tennant,Mother,wendy.tennant@mail.com,5555563363,67018899
Sonia,,jamison,Mother,sonia.jamison@mail.com,5555562773,67018900
Zaida,,ginn,Mother,zaida.ginn@mail.com,5555563624,67018901
Cecilia,,stalnaker,Mother,cecilia.stalnaker@mail.com,5555562614,67018902
Maria,,riggs,Mother,maria.riggs@mail.com,5555556413,67018903
Leticia,,mcdonough,Mother,leticia.mcdonough@mail.com,5555558382,67018904
Kenia,,buffington,Mother,kenia.buffington@mail.com,5555559831,67018905
Yadira,,natale,Mother,yadira.natale@mail.com,5555563618,67018906
Edna,,stegall,Mother,edna.stegall@mail.com,5555558071,67018907
Aurora,,culbreth,Mother,aurora.culbreth@mail.com,5555556489,67018908
Carolina,,vick,Mother,carolina.vick@mail.com,5555556990,67018909
Leticia,,stanton,Mother,leticia.stanton@mail.com,5555558917,67018910
Rosa,,mcclean,Mother,rosa.mcclean@mail.com,5555562318,67018911
Beatriz,,hendrick,Mother,beatriz.hendrick@mail.com,5555556855,67018912
Cynthia,,jinks,Mother,cynthia.jinks@mail.com,5555560886,67018913
Sagrario,,mahan,Mother,sagrario.mahan@mail.com,5555562480,67018914
Ricardo,,wadsworth,Father,ricardo.wadsworth@mail.com,5555561891,67018915
Brenda,,neill,Mother,brenda.neill@mail.com,5555562094,67018916
Catilia,,boyle,Mother,catilia.boyle@mail.com,5555559784,67018917
Maria,,valdivia,Mother,maria.valdivia@mail.com,5555556595,67018918
Jasmin,,winstead,Mother,jasmin.winstead@mail.com,5555559214,67018919
Joseph,,rand,Father,joseph.rand@mail.com,5555560502,67018920
Dalel,,dilley,Mother,dalel.dilley@mail.com,5555561702,67018921
Araceli,,almanza,Mother,araceli.almanza@mail.com,5555556324,67018922
Kimberly,,waggoner,Mother,kimberly.waggoner@mail.com,5555559872,67018923
Jennifer,,arias,Mother,jennifer.arias@mail.com,5555559565,67018924
Claudia,,fortin,Mother,claudia.fortin@mail.com,5555562446,67018925
Michelle,,boyle,Mother,michelle.boyle@mail.com,5555562322,67018926
Sandra,,arnold,Mother,sandra.arnold@mail.com,5555560068,67018927
Eryka,,ginsberg,Mother,eryka.ginsberg@mail.com,5555558170,67018928
Eryka,,daniels,Mother,eryka.daniels@mail.com,5555558171,67018929
Maria del Carmen,,sheffield,Mother,maria del carmen.sheffield@mail.com,5555556974,67018930
Lorena,,moncrief,Mother,lorena.moncrief@mail.com,5555558800,67018931
Betsabel,,truitt,Mother,betsabel.truitt@mail.com,5555556674,67018932
Griselda,,ready,Mother,griselda.ready@mail.com,5555558730,67018933
Jose,,rickard,Father,jose.rickard@mail.com,5555559499,67018934
Rocio,,benefield,Mother,rocio.benefield@mail.com,5555558545,67018935
Paola,,lowell,Mother,paola.lowell@mail.com,5555561851,67018936
Monica,,escalante,Mother,monica.escalante@mail.com,5555560649,67018937
Luisa,,mckenney,Grandmother,luisa.mckenney@mail.com,5555561968,67018938
Mireya,,nolasco,Mother,mireya.nolasco@mail.com,5555563529,67018939
Magdalena,,mcbroom,Mother,magdalena.mcbroom@mail.com,5555555910,67018940
Samantha,,cardinal,Mother,samantha.cardinal@mail.com,5555562508,67018941
Priscilla,,wing,Mother,priscilla.wing@mail.com,5555562037,67018942
Elva,,mashburn,Mother,elva.mashburn@mail.com,5555555934,67018943
Heidi,,brooks,Mother,heidi.brooks@mail.com,5555558812,67018944
Veronica,,pugh,Mother,veronica.pugh@mail.com,5555563220,67018945
Laura,,radcliff,Mother,laura.radcliff@mail.com,5555560307,67018946
Leticia,,pippin,Mother,leticia.pippin@mail.com,5555556569,67018947
Melisa,,bristol,Mother,melisa.bristol@mail.com,5555561061,67018948
Clarissa,,munroe,Mother,clarissa.munroe@mail.com,5555557449,67018949
Vanessa,,jarrell,Mother,vanessa.jarrell@mail.com,5555562199,67018950
Ruth,,prendergast,Mother,ruth.prendergast@mail.com,5555557918,67018951
Alicia,,shell,Mother,alicia.shell@mail.com,5555557655,67018952
Viviana,,keeley,Mother,viviana.keeley@mail.com,5555563081,67018953
Olivia,,minnick,Mother,olivia.minnick@mail.com,5555558044,67018954
Imelda,,bilodeau,Mother,imelda.bilodeau@mail.com,5555559023,67018955
Cindy,,thorn,Mother,cindy.thorn@mail.com,5555557018,67018956
April,,pollock,Mother,april.pollock@mail.com,5555556322,67018957
John,,mapp,Father,john.mapp@mail.com,5555559469,67018958
Ana,,garland,Court Appointed Guardian,ana.garland@mail.com,5555560179,67018959
Jahir,,schock,Father,jahir.schock@mail.com,5555555918,67018960
John,,mckeever,Father,john.mckeever@mail.com,5555559468,67018961
Claudia,,gregg,Mother,claudia.gregg@mail.com,5555557294,67018962
Francisca,,witte,Mother,francisca.witte@mail.com,5555560458,67018963
Maria Esther,,dana,Mother,maria esther.dana@mail.com,5555558226,67018964
Lourdes,,sammons,Mother,lourdes.sammons@mail.com,5555560443,67018965
Marissa,,leahy,Mother,marissa.leahy@mail.com,5555563829,67018966
Ana,,pipkin,Mother,ana.pipkin@mail.com,5555557050,67018967
Angela,,gatewood,Mother,angela.gatewood@mail.com,5555555852,67018968
Yesida,,batista,Mother,yesida.batista@mail.com,5555563510,67018969
Annaly,,cody,Mother,annaly.cody@mail.com,5555556283,67018970
Janete,,shoulders,Mother,janete.shoulders@mail.com,5555559170,67018971
Clara,,hartnett,Mother,clara.hartnett@mail.com,5555560675,67018972
Alicia,,mcauley,Mother,alicia.mcauley@mail.com,5555555948,67018973
Deana,,searcy,Mother,deana.searcy@mail.com,5555557796,67018974
María,,jorge,Caregiver,maría.jorge@mail.com,5555559392,67018975
Claudia,,maldonado,Mother,claudia.maldonado@mail.com,5555555886,67018976
Liliana,,hubbell,Mother,liliana.hubbell@mail.com,5555560189,67018977
Francisco,,mcgregor,Father,francisco.mcgregor@mail.com,5555558404,67018978
Sonia,,kelleher,Mother,sonia.kelleher@mail.com,5555562777,67018979
Alicia,,pasquale,Mother,alicia.pasquale@mail.com,5555556023,67018980
Montserrat,,higa,Mother,montserrat.higa@mail.com,5555561355,67018981
Ana,,scheffler,Mother,ana.scheffler@mail.com,5555556102,67018982
Cinthia,,arteaga,Mother,cinthia.arteaga@mail.com,5555557256,67018983
Cindy,,buehler,Mother,cindy.buehler@mail.com,5555557471,67018984
Michelle,,galvez,Mother,michelle.galvez@mail.com,5555561262,67018985
Maleni,,lovato,Mother,maleni.lovato@mail.com,5555560611,67018986
Bertha,,mcmanus,Mother,bertha.mcmanus@mail.com,5555556997,67018987
Jorge,,pullen,Father,jorge.pullen@mail.com,5555562067,67018988
Erika,,higgs,Mother,erika.higgs@mail.com,5555558128,67018989
Jennifer,,voorhees,Mother,jennifer.voorhees@mail.com,5555559270,67018990
Karla,,oquinn,Mother,karla.oquinn@mail.com,5555556729,67018991
Yadira,,foy,Mother,yadira.foy@mail.com,5555563407,67018992
Dania,,armenta,Mother,dania.armenta@mail.com,5555557600,67018993
Milene,,kay,Mother,milene.kay@mail.com,5555561208,67018994
Leticia,,rideout,Mother,leticia.rideout@mail.com,5555560128,67018995
Joanna,,pitre,Mother,joanna.pitre@mail.com,5555559416,67018996
Dayamara,,scruggs,Mother,dayamara.scruggs@mail.com,5555557618,67018997
Roxana,,oaks,Mother,roxana.oaks@mail.com,5555562005,67018998
Belem,,philips,Mother,belem.philips@mail.com,5555556607,67018999
Elsy,,kerns,Mother,elsy.kerns@mail.com,5555558040,67019000
Yolanda,,hogg,Mother,yolanda.hogg@mail.com,5555563574,67019001
Patricia,,haley,Mother,patricia.haley@mail.com,5555561877,67019002
Maria,,eagle,Mother,maria.eagle@mail.com,5555559003,67019003
Claudia,,thayer,Mother,claudia.thayer@mail.com,5555563295,67019004
Danira,,fullerton,Mother,danira.fullerton@mail.com,5555557578,67019005
Esther,,scanlan,Mother,esther.scanlan@mail.com,5555557930,67019006
Victor,,sheppard,Father,victor.sheppard@mail.com,5555563282,67019007
Alma,,cureton,Mother,alma.cureton@mail.com,5555563302,67019008
Joana,,robinson,Mother,joana.robinson@mail.com,5555559415,67019009
Jennifer,,lewis,Mother,jennifer.lewis@mail.com,5555561435,67019010
Veronica,,mcglothlin,Mother,veronica.mcglothlin@mail.com,5555563212,67019011
Rita,,ocampo,Mother,rita.ocampo@mail.com,5555562211,67019012
Maricruz,,leavitt,Mother,maricruz.leavitt@mail.com,5555561155,67019013
Claudia,,birchfield,Mother,claudia.birchfield@mail.com,5555557318,67019014
Ana,,pinckney,Court Appointed Guardian,ana.pinckney@mail.com,5555560178,67019015
Adria,,correll,Mother,adria.correll@mail.com,5555555707,67019016
Elizabeth,,schuler,Mother,elizabeth.schuler@mail.com,5555558058,67019017
Azucena,,giglio,Mother,azucena.giglio@mail.com,5555556530,67019018
Arlette,,sosa,Mother,arlette.sosa@mail.com,5555556397,67019019
Cindy,,steger,Mother,cindy.steger@mail.com,5555557244,67019020
Ana,,champagne,Mother,ana.champagne@mail.com,5555556093,67019021
Delfina,,lorenzo,Mother,delfina.lorenzo@mail.com,5555557641,67019022
Andrew,,dement,Father,andrew.dement@mail.com,5555556316,67019023
Jose,,clifford,Father,jose.clifford@mail.com,5555559493,67019024
Alma,,croft,Mother,alma.croft@mail.com,5555561810,67019025
Angelica,,jeffcoat,Mother,angelica.jeffcoat@mail.com,5555556208,67019026
Virginia,,salyers,Mother,virginia.salyers@mail.com,5555555809,67019027
Rosa,,kinnard,Mother,rosa.kinnard@mail.com,5555561295,67019028
Francina,,presnell,Mother,francina.presnell@mail.com,5555558422,67019029
Karla,,walk,Mother,karla.walk@mail.com,5555563065,67019030
Lizbeth,,slagle,Mother,lizbeth.slagle@mail.com,5555560240,67019031
Maria,,sparrow,Mother,maria.sparrow@mail.com,5555563526,67019032
Susana,,farnham,Mother,susana.farnham@mail.com,5555562875,67019033
Ana Lilia,,harrington,Mother,ana lilia.harrington@mail.com,5555561195,67019034
Tania,,gerard,Mother,tania.gerard@mail.com,5555562939,67019035
Maria,,mendiola,Mother,maria.mendiola@mail.com,5555559983,67019036
Leticia,,richburg,Mother,leticia.richburg@mail.com,5555560109,67019037
Sylvana,,maguire,Mother,sylvana.maguire@mail.com,5555562908,67019038
Daniela,,noriega,Mother,daniela.noriega@mail.com,5555557595,67019039
Claudia,,rice,Mother,claudia.rice@mail.com,5555563899,67019040
Gabriela,,bickford,Mother,gabriela.bickford@mail.com,5555558498,67019041
Zobeida,,mccormick,Mother,zobeida.mccormick@mail.com,5555563656,67019042
Miriam,,card,Mother,miriam.card@mail.com,5555559207,67019043
Sandra,,leboeuf,Mother,sandra.leboeuf@mail.com,5555556917,67019044
Paula,,luster,Mother,paula.luster@mail.com,5555561977,67019045
Paola,,toner,Mother,paola.toner@mail.com,5555561845,67019046
Teresa,,morrissette,Mother,teresa.morrissette@mail.com,5555562988,67019047
Daisy,,whittemore,Mother,daisy.whittemore@mail.com,5555557535,67019049
Armida,,lafountain,Mother,armida.lafountain@mail.com,5555560180,67019050
Mariana,,comstock,Mother,mariana.comstock@mail.com,5555556618,67019051
Jessica,,rousseau,Mother,jessica.rousseau@mail.com,5555559320,67019052
Alba,,ottinger,Mother,alba.ottinger@mail.com,5555561180,67019053
Jennie,,pirtle,Mother,jennie.pirtle@mail.com,5555559302,67019054
Orlando,,muth,Father,orlando.muth@mail.com,5555563649,67019055
Michelle,,kohn,Mother,michelle.kohn@mail.com,5555561182,67019056
Veronica,,pham,Mother,veronica.pham@mail.com,5555563234,67019057
Eneyda,,bounds,Mother,eneyda.bounds@mail.com,5555558092,67019058
Maria,,shrader,Mother,maria.shrader@mail.com,5555559476,67019059
Yadira,,ayers,Foster Mother,yadira.ayers@mail.com,5555563619,67019060
Angelica,,sadler,Mother,angelica.sadler@mail.com,5555557207,67019061
Norma,,arruda,Mother,norma.arruda@mail.com,5555561681,67019062
Fausto,,piazza,Father,fausto.piazza@mail.com,5555561913,67019063
Pedro,,dewey,Father,pedro.dewey@mail.com,5555561897,67019064
Alicia,,swearingen,Mother,alicia.swearingen@mail.com,5555555943,67019065
Arely,,lundberg,Mother,arely.lundberg@mail.com,5555556367,67019066
Magdalena,,morrissette,Mother,magdalena.morrissette@mail.com,5555555684,67019067
Rosahendy,,phillip,Mother,rosahendy.phillip@mail.com,5555557173,67019068
Jabel,,gifford,Mother,jabel.gifford@mail.com,5555559120,67019069
Brenda,,norvell,Mother,brenda.norvell@mail.com,5555556793,67019070
Maria,,ullah,Mother,maria.ullah@mail.com,5555557429,67019071
Adriana,,curtin,Mother,adriana.curtin@mail.com,5555555687,67019072
Rosa,,forrest,Mother,rosa.forrest@mail.com,5555557705,67019073
Cecilia,,lim,Mother,cecilia.lim@mail.com,5555557069,67019074
Anahi,,cota,Mother,anahi.cota@mail.com,5555555952,67019075
Zuleeimy,,cribbs,Mother,zuleeimy.cribbs@mail.com,5555558572,67019076
Dulce,,lyman,Mother,dulce.lyman@mail.com,5555557864,67019077
Melissa,,coombes,Mother,melissa.coombes@mail.com,5555563096,67019078
Brenda,,delapaz,Mother,brenda.delapaz@mail.com,5555556765,67019079
Humberto,,oquinn,Father,humberto.oquinn@mail.com,5555558884,67019080
Norma,,duvall,Mother,norma.duvall@mail.com,5555556508,67019081
Ylenia,,madrigal,Mother,ylenia.madrigal@mail.com,5555559374,67019082
Laura,,mcnulty,Mother,laura.mcnulty@mail.com,5555560016,67019083
Vanessa,,figueroa,Mother,vanessa.figueroa@mail.com,5555563148,67019084
Yolanda,,bone,Caregiver,yolanda.bone@mail.com,5555563185,67019085
Leslie,,shin,Mother,leslie.shin@mail.com,5555560365,67019086
Alma,,overstreet,Mother,alma.overstreet@mail.com,5555561886,67019087
Viridiana,,alva,Mother,viridiana.alva@mail.com,5555563312,67019088
Zaira,,dow,Mother,zaira.dow@mail.com,5555556593,67019089
Jameli,,ogburn,Mother,jameli.ogburn@mail.com,5555562277,67019090
Lilia,,armstrong,Mother,lilia.armstrong@mail.com,5555560152,67019091
Ana,,bonham,Mother,ana.bonham@mail.com,5555556097,67019092
Maricruz,,domingo,Mother,maricruz.domingo@mail.com,5555560604,67019093
Jacqueline,,browne,Mother,jacqueline.browne@mail.com,5555563807,67019094
Georgina,,llamas,Mother,georgina.llamas@mail.com,5555559748,67019095
Ana,,latham,Mother,ana.latham@mail.com,5555556135,67019096
Sergio,,gilson,Father,sergio.gilson@mail.com,5555557005,67019097
Natalia,,potter,Mother,natalia.potter@mail.com,5555561537,67019098
Sabino,,hardee,Father,sabino.hardee@mail.com,5555562471,67019099
Silvya,,hipp,Mother,silvya.hipp@mail.com,5555556187,67019100
Christina,,brotherton,Mother,christina.brotherton@mail.com,5555559407,67019101
Adriana,,musick,Mother,adriana.musick@mail.com,5555556315,67019102
Gina,,mcavoy,Mother,gina.mcavoy@mail.com,5555558607,67019103
Denise,,luker,Mother,denise.luker@mail.com,5555557669,67019104
Alma,,seng,Mother,alma.seng@mail.com,5555561811,67019105
Angeles,,hammer,Mother,angeles.hammer@mail.com,5555561991,67019106
Jocelyn,,beardsley,Mother,jocelyn.beardsley@mail.com,5555559436,67019107
Ramona,,mayhew,Mother,ramona.mayhew@mail.com,5555562109,67019108
Araceli,,hoag,Mother,araceli.hoag@mail.com,5555559368,67019109
Francisca,,weese,Court Appointed Guardian,francisca.weese@mail.com,5555563819,67019110
Ernestina,,cade,Caregiver,ernestina.cade@mail.com,5555558162,67019111
Vanessa,,bourg,Mother,vanessa.bourg@mail.com,5555563133,67019112
Adriana,,ferrer,Mother,adriana.ferrer@mail.com,5555562287,67019113
Emmanuel,,purdy,Father,emmanuel.purdy@mail.com,5555558107,67019114
Dalel,,roop,Mother,dalel.roop@mail.com,5555557770,67019115
Magdalena,,tower,Mother,magdalena.tower@mail.com,5555563970,67019116
Noemi,,duplessis,Mother,noemi.duplessis@mail.com,5555558648,67019117
Diane,,hurdle,Mother,diane.hurdle@mail.com,5555557754,67019118
Jessica,,kendall,Mother,jessica.kendall@mail.com,5555562806,67019119
Manuel,,grimes,Father,manuel.grimes@mail.com,5555559057,67019120
Jesus Elizabeth,,bessette,Mother,jesus elizabeth.bessette@mail.com,5555557994,67019121
Adriana,,mcauley,Mother,adriana.mcauley@mail.com,5555555682,67019122
Martin,,coons,Father,martin.coons@mail.com,5555556543,67019123
Amelia,,fitzgerald,Mother,amelia.fitzgerald@mail.com,5555556047,67019124
Alejandra,,mulholland,Mother,alejandra.mulholland@mail.com,5555562465,67019125
Dalia,,kapp,Mother,dalia.kapp@mail.com,5555557628,67019126
Bertha,,troyer,Mother,bertha.troyer@mail.com,5555559865,67019127
Elvira,,harkness,Mother,elvira.harkness@mail.com,5555558921,67019128
Leticia,,southworth,Mother,leticia.southworth@mail.com,5555560148,67019129
Blanca,,reyna,Mother,blanca.reyna@mail.com,5555561111,67019130
Cristina,,vanpelt,Mother,cristina.vanpelt@mail.com,5555557423,67019131
Anabelle,,alves,Mother,anabelle.alves@mail.com,5555556412,67019132
Yanenci,,glasscock,Mother,yanenci.glasscock@mail.com,5555563439,67019133
Otilia,,almeida,Mother,otilia.almeida@mail.com,5555559042,67019134
Thalia,,milton,Mother,thalia.milton@mail.com,5555562997,67019135
Celia,,corcoran,Mother,celia.corcoran@mail.com,5555557095,67019136
Laura,,langham,Mother,laura.langham@mail.com,5555559992,67019137
Valerie,,dandrea,Caregiver,valerie.dandrea@mail.com,5555558111,67019138
Maria,,huang,Mother,maria.huang@mail.com,5555558247,67019139
Artemiza,,whitaker,Mother,artemiza.whitaker@mail.com,5555556420,67019140
Sonia,,goss,Mother,sonia.goss@mail.com,5555562765,67019141
Esmeralda,,macedo,Mother,esmeralda.macedo@mail.com,5555558203,67019142
Aryadne,,offutt,Mother,aryadne.offutt@mail.com,5555556435,67019143
Indira,,nation,Mother,indira.nation@mail.com,5555558949,67019144
Yisela,,baptiste,Mother,yisela.baptiste@mail.com,5555563535,67019145
Olga,,gayton,Mother,olga.gayton@mail.com,5555561726,67019146
Olga,,fierro,Mother,olga.fierro@mail.com,5555561725,67019147
Jeannine,,cuomo,Mother,jeannine.cuomo@mail.com,5555562862,67019148
Rosa,,kamara,Mother,rosa.kamara@mail.com,5555555925,67019149
Susana,,see,Mother,susana.see@mail.com,5555562890,67019150
Maria,,beery,Mother,maria.beery@mail.com,5555558429,67019151
Monica,,salgado,Mother,monica.salgado@mail.com,5555562003,67019152
Nelie,,phillip,Mother,nelie.phillip@mail.com,5555562979,67019153
Maria,,ashford,Mother,maria.ashford@mail.com,5555561776,67019154
Guadalupe,,westfall,Mother,guadalupe.westfall@mail.com,5555558758,67019155
Yajaira,,mahan,Mother,yajaira.mahan@mail.com,5555558397,67019156
Johanna,,camara,Mother,johanna.camara@mail.com,5555559107,67019157
Luz,,gary,Mother,luz.gary@mail.com,5555557952,67019158
Sarai,,cornejo,Mother,sarai.cornejo@mail.com,5555562594,67019159
Diego,,okeefe,Father,diego.okeefe@mail.com,5555562727,67019160
Samantha,,kingsley,Mother,samantha.kingsley@mail.com,5555562813,67019161
Vera,,najera,Mother,vera.najera@mail.com,5555562529,67019162
Nayeli,,pickett,Mother,nayeli.pickett@mail.com,5555561565,67019163
Lorena,,kennard,Mother,lorena.kennard@mail.com,5555560289,67019164
Maria,,cornelison,Mother,maria.cornelison@mail.com,5555558756,67019165
Laura,,ornelas,Mother,laura.ornelas@mail.com,5555556428,67019166
Ana,,waddle,Mother,ana.waddle@mail.com,5555558749,67019167
Adilene,,bickel,Mother,adilene.bickel@mail.com,5555555724,67019168
Rosangel,,lamont,Mother,rosangel.lamont@mail.com,5555562334,67019169
Judith,,bridges,Caregiver,judith.bridges@mail.com,5555558524,67019170
Maria,,waters,Caregiver,maria.waters@mail.com,5555560942,67019171
Marlene,,woodcock,Mother,marlene.woodcock@mail.com,5555560864,67019172
Priscilla,,basham,Mother,priscilla.basham@mail.com,5555558617,67019173
Alicia,,scalf,Mother,alicia.scalf@mail.com,5555555638,67019174
Maria,,balderas,Mother,maria.balderas@mail.com,5555562991,67019175
Maria,,harman,Mother,maria.harman@mail.com,5555562990,67019176
Cindia,,masters,Mother,cindia.masters@mail.com,5555557234,67019177
Christian,,simonson,Father,christian.simonson@mail.com,5555561742,67019178
Yanet,,cecil,Mother,yanet.cecil@mail.com,5555561397,67019179
Guadalupe,,tijerina,Mother,guadalupe.tijerina@mail.com,5555562052,67019180
Gissel,,chasse,Mother,gissel.chasse@mail.com,5555558629,67019181
Violeta,,shaver,Mother,violeta.shaver@mail.com,5555563299,67019182
Sabina,,briseno,Mother,sabina.briseno@mail.com,5555562470,67019183
Blanca,,darden,Mother,blanca.darden@mail.com,5555561203,67019184
Keila,,moralez,Mother,keila.moralez@mail.com,5555559813,67019185
Angelica,,spring,Mother,angelica.spring@mail.com,5555558505,67019186
Leticia,,grenier,Grandmother,leticia.grenier@mail.com,5555563920,67019187
Leslie,,swink,Mother,leslie.swink@mail.com,5555560077,67019188
Nadia,,perron,Mother,nadia.perron@mail.com,5555561478,67019189
Luz,,champion,Mother,luz.champion@mail.com,5555558186,67019190
Laura,,voorhees,Mother,laura.voorhees@mail.com,5555559997,67019191
Maria,,toth,Mother,maria.toth@mail.com,5555562284,67019192
Norma,,goodwin,Mother,norma.goodwin@mail.com,5555561684,67019193
Jeannette,,pine,Mother,jeannette.pine@mail.com,5555561220,67019194
Alexis,,jernigan,Caregiver,alexis.jernigan@mail.com,5555562658,67019195
Christian,,bianco,Mother,christian.bianco@mail.com,5555561809,67019196
Viridiana,,hong,Mother,viridiana.hong@mail.com,5555556185,67019197
Maria,,atkinson,Mother,maria.atkinson@mail.com,5555561045,67019198
Lazaro,,trejo,Father,lazaro.trejo@mail.com,5555557342,67019199
Janette,,crotty,Mother,janette.crotty@mail.com,5555561692,67019200
Mariana,,gilbertson,Mother,mariana.gilbertson@mail.com,5555561642,67019201
Aldo,,holliman,Father,aldo.holliman@mail.com,5555556059,67019202
Teresa,,orton,Mother,teresa.orton@mail.com,5555563469,67019203
Tanya,,arteaga,Mother,tanya.arteaga@mail.com,5555557806,67019204
Natividad,,prine,Grandmother,natividad.prine@mail.com,5555561554,67019205
Veronica,,burnett,Mother,veronica.burnett@mail.com,5555557911,67019206
Alfredo,,spiegel,Father,alfredo.spiegel@mail.com,5555563902,67019207
Jasel,,beers,Mother,jasel.beers@mail.com,5555559360,67019208
Ingrid,,pelletier,Mother,ingrid.pelletier@mail.com,5555558959,67019209
Bianca,,swann,Mother,bianca.swann@mail.com,5555556685,67019210
Nancy,,wild,Mother,nancy.wild@mail.com,5555561512,67019211
Maria,,stjohn,Grandmother,maria.stjohn@mail.com,5555559412,67019212
Patricia,,freitag,Mother,patricia.freitag@mail.com,5555558517,67019213
America,,bowser,Mother,america.bowser@mail.com,5555558543,67019214
Anthony,,connors,Father,anthony.connors@mail.com,5555558307,67019215
Claudia,,naquin,Mother,claudia.naquin@mail.com,5555557320,67019216
Sandra,,atkins,Mother,sandra.atkins@mail.com,5555562541,67019217
Allan,,killingsworth,Father,allan.killingsworth@mail.com,5555556066,67019218
Selina,,dover,Mother,selina.dover@mail.com,5555562636,67019219
Ana,,snead,Mother,ana.snead@mail.com,5555561373,67019220
Gloria,,escobedo,Caregiver,gloria.escobedo@mail.com,5555557732,67019221
Karina,,bussey,Mother,karina.bussey@mail.com,5555557112,67019222
Lidia,,souza,Caregiver,lidia.souza@mail.com,5555558783,67019223
Maria,,brand,Mother,maria.brand@mail.com,5555555579,67019224
Gloria,,dukes,Mother,gloria.dukes@mail.com,5555558347,67019225
Inez,,lerma,Mother,inez.lerma@mail.com,5555557212,67019226
Mayra,,garland,Mother,mayra.garland@mail.com,5555560537,67019227
Georgina,,romo,Mother,georgina.romo@mail.com,5555558564,67019228
Herminia,,ho,Mother,herminia.ho@mail.com,5555558831,67019229
Claudia,,tubbs,Mother,claudia.tubbs@mail.com,5555557343,67019230
Luz,,pridgen,Mother,luz.pridgen@mail.com,5555560509,67019231
Maria,,bracey,Mother,maria.bracey@mail.com,5555560739,67019232
Maria,,sayers,Mother,maria.sayers@mail.com,5555560738,67019233
Stephanie,,pate,Mother,stephanie.pate@mail.com,5555558697,67019234
Karina,,myles,Mother,karina.myles@mail.com,5555559895,67019235
Trinidad,,harley,Caregiver,trinidad.harley@mail.com,5555563052,67019236
Clemente,,blackmore,Caregiver,clemente.blackmore@mail.com,5555557402,67019237
Martha,,kelleher,Mother,martha.kelleher@mail.com,5555560974,67019238
Juan,,burkhalter,Father,juan.burkhalter@mail.com,5555558074,67019239
Perla,,fix,Mother,perla.fix@mail.com,5555561941,67019240
Helen,,herrin,Mother,helen.herrin@mail.com,5555558727,67019241
Vanessa,,newell,Mother,vanessa.newell@mail.com,5555556633,67019242
Karina,,flanders,Mother,karina.flanders@mail.com,5555559692,67019243
Lesslie,,fried,Mother,lesslie.fried@mail.com,5555563022,67019244
Perla,,angulo,Mother,perla.angulo@mail.com,5555563933,67019245
Delia,,clough,Mother,delia.clough@mail.com,5555560944,67019246
Reyna,,ellinger,Mother,reyna.ellinger@mail.com,5555562185,67019247
Ninfa,,sankey,Mother,ninfa.sankey@mail.com,5555561638,67019248
Stephanie,,wilcher,Mother,stephanie.wilcher@mail.com,5555563474,67019249
Alma,,helm,Mother,alma.helm@mail.com,5555555967,67019250
Yadira,,exum,Mother,yadira.exum@mail.com,5555563414,67019251
Jiovanna,,troy,Mother,jiovanna.troy@mail.com,5555561169,67019252
Llecenia,,colter,Mother,llecenia.colter@mail.com,5555556545,67019253
Maria,,sawyer,Mother,maria.sawyer@mail.com,5555556973,67019254
Claudia,,wofford,Mother,claudia.wofford@mail.com,5555556898,67019255
Melissa,,fox,Mother,melissa.fox@mail.com,5555561415,67019256
Osvaldo,,quirk,Caregiver,osvaldo.quirk@mail.com,5555563922,67019257
Gabriela,,zack,Mother,gabriela.zack@mail.com,5555558500,67019258
Maria,,roll,Caregiver,maria.roll@mail.com,5555556721,67019259
Jorge,,edington,Father,jorge.edington@mail.com,5555556424,67019260
Jamany,,way,Mother,jamany.way@mail.com,5555559161,67019261
Blanca,,montague,Mother,blanca.montague@mail.com,5555563848,67019262
Viridiana,,mcswain,Mother,viridiana.mcswain@mail.com,5555563315,67019263
Joel,,fowler,Caregiver,joel.fowler@mail.com,5555559442,67019264
Felicitas,,peel,Mother,felicitas.peel@mail.com,5555558336,67019265
Norma,,leathers,Grandmother,norma.leathers@mail.com,5555563492,67019266
Alberto,,meyer,Father,alberto.meyer@mail.com,5555560372,67019267
Ariana,,bond,Mother,ariana.bond@mail.com,5555556376,67019268
Sara,,brandon,Mother,sara.brandon@mail.com,5555563058,67019269
Yuridia,,castleberry,Mother,yuridia.castleberry@mail.com,5555559380,67019270
Celida,,shook,Mother,celida.shook@mail.com,5555557103,67019271
Kenia,,walling,Mother,kenia.walling@mail.com,5555559833,67019272
Yanney,,driscoll,Mother,yanney.driscoll@mail.com,5555563451,67019273
Teresa,,landes,Mother,teresa.landes@mail.com,5555563470,67019274
Gutier,,martens,Father,gutier.martens@mail.com,5555558781,67019275
Abraham,,hackler,Father,abraham.hackler@mail.com,5555556571,67019276
Monserrat,,todd,Mother,monserrat.todd@mail.com,5555561800,67019277
Iveth,,franklin,Mother,iveth.franklin@mail.com,5555559077,67019278
Gemma,,ybarra,Mother,gemma.ybarra@mail.com,5555558551,67019279
Lorena,,fleetwood,Mother,lorena.fleetwood@mail.com,5555558725,67019280
Tanya,,seaman,Mother,tanya.seaman@mail.com,5555562946,67019281
Itzel,,farrar,Mother,itzel.farrar@mail.com,5555563587,67019282
Diana,,dowdy,Mother,diana.dowdy@mail.com,5555557723,67019283
Jiankang,,barraza,Father,jiankang.barraza@mail.com,5555557889,67019284
Jessica,,franco,Mother,jessica.franco@mail.com,5555559879,67019285
Norma,,valles,Caregiver,norma.valles@mail.com,5555563491,67019286
Glendy,,smyth,Mother,glendy.smyth@mail.com,5555555880,67019287
Diana,,fuqua,Mother,diana.fuqua@mail.com,5555559151,67019288
Gloria del Carmen,,saucier,Mother,gloria del carmen.saucier@mail.com,5555558665,67019289
neyra,,hom,Mother,neyra.hom@mail.com,5555561700,67019290
Mixia,,adames,Mother,mixia.adames@mail.com,5555561258,67019291
Ana,,gallo,Mother,ana.gallo@mail.com,5555556120,67019292
Ana,,gillen,Mother,ana.gillen@mail.com,5555556119,67019293
Francisco Javier,,gorski,Father,francisco javier.gorski@mail.com,5555563599,67019294
Karina,,liu,Mother,karina.liu@mail.com,5555559677,67019295
Sandra,,dempsey,Mother,sandra.dempsey@mail.com,5555562551,67019296
Laura,,hayden,Mother,laura.hayden@mail.com,5555555593,67019297
Daniela,,baker,Mother,daniela.baker@mail.com,5555557626,67019298
Gabriela,,averill,Mother,gabriela.averill@mail.com,5555557187,67019299
Guadalupe,,branch,Caregiver,guadalupe.branch@mail.com,5555560874,67019300
Joseph,,railey,Foster Father,joseph.railey@mail.com,5555561971,67019301
Matilde,,messick,Caregiver,matilde.messick@mail.com,5555564025,67019302
Atzary,,hodges,Mother,atzary.hodges@mail.com,5555561909,67019303
David,,mccartney,Father,david.mccartney@mail.com,5555561824,67019304
Argelia,,jacobson,Mother,argelia.jacobson@mail.com,5555556372,67019305
Emma,,deanda,Mother,emma.deanda@mail.com,5555555665,67019306
Maria,,darby,Mother,maria.darby@mail.com,5555556062,67019307
Aureliano,,larosa,Father,aureliano.larosa@mail.com,5555561140,67019308
Frida,,cheeks,Caregiver,frida.cheeks@mail.com,5555558445,67019309
Sugey,,vue,Mother,sugey.vue@mail.com,5555562861,67019310
Guillermo,,mauney,Father,guillermo.mauney@mail.com,5555560405,67019311
Josefa,,lessard,Mother,josefa.lessard@mail.com,5555561601,67019312
Alma,,hallock,Mother,alma.hallock@mail.com,5555555978,67019313
Laura,,busch,Mother,laura.busch@mail.com,5555560026,67019314
Efrain,,burdick,Father,efrain.burdick@mail.com,5555558768,67019315
Kimberly,,wagoner,Mother,kimberly.wagoner@mail.com,5555559875,67019316
Monica,,saddler,Mother,monica.saddler@mail.com,5555563831,67019317
Lili,,hofmann,Mother,lili.hofmann@mail.com,5555561408,67019318
Victor,,timm,Father,victor.timm@mail.com,5555563281,67019319
Claudia,,mortimer,Mother,claudia.mortimer@mail.com,5555558322,67019320
Laura,,mears,Mother,laura.mears@mail.com,5555561584,67019321
Teresa,,jasso,Caregiver,teresa.jasso@mail.com,5555562989,67019322
Daisy,,roseberry,Mother,daisy.roseberry@mail.com,5555557517,67019323
Concepcion,,colton,Mother,concepcion.colton@mail.com,5555557128,67019324
Jose Luis,,treadwell,Father,jose luis.treadwell@mail.com,5555560423,67019325
Patricia,,wenzel,Mother,patricia.wenzel@mail.com,5555562571,67019326
Stephanie,,hollis,Caregiver,stephanie.hollis@mail.com,5555562831,67019327
Maria,,philips,Mother,maria.philips@mail.com,5555562746,67019328
Elia,,hogan,Caregiver,elia.hogan@mail.com,5555557967,67019329
Elva,,paxton,Mother,elva.paxton@mail.com,5555558047,67019330
Edna,,lauer,Mother,edna.lauer@mail.com,5555563419,67019331
Yvonne,,alcantara,Mother,yvonne.alcantara@mail.com,5555558896,67019332
Eunice,,gaul,Mother,eunice.gaul@mail.com,5555561622,67019333
Santiago,,jenkins,Stepfather,santiago.jenkins@mail.com,5555562530,67019334
Ruperto,,dumont,Father,ruperto.dumont@mail.com,5555562454,67019335
Karla,,fallon,Mother,karla.fallon@mail.com,5555559738,67019336
Diana,,kean,Caregiver,diana.kean@mail.com,5555557711,67019337
Cinthia,,karr,Mother,cinthia.karr@mail.com,5555557263,67019338
Sagrario,,cerda,Mother,sagrario.cerda@mail.com,5555562479,67019339
Brenda,,ard,Mother,brenda.ard@mail.com,5555563093,67019340
Lisette,,dudley,Mother,lisette.dudley@mail.com,5555560223,67019341
Nancy,,steinke,Mother,nancy.steinke@mail.com,5555561514,67019342
Alicia,,gallant,Mother,alicia.gallant@mail.com,5555555938,67019343
Eliud,,tackett,Mother,eliud.tackett@mail.com,5555563200,67019344
Alma,,ashford,Caregiver,alma.ashford@mail.com,5555555965,67019345
Juan,,dana,Father,juan.dana@mail.com,5555563907,67019346
Iliana,,benson,Mother,iliana.benson@mail.com,5555558930,67019347
Iliana,,mcgraw,Mother,iliana.mcgraw@mail.com,5555558931,67019348
Martha,,lennox,Mother,martha.lennox@mail.com,5555560902,67019349
Martha,,wheatley,Caregiver,martha.wheatley@mail.com,5555560904,67019350
Margarita,,lakey,Mother,margarita.lakey@mail.com,5555560692,67019351
Tanya,,beers,Caregiver,tanya.beers@mail.com,5555562948,67019352
Karol,,chancey,Mother,karol.chancey@mail.com,5555559763,67019353
Rosaura,,humphrey,Mother,rosaura.humphrey@mail.com,5555562347,67019354
Ana Karen,,kaye,Mother,ana karen.kaye@mail.com,5555559666,67019355
Brisa,,shores,Mother,brisa.shores@mail.com,5555556763,67019356
Rosa,,clevenger,Caregiver,rosa.clevenger@mail.com,5555560346,67019357
Adriana,,tejada,Mother,adriana.tejada@mail.com,5555555696,67019358
Dulce,,mccarter,Mother,dulce.mccarter@mail.com,5555557841,67019359
Alma,,brinkley,Caregiver,alma.brinkley@mail.com,5555555977,67019360
Xochitl,,peery,Mother,xochitl.peery@mail.com,5555563397,67019361
Lourdes,,honea,Mother,lourdes.honea@mail.com,5555556440,67019362
Lourdes,,mckean,Mother,lourdes.mckean@mail.com,5555556441,67019363
Claudia,,sabin,Mother,claudia.sabin@mail.com,5555562297,67019364
Gabriela,,odell,Caregiver,gabriela.odell@mail.com,5555558444,67019365
Elena,,early,Caregiver,elena.early@mail.com,5555558883,67019366
Carlos,,hardwick,Father,carlos.hardwick@mail.com,5555559757,67019367
JEANETTE,,hodgson,Mother,jeanette.hodgson@mail.com,5555559264,67019368
Lorena,,menard,Mother,lorena.menard@mail.com,5555560334,67019369
Cecilia,,maas,Mother,cecilia.maas@mail.com,5555557086,67019370
Maria,,mundy,Caregiver,maria.mundy@mail.com,5555563993,67019371
Dulce,,depriest,Mother,dulce.depriest@mail.com,5555557840,67019372
Rafael,,barner,Father,rafael.barner@mail.com,5555559025,67019373
Evelyn,,boyd,Caregiver,evelyn.boyd@mail.com,5555558251,67019374
Iveth,,loftin,Caregiver,iveth.loftin@mail.com,5555563695,67019375
Silvia,,selby,Mother,silvia.selby@mail.com,5555563512,67019376
Samantha,,delossantos,Caregiver,samantha.delossantos@mail.com,5555562505,67019377
Jovanna,,kerr,Mother,jovanna.kerr@mail.com,5555560360,67019378
Joel,,keyes,Father,joel.keyes@mail.com,5555562162,67019379
Aide,,hildebrandt,Mother,aide.hildebrandt@mail.com,5555557910,67019380
Antonio,,hurst,Father,antonio.hurst@mail.com,5555556302,67019381
Diana,,burgin,Mother,diana.burgin@mail.com,5555561721,67019382
Juana,,mattern,Mother,juana.mattern@mail.com,5555559399,67019383
Carolina,,cover,Caregiver,carolina.cover@mail.com,5555562144,67019384
Ana,,hawkes,Mother,ana.hawkes@mail.com,5555556086,67019385
Evelyn,,leeper,Caregiver,evelyn.leeper@mail.com,5555558253,67019386
Martha Alejandra,,boylan,Mother,martha alejandra.boylan@mail.com,5555560907,67019387
Alexandra,,newsome,Mother,alexandra.newsome@mail.com,5555563937,67019388
Yesenia,,corn,Mother,yesenia.corn@mail.com,5555563501,67019389
Adrian,,atwater,Father,adrian.atwater@mail.com,5555557944,67019390
Rosa,,chapman,Mother,rosa.chapman@mail.com,5555555945,67019391
Jose Raul,,hummel,Father,jose raul.hummel@mail.com,5555562133,67019392
Maria Elena,,rowell,Caregiver,maria elena.rowell@mail.com,5555562535,67019393
Alberto,,justice,Caregiver,alberto.justice@mail.com,5555560137,67019394
Joseph,,marx,Caregiver,joseph.marx@mail.com,5555559629,67019395
Claudia,,shephard,Mother,claudia.shephard@mail.com,5555563835,67019396
Martha Alicia,,purdy,Mother,martha alicia.purdy@mail.com,5555560895,67019397
Juan Miguel,,macedo,Father,juan miguel.macedo@mail.com,5555557392,67019398
Fidel,,pollard,Father,fidel.pollard@mail.com,5555558388,67019399
Francisco,,arevalo,Caregiver,francisco.arevalo@mail.com,5555560770,67019400
Hilda,,coronado,Caregiver,hilda.coronado@mail.com,5555558865,67019401
Mercedes,,nava,Caregiver,mercedes.nava@mail.com,5555556885,67019402
Lesly,,sirois,Mother,lesly.sirois@mail.com,5555559676,67019403
Arlyn,,bradshaw,Mother,arlyn.bradshaw@mail.com,5555556399,67019404
Hector,,pumphrey,Father,hector.pumphrey@mail.com,5555562163,67019405
Arely,,waldron,Mother,arely.waldron@mail.com,5555563071,67019406
Margarito,,loney,Father,margarito.loney@mail.com,5555562612,67019407
Maria Ana,,millington,Caregiver,maria ana.millington@mail.com,5555557635,67019408
Maria,,ogletree,Mother,maria.ogletree@mail.com,5555559517,67019409
Ivan,,anderson,Father,ivan.anderson@mail.com,5555562761,67019410
Blanca,,dolan,Mother,blanca.dolan@mail.com,5555556711,67019411
Cruz,,dardar,Father,cruz.dardar@mail.com,5555557442,67019412
Bryan,,toner,Caregiver,bryan.toner@mail.com,5555556846,67019413
Fernando,,hartsock,Father,fernando.hartsock@mail.com,5555558368,67019414
Miguel,,bronson,Caregiver,miguel.bronson@mail.com,5555562424,67019415
Valerie,,mckenzie,Caregiver,valerie.mckenzie@mail.com,5555558112,67019416
Francisca,,donahue,Mother,francisca.donahue@mail.com,5555561612,67019417
Tavata,,moss,Mother,tavata.moss@mail.com,5555558408,67019418
Valerie,,champagne,Caregiver,valerie.champagne@mail.com,5555558110,67019419
Virginia,,silveira,Caregiver,virginia.silveira@mail.com,5555563318,67019420
Cecilia,,kaye,Caregiver,cecilia.kaye@mail.com,5555557357,67019421
JAVIER,,duffey,Father,javier.duffey@mail.com,5555560208,67019422
Esthela,,waugh,Caregiver,esthela.waugh@mail.com,5555557193,67019423
Jesus,,pollock,Mother,jesus.pollock@mail.com,5555559048,67019424
Misuki,,cage,Mother,misuki.cage@mail.com,5555561250,67019425
Luelvy,,pappas,Mother,luelvy.pappas@mail.com,5555560403,67019426
Felicitas,,isham,Caregiver,felicitas.isham@mail.com,5555558337,67019427
Lisandro,,gatewood,Father,lisandro.gatewood@mail.com,5555562137,67019428
Othon,,harman,Father,othon.harman@mail.com,5555563911,67019429
Vianey,,michaelson,Mother,vianey.michaelson@mail.com,5555557697,67019430
Erika,,nettles,Mother,erika.nettles@mail.com,5555558137,67019431
Brenda,,sell,Mother,brenda.sell@mail.com,5555556682,67019432
Edna,,clapper,Caregiver,edna.clapper@mail.com,5555563421,67019433
Dania,,claxton,Mother,dania.claxton@mail.com,5555557557,67019434
Emma,,schiller,Mother,emma.schiller@mail.com,5555558080,67019435
Paulette,,fierro,Mother,paulette.fierro@mail.com,5555562098,67019436
Alfredo,,maggard,Caregiver,alfredo.maggard@mail.com,5555557835,67019437
Israel,,almaraz,Father,israel.almaraz@mail.com,5555559047,67019438
Maria,,counts,Mother,maria.counts@mail.com,5555560305,67019439
Sandra,,diego,Mother,sandra.diego@mail.com,5555561753,67019440
Denise,,lyman,Mother,denise.lyman@mail.com,5555557663,67019441
Alba,,tolson,Court Appointed Guardian,alba.tolson@mail.com,5555555818,67019442
Laura,,ledbetter,Caregiver,laura.ledbetter@mail.com,5555559996,67019443
Pedro,,egan,Caregiver,pedro.egan@mail.com,5555561688,67019444
Erika,,flood,Caregiver,erika.flood@mail.com,5555560226,67019445
Melissa,,wetzel,Mother,melissa.wetzel@mail.com,5555560823,67019446
Jonathan,,bonilla,Father,jonathan.bonilla@mail.com,5555559474,67019447
Andrea,,smythe,Caregiver,andrea.smythe@mail.com,5555556165,67019448
Martha,,vieira,Mother,martha.vieira@mail.com,5555559908,67019449
Brenda,,gunther,Aunt,brenda.gunther@mail.com,5555558818,67019450
Ortencia,,benson,Caregiver,ortencia.benson@mail.com,5555562060,67019451
Lorena,,finch,Caregiver,lorena.finch@mail.com,5555560330,67019452
Lorena,,huntington,Caregiver,lorena.huntington@mail.com,5555560331,67019453
Tiffany,,purcell,Court Appointed Guardian,tiffany.purcell@mail.com,5555560840,67019454
Rosa L,,otto,Mother,rosa l.otto@mail.com,5555560191,67019455
Sonia,,harding,Mother,sonia.harding@mail.com,5555562768,67019456
Maria,,winn,Caregiver,maria.winn@mail.com,5555561281,67019457
Priscila,,upchurch,Caregiver,priscila.upchurch@mail.com,5555562012,67019458
Ana Lilia,,winslow,Mother,ana lilia.winslow@mail.com,5555562579,67019459
Lorenzo,,prosser,Caregiver,lorenzo.prosser@mail.com,5555559535,67019460
Kenia,,nester,Caregiver,kenia.nester@mail.com,5555559828,67019461
Martín,,hosey,Caregiver,martín.hosey@mail.com,5555560921,67019462
Misuki,,salmon,Caregiver,misuki.salmon@mail.com,5555561251,67019463
Gloria,,duckworth,Caregiver,gloria.duckworth@mail.com,5555563916,67019464
Maria,,ricks,Caregiver,maria.ricks@mail.com,5555556491,67019465
Silvia Carolina,,hylton,Mother,silvia carolina.hylton@mail.com,5555562617,67019466
Alicia,,bibbs,Mother,alicia.bibbs@mail.com,5555561962,67019467
Daniczia,,strauss,Mother,daniczia.strauss@mail.com,5555555586,67019468
Cindy,,hertel,Mother,cindy.hertel@mail.com,5555557246,67019469
Cindy,,ovalle,Caregiver,cindy.ovalle@mail.com,5555557245,67019470
Yanira,,moats,Mother,yanira.moats@mail.com,5555563450,67019471
Cristina,,hoppe,Mother,cristina.hoppe@mail.com,5555562213,67019472
Maria De La Luz,,monroy,Caregiver,maria de la luz.monroy@mail.com,5555560736,67019473
Manuel,,cervantes,Father,manuel.cervantes@mail.com,5555562696,67019474
Fernando,,hurdle,Father,fernando.hurdle@mail.com,5555556746,67019475
Fernando,,ly,Father,fernando.ly@mail.com,5555556744,67019476
Jesica,,vereen,Mother,jesica.vereen@mail.com,5555559167,67019477
Rodolfo,,cann,Caregiver,rodolfo.cann@mail.com,5555561827,67019478
Jose,,correa,Father,jose.correa@mail.com,5555557587,67019479
Heidy,,keefe,Caregiver,heidy.keefe@mail.com,5555555778,67019480
Rosangela,,paul,Mother,rosangela.paul@mail.com,5555562364,67019481
Jesus,,schaefer,Father,jesus.schaefer@mail.com,5555555884,67019482
Eva,,brogdon,Caregiver,eva.brogdon@mail.com,5555558238,67019483
Silvestre,,matney,Father,silvestre.matney@mail.com,5555557947,67019484
Aracely,,weimer,Mother,aracely.weimer@mail.com,5555556343,67019485
Silvia Janetthe,,mayhew,Mother,silvia janetthe.mayhew@mail.com,5555562716,67019486
Lizdey,,nunes,Caregiver,lizdey.nunes@mail.com,5555560252,67019487
Felicitas,,pfeiffer,Mother,felicitas.pfeiffer@mail.com,5555561825,67019488
Rocio,,canada,Mother,rocio.canada@mail.com,5555562209,67019489
Pamela,,harless,Mother,pamela.harless@mail.com,5555563929,67019490
Patricia,,barns,Mother,patricia.barns@mail.com,5555558519,67019491
Noe,,sansone,Father,noe.sansone@mail.com,5555561663,67019492
Gissel,,teal,Mother,gissel.teal@mail.com,5555556926,67019493
Leticia,,landis,Mother,leticia.landis@mail.com,5555560495,67019494
Esmeralda,,leonardo,Mother,esmeralda.leonardo@mail.com,5555559966,67019495
Alma,,aguilar,Mother,alma.aguilar@mail.com,5555555980,67019496
Angelica,,nickerson,Mother,angelica.nickerson@mail.com,5555561614,67019497
Celida,,hurt,Mother,celida.hurt@mail.com,5555557099,67019498
Laura,,crocker,Mother,laura.crocker@mail.com,5555560000,67019499
Ileana,,toliver,Mother,ileana.toliver@mail.com,5555560962,67019500
Maritza,,sarmiento,Mother,maritza.sarmiento@mail.com,5555560850,67019501
Maria,,baird,Mother,maria.baird@mail.com,5555557229,67019502
Adriana,,duckworth,Mother,adriana.duckworth@mail.com,5555555668,67019503
Sandra,,rothstein,Mother,sandra.rothstein@mail.com,5555558230,67019504
Conchita,,day,Mother,conchita.day@mail.com,5555558389,67019505
Myrna,,humble,Mother,myrna.humble@mail.com,5555561460,67019507
Perla,,marchant,Mother,perla.marchant@mail.com,5555561924,67019508
Velia,,doane,Mother,velia.doane@mail.com,5555563194,67019509
Guadalupe,,lamar,Mother,guadalupe.lamar@mail.com,5555557025,67019510
Janett,,still,Mother,janett.still@mail.com,5555564009,67019511
Mary,,breedlove,Mother,mary.breedlove@mail.com,5555555781,67019512
Denise,,kaminski,Mother,denise.kaminski@mail.com,5555561644,67019513
Priscilla,,lorenz,Mother,priscilla.lorenz@mail.com,5555561999,67019514
Alejandra,,brien,Mother,alejandra.brien@mail.com,5555555837,67019515
Edna,,wu,Mother,edna.wu@mail.com,5555558072,67019516
Alejandra,,halstead,Mother,alejandra.halstead@mail.com,5555557160,67019517
Maria Raquel,,shumate,Caregiver,maria raquel.shumate@mail.com,5555559004,67019518
Jacqueline,,nuttall,Caregiver,jacqueline.nuttall@mail.com,5555559250,67019519
Guadalupe,,staten,Mother,guadalupe.staten@mail.com,5555560491,67019520
Leslie,,burroughs,Mother,leslie.burroughs@mail.com,5555560287,67019521
Yolanda,,ayers,Mother,yolanda.ayers@mail.com,5555563583,67019522
Estela,,workman,Mother,estela.workman@mail.com,5555558219,67019523
Alma,,rooker,Caregiver,alma.rooker@mail.com,5555561389,67019524
Alma,,gary,Mother,alma.gary@mail.com,5555555985,67019525
Virginia,,florez,Mother,virginia.florez@mail.com,5555563306,67019526
Gladys,,fee,Mother,gladys.fee@mail.com,5555558452,67019527
Liliana,,cates,Mother,liliana.cates@mail.com,5555560184,67019528
Olga,,powe,Mother,olga.powe@mail.com,5555557385,67019529
Maricela,,bandy,Mother,maricela.bandy@mail.com,5555560786,67019530
Claudia,,mccue,Mother,claudia.mccue@mail.com,5555559513,67019531
Olivia,,rangel,Mother,olivia.rangel@mail.com,5555561706,67019532
Belem,,poisson,Mother,belem.poisson@mail.com,5555555833,67019533
Dulce,,desrosiers,Mother,dulce.desrosiers@mail.com,5555557795,67019534
Evangelina,,javier,Mother,evangelina.javier@mail.com,5555558167,67019535
Jhoanna,,hixon,Mother,jhoanna.hixon@mail.com,5555559365,67019536
Cinthia,,boyles,Mother,cinthia.boyles@mail.com,5555557067,67019537
Denise,,schilling,Mother,denise.schilling@mail.com,5555557668,67019538
Manuel,,ogden,Father,manuel.ogden@mail.com,5555560628,67019539
Priscila,,raymond,Mother,priscila.raymond@mail.com,5555562043,67019540
Gloria,,cairns,Mother,gloria.cairns@mail.com,5555558659,67019541
Yadira,,hellman,Mother,yadira.hellman@mail.com,5555563418,67019542
Daniella,,paschal,Mother,daniella.paschal@mail.com,5555557538,67019543
Elsa,,bowes,Mother,elsa.bowes@mail.com,5555558037,67019544
Kenia,,chung,Mother,kenia.chung@mail.com,5555559838,67019545
Olympia,,gaynor,Mother,olympia.gaynor@mail.com,5555561731,67019546
Irma,,reis,Mother,irma.reis@mail.com,5555558991,67019547
Ana,,tyner,Mother,ana.tyner@mail.com,5555561647,67019548
Ashley,,harms,Mother,ashley.harms@mail.com,5555556452,67019549
Otilia,,labrie,Mother,otilia.labrie@mail.com,5555563403,67019550
Anael,,bowen,Mother,anael.bowen@mail.com,5555556100,67019551
Marina,,fielding,Mother,marina.fielding@mail.com,5555560809,67019552
Sylvia,,lebrun,Mother,sylvia.lebrun@mail.com,5555562729,67019553
Isvel,,peak,Mother,isvel.peak@mail.com,5555562176,67019554
Julieta,,rush,Mother,julieta.rush@mail.com,5555559610,67019555
Krizia,,thrasher,Mother,krizia.thrasher@mail.com,5555558525,67019556
Judith,,brice,Mother,judith.brice@mail.com,5555559583,67019557
Maria,,nordstrom,Mother,maria.nordstrom@mail.com,5555558843,67019558
Martin,,shope,Father,martin.shope@mail.com,5555563385,67019559
Rosa,,hurdle,Mother,rosa.hurdle@mail.com,5555562319,67019560
Aurora,,etter,Mother,aurora.etter@mail.com,5555561431,67019561
Sindi,,seely,Mother,sindi.seely@mail.com,5555562721,67019562
Lorenia,,carothers,Mother,lorenia.carothers@mail.com,5555559309,67019563
Gloria,,hamel,Mother,gloria.hamel@mail.com,5555558662,67019564
Rosa,,caswell,Mother,rosa.caswell@mail.com,5555562374,67019565
Patricia,,plaza,Mother,patricia.plaza@mail.com,5555563398,67019566
Jose,,gillespie,Father,jose.gillespie@mail.com,5555561996,67019567
Lupita,,weddle,Mother,lupita.weddle@mail.com,5555563548,67019568
Yhaira,,sampson,Mother,yhaira.sampson@mail.com,5555563534,67019569
Irma,,bissell,Mother,irma.bissell@mail.com,5555558987,67019570
Karla,,loftin,Mother,karla.loftin@mail.com,5555563087,67019571
Ana,,dear,Mother,ana.dear@mail.com,5555557201,67019572
Brenda,,hyman,Mother,brenda.hyman@mail.com,5555556785,67019573
Carolina,,rahn,Mother,carolina.rahn@mail.com,5555556996,67019574
Brenda,,iverson,Mother,brenda.iverson@mail.com,5555556773,67019575
Ariadna,,diehl,Mother,ariadna.diehl@mail.com,5555556630,67019576
Daisy,,fillmore,Mother,daisy.fillmore@mail.com,5555561362,67019577
Adriana,,mortensen,Mother,adriana.mortensen@mail.com,5555555689,67019578
Maria,,pimentel,Mother,maria.pimentel@mail.com,5555557162,67019579
Judith,,hannan,Mother,judith.hannan@mail.com,5555559594,67019580
Elizabeth,,pegues,Mother,elizabeth.pegues@mail.com,5555558057,67019581
Beatriz,,hampton,Mother,beatriz.hampton@mail.com,5555556591,67019582
Laura,,cote,Mother,laura.cote@mail.com,5555560011,67019583
Griselda,,cramer,Mother,griselda.cramer@mail.com,5555558728,67019584
Jovanna,,horning,Mother,jovanna.horning@mail.com,5555559542,67019585
Sonia,,stewart,Mother,sonia.stewart@mail.com,5555562246,67019586
Rosa,,alcantara,Mother,rosa.alcantara@mail.com,5555562310,67019587
Nidia,,flowers,Mother,nidia.flowers@mail.com,5555561632,67019588
Claudia,,trout,Mother,claudia.trout@mail.com,5555558229,67019589
Salvador,,toomey,Father,salvador.toomey@mail.com,5555562496,67019590
Caroline,,lugo,Mother,caroline.lugo@mail.com,5555557129,67019591
Tatiana,,buell,Mother,tatiana.buell@mail.com,5555562959,67019592
Maria,,rath,Mother,maria.rath@mail.com,5555559020,67019593
Anna,,lucero,Mother,anna.lucero@mail.com,5555556280,67019594
Erika,,scarborough,Mother,erika.scarborough@mail.com,5555558105,67019595
Claudia,,macfarlane,Mother,claudia.macfarlane@mail.com,5555557321,67019596
Ana,,vines,Mother,ana.vines@mail.com,5555556077,67019597
Alma,,suzuki,Mother,alma.suzuki@mail.com,5555562395,67019598
Jeanine,,glaze,Mother,jeanine.glaze@mail.com,5555559263,67019599
Sandra,,cotto,Mother,sandra.cotto@mail.com,5555562561,67019600
Melissa,,stribling,Mother,melissa.stribling@mail.com,5555561099,67019601
Janeth,,danley,Mother,janeth.danley@mail.com,5555559114,67019602
Lesni,,carlos,Mother,lesni.carlos@mail.com,5555557057,67019603
Myrna,,partain,Mother,myrna.partain@mail.com,5555561462,67019604
Veronica,,lewis,Mother,veronica.lewis@mail.com,5555563075,67019605
Yaquelina,,keys,Mother,yaquelina.keys@mail.com,5555559126,67019606
Maria,,paquette,Mother,maria.paquette@mail.com,5555560927,67019607
Edna,,lockridge,Mother,edna.lockridge@mail.com,5555557924,67019608
Edna,,dawes,Mother,edna.dawes@mail.com,5555557925,67019609
Lorena,,vogt,Mother,lorena.vogt@mail.com,5555559491,67019610
Liliana,,fleming,Court Appointed Guardian,liliana.fleming@mail.com,5555560182,67019611
Annaly,,toon,Mother,annaly.toon@mail.com,5555556285,67019612
Rosalva,,smalley,Mother,rosalva.smalley@mail.com,5555562379,67019613
Priscilla,,cardinal,Mother,priscilla.cardinal@mail.com,5555559548,67019614
Cynthia,,soucy,Mother,cynthia.soucy@mail.com,5555557474,67019615
Marilyn,,leland,Mother,marilyn.leland@mail.com,5555560808,67019616
Alejandra,,kopp,Mother,alejandra.kopp@mail.com,5555560923,67019617
Maritza,,albert,Mother,maritza.albert@mail.com,5555560043,67019618
Veronica,,jordon,Mother,veronica.jordon@mail.com,5555563241,67019619
Rosario,,gabel,Mother,rosario.gabel@mail.com,5555562666,67019620
Kristina,,carnes,Mother,kristina.carnes@mail.com,5555559918,67019621
Brianna,,coleman,Other Relationship,brianna.coleman@mail.com,5555564015,67019622
Lourdes,,harrigan,Mother,lourdes.harrigan@mail.com,5555555788,67019623
Lydia,,montero,Mother,lydia.montero@mail.com,5555560315,67019624
Abigail,,begay,Mother,abigail.begay@mail.com,5555556923,67019625
Lizbeth,,mayers,Mother,lizbeth.mayers@mail.com,5555560271,67019626
Esther,,sharma,Mother,esther.sharma@mail.com,5555557939,67019627
Patricia,,parks,Mother,patricia.parks@mail.com,5555562071,67019628
Vivian,,virgil,Mother,vivian.virgil@mail.com,5555561042,67019629
Elia,,wiles,Mother,elia.wiles@mail.com,5555562695,67019630
Lizzette,,nieves,Mother,lizzette.nieves@mail.com,5555561974,67019631
Christina,,slack,Mother,christina.slack@mail.com,5555557274,67019632
Karla,,lutz,Mother,karla.lutz@mail.com,5555559707,67019633
Gloria,,mayers,Mother,gloria.mayers@mail.com,5555558392,67019634
Alejandra,,tolle,Caregiver,alejandra.tolle@mail.com,5555555859,67019635
Araceli,,runge,Mother,araceli.runge@mail.com,5555556332,67019636
Mirna,,sorrells,Mother,mirna.sorrells@mail.com,5555561232,67019637
Herlinda,,concepcion,Caregiver,herlinda.concepcion@mail.com,5555558826,67019638
Laura,,hardaway,Mother,laura.hardaway@mail.com,5555556431,67019639
Margarita,,rieger,Grandmother,margarita.rieger@mail.com,5555561710,67019640
Adriana,,carrera,Mother,adriana.carrera@mail.com,5555555713,67019641
Jessica,,ruvalcaba,Mother,jessica.ruvalcaba@mail.com,5555559335,67019642
Diana,,cartagena,Mother,diana.cartagena@mail.com,5555560560,67019643
Rosa,,eden,Mother,rosa.eden@mail.com,5555559183,67019644
Betzaida,,granado,Mother,betzaida.granado@mail.com,5555556670,67019645
Ana,,hamill,Mother,ana.hamill@mail.com,5555556306,67019646
Veronica,,moultrie,Mother,veronica.moultrie@mail.com,5555563080,67019647
Oscar,,humphries,Father,oscar.humphries@mail.com,5555561774,67019648
Debbie,,parmar,Mother,debbie.parmar@mail.com,5555557011,67019649
Rafaela,,cardwell,Mother,rafaela.cardwell@mail.com,5555562088,67019650
Mercedes,,reimer,Mother,mercedes.reimer@mail.com,5555563288,67019651
Concepcion,,amador,Mother,concepcion.amador@mail.com,5555557376,67019652
Pedro,,schramm,Father,pedro.schramm@mail.com,5555561948,67019653
Judith,,oconner,Mother,judith.oconner@mail.com,5555555620,67019654
Jorge,,bone,Father,jorge.bone@mail.com,5555559625,67019655
Ariel,,pagano,Father,ariel.pagano@mail.com,5555557973,67019656
Blanca,,burger,Mother,blanca.burger@mail.com,5555556710,67019657
Andrea,,stine,Mother,andrea.stine@mail.com,5555556179,67019658
Lorena,,riggs,Mother,lorena.riggs@mail.com,5555558653,67019659
Jesus,,mullin,Father,jesus.mullin@mail.com,5555559626,67019660
Adriana,,rios,Mother,adriana.rios@mail.com,5555562078,67019661
Astrid,,aguiar,Mother,astrid.aguiar@mail.com,5555556478,67019662
Alejandrina,,mcdaniels,Mother,alejandrina.mcdaniels@mail.com,5555555874,67019663
Anna,,gaddy,Mother,anna.gaddy@mail.com,5555555637,67019664
Diana,,edgar,Mother,diana.edgar@mail.com,5555561979,67019665
Aydee,,lakey,Mother,aydee.lakey@mail.com,5555556515,67019666
Marycruz,,noriega,Mother,marycruz.noriega@mail.com,5555560941,67019667
Jesus,,blanco,Mother,jesus.blanco@mail.com,5555560859,67019668
Graciela,,levinson,Mother,graciela.levinson@mail.com,5555559955,67019669
Carolina,,barhorst,Mother,carolina.barhorst@mail.com,5555557352,67019670
Karina,,garrity,Mother,karina.garrity@mail.com,5555559698,67019671
Margarita,,steib,Mother,margarita.steib@mail.com,5555560586,67019672
Rosio,,moreira,Mother,rosio.moreira@mail.com,5555562361,67019673
Erika,,rizzo,Mother,erika.rizzo@mail.com,5555558115,67019674
Nancy,,holley,Mother,nancy.holley@mail.com,5555556963,67019675
Karla,,greenway,Mother,karla.greenway@mail.com,5555556578,67019676
Cynthia,,marcus,Mother,cynthia.marcus@mail.com,5555557483,67019677
Reyna,,wages,Mother,reyna.wages@mail.com,5555562165,67019678
Maria,,mansour,Mother,maria.mansour@mail.com,5555560725,67019679
Hedy,,olsen,Mother,hedy.olsen@mail.com,5555558811,67019680
Jose,,cutter,Father,jose.cutter@mail.com,5555557633,67019681
Guadalupe,,dement,Mother,guadalupe.dement@mail.com,5555559180,67019682
Liz,,beck,Mother,liz.beck@mail.com,5555560257,67019683
Hugo,,wynne,Father,hugo.wynne@mail.com,5555563436,67019684
Nadia,,lasley,Mother,nadia.lasley@mail.com,5555561476,67019685
Diana,,worsham,Mother,diana.worsham@mail.com,5555557720,67019686
Belen,,hostetter,Mother,belen.hostetter@mail.com,5555556586,67019687
Emma,,mathews,Mother,emma.mathews@mail.com,5555558082,67019688
Brenda,,dugas,Mother,brenda.dugas@mail.com,5555556776,67019689
Diana,,beall,Mother,diana.beall@mail.com,5555557788,67019690
Indelissa,,alessi,Mother,indelissa.alessi@mail.com,5555558953,67019691
Iliana,,hurst,Mother,iliana.hurst@mail.com,5555558933,67019692
Evangelina,,harp,Mother,evangelina.harp@mail.com,5555558237,67019693
Bernardo,,billiot,Father,bernardo.billiot@mail.com,5555556645,67019694
Yolanda,,way,Mother,yolanda.way@mail.com,5555563554,67019695
Margarita,,grijalva,Mother,margarita.grijalva@mail.com,5555556145,67019696
Diana,,mortensen,Mother,diana.mortensen@mail.com,5555555763,67019697
Yolanda,,yager,Mother,yolanda.yager@mail.com,5555563556,67019698
Ana,,candelaria,Mother,ana.candelaria@mail.com,5555556149,67019699
Jessica,,collard,Mother,jessica.collard@mail.com,5555563167,67019700
Perla,,macfarlane,Mother,perla.macfarlane@mail.com,5555561923,67019701
Alexis,,burden,Mother,alexis.burden@mail.com,5555555913,67019702
Sandra,,uribe,Mother,sandra.uribe@mail.com,5555561805,67019703
Maria,,ragland,Caregiver,maria.ragland@mail.com,5555558177,67019704
Zulay,,lasley,Mother,zulay.lasley@mail.com,5555563665,67019705
Esmeralda,,henderson,Mother,esmeralda.henderson@mail.com,5555563824,67019706
Michelle,,meier,Mother,michelle.meier@mail.com,5555560529,67019707
Jorge,,lemke,Father,jorge.lemke@mail.com,5555559483,67019708
Graciela,,lynn,Mother,graciela.lynn@mail.com,5555559920,67019709
Diana,,force,Mother,diana.force@mail.com,5555557765,67019710
Jose,,mckinnon,Father,jose.mckinnon@mail.com,5555559356,67019711
Vanessa,,bair,Mother,vanessa.bair@mail.com,5555563145,67019712
Lourdes,,carreon,Mother,lourdes.carreon@mail.com,5555560301,67019713
Veronica,,moore,Mother,veronica.moore@mail.com,5555563225,67019714
Maria,,tapp,Mother,maria.tapp@mail.com,5555557399,67019715
Sonia,,guest,Mother,sonia.guest@mail.com,5555561244,67019716
Maria,,laliberte,Mother,maria.laliberte@mail.com,5555560713,67019717
Norma,,gagnon,Mother,norma.gagnon@mail.com,5555561682,67019718
Candida,,tilton,Mother,candida.tilton@mail.com,5555556913,67019719
Rosa,,prieto,Mother,rosa.prieto@mail.com,5555562371,67019720
Tanya,,mckelvey,Mother,tanya.mckelvey@mail.com,5555562952,67019721
Karen,,halley,Mother,karen.halley@mail.com,5555558437,67019722
Diana,,rubin,Mother,diana.rubin@mail.com,5555557730,67019723
Maria,,snyder,Mother,maria.snyder@mail.com,5555560482,67019724
Claudia,,morrison,Mother,claudia.morrison@mail.com,5555557353,67019725
Paola,,downs,Mother,paola.downs@mail.com,5555561842,67019726
Araceli,,varela,Mother,araceli.varela@mail.com,5555555613,67019727
Marcia,,dicken,Mother,marcia.dicken@mail.com,5555560679,67019728
Joanna,,flynn,Mother,joanna.flynn@mail.com,5555558785,67019729
Jessica,,kern,Mother,jessica.kern@mail.com,5555555917,67019730
Fernando,,lenz,Father,fernando.lenz@mail.com,5555556553,67019731
Claudia,,walston,Mother,claudia.walston@mail.com,5555563264,67019732
Beatriz,,mayfield,Mother,beatriz.mayfield@mail.com,5555561823,67019733
Blanca,,ali,Mother,blanca.ali@mail.com,5555561385,67019734
Irma,,silvey,Mother,irma.silvey@mail.com,5555562809,67019735
Laura,,erdmann,Mother,laura.erdmann@mail.com,5555560149,67019736
Angelica,,hibbs,Mother,angelica.hibbs@mail.com,5555556213,67019737
Ilza,,koch,Mother,ilza.koch@mail.com,5555558941,67019738
Josefina,,scruggs,Mother,josefina.scruggs@mail.com,5555556753,67019739
Veronica,,solomon,Mother,veronica.solomon@mail.com,5555563701,67019740
Viola,,schmitt,Mother,viola.schmitt@mail.com,5555563334,67019741
Leslie,,ring,Mother,leslie.ring@mail.com,5555560056,67019742
Sabina,,place,Mother,sabina.place@mail.com,5555562468,67019743
Fabiola,,calabrese,Mother,fabiola.calabrese@mail.com,5555558297,67019744
Judith,,bone,Mother,judith.bone@mail.com,5555556350,67019745
Juan,,burroughs,Father,juan.burroughs@mail.com,5555559404,67019746
Brenda,,christenson,Mother,brenda.christenson@mail.com,5555556783,67019747
Herlinda,,addison,Mother,herlinda.addison@mail.com,5555555590,67019748
Mellissa,,hoyt,Mother,mellissa.hoyt@mail.com,5555561097,67019749
Dolores,,swartz,Mother,dolores.swartz@mail.com,5555557625,67019750
Maria,,proulx,Mother,maria.proulx@mail.com,5555560466,67019751
Karla,,twomey,Mother,karla.twomey@mail.com,5555556730,67019752
Robert,,martineau,Father,robert.martineau@mail.com,5555562235,67019753
Rosalva,,dubose,Mother,rosalva.dubose@mail.com,5555562232,67019754
Angie,,valdes,Mother,angie.valdes@mail.com,5555555648,67019755
Luis,,ries,Father,luis.ries@mail.com,5555558351,67019756
Allison,,surber,Mother,allison.surber@mail.com,5555555959,67019757
Blanca,,lemay,Mother,blanca.lemay@mail.com,5555556722,67019758
Monica,,bevins,Mother,monica.bevins@mail.com,5555561320,67019759
Iris,,hackler,Mother,iris.hackler@mail.com,5555558978,67019760
Armando,,skiles,Father,armando.skiles@mail.com,5555562966,67019761
Carmen,,samples,Caregiver,carmen.samples@mail.com,5555557451,67019762
Lorena,,salinas,Caregiver,lorena.salinas@mail.com,5555558824,67019763
Irma Olivia,,tillery,Mother,irma olivia.tillery@mail.com,5555558795,67019764
Ginna,,culp,Mother,ginna.culp@mail.com,5555558637,67019765
Virginia,,greenwald,Mother,virginia.greenwald@mail.com,5555563316,67019766
Zaida,,kirkland,Mother,zaida.kirkland@mail.com,5555562954,67019767
Roxanne,,matthew,Mother,roxanne.matthew@mail.com,5555562401,67019768
Klaritza,,kurtz,Mother,klaritza.kurtz@mail.com,5555559884,67019769
Liliana,,hazel,Mother,liliana.hazel@mail.com,5555563266,67019770
Juan,,pabon,Father,juan.pabon@mail.com,5555559105,67019771
Graciela,,espinal,Mother,graciela.espinal@mail.com,5555558713,67019772
Esmeralda,,cote,Mother,esmeralda.cote@mail.com,5555560450,67019773
Jasohjara,,baugh,Mother,jasohjara.baugh@mail.com,5555559216,67019774
Briset,,polanco,Mother,briset.polanco@mail.com,5555556820,67019775
Karen,,roundtree,Mother,karen.roundtree@mail.com,5555559658,67019776
Sarai,,cary,Mother,sarai.cary@mail.com,5555562596,67019777
Julisa,,merkel,Mother,julisa.merkel@mail.com,5555559621,67019778
Roxana,,phelan,Mother,roxana.phelan@mail.com,5555562390,67019779
Elsa,,kasper,Mother,elsa.kasper@mail.com,5555558158,67019780
Alma,,do,Mother,alma.do@mail.com,5555560766,67019781
Blanca,,luck,Caregiver,blanca.luck@mail.com,5555556714,67019782
Claudia,,blakely,Mother,claudia.blakely@mail.com,5555561406,67019783
Angelica,,seidel,Mother,angelica.seidel@mail.com,5555556260,67019784
Iris,,berkley,Mother,iris.berkley@mail.com,5555558972,67019785
Maria,,tinker,Mother,maria.tinker@mail.com,5555560516,67019786
Luz,,wirth,Mother,luz.wirth@mail.com,5555560512,67019787
Marylou,,wyrick,Mother,marylou.wyrick@mail.com,5555560437,67019788
Jacqueline,,cohen,Mother,jacqueline.cohen@mail.com,5555563332,67019789
Maria,,bogan,Mother,maria.bogan@mail.com,5555559033,67019790
Ricardo,,gastelum,Father,ricardo.gastelum@mail.com,5555558743,67019791
Blanca,,nutter,Mother,blanca.nutter@mail.com,5555556642,67019792
Patricia,,valentin,Caregiver,patricia.valentin@mail.com,5555557447,67019793
Flor,,irvine,Mother,flor.irvine@mail.com,5555558405,67019794
Sheyla,,erb,Mother,sheyla.erb@mail.com,5555561719,67019795
Susana,,jefferson,Mother,susana.jefferson@mail.com,5555562953,67019796
Sandra,,beckett,Mother,sandra.beckett@mail.com,5555556136,67019797
Alejandrina,,dalton,Mother,alejandrina.dalton@mail.com,5555555878,67019798
Karen,,beckham,Mother,karen.beckham@mail.com,5555559656,67019799
Sandra,,whelan,Mother,sandra.whelan@mail.com,5555561713,67019800
Erika,,proulx,Mother,erika.proulx@mail.com,5555558068,67019801
Manuel,,offutt,Father,manuel.offutt@mail.com,5555562646,67019802
Rosa,,roddy,Mother,rosa.roddy@mail.com,5555557407,67019803
Ana,,mize,Mother,ana.mize@mail.com,5555562492,67019804
Blary,,maddox,Mother,blary.maddox@mail.com,5555562076,67019805
Nelly,,baez,Mother,nelly.baez@mail.com,5555562924,67019806
Esther,,shrum,Mother,esther.shrum@mail.com,5555557931,67019807
Dania,,fortney,Mother,dania.fortney@mail.com,5555557560,67019808
Carmen,,graf,Mother,carmen.graf@mail.com,5555560319,67019809
Ada,,farrow,Mother,ada.farrow@mail.com,5555555651,67019810
Noemi,,lucas,Mother,noemi.lucas@mail.com,5555557046,67019811
Claudia,,baeza,Mother,claudia.baeza@mail.com,5555560237,67019812
Clara,,lamb,Mother,clara.lamb@mail.com,5555560676,67019813
Zoila,,loftin,Caregiver,zoila.loftin@mail.com,5555563661,67019814
Norma,,gallego,Mother,norma.gallego@mail.com,5555559379,67019815
Alma,,root,Caregiver,alma.root@mail.com,5555555973,67019816
Priscilla,,montemayor,Mother,priscilla.montemayor@mail.com,5555562021,67019817
Daniela,,stebbins,Mother,daniela.stebbins@mail.com,5555557598,67019818
Maria,,gifford,Mother,maria.gifford@mail.com,5555557138,67019819
Angelica,,stringfellow,Mother,angelica.stringfellow@mail.com,5555556228,67019820
Christian,,beauregard,Father,christian.beauregard@mail.com,5555557133,67019821
Elizabeth,,pieper,Mother,elizabeth.pieper@mail.com,5555558013,67019822
Magali,,grube,Mother,magali.grube@mail.com,5555560571,67019823
Christian,,strange,Father,christian.strange@mail.com,5555561743,67019824
Anabel,,ridley,Mother,anabel.ridley@mail.com,5555556091,67019825
Marvin,,catron,Father,marvin.catron@mail.com,5555561270,67019826
Alma,,holly,Mother,alma.holly@mail.com,5555562444,67019827
Carmen,,stillman,Mother,carmen.stillman@mail.com,5555558534,67019828
Sujey,,leslie,Mother,sujey.leslie@mail.com,5555557184,67019829
Elizabeth,,millard,Mother,elizabeth.millard@mail.com,5555557969,67019830
Adriana,,valente,Caregiver,adriana.valente@mail.com,5555556696,67019831
Marissa,,lasley,Mother,marissa.lasley@mail.com,5555560842,67019832
Laura,,stone,Mother,laura.stone@mail.com,5555560002,67019833
Jose,,stockton,Father,jose.stockton@mail.com,5555562489,67019834
Yaneth,,ragsdale,Mother,yaneth.ragsdale@mail.com,5555561589,67019835
Louis,,koester,Father,louis.koester@mail.com,5555560356,67019836
Diana,,fitch,Mother,diana.fitch@mail.com,5555556112,67019837
Maria,,whitted,Mother,maria.whitted@mail.com,5555560566,67019838
Liliana,,french,Mother,liliana.french@mail.com,5555560825,67019839
Karla,,mcreynolds,Mother,karla.mcreynolds@mail.com,5555559723,67019840
Pedro,,parry,Father,pedro.parry@mail.com,5555561896,67019841
Karla,,herring,Mother,karla.herring@mail.com,5555559087,67019842
Lizbeth,,atencio,Mother,lizbeth.atencio@mail.com,5555558334,67019843
Sendi,,loper,Mother,sendi.loper@mail.com,5555562102,67019844
Mayra,,mahaffey,Mother,mayra.mahaffey@mail.com,5555561008,67019845
Mary,,norfleet,Mother,mary.norfleet@mail.com,5555560935,67019846
Monica,,kellogg,Mother,monica.kellogg@mail.com,5555561328,67019847
Maria,,trevino,Caregiver,maria.trevino@mail.com,5555556720,67019848
Monica,,samson,Mother,monica.samson@mail.com,5555559893,67019849
Zohe,,fite,Mother,zohe.fite@mail.com,5555558530,67019850
Diane,,hartnett,Court Appointed Guardian,diane.hartnett@mail.com,5555557756,67019851
Gloria,,olin,Caregiver,gloria.olin@mail.com,5555558610,67019852
Yessica,,arevalo,Caregiver,yessica.arevalo@mail.com,5555563521,67019853
Michelle,,foy,Mother,michelle.foy@mail.com,5555561176,67019854
Alma,,railey,Mother,alma.railey@mail.com,5555555968,67019855
Kimberly,,larry,Mother,kimberly.larry@mail.com,5555560114,67019856
Vanessa,,little,Mother,vanessa.little@mail.com,5555563136,67019857
Mariana,,comeaux,Mother,mariana.comeaux@mail.com,5555560541,67019858
Gabrielle,,garza,Mother,gabrielle.garza@mail.com,5555564043,67019859
Adriana,,spearman,Mother,adriana.spearman@mail.com,5555556085,67019860
Viridiana,,talley,Mother,viridiana.talley@mail.com,5555563309,67019861
Carmen,,rizzo,Mother,carmen.rizzo@mail.com,5555558327,67019862
Otilia,,angle,Mother,otilia.angle@mail.com,5555559043,67019863
Sussanne,,henriquez,Mother,sussanne.henriquez@mail.com,5555562644,67019864
Enriqueta,,bernhardt,Mother,enriqueta.bernhardt@mail.com,5555558097,67019865
Perla,,richburg,Mother,perla.richburg@mail.com,5555561934,67019866
Carolina,,dickinson,Mother,carolina.dickinson@mail.com,5555559922,67019867
Toni,,ellsworth,Mother,toni.ellsworth@mail.com,5555563027,67019868
Alejandra,,newhouse,Mother,alejandra.newhouse@mail.com,5555555844,67019869
Bertha Rocio,,mcauley,Mother,bertha rocio.mcauley@mail.com,5555556408,67019870
Marlene,,range,Mother,marlene.range@mail.com,5555560868,67019871
Irma,,carillo,Caregiver,irma.carillo@mail.com,5555558990,67019872
Karminia,,colella,Mother,karminia.colella@mail.com,5555559762,67019873
Herlinda,,tennyson,Caregiver,herlinda.tennyson@mail.com,5555558830,67019874
Perlita,,crews,Mother,perlita.crews@mail.com,5555561943,67019875
Dania,,shore,Mother,dania.shore@mail.com,5555557551,67019876
Elvia,,esparza,Mother,elvia.esparza@mail.com,5555562605,67019877
Josefina,,jenson,Mother,josefina.jenson@mail.com,5555555752,67019878
Maria,,casanova,Mother,maria.casanova@mail.com,5555560774,67019879
Leticia,,talley,Mother,leticia.talley@mail.com,5555559972,67019880
Claudia,,haile,Mother,claudia.haile@mail.com,5555563293,67019881
Lorenia,,read,Mother,lorenia.read@mail.com,5555560322,67019882
Ana,,fatima,Mother,ana.fatima@mail.com,5555563644,67019883
Lilia,,boddie,Mother,lilia.boddie@mail.com,5555559515,67019884
Magdalena,,jackson,Caregiver,magdalena.jackson@mail.com,5555561019,67019885
Rosa,,gomes,Mother,rosa.gomes@mail.com,5555557205,67019886
Brenda,,garvin,Mother,brenda.garvin@mail.com,5555559635,67019887
Francisca,,townley,Mother,francisca.townley@mail.com,5555558365,67019888
Fabiola,,prater,Mother,fabiola.prater@mail.com,5555558380,67019889
Laura,,edwards,Mother,laura.edwards@mail.com,5555556429,67019890
Ana,,lafontaine,Grandmother,ana.lafontaine@mail.com,5555563986,67019891
Ana,,estrada,Grandmother,ana.estrada@mail.com,5555563985,67019892
Alfredo,,moton,Caregiver,alfredo.moton@mail.com,5555556312,67019893
Juan,,luttrell,Father,juan.luttrell@mail.com,5555561288,67019894
Blanca,,hutto,Mother,blanca.hutto@mail.com,5555556709,67019895
Jorge,,martell,Father,jorge.martell@mail.com,5555557823,67019896
Roxana,,caston,Mother,roxana.caston@mail.com,5555562387,67019897
Ivone,,fitzhugh,Caregiver,ivone.fitzhugh@mail.com,5555559089,67019898
Gissel,,santos,Mother,gissel.santos@mail.com,5555558630,67019899
Magdalena,,doerr,Mother,magdalena.doerr@mail.com,5555560597,67019900
Alejandra,,preece,Mother,alejandra.preece@mail.com,5555561368,67019901
Acencion,,risner,Father,acencion.risner@mail.com,5555557026,67019902
Steven,,falk,Caregiver,steven.falk@mail.com,5555556739,67019903
Maria,,rhine,Mother,maria.rhine@mail.com,5555560775,67019904
Violeta,,constantino,Mother,violeta.constantino@mail.com,5555563300,67019905
Anna,,sander,Mother,anna.sander@mail.com,5555556279,67019906
Monica,,corliss,Mother,monica.corliss@mail.com,5555561303,67019907
Amalia,,mulvey,Mother,amalia.mulvey@mail.com,5555556033,67019908
Maribel,,haire,Mother,maribel.haire@mail.com,5555555567,67019909
Lizbeth,,stepp,Mother,lizbeth.stepp@mail.com,5555563041,67019910
Brenda,,lasater,Mother,brenda.lasater@mail.com,5555556778,67019911
Maria,,spiker,Mother,maria.spiker@mail.com,5555559957,67019912
Nara,,locklear,Mother,nara.locklear@mail.com,5555561528,67019913
Alma,,mccain,Mother,alma.mccain@mail.com,5555555979,67019914
Laura,,dupree,Mother,laura.dupree@mail.com,5555560006,67019915
Luis,,yanez,Father,luis.yanez@mail.com,5555558565,67019916
Jazminda,,baylor,Mother,jazminda.baylor@mail.com,5555558045,67019917
Marla,,delk,Mother,marla.delk@mail.com,5555557142,67019918
Claudia,,schoonover,Mother,claudia.schoonover@mail.com,5555556900,67019919
Laura,,levi,Caregiver,laura.levi@mail.com,5555560021,67019920
Ivette,,paterson,Mother,ivette.paterson@mail.com,5555559083,67019921
Navil,,dominick,Mother,navil.dominick@mail.com,5555561092,67019922
Ivonne,,blunt,Mother,ivonne.blunt@mail.com,5555559091,67019923
Dulce,,gilbreath,Mother,dulce.gilbreath@mail.com,5555557848,67019924
Alan,,deleon,Father,alan.deleon@mail.com,5555555810,67019925
Maricela,,souza,Mother,maricela.souza@mail.com,5555559439,67019926
Gabriela,,freeland,Mother,gabriela.freeland@mail.com,5555557638,67019927
Claudia,,lang,Mother,claudia.lang@mail.com,5555557345,67019928
Guadalupe,,frazer,Caregiver,guadalupe.frazer@mail.com,5555558761,67019929
Belen,,remillard,Mother,belen.remillard@mail.com,5555556184,67019930
Karina,,paris,Mother,karina.paris@mail.com,5555557147,67019931
Alberto,,tait,Father,alberto.tait@mail.com,5555555830,67019932
Alma,,terrazas,Mother,alma.terrazas@mail.com,5555556873,67019933
Alma,,lemoine,Mother,alma.lemoine@mail.com,5555556874,67019934
Lisa,,sunderland,Mother,lisa.sunderland@mail.com,5555560032,67019935
Berenice,,caldera,Mother,berenice.caldera@mail.com,5555556636,67019936
Cecilia,,zielinski,Mother,cecilia.zielinski@mail.com,5555557356,67019937
Virginia,,gibson,Mother,virginia.gibson@mail.com,5555562963,67019938
Zinahi,,berrios,Mother,zinahi.berrios@mail.com,5555563651,67019939
Brianda,,darby,Mother,brianda.darby@mail.com,5555562886,67019940
Rosa,,leeper,Caregiver,rosa.leeper@mail.com,5555564040,67019941
Yenissey,,downs,Caregiver,yenissey.downs@mail.com,5555563540,67019942
Anabel,,hollingshead,Mother,anabel.hollingshead@mail.com,5555560660,67019943
Sonia,,vernon,Mother,sonia.vernon@mail.com,5555556878,67019944
Ericka,,blunt,Mother,ericka.blunt@mail.com,5555563279,67019945
Martha Elena,,dexter,Mother,martha elena.dexter@mail.com,5555557200,67019946
Blanca,,hollis,Mother,blanca.hollis@mail.com,5555558100,67019947
Lissett,,mccorkle,Mother,lissett.mccorkle@mail.com,5555562378,67019948
Karina,,ferry,Mother,karina.ferry@mail.com,5555559685,67019949
Yolanda,,springer,Mother,yolanda.springer@mail.com,5555563552,67019950
Ricardo,,cooks,Father,ricardo.cooks@mail.com,5555560817,67019951
Carlos,,hambrick,Father,carlos.hambrick@mail.com,5555556966,67019952
Jose,,burnell,Father,jose.burnell@mail.com,5555559512,67019953
Carlos,,chiles,Father,carlos.chiles@mail.com,5555562183,67019954
Norma,,claxton,Mother,norma.claxton@mail.com,5555556211,67019955
Margarita,,brake,Mother,margarita.brake@mail.com,5555556366,67019956
David,,wesley,Father,david.wesley@mail.com,5555562697,67019957
Claudia,,hiatt,Mother,claudia.hiatt@mail.com,5555556897,67019958
Denisse,,worley,Mother,denisse.worley@mail.com,5555556346,67019959
Dennis,,moran,Father,dennis.moran@mail.com,5555557693,67019960
Leticia,,doak,Mother,leticia.doak@mail.com,5555560096,67019961
Fabiola,,westfall,Mother,fabiola.westfall@mail.com,5555562173,67019962
Laura,,rieger,Mother,laura.rieger@mail.com,5555561865,67019963
Jasmin,,thomas,Family Member,jasmin.thomas@mail.com,5555559557,67019964
Edna,,clinton,Mother,edna.clinton@mail.com,5555556925,67019965
Edna,,lennon,Mother,edna.lennon@mail.com,5555556924,67019966
Laura,,gurley,Caregiver,laura.gurley@mail.com,5555560020,67019967
Hector,,dooley,Father,hector.dooley@mail.com,5555561443,67019968
Beatriz,,mims,Mother,beatriz.mims@mail.com,5555556587,67019969
Gloria,,stackhouse,Mother,gloria.stackhouse@mail.com,5555558611,67019970
Roxana,,trotman,Mother,roxana.trotman@mail.com,5555562385,67019971
Julie,,pond,Mother,julie.pond@mail.com,5555559603,67019972
Anthony,,eck,Multiple Parents/Guardians/Caretakers,anthony.eck@mail.com,5555563997,67019973
Maria,,gossett,Mother,maria.gossett@mail.com,5555559063,67019974
Agustina,,elliot,Mother,agustina.elliot@mail.com,5555555765,67019975
Lilia,,dansby,Mother,lilia.dansby@mail.com,5555555760,67019976
Yessica,,royal,Mother,yessica.royal@mail.com,5555563522,67019977
Carmen,,willis,Mother,carmen.willis@mail.com,5555561334,67019978
Valerie,,locklear,Mother,valerie.locklear@mail.com,5555563104,67019979
Maria Del Rosario,,blevins,Mother,maria del rosario.blevins@mail.com,5555560714,67019980
Eli,,penrod,Mother,eli.penrod@mail.com,5555557961,67019981
Daisy,,puente,Mother,daisy.puente@mail.com,5555557514,67019982
Hilario,,nealy,Father,hilario.nealy@mail.com,5555561793,67019983
Elda,,gwinn,Mother,elda.gwinn@mail.com,5555558078,67019984
Gabriela,,tinker,Mother,gabriela.tinker@mail.com,5555558678,67019985
Luis,,alba,Father,luis.alba@mail.com,5555556546,67019986
Robert,,freeman,Father,robert.freeman@mail.com,5555562418,67019987
Brenda,,anson,Aunt,brenda.anson@mail.com,5555558819,67019988
Denise,,montes,Mother,denise.montes@mail.com,5555557673,67019989
Isvi,,bragg,Mother,isvi.bragg@mail.com,5555559050,67019990
Janneth,,ragan,Court Appointed Guardian,janneth.ragan@mail.com,5555559202,67019991
Blanca,,voigt,Caregiver,blanca.voigt@mail.com,5555556724,67019992
Katia,,cordell,Caregiver,katia.cordell@mail.com,5555559785,67019993
Clara Rosa,,passmore,Mother,clara rosa.passmore@mail.com,5555557287,67019994
Maria,,sarmiento,Mother,maria.sarmiento@mail.com,5555560476,67019995
Yolanda,,maupin,Caregiver,yolanda.maupin@mail.com,5555563286,67019996
Jose,,vanderpool,Father,jose.vanderpool@mail.com,5555559384,67019997
Paloma,,mateo,Mother,paloma.mateo@mail.com,5555563378,67019998
Brisia,,toney,Caregiver,brisia.toney@mail.com,5555556830,67019999
Irna,,roybal,Mother,irna.roybal@mail.com,5555558993,67020000
Katia,,lucky,Mother,katia.lucky@mail.com,5555559786,67020001
Rosa,,batson,Mother,rosa.batson@mail.com,5555561038,67020002
Margarita,,lockett,Mother,margarita.lockett@mail.com,5555560691,67020003
Karla,,ley,Mother,karla.ley@mail.com,5555559853,67020004
Keyla,,wicker,Mother,keyla.wicker@mail.com,5555555954,67020005
Maria,,walter,Caregiver,maria.walter@mail.com,5555559672,67020006
Marisol,,shaughnessy,Family Member,marisol.shaughnessy@mail.com,5555564048,67020007
Yasmira,,braud,Mother,yasmira.braud@mail.com,5555563586,67020008
Mercy,,pritchard,Mother,mercy.pritchard@mail.com,5555556895,67020009
Mercy,,spiker,Mother,mercy.spiker@mail.com,5555556896,67020010
Asmara,,whatley,Mother,asmara.whatley@mail.com,5555562964,67020011
Alma,,pelkey,Caregiver,alma.pelkey@mail.com,5555560765,67020012
Sandra,,strunk,Mother,sandra.strunk@mail.com,5555559444,67020013
Miguel,,frey,Father,miguel.frey@mail.com,5555561192,67020014
Jesus Elisa,,ochoa,Mother,jesus elisa.ochoa@mail.com,5555557987,67020015
Lorena,,cory,Mother,lorena.cory@mail.com,5555561855,67020016
Maria,,woolsey,Caregiver,maria.woolsey@mail.com,5555560622,67020017
Edna,,putnam,Mother,edna.putnam@mail.com,5555563420,67020018
Jennifer,,melcher,Mother,jennifer.melcher@mail.com,5555561053,67020019
Norma,,montague,Mother,norma.montague@mail.com,5555556227,67020020
Ana,,sibley,Aunt,ana.sibley@mail.com,5555561372,67020021
Diana,,summerville,Caregiver,diana.summerville@mail.com,5555557710,67020022
Martin,,mcneal,Father,martin.mcneal@mail.com,5555556365,67020023
Genaro,,hallett,Father,genaro.hallett@mail.com,5555563877,67020024
Sandra,,gagnon,Mother,sandra.gagnon@mail.com,5555563669,67020025
Veronica,,flagg,Mother,veronica.flagg@mail.com,5555561040,67020026
Lupita,,holloman,Mother,lupita.holloman@mail.com,5555560309,67020027
Ken,,boulton,Father,ken.boulton@mail.com,5555557398,67020028
Laura,,ramsey,Mother,laura.ramsey@mail.com,5555560278,67020029
Joel,,dunagan,Father,joel.dunagan@mail.com,5555559441,67020030
Yvonne,,robinson,Mother,yvonne.robinson@mail.com,5555560629,67020031
Vanessa,,thielen,Mother,vanessa.thielen@mail.com,5555563140,67020032
Jovanny,,daniels,Mother,jovanny.daniels@mail.com,5555556631,67020033
Alma,,hendrix,Caregiver,alma.hendrix@mail.com,5555555966,67020034
Leticia,,gooding,Caregiver,leticia.gooding@mail.com,5555562580,67020035
Leticia,,saiz,Caregiver,leticia.saiz@mail.com,5555562581,67020036
Leopoldo,,roybal,Father,leopoldo.roybal@mail.com,5555557007,67020037
Bernice,,bueno,Mother,bernice.bueno@mail.com,5555556646,67020038
Tanya,,courtney,Caregiver,tanya.courtney@mail.com,5555562947,67020039
Irma,,gulick,Caregiver,irma.gulick@mail.com,5555557371,67020040
Diana,,nakamura,Mother,diana.nakamura@mail.com,5555557726,67020041
Cynthia,,mayorga,Mother,cynthia.mayorga@mail.com,5555557497,67020042
Hiram,,leach,Father,hiram.leach@mail.com,5555558873,67020043
Karla,,roussel,Mother,karla.roussel@mail.com,5555559632,67020044
Brenda,,oliphant,Mother,brenda.oliphant@mail.com,5555558454,67020045
Sandra,,barrows,Caregiver,sandra.barrows@mail.com,5555562536,67020046
Brenda,,hutchinson,Mother,brenda.hutchinson@mail.com,5555556790,67020047
Veronica,,berglund,Mother,veronica.berglund@mail.com,5555563211,67020048
Margarita,,murphree,Mother,margarita.murphree@mail.com,5555557039,67020049
Alejandra,,connor,Mother,alejandra.connor@mail.com,5555563375,67020050
Carolina,,esposito,Mother,carolina.esposito@mail.com,5555557375,67020051
Elvia Janette,,comeaux,Mother,elvia janette.comeaux@mail.com,5555559194,67020052
Sara,,noah,Caregiver,sara.noah@mail.com,5555562604,67020053
Mariana,,bruton,Mother,mariana.bruton@mail.com,5555561283,67020054
Alma,,gatlin,Aunt,alma.gatlin@mail.com,5555559352,67020055
Manuel,,fahey,Father,manuel.fahey@mail.com,5555560638,67020056
Rafael,,grimes,Father,rafael.grimes@mail.com,5555559024,67020057
Yudymira,,goetz,Mother,yudymira.goetz@mail.com,5555563606,67020058
Genaro,,angle,Father,genaro.angle@mail.com,5555558554,67020059
Nelly,,leslie,Caregiver,nelly.leslie@mail.com,5555562922,67020060
Perla,,krug,Mother,perla.krug@mail.com,5555556726,67020061
Cinthya,,ibarra,Caregiver,cinthya.ibarra@mail.com,5555557269,67020062
Teresa,,kelleher,Caregiver,teresa.kelleher@mail.com,5555558262,67020063
Federico,,keeling,Father,federico.keeling@mail.com,5555563964,67020064
Gabriela,,stockman,Mother,gabriela.stockman@mail.com,5555558477,67020065
Imelda,,mcfadden,Mother,imelda.mcfadden@mail.com,5555560567,67020066
Sergio,,sweet,Father,sergio.sweet@mail.com,5555562681,67020067
Francisco,,taft,Father,francisco.taft@mail.com,5555558415,67020068
Yadira,,stiles,Mother,yadira.stiles@mail.com,5555563410,67020069
Patricia,,rodriques,Caregiver,patricia.rodriques@mail.com,5555561872,67020070
Melissa,,rios,Caregiver,melissa.rios@mail.com,5555561063,67020071
Victor,,springer,Father,victor.springer@mail.com,5555562119,67020072
Nelly,,brinson,Caregiver,nelly.brinson@mail.com,5555562921,67020073
Manuel,,bridgeman,Caregiver,manuel.bridgeman@mail.com,5555562645,67020074
Livier,,huckaby,Caregiver,livier.huckaby@mail.com,5555558891,67020075
Maria Cristina,,yates,Mother,maria cristina.yates@mail.com,5555557406,67020076
Elizabeth,,horn,Caregiver,elizabeth.horn@mail.com,5555558006,67020077
Jose Maria,,rhyne,Caregiver,jose maria.rhyne@mail.com,5555557872,67020078
Maria,,eliason,Mother,maria.eliason@mail.com,5555560951,67020079
Mario,,mackey,Caregiver,mario.mackey@mail.com,5555560690,67020080
Aida,,cooper,Mother,aida.cooper@mail.com,5555555774,67020081
Yaneth,,orta,Mother,yaneth.orta@mail.com,5555563441,67020082
Maria,,lunsford,Mother,maria.lunsford@mail.com,5555560804,67020083
Fanny,,dalton,Caregiver,fanny.dalton@mail.com,5555558312,67020084
Alma,,guthrie,Caregiver,alma.guthrie@mail.com,5555559350,67020085
Karla,,silvas,Mother,karla.silvas@mail.com,5555559728,67020086
Maria,,coyle,Mother,maria.coyle@mail.com,5555560730,67020087
Maria del Carmen,,matthew,Mother,maria del carmen.matthew@mail.com,5555560544,67020088
Marilin,,vazquez,Caregiver,marilin.vazquez@mail.com,5555560805,67020089
Nancy,,sommer,Mother,nancy.sommer@mail.com,5555561486,67020090
Abigail,,stocks,Mother,abigail.stocks@mail.com,5555555635,67020091
Claudia,,butts,Mother,claudia.butts@mail.com,5555558319,67020092
Veronica,,overby,Caregiver,veronica.overby@mail.com,5555563230,67020093
Janet,,abrams,Caregiver,janet.abrams@mail.com,5555562467,67020094
Viviana,,vidal,Mother,viviana.vidal@mail.com,5555563329,67020095
Guadalupe,,keyser,Mother,guadalupe.keyser@mail.com,5555557186,67020096
Rosa,,tharp,Caregiver,rosa.tharp@mail.com,5555559186,67020097
Veronica,,hauck,Grandmother,veronica.hauck@mail.com,5555563341,67020098
Maria Elena,,martineau,Caregiver,maria elena.martineau@mail.com,5555562534,67020099
Paz,,honeycutt,Caregiver,paz.honeycutt@mail.com,5555563685,67020100
Diana Lizeth,,milligan,Mother,diana lizeth.milligan@mail.com,5555557120,67020101
Johana,,crouse,Caregiver,johana.crouse@mail.com,5555559450,67020102
Maria De Jesus,,weber,Mother,maria de jesus.weber@mail.com,5555560751,67020103
Cassandra,,healey,Mother,cassandra.healey@mail.com,5555557029,67020104
Rosario,,obryan,Caregiver,rosario.obryan@mail.com,5555555563,67020105
Hilda,,lines,Caregiver,hilda.lines@mail.com,5555558866,67020106
Lizeth,,guay,Caregiver,lizeth.guay@mail.com,5555560115,67020107
Carlos,,dyke,Father,carlos.dyke@mail.com,5555560138,67020108
Julia,,desrochers,Mother,julia.desrochers@mail.com,5555559600,67020109
Sandra,,mabry,Caregiver,sandra.mabry@mail.com,5555562557,67020110
Ana,,petit,Caregiver,ana.petit@mail.com,5555556138,67020111
Cindy Zulema,,marrow,Mother,cindy zulema.marrow@mail.com,5555557237,67020112
Shakira,,dunlop,Mother,shakira.dunlop@mail.com,5555558265,67020113
Lesly,,bunn,Mother,lesly.bunn@mail.com,5555559675,67020114
Angela,,donnell,Other Relative,angela.donnell@mail.com,5555563892,67020115
Carmen,,barksdale,Caregiver,carmen.barksdale@mail.com,5555559760,67020116
Fernando,,overton,Caregiver,fernando.overton@mail.com,5555558367,67020117
Adriana,,bowler,Caregiver,adriana.bowler@mail.com,5555561799,67020118
Hector,,mccants,Caregiver,hector.mccants@mail.com,5555556760,67020119
Isis,,whitson,Mother,isis.whitson@mail.com,5555559039,67020120
Kenya,,kessler,Caregiver,kenya.kessler@mail.com,5555559930,67020121
Rosalbina,,hoffman,Caregiver,rosalbina.hoffman@mail.com,5555562312,67020122
Erica,,tisdale,Mother,erica.tisdale@mail.com,5555558233,67020123
Evelyn,,breen,Caregiver,evelyn.breen@mail.com,5555558102,67020124
Alexandra,,boone,Mother,alexandra.boone@mail.com,5555561035,67020125
Yesenia,,word,Mother,yesenia.word@mail.com,5555562618,67020126
Irma,,soper,Caregiver,irma.soper@mail.com,5555558340,67020127
Ernestina,,dash,Grandmother,ernestina.dash@mail.com,5555562343,67020128
Herminia,,stowell,Mother,herminia.stowell@mail.com,5555559952,67020129
Pamela Melissa,,harbison,Mother,pamela melissa.harbison@mail.com,5555561813,67020130
Dennise,,bayless,Caregiver,dennise.bayless@mail.com,5555557688,67020131
Noemi,,doherty,Mother,noemi.doherty@mail.com,5555561660,67020132
Jorge,,peterson,Caregiver,jorge.peterson@mail.com,5555556301,67020133
Francisca,,merrell,Mother,francisca.merrell@mail.com,5555561613,67020134
Luz Delia,,wasson,Caregiver,luz delia.wasson@mail.com,5555558335,67020135
Hugo,,sanchez,Caregiver,hugo.sanchez@mail.com,5555558887,67020136
Susana,,england,Caregiver,susana.england@mail.com,5555562887,67020137
Susana,,anwar,Caregiver,susana.anwar@mail.com,5555562888,67020138
Miguel,,zamora,Father,miguel.zamora@mail.com,5555561191,67020139
Hugo,,kato,Father,hugo.kato@mail.com,5555558888,67020140
Maria,,graziano,Caregiver,maria.graziano@mail.com,5555563984,67020141
Nancy,,france,Caregiver,nancy.france@mail.com,5555556264,67020142
Adelaida,,bradshaw,Caregiver,adelaida.bradshaw@mail.com,5555555661,67020143
Valeria,,quinonez,Caregiver,valeria.quinonez@mail.com,5555563106,67020144
Dea,,hockenberry,Mother,dea.hockenberry@mail.com,5555557631,67020145
Luis Omar,,carter,Father,luis omar.carter@mail.com,5555560420,67020146
Isis,,ahmed,Mother,isis.ahmed@mail.com,5555559036,67020147
Isis,,mosby,Mother,isis.mosby@mail.com,5555559035,67020148
Ana,,tamayo,Caregiver,ana.tamayo@mail.com,5555556511,67020149
Eduardo,,derosier,Caregiver,eduardo.derosier@mail.com,5555562252,67020150
Mario,,provost,Father,mario.provost@mail.com,5555557813,67020151
Elvira,,gupta,Mother,elvira.gupta@mail.com,5555561658,67020152
Ortencia,,viera,Caregiver,ortencia.viera@mail.com,5555562059,67020153
Blanca,,mcdonough,Mother,blanca.mcdonough@mail.com,5555556719,67020154
Edna,,conti,Caregiver,edna.conti@mail.com,5555557921,67020155
Gildardo,,armstrong,Father,gildardo.armstrong@mail.com,5555558744,67020156
Angelita,,maestas,Mother,angelita.maestas@mail.com,5555556270,67020157
James,,saenz,Father,james.saenz@mail.com,5555559253,67020158
Araceli,,gantt,Mother,araceli.gantt@mail.com,5555556126,67020159
Maria De Los Angeles,,roush,Caregiver,maria de los angeles.roush@mail.com,5555561392,67020160
Guadalupe,,hunsaker,Caregiver,guadalupe.hunsaker@mail.com,5555560873,67020161
Jaquelin,,ma,Mother,jaquelin.ma@mail.com,5555559125,67020162
Luz,,whitlock,Mother,luz.whitlock@mail.com,5555560394,67020163
Adela Ivonne,,mayberry,Mother,adela ivonne.mayberry@mail.com,5555559095,67020164
Sarai,,mena,Caregiver,sarai.mena@mail.com,5555562593,67020165
Emmeline,,ouellette,Caregiver,emmeline.ouellette@mail.com,5555558084,67020166
Marina,,gorton,Mother,marina.gorton@mail.com,5555561167,67020167
Maria Rosario,,marchetti,Mother,maria rosario.marchetti@mail.com,5555562337,67020168
Nubia,,mabry,Mother,nubia.mabry@mail.com,5555563796,67020169
Silvia,,breeden,Mother,silvia.breeden@mail.com,5555562705,67020170
Jesus,,mcnabb,Father,jesus.mcnabb@mail.com,5555555812,67020171
Magda,,lively,Mother,magda.lively@mail.com,5555563633,67020172
Martha,,gilman,Mother,martha.gilman@mail.com,5555560877,67020173
Ericka,,arriola,Mother,ericka.arriola@mail.com,5555557509,67020174
Sandra,,houle,Caregiver,sandra.houle@mail.com,5555562554,67020175
Evarosa,,wyman,Mother,evarosa.wyman@mail.com,5555558241,67020176
Norma,,desmarais,Mother,norma.desmarais@mail.com,5555561686,67020177
Mayra,,edington,Mother,mayra.edington@mail.com,5555561007,67020178
Ana,,dias,Caregiver,ana.dias@mail.com,5555559448,67020179
Delia,,yasin,Mother,delia.yasin@mail.com,5555557649,67020180
Esmeralda,,barnhill,Mother,esmeralda.barnhill@mail.com,5555558193,67020181
Yuridia,,trotter,Mother,yuridia.trotter@mail.com,5555563604,67020182
Claudia,,gooden,Mother,claudia.gooden@mail.com,5555563867,67020183
Ana,,mace,Mother,ana.mace@mail.com,5555563880,67020184
Alondra,,richardson,Caregiver,alondra.richardson@mail.com,5555556002,67020185
Maria,,allard,Caregiver,maria.allard@mail.com,5555559228,67020186
Eva,,mccarter,Caregiver,eva.mccarter@mail.com,5555563828,67020187
Delia,,dugan,Mother,delia.dugan@mail.com,5555557630,67020188
Nereida,,deleon,Mother,nereida.deleon@mail.com,5555561597,67020189
Palmira,,nightingale,Mother,palmira.nightingale@mail.com,5555559260,67020190
Alberto,,cofer,Grandfather,alberto.cofer@mail.com,5555562256,67020191
Baltazar Rosario,,pennington,Father,baltazar rosario.pennington@mail.com,5555556554,67020192
Sergio,,moen,Father,sergio.moen@mail.com,5555558387,67020193
Karina,,koonce,Mother,karina.koonce@mail.com,5555559986,67020194
Liliana,,upton,Caregiver,liliana.upton@mail.com,5555560158,67020195
Rubi,,guillen,Caregiver,rubi.guillen@mail.com,5555562423,67020196
Melissa,,mcmahan,Caregiver,melissa.mcmahan@mail.com,5555560820,67020197
Lya,,fielding,Mother,lya.fielding@mail.com,5555560522,67020198
Noe,,cutler,Father,noe.cutler@mail.com,5555561664,67020199
Sandy,,hutchison,Mother,sandy.hutchison@mail.com,5555562568,67020200
Maribel,,exum,Mother,maribel.exum@mail.com,5555561298,67020201
Maria,,cline,Mother,maria.cline@mail.com,5555561371,67020202
Silvia,,loftis,Mother,silvia.loftis@mail.com,5555559563,67020203
Ana,,ingle,Mother,ana.ingle@mail.com,5555561523,67020204
Anabel,,peach,Mother,anabel.peach@mail.com,5555561787,67020205
Diana,,slagle,Mother,diana.slagle@mail.com,5555561820,67020206
David,,morrison,Father,david.morrison@mail.com,5555557867,67020207
Sonia,,kearney,Mother,sonia.kearney@mail.com,5555563274,67020208
Celina,,bolinger,Mother,celina.bolinger@mail.com,5555557096,67020209
Aurora,,guevara,Mother,aurora.guevara@mail.com,5555556490,67020210
Johana,,pfeifer,Mother,johana.pfeifer@mail.com,5555559452,67020211
Brenda,,heredia,Mother,brenda.heredia@mail.com,5555556868,67020212
Veronica,,bankston,Mother,veronica.bankston@mail.com,5555563244,67020213
Agueda,,mulkey,Mother,agueda.mulkey@mail.com,5555555745,67020214
Sandra,,quarles,Mother,sandra.quarles@mail.com,5555562537,67020215
Flora,,stamp,Mother,flora.stamp@mail.com,5555560547,67020216
Edith,,partida,Mother,edith.partida@mail.com,5555556461,67020217
Yolanda,,zimmerman,Mother,yolanda.zimmerman@mail.com,5555563276,67020218
Susie,,stoll,Mother,susie.stoll@mail.com,5555562883,67020219
Erica,,rathbone,Mother,erica.rathbone@mail.com,5555558116,67020220
Georgina,,keele,Mother,georgina.keele@mail.com,5555558602,67020221
Veronica,,volk,Mother,veronica.volk@mail.com,5555563257,67020222
Maria,,wainwright,Mother,maria.wainwright@mail.com,5555556414,67020223
Alma,,galbraith,Mother,alma.galbraith@mail.com,5555558521,67020224
Clara,,lozano,Mother,clara.lozano@mail.com,5555558642,67020225
William,,herrick,Father,william.herrick@mail.com,5555563376,67020226
Miguel,,seely,Father,miguel.seely@mail.com,5555559916,67020227
Irma,,clary,Mother,irma.clary@mail.com,5555560329,67020228
Alicia,,morrison,Mother,alicia.morrison@mail.com,5555555741,67020229
Liliana,,morrow,Mother,liliana.morrow@mail.com,5555560155,67020230
Marissa,,mcabee,Mother,marissa.mcabee@mail.com,5555560839,67020231
Maricela,,horsley,Mother,maricela.horsley@mail.com,5555557203,67020232
Yadira,,sites,Mother,yadira.sites@mail.com,5555563405,67020233
Maricela,,mortensen,Mother,maricela.mortensen@mail.com,5555560789,67020234
Rosaura,,thorp,Mother,rosaura.thorp@mail.com,5555562346,67020235
Rosa,,wasson,Mother,rosa.wasson@mail.com,5555559500,67020236
Gerardo,,savage,Father,gerardo.savage@mail.com,5555559310,67020237
Judith,,uribe,Mother,judith.uribe@mail.com,5555559588,67020238
Guadalupe,,bullock,Mother,guadalupe.bullock@mail.com,5555560473,67020239
Maria,,raynor,Mother,maria.raynor@mail.com,5555560653,67020240
Wendy,,barclay,Mother,wendy.barclay@mail.com,5555563373,67020241
Zaida,,swisher,Mother,zaida.swisher@mail.com,5555563625,67020242
Christina,,mcknight,Mother,christina.mcknight@mail.com,5555561797,67020243
Jose,,andrews,Father,jose.andrews@mail.com,5555559498,67020244
Alejandra,,hindman,Mother,alejandra.hindman@mail.com,5555556010,67020245
Monica,,duggan,Mother,monica.duggan@mail.com,5555561311,67020246
Lidia,,weinberg,Mother,lidia.weinberg@mail.com,5555558784,67020247
Alba,,matherne,Mother,alba.matherne@mail.com,5555555826,67020248
Esmeralda,,crain,Mother,esmeralda.crain@mail.com,5555558201,67020249
Mario,,metz,Father,mario.metz@mail.com,5555558501,67020250
Yadira,,johnston,Mother,yadira.johnston@mail.com,5555563409,67020251
Sandra,,rogers,Mother,sandra.rogers@mail.com,5555561856,67020252
Beatriz,,hilton,Caregiver,beatriz.hilton@mail.com,5555556665,67020253
Veronica,,beaudoin,Mother,veronica.beaudoin@mail.com,5555563240,67020254
Teresa,,doucette,Mother,teresa.doucette@mail.com,5555562962,67020255
Edit,,quinones,Mother,edit.quinones@mail.com,5555555562,67020256
Erik,,colbert,Father,erik.colbert@mail.com,5555561900,67020257
Cinthia,,mcknight,Mother,cinthia.mcknight@mail.com,5555557261,67020258
Isis,,gentile,Mother,isis.gentile@mail.com,5555559037,67020259
Marisela,,sibley,Mother,marisela.sibley@mail.com,5555556818,67020260
Marisol,,echevarria,Mother,marisol.echevarria@mail.com,5555560838,67020261
Esteban,,power,Father,esteban.power@mail.com,5555562834,67020262
Esperanza,,barrows,Mother,esperanza.barrows@mail.com,5555562917,67020263
Amanda,,bickel,Mother,amanda.bickel@mail.com,5555556040,67020264
Rosina,,luis,Mother,rosina.luis@mail.com,5555557394,67020265
Elsa,,traylor,Mother,elsa.traylor@mail.com,5555558025,67020266
Noemi,,mcmorris,Mother,noemi.mcmorris@mail.com,5555561659,67020267
Maria,,vincent,Mother,maria.vincent@mail.com,5555557510,67020268
Guillermina,,eldredge,Mother,guillermina.eldredge@mail.com,5555561211,67020269
Claudia,,sears,Mother,claudia.sears@mail.com,5555557309,67020270
Ana,,radcliff,Mother,ana.radcliff@mail.com,5555555801,67020271
Noemi,,kite,Mother,noemi.kite@mail.com,5555559382,67020272
Armando,,smiley,Father,armando.smiley@mail.com,5555562576,67020273
Clara,,lalonde,Mother,clara.lalonde@mail.com,5555557284,67020274
Karen,,dietz,Mother,karen.dietz@mail.com,5555559911,67020275
Janette,,donato,Mother,janette.donato@mail.com,5555559195,67020276
Karla,,gorton,Mother,karla.gorton@mail.com,5555555753,67020277
Luis,,plaza,Father,luis.plaza@mail.com,5555555755,67020278
Margarita,,yee,Mother,margarita.yee@mail.com,5555560594,67020279
Rosa,,barnard,Mother,rosa.barnard@mail.com,5555562309,67020280
Margarita,,meeks,Mother,margarita.meeks@mail.com,5555559988,67020281
Sal,,bode,Father,sal.bode@mail.com,5555557014,67020282
Joanna,,wild,Mother,joanna.wild@mail.com,5555559421,67020283
Veronica,,batista,Mother,veronica.batista@mail.com,5555563641,67020284
Marlene,,geer,Mother,marlene.geer@mail.com,5555560878,67020285
Gloria,,bruton,Mother,gloria.bruton@mail.com,5555558663,67020286
Margarita,,markey,Mother,margarita.markey@mail.com,5555562223,67020287
Teresa,,cheek,Mother,teresa.cheek@mail.com,5555562982,67020288
Teresa,,folk,Mother,teresa.folk@mail.com,5555562983,67020289
Stacey,,shepard,Mother,stacey.shepard@mail.com,5555561403,67020290
Thelma,,luster,Mother,thelma.luster@mail.com,5555561956,67020291
Thelma,,burley,Mother,thelma.burley@mail.com,5555561957,67020292
Caritina,,messer,Mother,caritina.messer@mail.com,5555560461,67020293
Maria,,sharpe,Mother,maria.sharpe@mail.com,5555556410,67020294
Maria,,groce,Mother,maria.groce@mail.com,5555559805,67020295
Maria,,waters,Mother,maria.waters@mail.com,5555560978,67020296
Jose,,mohammad,Father,jose.mohammad@mail.com,5555559502,67020297
Angelica,,weinstein,Mother,angelica.weinstein@mail.com,5555562258,67020298
Jerardo,,kidd,Father,jerardo.kidd@mail.com,5555562167,67020299
Susana,,mock,Mother,susana.mock@mail.com,5555561117,67020300
Suhail,,hasson,Mother,suhail.hasson@mail.com,5555562864,67020301
Julia,,kellner,Mother,julia.kellner@mail.com,5555563490,67020302
Maria,,saenz,Mother,maria.saenz@mail.com,5555555750,67020303
Jasary,,hutton,Mother,jasary.hutton@mail.com,5555559212,67020304
Maritza,,escobedo,Mother,maritza.escobedo@mail.com,5555560849,67020305
Cossett,,huntsman,Mother,cossett.huntsman@mail.com,5555558296,67020306
Dennise,,brockway,Mother,dennise.brockway@mail.com,5555557686,67020307
Maria,,shubert,Mother,maria.shubert@mail.com,5555559220,67020308
Sandra,,cutter,Mother,sandra.cutter@mail.com,5555559987,67020309
Guadalupe,,montague,Mother,guadalupe.montague@mail.com,5555561437,67020310
Arturo,,smithers,Father,arturo.smithers@mail.com,5555561729,67020311
Maria,,dandrea,Mother,maria.dandrea@mail.com,5555558767,67020312
Veronica,,pulley,Mother,veronica.pulley@mail.com,5555563224,67020313
Maria Cristina,,presley,Mother,maria cristina.presley@mail.com,5555556373,67020314
Gladys,,lock,Mother,gladys.lock@mail.com,5555558647,67020315
Roberto,,woo,Father,roberto.woo@mail.com,5555561127,67020316
Ruth,,gomes,Mother,ruth.gomes@mail.com,5555558509,67020317
Julieta,,bello,Mother,julieta.bello@mail.com,5555559643,67020318
Leticia,,tomlin,Mother,leticia.tomlin@mail.com,5555560108,67020319
Claudia,,hutcherson,Mother,claudia.hutcherson@mail.com,5555558440,67020320
Georgina,,hawkes,Mother,georgina.hawkes@mail.com,5555558561,67020321
Esiquio,,maley,Father,esiquio.maley@mail.com,5555559225,67020322
Maria De La Luz,,porter,Mother,maria de la luz.porter@mail.com,5555560737,67020323
Maritza,,moreland,Mother,maritza.moreland@mail.com,5555560853,67020324
Cynthia,,guffey,Mother,cynthia.guffey@mail.com,5555557242,67020325
Erika,,lauderdale,Mother,erika.lauderdale@mail.com,5555558187,67020326
Hilda,,brian,Mother,hilda.brian@mail.com,5555556601,67020327
Liliana,,urias,Mother,liliana.urias@mail.com,5555560190,67020328
Raquel,,griggs,Mother,raquel.griggs@mail.com,5555562194,67020329
Regina,,duffey,Mother,regina.duffey@mail.com,5555562164,67020330
Vanessa,,sullivan,Mother,vanessa.sullivan@mail.com,5555563059,67020331
Herminia,,blain,Court Appointed Guardian,herminia.blain@mail.com,5555558832,67020332
Karina,,pitman,Mother,karina.pitman@mail.com,5555558960,67020333
Evelyn,,gilliard,Mother,evelyn.gilliard@mail.com,5555560814,67020334
Aida,,orr,Mother,aida.orr@mail.com,5555555772,67020335
Maria,,bartels,Mother,maria.bartels@mail.com,5555560742,67020336
Alicia,,rayford,Mother,alicia.rayford@mail.com,5555557273,67020337
Celida,,messenger,Mother,celida.messenger@mail.com,5555557098,67020338
Sandra,,rivers,Mother,sandra.rivers@mail.com,5555556889,67020339
Carla,,hailey,Mother,carla.hailey@mail.com,5555556941,67020340
Maria,,dyer,Grandmother,maria.dyer@mail.com,5555559269,67020341
Shantal,,harbison,Mother,shantal.harbison@mail.com,5555562662,67020342
Angelina,,lamoureux,Mother,angelina.lamoureux@mail.com,5555561617,67020343
Nayely,,billiot,Mother,nayely.billiot@mail.com,5555561569,67020344
Gabriela,,colucci,Mother,gabriela.colucci@mail.com,5555556060,67020345
Karina,,mccarthy,Mother,karina.mccarthy@mail.com,5555562409,67020346
Yadira,,forster,Mother,yadira.forster@mail.com,5555563543,67020347
Ramona,,vance,Mother,ramona.vance@mail.com,5555558695,67020348
Hilda,,duron,Mother,hilda.duron@mail.com,5555558860,67020349
Maria,,napier,Mother,maria.napier@mail.com,5555558178,67020350
Maria,,pfeifer,Mother,maria.pfeifer@mail.com,5555560471,67020351
Susana,,roque,Mother,susana.roque@mail.com,5555562858,67020352
Georgina,,ybarra,Mother,georgina.ybarra@mail.com,5555556415,67020353
Berenice,,foley,Mother,berenice.foley@mail.com,5555557165,67020354
Ana,,roller,Mother,ana.roller@mail.com,5555556154,67020355
Leah,,horst,Mother,leah.horst@mail.com,5555560047,67020356
Veronica,,alderson,Mother,veronica.alderson@mail.com,5555563246,67020357
Zobeida,,hunsaker,Mother,zobeida.hunsaker@mail.com,5555563655,67020358
Clarissa,,friesen,Mother,clarissa.friesen@mail.com,5555557049,67020359
Evangelina,,seltzer,Mother,evangelina.seltzer@mail.com,5555561134,67020360
Ada,,perri,Mother,ada.perri@mail.com,5555555652,67020361
Yolanda,,zielinski,Mother,yolanda.zielinski@mail.com,5555563560,67020362
Ilzia,,helms,Mother,ilzia.helms@mail.com,5555558943,67020363
Ana,,mccollum,Mother,ana.mccollum@mail.com,5555556103,67020364
Ruben,,goodall,Father,ruben.goodall@mail.com,5555556886,67020365
Leticia,,bullock,Mother,leticia.bullock@mail.com,5555560039,67020366
Ricardo,,ayotte,Father,ricardo.ayotte@mail.com,5555562190,67020367
Marcos,,adams,Father,marcos.adams@mail.com,5555560769,67020368
Claudia,,sutphin,Mother,claudia.sutphin@mail.com,5555561132,67020369
Krystle,,head,Mother,krystle.head@mail.com,5555559809,67020370
Cecilia,,ali,Mother,cecilia.ali@mail.com,5555557075,67020371
Diana,,mclaurin,Mother,diana.mclaurin@mail.com,5555557725,67020372
Jezeth,,mcmanus,Mother,jezeth.mcmanus@mail.com,5555563036,67020373
Linnette,,smitherman,Mother,linnette.smitherman@mail.com,5555560124,67020374
Floricel,,mcmillan,Mother,floricel.mcmillan@mail.com,5555558385,67020375
Noemi,,wages,Mother,noemi.wages@mail.com,5555562148,67020376
Loraine,,hellman,Mother,loraine.hellman@mail.com,5555560347,67020377
Iveth,,beltran,Mother,iveth.beltran@mail.com,5555559071,67020378
Iris,,pendley,Mother,iris.pendley@mail.com,5555558975,67020379
Cristina,,hooten,Mother,cristina.hooten@mail.com,5555557413,67020380
Cristina,,mannino,Mother,cristina.mannino@mail.com,5555557414,67020381
Jocelyn,,baumann,Family Member,jocelyn.baumann@mail.com,5555563990,67020382
Natalia,,frame,Grandmother,natalia.frame@mail.com,5555555933,67020383
Cynthia,,warner,Mother,cynthia.warner@mail.com,5555557500,67020384
Paula,,burr,Mother,paula.burr@mail.com,5555561884,67020385
Marisol,,baucom,Mother,marisol.baucom@mail.com,5555560837,67020386
Blary,,kohler,Mother,blary.kohler@mail.com,5555562075,67020387
Lorena,,rood,Mother,lorena.rood@mail.com,5555560340,67020388
Rosa,,solano,Mother,rosa.solano@mail.com,5555562363,67020389
Acribid,,easterling,Mother,acribid.easterling@mail.com,5555555650,67020390
Karina,,mead,Mother,karina.mead@mail.com,5555559695,67020391
Blanca,,weddle,Mother,blanca.weddle@mail.com,5555556751,67020392
Juan,,scherer,Stepfather,juan.scherer@mail.com,5555563998,67020393
Cindy,,chatman,Mother,cindy.chatman@mail.com,5555557016,67020394
Cristal,,christman,Mother,cristal.christman@mail.com,5555556931,67020395
Bardo,,shubert,Father,bardo.shubert@mail.com,5555556572,67020396
Diana,,wyche,Mother,diana.wyche@mail.com,5555561980,67020397
Delia,,buckner,Mother,delia.buckner@mail.com,5555557646,67020398
Cynthia,,calder,Mother,cynthia.calder@mail.com,5555557486,67020399
Paula,,hopkins,Mother,paula.hopkins@mail.com,5555563322,67020400
Mariela,,buxton,Mother,mariela.buxton@mail.com,5555560799,67020401
Alejandrina,,conlon,Mother,alejandrina.conlon@mail.com,5555555841,67020402
Maria,,milford,Mother,maria.milford@mail.com,5555560744,67020403
Patricia,,mckenzie,Mother,patricia.mckenzie@mail.com,5555561878,67020404
Jose,,baum,Father,jose.baum@mail.com,5555558872,67020405
Norma,,bills,Mother,norma.bills@mail.com,5555561616,67020406
Maritza,,villagomez,Mother,maritza.villagomez@mail.com,5555560563,67020407
Lissete,,lien,Mother,lissete.lien@mail.com,5555556592,67020408
Linda,,tedesco,Mother,linda.tedesco@mail.com,5555560199,67020409
Lizbeth,,friday,Mother,lizbeth.friday@mail.com,5555560247,67020410
Angelina,,battaglia,Mother,angelina.battaglia@mail.com,5555556249,67020411
Martha,,godsey,Mother,martha.godsey@mail.com,5555560049,67020412
Martha,,irvin,Mother,martha.irvin@mail.com,5555560909,67020413
Claudia,,mahler,Mother,claudia.mahler@mail.com,5555560446,67020414
Jennifer,,cuomo,Mother,jennifer.cuomo@mail.com,5555559388,67020415
Vanessa,,kruger,Mother,vanessa.kruger@mail.com,5555562201,67020416
Julia,,gable,Mother,julia.gable@mail.com,5555559622,67020417
Eunice,,dominick,Mother,eunice.dominick@mail.com,5555558101,67020418
Karla,,fortin,Mother,karla.fortin@mail.com,5555559909,67020419
Jose,,witt,Father,jose.witt@mail.com,5555559492,67020420
Miriam,,combs,Mother,miriam.combs@mail.com,5555556864,67020421
Ana,,valdes,Mother,ana.valdes@mail.com,5555559001,67020422
Maricruz,,hilbert,Mother,maricruz.hilbert@mail.com,5555561154,67020423
Evangelina,,farina,Mother,evangelina.farina@mail.com,5555564004,67020424
Lillianna,,vaden,Mother,lillianna.vaden@mail.com,5555560174,67020425
Carolina,,sylvester,Mother,carolina.sylvester@mail.com,5555557364,67020426
Maria,,kautz,Mother,maria.kautz@mail.com,5555560709,67020427
Lisa,,earl,Mother,lisa.earl@mail.com,5555560366,67020428
Alejandra,,himes,Mother,alejandra.himes@mail.com,5555557230,67020429
Claudia,,buffington,Mother,claudia.buffington@mail.com,5555557317,67020430
Laura,,ha,Mother,laura.ha@mail.com,5555557403,67020431
Mariana,,gorski,Mother,mariana.gorski@mail.com,5555560757,67020432
Daniela,,falgoust,Mother,daniela.falgoust@mail.com,5555556509,67020433
Connie,,rocha,Mother,connie.rocha@mail.com,5555557378,67020434
Alma,,smothers,Mother,alma.smothers@mail.com,5555556829,67020435
Mariano,,wetzel,Father,mariano.wetzel@mail.com,5555561445,67020436
Cindy,,alston,Mother,cindy.alston@mail.com,5555557247,67020437
Jose,,courson,Father,jose.courson@mail.com,5555564047,67020438
Gricelda,,slack,Mother,gricelda.slack@mail.com,5555558741,67020439
Cristina,,macgregor,Mother,cristina.macgregor@mail.com,5555556108,67020440
Elizabeth,,babb,Mother,elizabeth.babb@mail.com,5555558065,67020441
Gustavo,,klingensmith,Father,gustavo.klingensmith@mail.com,5555559135,67020442
Carla,,solano,Mother,carla.solano@mail.com,5555556946,67020443
Marina,,clanton,Mother,marina.clanton@mail.com,5555560815,67020444
Cynthia,,mckenzie,Mother,cynthia.mckenzie@mail.com,5555557361,67020445
Maria,,clements,Mother,maria.clements@mail.com,5555561238,67020446
Mayra,,hillman,Mother,mayra.hillman@mail.com,5555561382,67020447
Andrea,,prieto,Mother,andrea.prieto@mail.com,5555556175,67020448
Esperanza,,talbert,Mother,esperanza.talbert@mail.com,5555557895,67020449
Josefa,,gay,Mother,josefa.gay@mail.com,5555559495,67020450
Lucrecia,,seale,Mother,lucrecia.seale@mail.com,5555560408,67020451
Carlos,,hallman,Father,carlos.hallman@mail.com,5555557137,67020452
Kayla,,garretson,Caregiver,kayla.garretson@mail.com,5555559798,67020453
GerardoAntonia,,lowe,Grandmother,gerardoantonia.lowe@mail.com,5555559299,67020454
Perla,,javier,Mother,perla.javier@mail.com,5555561937,67020455
Eloisa,,ramage,Aunt,eloisa.ramage@mail.com,5555558021,67020456
Alba,,tsai,Mother,alba.tsai@mail.com,5555556525,67020457
Robert,,caputo,Father,robert.caputo@mail.com,5555562416,67020458
Cindy,,chamberlin,Mother,cindy.chamberlin@mail.com,5555557470,67020459
Esperanza,,comer,Mother,esperanza.comer@mail.com,5555558206,67020460
Isabel,,moten,Mother,isabel.moten@mail.com,5555559013,67020461
Cindy,,metts,Mother,cindy.metts@mail.com,5555560964,67020462
Jocelyn,,ferrante,Caregiver,jocelyn.ferrante@mail.com,5555559432,67020463
Kendy,,luster,Mother,kendy.luster@mail.com,5555559821,67020464
Cynthia,,neeley,Mother,cynthia.neeley@mail.com,5555561837,67020465
Stephanie,,florence,Mother,stephanie.florence@mail.com,5555563711,67020466
Maria del Carmen,,tabb,Mother,maria del carmen.tabb@mail.com,5555563103,67020467
Arely,,abrams,Mother,arely.abrams@mail.com,5555556368,67020468
Claudia,,usher,Mother,claudia.usher@mail.com,5555557291,67020469
Edith,,bradshaw,Mother,edith.bradshaw@mail.com,5555556915,67020470
Yoanna,,sweitzer,Mother,yoanna.sweitzer@mail.com,5555563546,67020471
Rebeca,,anderson,Mother,rebeca.anderson@mail.com,5555562490,67020472
Cintya,,dennison,Mother,cintya.dennison@mail.com,5555557271,67020473
Thania,,mcatee,Mother,thania.mcatee@mail.com,5555563000,67020474
Rebeca,,mccafferty,Mother,rebeca.mccafferty@mail.com,5555562154,67020475
Nereyda,,ansley,Other Relationship,nereyda.ansley@mail.com,5555561576,67020476
Miriam,,clegg,Mother,miriam.clegg@mail.com,5555560268,67020477
Michelle,,collado,Mother,michelle.collado@mail.com,5555561184,67020478
Tania,,hollingsworth,Mother,tania.hollingsworth@mail.com,5555562941,67020479
Jeanette,,rodrigez,Mother,jeanette.rodrigez@mail.com,5555561381,67020480
Brenda,,weldon,Mother,brenda.weldon@mail.com,5555556777,67020481
Itza,,destefano,Mother,itza.destefano@mail.com,5555558924,67020482
Victoria,,brunet,Mother,victoria.brunet@mail.com,5555563270,67020483
Consuelo,,brace,Mother,consuelo.brace@mail.com,5555557380,67020484
Ana,,wilmoth,Mother,ana.wilmoth@mail.com,5555559485,67020485
Debbie,,barnard,Mother,debbie.barnard@mail.com,5555559900,67020486
Guadalupe,,fenn,Mother,guadalupe.fenn@mail.com,5555559969,67020487
Maria,,wong,Caregiver,maria.wong@mail.com,5555563411,67020488
Christina,,roscoe,Mother,christina.roscoe@mail.com,5555557216,67020489
Laura,,lacasse,Mother,laura.lacasse@mail.com,5555560015,67020490
Julio,,donovan,Father,julio.donovan@mail.com,5555559375,67020491
Daisy,,augustine,Mother,daisy.augustine@mail.com,5555557536,67020492
Edith,,devoe,Mother,edith.devoe@mail.com,5555556460,67020493
Ana,,cardoza,Mother,ana.cardoza@mail.com,5555555805,67020494
Vanessa,,caro,Mother,vanessa.caro@mail.com,5555563149,67020495
Betzaida,,sparrow,Mother,betzaida.sparrow@mail.com,5555556671,67020496
Ana,,glover,Mother,ana.glover@mail.com,5555556028,67020497
Hector,,medley,Court Appointed Guardian,hector.medley@mail.com,5555558810,67020498
Maharai,,hardee,Mother,maharai.hardee@mail.com,5555560625,67020499
Adriana,,palomo,Caregiver,adriana.palomo@mail.com,5555556697,67020500
Hector,,mouton,Father,hector.mouton@mail.com,5555558808,67020501
Alejandra,,worthington,Mother,alejandra.worthington@mail.com,5555555860,67020502
Esmeralda,,buie,Mother,esmeralda.buie@mail.com,5555560364,67020503
Yuliana,,brennan,Mother,yuliana.brennan@mail.com,5555561343,67020504
Maria,,kyser,Mother,maria.kyser@mail.com,5555560773,67020505
Maria,,champagne,Mother,maria.champagne@mail.com,5555560735,67020506
Inez,,tice,Caregiver,inez.tice@mail.com,5555558954,67020507
Julie,,champagne,Mother,julie.champagne@mail.com,5555559604,67020508
Isela,,napoli,Mother,isela.napoli@mail.com,5555558871,67020509
Marisol,,ortego,Mother,marisol.ortego@mail.com,5555558675,67020510
Rossio,,compton,Mother,rossio.compton@mail.com,5555562366,67020511
Priscilla,,fellows,Mother,priscilla.fellows@mail.com,5555561959,67020512
Alma,,stockman,Mother,alma.stockman@mail.com,5555562091,67020513
Cindy,,ayres,Mother,cindy.ayres@mail.com,5555563433,67020514
Nadia,,curtis,Mother,nadia.curtis@mail.com,5555561475,67020515
Marcela,,hartzell,Mother,marcela.hartzell@mail.com,5555558062,67020516
Nancy,,kaiser,Mother,nancy.kaiser@mail.com,5555561498,67020517
Erenia,,pressley,Mother,erenia.pressley@mail.com,5555562457,67020518
Delia,,kovacs,Mother,delia.kovacs@mail.com,5555560917,67020519
Priscilla,,tabb,Other Relationship,priscilla.tabb@mail.com,5555562042,67020520
Ramona,,breaux,Mother,ramona.breaux@mail.com,5555555588,67020521
Ana,,logue,Mother,ana.logue@mail.com,5555562270,67020522
Ana,,parkinson,Mother,ana.parkinson@mail.com,5555563352,67020523
Guinevere,,coggins,Mother,guinevere.coggins@mail.com,5555561902,67020524
Diana,,heck,Mother,diana.heck@mail.com,5555557506,67020525
Alicia,,baier,Mother,alicia.baier@mail.com,5555555946,67020526
Conrado,,alcaraz,Father,conrado.alcaraz@mail.com,5555561050,67020527
Jose,,lockridge,Father,jose.lockridge@mail.com,5555556235,67020528
Fanny,,olszewski,Mother,fanny.olszewski@mail.com,5555558313,67020529
Eduardo J,,knott,Family Member,eduardo j.knott@mail.com,5555563816,67020530
Johanna,,linn,Mother,johanna.linn@mail.com,5555562791,67020531
Lizeth,,pendley,Mother,lizeth.pendley@mail.com,5555560281,67020532
Eida,,neary,Mother,eida.neary@mail.com,5555558277,67020533
Claudia,,whiteside,Mother,claudia.whiteside@mail.com,5555558208,67020534
Silvia,,naylor,Mother,silvia.naylor@mail.com,5555557401,67020535
Carel,,giese,Mother,carel.giese@mail.com,5555557282,67020536
Alba,,hollinger,Mother,alba.hollinger@mail.com,5555555821,67020537
Xavier,,greer,Father,xavier.greer@mail.com,5555563400,67020538
Gertrudis,,preston,Mother,gertrudis.preston@mail.com,5555558591,67020539
Kelly,,sears,Mother,kelly.sears@mail.com,5555559890,67020540
Tania,,cundiff,Mother,tania.cundiff@mail.com,5555563208,67020541
Ariadna,,hazard,Mother,ariadna.hazard@mail.com,5555562092,67020542
Raylene,,kellam,Mother,raylene.kellam@mail.com,5555563045,67020543
Joana,,bruno,Mother,joana.bruno@mail.com,5555559408,67020544
Elvia,,just,Mother,elvia.just@mail.com,5555563440,67020545
Ramiro,,dietrich,Father,ramiro.dietrich@mail.com,5555556723,67020546
Yadira,,rust,Mother,yadira.rust@mail.com,5555563354,67020547
Fabiola,,pino,Mother,fabiola.pino@mail.com,5555558294,67020548
David,,vega,Father,david.vega@mail.com,5555562273,67020549
Estefany,,breeding,Mother,estefany.breeding@mail.com,5555563250,67020550
Raquel,,windham,Mother,raquel.windham@mail.com,5555559612,67020551
Nancie,,turnage,Mother,nancie.turnage@mail.com,5555562081,67020552
Karla,,henderson,Mother,karla.henderson@mail.com,5555559714,67020553
Carmen,,mcnally,Mother,carmen.mcnally@mail.com,5555560320,67020554
Evangelina,,orr,Mother,evangelina.orr@mail.com,5555558270,67020555
Evangelina,,reimer,Mother,evangelina.reimer@mail.com,5555558268,67020556
Amelia,,hoffer,Mother,amelia.hoffer@mail.com,5555556048,67020557
Ana,,yoshida,Court Appointed Guardian,ana.yoshida@mail.com,5555556132,67020558
Alma,,jaime,Mother,alma.jaime@mail.com,5555556311,67020559
Etna,,frazee,Mother,etna.frazee@mail.com,5555558232,67020560
Araceli,,carbaugh,Mother,araceli.carbaugh@mail.com,5555557170,67020561
David,,lunsford,Father,david.lunsford@mail.com,5555562129,67020562
Roxana,,durr,Mother,roxana.durr@mail.com,5555555742,67020563
Pricila,,stromberg,Mother,pricila.stromberg@mail.com,5555562668,67020564
Richard,,mayers,Father,richard.mayers@mail.com,5555562415,67020565
Yasmin,,handley,Mother,yasmin.handley@mail.com,5555563463,67020566
Elizabeth,,forrester,Mother,elizabeth.forrester@mail.com,5555557977,67020567
Nalleli,,haug,Mother,nalleli.haug@mail.com,5555561493,67020568
Brenda,,wooldridge,Mother,brenda.wooldridge@mail.com,5555556750,67020569
Elizabeth,,cantu,Mother,elizabeth.cantu@mail.com,5555557968,67020571
Aime,,smyth,Mother,aime.smyth@mail.com,5555563018,67020572
Maria,,parris,Mother,maria.parris@mail.com,5555561588,67020573
Adela,,bonin,Mother,adela.bonin@mail.com,5555563974,67020574
Edgar,,labelle,Father,edgar.labelle@mail.com,5555555589,67020575
rodman,,scholz,Family Member,rodman.scholz@mail.com,5555556742,67020576
Veronica,,goldsmith,Mother,veronica.goldsmith@mail.com,5555563232,67020577
Anita,,sparkman,Mother,anita.sparkman@mail.com,5555556094,67020578
Graciela,,shumaker,Mother,graciela.shumaker@mail.com,5555558581,67020579
Jose,,duong,Father,jose.duong@mail.com,5555563995,67020580
Ylenia,,buie,Mother,ylenia.buie@mail.com,5555559373,67020581
Lucy,,roberson,Mother,lucy.roberson@mail.com,5555560392,67020582
Jose,,sowers,Father,jose.sowers@mail.com,5555559046,67020583
Mariana,,pereira,Mother,mariana.pereira@mail.com,5555560761,67020584
Kimberly,,dexter,Mother,kimberly.dexter@mail.com,5555556192,67020585
Socorro,,bozeman,Mother,socorro.bozeman@mail.com,5555560065,67020586
Marisol,,trevino,Mother,marisol.trevino@mail.com,5555562290,67020587
Juan,,wesley,Father,juan.wesley@mail.com,5555562204,67020588
Lourdes,,hofmann,Mother,lourdes.hofmann@mail.com,5555558879,67020589
Gloria,,manson,Caregiver,gloria.manson@mail.com,5555558609,67020590
Monica,,munroe,Mother,monica.munroe@mail.com,5555562222,67020591
Jessica,,erb,Mother,jessica.erb@mail.com,5555559338,67020592
Cinthia,,mcglynn,Mother,cinthia.mcglynn@mail.com,5555557113,67020593
Amanda,,ogletree,Mother,amanda.ogletree@mail.com,5555556041,67020594
Kenya,,parry,Mother,kenya.parry@mail.com,5555559842,67020595
Claudia,,beller,Mother,claudia.beller@mail.com,5555557300,67020596
Yelene,,urban,Mother,yelene.urban@mail.com,5555563493,67020597
Karina,,street,Mother,karina.street@mail.com,5555561751,67020598
Jose,,meek,Father,jose.meek@mail.com,5555563989,67020599
Liseth,,hailey,Mother,liseth.hailey@mail.com,5555560219,67020600
Fabian,,loving,Father,fabian.loving@mail.com,5555563760,67020601
Stacy,,kehoe,Mother,stacy.kehoe@mail.com,5555562825,67020602
Carmen,,brockman,Mother,carmen.brockman@mail.com,5555558304,67020603
Elinia,,hack,Mother,elinia.hack@mail.com,5555557982,67020604
Maria,,dailey,Mother,maria.dailey@mail.com,5555558145,67020605
Irasema,,derosier,Mother,irasema.derosier@mail.com,5555558963,67020606
Yasmine,,duke,Mother,yasmine.duke@mail.com,5555555659,67020607
Ana,,seabolt,Mother,ana.seabolt@mail.com,5555562404,67020608
Isabella,,snyder,Mother,isabella.snyder@mail.com,5555559009,67020609
Guadalupe,,lilly,Caregiver,guadalupe.lilly@mail.com,5555556867,67020610
Arcadio,,turk,Father,arcadio.turk@mail.com,5555560783,67020611
Marcela,,canales,Mother,marcela.canales@mail.com,5555559892,67020612
Ybeth,,robinette,Mother,ybeth.robinette@mail.com,5555563487,67020613
Ciro,,angel,Father,ciro.angel@mail.com,5555557061,67020614
Francisco,,amaro,Father,francisco.amaro@mail.com,5555561997,67020615
Arturo,,poling,Caregiver,arturo.poling@mail.com,5555556425,67020616
Patricia,,lorenzo,Mother,patricia.lorenzo@mail.com,5555561867,67020617
Fabiola,,herrington,Mother,fabiola.herrington@mail.com,5555558381,67020618
Juan,,kyle,Father,juan.kyle@mail.com,5555561287,67020619
Claudia,,keister,Mother,claudia.keister@mail.com,5555557324,67020620
Roxana,,runge,Mother,roxana.runge@mail.com,5555562388,67020621
Manuel,,unger,Caregiver,manuel.unger@mail.com,5555561694,67020622
Gloria,,ladner,Mother,gloria.ladner@mail.com,5555558672,67020623
Guadalupe,,amaral,Caregiver,guadalupe.amaral@mail.com,5555560456,67020624
Armida,,hintz,Mother,armida.hintz@mail.com,5555556406,67020625
Fernanda,,phifer,Mother,fernanda.phifer@mail.com,5555556329,67020626
Ana,,li,Mother,ana.li@mail.com,5555559449,67020627
Herlinda,,coulson,Mother,herlinda.coulson@mail.com,5555558875,67020628
Cristina,,foss,Aunt,cristina.foss@mail.com,5555558089,67020629
Steven,,lewis,Caregiver,steven.lewis@mail.com,5555556740,67020630
Francisco,,leland,Father,francisco.leland@mail.com,5555558396,67020631
Jesus,,rawls,Father,jesus.rawls@mail.com,5555559256,67020632
Maria,,hodson,Court Appointed Guardian,maria.hodson@mail.com,5555558869,67020633
Gilberto,,mccreary,Father,gilberto.mccreary@mail.com,5555563814,67020634
Lizbeth,,farrell,Mother,lizbeth.farrell@mail.com,5555563040,67020635
Crystal,,worthen,Mother,crystal.worthen@mail.com,5555559981,67020636
Ana,,molina,Caregiver,ana.molina@mail.com,5555556113,67020637
Kenia,,moffatt,Mother,kenia.moffatt@mail.com,5555559823,67020638
Beatriz,,britton,Mother,beatriz.britton@mail.com,5555561188,67020639
Janette,,roden,Mother,janette.roden@mail.com,5555561693,67020640
Jessica,,miranda,Mother,jessica.miranda@mail.com,5555563197,67020641
Irma,,sidhu,Mother,irma.sidhu@mail.com,5555557825,67020642
Jose,,prosser,Father,jose.prosser@mail.com,5555559552,67020643
Ninfa,,kaplan,Mother,ninfa.kaplan@mail.com,5555561640,67020644
Patricia,,travis,Mother,patricia.travis@mail.com,5555558518,67020645
Ivette,,menendez,Mother,ivette.menendez@mail.com,5555559084,67020646
Irene,,david,Mother,irene.david@mail.com,5555558968,67020647
Jobana,,russel,Mother,jobana.russel@mail.com,5555559431,67020648
Jose,,renteria,Caregiver,jose.renteria@mail.com,5555558067,67020649
Iliana,,maier,Mother,iliana.maier@mail.com,5555558932,67020650
Mitzuo,,brothers,Mother,mitzuo.brothers@mail.com,5555561253,67020651
Jessica,,gee,Mother,jessica.gee@mail.com,5555559322,67020652
Guadalupe,,hefner,Caregiver,guadalupe.hefner@mail.com,5555558760,67020653
Esthela,,vaillancourt,Aunt,esthela.vaillancourt@mail.com,5555556437,67020654
Sofia,,soliz,Mother,sofia.soliz@mail.com,5555562759,67020655
Steven,,haley,Father,steven.haley@mail.com,5555556738,67020656
Lesdy,,rakes,Mother,lesdy.rakes@mail.com,5555559118,67020657
Veronica,,hays,Mother,veronica.hays@mail.com,5555560036,67020658
Cristina,,newberry,Mother,cristina.newberry@mail.com,5555557418,67020659
Maria,,bauman,Mother,maria.bauman@mail.com,5555560934,67020660
Felicitas,,haggard,Caregiver,felicitas.haggard@mail.com,5555558836,67020661
Hector,,redmond,Father,hector.redmond@mail.com,5555561225,67020662
Brenda,,canady,Caregiver,brenda.canady@mail.com,5555558820,67020663
Maria,,irvin,Mother,maria.irvin@mail.com,5555561267,67020664
Pamela,,rosas,Mother,pamela.rosas@mail.com,5555558904,67020665
Yazmin,,kirkland,Mother,yazmin.kirkland@mail.com,5555556045,67020666
Sam,,shipman,Father,sam.shipman@mail.com,5555561711,67020667
Blanca,,ly,Caregiver,blanca.ly@mail.com,5555562711,67020668
Efrain,,obrian,Father,efrain.obrian@mail.com,5555558769,67020669
Bianca,,fair,Mother,bianca.fair@mail.com,5555556688,67020670
Paloma,,gupta,Mother,paloma.gupta@mail.com,5555557691,67020671
Miriam,,brinson,Mother,miriam.brinson@mail.com,5555558417,67020672
Cinthia,,revell,Mother,cinthia.revell@mail.com,5555557253,67020673
Judith,,donald,Mother,judith.donald@mail.com,5555559593,67020674
Susana,,padron,Caregiver,susana.padron@mail.com,5555562868,67020675
Josefina,,shearer,Mother,josefina.shearer@mail.com,5555559496,67020676
Vanessa,,chamberlin,Mother,vanessa.chamberlin@mail.com,5555563130,67020677
Yolanda,,hedgepeth,Mother,yolanda.hedgepeth@mail.com,5555563555,67020678
Sandra,,southerland,Caregiver,sandra.southerland@mail.com,5555557887,67020679
Ana,,norris,Mother,ana.norris@mail.com,5555560759,67020680
Lesslie,,merchant,Mother,lesslie.merchant@mail.com,5555563023,67020681
Ismael,,sand,Father,ismael.sand@mail.com,5555559044,67020682
Victoria,,natividad,Mother,victoria.natividad@mail.com,5555563260,67020683
Karime,,pinkney,Mother,karime.pinkney@mail.com,5555562503,67020684
Adriana,,stiles,Mother,adriana.stiles@mail.com,5555555692,67020685
Stephanie,,mota,Mother,stephanie.mota@mail.com,5555563472,67020686
Carlos,,trimble,Father,carlos.trimble@mail.com,5555556967,67020687
Alejandrina,,diego,Caregiver,alejandrina.diego@mail.com,5555556797,67020688
Berenice,,quinones,Caregiver,berenice.quinones@mail.com,5555557166,67020689
Laura,,obrian,Mother,laura.obrian@mail.com,5555559953,67020690
Ricardo,,sanabria,Father,ricardo.sanabria@mail.com,5555561915,67020691
Melany,,barrera,Caregiver,melany.barrera@mail.com,5555555726,67020692
Africa,,payton,Caregiver,africa.payton@mail.com,5555555736,67020693
Luis,,doan,Family Member,luis.doan@mail.com,5555556296,67020694
Javier,,gallardo,Caregiver,javier.gallardo@mail.com,5555560186,67020695
Jose,,wildman,Father,jose.wildman@mail.com,5555561906,67020696
Bertha,,muth,Mother,bertha.muth@mail.com,5555556650,67020697
Nereida,,venegas,Mother,nereida.venegas@mail.com,5555561600,67020698
Claudia,,gillum,Mother,claudia.gillum@mail.com,5555561795,67020699
Silvia,,keefe,Mother,silvia.keefe@mail.com,5555562715,67020700
Mirna,,moran,Caregiver,mirna.moran@mail.com,5555557473,67020701
Gizel,,ferguson,Mother,gizel.ferguson@mail.com,5555558635,67020702
Christian,,brady,Father,christian.brady@mail.com,5555557213,67020703
Dulce,,blanton,Mother,dulce.blanton@mail.com,5555562441,67020704
Estela,,walls,Aunt,estela.walls@mail.com,5555558222,67020705
David,,butler,Father,david.butler@mail.com,5555560633,67020706
Geraldine,,guido,Caregiver,geraldine.guido@mail.com,5555562074,67020707
Marina,,riggs,Mother,marina.riggs@mail.com,5555562453,67020708
Erandy,,ernst,Mother,erandy.ernst@mail.com,5555561964,67020709
Celida,,child,Mother,celida.child@mail.com,5555557102,67020710
Yesenia,,tribble,Mother,yesenia.tribble@mail.com,5555559503,67020711
Beatriz,,linder,Mother,beatriz.linder@mail.com,5555556589,67020712
Dora,,hawthorne,Mother,dora.hawthorne@mail.com,5555555949,67020713
Xotchil,,gooch,Caregiver,xotchil.gooch@mail.com,5555563391,67020714
Leobardo,,bankston,Father,leobardo.bankston@mail.com,5555560060,67020715
Lilia,,sandstrom,Mother,lilia.sandstrom@mail.com,5555562460,67020716
Jose,,cordova,Father,jose.cordova@mail.com,5555562442,67020717
Flor,,lindstrom,Mother,flor.lindstrom@mail.com,5555558411,67020718
Veronica,,hulsey,Mother,veronica.hulsey@mail.com,5555563239,67020719
Francisca,,suarez,Caregiver,francisca.suarez@mail.com,5555562590,67020720
Sandra,,henke,Mother,sandra.henke@mail.com,5555562548,67020721
Javier,,auger,Father,javier.auger@mail.com,5555560187,67020722
Iveth,,eiland,Stepmother,iveth.eiland@mail.com,5555559078,67020723
Olga,,mattos,Mother,olga.mattos@mail.com,5555563598,67020724
Leobardo,,backman,Father,leobardo.backman@mail.com,5555555888,67020725
Audelia,,bagley,Caregiver,audelia.bagley@mail.com,5555559551,67020726
Antonia,,sweet,Caregiver,antonia.sweet@mail.com,5555564000,67020727
Itzel,,volk,Mother,itzel.volk@mail.com,5555563588,67020728
Mayra,,gwin,Mother,mayra.gwin@mail.com,5555560991,67020729
Marco,,ferrari,Father,marco.ferrari@mail.com,5555560684,67020730
Ana,,whitworth,Caregiver,ana.whitworth@mail.com,5555557438,67020731
Irene,,metzger,Mother,irene.metzger@mail.com,5555561602,67020732
Sonia,,chafin,Mother,sonia.chafin@mail.com,5555562770,67020733
Sonia,,brotherton,Mother,sonia.brotherton@mail.com,5555562769,67020734
ERIKA,,fairbanks,Mother,erika.fairbanks@mail.com,5555560324,67020735
Irma,,ibanez,Caregiver,irma.ibanez@mail.com,5555562186,67020736
Mayra,,harding,Caregiver,mayra.harding@mail.com,5555560999,67020737
Luis,,patterson,Father,luis.patterson@mail.com,5555556407,67020738
Irna,,alvarez,Mother,irna.alvarez@mail.com,5555558994,67020739
Sofia,,lowther,Caregiver,sofia.lowther@mail.com,5555562747,67020740
Gilberto,,marrs,Father,gilberto.marrs@mail.com,5555562478,67020741
Raquel,,kerrigan,Mother,raquel.kerrigan@mail.com,5555556416,67020742
Lorena,,shuler,Mother,lorena.shuler@mail.com,5555560302,67020743
Brenda,,mcmaster,Caregiver,brenda.mcmaster@mail.com,5555558823,67020744
Alhi,,gates,Mother,alhi.gates@mail.com,5555555936,67020745
Roberto,,earl,Father,roberto.earl@mail.com,5555560363,67020746
Elizabeth,,brandenburg,Mother,elizabeth.brandenburg@mail.com,5555557998,67020747
Ida,,brogdon,Mother,ida.brogdon@mail.com,5555558919,67020748
Margarito,,otto,Father,margarito.otto@mail.com,5555562611,67020749
Dulce,,luckett,Mother,dulce.luckett@mail.com,5555557001,67020750
Luis,,esparza,Caregiver,luis.esparza@mail.com,5555558081,67020751
Brenda,,archer,Mother,brenda.archer@mail.com,5555556850,67020752
Judith,,schroeder,Mother,judith.schroeder@mail.com,5555558460,67020753
Laura,,salvador,Mother,laura.salvador@mail.com,5555560025,67020754
Antonio,,sam,Father,antonio.sam@mail.com,5555558797,67020755
Patricia,,tipton,Mother,patricia.tipton@mail.com,5555562570,67020756
Edna,,lees,Mother,edna.lees@mail.com,5555558966,67020757
Aide,,karp,Caregiver,aide.karp@mail.com,5555560479,67020758
Magdalena,,speaks,Caregiver,magdalena.speaks@mail.com,5555560607,67020759
Chris,,nolte,Mother,chris.nolte@mail.com,5555557211,67020760
Rosse,,robb,Caregiver,rosse.robb@mail.com,5555562370,67020761
Alicia,,blocker,Caregiver,alicia.blocker@mail.com,5555555939,67020762
Iveth,,tate,Mother,iveth.tate@mail.com,5555560561,67020763
Zenaida,,coughlin,Mother,zenaida.coughlin@mail.com,5555563646,67020764
Karla,,packard,Mother,karla.packard@mail.com,5555559739,67020765
Elizeth,,kaiser,Mother,elizeth.kaiser@mail.com,5555556758,67020766
Marissa,,bixler,Aunt,marissa.bixler@mail.com,5555563934,67020767
Salvador,,lett,Father,salvador.lett@mail.com,5555559219,67020768
Leslie,,scales,Caregiver,leslie.scales@mail.com,5555558718,67020769
Ken,,moorer,Father,ken.moorer@mail.com,5555557397,67020770
Angel,,maher,Father,angel.maher@mail.com,5555561438,67020771
Yvonne,,avery,Mother,yvonne.avery@mail.com,5555560630,67020772
Nancy,,thorp,Mother,nancy.thorp@mail.com,5555561515,67020773
Sarai,,eberly,Caregiver,sarai.eberly@mail.com,5555561416,67020774
Antonio,,lowman,Father,antonio.lowman@mail.com,5555561992,67020775
Beatriz,,kaminski,Aunt,beatriz.kaminski@mail.com,5555556666,67020776
Nancy,,trice,Mother,nancy.trice@mail.com,5555561517,67020777
Rubi,,loftus,Mother,rubi.loftus@mail.com,5555562422,67020778
Martha,,valentino,Mother,martha.valentino@mail.com,5555560901,67020779
Jason,,ontiveros,Father,jason.ontiveros@mail.com,5555563705,67020780
Amy,,torrence,Caregiver,amy.torrence@mail.com,5555556069,67020781
Margot,,session,Mother,margot.session@mail.com,5555558475,67020782
Ernesto,,kay,Father,ernesto.kay@mail.com,5555558163,67020783
Anthony,,haase,Father,anthony.haase@mail.com,5555556054,67020784
Luicita,,hindman,Mother,luicita.hindman@mail.com,5555558403,67020785
Nadia,,tatro,Caregiver,nadia.tatro@mail.com,5555561481,67020786
Rosa,,howard,Caregiver,rosa.howard@mail.com,5555563874,67020787
Maricela,,stiles,Caregiver,maricela.stiles@mail.com,5555561395,67020788
Guadalupe,,mattison,Caregiver,guadalupe.mattison@mail.com,5555558898,67020789
Heriberto,,crossland,Caregiver,heriberto.crossland@mail.com,5555557901,67020790
Guillermina,,wood,Mother,guillermina.wood@mail.com,5555558680,67020791
Ana,,rico,Mother,ana.rico@mail.com,5555556087,67020792
Claudia,,holliman,Caregiver,claudia.holliman@mail.com,5555557308,67020793
Anette,,thielen,Caregiver,anette.thielen@mail.com,5555562482,67020794
Estephany,,youngblood,Mother,estephany.youngblood@mail.com,5555561951,67020795
Zohe,,arreola,Caregiver,zohe.arreola@mail.com,5555558531,67020796
Estefania,,delisle,Caregiver,estefania.delisle@mail.com,5555563847,67020797
Belen,,macmillan,Mother,belen.macmillan@mail.com,5555556754,67020798
Francisco,,keil,Caregiver,francisco.keil@mail.com,5555558426,67020799
Teodoro,,stutzman,Caregiver,teodoro.stutzman@mail.com,5555563005,67020800
Benita,,mascarenas,Caregiver,benita.mascarenas@mail.com,5555556628,67020801
Monica,,doctor,Mother,monica.doctor@mail.com,5555561454,67020802
Lourdes,,boland,Mother,lourdes.boland@mail.com,5555560286,67020803
Monica,,marlin,Mother,monica.marlin@mail.com,5555561453,67020804
Maria,,fulks,Caregiver,maria.fulks@mail.com,5555557929,67020805
Valerie,,karnes,Caregiver,valerie.karnes@mail.com,5555558109,67020806
Ana,,mccarley,Caregiver,ana.mccarley@mail.com,5555556139,67020807
Delia,,styles,Mother,delia.styles@mail.com,5555558593,67020808
Angelica,,pimentel,Mother,angelica.pimentel@mail.com,5555556253,67020809
Dennise,,caldwell,Caregiver,dennise.caldwell@mail.com,5555557689,67020810
Lucy,,lail,Mother,lucy.lail@mail.com,5555560400,67020811
Theresa,,engstrom,Mother,theresa.engstrom@mail.com,5555562974,67020812
Rodrigo,,botts,Father,rodrigo.botts@mail.com,5555561761,67020813
Monica,,weatherly,Caregiver,monica.weatherly@mail.com,5555561321,67020814
Arcelia,,hildebrand,Mother,arcelia.hildebrand@mail.com,5555556354,67020815
Andrea,,harkness,Caregiver,andrea.harkness@mail.com,5555556177,67020816
Yesenia,,crossland,Caregiver,yesenia.crossland@mail.com,5555563504,67020817
Miriam,,mcbroom,Mother,miriam.mcbroom@mail.com,5555561227,67020818
Monica,,gresham,Mother,monica.gresham@mail.com,5555561293,67020819
Martha,,sepulveda,Caregiver,martha.sepulveda@mail.com,5555560903,67020820
Maria,,stancil,Mother,maria.stancil@mail.com,5555559931,67020821
Sonia,,elmer,Caregiver,sonia.elmer@mail.com,5555562767,67020822
Monica,,batchelor,Caregiver,monica.batchelor@mail.com,5555561324,67020823
Lorena,,victor,Mother,lorena.victor@mail.com,5555560333,67020824
Luis,,steele,Father,luis.steele@mail.com,5555560416,67020825
Israel,,wentz,Caregiver,israel.wentz@mail.com,5555558393,67020826
Alejandra,,struck,Caregiver,alejandra.struck@mail.com,5555555929,67020827
Miguel,,segal,Caregiver,miguel.segal@mail.com,5555561201,67020828
Josefina,,mashburn,Mother,josefina.mashburn@mail.com,5555562245,67020829
Araceli,,warner,Mother,araceli.warner@mail.com,5555556333,67020830
Marisol,,pigg,Mother,marisol.pigg@mail.com,5555556493,67020831
Denisse,,vanhorn,Mother,denisse.vanhorn@mail.com,5555557677,67020832
Monica,,findley,Mother,monica.findley@mail.com,5555561455,67020833
Diana,,pape,Mother,diana.pape@mail.com,5555561722,67020834
Tania,,hynes,Caregiver,tania.hynes@mail.com,5555562935,67020835
Tania,,fanning,Caregiver,tania.fanning@mail.com,5555562936,67020836
Brittney,,chisolm,Stepmother,brittney.chisolm@mail.com,5555556837,67020837
Raquel Itzel,,mcnew,Mother,raquel itzel.mcnew@mail.com,5555559054,67020838
Tania,,akin,Mother,tania.akin@mail.com,5555563002,67020839
Julio,,goble,Father,julio.goble@mail.com,5555559616,67020840
Robert,,mcintire,Caregiver,robert.mcintire@mail.com,5555562417,67020841
Kyara,,stebbins,Caregiver,kyara.stebbins@mail.com,5555559936,67020842
Jessica,,arbogast,Mother,jessica.arbogast@mail.com,5555559333,67020843
Victoria,,madera,Mother,victoria.madera@mail.com,5555557198,67020844
Moises,,rosenblum,Caregiver,moises.rosenblum@mail.com,5555558409,67020845
Erika,,pooler,Mother,erika.pooler@mail.com,5555558142,67020846
Luis Norberto,,aucoin,Father,luis norberto.aucoin@mail.com,5555561633,67020847
Viridiana,,higgs,Mother,viridiana.higgs@mail.com,5555563820,67020848
Angela,,ernest,Other Relationship,angela.ernest@mail.com,5555563754,67020849
Belen,,harp,Mother,belen.harp@mail.com,5555558495,67020850
Maria,,martinson,Mother,maria.martinson@mail.com,5555561637,67020851
Gabriela,,grijalva,Mother,gabriela.grijalva@mail.com,5555558496,67020852
Jose,,barraza,Stepfather,jose.barraza@mail.com,5555559501,67020853
Yolanda,,cuomo,Mother,yolanda.cuomo@mail.com,5555563558,67020854
Raymundo,,treadway,Father,raymundo.treadway@mail.com,5555562135,67020855
Federico,,shropshire,Caregiver,federico.shropshire@mail.com,5555563737,67020856
Brian,,emanuel,Caregiver,brian.emanuel@mail.com,5555556804,67020857
Rosaura,,imes,Caregiver,rosaura.imes@mail.com,5555562355,67020858
Shakira,,calkins,Mother,shakira.calkins@mail.com,5555558267,67020859
Monica,,cheatham,Mother,monica.cheatham@mail.com,5555562105,67020860
Thania,,rieger,Aunt,thania.rieger@mail.com,5555562999,67020861
Cristina,,ratliff,Mother,cristina.ratliff@mail.com,5555557437,67020862
Mayra,,egan,Caregiver,mayra.egan@mail.com,5555556436,67020863
Daniela,,ligon,Mother,daniela.ligon@mail.com,5555562582,67020864
Carlos,,veal,Father,carlos.veal@mail.com,5555562682,67020865
Tiffany,,goodson,Caregiver,tiffany.goodson@mail.com,5555560841,67020866
Isis,,ledesma,Mother,isis.ledesma@mail.com,5555559040,67020867
Isis,,trimble,Mother,isis.trimble@mail.com,5555559041,67020868
Gabriela,,cowart,Mother,gabriela.cowart@mail.com,5555558479,67020869
Angelica,,nowak,Mother,angelica.nowak@mail.com,5555556256,67020870
Lucia del Carmen,,fuqua,Mother,lucia del carmen.fuqua@mail.com,5555558775,67020871
Mireyda,,walz,Mother,mireyda.walz@mail.com,5555561222,67020872
Luciana,,schumacher,Mother,luciana.schumacher@mail.com,5555560383,67020873
Virginia,,mullis,Caregiver,virginia.mullis@mail.com,5555563317,67020874
Sheila,,key,Mother,sheila.key@mail.com,5555556363,67020875
Maria De Lourdes,,jobe,Mother,maria de lourdes.jobe@mail.com,5555560359,67020876
Maria,,rutherford,Mother,maria.rutherford@mail.com,5555559000,67020877
Luis Omar,,delacruz,Father,luis omar.delacruz@mail.com,5555560421,67020878
Maria,,casey,Caregiver,maria.casey@mail.com,5555560533,67020879
Yuliana,,upton,Mother,yuliana.upton@mail.com,5555559209,67020880
Jessica,,winkler,Mother,jessica.winkler@mail.com,5555559317,67020881
Bryan,,lofton,Caregiver,bryan.lofton@mail.com,5555556847,67020882
Gildardo,,downer,Father,gildardo.downer@mail.com,5555558745,67020883
Alma,,barfield,Mother,alma.barfield@mail.com,5555555976,67020884
Marisela,,salerno,Mother,marisela.salerno@mail.com,5555558851,67020885
Lidia,,robey,Caregiver,lidia.robey@mail.com,5555560142,67020886
Eloy,,vogt,Father,eloy.vogt@mail.com,5555563731,67020887
Jahzeel,,sprinkle,Caregiver,jahzeel.sprinkle@mail.com,5555559154,67020888
Liliana,,castro,Mother,liliana.castro@mail.com,5555560194,67020889
Michelle,,mariano,Mother,michelle.mariano@mail.com,5555562323,67020890
Guadalupe,,ashcroft,Mother,guadalupe.ashcroft@mail.com,5555558453,67020891
Imelda,,chisolm,Mother,imelda.chisolm@mail.com,5555558946,67020892
Julio,,ratliff,Father,julio.ratliff@mail.com,5555564035,67020893
Martha,,keys,Mother,martha.keys@mail.com,5555560532,67020894
Sandra,,criss,Caregiver,sandra.criss@mail.com,5555562555,67020895
Judith,,sowder,Mother,judith.sowder@mail.com,5555558459,67020896
Emma,,neighbors,Mother,emma.neighbors@mail.com,5555559383,67020897
Maria Isabel,,felix,Mother,maria isabel.felix@mail.com,5555559575,67020898
Monica,,ragland,Mother,monica.ragland@mail.com,5555561265,67020899
Leslie,,coomer,Mother,leslie.coomer@mail.com,5555560055,67020900
Zayra,,stallings,Mother,zayra.stallings@mail.com,5555563638,67020901
Higinia,,handley,Mother,higinia.handley@mail.com,5555557180,67020902
Rosa L,,whitehouse,Mother,rosa l.whitehouse@mail.com,5555560192,67020903
Veronica,,hays,Mother,veronica.hays@mail.com,5555563214,67020904
Leonardo,,collette,Caregiver,leonardo.collette@mail.com,5555561205,67020905
Lucrecia,,mapes,Aunt,lucrecia.mapes@mail.com,5555560406,67020906
Jose A.,,moritz,Father,jose a..moritz@mail.com,5555559488,67020907
Joel,,baird,Father,joel.baird@mail.com,5555556848,67020908
Angelina,,zito,Caregiver,angelina.zito@mail.com,5555556232,67020909
Ana,,christianson,Caregiver,ana.christianson@mail.com,5555556117,67020910
Ramon,,capps,Father,ramon.capps@mail.com,5555563795,67020911
Johanna,,hotchkiss,Mother,johanna.hotchkiss@mail.com,5555563086,67020912
Rosa icela,,hewett,Mother,rosa icela.hewett@mail.com,5555562314,67020913
Victoria,,golding,Caregiver,victoria.golding@mail.com,5555563783,67020914
Jose,,caballero,Father,jose.caballero@mail.com,5555559390,67020915
Francisco,,good,Caregiver,francisco.good@mail.com,5555558326,67020916
Erick,,lerner,Caregiver,erick.lerner@mail.com,5555558123,67020917
Jose,,burg,Father,jose.burg@mail.com,5555555555,67020918
Kevin,,click,Father,kevin.click@mail.com,5555561859,67020919
Lorenzo,,lemons,Father,lorenzo.lemons@mail.com,5555560345,67020920
Hector,,maxfield,Father,hector.maxfield@mail.com,5555558874,67020921
Rocio,,lamont,Mother,rocio.lamont@mail.com,5555562248,67020922
Mixia,,worden,Caregiver,mixia.worden@mail.com,5555561257,67020923
Flor,,mata,Mother,flor.mata@mail.com,5555558413,67020924
Maria Lizeth,,jaimes,Caregiver,maria lizeth.jaimes@mail.com,5555560778,67020925
Dulce,,fleck,Mother,dulce.fleck@mail.com,5555561249,67020926
Maria Jesus,,edson,Mother,maria jesus.edson@mail.com,5555563016,67020927
Veronica,,towne,Mother,veronica.towne@mail.com,5555563256,67020928
Esmeralda,,rooker,Mother,esmeralda.rooker@mail.com,5555562739,67020929
Cynthia,,noriega,Mother,cynthia.noriega@mail.com,5555557485,67020930
Prisma,,hoelscher,Mother,prisma.hoelscher@mail.com,5555562041,67020931
Sharon,,ostrander,Mother,sharon.ostrander@mail.com,5555562667,67020932
Sandra,,paulk,Caregiver,sandra.paulk@mail.com,5555562556,67020933
Adrik,,medlock,Multiple Parents/Guardians/Caretakers,adrik.medlock@mail.com,5555555710,67020934
Frances,,jenks,Caregiver,frances.jenks@mail.com,5555558421,67020935
Alma,,gaul,Mother,alma.gaul@mail.com,5555556890,67020936
Lisa,,conlin,Mother,lisa.conlin@mail.com,5555560215,67020937
Jesus,,hicks,Father,jesus.hicks@mail.com,5555558539,67020938
Elizabeth,,heilman,Mother,elizabeth.heilman@mail.com,5555557965,67020939
Leticia,,dombrowski,Mother,leticia.dombrowski@mail.com,5555562100,67020940
Esmeralda,,benavides,Mother,esmeralda.benavides@mail.com,5555558188,67020941
Maribel,,oglesby,Mother,maribel.oglesby@mail.com,5555560695,67020942
Sara,,abraham,Mother,sara.abraham@mail.com,5555559553,67020943
Juventina,,dabbs,Caregiver,juventina.dabbs@mail.com,5555556919,67020944
Claudia,,gomes,Mother,claudia.gomes@mail.com,5555557359,67020945
Diana,,rocco,Mother,diana.rocco@mail.com,5555557724,67020946
Kenia,,deakin,Mother,kenia.deakin@mail.com,5555559164,67020947
Jesse,,dove,Other Relationship,jesse.dove@mail.com,5555563757,67020948
Camilo,,hecker,Father,camilo.hecker@mail.com,5555556901,67020949
Edna,,stuart,Mother,edna.stuart@mail.com,5555555557,67020950
Christina,,brace,Mother,christina.brace@mail.com,5555559405,67020951
Veronica,,salerno,Mother,veronica.salerno@mail.com,5555555608,67020952
Jesus,,flatt,Other Relationship,jesus.flatt@mail.com,5555562893,67020953
Maricela,,koon,Mother,maricela.koon@mail.com,5555561404,67020954
Guadalupe,,shields,Mother,guadalupe.shields@mail.com,5555558751,67020955
Gustavo,,wooten,Caregiver,gustavo.wooten@mail.com,5555557387,67020956
Rosalinda,,corwin,Mother,rosalinda.corwin@mail.com,5555562356,67020957
Claudia,,paquin,Mother,claudia.paquin@mail.com,5555555834,67020958
Juan Antonio,,dougherty,Grandfather,juan antonio.dougherty@mail.com,5555559580,67020959
Allison,,sprague,Mother,allison.sprague@mail.com,5555555962,67020960
Alma,,severance,Mother,alma.severance@mail.com,5555556621,67020961
Veronica,,bach,Mother,veronica.bach@mail.com,5555563215,67020962
Jazmin,,southern,Mother,jazmin.southern@mail.com,5555559471,67020963
Violeta,,eckert,Mother,violeta.eckert@mail.com,5555563272,67020964
Leticia,,brittain,Mother,leticia.brittain@mail.com,5555562099,67020965
Ramona,,hamer,Mother,ramona.hamer@mail.com,5555559615,67020966
Sara,,bridges,Mother,sara.bridges@mail.com,5555561553,67020967
Rosalva,,turk,Mother,rosalva.turk@mail.com,5555562332,67020968
Yolanda,,blount,Mother,yolanda.blount@mail.com,5555561626,67020969
Ana,,hutchens,Mother,ana.hutchens@mail.com,5555556288,67020970
Norma,,lawler,Mother,norma.lawler@mail.com,5555561653,67020971
Alma,,hamel,Grandmother,alma.hamel@mail.com,5555556474,67020972
Melissa,,tabor,Mother,melissa.tabor@mail.com,5555556825,67020973
Norma,,muniz,Mother,norma.muniz@mail.com,5555561683,67020974
Karla,,womack,Mother,karla.womack@mail.com,5555559744,67020975
Mercy,,wheaton,Mother,mercy.wheaton@mail.com,5555561130,67020976
Martha,,roth,Mother,martha.roth@mail.com,5555560898,67020977
Maria,,mcreynolds,Mother,maria.mcreynolds@mail.com,5555558997,67020978
Maria,,cool,Mother,maria.cool@mail.com,5555562486,67020979
Maria,,poteat,Mother,maria.poteat@mail.com,5555556319,67020980
Miguel,,stamper,Father,miguel.stamper@mail.com,5555561661,67020981
Mayra,,arredondo,Mother,mayra.arredondo@mail.com,5555560994,67020982
Silvia,,burns,Foster Mother,silvia.burns@mail.com,5555562714,67020983
Melissa,,lacy,Mother,melissa.lacy@mail.com,5555561083,67020984
Carolina,,greiner,Mother,carolina.greiner@mail.com,5555559921,67020985
Adolfo,,colwell,Father,adolfo.colwell@mail.com,5555561914,67020986
Jose,,emanuel,Foster Father,jose.emanuel@mail.com,5555558914,67020987
Blanca,,sipple,Mother,blanca.sipple@mail.com,5555556715,67020988
Socorro,,neel,Mother,socorro.neel@mail.com,5555558701,67020989
Amalia,,sedillo,Mother,amalia.sedillo@mail.com,5555556031,67020990
Ana,,ocampo,Mother,ana.ocampo@mail.com,5555562063,67020991
Paola,,logan,Mother,paola.logan@mail.com,5555561834,67020992
Cynthia,,hollingsworth,Mother,cynthia.hollingsworth@mail.com,5555563204,67020993
Cynthia,,gallaher,Mother,cynthia.gallaher@mail.com,5555563205,67020994
Gloria,,schiff,Caregiver,gloria.schiff@mail.com,5555557735,67020995
Jessica,,elias,Mother,jessica.elias@mail.com,5555563446,67020996
Mayra,,hulsey,Mother,mayra.hulsey@mail.com,5555560535,67020997
Liliana,,berry,Mother,liliana.berry@mail.com,5555560151,67020998
Ariadna,,vasquez,Mother,ariadna.vasquez@mail.com,5555557189,67020999
Nallely,,brant,Aunt,nallely.brant@mail.com,5555563765,67021000
Veronica,,casper,Mother,veronica.casper@mail.com,5555563255,67021001
Estela,,jacoby,Mother,estela.jacoby@mail.com,5555562835,67021002
Silvia,,drew,Foster Mother,silvia.drew@mail.com,5555562713,67021003
Yessica,,pulliam,Mother,yessica.pulliam@mail.com,5555563528,67021004
Griselda,,burnham,Mother,griselda.burnham@mail.com,5555558732,67021005
Angelica,,betts,Mother,angelica.betts@mail.com,5555556268,67021006
Margaret,,arreola,Caregiver,margaret.arreola@mail.com,5555561418,67021007
Concepcion,,dewitt,Mother,concepcion.dewitt@mail.com,5555558681,67021008
Concepcion,,field,Court Appointed Guardian,concepcion.field@mail.com,5555558682,67021009
Iris,,ragan,Mother,iris.ragan@mail.com,5555563694,67021010
Brenda,,nichols,Multiple Parents/Guardians/Caretakers,brenda.nichols@mail.com,5555556798,67021011
Alberto,,cambell,Father,alberto.cambell@mail.com,5555555829,67021012
Jessenia,,burch,Aunt,jessenia.burch@mail.com,5555557053,67021013
Sarai,,bradshaw,Other Relationship,sarai.bradshaw@mail.com,5555563799,67021014
Sandra,,leger,Mother,sandra.leger@mail.com,5555562552,67021015
Josefina,,tillery,Mother,josefina.tillery@mail.com,5555559529,67021016
Esmeralda,,gibbons,Mother,esmeralda.gibbons@mail.com,5555563713,67021017
Cecilia,,abbott,Mother,cecilia.abbott@mail.com,5555557087,67021018
Maria,,mahler,Mother,maria.mahler@mail.com,5555561009,67021019
Monica,,adame,Mother,monica.adame@mail.com,5555561329,67021020
SAUL,,stringer,Father,saul.stringer@mail.com,5555563836,67021021
Vanesa,,labelle,Mother,vanesa.labelle@mail.com,5555561705,67021022
Angelica,,haile,Mother,angelica.haile@mail.com,5555557884,67021023
Pamela,,Solis,Mother,pamela.solis@mail.com,5555561822,67013142
Andrea G.,,destefano,Mother,andrea g..destefano@mail.com,5555556174,67013994
Maria,,Solis,Mother,maria.solis@mail.com,5555560696,67014167
Mirsa,,Solis,Mother,mirsa.solis@mail.com,5555560220,67014186
Jaqueline,,Solis,Mother,jaqueline.solis@mail.com,5555563118,67014280
Maria,,dabney,Mother,maria.dabney@mail.com,5555556558,67014394
Maria,,ma,Mother,maria.ma@mail.com,5555556557,67014493
Nancy,,Solis,Mother,nancy.solis@mail.com,5555560134,67014683
ANGELA MICHELLE,,whitten,Mother,angela michelle.whitten@mail.com,5555556197,67014967
ANGELA MICHELLE,,dingle,Mother,angela michelle.dingle@mail.com,5555556198,67015077
Maria de los Angeles,,dendy,Mother,maria de los angeles.dendy@mail.com,5555556203,67015198
Ruben,,Solis,Father,ruben.solis@mail.com,5555562140,67015400
Anabel,,Solis,Mother,anabel.solis@mail.com,5555556063,67015452
Karina,,Solis,Mother,karina.solis@mail.com,5555559700,67015476
Thalia,,Solis,Mother,thalia.solis@mail.com,5555562998,67015841
Adriana,,Solis,Mother,adriana.solis@mail.com,5555556527,67016076
Pilar,,Solis,Mother,pilar.solis@mail.com,5555562058,67016090
Nora,,Solis,Mother,nora.solis@mail.com,5555561674,67016205
Mauricio,,krueger,Father,mauricio.krueger@mail.com,5555560958,67016727
Marisol,,Solis,Mother,marisol.solis@mail.com,5555563111,67016946
Maria,,Solis,Caregiver,maria.solis@mail.com,5555561907,67016992
Ginna,,Solis,Mother,ginna.solis@mail.com,5555558638,67017139
Yuliana,,Solis,Mother,yuliana.solis@mail.com,5555561341,67017145
Cristina,,Solis,Mother,cristina.solis@mail.com,5555558834,67017258
Ashley,,Solis,Mother,ashley.solis@mail.com,5555556465,67017301
Amaraine,,Solis,Mother,amaraine.solis@mail.com,5555556043,67017326
Erika,,Solis,Aunt,erika.solis@mail.com,5555558138,67017423
Hortencia,,Solis,Mother,hortencia.solis@mail.com,5555558876,67018439
Blanca Ofelia,,ladner,Caregiver,blanca ofelia.ladner@mail.com,5555556718,67018461
Maria de los Angeles,,tincher,Mother,maria de los angeles.tincher@mail.com,5555556204,67018685
Adrian,,Solis,Father,adrian.solis@mail.com,5555555676,67018874
Sulema,,Solis,Mother,sulema.solis@mail.com,5555557227,67019048
Saul,,Solis,Father,saul.solis@mail.com,5555562699,67019506
Vanessa,,radtke,Mother,vanessa.radtke@mail.com,5555565148,67021024
Lanette,,hook,Mother,lanette.hook@mail.com,5555564646,67021025
Lizeth,,mahan,Mother,lizeth.mahan@mail.com,5555564825,67021026
Mayra,,rapp,Mother,mayra.rapp@mail.com,5555564690,67021027
Bernice,,melnick,Mother,bernice.melnick@mail.com,5555564294,67021028
Melissa,,houk,Mother,melissa.houk@mail.com,5555561419,67021029
Loreeyn,,cassell,Mother,loreeyn.cassell@mail.com,5555560327,67021030
Jazmin,,segovia,Mother,jazmin.segovia@mail.com,5555559235,67021031
Sarahi,,kendall,Mother,sarahi.kendall@mail.com,5555564003,67021032
Marla,,schreiber,Mother,marla.schreiber@mail.com,5555564036,67021033
Zuzel,,wales,Mother,zuzel.wales@mail.com,5555564300,67021034
Veronica,,tilley,Mother,veronica.tilley@mail.com,5555564131,67021035
Ruby,,aguiar,Mother,ruby.aguiar@mail.com,5555564554,67021036
Dalia,,grossman,Mother,dalia.grossman@mail.com,5555564570,67021037
Kytzia,,wolfe,Mother,kytzia.wolfe@mail.com,5555564088,67021038
Irene,,tew,Mother,irene.tew@mail.com,5555564945,67021039
Berenice,,ahmad,Mother,berenice.ahmad@mail.com,5555564220,67021040
Alejandra,,pike,Mother,alejandra.pike@mail.com,5555564092,67021041
Brenda,,armour,Mother,brenda.armour@mail.com,5555564566,67021042
Yvonne,,segal,Mother,yvonne.segal@mail.com,5555563910,67021043
Leslie,,gill,Mother,leslie.gill@mail.com,5555564087,67021044
Maleni,,hazzard,Mother,maleni.hazzard@mail.com,5555564259,67021045
Ashly,,viola,Mother,ashly.viola@mail.com,5555564260,67021046
Marlen,,youmans,Mother,marlen.youmans@mail.com,5555564678,67021047
Karen,,conover,Mother,karen.conover@mail.com,5555565146,67021048
Alexis,,byron,Mother,alexis.byron@mail.com,5555565034,67021049
Ana,,bissonnette,Mother,ana.bissonnette@mail.com,5555564701,67021050
Cassandra,,schock,Mother,cassandra.schock@mail.com,5555564315,67021051
Rosa,,dodds,Mother,rosa.dodds@mail.com,5555564322,67021052
Linda,,dickey,Mother,linda.dickey@mail.com,5555565089,67021053
Delia Yazmin,,mcewen,Mother,delia yazmin.mcewen@mail.com,5555564081,67021054
Stacy,,frame,Mother,stacy.frame@mail.com,5555564232,67021055
Stephanie,,allard,Mother,stephanie.allard@mail.com,5555564731,67021056
Fernanda,,watters,Mother,fernanda.watters@mail.com,5555564439,67021057
Loreeyn,,maddux,Mother,loreeyn.maddux@mail.com,5555560326,67021058
Betsabe,,turk,Mother,betsabe.turk@mail.com,5555559205,67021059
Sandra,,erb,Mother,sandra.erb@mail.com,5555564589,67021060
Karen,,moser,Mother,karen.moser@mail.com,5555565039,67021061
Sonia L,,handy,Mother,sonia l.handy@mail.com,5555564269,67021062
Stephanie,,ocasio,Mother,stephanie.ocasio@mail.com,5555564247,67021063
Ingrid,,snapp,Mother,ingrid.snapp@mail.com,5555564962,67021064
Christina,,still,Mother,christina.still@mail.com,5555564548,67021065
Hilda,,estrada,Mother,hilda.estrada@mail.com,5555564559,67021066
Jose,,wooley,Father,jose.wooley@mail.com,5555564224,67021067
Gabriela,,jarvis,Mother,gabriela.jarvis@mail.com,5555564534,67021068
Robert,,hackworth,Father,robert.hackworth@mail.com,5555564742,67021069
Martha,,lomas,Mother,martha.lomas@mail.com,5555564386,67021070
luz,,gartner,Mother,luz.gartner@mail.com,5555564665,67021071
Jennat,,colter,Mother,jennat.colter@mail.com,5555564532,67021072
Jennat,,sperling,Mother,jennat.sperling@mail.com,5555564531,67021073
Karla,,lowder,Mother,karla.lowder@mail.com,5555565168,67021074
Lesli,,packer,Mother,lesli.packer@mail.com,5555564585,67021075
Flor,,trice,Mother,flor.trice@mail.com,5555565070,67021076
Fabiola,,remillard,Mother,fabiola.remillard@mail.com,5555564692,67021077
Celia,,kirschner,Mother,celia.kirschner@mail.com,5555564541,67021078
Claudia,,doering,Aunt,claudia.doering@mail.com,5555564238,67021079
Ruben,,turgeon,Father,ruben.turgeon@mail.com,5555564514,67021080
Nemecia,,gillum,Mother,nemecia.gillum@mail.com,5555564276,67021081
Mayra,,blodgett,Mother,mayra.blodgett@mail.com,5555564913,67021082
Abigail,,rankins,Mother,abigail.rankins@mail.com,5555564518,67021083
Tania,,estrella,Mother,tania.estrella@mail.com,5555564070,67021084
Claudia,,bobo,Mother,claudia.bobo@mail.com,5555564901,67021085
Silvia,,bowman,Mother,silvia.bowman@mail.com,5555565086,67021086
CLAUDIA,,dancy,Mother,claudia.dancy@mail.com,5555565128,67021087
Mirna Dayanne,,saylor,Mother,mirna dayanne.saylor@mail.com,5555564987,67021088
Kiabeth,,beebe,Mother,kiabeth.beebe@mail.com,5555564936,67021089
Jenney,,atkinson,Mother,jenney.atkinson@mail.com,5555564949,67021090
Francisco,,nickles,Father,francisco.nickles@mail.com,5555565085,67021091
David,,pittman,Stepfather,david.pittman@mail.com,5555565030,67021092
CLAUDIA,,mcclain,Mother,claudia.mcclain@mail.com,5555564373,67021093
CLAUDIA,,swaim,Mother,claudia.swaim@mail.com,5555564366,67021094
Margarita,,hague,Mother,margarita.hague@mail.com,5555565054,67021095
Denisse,,addington,Mother,denisse.addington@mail.com,5555564076,67021096
Teresa,,benson,Aunt,teresa.benson@mail.com,5555564727,67021097
Jenney,,troutman,Mother,jenney.troutman@mail.com,5555564947,67021098
Karen,,branson,Mother,karen.branson@mail.com,5555565124,67021099
Ana Luisa,,willard,Mother,ana luisa.willard@mail.com,5555564550,67021100
David,,woo,Stepfather,david.woo@mail.com,5555565031,67021101
Angelita,,labrecque,Mother,angelita.labrecque@mail.com,5555564689,67021102
Denisse,,morrill,Mother,denisse.morrill@mail.com,5555564075,67021103
Gerardo,,guest,Father,gerardo.guest@mail.com,5555564469,67021104
Leslie,,newlin,Mother,leslie.newlin@mail.com,5555565007,67021105
Anna victoria,,tankersley,Mother,anna victoria.tankersley@mail.com,5555564438,67021106
Mario,,thornburg,Father,mario.thornburg@mail.com,5555560829,67021107
Heyna,,ramsay,Mother,heyna.ramsay@mail.com,5555564600,67021108
Maria Del Rosario,,silverstein,Mother,maria del rosario.silverstein@mail.com,5555560716,67021109
Jhoana,,dodds,Mother,jhoana.dodds@mail.com,5555564445,67021110
Melissa,,despain,Mother,melissa.despain@mail.com,5555565084,67021111
Connie,,weaver,Mother,connie.weaver@mail.com,5555556484,67021112
Adrian,,mcvey,Father,adrian.mcvey@mail.com,5555563953,67021113
Xiomara,,martins,Mother,xiomara.martins@mail.com,5555564555,67021114
Crysthia,,eckman,Mother,crysthia.eckman@mail.com,5555557446,67021115
Faviola,,pullen,Mother,faviola.pullen@mail.com,5555563186,67021116
Melissa,,decoteau,Mother,melissa.decoteau@mail.com,5555563095,67021117
Mirllann,,rock,Mother,mirllann.rock@mail.com,5555561229,67021118
Kariana,,wortham,Mother,kariana.wortham@mail.com,5555558691,67021119
Hilda,,hartzell,Mother,hilda.hartzell@mail.com,5555558861,67021120
Olga,,cazares,Mother,olga.cazares@mail.com,5555565088,67021121
Sophia,,bloom,Mother,sophia.bloom@mail.com,5555564437,67021122
Natalia,,towe,Mother,natalia.towe@mail.com,5555564147,67021123
Karen,,findlay,Mother,karen.findlay@mail.com,5555564325,67021124
Miguel,,karns,Father,miguel.karns@mail.com,5555564133,67021125
Leslie,,quan,Mother,leslie.quan@mail.com,5555564291,67021126
Michelle,,mcclure,Mother,michelle.mcclure@mail.com,5555561025,67021127
Elizabeth,,barrington,Mother,elizabeth.barrington@mail.com,5555565071,67021128
Blanca,,calderon,Mother,blanca.calderon@mail.com,5555565147,67021129
Isabel,,kirby,Mother,isabel.kirby@mail.com,5555564831,67021130
Joyce,,valverde,Mother,joyce.valverde@mail.com,5555564667,67021131
Zayda,,gutierrez,Mother,zayda.gutierrez@mail.com,5555564536,67021132
Krisell,,carrasco,Mother,krisell.carrasco@mail.com,5555565162,67021133
Angelina,,surber,Mother,angelina.surber@mail.com,5555564814,67021134
Jacqueline,,clair,Mother,jacqueline.clair@mail.com,5555565065,67021135
Sandra,,rubin,Mother,sandra.rubin@mail.com,5555564757,67021136
Gloria,,ide,Mother,gloria.ide@mail.com,5555564747,67021137
Rousy,,mclemore,Mother,rousy.mclemore@mail.com,5555564564,67021138
Elena,,grantham,Mother,elena.grantham@mail.com,5555564598,67021139
Jessica,,lohr,Mother,jessica.lohr@mail.com,5555565000,67021140
ALVARO,,hacker,Multiple Parents/Guardians/Caretakers,alvaro.hacker@mail.com,5555564544,67021141
Damaris,,conn,Mother,damaris.conn@mail.com,5555564618,67021142
Cristal,,vanwinkle,Mother,cristal.vanwinkle@mail.com,5555564091,67021143
Vivian,,gwin,Mother,vivian.gwin@mail.com,5555564732,67021144
Leslye,,rowlett,Mother,leslye.rowlett@mail.com,5555565135,67021145
Paulina,,bowler,Mother,paulina.bowler@mail.com,5555564483,67021146
Jazmin,,rue,Mother,jazmin.rue@mail.com,5555564931,67021147
Ashley,,cannon,Mother,ashley.cannon@mail.com,5555564078,67021148
Cassandra,,bethea,Mother,cassandra.bethea@mail.com,5555565035,67021149
Samantha,,coward,Mother,samantha.coward@mail.com,5555565064,67021150
Amairany,,bock,Mother,amairany.bock@mail.com,5555564664,67021151
Sonia,,lomax,Mother,sonia.lomax@mail.com,5555564728,67021152
Samantha,,ransom,Mother,samantha.ransom@mail.com,5555564991,67021153
Alejandra,,blake,Mother,alejandra.blake@mail.com,5555564446,67021154
Leslie,,percy,Mother,leslie.percy@mail.com,5555565090,67021155
Fernanda,,tedder,Mother,fernanda.tedder@mail.com,5555565173,67021156
NYAH,,weiland,Mother,nyah.weiland@mail.com,5555564223,67021157
Melissa,,triplett,Mother,melissa.triplett@mail.com,5555564482,67021158
James,,stromberg,Father,james.stromberg@mail.com,5555564144,67021159
Leslie,,troy,Mother,leslie.troy@mail.com,5555564610,67021160
Dalia,,worthen,Mother,dalia.worthen@mail.com,5555564675,67021161
Mayra,,whitehouse,Mother,mayra.whitehouse@mail.com,5555564866,67021162
Daniel,,etter,Father,daniel.etter@mail.com,5555557577,67021163
Eduardo,,wertz,Father,eduardo.wertz@mail.com,5555561446,67021164
Marla,,flood,Mother,marla.flood@mail.com,5555564085,67021165
Veronica,,petersen,Mother,veronica.petersen@mail.com,5555565127,67021166
Aisha,,worrell,Mother,aisha.worrell@mail.com,5555564802,67021167
Ashley,,caswell,Mother,ashley.caswell@mail.com,5555565050,67021168
Jhoana,,bess,Mother,jhoana.bess@mail.com,5555564606,67021169
Wendy,,battle,Mother,wendy.battle@mail.com,5555564834,67021170
Ailin,,dickerson,Mother,ailin.dickerson@mail.com,5555565160,67021171
Ailin,,beaudoin,Mother,ailin.beaudoin@mail.com,5555565161,67021172
Kimberly,,hildebrandt,Mother,kimberly.hildebrandt@mail.com,5555565152,67021173
Miroslaba,,cisneros,Mother,miroslaba.cisneros@mail.com,5555564565,67021174
Kayla,,myrick,Mother,kayla.myrick@mail.com,5555564528,67021175
Michelle,,ashby,Mother,michelle.ashby@mail.com,5555564796,67021176
Claudia,,murphree,Mother,claudia.murphree@mail.com,5555564684,67021177
Maria,,newkirk,Mother,maria.newkirk@mail.com,5555564542,67021178
Vanessa,,hare,Mother,vanessa.hare@mail.com,5555564365,67021179
Vianey,,boardman,Mother,vianey.boardman@mail.com,5555564216,67021180
Lucia,,jean,Mother,lucia.jean@mail.com,5555564740,67021181
Christian,,musselman,Mother,christian.musselman@mail.com,5555564558,67021182
Paola,,louie,Mother,paola.louie@mail.com,5555564879,67021183
Anna,,teague,Mother,anna.teague@mail.com,5555564457,67021184
Klaritza,,wozniak,Mother,klaritza.wozniak@mail.com,5555564592,67021185
Valerie,,heckman,Mother,valerie.heckman@mail.com,5555564813,67021186
Paola,,mccaskill,Mother,paola.mccaskill@mail.com,5555564330,67021187
Pamela,,crump,Mother,pamela.crump@mail.com,5555564546,67021188
Maricela,,lawhorn,Mother,maricela.lawhorn@mail.com,5555564458,67021189
Miriam,,roth,Mother,miriam.roth@mail.com,5555565015,67021190
Stephany,,hawthorne,Mother,stephany.hawthorne@mail.com,5555565137,67021191
ZAIRA,,briseno,Mother,zaira.briseno@mail.com,5555564995,67021192
Fernanda,,scholz,Mother,fernanda.scholz@mail.com,5555565172,67021193
Vanessa,,burchfield,Mother,vanessa.burchfield@mail.com,5555564990,67021194
Adriana,,winfrey,Mother,adriana.winfrey@mail.com,5555565044,67021195
Adela,,dixson,Mother,adela.dixson@mail.com,5555564318,67021196
Samantha,,walley,Mother,samantha.walley@mail.com,5555564398,67021197
Juliana,,calvert,Mother,juliana.calvert@mail.com,5555565011,67021198
Melisa,,gresham,Mother,melisa.gresham@mail.com,5555564714,67021199
Angelica,,woolf,Mother,angelica.woolf@mail.com,5555564090,67021200
Gabriel,,leung,Father,gabriel.leung@mail.com,5555564943,67021201
Rousy,,lowrey,Mother,rousy.lowrey@mail.com,5555564563,67021202
Jazmin,,stack,Mother,jazmin.stack@mail.com,5555564861,67021203
Ashley,,fowlkes,Mother,ashley.fowlkes@mail.com,5555564073,67021204
Alejandra,,devoe,Mother,alejandra.devoe@mail.com,5555565115,67021205
Melisa,,christopher,Mother,melisa.christopher@mail.com,5555564289,67021206
Jennine,,deyoung,Mother,jennine.deyoung@mail.com,5555564988,67021207
Hasnne,,delgadillo,Mother,hasnne.delgadillo@mail.com,5555564741,67021208
Jasmine,,hopkins,Mother,jasmine.hopkins@mail.com,5555564845,67021209
Samantha,,cavanaugh,Mother,samantha.cavanaugh@mail.com,5555565072,67021210
Jesus,,bedford,Father,jesus.bedford@mail.com,5555564539,67021211
Ismael,,broderick,Father,ismael.broderick@mail.com,5555564184,67021212
Yahaira,,browning,Mother,yahaira.browning@mail.com,5555564812,67021213
Claudia,,joe,Mother,claudia.joe@mail.com,5555564508,67021214
Ynes,,hills,Mother,ynes.hills@mail.com,5555564267,67021215
Ana,,wade,Mother,ana.wade@mail.com,5555564858,67021216
Ana,,griego,Mother,ana.griego@mail.com,5555564859,67021217
Jesus,,kennon,Father,jesus.kennon@mail.com,5555564538,67021218
Carlos,,foreman,Father,carlos.foreman@mail.com,5555564630,67021219
Hugo,,ware,Father,hugo.ware@mail.com,5555564338,67021220
FERNANDO,,christ,Father,fernando.christ@mail.com,5555564535,67021221
Alma,,langdon,Mother,alma.langdon@mail.com,5555564673,67021222
Vanessa,,devlin,Mother,vanessa.devlin@mail.com,5555564865,67021223
Marco,,mapes,Foster Father,marco.mapes@mail.com,5555564815,67021224
Jazmin,,stansberry,Mother,jazmin.stansberry@mail.com,5555564860,67021225
Nagely,,huffman,Mother,nagely.huffman@mail.com,5555564324,67021226
Jessica,,early,Mother,jessica.early@mail.com,5555565045,67021227
Carmen Elena,,petry,Mother,carmen elena.petry@mail.com,5555564977,67021228
Alejandra,,maye,Mother,alejandra.maye@mail.com,5555565114,67021229
Ana,,corson,Mother,ana.corson@mail.com,5555564857,67021230
Anna,,lizotte,Grandmother,anna.lizotte@mail.com,5555564228,67021231
Maria,,leroy,Mother,maria.leroy@mail.com,5555564884,67021232
Moises,,dunston,Father,moises.dunston@mail.com,5555561291,67021233
Bianca,,whitman,Mother,bianca.whitman@mail.com,5555556687,67021234
Sally,,macleod,Mother,sally.macleod@mail.com,5555564572,67021235
Christina,,hassell,Mother,christina.hassell@mail.com,5555565105,67021236
Angelica paola,,spillman,Mother,angelica paola.spillman@mail.com,5555565163,67021237
MINERVA,,meier,Mother,minerva.meier@mail.com,5555564369,67021238
Mariana,,hardie,Mother,mariana.hardie@mail.com,5555564922,67021239
Claudia,,chalmers,Mother,claudia.chalmers@mail.com,5555564934,67021240
Maria,,rickert,Mother,maria.rickert@mail.com,5555564808,67021241
Karelly,,hefner,Mother,karelly.hefner@mail.com,5555565077,67021242
Maira,,salyer,Mother,maira.salyer@mail.com,5555564905,67021243
Jazmin,,jamison,Mother,jazmin.jamison@mail.com,5555564335,67021244
Itzel Vanessa,,alvey,Mother,itzel vanessa.alvey@mail.com,5555564594,67021245
Rosse,,eugene,Mother,rosse.eugene@mail.com,5555565016,67021246
Maria,,mears,Mother,maria.mears@mail.com,5555564729,67021247
Kelly,,ellingson,Mother,kelly.ellingson@mail.com,5555564602,67021248
Liliana,,polanco,Mother,liliana.polanco@mail.com,5555564149,67021249
Aylim,,gilstrap,Mother,aylim.gilstrap@mail.com,5555564915,67021250
Pearl,,troutman,Mother,pearl.troutman@mail.com,5555564309,67021251
Lesley A,,blain,Mother,lesley a.blain@mail.com,5555564240,67021252
Josefa,,flanders,Mother,josefa.flanders@mail.com,5555564820,67021253
Marlene,,mcmillon,Mother,marlene.mcmillon@mail.com,5555564178,67021254
Tania vanessa,,latta,Mother,tania vanessa.latta@mail.com,5555564716,67021255
Daisy,,solano,Mother,daisy.solano@mail.com,5555564106,67021256
Alma,,spence,Mother,alma.spence@mail.com,5555564781,67021257
Priscilla,,stitt,Mother,priscilla.stitt@mail.com,5555564640,67021258
Dyane,,drum,Mother,dyane.drum@mail.com,5555564778,67021259
Amy,,salyer,Mother,amy.salyer@mail.com,5555565092,67021260
Brayana,,gilman,Mother,brayana.gilman@mail.com,5555564376,67021261
Karla,,wilks,Mother,karla.wilks@mail.com,5555564622,67021262
Olivia,,fay,Mother,olivia.fay@mail.com,5555564054,67021263
Alma,,stockman,Mother,alma.stockman@mail.com,5555564768,67021264
Maria,,hebert,Mother,maria.hebert@mail.com,5555564801,67021265
Ismael,,doran,Grandfather,ismael.doran@mail.com,5555564113,67021266
Haziel,,oglesby,Mother,haziel.oglesby@mail.com,5555564177,67021267
Andrea,,salley,Mother,andrea.salley@mail.com,5555564310,67021268
Brenda,,searles,Mother,brenda.searles@mail.com,5555564119,67021269
Jaqueline,,schoen,Mother,jaqueline.schoen@mail.com,5555564898,67021270
Tanya,,pickle,Mother,tanya.pickle@mail.com,5555562944,67021271
Josefine,,gary,Mother,josefine.gary@mail.com,5555564581,67021272
Mario,,toth,Father,mario.toth@mail.com,5555560818,67021273
Belinda,,malone,Mother,belinda.malone@mail.com,5555556616,67021274
Joanna,,lindquist,Mother,joanna.lindquist@mail.com,5555564980,67021275
Leticia,,foxworth,Mother,leticia.foxworth@mail.com,5555564262,67021276
Karla,,howard,Mother,karla.howard@mail.com,5555564767,67021277
Griselda,,granados,Mother,griselda.granados@mail.com,5555565113,67021278
Giselle,,wyrick,Mother,giselle.wyrick@mail.com,5555564352,67021279
Alexandra,,mcintyre,Mother,alexandra.mcintyre@mail.com,5555564311,67021280
Mery Evelyn,,hendley,Mother,mery evelyn.hendley@mail.com,5555564722,67021281
Karime,,strickland,Multiple Parents/Guardians/Caretakers,karime.strickland@mail.com,5555565153,67021282
Jazmin,,fernandes,Mother,jazmin.fernandes@mail.com,5555565087,67021283
Luz,,setzer,Mother,luz.setzer@mail.com,5555564819,67021284
Karen,,hollowell,Mother,karen.hollowell@mail.com,5555564465,67021285
Alma Gabriela,,gaytan,Mother,alma gabriela.gaytan@mail.com,5555565056,67021286
Liliana,,ramos,Mother,liliana.ramos@mail.com,5555565066,67021287
Vanessa,,wages,Mother,vanessa.wages@mail.com,5555565012,67021288
Marisela,,addison,Mother,marisela.addison@mail.com,5555564498,67021289
Irene,,cassell,Mother,irene.cassell@mail.com,5555564760,67021290
Alma,,velasco,Mother,alma.velasco@mail.com,5555564400,67021291
Fernanda,,cagle,Mother,fernanda.cagle@mail.com,5555564256,67021292
Graciela,,storey,Mother,graciela.storey@mail.com,5555564266,67021293
Maria,,carlin,Mother,maria.carlin@mail.com,5555565095,67021294
Emely,,shuman,Mother,emely.shuman@mail.com,5555564651,67021295
Xitlalilt,,kieffer,Mother,xitlalilt.kieffer@mail.com,5555564199,67021296
neyra,,downs,Mother,neyra.downs@mail.com,5555564593,67021297
Pablo,,hammock,Father,pablo.hammock@mail.com,5555564104,67021298
Susana,,albertson,Mother,susana.albertson@mail.com,5555564103,67021299
Olivia,,soares,Mother,olivia.soares@mail.com,5555564059,67021300
Melissa,,maxson,Mother,melissa.maxson@mail.com,5555564791,67021301
Alisha,,gavin,Mother,alisha.gavin@mail.com,5555564840,67021302
Maria,,carlile,Mother,maria.carlile@mail.com,5555564682,67021303
Daniela,,knight,Mother,daniela.knight@mail.com,5555564674,67021304
Arely,,dowd,Mother,arely.dowd@mail.com,5555564116,67021305
Karen d,,ash,Mother,karen d.ash@mail.com,5555564089,67021306
Veronica,,treece,Mother,veronica.treece@mail.com,5555564299,67021307
Michelle,,patch,Mother,michelle.patch@mail.com,5555564392,67021308
Ruby,,hatton,Mother,ruby.hatton@mail.com,5555564418,67021309
Graciela,,weaver,Mother,graciela.weaver@mail.com,5555565041,67021310
Mariel,,vang,Mother,mariel.vang@mail.com,5555564173,67021311
Yaira,,lilley,Mother,yaira.lilley@mail.com,5555564753,67021312
maria,,shipley,Mother,maria.shipley@mail.com,5555564888,67021313
Cristina,,power,Mother,cristina.power@mail.com,5555564833,67021314
Tanya,,gaines,Mother,tanya.gaines@mail.com,5555564946,67021315
Jessica,,mcgann,Mother,jessica.mcgann@mail.com,5555564837,67021316
Esther Alicia,,mellon,Mother,esther alicia.mellon@mail.com,5555564160,67021317
Jesus,,woolley,Uncle,jesus.woolley@mail.com,5555565132,67021318
Karina,,mcgriff,Mother,karina.mcgriff@mail.com,5555564401,67021319
Miriam,,labbe,Mother,miriam.labbe@mail.com,5555564355,67021320
Jose,,yocum,Uncle,jose.yocum@mail.com,5555564908,67021321
Ihtamara,,studer,Multiple Parents/Guardians/Caretakers,ihtamara.studer@mail.com,5555564168,67021322
Lizeth,,banda,Mother,lizeth.banda@mail.com,5555564390,67021323
Reyna l,,gonzalez,Grandmother,reyna l.gonzalez@mail.com,5555564807,67021324
Paulina,,stockman,Mother,paulina.stockman@mail.com,5555564353,67021325
Alexia,,hulse,Mother,alexia.hulse@mail.com,5555564179,67021326
Jaqueline,,whitson,Mother,jaqueline.whitson@mail.com,5555564897,67021327
Ashley,,ha,Mother,ashley.ha@mail.com,5555564382,67021328
Lesley A,,dahlgren,Mother,lesley a.dahlgren@mail.com,5555564242,67021329
Mariel,,betz,Mother,mariel.betz@mail.com,5555564172,67021330
Tanya,,vaughan,Mother,tanya.vaughan@mail.com,5555564281,67021331
Diana,,sam,Mother,diana.sam@mail.com,5555565100,67021332
Alexy,,terrell,Mother,alexy.terrell@mail.com,5555565178,67021333
Ashley,,caron,Mother,ashley.caron@mail.com,5555564383,67021334
Mitzue,,lafave,Mother,mitzue.lafave@mail.com,5555564275,67021335
Ana Gabriela,,sherwin,Mother,ana gabriela.sherwin@mail.com,5555564312,67021336
Paola,,bateman,Mother,paola.bateman@mail.com,5555565109,67021337
Bianca,,hendershot,Mother,bianca.hendershot@mail.com,5555564513,67021338
Aurora,,caskey,Mother,aurora.caskey@mail.com,5555564997,67021339
Jesus,,taft,Caregiver,jesus.taft@mail.com,5555565133,67021340
Gloria,,nazario,Mother,gloria.nazario@mail.com,5555564378,67021341
Alexia,,garrick,Mother,alexia.garrick@mail.com,5555564180,67021342
Diana,,hackworth,Mother,diana.hackworth@mail.com,5555565101,67021343
Cristina,,mathew,Mother,cristina.mathew@mail.com,5555564750,67021344
Haydee,,quintero,Mother,haydee.quintero@mail.com,5555564211,67021345
Mitzue,,blanchard,Mother,mitzue.blanchard@mail.com,5555564274,67021346
Cinthia,,frank,Mother,cinthia.frank@mail.com,5555564185,67021347
Eliana,,arrington,Mother,eliana.arrington@mail.com,5555564441,67021348
Claudia,,paulson,Mother,claudia.paulson@mail.com,5555564744,67021349
Martha,,porterfield,Mother,martha.porterfield@mail.com,5555564671,67021350
Paulina,,barajas,Mother,paulina.barajas@mail.com,5555564354,67021351
Mariel,,hazel,Mother,mariel.hazel@mail.com,5555564174,67021352
Alejandra,,pogue,Mother,alejandra.pogue@mail.com,5555564459,67021353
Cintya,,bowens,Mother,cintya.bowens@mail.com,5555564766,67021354
Cristina,,cobb,Mother,cristina.cobb@mail.com,5555564751,67021355
Haydee,,peak,Mother,haydee.peak@mail.com,5555564212,67021356
Gissel,,behr,Mother,gissel.behr@mail.com,5555558628,67021357
Brenda,,roark,Mother,brenda.roark@mail.com,5555558515,67021358
Viviana,,levasseur,Mother,viviana.levasseur@mail.com,5555565055,67021359
Claudia,,lo,Mother,claudia.lo@mail.com,5555557326,67021360
Areli,,preston,Mother,areli.preston@mail.com,5555560554,67021361
Jackeline,,gartner,Mother,jackeline.gartner@mail.com,5555559257,67021362
Nydia,,haynie,Mother,nydia.haynie@mail.com,5555561471,67021363
Rafael,,gish,Father,rafael.gish@mail.com,5555562141,67021364
Irlany,,quinn,Mother,irlany.quinn@mail.com,5555560295,67021365
Monica,,wildman,Mother,monica.wildman@mail.com,5555561316,67021366
Evelyne,,lynn,Mother,evelyne.lynn@mail.com,5555558256,67021367
Luisa,,hoch,Mother,luisa.hoch@mail.com,5555564800,67021368
Liliana,,deen,Mother,liliana.deen@mail.com,5555564927,67021369
Paola,,do,Mother,paola.do@mail.com,5555564981,67021370
Melissa,,knudsen,Mother,melissa.knudsen@mail.com,5555564545,67021371
Denisse,,alleyne,Mother,denisse.alleyne@mail.com,5555564346,67021372
Dulce,,jemison,Mother,dulce.jemison@mail.com,5555564878,67021373
Perla,,obryan,Mother,perla.obryan@mail.com,5555564707,67021374
Sandra,,setzer,Mother,sandra.setzer@mail.com,5555564067,67021375
Brenda B,,munson,Mother,brenda b.munson@mail.com,5555564363,67021376
Stephanie,,mcabee,Mother,stephanie.mcabee@mail.com,5555564251,67021377
Janeth,,applewhite,Mother,janeth.applewhite@mail.com,5555564852,67021378
Maria,,razo,Mother,maria.razo@mail.com,5555564764,67021379
Andrea,,santiago,Mother,andrea.santiago@mail.com,5555564371,67021380
Cristal,,merrick,Mother,cristal.merrick@mail.com,5555564272,67021381
Aime,,gattis,Mother,aime.gattis@mail.com,5555564875,67021382
Magali,,walls,Mother,magali.walls@mail.com,5555564079,67021383
Valeria,,mcneil,Mother,valeria.mcneil@mail.com,5555564963,67021384
Lorena,,gilson,Mother,lorena.gilson@mail.com,5555565120,67021385
Maribel,,rosenberger,Mother,maribel.rosenberger@mail.com,5555564769,67021386
Stephanie,,burrows,Mother,stephanie.burrows@mail.com,5555564786,67021387
Keila,,pogue,Mother,keila.pogue@mail.com,5555564626,67021388
Keila,,nordstrom,Mother,keila.nordstrom@mail.com,5555564628,67021389
Denisse,,weinberg,Mother,denisse.weinberg@mail.com,5555565104,67021390
Yahayra Guadalupe,,maye,Mother,yahayra guadalupe.maye@mail.com,5555564287,67021391
Yoanna,,irving,Mother,yoanna.irving@mail.com,5555564777,67021392
Zendi,,board,Mother,zendi.board@mail.com,5555564342,67021393
Jantzen Dalel Alejandra,,redman,Mother,jantzen dalel alejandra.redman@mail.com,5555564417,67021394
DIANA,,haven,Mother,diana.haven@mail.com,5555564925,67021395
Julio,,wicks,Father,julio.wicks@mail.com,5555564086,67021396
Joel,,labbe,Father,joel.labbe@mail.com,5555564519,67021397
Priscila,,chamberlain,Mother,priscila.chamberlain@mail.com,5555564233,67021398
Leslie,,felder,Mother,leslie.felder@mail.com,5555565157,67021399
Johanna,,schram,Mother,johanna.schram@mail.com,5555564511,67021400
Yesmine,,binder,Mother,yesmine.binder@mail.com,5555564670,67021401
Victor,,giddens,Father,victor.giddens@mail.com,5555564547,67021402
Claudia lisve,,holbrook,Mother,claudia lisve.holbrook@mail.com,5555564339,67021403
Jrosita,,braxton,Mother,jrosita.braxton@mail.com,5555565067,67021404
Pedro,,sisson,Father,pedro.sisson@mail.com,5555564516,67021405
Luz,,erwin,Mother,luz.erwin@mail.com,5555558185,67021406
Ashley,,hedges,Mother,ashley.hedges@mail.com,5555556447,67021407
Janett,,shephard,Mother,janett.shephard@mail.com,5555562970,67021408
Kitcia,,wilbanks,Mother,kitcia.wilbanks@mail.com,5555563915,67021409
Jesus,,elmer,Father,jesus.elmer@mail.com,5555564466,67021410
Jackeline,,whitman,Mother,jackeline.whitman@mail.com,5555559258,67021411
Jesus,,theriault,Mother,jesus.theriault@mail.com,5555560861,67021412
Dania,,weatherly,Mother,dania.weatherly@mail.com,5555564994,67021413
Lizet,,bean,Mother,lizet.bean@mail.com,5555565046,67021414
Yessenia,,boland,Mother,yessenia.boland@mail.com,5555564654,67021415
Delia,,dexter,Mother,delia.dexter@mail.com,5555564629,67021416
Dania,,caldwell,Mother,dania.caldwell@mail.com,5555564142,67021417
Brenda,,schneider,Mother,brenda.schneider@mail.com,5555564596,67021418
Vanessa,,bainbridge,Mother,vanessa.bainbridge@mail.com,5555564749,67021419
Caroline,,feaster,Mother,caroline.feaster@mail.com,5555564278,67021420
Leticia,,sand,Foster Mother,leticia.sand@mail.com,5555564921,67021421
Maria,,whitford,Mother,maria.whitford@mail.com,5555564218,67021422
Beatriz,,whiting,Mother,beatriz.whiting@mail.com,5555564607,67021423
Maria,,alton,Mother,maria.alton@mail.com,5555564387,67021424
Karen,,edmondson,Mother,karen.edmondson@mail.com,5555564159,67021425
Lisamarie,,mcdonough,Mother,lisamarie.mcdonough@mail.com,5555564422,67021426
Brenda,,chapin,Mother,brenda.chapin@mail.com,5555564574,67021427
MICHELLE,,wickham,Mother,michelle.wickham@mail.com,5555565130,67021428
Dana,,blackwell,Mother,dana.blackwell@mail.com,5555565136,67021429
Keila,,rochelle,Mother,keila.rochelle@mail.com,5555564627,67021430
Leamsi,,eubank,Mother,leamsi.eubank@mail.com,5555564074,67021431
Ashley,,gilchrist,Mother,ashley.gilchrist@mail.com,5555565022,67021432
Priscila,,redd,Mother,priscila.redd@mail.com,5555564234,67021433
Aisha,,fernandes,Mother,aisha.fernandes@mail.com,5555555793,67021434
Gabriela,,abel,Mother,gabriela.abel@mail.com,5555564944,67021435
Carolina,,weinberg,Mother,carolina.weinberg@mail.com,5555565155,67021436
Julissa,,trask,Mother,julissa.trask@mail.com,5555564613,67021437
Johanna,,monk,Mother,johanna.monk@mail.com,5555564662,67021438
Jenee,,toro,Mother,jenee.toro@mail.com,5555564510,67021439
Marisol,,sedillo,Mother,marisol.sedillo@mail.com,5555564754,67021440
Fabiola,,fairley,Mother,fabiola.fairley@mail.com,5555564527,67021441
Paola,,baskerville,Mother,paola.baskerville@mail.com,5555564562,67021442
Sugey,,destefano,Mother,sugey.destefano@mail.com,5555564215,67021443
Angelica,,pickle,Mother,angelica.pickle@mail.com,5555564125,67021444
Tomasa,,hiller,Mother,tomasa.hiller@mail.com,5555564321,67021445
Karely Nataly,,turpin,Mother,karely nataly.turpin@mail.com,5555564560,67021446
Karla de Jesus,,judd,Mother,karla de jesus.judd@mail.com,5555564062,67021447
Karen,,ohara,Mother,karen.ohara@mail.com,5555564881,67021448
Vanessa,,bourgeois,Mother,vanessa.bourgeois@mail.com,5555564411,67021449
Araceli,,hinton,Mother,araceli.hinton@mail.com,5555564843,67021450
Jazmin,,brumley,Mother,jazmin.brumley@mail.com,5555564314,67021451
Beatris,,marley,Mother,beatris.marley@mail.com,5555564189,67021452
Scarlett,,velasco,Mother,scarlett.velasco@mail.com,5555564494,67021453
Karla Anisa,,hoke,Mother,karla anisa.hoke@mail.com,5555565018,67021454
Rosa Icela,,llamas,Mother,rosa icela.llamas@mail.com,5555564208,67021455
Liliana,,byrum,Mother,liliana.byrum@mail.com,5555564470,67021456
Elsa,,middleton,Mother,elsa.middleton@mail.com,5555565008,67021457
Sandy,,magee,Mother,sandy.magee@mail.com,5555564405,67021458
Sara,,harlan,Mother,sara.harlan@mail.com,5555564851,67021459
Vanessa,,walter,Mother,vanessa.walter@mail.com,5555564412,67021460
Jantzen Dalel Alejandra,,veach,Mother,jantzen dalel alejandra.veach@mail.com,5555564416,67021461
Keila,,snook,Mother,keila.snook@mail.com,5555565145,67021462
Angelica,,peters,Mother,angelica.peters@mail.com,5555564126,67021463
Yuridia,,alcaraz,Mother,yuridia.alcaraz@mail.com,5555565082,67021464
Fabiola,,holguin,Mother,fabiola.holguin@mail.com,5555564526,67021465
Karen,,kirschner,Mother,karen.kirschner@mail.com,5555564885,67021466
Alejandra,,corey,Mother,alejandra.corey@mail.com,5555564069,67021467
JESUS IVAN,,mayer,Father,jesus ivan.mayer@mail.com,5555565110,67021468
JESUS IVAN,,handley,Father,jesus ivan.handley@mail.com,5555565111,67021469
Karla Anisa,,lozada,Mother,karla anisa.lozada@mail.com,5555565017,67021470
Clara,,lazar,Mother,clara.lazar@mail.com,5555564249,67021471
Jose,,pang,Father,jose.pang@mail.com,5555564403,67021472
Marilu,,graff,Mother,marilu.graff@mail.com,5555564874,67021473
Yetzabel,,wales,Aunt,yetzabel.wales@mail.com,5555564475,67021474
Paola,,ginn,Mother,paola.ginn@mail.com,5555565081,67021475
Jenee,,andress,Mother,jenee.andress@mail.com,5555564924,67021476
Adela,,kern,Mother,adela.kern@mail.com,5555565057,67021477
Estefania,,florence,Father,estefania.florence@mail.com,5555564989,67021478
Martha,,carrion,Mother,martha.carrion@mail.com,5555564349,67021479
Laura,,grimsley,Mother,laura.grimsley@mail.com,5555564955,67021480
Alma,,fannin,Mother,alma.fannin@mail.com,5555564391,67021481
Dulce,,romo,Mother,dulce.romo@mail.com,5555564265,67021482
Jennifer,,mott,Mother,jennifer.mott@mail.com,5555564331,67021483
Liliana,,litchfield,Mother,liliana.litchfield@mail.com,5555564471,67021484
Martha,,fields,Mother,martha.fields@mail.com,5555564348,67021485
Maria del Rosario,,tse,Caregiver,maria del rosario.tse@mail.com,5555564433,67021486
Andrea,,merritt,Mother,andrea.merritt@mail.com,5555561945,67021487
Gretchen,,connors,Mother,gretchen.connors@mail.com,5555558724,67021488
Diana,,dominick,Mother,diana.dominick@mail.com,5555564872,67021489
Clarissa,,enright,Mother,clarissa.enright@mail.com,5555557465,67021490
Maria,,putnam,Mother,maria.putnam@mail.com,5555564806,67021491
Frida,,donovan,Mother,frida.donovan@mail.com,5555558442,67021492
Pamela,,cordova,Mother,pamela.cordova@mail.com,5555561821,67021493
Irvin,,carleton,Father,irvin.carleton@mail.com,5555558995,67021494
Laura,,marine,Mother,laura.marine@mail.com,5555560170,67021495
Yohana,,ryder,Mother,yohana.ryder@mail.com,5555559673,67021496
Reyna,,gulley,Mother,reyna.gulley@mail.com,5555559764,67021497
Alan,,byron,Father,alan.byron@mail.com,5555561687,67021498
Dulce,,sievers,Mother,dulce.sievers@mail.com,5555564669,67021499
Brenda,,daniel,Mother,brenda.daniel@mail.com,5555556678,67021500
Nataly,,post,Mother,nataly.post@mail.com,5555564370,67021501
Jocelyn,,gonsalves,Mother,jocelyn.gonsalves@mail.com,5555564724,67021502
Clara,,christensen,Mother,clara.christensen@mail.com,5555564500,67021503
Roxana,,mercurio,Mother,roxana.mercurio@mail.com,5555564965,67021504
Daisy,,canady,Mother,daisy.canady@mail.com,5555564237,67021505
Alicia,,fugate,Mother,alicia.fugate@mail.com,5555565038,67021506
Evelyn,,schenk,Mother,evelyn.schenk@mail.com,5555564317,67021507
Anahi,,foote,Mother,anahi.foote@mail.com,5555564850,67021508
Paola,,simons,Mother,paola.simons@mail.com,5555564176,67021509
Esther,,montana,Mother,esther.montana@mail.com,5555564787,67021510
Leslie,,blum,Mother,leslie.blum@mail.com,5555565118,67021511
Margoth,,kearse,Mother,margoth.kearse@mail.com,5555564694,67021512
Lorena,,cone,Mother,lorena.cone@mail.com,5555564561,67021513
America,,wray,Mother,america.wray@mail.com,5555564191,67021514
Daisy,,barreto,Mother,daisy.barreto@mail.com,5555557524,67021515
Karla,,kutz,Mother,karla.kutz@mail.com,5555564867,67021516
Maria,,oberg,Mother,maria.oberg@mail.com,5555559062,67021517
Brenda,,magnuson,Mother,brenda.magnuson@mail.com,5555556770,67021518
Delia,,ralph,Mother,delia.ralph@mail.com,5555565061,67021519
Vanessa,,plowman,Mother,vanessa.plowman@mail.com,5555564248,67021520
Natalia,,grammer,Mother,natalia.grammer@mail.com,5555564297,67021521
Cynthia,,wirth,Mother,cynthia.wirth@mail.com,5555564107,67021522
Jennifer,,suber,Mother,jennifer.suber@mail.com,5555564960,67021523
Clara,,easley,Mother,clara.easley@mail.com,5555564501,67021524
Daniela,,banner,Mother,daniela.banner@mail.com,5555565149,67021525
Karina,,abraham,Mother,karina.abraham@mail.com,5555564303,67021526
Cecilia,,moses,Mother,cecilia.moses@mail.com,5555564805,67021527
Reyna,,christy,Mother,reyna.christy@mail.com,5555564737,67021528
Estefania,,daly,Mother,estefania.daly@mail.com,5555564479,67021529
Isela,,neace,Mother,isela.neace@mail.com,5555564286,67021530
Claudia,,outlaw,Mother,claudia.outlaw@mail.com,5555564706,67021531
Maribel,,garay,Mother,maribel.garay@mail.com,5555564725,67021532
Karen,,holder,Mother,karen.holder@mail.com,5555564426,67021533
NIDIA,,mcfarlane,Mother,nidia.mcfarlane@mail.com,5555564273,67021534
Guadalupe,,clark,Mother,guadalupe.clark@mail.com,5555564509,67021535
Nancy,,kilmer,Mother,nancy.kilmer@mail.com,5555564497,67021536
Cristina guadalupe,,east,Mother,cristina guadalupe.east@mail.com,5555564853,67021537
Geovanna,,mastin,Mother,geovanna.mastin@mail.com,5555564938,67021538
Evangelina,,baker,Mother,evangelina.baker@mail.com,5555564609,67021539
Claudia,,mccabe,Mother,claudia.mccabe@mail.com,5555564429,67021540
Julissa,,casanova,Mother,julissa.casanova@mail.com,5555564136,67021541
Carmen,,passmore,Mother,carmen.passmore@mail.com,5555565169,67021542
Julissa,,dugan,Mother,julissa.dugan@mail.com,5555564135,67021543
Jesus,,breen,Father,jesus.breen@mail.com,5555564065,67021544
Carmen,,ledford,Mother,carmen.ledford@mail.com,5555565170,67021545
Daniela,,crabb,Mother,daniela.crabb@mail.com,5555564734,67021546
Claudia,,tomlin,Mother,claudia.tomlin@mail.com,5555564797,67021547
Julissa,,ware,Mother,julissa.ware@mail.com,5555564137,67021548
Sergio,,reddy,Father,sergio.reddy@mail.com,5555564396,67021549
Cristina guadalupe,,glasser,Mother,cristina guadalupe.glasser@mail.com,5555564854,67021550
Vanessa,,aiello,Mother,vanessa.aiello@mail.com,5555564928,67021551
Viridiana,,randall,Mother,viridiana.randall@mail.com,5555565079,67021552
Stephanie,,labbe,Mother,stephanie.labbe@mail.com,5555564230,67021553
Stephanie,,windham,Mother,stephanie.windham@mail.com,5555565058,67021554
Selene,,vieira,Mother,selene.vieira@mail.com,5555564326,67021555
Jossalyn,,mattox,Mother,jossalyn.mattox@mail.com,5555564313,67021556
Geovanna,,talbert,Mother,geovanna.talbert@mail.com,5555565006,67021557
Claudia,,pease,Mother,claudia.pease@mail.com,5555564681,67021558
lizette,,hixson,Mother,lizette.hixson@mail.com,5555564869,67021559
Lorena,,stanfield,Mother,lorena.stanfield@mail.com,5555564712,67021560
America,,sandy,Mother,america.sandy@mail.com,5555564190,67021561
Jossalyn,,warren,Mother,jossalyn.warren@mail.com,5555565075,67021562
Natalia,,bunn,Mother,natalia.bunn@mail.com,5555564301,67021563
Jonathan,,piper,Stepfather,jonathan.piper@mail.com,5555564063,67021564
Karen,,clarkson,Mother,karen.clarkson@mail.com,5555564389,67021565
Anthony,,treadwell,Father,anthony.treadwell@mail.com,5555565047,67021566
Arthur,,schlosser,Stepfather,arthur.schlosser@mail.com,5555565004,67021567
Evangelina,,dalessandro,Mother,evangelina.dalessandro@mail.com,5555564601,67021568
Silvia Janetthe,,rumsey,Mother,silvia janetthe.rumsey@mail.com,5555564345,67021569
Raul,,faust,Father,raul.faust@mail.com,5555564709,67021570
Raul,,jeter,Father,raul.jeter@mail.com,5555564710,67021571
Salma,,mcqueen,Mother,salma.mcqueen@mail.com,5555564698,67021572
Francisco,,ellison,Father,francisco.ellison@mail.com,5555563888,67021573
Braulio,,lindsey,Father,braulio.lindsey@mail.com,5555564614,67021574
Maria,,whitehead,Mother,maria.whitehead@mail.com,5555559984,67021575
Juan,,holcomb,Father,juan.holcomb@mail.com,5555562050,67021576
Maricruz,,quinlan,Mother,maricruz.quinlan@mail.com,5555560796,67021577
Ashely,,charles,Mother,ashely.charles@mail.com,5555564899,67021578
Etna,,strahan,Mother,etna.strahan@mail.com,5555564105,67021579
Anaydee,,burdine,Mother,anaydee.burdine@mail.com,5555564487,67021580
Maria,,mcintosh,Mother,maria.mcintosh@mail.com,5555556007,67021581
Laura,,fredrickson,Mother,laura.fredrickson@mail.com,5555564502,67021582
Kassandra,,bounds,Mother,kassandra.bounds@mail.com,5555564880,67021583
Ofelia,,joubert,Mother,ofelia.joubert@mail.com,5555564175,67021584
Georgina,,oliva,Mother,georgina.oliva@mail.com,5555564680,67021585
Barbara,,peebles,Mother,barbara.peebles@mail.com,5555564620,67021586
Stephanie,,millar,Mother,stephanie.millar@mail.com,5555565003,67021587
Aracely,,werner,Mother,aracely.werner@mail.com,5555565074,67021588
Javier,,weil,Father,javier.weil@mail.com,5555564863,67021589
Jose,,thibodeau,Grandfather,jose.thibodeau@mail.com,5555564362,67021590
Yesenia,,slaughter,Mother,yesenia.slaughter@mail.com,5555564580,67021591
Yajaira,,geter,Mother,yajaira.geter@mail.com,5555564776,67021592
Kenya,,holder,Mother,kenya.holder@mail.com,5555564372,67021593
Amayrani,,gustin,Mother,amayrani.gustin@mail.com,5555564245,67021594
Jhannette,,lejeune,Mother,jhannette.lejeune@mail.com,5555564344,67021595
Adriana,,belk,Mother,adriana.belk@mail.com,5555564080,67021596
Vivianna,,daughtry,Mother,vivianna.daughtry@mail.com,5555565119,67021597
Evelyn,,scholz,Mother,evelyn.scholz@mail.com,5555564695,67021598
Briana,,latimer,Mother,briana.latimer@mail.com,5555564409,67021599
Brieanna,,shrum,Mother,brieanna.shrum@mail.com,5555564708,67021600
Ruth,,comeau,Mother,ruth.comeau@mail.com,5555564115,67021601
Claudia Iveth,,wooldridge,Mother,claudia iveth.wooldridge@mail.com,5555564868,67021602
Eveline,,lucero,Mother,eveline.lucero@mail.com,5555564715,67021603
Cinthya,,parham,Mother,cinthya.parham@mail.com,5555564464,67021604
Maria Elizabeth,,warburton,Mother,maria elizabeth.warburton@mail.com,5555558338,67021605
Maxtla,,rust,Mother,maxtla.rust@mail.com,5555564171,67021606
Diana,,dexter,Mother,diana.dexter@mail.com,5555564161,67021607
Anaiza,,ives,Mother,anaiza.ives@mail.com,5555565040,67021608
Sandra,,garver,Mother,sandra.garver@mail.com,5555564139,67021609
Stephanie,,hendren,Mother,stephanie.hendren@mail.com,5555564486,67021610
Liliana,,crafton,Mother,liliana.crafton@mail.com,5555564155,67021611
Karla Guadalupe,,erickson,Mother,karla guadalupe.erickson@mail.com,5555565117,67021612
Maria,,partain,Mother,maria.partain@mail.com,5555564279,67021613
Salma,,berrios,Mother,salma.berrios@mail.com,5555564932,67021614
Silvia,,nowlin,Mother,silvia.nowlin@mail.com,5555565125,67021615
Luz,,gleason,Mother,luz.gleason@mail.com,5555564772,67021616
Danya,,curtis,Mother,danya.curtis@mail.com,5555564775,67021617
Yadira,,najera,Mother,yadira.najera@mail.com,5555564271,67021618
Denisse,,dees,Mother,denisse.dees@mail.com,5555564077,67021619
Gabriela,,book,Mother,gabriela.book@mail.com,5555564456,67021620
Briana,,blaisdell,Mother,briana.blaisdell@mail.com,5555564408,67021621
EDITH,,elder,Mother,edith.elder@mail.com,5555564395,67021622
Celina,,goforth,Mother,celina.goforth@mail.com,5555565053,67021623
Claudia,,jasper,Mother,claudia.jasper@mail.com,5555564983,67021624
Wendy,,cotten,Mother,wendy.cotten@mail.com,5555564350,67021625
Nayeli,,culpepper,Mother,nayeli.culpepper@mail.com,5555564723,67021626
Jhannette,,weese,Mother,jhannette.weese@mail.com,5555564343,67021627
Johana,,hair,Mother,johana.hair@mail.com,5555564347,67021628
Dulce,,willard,Mother,dulce.willard@mail.com,5555564968,67021629
Ilsel,,dibble,Mother,ilsel.dibble@mail.com,5555565062,67021630
Pablo,,martinez,Father,pablo.martinez@mail.com,5555564282,67021631
Gerardo,,acker,Father,gerardo.acker@mail.com,5555564257,67021632
Luis,,gordon,Father,luis.gordon@mail.com,5555564507,67021633
Cindy,,mccune,Grandmother,cindy.mccune@mail.com,5555564143,67021634
Diane,,preece,Mother,diane.preece@mail.com,5555564847,67021635
Esther,,zielinski,Mother,esther.zielinski@mail.com,5555564557,67021636
Magaly,,wolfe,Mother,magaly.wolfe@mail.com,5555564128,67021637
Nubian,,puckett,Mother,nubian.puckett@mail.com,5555564703,67021638
Angela,,macfarlane,Mother,angela.macfarlane@mail.com,5555564579,67021639
Daniel,,winder,Father,daniel.winder@mail.com,5555564306,67021640
Maria,,hammons,Mother,maria.hammons@mail.com,5555564739,67021641
Reyna,,stamey,Mother,reyna.stamey@mail.com,5555564792,67021642
Alejandra,,mosher,Mother,alejandra.mosher@mail.com,5555564576,67021643
Juana Lorena,,tse,Mother,juana lorena.tse@mail.com,5555564958,67021644
Adriana,,mabry,Mother,adriana.mabry@mail.com,5555564824,67021645
Yajaira,,magee,Caregiver,yajaira.magee@mail.com,5555564280,67021646
Reyna,,valerio,Mother,reyna.valerio@mail.com,5555564721,67021647
Pablo,,corrigan,Stepfather,pablo.corrigan@mail.com,5555564462,67021648
Georgina,,nash,Mother,georgina.nash@mail.com,5555565144,67021649
carolina,,ledesma,Mother,carolina.ledesma@mail.com,5555564789,67021650
Marsela,,anthony,Mother,marsela.anthony@mail.com,5555564759,67021651
carolina,,cruz,Mother,carolina.cruz@mail.com,5555564788,67021652
Magaly,,scarbrough,Mother,magaly.scarbrough@mail.com,5555564129,67021653
Monica,,irizarry,Mother,monica.irizarry@mail.com,5555565049,67021654
Edgar,,mora,Father,edgar.mora@mail.com,5555565131,67021655
Diane,,hauser,Mother,diane.hauser@mail.com,5555564849,67021656
America,,shull,Mother,america.shull@mail.com,5555564655,67021657
Magaly,,amos,Mother,magaly.amos@mail.com,5555564130,67021658
Azucena,,sanchez,Mother,azucena.sanchez@mail.com,5555563351,67021659
Mariel,,mauro,Mother,mariel.mauro@mail.com,5555564882,67021660
Kenia,,farley,Mother,kenia.farley@mail.com,5555564226,67021661
Laura,,olivas,Mother,laura.olivas@mail.com,5555564919,67021662
Blanca,,roden,Mother,blanca.roden@mail.com,5555564916,67021663
Olga,,parisi,Mother,olga.parisi@mail.com,5555564460,67021664
Marlen,,silvas,Mother,marlen.silvas@mail.com,5555564132,67021665
Alexandra,,fulford,Mother,alexandra.fulford@mail.com,5555564780,67021666
Mayra,,fitz,Mother,mayra.fitz@mail.com,5555564186,67021667
Daniela,,holzer,Mother,daniela.holzer@mail.com,5555565099,67021668
Dayana edith,,fenton,Mother,dayana edith.fenton@mail.com,5555564252,67021669
Nancy,,carleton,Mother,nancy.carleton@mail.com,5555564577,67021670
Ittzel,,stowell,Mother,ittzel.stowell@mail.com,5555564996,67021671
Monica,,mink,Mother,monica.mink@mail.com,5555564604,67021672
Vivian,,swann,Mother,vivian.swann@mail.com,5555565174,67021673
Eva,,vidrine,Mother,eva.vidrine@mail.com,5555564619,67021674
Nadya,,fanelli,Mother,nadya.fanelli@mail.com,5555564360,67021675
Yanka,,lam,Mother,yanka.lam@mail.com,5555564151,67021676
Annette,,tremblay,Mother,annette.tremblay@mail.com,5555564638,67021677
Yanin,,frye,Mother,yanin.frye@mail.com,5555564763,67021678
Anakaren,,backer,Mother,anakaren.backer@mail.com,5555564530,67021679
Jabel,,pringle,Mother,jabel.pringle@mail.com,5555564644,67021680
Maria,,munoz,Mother,maria.munoz@mail.com,5555565060,67021681
Araceli,,homan,Mother,araceli.homan@mail.com,5555564967,67021682
Verangelica,,pike,Grandmother,verangelica.pike@mail.com,5555565027,67021683
Karla,,brumbaugh,Mother,karla.brumbaugh@mail.com,5555564632,67021684
Alondra,,littleton,Mother,alondra.littleton@mail.com,5555555836,67021685
Issary,,scully,Mother,issary.scully@mail.com,5555564985,67021686
Issary,,gaskins,Mother,issary.gaskins@mail.com,5555564986,67021687
Lourdes,,mason,Grandmother,lourdes.mason@mail.com,5555560434,67021688
Jacqueline,,angeles,Mother,jacqueline.angeles@mail.com,5555559144,67021689
Angelica,,alden,Mother,angelica.alden@mail.com,5555556391,67021690
Cesia,,healey,Mother,cesia.healey@mail.com,5555562434,67021691
Ilse,,fite,Mother,ilse.fite@mail.com,5555558937,67021692
alma mallely,,elizondo,Mother,alma mallely.elizondo@mail.com,5555564551,67021693
Mariana,,ellis,Mother,mariana.ellis@mail.com,5555565023,67021694
Nallely,,brett,Mother,nallely.brett@mail.com,5555564431,67021695
Karen,,waggoner,Mother,karen.waggoner@mail.com,5555565150,67021696
Verenice,,raleigh,Mother,verenice.raleigh@mail.com,5555564480,67021697
Jabel,,goldberg,Mother,jabel.goldberg@mail.com,5555564645,67021698
Genesis,,see,Mother,genesis.see@mail.com,5555564066,67021699
Abelardo,,pendergrass,Father,abelardo.pendergrass@mail.com,5555565116,67021700
Maria,,regalado,Mother,maria.regalado@mail.com,5555564134,67021701
Brenda,,sudduth,Mother,brenda.sudduth@mail.com,5555564449,67021702
Paulina,,cass,Mother,paulina.cass@mail.com,5555564517,67021703
Elizabeth,,grim,Mother,elizabeth.grim@mail.com,5555564979,67021704
Talia,,soucy,Mother,talia.soucy@mail.com,5555564976,67021705
Nadya,,hertel,Mother,nadya.hertel@mail.com,5555564361,67021706
Sandra,,bryant,Mother,sandra.bryant@mail.com,5555565159,67021707
Yuridia,,juarez,Mother,yuridia.juarez@mail.com,5555564798,67021708
Alma Vanessa,,loucks,Mother,alma vanessa.loucks@mail.com,5555564746,67021709
Jacumba,,averill,Mother,jacumba.averill@mail.com,5555564072,67021710
Victoria,,tennant,Mother,victoria.tennant@mail.com,5555564920,67021711
Keziah,,gatewood,Mother,keziah.gatewood@mail.com,5555564650,67021712
Annette,,betancourt,Mother,annette.betancourt@mail.com,5555564691,67021713
Isai,,blanchard,Mother,isai.blanchard@mail.com,5555564182,67021714
Karla,,gorman,Mother,karla.gorman@mail.com,5555564052,67021715
Andrea,,holbert,Mother,andrea.holbert@mail.com,5555564961,67021716
Cristina,,hylton,Mother,cristina.hylton@mail.com,5555564738,67021717
Escoli,,ness,Mother,escoli.ness@mail.com,5555564855,67021718
Magdalena,,wetzel,Mother,magdalena.wetzel@mail.com,5555564204,67021719
Elizabeth,,graham,Mother,elizabeth.graham@mail.com,5555564150,67021720
Amalia,,osgood,Mother,amalia.osgood@mail.com,5555564111,67021721
Guadalupe,,despain,Mother,guadalupe.despain@mail.com,5555564883,67021722
Victoria,,tobias,Mother,victoria.tobias@mail.com,5555564123,67021723
Manuela,,decker,Grandmother,manuela.decker@mail.com,5555564489,67021724
Pamela,,forrester,Mother,pamela.forrester@mail.com,5555564154,67021725
Mirsa,,mize,Mother,mirsa.mize@mail.com,5555564192,67021726
Ilse,,meeks,Mother,ilse.meeks@mail.com,5555564165,67021727
Paola,,derosa,Mother,paola.derosa@mail.com,5555564828,67021728
Damaris eileen,,beam,Mother,damaris eileen.beam@mail.com,5555565103,67021729
Wendy,,borowski,Mother,wendy.borowski@mail.com,5555564222,67021730
Diana,,pacheco,Mother,diana.pacheco@mail.com,5555564522,67021731
Anais,,randolph,Mother,anais.randolph@mail.com,5555564830,67021732
Esther,,poulos,Mother,esther.poulos@mail.com,5555564633,67021733
Cristina,,figueroa,Mother,cristina.figueroa@mail.com,5555564688,67021734
Nancy,,peden,Mother,nancy.peden@mail.com,5555564578,67021735
itzel,,culbreth,Mother,itzel.culbreth@mail.com,5555565138,67021736
Kenia Lariza,,mchenry,Mother,kenia lariza.mchenry@mail.com,5555565134,67021737
Estefania,,grogan,Mother,estefania.grogan@mail.com,5555564978,67021738
Maria Fernanda,,runyan,Mother,maria fernanda.runyan@mail.com,5555564503,67021739
Susana,,trimble,Aunt,susana.trimble@mail.com,5555564720,67021740
Maria Cristina,,ready,Mother,maria cristina.ready@mail.com,5555564643,67021741
Julianna,,drummond,Mother,julianna.drummond@mail.com,5555564623,67021742
Deanna,,gladney,Mother,deanna.gladney@mail.com,5555565141,67021743
Sandra,,maze,Mother,sandra.maze@mail.com,5555564914,67021744
Isamar,,heyer,Mother,isamar.heyer@mail.com,5555564461,67021745
Yadira,,stringfellow,Mother,yadira.stringfellow@mail.com,5555565033,67021746
itzel,,dunham,Mother,itzel.dunham@mail.com,5555565142,67021747
Annette,,davey,Mother,annette.davey@mail.com,5555564693,67021748
Karina,,philips,Mother,karina.philips@mail.com,5555564304,67021749
Sonia,,holifield,Mother,sonia.holifield@mail.com,5555564973,67021750
Simon,,lai,Father,simon.lai@mail.com,5555565091,67021751
Ines,,uribe,Mother,ines.uribe@mail.com,5555564187,67021752
Yaneli,,piazza,Mother,yaneli.piazza@mail.com,5555564495,67021753
Paola,,lister,Mother,paola.lister@mail.com,5555564827,67021754
Thania,,liston,Mother,thania.liston@mail.com,5555564648,67021755
Evelyn Alejandra,,mounts,Mother,evelyn alejandra.mounts@mail.com,5555564243,67021756
Abigail,,strand,Mother,abigail.strand@mail.com,5555564284,67021757
Brenda Abigail,,sharma,Mother,brenda abigail.sharma@mail.com,5555564611,67021758
Deyanira,,hatcher,Mother,deyanira.hatcher@mail.com,5555564071,67021759
Monica,,knutson,Mother,monica.knutson@mail.com,5555564605,67021760
Ernesto,,warburton,Father,ernesto.warburton@mail.com,5555564453,67021761
Antonio,,rayborn,Uncle,antonio.rayborn@mail.com,5555564468,67021762
Daniela,,toler,Mother,daniela.toler@mail.com,5555564162,67021763
Rose Helen,,gantt,Mother,rose helen.gantt@mail.com,5555565025,67021764
Navil,,scherer,Mother,navil.scherer@mail.com,5555564906,67021765
Alma,,moeller,Grandmother,alma.moeller@mail.com,5555564504,67021766
Susana,,abdullah,Aunt,susana.abdullah@mail.com,5555564200,67021767
Amalia,,worley,Aunt,amalia.worley@mail.com,5555564241,67021768
Roxana,,sides,Mother,roxana.sides@mail.com,5555564631,67021769
Iridian,,dawes,Mother,iridian.dawes@mail.com,5555564818,67021770
Maria,,martin,Mother,maria.martin@mail.com,5555564717,67021771
Sonia,,belden,Mother,sonia.belden@mail.com,5555564972,67021772
Laura Petra,,backman,Mother,laura petra.backman@mail.com,5555565097,67021773
Angelica,,busby,Mother,angelica.busby@mail.com,5555565009,67021774
Maria Fernanda,,abramson,Mother,maria fernanda.abramson@mail.com,5555564397,67021775
Yaneli,,bordelon,Mother,yaneli.bordelon@mail.com,5555564950,67021776
Paola,,yan,Mother,paola.yan@mail.com,5555564829,67021777
Thania,,wenger,Mother,thania.wenger@mail.com,5555564647,67021778
Izabel,,larsen,Aunt,izabel.larsen@mail.com,5555564472,67021779
Claudia Mireya,,rooker,Mother,claudia mireya.rooker@mail.com,5555564702,67021780
Brenda Abigail,,daily,Mother,brenda abigail.daily@mail.com,5555564612,67021781
Daniela,,raynor,Mother,daniela.raynor@mail.com,5555564163,67021782
Nancy,,pigg,Mother,nancy.pigg@mail.com,5555564183,67021783
Diana,,warburton,Mother,diana.warburton@mail.com,5555564145,67021784
Berenice,,sisson,Mother,berenice.sisson@mail.com,5555565122,67021785
Ines,,cauthen,Mother,ines.cauthen@mail.com,5555564659,67021786
Alexa Asiria,,camarillo,Mother,alexa asiria.camarillo@mail.com,5555565126,67021787
Oscar,,giddens,Father,oscar.giddens@mail.com,5555564634,67021788
Ilse,,calvert,Mother,ilse.calvert@mail.com,5555564166,67021789
Janett,,tanaka,Mother,janett.tanaka@mail.com,5555564058,67021790
Maria Cristina,,newson,Mother,maria cristina.newson@mail.com,5555564900,67021791
Iridian,,lugo,Mother,iridian.lugo@mail.com,5555564817,67021792
Christina,,cupp,Mother,christina.cupp@mail.com,5555564575,67021793
Liliana,,marinelli,Mother,liliana.marinelli@mail.com,5555564404,67021794
Cristina,,woolard,Mother,cristina.woolard@mail.com,5555564255,67021795
Abigail,,durr,Mother,abigail.durr@mail.com,5555564285,67021796
Patricio,,ventura,Father,patricio.ventura@mail.com,5555564842,67021797
Manuela,,jasper,Grandmother,manuela.jasper@mail.com,5555564954,67021798
Manuela,,edgar,Grandmother,manuela.edgar@mail.com,5555564942,67021799
Celida,,bolanos,Aunt,celida.bolanos@mail.com,5555564823,67021800
Ernesto,,yoshida,Father,ernesto.yoshida@mail.com,5555564454,67021801
Estefania,,savoy,Mother,estefania.savoy@mail.com,5555564974,67021802
Yaneli,,rowland,Mother,yaneli.rowland@mail.com,5555564496,67021803
Janett,,giordano,Mother,janett.giordano@mail.com,5555564053,67021804
Amalia,,tibbs,Aunt,amalia.tibbs@mail.com,5555564117,67021805
Julianna,,donaldson,Mother,julianna.donaldson@mail.com,5555564624,67021806
Karina,,rhoden,Mother,karina.rhoden@mail.com,5555564892,67021807
Adriana,,ho,Mother,adriana.ho@mail.com,5555565043,67021808
Aurora,,pinkerton,Mother,aurora.pinkerton@mail.com,5555564998,67021809
Annette,,braun,Mother,annette.braun@mail.com,5555564699,67021810
Stephania,,slack,Mother,stephania.slack@mail.com,5555565073,67021811
Alejandrina,,sledge,Mother,alejandrina.sledge@mail.com,5555564393,67021812
Roman,,pak,Other Relationship,roman.pak@mail.com,5555565154,67021813
Alejandra,,shilling,Mother,alejandra.shilling@mail.com,5555564068,67021814
AURORA,,silvers,Mother,aurora.silvers@mail.com,5555565106,67021815
Nagely,,halpern,Mother,nagely.halpern@mail.com,5555564323,67021816
Isamar,,leiva,Mother,isamar.leiva@mail.com,5555564597,67021817
Lizbeth,,cornejo,Mother,lizbeth.cornejo@mail.com,5555564122,67021818
Karla,,warnock,Mother,karla.warnock@mail.com,5555564435,67021819
Francisco,,cole,Father,francisco.cole@mail.com,5555564657,67021820
Yalexy,,gallegos,Father,yalexy.gallegos@mail.com,5555564485,67021821
Jesus,,hass,Family Member,jesus.hass@mail.com,5555564697,67021822
Claudia,,mcclintock,Mother,claudia.mcclintock@mail.com,5555564822,67021823
Bianca,,echevarria,Mother,bianca.echevarria@mail.com,5555564432,67021824
AXEL,,slagle,Father,axel.slagle@mail.com,5555564582,67021825
Michael,,novotny,Father,michael.novotny@mail.com,5555564515,67021826
Karen,,finney,Mother,karen.finney@mail.com,5555564102,67021827
Silvia,,grantham,Mother,silvia.grantham@mail.com,5555565096,67021828
Adela,,kile,Mother,adela.kile@mail.com,5555564156,67021829
Gloria,,mount,Caregiver,gloria.mount@mail.com,5555564567,67021830
Maria De Los Angeles,,huynh,Mother,maria de los angeles.huynh@mail.com,5555564524,67021831
Dulce,,stacey,Mother,dulce.stacey@mail.com,5555564910,67021832
Lucrecia,,ellison,Caregiver,lucrecia.ellison@mail.com,5555564993,67021833
Jessica,,huey,Mother,jessica.huey@mail.com,5555564761,67021834
Arnic,,nieman,Father,arnic.nieman@mail.com,5555564755,67021835
Valerie,,ocasio,Mother,valerie.ocasio@mail.com,5555565129,67021836
Angelica,,saldivar,Mother,angelica.saldivar@mail.com,5555564127,67021837
Karen,,chiles,Caregiver,karen.chiles@mail.com,5555564463,67021838
Matilde,,boothe,Grandmother,matilde.boothe@mail.com,5555564198,67021839
Claudia,,chism,Mother,claudia.chism@mail.com,5555564870,67021840
Rosa,,bobbitt,Mother,rosa.bobbitt@mail.com,5555564231,67021841
Nancy,,gist,Mother,nancy.gist@mail.com,5555564940,67021842
IGNACIO,,stoltzfus,Father,ignacio.stoltzfus@mail.com,5555564467,67021843
Francisco,,featherstone,Father,francisco.featherstone@mail.com,5555564658,67021844
Tanya,,milburn,Mother,tanya.milburn@mail.com,5555565121,67021845
Silvia,,burrell,Caregiver,silvia.burrell@mail.com,5555564108,67021846
Angelica,,regalado,Mother,angelica.regalado@mail.com,5555564745,67021847
Adela,,spurlock,Mother,adela.spurlock@mail.com,5555564157,67021848
Diana,,bunting,Mother,diana.bunting@mail.com,5555564477,67021849
Ana Maria,,eaton,Mother,ana maria.eaton@mail.com,5555564415,67021850
Cristina,,farina,Caregiver,cristina.farina@mail.com,5555564195,67021851
Jimmy,,hurt,Father,jimmy.hurt@mail.com,5555565042,67021852
Elizabeth,,endicott,Caregiver,elizabeth.endicott@mail.com,5555564385,67021853
Nallely,,falcone,Mother,nallely.falcone@mail.com,5555564188,67021854
Jorge,,derrick,Father,jorge.derrick@mail.com,5555564683,67021855
Angela,,truax,Mother,angela.truax@mail.com,5555564207,67021856
Luis,,sallee,Father,luis.sallee@mail.com,5555564506,67021857
Maria,,roddy,Mother,maria.roddy@mail.com,5555564782,67021858
Abigail,,shattuck,Mother,abigail.shattuck@mail.com,5555564283,67021859
Jenney,,hummel,Mother,jenney.hummel@mail.com,5555564948,67021860
Brenda Abigail,,clemmons,Mother,brenda abigail.clemmons@mail.com,5555564097,67021861
Claudia,,rhoads,Mother,claudia.rhoads@mail.com,5555564084,67021862
Laylani,,khan,Mother,laylani.khan@mail.com,5555564758,67021863
Genesis,,archibald,Caregiver,genesis.archibald@mail.com,5555565019,67021864
Jatziry,,heiser,Mother,jatziry.heiser@mail.com,5555564293,67021865
Sofia,,fallon,Mother,sofia.fallon@mail.com,5555565107,67021866
Aracely,,falcone,Mother,aracely.falcone@mail.com,5555564124,67021867
Pamela,,verduzco,Mother,pamela.verduzco@mail.com,5555564794,67021868
Veronica,,maxey,Mother,veronica.maxey@mail.com,5555565021,67021869
Bianca,,tower,Mother,bianca.tower@mail.com,5555565156,67021870
Jazmin,,chrisman,Stepmother,jazmin.chrisman@mail.com,5555564316,67021871
Isis,,collazo,Mother,isis.collazo@mail.com,5555564302,67021872
Evelyn,,moya,Mother,evelyn.moya@mail.com,5555564334,67021873
Monica,,burks,Mother,monica.burks@mail.com,5555564153,67021874
Yaneli,,quillen,Mother,yaneli.quillen@mail.com,5555564951,67021875
ANNEL,,brunner,Mother,annel.brunner@mail.com,5555564672,67021876
Roxana,,lutz,Mother,roxana.lutz@mail.com,5555564719,67021877
Jaqueline,,toner,Stepmother,jaqueline.toner@mail.com,5555564687,67021878
Jaqueline,,mclaughlin,Mother,jaqueline.mclaughlin@mail.com,5555564956,67021879
Aurora,,penner,Mother,aurora.penner@mail.com,5555564442,67021880
Anthony,,hixon,Father,anthony.hixon@mail.com,5555565048,67021881
Deanna,,dever,Mother,deanna.dever@mail.com,5555564571,67021882
Laura,,fatima,Mother,laura.fatima@mail.com,5555564096,67021883
Guadalupe,,amaro,Mother,guadalupe.amaro@mail.com,5555564937,67021884
Natalia,,masse,Mother,natalia.masse@mail.com,5555564298,67021885
Alisandra,,woodland,Mother,alisandra.woodland@mail.com,5555564966,67021886
Celina,,milliken,Mother,celina.milliken@mail.com,5555565093,67021887
Rosa,,bailey,Mother,rosa.bailey@mail.com,5555564380,67021888
Rosa Maria,,tierney,Mother,rosa maria.tierney@mail.com,5555564364,67021889
Maria,,smiley,Mother,maria.smiley@mail.com,5555564425,67021890
Rose Helen,,graybill,Mother,rose helen.graybill@mail.com,5555565024,67021891
Jennifer,,lally,Mother,jennifer.lally@mail.com,5555564841,67021892
Noe,,killough,Father,noe.killough@mail.com,5555564608,67021893
Monica,,solis,Mother,monica.solis@mail.com,5555565051,67021894
Gabriela,,thies,Mother,gabriela.thies@mail.com,5555564537,67021895
Maricella,,yingling,Mother,maricella.yingling@mail.com,5555564677,67021896
Berenice,,hemphill,Mother,berenice.hemphill@mail.com,5555564984,67021897
Amalia,,waddle,Court Appointed Guardian,amalia.waddle@mail.com,5555564121,67021898
Janett,,french,Mother,janett.french@mail.com,5555564057,67021899
Julianna,,espinoza,Mother,julianna.espinoza@mail.com,5555564625,67021900
Karla Janeth,,schweitzer,Caregiver,karla janeth.schweitzer@mail.com,5555564832,67021901
Sandra,,shropshire,Mother,sandra.shropshire@mail.com,5555564169,67021902
Yaira,,schlegel,Mother,yaira.schlegel@mail.com,5555564756,67021903
Jennifer,,elmore,Mother,jennifer.elmore@mail.com,5555564336,67021904
Vanessa,,leahy,Mother,vanessa.leahy@mail.com,5555564595,67021905
Aide,,mattos,Mother,aide.mattos@mail.com,5555564384,67021906
Vanina,,Solis,Mother,vanina.solis@mail.com,5555564488,67021907
Socorro,,denman,Mother,socorro.denman@mail.com,5555564876,67021908
Rocio,,forester,Mother,rocio.forester@mail.com,5555564705,67021909
Maria,,force,Mother,maria.force@mail.com,5555564783,67021910
Xochitl,,diego,Mother,xochitl.diego@mail.com,5555565076,67021911
Karen,,pillow,Mother,karen.pillow@mail.com,5555564319,67021912
Raquel,,frisby,Mother,raquel.frisby@mail.com,5555564505,67021913
Sonia,,merino,Mother,sonia.merino@mail.com,5555564206,67021914
Karla,,giddings,Mother,karla.giddings@mail.com,5555564141,67021915
Fernando,,schiller,Uncle,fernando.schiller@mail.com,5555564440,67021916
Jennine,,gagne,Mother,jennine.gagne@mail.com,5555564451,67021917
Francisca,,finnegan,Mother,francisca.finnegan@mail.com,5555564120,67021918
Juan Roman,,pieper,Father,juan roman.pieper@mail.com,5555565094,67021919
Cindy,,lyle,Mother,cindy.lyle@mail.com,5555565143,67021920
Stephanie,,beaman,Mother,stephanie.beaman@mail.com,5555564295,67021921
Yadira,,andrade,Mother,yadira.andrade@mail.com,5555565032,67021922
Diana,,harrell,Mother,diana.harrell@mail.com,5555564146,67021923
Lorena,,sackett,Caregiver,lorena.sackett@mail.com,5555565171,67021924
Maritza,,myrick,Mother,maritza.myrick@mail.com,5555564340,67021925
Carlos,,robins,Father,carlos.robins@mail.com,5555565080,67021926
Francisco,,delapaz,Stepfather,francisco.delapaz@mail.com,5555564886,67021927
Karen,,benefield,Mother,karen.benefield@mail.com,5555564101,67021928
Jessica,,fishman,Mother,jessica.fishman@mail.com,5555564202,67021929
Brenda,,corcoran,Caregiver,brenda.corcoran@mail.com,5555564696,67021930
Lizbeth,,rooney,Mother,lizbeth.rooney@mail.com,5555565001,67021931
Dayana,,philpot,Mother,dayana.philpot@mail.com,5555564254,67021932
Ramona,,winger,Court Appointed Guardian,ramona.winger@mail.com,5555564836,67021933
Claudia,,amerson,Mother,claudia.amerson@mail.com,5555564430,67021934
Ynes,,galvin,Mother,ynes.galvin@mail.com,5555564268,67021935
Sherlyn Elizabeth,,dyson,Mother,sherlyn elizabeth.dyson@mail.com,5555564615,67021936
Nelly,,chesser,Caregiver,nelly.chesser@mail.com,5555564253,67021937
Esly,,crowe,Caregiver,esly.crowe@mail.com,5555564933,67021938
Liliana,,chinn,Caregiver,liliana.chinn@mail.com,5555564903,67021939
Amalia,,Solis,Mother,amalia.solis@mail.com,5555564327,67021940
Amalia,,folse,Mother,amalia.folse@mail.com,5555564328,67021941
Evelyn,,mcclung,Mother,evelyn.mcclung@mail.com,5555564333,67021942
Maria Guadalupe,,eldred,Mother,maria guadalupe.eldred@mail.com,5555564357,67021943
Fabiola,,anaya,Mother,fabiola.anaya@mail.com,5555564359,67021944
Monica,,hockett,Mother,monica.hockett@mail.com,5555564591,67021945
Ana,,diehl,Mother,ana.diehl@mail.com,5555564930,67021946
Ines,,peery,Mother,ines.peery@mail.com,5555565123,67021947
Maria De Los Angeles,,beckett,Mother,maria de los angeles.beckett@mail.com,5555564523,67021948
Paulina,,volz,Caregiver,paulina.volz@mail.com,5555564420,67021949
Stephanie,,dillman,Mother,stephanie.dillman@mail.com,5555565140,67021950
Claudia,,mccary,Mother,claudia.mccary@mail.com,5555564201,67021951
Elizabeth,,jacques,Mother,elizabeth.jacques@mail.com,5555564889,67021952
Leonardo,,ericson,Father,leonardo.ericson@mail.com,5555564743,67021953
Leticia,,paez,Caregiver,leticia.paez@mail.com,5555564652,67021954
Danielle,,robinette,Mother,danielle.robinette@mail.com,5555564846,67021955
Sandra,,marrow,Mother,sandra.marrow@mail.com,5555564167,67021956
Aurora,,tarver,Mother,aurora.tarver@mail.com,5555564448,67021957
Theresa,,mireles,Mother,theresa.mireles@mail.com,5555564100,67021958
Cristina,,cope,Mother,cristina.cope@mail.com,5555558088,67021959
Jacqueline,,hudgins,Mother,jacqueline.hudgins@mail.com,5555565158,67021960
Luigi,,duval,Father,luigi.duval@mail.com,5555565063,67021961
Cynthia,,satterwhite,Mother,cynthia.satterwhite@mail.com,5555564999,67021962
Amanda,,edson,Mother,amanda.edson@mail.com,5555565052,67021963
Andres,,mcneil,Father,andres.mcneil@mail.com,5555564493,67021964
Karen,,cage,Caregiver,karen.cage@mail.com,5555564476,67021965
Carlos,,russ,Father,carlos.russ@mail.com,5555564636,67021966
Gloria,,ceja,Court Appointed Guardian,gloria.ceja@mail.com,5555564736,67021967
Maria,,grissom,Mother,maria.grissom@mail.com,5555564957,67021968
Melissa,,strong,Caregiver,melissa.strong@mail.com,5555564583,67021969
Anaiza,,gunn,Caregiver,anaiza.gunn@mail.com,5555564337,67021970
Ana,,rhea,Caregiver,ana.rhea@mail.com,5555564676,67021971
Jennifer,,getz,Mother,jennifer.getz@mail.com,5555564455,67021972
Abigail,,peck,Mother,abigail.peck@mail.com,5555564520,67021973
Tanya,,hamel,Mother,tanya.hamel@mail.com,5555564568,67021974
Guadalupe,,walters,Mother,guadalupe.walters@mail.com,5555564953,67021975
Laura Petra,,fisher,Mother,laura petra.fisher@mail.com,5555565098,67021976
Marsela,,hatch,Mother,marsela.hatch@mail.com,5555564762,67021977
Bruny,,barrientos,Mother,bruny.barrientos@mail.com,5555564264,67021978
Sara,,best,Caregiver,sara.best@mail.com,5555565026,67021979
Yonhel,,wingfield,Father,yonhel.wingfield@mail.com,5555564377,67021980
Ana Laura,,mosley,Mother,ana laura.mosley@mail.com,5555564603,67021981
Noely,,noonan,Caregiver,noely.noonan@mail.com,5555565108,67021982
Dulce,,abreu,Stepmother,dulce.abreu@mail.com,5555564351,67021983
Elisa,,carruth,Mother,elisa.carruth@mail.com,5555564700,67021984
Paulina,,foy,Mother,paulina.foy@mail.com,5555565013,67021985
Claudia,,derosier,Mother,claudia.derosier@mail.com,5555564140,67021986
Fabiola,,mosqueda,Mother,fabiola.mosqueda@mail.com,5555564686,67021987
Brenda,,gregory,Caregiver,brenda.gregory@mail.com,5555564239,67021988
Francisco,,kimbrell,Father,francisco.kimbrell@mail.com,5555564779,67021989
Alejandra,,french,Mother,alejandra.french@mail.com,5555564447,67021990
Yuridia,,burk,Mother,yuridia.burk@mail.com,5555565083,67021991
Anais,,witte,Mother,anais.witte@mail.com,5555564406,67021992
Jose,,rushton,Caregiver,jose.rushton@mail.com,5555564217,67021993
Francisca,,solano,Mother,francisca.solano@mail.com,5555564790,67021994
Jameli,,schuman,Caregiver,jameli.schuman@mail.com,5555564891,67021995
Marisol,,power,Caregiver,marisol.power@mail.com,5555564375,67021996
Elva,,mccollough,Caregiver,elva.mccollough@mail.com,5555564939,67021997
Nancy,,murillo,Caregiver,nancy.murillo@mail.com,5555564969,67021998
Maria de Jesus,,shapiro,Caregiver,maria de jesus.shapiro@mail.com,5555565002,67021999
Yuridia,,mccollum,Caregiver,yuridia.mccollum@mail.com,5555564413,67022000
Alisandra,,ellison,Mother,alisandra.ellison@mail.com,5555564499,67022001
Alma,,rosenbaum,Caregiver,alma.rosenbaum@mail.com,5555565112,67022002
Berenice,,lister,Mother,berenice.lister@mail.com,5555564894,67022003
Berenice,,rowan,Mother,berenice.rowan@mail.com,5555564893,67022004
Monica,,anton,Caregiver,monica.anton@mail.com,5555564170,67022005
Cristina,,boston,Caregiver,cristina.boston@mail.com,5555564194,67022006
Magdalena,,steinberg,Caregiver,magdalena.steinberg@mail.com,5555564152,67022007
Oscar,,cheng,Uncle,oscar.cheng@mail.com,5555565102,67022008
Paulina,,morehouse,Caregiver,paulina.morehouse@mail.com,5555564587,67022009
Carlos,,hughes,Father,carlos.hughes@mail.com,5555564656,67022010
Karla,,brackett,Mother,karla.brackett@mail.com,5555564197,67022011
Melany,,lawler,Caregiver,melany.lawler@mail.com,5555564811,67022012
Maria,,swenson,Caregiver,maria.swenson@mail.com,5555564918,67022013
Liliana,,caudle,Caregiver,liliana.caudle@mail.com,5555564902,67022014
Daniel,,hernandes,Father,daniel.hernandes@mail.com,5555564307,67022015
Itzangari,,mccomas,Caregiver,itzangari.mccomas@mail.com,5555564419,67022016
Amalia,,baugher,Mother,amalia.baugher@mail.com,5555564329,67022017
Leticia,,mizell,Mother,leticia.mizell@mail.com,5555564109,67022018
Liduvina,,casares,Caregiver,liduvina.casares@mail.com,5555564210,67022019
Humberto,,carnes,Caregiver,humberto.carnes@mail.com,5555564663,67022020
Marcia,,lennon,Mother,marcia.lennon@mail.com,5555565164,67022021
Fabiola,,clare,Mother,fabiola.clare@mail.com,5555564358,67022022
Julia Poleth,,snider,Mother,julia poleth.snider@mail.com,5555564521,67022023
Maria,,bateman,Stepmother,maria.bateman@mail.com,5555564305,67022024
Mareny,,lantz,Caregiver,mareny.lantz@mail.com,5555564138,67022025
Victor,,quan,Father,victor.quan@mail.com,5555564110,67022026
Ana Maria,,ducharme,Mother,ana maria.ducharme@mail.com,5555564414,67022027
Maria De Los Angeles,,toy,Mother,maria de los angeles.toy@mail.com,5555564525,67022028
Monica Grethel,,mccutchen,Mother,monica grethel.mccutchen@mail.com,5555564227,67022029
Pamela,,smalley,Caregiver,pamela.smalley@mail.com,5555565167,67022030
Kimberly Maria,,marvin,Mother,kimberly maria.marvin@mail.com,5555564450,67022031
Janett,,langford,Mother,janett.langford@mail.com,5555564056,67022032
Dulce,,whitmer,Mother,dulce.whitmer@mail.com,5555564909,67022033
Ruth,,severson,Caregiver,ruth.severson@mail.com,5555564148,67022034
Leticia,,pope,Mother,leticia.pope@mail.com,5555564653,67022035
Marissa,,key,Mother,marissa.key@mail.com,5555564060,67022036
Claudia Iveth,,rosas,Mother,claudia iveth.rosas@mail.com,5555565176,67022037
Izabel,,lafleur,Caregiver,izabel.lafleur@mail.com,5555564452,67022038
Rocio,,madsen,Mother,rocio.madsen@mail.com,5555564704,67022039
Yolanda,,scott,Mother,yolanda.scott@mail.com,5555564770,67022040
Myra,,delisle,Mother,myra.delisle@mail.com,5555564617,67022041
Dayana,,hodges,Caregiver,dayana.hodges@mail.com,5555564093,67022042
Maria,,vigil,Mother,maria.vigil@mail.com,5555564785,67022043
Ana,,boland,Mother,ana.boland@mail.com,5555564094,67022044
Elva,,cowans,Mother,elva.cowans@mail.com,5555564621,67022045
Maria del Carmen,,hooper,Grandmother,maria del carmen.hooper@mail.com,5555564821,67022046
Zenaida,,dabbs,Mother,zenaida.dabbs@mail.com,5555564970,67022047
Miguel,,muncy,Father,miguel.muncy@mail.com,5555565177,67022048
Kristian,,hail,Caregiver,kristian.hail@mail.com,5555564407,67022049
Beatriz,,workman,Caregiver,beatriz.workman@mail.com,5555564064,67022050
Marina,,dicken,Caregiver,marina.dicken@mail.com,5555564975,67022051
Fabiola,,faison,Mother,fabiola.faison@mail.com,5555564685,67022052
Olga,,nickles,Caregiver,olga.nickles@mail.com,5555564838,67022053
Louie Angel,,conger,Father,louie angel.conger@mail.com,5555565036,67022054
Francisco,,comeaux,Father,francisco.comeaux@mail.com,5555564219,67022055
Rosa,,spearman,Mother,rosa.spearman@mail.com,5555564381,67022056
Reyna l,,cecil,Mother,reyna l.cecil@mail.com,5555564923,67022057
Veronica,,ngo,Mother,veronica.ngo@mail.com,5555565020,67022058
Omar,,cancel,Father,omar.cancel@mail.com,5555564877,67022059
Laura,,mcdonough,Mother,laura.mcdonough@mail.com,5555564952,67022060
Celida,,kyser,Court Appointed Guardian,celida.kyser@mail.com,5555564773,67022061
Berenice,,milner,Mother,berenice.milner@mail.com,5555564718,67022062
Marilu,,lafountain,Mother,marilu.lafountain@mail.com,5555564711,67022063
Narda,,odum,Mother,narda.odum@mail.com,5555564205,67022064
Yesenia,,gowen,Mother,yesenia.gowen@mail.com,5555564912,67022065
Ramona,,salisbury,Foster Mother,ramona.salisbury@mail.com,5555564839,67022066
Esmeralda,,partain,Mother,esmeralda.partain@mail.com,5555564246,67022067
Iza,,romine,Mother,iza.romine@mail.com,5555564911,67022068
Angelica,,frances,Mother,angelica.frances@mail.com,5555565010,67022069
Johana,,whitney,Mother,johana.whitney@mail.com,5555564616,67022070
Aleyra,,browne,Caregiver,aleyra.browne@mail.com,5555564896,67022071
Rocio,,boisvert,Mother,rocio.boisvert@mail.com,5555564474,67022072
Zuleyma,,marable,Caregiver,zuleyma.marable@mail.com,5555564873,67022073
Leticia,,bridge,Mother,leticia.bridge@mail.com,5555564826,67022074
Nohemi,,parisi,Stepmother,nohemi.parisi@mail.com,5555565028,67022075
Pablo,,thrower,Father,pablo.thrower@mail.com,5555564114,67022076
Norma,,lashley,Mother,norma.lashley@mail.com,5555564388,67022077
Rosa Isela,,mccollum,Mother,rosa isela.mccollum@mail.com,5555564590,67022078
Oscar,,tice,Father,oscar.tice@mail.com,5555564635,67022079
Paulina,,kraus,Caregiver,paulina.kraus@mail.com,5555564421,67022080
Leslie,,mick,Caregiver,leslie.mick@mail.com,5555564235,67022081
Elizabeth,,dell,Mother,elizabeth.dell@mail.com,5555564890,67022082
Maria Andrea,,tincher,Mother,maria andrea.tincher@mail.com,5555564584,67022083
Isaiah,,abram,Father,isaiah.abram@mail.com,5555564971,67022084
Gabriela,,nix,Mother,gabriela.nix@mail.com,5555565029,67022085
Lucrecia,,knudson,Caregiver,lucrecia.knudson@mail.com,5555564992,67022086
Maria,,cage,Mother,maria.cage@mail.com,5555564784,67022087
Amanda,,kipp,Other Relationship,amanda.kipp@mail.com,5555564277,67022088
Marisol,,carnahan,Mother,marisol.carnahan@mail.com,5555564473,67022089
Lizbeth,,plascencia,Caregiver,lizbeth.plascencia@mail.com,5555564641,67022090
Maria de Jesus,,sikora,Mother,maria de jesus.sikora@mail.com,5555564735,67022091
Karla,,holloway,Mother,karla.holloway@mail.com,5555564726,67022092
Jorge,,hinkle,Caregiver,jorge.hinkle@mail.com,5555565069,67022093
Ricardo,,leija,Grandfather,ricardo.leija@mail.com,5555564196,67022094
Elizabeth,,hasty,Mother,elizabeth.hasty@mail.com,5555564679,67022095
Cristina,,banner,Caregiver,cristina.banner@mail.com,5555564098,67022096
Kevin,,harman,Caregiver,kevin.harman@mail.com,5555564835,67022097
Karla,,marvin,Mother,karla.marvin@mail.com,5555564434,67022098
Martha,,claycomb,Caregiver,martha.claycomb@mail.com,5555564864,67022099
Jesus,,castellanos,Caregiver,jesus.castellanos@mail.com,5555564481,67022100
Yalexy,,keyes,Father,yalexy.keyes@mail.com,5555564484,67022101
Mirian,,adam,Caregiver,mirian.adam@mail.com,5555564862,67022102
Minerva,,kester,Caregiver,minerva.kester@mail.com,5555564871,67022103
Celida,,ochoa,Court Appointed Guardian,celida.ochoa@mail.com,5555564774,67022104
Vanessa,,clyde,Mother,vanessa.clyde@mail.com,5555564410,67022105
Angelica,,legrand,Mother,angelica.legrand@mail.com,5555565005,67022106
Jesus,,rager,Caregiver,jesus.rager@mail.com,5555564374,67022107
Jose,,lebron,Father,jose.lebron@mail.com,5555565059,67022108
Ana,,tuttle,Mother,ana.tuttle@mail.com,5555564929,67022109
Diana,,garrett,Mother,diana.garrett@mail.com,5555564478,67022110
Jennifer,,born,Mother,jennifer.born@mail.com,5555564332,67022111
Tanya,,wilkie,Aunt,tanya.wilkie@mail.com,5555564308,67022112
Enrique,,valencia,Father,enrique.valencia@mail.com,5555564642,67022113
Melissa,,lake,Mother,melissa.lake@mail.com,5555564491,67022114
Jaqueline,,siler,Mother,jaqueline.siler@mail.com,5555564261,67022115
Sylvia,,dietrich,Mother,sylvia.dietrich@mail.com,5555564258,67022116
Xochitl,,kirksey,Mother,xochitl.kirksey@mail.com,5555565078,67022117
Jannette,,engel,Mother,jannette.engel@mail.com,5555565151,67022118
Blanca,,cintron,Mother,blanca.cintron@mail.com,5555564225,67022119
Joshua,,hudak,Caregiver,joshua.hudak@mail.com,5555564599,67022120