stu_id,site_id,incident_id,incident_date,schoolyr,incident_time,suspension_days,minor_incident,major_incident
67012757,67_67399_5136971,147377,2/26/27,2026-2027,10:00 AM,0,1,0
67012936,67_67399_5136971,146240,11/15/26,2026-2027,2:00 PM,0,1,0
67012956,67_67399_5136971,145916,10/23/26,2026-2027,12:00 PM,0,1,0
67012956,67_67399_5136971,147665,3/14/27,2026-2027,1:30 PM,0,2,0
67012961,67_67399_5136971,146243,11/15/26,2026-2027,2:00 PM,0,0,1
67012961,67_67399_5136971,146386,12/2/26,2026-2027,3:23 PM,0,1,0
67012961,67_67399_5136971,146398,12/3/26,2026-2027,11:40 AM,0,1,0
67012968,67_67399_5136971,146346,11/21/26,2026-2027,2:22 PM,0,2,0
67012976,67_67399_5136971,147909,4/1/27,2026-2027,8:20 AM,0,0,0
67013035,67_67399_5136978,145933,10/17/26,2026-2027,12:00 PM,0,0,1
67013035,67_67399_5136978,147864,3/24/27,2026-2027,3:00 PM,0,1,0
67013038,67_67399_5136978,146618,1/8/27,2026-2027,11:30 AM,0,1,0
67013067,67_67399_5136978,146755,1/17/27,2026-2027,10:17 AM,0,1,0
67013067,67_67399_5136978,148114,4/11/27,2026-2027,3:20 PM,2,0,0
67013067,67_67399_5136978,148662,5/29/27,2026-2027,2:07 PM,0,1,0
67013083,67_67399_5136978,146130,11/7/26,2026-2027,11:11 AM,0,0,1
67013089,67_67399_5136978,148112,4/11/27,2026-2027,3:20 PM,1,0,0
67013092,67_67399_5136978,147866,3/26/27,2026-2027,1:35 PM,1,0,0
67013092,67_67399_5136978,148138,4/14/27,2026-2027,3:37 PM,0,1,0
67013092,67_67399_5136978,148315,5/5/27,2026-2027,3:04 PM,0,1,1
67013264,67_67399_5136972,146327,11/21/26,2026-2027,12:48 PM,0,1,0
67013264,67_67399_5136972,146365,11/22/26,2026-2027,10:20 AM,0,1,0
67013264,67_67399_5136972,146548,12/16/26,2026-2027,1:35 PM,0,1,0
67013264,67_67399_5136972,148153,4/15/27,2026-2027,10:30 AM,0,1,0
67013265,67_67399_5136972,148525,5/16/27,2026-2027,3:19 PM,0,0,1
67013272,67_67399_5136972,145988,10/29/26,2026-2027,1:11 PM,0,1,0
67013272,67_67399_5136972,146681,1/14/27,2026-2027,11:46 AM,0,1,0
67013272,67_67399_5136972,147635,3/13/27,2026-2027,5:55 PM,0,0,1
67013272,67_67399_5136972,147615,3/13/27,2026-2027,8:28 AM,0,0,1
67013277,67_67399_5136972,147605,3/12/27,2026-2027,11:35 AM,0,1,0
67013277,67_67399_5136972,147621,3/13/27,2026-2027,12:32 PM,0,1,0
67013277,67_67399_5136972,147805,3/24/27,2026-2027,9:42 AM,0,1,0
67013277,67_67399_5136972,147954,4/3/27,2026-2027,8:50 AM,0,0,1
67013277,67_67399_5136972,148025,4/8/27,2026-2027,10:25 AM,0,1,0
67013277,67_67399_5136972,148044,4/9/27,2026-2027,11:52 AM,0,1,0
67013277,67_67399_5136972,148095,4/11/27,2026-2027,9:28 AM,0,0,1
67013277,67_67399_5136972,148141,4/14/27,2026-2027,1:30 PM,0,0,1
67013277,67_67399_5136972,148175,4/16/27,2026-2027,2:39 PM,0,0,1
67013277,67_67399_5136972,148242,4/17/27,2026-2027,1:15 PM,0,1,0
67013277,67_67399_5136972,148243,4/29/27,2026-2027,11:40 AM,0,0,1
67013277,67_67399_5136972,148314,5/5/27,2026-2027,1:27 PM,1,0,0
67013287,67_67399_5136972,148337,5/6/27,2026-2027,9:55 AM,0,0,0
67013310,67_67399_5136972,147033,2/4/27,2026-2027,1:43 PM,0,1,0
67013318,67_67399_5136972,146704,1/15/27,2026-2027,10:52 AM,0,0,1
67013318,67_67399_5136972,147032,2/4/27,2026-2027,1:37 PM,0,1,0
67013318,67_67399_5136972,147235,2/14/27,2026-2027,3:01 PM,0,1,0
67013318,67_67399_5136972,147342,2/24/27,2026-2027,3:20 PM,0,0,1
67013329,67_67399_5136972,147705,3/18/27,2026-2027,2:03 PM,0,1,0
67013329,67_67399_5136972,148336,5/6/27,2026-2027,9:55 AM,0,0,0
67013342,67_67399_5136972,146680,1/14/27,2026-2027,11:43 AM,0,1,0
67013342,67_67399_5136972,147634,3/13/27,2026-2027,5:48 PM,0,0,1
67013342,67_67399_5136972,148091,4/10/27,2026-2027,4:14 PM,0,0,1
67013353,67_67399_5136972,146569,12/18/26,2026-2027,1:28 PM,0,1,0
67013353,67_67399_5136972,146664,1/13/27,2026-2027,1:37 PM,0,1,0
67013353,67_67399_5136972,148092,4/10/27,2026-2027,4:16 PM,0,0,1
67013353,67_67399_5136972,148335,5/6/27,2026-2027,9:55 AM,1,0,0
67013414,67_67399_5136972,148689,6/2/27,2026-2027,11:15 AM,0,0,1
67013448,67_67399_5136972,145502,9/19/26,2026-2027,5:08 PM,0,1,0
67013476,67_67399_5136972,146400,12/3/26,2026-2027,9:30 AM,0,0,0
67013516,67_67399_5136972,145786,10/11/26,2026-2027,10:30 AM,0,0,1
67013577,67_67399_5136972,145476,9/18/26,2026-2027,10:24 AM,0,1,0
67013577,67_67399_5136972,145667,10/4/26,2026-2027,10:02 AM,0,1,0
67013577,67_67399_5136972,146417,12/4/26,2026-2027,1:41 PM,0,1,0
67013599,67_67399_5136972,145505,9/20/26,2026-2027,11:21 AM,0,0,1
67013606,67_67399_5136972,145726,10/8/26,2026-2027,2:19 PM,0,1,1
67013606,67_67399_5136972,146727,1/16/27,2026-2027,10:19 AM,0,0,1
67013606,67_67399_5136972,147015,2/4/27,2026-2027,9:40 AM,0,0,1
67013606,67_67399_5136972,147277,2/20/27,2026-2027,10:16 AM,1,0,2
67013609,67_67399_5136972,147188,2/13/27,2026-2027,9:45 AM,0,0,1
67013619,67_67399_5136972,145725,10/8/26,2026-2027,2:15 PM,0,1,1
67013639,67_67399_5136972,146475,12/10/26,2026-2027,11:03 AM,0,0,1
67013656,67_67399_5136972,147167,2/12/27,2026-2027,12:34 PM,0,0,1
67013656,67_67399_5136972,148131,4/14/27,2026-2027,1:17 PM,0,0,1
67013693,67_67399_5136972,145769,10/10/26,2026-2027,1:47 PM,0,1,0
67013693,67_67399_5136972,147970,3/21/27,2026-2027,1:53 PM,0,0,1
67013693,67_67399_5136972,147971,3/21/27,2026-2027,1:53 PM,0,0,1
67013701,67_67399_5136972,147161,2/12/27,2026-2027,10:50 AM,0,1,1
67013701,67_67399_5136972,147294,2/21/27,2026-2027,10:32 AM,0,0,1
67013701,67_67399_5136972,148433,5/13/27,2026-2027,9:15 AM,0,0,1
67013818,67_67399_5136978,147670,3/14/27,2026-2027,2:50 PM,0,0,0
67013822,67_67399_5136978,146804,1/23/27,2026-2027,9:40 AM,0,1,0
67013822,67_67399_5136978,146998,2/3/27,2026-2027,11:36 AM,0,3,0
67013822,67_67399_5136978,147558,3/10/27,2026-2027,2:01 PM,0,3,0
67013822,67_67399_5136978,148521,5/16/27,2026-2027,2:24 PM,0,0,1
67013826,67_67399_5136978,147613,3/12/27,2026-2027,10:00 AM,1,0,1
67013830,67_67399_5136978,147669,3/14/27,2026-2027,2:50 PM,1,0,0
67013838,67_67399_5136978,146170,11/12/26,2026-2027,10:49 AM,0,2,0
67013838,67_67399_5136978,146452,12/6/26,2026-2027,12:15 PM,1,0,0
67013838,67_67399_5136978,146803,1/23/27,2026-2027,9:37 AM,0,1,0
67013838,67_67399_5136978,147560,3/10/27,2026-2027,2:06 PM,0,2,0
67013866,67_67399_5136978,145627,10/2/26,2026-2027,9:30 AM,0,1,0
67013872,67_67399_5136978,146756,1/16/27,2026-2027,11:30 AM,2,0,0
67013877,67_67399_5136978,147966,4/3/27,2026-2027,1:34 PM,0,2,0
67013885,67_67399_5136978,146754,1/16/27,2026-2027,11:30 AM,1,0,0
67013885,67_67399_5136978,147965,4/3/27,2026-2027,1:30 PM,0,1,0
67013886,67_67399_5136978,146997,2/3/27,2026-2027,11:32 AM,0,3,0
67013886,67_67399_5136978,147559,3/10/27,2026-2027,2:04 PM,0,3,0
67012774,67_67399_5136971,147420,2/27/27,2026-2027,11:45 AM,3,0,0
67014089,67_67399_5136973,148536,5/19/27,2026-2027,1:33 PM,0,1,0
67014105,67_67399_5136973,146670,1/13/27,2026-2027,2:55 PM,0,1,0
67014112,67_67399_5136973,146669,1/13/27,2026-2027,2:43 PM,0,1,0
67014112,67_67399_5136973,148363,5/7/27,2026-2027,1:59 PM,0,1,0
67014477,67_67399_5136978,147612,3/12/27,2026-2027,4:37 PM,0,0,1
67014488,67_67399_5136978,146545,12/4/26,2026-2027,1:45 PM,0,0,1
67014161,67_67399_5136973,145590,9/27/26,2026-2027,3:10 PM,0,0,0
67014161,67_67399_5136973,148143,4/15/27,2026-2027,8:30 AM,0,0,0
67014161,67_67399_5136973,148228,4/29/27,2026-2027,9:46 AM,0,0,0
67014549,67_67399_5136974,147969,4/3/27,2026-2027,1:09 PM,0,0,0
67014581,67_67399_5136974,148313,5/2/27,2026-2027,2:02 PM,0,0,0
67014583,67_67399_5136974,147581,3/11/27,2026-2027,1:15 PM,0,1,0
67014663,67_67399_5136974,147810,3/21/27,2026-2027,11:20 AM,0,1,0
67014672,67_67399_5136974,147724,3/19/27,2026-2027,11:55 AM,0,1,0
67014676,67_67399_5136974,148254,4/30/27,2026-2027,1:19 PM,0,0,1
67014700,67_67399_5136974,147749,3/19/27,2026-2027,11:55 AM,0,1,0
67014723,67_67399_5136974,147576,3/11/27,2026-2027,12:12 PM,0,1,0
67014726,67_67399_5136974,147102,2/6/27,2026-2027,3:36 PM,0,1,0
67014735,67_67399_5136974,148081,4/10/27,2026-2027,11:18 AM,0,1,1
67014735,67_67399_5136974,148116,4/14/27,2026-2027,8:31 AM,0,1,0
67014735,67_67399_5136974,148316,5/6/27,2026-2027,8:10 AM,0,1,0
67014735,67_67399_5136974,148355,5/7/27,2026-2027,12:23 PM,0,0,1
67014772,67_67399_5136974,146150,11/8/26,2026-2027,1:48 PM,0,1,0
67014772,67_67399_5136974,146921,1/29/27,2026-2027,1:07 PM,0,2,0
67014772,67_67399_5136974,147126,2/7/27,2026-2027,3:12 PM,0,2,0
67014772,67_67399_5136974,147300,2/21/27,2026-2027,12:47 PM,0,0,1
67014772,67_67399_5136974,148496,5/15/27,2026-2027,2:25 PM,0,0,1
67014772,67_67399_5136974,148597,5/22/27,2026-2027,12:14 PM,0,2,0
67014783,67_67399_5136974,146577,12/19/26,2026-2027,12:05 PM,0,0,1
67014783,67_67399_5136974,146615,1/8/27,2026-2027,8:56 AM,0,1,0
67014783,67_67399_5136974,147806,3/24/27,2026-2027,2:34 PM,1,0,0
67014783,67_67399_5136974,147854,3/26/27,2026-2027,11:12 AM,0,1,0
67014783,67_67399_5136974,148068,4/10/27,2026-2027,8:25 AM,0,0,1
67014783,67_67399_5136974,148438,5/13/27,2026-2027,10:47 AM,0,1,0
67014783,67_67399_5136974,148495,5/15/27,2026-2027,2:21 PM,0,0,1
67014783,67_67399_5136974,148626,5/27/27,2026-2027,8:18 AM,0,0,1
67014800,67_67399_5136974,145183,8/23/26,2026-2027,10:53 AM,5,0,0
67014804,67_67399_5136974,146603,1/7/27,2026-2027,12:10 PM,0,0,1
67014805,67_67399_5136974,146336,11/21/26,2026-2027,2:19 PM,0,1,0
67014807,67_67399_5136974,146746,1/16/27,2026-2027,2:51 PM,0,1,0
67014813,67_67399_5136974,146675,1/14/27,2026-2027,10:03 AM,0,1,0
67014815,67_67399_5136974,145495,9/19/26,2026-2027,1:37 PM,0,1,0
67014816,67_67399_5136974,146558,12/17/26,2026-2027,12:01 PM,0,0,1
67014818,67_67399_5136974,148140,4/14/27,2026-2027,4:06 PM,0,2,0
67014818,67_67399_5136974,148206,4/28/27,2026-2027,8:38 AM,0,1,0
67014819,67_67399_5136974,148094,4/11/27,2026-2027,8:20 AM,0,0,1
67014838,67_67399_5136974,146697,1/15/27,2026-2027,7:48 AM,0,1,0
67014838,67_67399_5136974,147526,3/6/27,2026-2027,2:45 PM,0,0,1
67014846,67_67399_5136974,145499,9/19/26,2026-2027,3:09 PM,0,1,0
67014846,67_67399_5136974,147752,3/20/27,2026-2027,2:01 PM,0,1,0
67014854,67_67399_5136974,146696,1/15/27,2026-2027,7:42 AM,0,1,0
67014858,67_67399_5136974,147319,2/24/27,2026-2027,10:04 AM,0,1,0
67014861,67_67399_5136974,147823,3/24/27,2026-2027,2:30 PM,0,0,0
67014871,67_67399_5136974,146709,1/15/27,2026-2027,12:35 PM,0,0,0
67014878,67_67399_5136974,145947,10/25/26,2026-2027,10:15 AM,0,1,1
67014878,67_67399_5136974,147958,4/3/27,2026-2027,11:39 AM,0,1,1
67014878,67_67399_5136974,148084,4/10/27,2026-2027,12:02 PM,0,2,1
67014878,67_67399_5136974,148263,5/1/27,2026-2027,10:00 AM,0,2,0
67014878,67_67399_5136974,148308,5/5/27,2026-2027,12:35 PM,0,1,0
67014878,67_67399_5136974,148309,5/5/27,2026-2027,12:35 PM,0,1,0
67014878,67_67399_5136974,148513,5/15/27,2026-2027,12:25 PM,0,0,0
67014888,67_67399_5136974,148441,5/13/27,2026-2027,12:37 PM,0,0,0
67014891,67_67399_5136974,146938,1/29/27,2026-2027,10:23 PM,0,0,0
67014897,67_67399_5136974,147390,2/27/27,2026-2027,9:10 AM,0,1,1
67014897,67_67399_5136974,148484,5/15/27,2026-2027,12:36 PM,0,1,0
67014902,67_67399_5136974,147156,2/11/27,2026-2027,2:00 PM,0,0,0
67014904,67_67399_5136974,146800,1/23/27,2026-2027,8:58 AM,0,0,0
67014904,67_67399_5136974,147025,2/4/27,2026-2027,11:23 AM,0,1,0
67014909,67_67399_5136974,147014,2/3/27,2026-2027,9:32 AM,0,1,0
67014919,67_67399_5136974,148293,5/2/27,2026-2027,10:29 AM,0,2,0
67014920,67_67399_5136974,145452,9/13/26,2026-2027,11:59 AM,0,1,0
67014920,67_67399_5136974,146650,1/10/27,2026-2027,2:40 PM,0,1,0
67014932,67_67399_5136974,145290,8/29/26,2026-2027,12:25 PM,0,0,1
67014932,67_67399_5136974,146914,1/29/27,2026-2027,12:06 PM,0,0,0
67014937,67_67399_5136974,148331,5/6/27,2026-2027,1:41 PM,0,0,0
67014941,67_67399_5136974,147478,3/5/27,2026-2027,11:50 AM,0,2,0
67014941,67_67399_5136974,147758,3/20/27,2026-2027,4:27 PM,0,2,0
67014943,67_67399_5136974,145292,8/29/26,2026-2027,12:25 PM,0,0,1
67014944,67_67399_5136974,145660,10/3/26,2026-2027,2:03 PM,0,1,0
67014948,67_67399_5136974,146982,1/31/27,2026-2027,12:46 PM,0,0,0
67014957,67_67399_5136974,148609,5/23/27,2026-2027,10:39 AM,0,1,0
67014964,67_67399_5136974,145654,10/2/26,2026-2027,12:00 PM,0,1,0
67014964,67_67399_5136974,145670,10/4/26,2026-2027,8:10 AM,2,0,0
67014964,67_67399_5136974,146119,11/7/26,2026-2027,12:27 PM,0,0,1
67014964,67_67399_5136974,147376,2/26/27,2026-2027,10:21 AM,0,1,0
67014964,67_67399_5136974,147536,3/7/27,2026-2027,10:16 AM,0,1,0
67014976,67_67399_5136978,145900,10/21/26,2026-2027,2:50 PM,0,0,1
67014983,67_67399_5136978,147606,3/12/27,2026-2027,1:50 PM,0,1,0
67014987,67_67399_5136978,147601,3/12/27,2026-2027,12:01 PM,0,1,1
67014992,67_67399_5136978,145468,9/17/26,2026-2027,9:33 AM,0,0,1
67014992,67_67399_5136978,145509,9/20/26,2026-2027,12:02 PM,0,0,1
67014992,67_67399_5136978,145552,9/25/26,2026-2027,10:02 AM,0,0,1
67014992,67_67399_5136978,145934,10/24/26,2026-2027,10:32 AM,0,1,0
67014992,67_67399_5136978,146148,11/8/26,2026-2027,12:07 PM,0,1,0
67014992,67_67399_5136978,146264,11/19/26,2026-2027,9:45 AM,0,0,1
67014992,67_67399_5136978,146805,1/23/27,2026-2027,10:03 AM,0,1,0
67014992,67_67399_5136978,146944,1/30/27,2026-2027,9:57 AM,0,0,1
67014992,67_67399_5136978,147148,2/11/27,2026-2027,12:18 PM,0,1,0
67014992,67_67399_5136978,147963,4/3/27,2026-2027,12:37 PM,0,1,0
67014992,67_67399_5136978,148024,4/8/27,2026-2027,10:29 AM,0,0,1
67014992,67_67399_5136978,148055,4/9/27,2026-2027,1:58 PM,0,0,2
67014992,67_67399_5136978,148227,4/29/27,2026-2027,9:46 AM,0,1,0
67014992,67_67399_5136978,148275,5/1/27,2026-2027,1:51 PM,0,0,1
67014992,67_67399_5136978,148356,5/7/27,2026-2027,12:36 PM,0,0,1
67014992,67_67399_5136978,148380,5/8/27,2026-2027,12:34 PM,0,1,0
67014992,67_67399_5136978,148486,5/15/27,2026-2027,1:04 PM,0,0,0
67014997,67_67399_5136978,147748,3/20/27,2026-2027,12:36 PM,0,0,1
67014998,67_67399_5136978,146186,11/8/26,2026-2027,12:00 PM,0,0,1
67014998,67_67399_5136978,148382,5/8/27,2026-2027,1:29 PM,0,1,0
67015027,67_67399_5136978,145477,9/18/26,2026-2027,10:37 AM,0,1,0
67015027,67_67399_5136978,147225,2/14/27,2026-2027,12:30 PM,0,0,1
67015030,67_67399_5136978,146308,11/19/26,2026-2027,12:00 PM,0,0,1
67015041,67_67399_5136978,145238,8/28/26,2026-2027,12:55 PM,0,1,0
67015041,67_67399_5136978,145317,9/5/26,2026-2027,9:45 AM,0,1,0
67015041,67_67399_5136978,145374,9/10/26,2026-2027,9:44 AM,0,1,0
67015041,67_67399_5136978,147699,3/18/27,2026-2027,11:08 AM,0,1,0
67015045,67_67399_5136978,146366,11/21/26,2026-2027,1:00 PM,0,0,0
67015045,67_67399_5136978,146387,12/2/26,2026-2027,5:45 PM,0,2,0
67015045,67_67399_5136978,146394,12/3/26,2026-2027,10:10 AM,0,1,0
67015045,67_67399_5136978,147309,2/21/27,2026-2027,10:25 AM,0,0,0
67015045,67_67399_5136978,148443,5/13/27,2026-2027,12:50 PM,0,0,1
67015059,67_67399_5136978,147142,2/11/27,2026-2027,11:13 AM,0,1,0
67015059,67_67399_5136978,148508,5/16/27,2026-2027,9:47 AM,0,0,1
67015059,67_67399_5136978,148600,5/22/27,2026-2027,2:23 PM,0,0,1
67015092,67_67399_5136978,145681,10/4/26,2026-2027,12:57 PM,0,0,1
67015092,67_67399_5136978,145907,10/22/26,2026-2027,9:30 AM,0,1,0
67015092,67_67399_5136978,146484,12/11/26,2026-2027,8:59 AM,0,0,1
67015092,67_67399_5136978,146541,12/16/26,2026-2027,10:13 AM,0,0,1
67015092,67_67399_5136978,146549,12/16/26,2026-2027,3:02 PM,0,0,1
67015092,67_67399_5136978,146765,1/17/27,2026-2027,2:36 PM,0,0,0
67015092,67_67399_5136978,146810,1/23/27,2026-2027,11:49 AM,0,0,0
67015092,67_67399_5136978,146857,1/24/27,2026-2027,2:48 PM,0,0,1
67015092,67_67399_5136978,147384,2/26/27,2026-2027,1:15 PM,0,0,1
67015092,67_67399_5136978,147451,3/4/27,2026-2027,9:52 AM,0,0,1
67015092,67_67399_5136978,148376,5/6/27,2026-2027,1:00 PM,0,0,0
67015092,67_67399_5136978,148488,5/15/27,2026-2027,1:16 PM,0,0,1
67015092,67_67399_5136978,148623,5/23/27,2026-2027,2:39 PM,0,0,1
67015092,67_67399_5136978,148604,5/23/27,2026-2027,9:23 AM,0,0,1
67015095,67_67399_5136978,146024,10/31/26,2026-2027,10:00 AM,2,0,0
67015095,67_67399_5136978,146172,11/12/26,2026-2027,11:45 AM,0,0,1
67015095,67_67399_5136978,146726,1/16/27,2026-2027,10:13 AM,0,0,0
67015095,67_67399_5136978,147293,2/21/27,2026-2027,9:44 AM,0,1,0
67015095,67_67399_5136978,147698,3/18/27,2026-2027,10:33 AM,0,0,1
67015095,67_67399_5136978,148039,4/9/27,2026-2027,10:36 AM,0,0,1
67015095,67_67399_5136978,148291,5/2/27,2026-2027,9:34 AM,0,0,1
67015095,67_67399_5136978,148605,5/23/27,2026-2027,9:55 AM,0,0,0
67015100,67_67399_5136978,147652,3/14/27,2026-2027,11:41 AM,0,0,0
67015108,67_67399_5136978,146832,1/24/27,2026-2027,10:11 AM,0,0,0
67015111,67_67399_5136978,148164,4/16/27,2026-2027,10:57 AM,0,0,1
67015111,67_67399_5136978,148262,5/1/27,2026-2027,9:01 AM,0,1,0
67015112,67_67399_5136978,148716,6/4/27,2026-2027,1:55 PM,0,1,0
67015115,67_67399_5136978,145583,9/27/26,2026-2027,12:06 PM,0,0,1
67015116,67_67399_5136978,146391,12/3/26,2026-2027,9:07 AM,0,0,1
67015121,67_67399_5136978,148204,4/28/27,2026-2027,7:54 AM,0,0,1
67015125,67_67399_5136978,147991,4/7/27,2026-2027,8:26 AM,0,0,1
67015145,67_67399_5136978,147537,3/7/27,2026-2027,9:50 AM,0,0,1
67015147,67_67399_5136978,145668,10/4/26,2026-2027,8:11 AM,0,0,0
67015150,67_67399_5136978,148205,4/17/27,2026-2027,2:40 PM,0,0,1
67015168,67_67399_5136978,148203,4/28/27,2026-2027,7:45 AM,0,0,1
67015178,67_67399_5136978,148132,4/14/27,2026-2027,1:53 PM,0,1,0
67014800,67_67399_5136974,145556,9/23/26,2026-2027,10:10 AM,0,0,1
67014800,67_67399_5136974,145557,9/25/26,2026-2027,1:15 PM,0,0,1
67014800,67_67399_5136974,145639,10/2/26,2026-2027,1:15 PM,0,0,1
67014800,67_67399_5136974,145650,10/2/26,2026-2027,1:45 PM,2,0,0
67014800,67_67399_5136974,145954,10/25/26,2026-2027,1:45 PM,3,0,0
67014800,67_67399_5136974,145953,10/25/26,2026-2027,12:25 PM,0,0,2
67014800,67_67399_5136974,146192,11/13/26,2026-2027,9:28 PM,0,0,0
67015152,67_67399_5136978,148556,5/20/27,2026-2027,10:15 AM,0,0,0
67015218,67_67399_5136975,146123,11/6/26,2026-2027,9:40 AM,0,1,1
67015218,67_67399_5136975,146136,11/7/26,2026-2027,9:40 AM,0,2,0
67015220,67_67399_5136975,148680,5/27/27,2026-2027,9:38 AM,0,1,0
67015224,67_67399_5136975,148595,5/22/27,2026-2027,11:39 AM,0,1,0
67015243,67_67399_5136975,148699,6/3/27,2026-2027,9:42 AM,1,0,0
67015311,67_67399_5136975,146684,1/14/27,2026-2027,11:50 PM,0,1,0
67015315,67_67399_5136975,146683,1/14/27,2026-2027,11:06 AM,0,1,0
67015317,67_67399_5136975,146682,1/14/27,2026-2027,11:50 AM,0,1,0
67015320,67_67399_5136975,147259,2/19/27,2026-2027,11:03 AM,1,0,1
67015347,67_67399_5136975,146978,1/31/27,2026-2027,12:21 PM,0,0,0
67015373,67_67399_5136975,145507,9/20/26,2026-2027,11:59 AM,0,0,0
67015390,67_67399_5136975,148710,6/4/27,2026-2027,10:37 AM,0,1,0
67015411,67_67399_5136975,148616,5/23/27,2026-2027,1:13 PM,0,0,1
67015411,67_67399_5136975,148614,5/23/27,2026-2027,12:09 PM,0,0,1
67015411,67_67399_5136975,148615,5/23/27,2026-2027,12:50 PM,0,1,0
67015477,67_67399_5136975,146229,11/14/26,2026-2027,2:30 PM,1,0,0
67015510,67_67399_5136975,145859,10/17/26,2026-2027,12:47 PM,0,0,0
67015510,67_67399_5136975,146228,11/14/26,2026-2027,2:30 AM,1,0,0
67015511,67_67399_5136975,145471,9/17/26,2026-2027,10:49 AM,0,0,1
67015511,67_67399_5136975,145858,10/17/26,2026-2027,12:40 PM,0,0,0
67015525,67_67399_5136975,146672,1/11/27,2026-2027,2:15 PM,0,1,0
67015625,67_67399_5136979,145462,9/13/26,2026-2027,2:37 PM,2,0,0
67015651,67_67399_5136979,148101,4/10/27,2026-2027,1:40 PM,0,1,0
67015658,67_67399_5136979,145412,9/11/26,2026-2027,1:00 PM,0,2,0
67015662,67_67399_5136979,145358,9/9/26,2026-2027,12:00 AM,0,0,0
67015679,67_67399_5136979,145879,10/18/26,2026-2027,1:01 PM,1,0,0
67015681,67_67399_5136979,145917,10/18/26,2026-2027,12:30 PM,1,0,0
67015681,67_67399_5136979,146951,1/30/27,2026-2027,12:40 PM,1,0,0
67014070,67_67399_5136973,145615,10/1/26,2026-2027,11:48 AM,0,1,0
67014070,67_67399_5136973,145699,10/7/26,2026-2027,12:15 PM,0,0,0
67014070,67_67399_5136973,146897,1/29/27,2026-2027,9:23 AM,0,0,1
67014070,67_67399_5136973,147112,2/7/27,2026-2027,10:39 AM,0,0,1
67014407,67_67399_5136978,147063,2/4/27,2026-2027,12:30 PM,0,0,1
67014407,67_67399_5136978,147084,2/6/27,2026-2027,12:40 PM,0,0,1
67014800,67_67399_5136974,148734,5/29/27,2026-2027,11:30 AM,0,0,0
67015692,67_67399_5136976,148706,5/29/27,2026-2027,11:25 AM,0,0,0
67015700,67_67399_5136976,146972,1/31/27,2026-2027,9:30 AM,0,0,0
67015713,67_67399_5136976,146725,1/16/27,2026-2027,10:00 AM,0,0,0
67015752,67_67399_5136976,148310,5/5/27,2026-2027,1:05 PM,0,1,1
67015795,67_67399_5136976,145985,10/29/26,2026-2027,12:24 PM,0,1,0
67015803,67_67399_5136976,147668,3/14/27,2026-2027,12:50 PM,0,1,0
67015824,67_67399_5136976,146768,1/17/27,2026-2027,2:55 PM,0,1,0
67015850,67_67399_5136976,146016,10/30/26,2026-2027,11:40 AM,0,0,0
67015858,67_67399_5136976,148011,4/3/27,2026-2027,8:33 AM,0,1,0
67015871,67_67399_5136976,145606,9/30/26,2026-2027,3:57 PM,0,1,0
67015903,67_67399_5136976,145540,9/24/26,2026-2027,11:44 AM,0,0,1
67015903,67_67399_5136976,145613,10/1/26,2026-2027,11:29 AM,0,0,1
67015924,67_67399_5136976,145380,9/10/26,2026-2027,1:00 PM,0,0,1
67015925,67_67399_5136976,147489,3/5/27,2026-2027,2:15 PM,0,0,0
67015927,67_67399_5136976,146504,12/6/26,2026-2027,4:45 PM,0,0,0
67015927,67_67399_5136976,147249,2/18/27,2026-2027,9:50 AM,0,0,1
67015930,67_67399_5136976,147711,3/19/27,2026-2027,11:30 AM,0,0,1
67015939,67_67399_5136976,147307,2/21/27,2026-2027,12:56 PM,0,0,1
67015940,67_67399_5136976,145731,10/9/26,2026-2027,11:01 AM,0,0,1
67015940,67_67399_5136976,145777,10/10/26,2026-2027,3:23 PM,0,0,1
67015940,67_67399_5136976,145904,10/22/26,2026-2027,8:30 AM,0,0,1
67015940,67_67399_5136976,146588,12/19/26,2026-2027,8:30 AM,0,0,0
67015940,67_67399_5136976,146609,1/7/27,2026-2027,10:45 PM,0,0,1
67015940,67_67399_5136976,146747,1/16/27,2026-2027,9:15 PM,0,0,1
67015940,67_67399_5136976,148735,3/19/27,2026-2027,12:25 PM,0,0,0
67015951,67_67399_5136976,145574,9/25/26,2026-2027,1:00 PM,0,0,0
67015951,67_67399_5136976,146743,1/16/27,2026-2027,2:21 PM,0,0,1
67015961,67_67399_5136976,147184,2/12/27,2026-2027,2:04 PM,0,1,0
67015964,67_67399_5136976,147518,3/6/27,2026-2027,1:25 PM,0,0,1
67015964,67_67399_5136976,147882,3/27/27,2026-2027,1:50 PM,0,0,1
67015972,67_67399_5136979,147708,3/17/27,2026-2027,2:47 PM,0,0,1
67015977,67_67399_5136979,146587,12/16/26,2026-2027,8:00 AM,0,0,0
67015981,67_67399_5136979,145981,10/28/26,2026-2027,11:59 AM,0,0,1
67015992,67_67399_5136979,148187,4/17/27,2026-2027,12:04 PM,0,0,2
67015994,67_67399_5136979,147318,2/24/27,2026-2027,9:20 AM,0,0,1
67016001,67_67399_5136979,145592,9/27/26,2026-2027,1:50 PM,0,0,1
67016024,67_67399_5136979,146568,12/18/26,2026-2027,10:35 AM,0,0,1
67016024,67_67399_5136979,146913,1/28/27,2026-2027,10:35 AM,0,2,0
67016028,67_67399_5136979,147706,3/17/27,2026-2027,2:47 PM,0,0,1
67016028,67_67399_5136979,147789,3/24/27,2026-2027,11:05 AM,0,0,1
67016029,67_67399_5136979,147474,3/5/27,2026-2027,10:10 AM,0,1,1
67016029,67_67399_5136979,148271,5/1/27,2026-2027,12:48 PM,0,0,2
67016033,67_67399_5136979,146251,11/18/26,2026-2027,9:45 AM,0,0,1
67016033,67_67399_5136979,146377,12/2/26,2026-2027,11:38 AM,0,0,1
67016033,67_67399_5136979,146397,12/3/26,2026-2027,11:31 AM,0,0,1
67016033,67_67399_5136979,146487,12/11/26,2026-2027,9:30 AM,0,0,1
67016033,67_67399_5136979,146506,12/12/26,2026-2027,10:09 AM,0,0,1
67016033,67_67399_5136979,146572,12/17/26,2026-2027,11:55 AM,0,0,1
67016033,67_67399_5136979,146573,12/18/26,2026-2027,12:10 PM,0,0,1
67016033,67_67399_5136979,146575,12/19/26,2026-2027,10:35 AM,0,0,1
67016033,67_67399_5136979,146929,1/29/27,2026-2027,10:45 AM,0,0,3
67016033,67_67399_5136979,147103,2/5/27,2026-2027,10:40 AM,0,1,0
67016033,67_67399_5136979,147226,2/14/27,2026-2027,11:40 PM,0,4,3
67016033,67_67399_5136979,147334,2/24/27,2026-2027,11:30 AM,0,1,1
67016033,67_67399_5136979,147433,3/3/27,2026-2027,1:06 PM,0,0,1
67016033,67_67399_5136979,147431,3/3/27,2026-2027,10:30 AM,0,0,1
67016033,67_67399_5136979,148505,5/16/27,2026-2027,8:26 AM,0,0,2
67016033,67_67399_5136979,148646,5/28/27,2026-2027,8:25 AM,0,0,1
67016036,67_67399_5136979,146037,10/31/26,2026-2027,2:35 PM,0,0,0
67016036,67_67399_5136979,146054,11/1/26,2026-2027,12:45 PM,0,0,1
67016036,67_67399_5136979,146379,12/2/26,2026-2027,11:43 AM,0,0,1
67016036,67_67399_5136979,146571,12/18/26,2026-2027,2:30 PM,0,0,1
67016036,67_67399_5136979,147087,2/6/27,2026-2027,1:13 PM,0,0,1
67016036,67_67399_5136979,147129,2/7/27,2026-2027,9:30 AM,0,0,1
67016036,67_67399_5136979,147228,2/14/27,2026-2027,1:34 PM,0,1,1
67016036,67_67399_5136979,147248,2/18/27,2026-2027,11:18 AM,0,3,1
67016036,67_67399_5136979,147473,3/5/27,2026-2027,10:00 AM,0,0,1
67016036,67_67399_5136979,147929,4/2/27,2026-2027,11:38 AM,0,0,1
67016036,67_67399_5136979,148177,4/16/27,2026-2027,1:30 PM,0,1,0
67016038,67_67399_5136979,148277,5/1/27,2026-2027,2:11 PM,0,0,1
67016039,67_67399_5136979,146056,11/1/26,2026-2027,1:18 PM,0,0,1
67016042,67_67399_5136979,147049,2/5/27,2026-2027,11:30 AM,0,0,0
67016088,67_67399_5136979,145909,10/22/26,2026-2027,10:01 PM,0,0,1
67013939,67_67399_5136973,148279,5/1/27,2026-2027,11:25 PM,0,0,0
67014638,67_67399_5136974,145943,10/25/26,2026-2027,9:18 AM,0,2,0
67015273,67_67399_5136975,145751,9/24/26,2026-2027,6:54 AM,0,2,0
67015273,67_67399_5136975,145730,10/9/26,2026-2027,11:01 AM,0,1,1
67015273,67_67399_5136975,145803,10/14/26,2026-2027,7:34 AM,0,2,0
67015751,67_67399_5136976,145526,9/23/26,2026-2027,9:00 AM,0,1,1
67016118,67_67399_5136977,146728,1/16/27,2026-2027,10:27 AM,0,1,0
67016118,67_67399_5136977,146842,1/24/27,2026-2027,11:50 AM,0,1,0
67016118,67_67399_5136977,147957,4/3/27,2026-2027,11:41 AM,0,1,0
67016121,67_67399_5136977,145844,10/16/26,2026-2027,3:04 PM,0,1,0
67016121,67_67399_5136977,145881,10/18/26,2026-2027,2:34 PM,0,1,0
67016123,67_67399_5136977,145843,10/16/26,2026-2027,2:58 PM,0,2,1
67016126,67_67399_5136977,147986,4/4/27,2026-2027,11:45 AM,0,0,0
67016137,67_67399_5136977,145910,10/23/26,2026-2027,9:56 AM,0,0,0
67016137,67_67399_5136977,146214,11/14/26,2026-2027,12:57 PM,0,1,0
67016137,67_67399_5136977,147075,2/6/27,2026-2027,11:42 AM,0,1,0
67016137,67_67399_5136977,147686,3/17/27,2026-2027,9:40 AM,0,1,0
67016137,67_67399_5136977,147869,3/27/27,2026-2027,10:54 AM,0,0,1
67016137,67_67399_5136977,148150,4/15/27,2026-2027,11:42 AM,0,2,0
67016137,67_67399_5136977,148189,4/17/27,2026-2027,12:07 PM,0,0,1
67016138,67_67399_5136977,145854,10/17/26,2026-2027,11:46 AM,0,3,0
67016139,67_67399_5136977,146382,12/2/26,2026-2027,2:14 PM,0,0,0
67016144,67_67399_5136977,146426,12/5/26,2026-2027,9:56 AM,0,0,0
67016144,67_67399_5136977,147943,4/2/27,2026-2027,3:08 PM,0,0,0
67016145,67_67399_5136977,145895,10/22/26,2026-2027,9:52 AM,0,0,0
67016148,67_67399_5136977,148240,4/29/27,2026-2027,8:10 PM,0,0,0
67016149,67_67399_5136977,147199,2/13/27,2026-2027,1:36 PM,0,2,0
67016153,67_67399_5136977,145724,10/8/26,2026-2027,1:14 PM,0,0,0
67016158,67_67399_5136977,145712,10/7/26,2026-2027,3:34 PM,0,0,0
67016158,67_67399_5136977,146314,11/21/26,2026-2027,9:49 AM,0,1,0
67016159,67_67399_5136977,145852,10/17/26,2026-2027,10:54 AM,0,3,0
67016159,67_67399_5136977,146215,11/14/26,2026-2027,1:00 PM,0,3,0
67016159,67_67399_5136977,146427,12/5/26,2026-2027,9:59 AM,0,2,0
67016159,67_67399_5136977,146798,1/22/27,2026-2027,11:35 AM,0,0,0
67016159,67_67399_5136977,146958,1/30/27,2026-2027,1:35 AM,0,0,0
67016159,67_67399_5136977,147687,3/17/27,2026-2027,9:40 AM,0,1,0
67016159,67_67399_5136977,147818,3/25/27,2026-2027,11:42 AM,0,0,1
67016160,67_67399_5136977,146870,1/28/27,2026-2027,9:30 AM,0,0,0
67016160,67_67399_5136977,146977,1/31/27,2026-2027,11:25 PM,0,1,0
67016160,67_67399_5136977,147198,2/13/27,2026-2027,10:00 AM,0,1,0
67016160,67_67399_5136977,148236,4/29/27,2026-2027,12:37 PM,0,0,1
67016163,67_67399_5136977,145428,9/12/26,2026-2027,10:15 AM,0,1,2
67016163,67_67399_5136977,145607,10/1/26,2026-2027,9:00 AM,0,0,2
67016163,67_67399_5136977,146280,11/18/26,2026-2027,10:20 AM,0,0,1
67016165,67_67399_5136977,145810,10/15/26,2026-2027,11:47 AM,0,2,0
67016165,67_67399_5136977,146042,11/1/26,2026-2027,9:46 AM,0,1,0
67016165,67_67399_5136977,146423,12/4/26,2026-2027,3:31 PM,0,2,0
67016165,67_67399_5136977,146957,1/29/27,2026-2027,9:35 AM,0,1,0
67016166,67_67399_5136977,145752,9/25/26,2026-2027,6:58 AM,0,2,0
67016166,67_67399_5136977,145754,9/27/26,2026-2027,7:05 AM,0,2,0
67016166,67_67399_5136977,145756,10/3/26,2026-2027,7:15 AM,0,2,0
67016166,67_67399_5136977,145755,10/4/26,2026-2027,7:12 AM,0,2,0
67016166,67_67399_5136977,145753,10/10/26,2026-2027,7:01 AM,0,2,0
67016166,67_67399_5136977,145811,10/15/26,2026-2027,11:50 AM,0,2,0
67016166,67_67399_5136977,146381,12/2/26,2026-2027,2:06 PM,0,1,0
67016166,67_67399_5136977,146524,12/13/26,2026-2027,11:54 AM,0,1,0
67016173,67_67399_5136977,146353,11/22/26,2026-2027,11:03 AM,0,1,0
67016181,67_67399_5136977,146986,1/31/27,2026-2027,12:15 PM,0,0,1
67016181,67_67399_5136977,148297,5/2/27,2026-2027,11:30 PM,0,0,1
67016191,67_67399_5136977,148105,4/11/27,2026-2027,11:58 AM,0,0,1
67016194,67_67399_5136977,145908,10/22/26,2026-2027,2:58 PM,0,3,2
67016210,67_67399_5136977,146271,11/19/26,2026-2027,10:59 AM,0,0,0
67016210,67_67399_5136977,146612,1/7/27,2026-2027,8:47 AM,0,0,1
67016210,67_67399_5136977,147570,3/11/27,2026-2027,10:27 AM,0,0,0
67016211,67_67399_5136977,145487,9/18/26,2026-2027,7:50 PM,0,1,0
67016211,67_67399_5136977,145661,10/3/26,2026-2027,3:36 PM,0,1,0
67016211,67_67399_5136977,145800,10/14/26,2026-2027,3:08 PM,0,1,0
67016211,67_67399_5136977,146046,11/1/26,2026-2027,8:33 AM,1,0,1
67016211,67_67399_5136977,146562,12/16/26,2026-2027,2:10 PM,0,1,1
67016211,67_67399_5136977,146624,1/8/27,2026-2027,10:30 AM,0,0,1
67016217,67_67399_5136977,147726,3/19/27,2026-2027,12:42 PM,0,0,0
67016228,67_67399_5136977,147035,2/4/27,2026-2027,11:40 AM,0,1,0
67016230,67_67399_5136977,147850,3/26/27,2026-2027,1:22 PM,0,0,0
67016230,67_67399_5136977,147998,4/7/27,2026-2027,1:35 PM,0,0,2
67016230,67_67399_5136977,147996,4/7/27,2026-2027,1:10 PM,0,1,2
67016230,67_67399_5136977,147997,4/7/27,2026-2027,1:10 PM,0,1,2
67016230,67_67399_5136977,148183,4/17/27,2026-2027,10:07 AM,0,0,0
67016237,67_67399_5136977,145448,9/12/26,2026-2027,4:31 PM,0,1,0
67016241,67_67399_5136977,147152,2/11/27,2026-2027,11:50 AM,0,0,0
67016243,67_67399_5136977,145454,9/13/26,2026-2027,2:00 PM,0,0,0
67016243,67_67399_5136977,148473,5/14/27,2026-2027,12:40 PM,0,0,0
67016248,67_67399_5136977,148472,5/14/27,2026-2027,8:50 AM,0,0,1
67016250,67_67399_5136977,145560,9/25/26,2026-2027,3:57 PM,0,1,0
67016250,67_67399_5136977,147852,3/26/27,2026-2027,1:29 PM,0,1,0
67016250,67_67399_5136977,148483,5/15/27,2026-2027,12:39 PM,0,0,1
67016260,67_67399_5136977,146632,1/9/27,2026-2027,1:14 PM,0,0,0
67016271,67_67399_5136977,146161,11/9/26,2026-2027,3:05 PM,0,0,0
67016271,67_67399_5136977,147036,2/4/27,2026-2027,11:50 AM,0,1,0
67016274,67_67399_5136977,145663,10/3/26,2026-2027,3:45 PM,0,1,0
67016277,67_67399_5136977,147495,3/6/27,2026-2027,9:11 AM,0,0,1
67016283,67_67399_5136977,145662,10/3/26,2026-2027,3:40 PM,0,1,0
67016314,67_67399_5136977,148471,5/14/27,2026-2027,1:35 PM,0,0,0
67016317,67_67399_5136977,145708,10/3/26,2026-2027,10:00 AM,0,1,0
67016317,67_67399_5136977,145700,10/7/26,2026-2027,12:42 PM,0,0,1
67016317,67_67399_5136977,146000,10/25/26,2026-2027,12:30 PM,0,1,0
67016317,67_67399_5136977,145999,10/29/26,2026-2027,12:30 PM,0,1,0
67016317,67_67399_5136977,146061,10/30/26,2026-2027,12:30 PM,0,1,0
67016317,67_67399_5136977,146036,10/31/26,2026-2027,2:35 PM,0,0,1
67016317,67_67399_5136977,146064,11/1/26,2026-2027,11:45 AM,0,1,0
67016317,67_67399_5136977,146141,11/7/26,2026-2027,9:20 AM,0,2,2
67016317,67_67399_5136977,146246,11/15/26,2026-2027,8:09 AM,0,0,1
67016317,67_67399_5136977,146992,1/31/27,2026-2027,1:00 PM,0,1,0
67016317,67_67399_5136977,147442,2/21/27,2026-2027,2:00 PM,0,0,2
67016317,67_67399_5136977,147745,3/19/27,2026-2027,6:20 PM,0,1,1
67016373,67_67399_5136977,147780,3/21/27,2026-2027,2:32 PM,0,1,0
67016402,67_67399_5136977,145320,9/5/26,2026-2027,3:40 PM,0,0,1
67016402,67_67399_5136977,146165,11/8/26,2026-2027,1:00 PM,0,0,1
67016402,67_67399_5136977,147545,3/7/27,2026-2027,1:45 PM,0,1,0
67016402,67_67399_5136977,147939,4/2/27,2026-2027,1:40 PM,0,0,1
67016408,67_67399_5136977,147543,3/7/27,2026-2027,1:33 PM,0,1,1
67016419,67_67399_5136977,145689,10/4/26,2026-2027,12:55 PM,0,0,1
67016420,67_67399_5136977,145768,10/10/26,2026-2027,1:04 PM,0,2,0
67016420,67_67399_5136977,146420,12/4/26,2026-2027,1:53 PM,0,0,1
67016420,67_67399_5136977,146676,1/13/27,2026-2027,9:49 AM,0,1,1
67016420,67_67399_5136977,146712,1/15/27,2026-2027,1:05 PM,0,2,0
67016427,67_67399_5136977,146033,10/31/26,2026-2027,10:29 AM,0,0,0
67016428,67_67399_5136977,145319,9/5/26,2026-2027,3:33 PM,0,1,0
67016428,67_67399_5136977,145625,10/1/26,2026-2027,5:42 PM,0,1,0
67016428,67_67399_5136977,146163,11/8/26,2026-2027,1:00 PM,0,0,1
67016428,67_67399_5136977,146216,11/14/26,2026-2027,1:35 PM,0,0,1
67016440,67_67399_5136977,147872,3/27/27,2026-2027,11:21 AM,0,1,0
67016443,67_67399_5136977,145321,9/5/26,2026-2027,3:44 PM,0,0,1
67016450,67_67399_5136977,147287,2/20/27,2026-2027,2:16 PM,0,1,1
67016457,67_67399_5136977,148176,4/16/27,2026-2027,4:54 PM,0,1,1
67016466,67_67399_5136977,146164,11/8/26,2026-2027,1:00 PM,0,0,1
67016473,67_67399_5136977,146716,1/15/27,2026-2027,3:11 PM,0,1,1
67016488,67_67399_5136977,147458,3/4/27,2026-2027,8:00 AM,0,2,0
67016505,67_67399_5136977,146540,12/12/26,2026-2027,9:30 AM,0,1,0
67016505,67_67399_5136977,148448,5/13/27,2026-2027,1:22 PM,0,1,0
67016526,67_67399_5136977,148449,5/13/27,2026-2027,1:28 PM,0,1,0
67016556,67_67399_5136977,146071,11/4/26,2026-2027,11:37 AM,2,0,1
67016563,67_67399_5136979,145840,10/16/26,2026-2027,2:24 PM,0,1,0
67016565,67_67399_5136979,148211,4/28/27,2026-2027,1:51 PM,0,0,0
67016567,67_67399_5136979,147688,3/17/27,2026-2027,2:08 PM,0,1,0
67016568,67_67399_5136979,147058,2/5/27,2026-2027,2:32 PM,0,1,0
67016568,67_67399_5136979,148223,4/28/27,2026-2027,9:55 AM,0,1,0
67016571,67_67399_5136979,148364,5/7/27,2026-2027,2:32 PM,0,0,0
67016591,67_67399_5136979,148460,5/14/27,2026-2027,10:49 AM,0,1,0
67016596,67_67399_5136979,145875,10/17/26,2026-2027,10:36 AM,0,0,1
67016596,67_67399_5136979,145874,10/18/26,2026-2027,10:29 AM,1,0,2
67016596,67_67399_5136979,147387,2/26/27,2026-2027,2:17 PM,0,1,0
67016605,67_67399_5136979,147076,2/6/27,2026-2027,11:27 AM,0,1,0
67016609,67_67399_5136979,148492,5/15/27,2026-2027,2:16 PM,0,1,0
67016622,67_67399_5136979,147168,2/12/27,2026-2027,12:42 PM,0,0,0
67016631,67_67399_5136979,148658,5/29/27,2026-2027,1:06 PM,0,1,0
67016636,67_67399_5136979,147289,2/21/27,2026-2027,9:08 AM,0,1,0
67016653,67_67399_5136979,147636,3/13/27,2026-2027,2:50 PM,0,3,0
67016655,67_67399_5136979,146679,1/14/27,2026-2027,10:57 AM,0,0,1
67016655,67_67399_5136979,147207,2/13/27,2026-2027,2:50 PM,0,3,0
67016655,67_67399_5136979,148133,4/14/27,2026-2027,1:02 PM,1,0,1
67016659,67_67399_5136979,145688,10/4/26,2026-2027,3:57 PM,0,0,1
67016659,67_67399_5136979,145939,10/24/26,2026-2027,12:10 PM,0,0,1
67016662,67_67399_5136979,146052,11/1/26,2026-2027,12:54 PM,1,0,1
67016662,67_67399_5136979,148721,4/17/27,2026-2027,1:00 PM,0,1,1
67016662,67_67399_5136979,148287,5/1/27,2026-2027,2:50 PM,0,4,0
67016672,67_67399_5136979,148722,4/7/27,2026-2027,12:08 PM,0,0,1
67016675,67_67399_5136979,148365,5/7/27,2026-2027,2:40 PM,0,0,0
67016676,67_67399_5136979,147208,2/13/27,2026-2027,2:50 PM,0,3,0
67016677,67_67399_5136979,148585,5/21/27,2026-2027,2:50 PM,0,2,0
67016681,67_67399_5136979,145456,9/13/26,2026-2027,3:16 PM,0,0,1
67016681,67_67399_5136979,145643,10/2/26,2026-2027,10:15 AM,0,0,1
67016681,67_67399_5136979,146584,12/20/26,2026-2027,4:09 PM,0,2,0
67016681,67_67399_5136979,146717,1/15/27,2026-2027,3:26 PM,0,1,0
67016681,67_67399_5136979,148285,5/1/27,2026-2027,5:21 PM,0,3,0
67016686,67_67399_5136979,146160,11/8/26,2026-2027,4:10 PM,0,2,0
67016686,67_67399_5136979,148157,4/15/27,2026-2027,3:07 PM,0,2,0
67016690,67_67399_5136979,145935,10/24/26,2026-2027,12:42 PM,0,0,1
67016690,67_67399_5136979,147948,4/2/27,2026-2027,2:05 PM,0,0,1
67016690,67_67399_5136979,148584,5/21/27,2026-2027,2:50 PM,0,4,0
67016696,67_67399_5136979,147671,3/14/27,2026-2027,8:30 AM,0,2,0
67016696,67_67399_5136979,148288,5/1/27,2026-2027,2:50 PM,0,3,0
67016700,67_67399_5136979,148583,5/21/27,2026-2027,4:16 PM,0,2,0
67016701,67_67399_5136979,145686,10/4/26,2026-2027,10:00 AM,0,0,1
67016709,67_67399_5136979,145262,8/28/26,2026-2027,2:50 PM,0,0,1
67016709,67_67399_5136979,147444,3/3/27,2026-2027,12:15 PM,0,0,1
67016710,67_67399_5136979,148723,4/7/27,2026-2027,9:14 AM,0,0,1
67016711,67_67399_5136979,146611,1/7/27,2026-2027,5:33 PM,0,3,0
67016716,67_67399_5136979,148139,4/14/27,2026-2027,4:11 PM,0,2,0
67016717,67_67399_5136979,146295,11/20/26,2026-2027,10:51 AM,0,3,0
67016717,67_67399_5136979,146453,12/6/26,2026-2027,7:31 PM,0,4,0
67016717,67_67399_5136979,147209,2/13/27,2026-2027,3:00 PM,1,0,1
67016717,67_67399_5136979,147759,3/20/27,2026-2027,1:50 PM,0,4,0
67016717,67_67399_5136979,148286,5/1/27,2026-2027,2:50 PM,0,4,0
67016720,67_67399_5136979,147672,3/14/27,2026-2027,8:35 AM,0,1,0
67016727,67_67399_5136980,147230,2/14/27,2026-2027,1:57 PM,0,0,1
67016730,67_67399_5136980,147763,3/21/27,2026-2027,9:19 AM,0,2,0
67016731,67_67399_5136980,146428,12/5/26,2026-2027,10:39 AM,0,0,1
67016746,67_67399_5136980,145593,9/30/26,2026-2027,9:01 AM,0,1,0
67016746,67_67399_5136980,145805,10/15/26,2026-2027,8:53 AM,0,1,0
67016746,67_67399_5136980,145932,10/24/26,2026-2027,9:02 AM,0,1,0
67016746,67_67399_5136980,146067,11/4/26,2026-2027,9:19 AM,0,1,0
67016746,67_67399_5136980,146829,1/24/27,2026-2027,9:25 AM,0,1,0
67016746,67_67399_5136980,146945,1/30/27,2026-2027,10:32 AM,0,1,0
67016746,67_67399_5136980,147158,2/12/27,2026-2027,9:25 AM,0,1,0
67016746,67_67399_5136980,147186,2/13/27,2026-2027,9:26 AM,0,1,0
67016746,67_67399_5136980,147497,3/6/27,2026-2027,9:19 AM,0,1,0
67016746,67_67399_5136980,147531,3/7/27,2026-2027,8:54 AM,0,1,0
67016746,67_67399_5136980,147739,3/20/27,2026-2027,9:28 AM,0,0,1
67016746,67_67399_5136980,147834,3/26/27,2026-2027,8:24 AM,0,0,1
67016746,67_67399_5136980,147946,4/3/27,2026-2027,9:20 AM,0,0,1
67016747,67_67399_5136980,145785,10/11/26,2026-2027,9:59 AM,0,0,0
67016747,67_67399_5136980,148703,6/3/27,2026-2027,12:00 PM,0,0,1
67016750,67_67399_5136980,146509,12/12/26,2026-2027,11:56 AM,0,0,1
67016750,67_67399_5136980,146724,1/16/27,2026-2027,10:00 AM,0,0,1
67016751,67_67399_5136980,145376,9/10/26,2026-2027,10:07 AM,0,1,0
67016752,67_67399_5136980,145430,9/12/26,2026-2027,11:00 AM,0,1,0
67016752,67_67399_5136980,145424,9/12/26,2026-2027,10:30 AM,0,1,0
67016752,67_67399_5136980,146405,12/4/26,2026-2027,8:28 AM,0,1,0
67016752,67_67399_5136980,147910,4/1/27,2026-2027,9:04 AM,0,1,0
67016753,67_67399_5136980,147042,2/5/27,2026-2027,10:30 AM,0,1,0
67016753,67_67399_5136980,148103,4/11/27,2026-2027,11:58 AM,0,0,1
67016753,67_67399_5136980,148535,5/19/27,2026-2027,12:04 PM,0,1,0
67016759,67_67399_5136980,145179,8/22/26,2026-2027,3:00 PM,3,0,0
67016759,67_67399_5136980,145308,9/3/26,2026-2027,12:00 PM,0,0,0
67016761,67_67399_5136980,145576,9/26/26,2026-2027,1:20 PM,0,1,0
67016761,67_67399_5136980,145814,10/15/26,2026-2027,1:06 PM,0,2,0
67016761,67_67399_5136980,146482,12/11/26,2026-2027,8:45 AM,0,1,0
67016761,67_67399_5136980,146537,12/16/26,2026-2027,8:53 AM,0,1,0
67016761,67_67399_5136980,146770,1/21/27,2026-2027,11:22 AM,0,2,0
67016761,67_67399_5136980,147744,3/20/27,2026-2027,10:52 AM,0,1,0
67016765,67_67399_5136980,146654,1/13/27,2026-2027,10:30 AM,0,0,1
67016765,67_67399_5136980,147329,2/24/27,2026-2027,1:35 PM,0,1,0
67016765,67_67399_5136980,147475,3/5/27,2026-2027,10:55 AM,0,1,0
67016765,67_67399_5136980,147546,3/7/27,2026-2027,2:29 PM,0,1,0
67016765,67_67399_5136980,147865,3/27/27,2026-2027,10:12 AM,0,1,0
67016765,67_67399_5136980,148464,5/14/27,2026-2027,1:00 PM,0,1,0
67016765,67_67399_5136980,148519,5/16/27,2026-2027,12:00 PM,0,1,0
67016767,67_67399_5136980,148398,5/9/27,2026-2027,2:20 PM,0,1,0
67016769,67_67399_5136980,146811,1/23/27,2026-2027,11:36 AM,0,1,0
67016773,67_67399_5136980,145770,10/10/26,2026-2027,2:10 PM,0,0,0
67016775,67_67399_5136980,145821,10/14/26,2026-2027,9:00 AM,0,0,0
67016775,67_67399_5136980,146474,12/10/26,2026-2027,11:07 AM,0,0,1
67016777,67_67399_5136980,145178,8/22/26,2026-2027,10:20 AM,0,1,0
67016777,67_67399_5136980,145318,9/5/26,2026-2027,11:42 AM,0,1,0
67016777,67_67399_5136980,145425,9/12/26,2026-2027,10:31 AM,0,1,0
67016777,67_67399_5136980,145537,9/24/26,2026-2027,11:12 AM,0,0,1
67016777,67_67399_5136980,146254,11/18/26,2026-2027,2:02 PM,0,1,0
67016777,67_67399_5136980,148515,5/16/27,2026-2027,11:17 AM,0,2,0
67016780,67_67399_5136980,145483,9/18/26,2026-2027,12:20 PM,0,1,0
67016785,67_67399_5136980,146713,1/15/27,2026-2027,2:15 PM,0,0,1
67016785,67_67399_5136980,147055,2/5/27,2026-2027,1:52 PM,0,0,1
67016785,67_67399_5136980,147916,4/1/27,2026-2027,1:24 PM,0,1,1
67016785,67_67399_5136980,148104,4/11/27,2026-2027,12:02 PM,0,0,1
67016788,67_67399_5136980,146667,1/13/27,2026-2027,1:30 PM,0,1,0
67016788,67_67399_5136980,147262,2/19/27,2026-2027,12:00 PM,0,0,1
67016794,67_67399_5136980,148458,5/14/27,2026-2027,10:33 AM,0,0,1
67016798,67_67399_5136980,147549,3/10/27,2026-2027,10:57 AM,0,1,0
67016798,67_67399_5136980,147787,3/24/27,2026-2027,10:04 AM,0,0,1
67016799,67_67399_5136980,147227,2/14/27,2026-2027,1:28 PM,0,1,0
67016799,67_67399_5136980,148560,5/21/27,2026-2027,8:50 AM,0,2,0
67016805,67_67399_5136980,145735,10/9/26,2026-2027,12:23 PM,0,1,0
67016811,67_67399_5136980,146187,11/13/26,2026-2027,11:53 AM,0,3,0
67016811,67_67399_5136980,146196,11/13/26,2026-2027,1:44 PM,0,1,0
67016812,67_67399_5136980,146580,12/20/26,2026-2027,8:29 AM,0,0,1
67016812,67_67399_5136980,146600,1/7/27,2026-2027,11:00 AM,0,2,0
67016812,67_67399_5136980,146658,1/13/27,2026-2027,10:54 AM,0,0,1
67016812,67_67399_5136980,146898,1/29/27,2026-2027,9:33 AM,0,1,0
67016812,67_67399_5136980,147024,1/31/27,2026-2027,4:00 PM,2,0,0
67016812,67_67399_5136980,147750,3/20/27,2026-2027,1:51 PM,0,2,0
67016814,67_67399_5136980,145172,8/22/26,2026-2027,8:18 AM,0,1,0
67016814,67_67399_5136980,145266,8/29/26,2026-2027,2:00 PM,0,1,0
67016814,67_67399_5136980,145279,8/30/26,2026-2027,11:15 AM,0,1,0
67016814,67_67399_5136980,145286,8/30/26,2026-2027,1:59 PM,0,1,0
67016814,67_67399_5136980,145359,9/9/26,2026-2027,2:21 PM,0,1,0
67016814,67_67399_5136980,145514,9/20/26,2026-2027,2:29 PM,0,1,0
67016814,67_67399_5136980,145541,9/24/26,2026-2027,11:51 AM,0,0,1
67016814,67_67399_5136980,145559,9/25/26,2026-2027,2:46 PM,0,0,1
67016814,67_67399_5136980,145807,10/15/26,2026-2027,10:00 AM,0,1,0
67016814,67_67399_5136980,145991,10/29/26,2026-2027,1:37 PM,0,0,1
67016814,67_67399_5136980,146011,10/30/26,2026-2027,11:15 AM,0,0,1
67016814,67_67399_5136980,146230,11/15/26,2026-2027,10:54 AM,0,0,1
67016814,67_67399_5136980,146276,11/19/26,2026-2027,12:59 PM,0,0,1
67016814,67_67399_5136980,146430,12/5/26,2026-2027,11:33 AM,0,0,1
67016814,67_67399_5136980,146495,12/11/26,2026-2027,1:53 PM,0,0,1
67016814,67_67399_5136980,146511,12/12/26,2026-2027,12:06 PM,0,0,1
67016814,67_67399_5136980,146539,12/16/26,2026-2027,8:37 AM,0,2,1
67016814,67_67399_5136980,146766,1/17/27,2026-2027,1:20 PM,0,0,1
67016814,67_67399_5136980,147114,2/7/27,2026-2027,11:00 AM,0,0,1
67016814,67_67399_5136980,147109,2/7/27,2026-2027,10:01 AM,0,2,0
67016814,67_67399_5136980,147181,2/12/27,2026-2027,2:39 PM,0,2,0
67016814,67_67399_5136980,147533,3/7/27,2026-2027,9:12 AM,0,1,0
67016814,67_67399_5136980,147584,3/11/27,2026-2027,12:50 PM,0,1,0
67016814,67_67399_5136980,147595,3/11/27,2026-2027,12:00 PM,0,1,0
67016814,67_67399_5136980,147623,3/13/27,2026-2027,12:15 PM,0,1,0
67016814,67_67399_5136980,147800,3/24/27,2026-2027,11:34 PM,0,1,0
67016814,67_67399_5136980,147898,3/28/27,2026-2027,12:55 PM,0,0,0
67016814,67_67399_5136980,147899,3/28/27,2026-2027,1:50 PM,0,1,0
67016814,67_67399_5136980,147937,4/2/27,2026-2027,1:06 PM,0,0,0
67016814,67_67399_5136980,148006,4/7/27,2026-2027,12:00 PM,0,0,1
67016814,67_67399_5136980,148033,4/8/27,2026-2027,12:00 PM,0,0,0
67016814,67_67399_5136980,148264,4/16/27,2026-2027,4:00 PM,1,0,0
67016814,67_67399_5136980,148325,5/6/27,2026-2027,11:33 AM,0,0,1
67016814,67_67399_5136980,148347,5/7/27,2026-2027,9:51 AM,0,1,0
67016814,67_67399_5136980,148402,5/12/27,2026-2027,10:14 AM,0,0,1
67016814,67_67399_5136980,148410,5/12/27,2026-2027,1:30 PM,0,0,1
67016814,67_67399_5136980,148479,5/15/27,2026-2027,10:32 AM,0,1,0
67016814,67_67399_5136980,148533,5/19/27,2026-2027,11:55 AM,1,0,1
67016814,67_67399_5136980,148619,5/23/27,2026-2027,2:14 PM,0,1,1
67016816,67_67399_5136980,146100,11/6/26,2026-2027,11:10 AM,0,0,0
67016816,67_67399_5136980,146275,11/19/26,2026-2027,12:56 PM,0,0,1
67016816,67_67399_5136980,146908,1/29/27,2026-2027,10:57 AM,0,1,0
67016816,67_67399_5136980,147163,2/12/27,2026-2027,11:45 AM,0,1,0
67016816,67_67399_5136980,147796,3/24/27,2026-2027,1:15 PM,0,1,0
67016816,67_67399_5136980,148423,5/12/27,2026-2027,1:52 PM,0,1,0
67016817,67_67399_5136980,147901,3/28/27,2026-2027,1:48 PM,0,1,0
67016817,67_67399_5136980,148005,4/7/27,2026-2027,12:00 PM,0,1,0
67016818,67_67399_5136980,146617,1/8/27,2026-2027,10:22 AM,0,0,0
67016823,67_67399_5136980,146820,1/23/27,2026-2027,2:12 PM,0,1,0
67016825,67_67399_5136980,146025,10/31/26,2026-2027,10:44 AM,0,0,1
67016825,67_67399_5136980,146666,1/13/27,2026-2027,1:30 PM,0,1,0
67016825,67_67399_5136980,147843,3/26/27,2026-2027,11:50 AM,0,2,0
67016825,67_67399_5136980,148077,4/10/27,2026-2027,10:45 AM,0,1,0
67016825,67_67399_5136980,148232,4/28/27,2026-2027,1:07 PM,2,0,0
67016826,67_67399_5136980,147127,2/7/27,2026-2027,3:21 PM,0,0,0
67016829,67_67399_5136980,146880,1/28/27,2026-2027,11:27 AM,0,1,0
67016830,67_67399_5136980,145426,9/12/26,2026-2027,10:20 AM,0,1,0
67016830,67_67399_5136980,145463,9/16/26,2026-2027,12:30 AM,0,1,0
67016830,67_67399_5136980,145511,9/20/26,2026-2027,1:31 PM,0,0,1
67016830,67_67399_5136980,145558,9/25/26,2026-2027,2:42 PM,0,0,1
67016830,67_67399_5136980,146265,11/19/26,2026-2027,9:47 AM,0,0,1
67016830,67_67399_5136980,146483,12/11/26,2026-2027,8:55 AM,0,0,1
67016830,67_67399_5136980,146640,1/9/27,2026-2027,2:29 PM,0,1,0
67016830,67_67399_5136980,146657,1/13/27,2026-2027,10:51 AM,0,0,1
67016830,67_67399_5136980,147107,2/6/27,2026-2027,4:00 PM,0,0,0
67016830,67_67399_5136980,147422,3/3/27,2026-2027,8:30 AM,0,1,0
67016830,67_67399_5136980,147608,3/12/27,2026-2027,2:44 PM,0,1,1
67016830,67_67399_5136980,147662,3/14/27,2026-2027,1:51 PM,0,2,0
67016830,67_67399_5136980,147690,3/17/27,2026-2027,3:59 PM,0,0,1
67016830,67_67399_5136980,147762,3/21/27,2026-2027,9:02 AM,0,0,1
67016830,67_67399_5136980,148476,5/15/27,2026-2027,10:29 AM,0,1,1
67016830,67_67399_5136980,148510,5/16/27,2026-2027,9:58 AM,0,0,1
67016830,67_67399_5136980,148527,5/19/27,2026-2027,8:44 AM,0,0,1
67016830,67_67399_5136980,148636,5/27/27,2026-2027,11:56 AM,0,2,0
67016833,67_67399_5136980,147017,1/31/27,2026-2027,4:00 PM,2,0,0
67016839,67_67399_5136980,145653,10/3/26,2026-2027,12:00 PM,0,1,0
67016839,67_67399_5136980,145680,10/4/26,2026-2027,11:00 AM,0,0,0
67016839,67_67399_5136980,146142,11/8/26,2026-2027,9:40 AM,0,2,0
67016839,67_67399_5136980,146485,12/11/26,2026-2027,9:11 AM,0,1,0
67016839,67_67399_5136980,146655,1/13/27,2026-2027,10:41 AM,0,0,1
67016839,67_67399_5136980,148046,4/9/27,2026-2027,9:40 AM,2,0,0
67016841,67_67399_5136980,145702,10/7/26,2026-2027,1:04 PM,0,1,0
67016841,67_67399_5136980,147301,2/21/27,2026-2027,11:45 AM,0,0,0
67016850,67_67399_5136980,145798,10/14/26,2026-2027,1:11 PM,0,0,0
67016853,67_67399_5136980,145931,10/24/26,2026-2027,8:58 AM,0,1,0
67016859,67_67399_5136980,146814,1/23/27,2026-2027,11:53 AM,0,1,0
67016870,67_67399_5136980,146619,1/8/27,2026-2027,1:25 PM,0,1,0
67016870,67_67399_5136980,146645,1/10/27,2026-2027,11:09 AM,0,0,1
67016870,67_67399_5136980,146779,1/22/27,2026-2027,1:31 PM,0,3,0
67016870,67_67399_5136980,147219,2/14/27,2026-2027,11:18 AM,0,1,0
67016870,67_67399_5136980,147320,2/24/27,2026-2027,10:10 AM,0,1,0
67016870,67_67399_5136980,147651,3/14/27,2026-2027,10:55 AM,0,0,1
67016870,67_67399_5136980,147824,3/25/27,2026-2027,1:18 PM,0,0,1
67016870,67_67399_5136980,147935,4/2/27,2026-2027,1:15 PM,0,0,1
67016876,67_67399_5136980,146447,12/6/26,2026-2027,1:51 PM,0,1,0
67016876,67_67399_5136980,148444,5/13/27,2026-2027,12:50 PM,0,1,0
67016879,67_67399_5136980,145378,9/10/26,2026-2027,10:20 AM,0,1,0
67016879,67_67399_5136980,145850,10/17/26,2026-2027,10:02 AM,0,1,0
67016879,67_67399_5136980,146875,1/28/27,2026-2027,10:55 AM,0,1,0
67016879,67_67399_5136980,147476,3/5/27,2026-2027,10:57 AM,0,1,0
67016879,67_67399_5136980,148026,4/8/27,2026-2027,10:38 AM,0,1,0
67016884,67_67399_5136980,147074,1/29/27,2026-2027,11:00 AM,0,1,1
67016886,67_67399_5136980,146518,12/12/26,2026-2027,2:55 PM,0,1,0
67016886,67_67399_5136980,147362,2/25/27,2026-2027,1:07 PM,0,1,0
67016886,67_67399_5136980,147448,3/4/27,2026-2027,8:34 AM,0,1,0
67016886,67_67399_5136980,147911,4/1/27,2026-2027,9:05 AM,0,1,0
67016886,67_67399_5136980,148457,5/14/27,2026-2027,10:35 AM,0,1,0
67016886,67_67399_5136980,148506,5/16/27,2026-2027,8:58 AM,0,1,0
67016890,67_67399_5136980,147153,2/11/27,2026-2027,1:35 PM,0,0,0
67016900,67_67399_5136980,147128,2/7/27,2026-2027,10:00 AM,0,0,0
67016916,67_67399_5136980,145550,9/25/26,2026-2027,8:21 AM,0,1,0
67016916,67_67399_5136980,146441,12/6/26,2026-2027,9:48 AM,0,0,1
67016916,67_67399_5136980,146848,1/24/27,2026-2027,12:16 PM,0,0,1
67016916,67_67399_5136980,147005,2/3/27,2026-2027,2:32 PM,0,0,0
67016919,67_67399_5136980,146253,11/18/26,2026-2027,11:58 AM,0,1,0
67016919,67_67399_5136980,147944,4/3/27,2026-2027,8:57 AM,0,1,0
67016919,67_67399_5136980,148108,4/11/27,2026-2027,1:20 PM,0,1,0
67016919,67_67399_5136980,148546,5/20/27,2026-2027,9:54 AM,0,1,0
67016922,67_67399_5136980,145311,8/28/26,2026-2027,12:00 PM,2,0,0
67016924,67_67399_5136980,145734,10/9/26,2026-2027,12:01 PM,0,1,0
67016924,67_67399_5136980,147145,2/7/27,2026-2027,11:39 AM,0,0,0
67016932,67_67399_5136980,145435,9/12/26,2026-2027,1:10 PM,0,1,0
67016932,67_67399_5136980,145577,9/26/26,2026-2027,1:20 PM,0,1,0
67016932,67_67399_5136980,146653,1/13/27,2026-2027,10:27 AM,0,0,1
67016932,67_67399_5136980,147423,3/3/27,2026-2027,8:33 AM,0,1,0
67016932,67_67399_5136980,147561,3/11/27,2026-2027,8:08 AM,0,1,0
67016932,67_67399_5136980,148509,5/16/27,2026-2027,9:55 AM,0,0,1
67016933,67_67399_5136980,148031,4/8/27,2026-2027,11:48 AM,0,1,0
67016944,67_67399_5136980,148390,5/9/27,2026-2027,10:30 AM,0,1,0
67016945,67_67399_5136980,146210,11/14/26,2026-2027,11:10 AM,0,2,0
67016945,67_67399_5136980,146595,1/6/27,2026-2027,2:39 PM,0,2,0
67016947,67_67399_5136980,148269,5/1/27,2026-2027,11:14 AM,0,1,0
67016949,67_67399_5136980,145979,10/29/26,2026-2027,10:52 AM,0,0,1
67016950,67_67399_5136980,145464,9/16/26,2026-2027,12:30 PM,0,1,0
67016950,67_67399_5136980,146991,1/31/27,2026-2027,2:00 PM,0,0,1
67016985,67_67399_5136980,147010,2/4/27,2026-2027,8:36 AM,0,1,0
67016986,67_67399_5136980,145914,10/23/26,2026-2027,11:56 AM,0,2,0
67016986,67_67399_5136980,148096,4/11/27,2026-2027,10:16 AM,0,0,1
67016988,67_67399_5136980,145690,10/4/26,2026-2027,10:54 AM,0,1,0
67016988,67_67399_5136980,146710,1/15/27,2026-2027,1:23 PM,0,0,1
67016989,67_67399_5136980,146926,1/29/27,2026-2027,1:36 PM,0,1,0
67016990,67_67399_5136980,147942,4/2/27,2026-2027,2:29 PM,0,0,1
67016996,67_67399_5136980,146733,1/16/27,2026-2027,11:59 AM,0,1,0
67016996,67_67399_5136980,147265,2/19/27,2026-2027,1:35 PM,0,1,0
67016996,67_67399_5136980,147678,3/17/27,2026-2027,11:37 AM,0,2,0
67016999,67_67399_5136980,145375,9/10/26,2026-2027,10:06 AM,0,1,0
67016999,67_67399_5136980,146557,12/17/26,2026-2027,11:48 AM,0,2,0
67016999,67_67399_5136980,146665,1/13/27,2026-2027,1:57 PM,0,1,0
67016999,67_67399_5136980,146702,1/15/27,2026-2027,10:03 AM,0,2,0
67016999,67_67399_5136980,148296,5/2/27,2026-2027,1:17 PM,0,2,0
67016999,67_67399_5136980,148540,5/19/27,2026-2027,2:30 PM,0,2,0
67016999,67_67399_5136980,148565,5/21/27,2026-2027,10:15 AM,0,1,1
67017011,67_67399_5136980,145535,9/23/26,2026-2027,3:32 PM,0,0,1
67017011,67_67399_5136980,145693,10/7/26,2026-2027,10:22 AM,0,0,1
67017011,67_67399_5136980,146226,11/15/26,2026-2027,9:46 AM,0,1,0
67017011,67_67399_5136980,146390,12/3/26,2026-2027,8:35 AM,0,1,0
67017011,67_67399_5136980,146559,12/17/26,2026-2027,1:31 PM,0,0,1
67017011,67_67399_5136980,147143,2/11/27,2026-2027,11:17 AM,0,1,0
67017011,67_67399_5136980,147173,2/12/27,2026-2027,1:00 PM,0,0,1
67017011,67_67399_5136980,148250,4/30/27,2026-2027,12:12 PM,0,1,0
67017011,67_67399_5136980,148413,5/12/27,2026-2027,1:39 PM,0,0,1
67017011,67_67399_5136980,148534,5/19/27,2026-2027,12:00 PM,0,0,1
67017011,67_67399_5136980,148566,5/21/27,2026-2027,10:42 AM,0,1,0
67017012,67_67399_5136980,145184,8/23/26,2026-2027,1:15 PM,0,1,0
67017012,67_67399_5136980,147164,2/12/27,2026-2027,12:03 PM,0,1,0
67017014,67_67399_5136980,145236,8/28/26,2026-2027,1:00 PM,0,0,0
67017015,67_67399_5136980,147703,3/18/27,2026-2027,1:12 PM,0,0,0
67017015,67_67399_5136980,148009,4/7/27,2026-2027,2:56 PM,0,1,0
67017015,67_67399_5136980,148020,4/8/27,2026-2027,9:31 AM,0,0,1
67017019,67_67399_5136980,145588,9/27/26,2026-2027,1:56 PM,0,1,0
67017019,67_67399_5136980,146656,1/13/27,2026-2027,10:44 AM,0,0,1
67017019,67_67399_5136980,148477,5/15/27,2026-2027,10:32 AM,0,1,0
67017019,67_67399_5136980,148478,5/15/27,2026-2027,10:34 AM,0,0,1
67017019,67_67399_5136980,148528,5/19/27,2026-2027,9:24 AM,0,1,0
67017022,67_67399_5136980,147363,2/25/27,2026-2027,1:11 PM,0,1,0
67017023,67_67399_5136980,147578,3/11/27,2026-2027,12:53 PM,0,0,1
67017026,67_67399_5136980,146227,11/15/26,2026-2027,9:52 AM,0,2,0
67017032,67_67399_5136980,145297,8/28/26,2026-2027,12:00 PM,2,0,0
67017032,67_67399_5136980,145596,9/30/26,2026-2027,11:42 AM,0,1,0
67017032,67_67399_5136980,148265,5/1/27,2026-2027,10:30 AM,0,1,0
67017032,67_67399_5136980,148660,5/29/27,2026-2027,11:30 AM,0,0,0
67017035,67_67399_5136980,146877,1/27/27,2026-2027,11:00 AM,0,1,0
67017038,67_67399_5136980,145417,9/12/26,2026-2027,8:20 AM,0,0,1
67017038,67_67399_5136980,145912,10/23/26,2026-2027,11:23 AM,0,1,0
67017039,67_67399_5136980,146937,1/29/27,2026-2027,12:10 PM,0,0,0
67017040,67_67399_5136980,147147,2/11/27,2026-2027,12:15 PM,0,1,0
67017054,67_67399_5136980,148613,5/23/27,2026-2027,11:35 AM,0,0,1
67017070,67_67399_5136980,146218,11/14/26,2026-2027,1:35 PM,0,1,0
67017070,67_67399_5136980,147508,3/6/27,2026-2027,12:01 PM,0,1,0
67017070,67_67399_5136980,147554,3/10/27,2026-2027,11:51 AM,0,1,0
67017070,67_67399_5136980,147650,3/14/27,2026-2027,10:52 AM,0,0,1
67017070,67_67399_5136980,148099,4/11/27,2026-2027,10:42 AM,0,1,0
67017070,67_67399_5136980,148098,4/11/27,2026-2027,10:42 AM,0,1,0
67017073,67_67399_5136980,145347,9/6/26,2026-2027,1:15 PM,0,1,0
67017073,67_67399_5136980,148280,5/1/27,2026-2027,2:29 PM,0,1,0
67017074,67_67399_5136980,147618,3/13/27,2026-2027,10:23 AM,0,2,0
67017075,67_67399_5136980,145349,9/6/26,2026-2027,2:07 PM,0,1,0
67017075,67_67399_5136980,145903,10/22/26,2026-2027,12:24 PM,0,0,1
67017075,67_67399_5136980,146628,1/9/27,2026-2027,11:01 AM,0,1,0
67017075,67_67399_5136980,147279,2/20/27,2026-2027,11:07 AM,0,0,1
67017077,67_67399_5136980,146896,1/27/27,2026-2027,11:00 AM,0,1,0
67017077,67_67399_5136980,148268,4/16/27,2026-2027,4:00 PM,0,0,1
67017082,67_67399_5136980,146995,2/3/27,2026-2027,10:19 AM,0,1,0
67017082,67_67399_5136980,147296,2/21/27,2026-2027,11:10 AM,0,2,0
67017082,67_67399_5136980,147840,3/26/27,2026-2027,11:26 AM,0,0,1
67017086,67_67399_5136980,148480,5/15/27,2026-2027,10:38 AM,0,1,0
67017089,67_67399_5136980,147794,3/24/27,2026-2027,12:00 PM,0,1,0
67017092,67_67399_5136980,145325,8/21/26,2026-2027,10:15 AM,0,0,1
67017092,67_67399_5136980,145175,8/22/26,2026-2027,12:48 PM,0,1,0
67017092,67_67399_5136980,145326,8/22/26,2026-2027,10:00 AM,0,0,1
67017092,67_67399_5136980,145186,8/23/26,2026-2027,12:00 PM,3,0,0
67017092,67_67399_5136980,145306,9/4/26,2026-2027,2:18 PM,0,3,0
67017092,67_67399_5136980,145324,9/4/26,2026-2027,2:35 PM,0,0,1
67017092,67_67399_5136980,145322,9/5/26,2026-2027,12:50 PM,0,0,1
67017092,67_67399_5136980,145333,9/5/26,2026-2027,1:00 PM,0,0,1
67017092,67_67399_5136980,145335,9/5/26,2026-2027,2:00 PM,0,0,0
67017092,67_67399_5136980,145407,9/11/26,2026-2027,12:19 PM,0,1,0
67017092,67_67399_5136980,145498,9/19/26,2026-2027,12:45 PM,0,1,0
67017092,67_67399_5136980,145534,9/24/26,2026-2027,8:21 AM,0,0,1
67017092,67_67399_5136980,145566,9/26/26,2026-2027,9:59 AM,0,1,0
67017092,67_67399_5136980,145587,9/27/26,2026-2027,1:48 PM,0,2,0
67017092,67_67399_5136980,145605,9/30/26,2026-2027,1:30 AM,1,0,0
67017092,67_67399_5136980,145641,10/2/26,2026-2027,12:30 PM,0,1,0
67017095,67_67399_5136980,146043,11/1/26,2026-2027,10:15 AM,0,2,0
67017095,67_67399_5136980,146711,1/15/27,2026-2027,1:29 PM,0,1,0
67017097,67_67399_5136980,147945,4/3/27,2026-2027,9:11 AM,0,0,0
67017098,67_67399_5136980,145611,10/1/26,2026-2027,10:54 AM,0,0,1
67017098,67_67399_5136980,145919,10/23/26,2026-2027,1:39 PM,0,1,0
67017098,67_67399_5136980,145946,10/25/26,2026-2027,9:21 AM,0,1,1
67017098,67_67399_5136980,145986,10/29/26,2026-2027,1:05 PM,0,0,0
67017098,67_67399_5136980,146002,10/30/26,2026-2027,8:33 AM,0,1,0
67017098,67_67399_5136980,146111,11/6/26,2026-2027,1:50 PM,0,0,1
67017098,67_67399_5136980,146137,11/7/26,2026-2027,12:30 PM,0,1,0
67017098,67_67399_5136980,146342,11/21/26,2026-2027,3:08 PM,0,0,1
67017098,67_67399_5136980,146363,11/22/26,2026-2027,2:52 PM,0,1,0
67017098,67_67399_5136980,146409,12/4/26,2026-2027,10:36 AM,0,1,0
67017098,67_67399_5136980,146470,12/9/26,2026-2027,1:18 PM,0,1,0
67017098,67_67399_5136980,146494,12/11/26,2026-2027,1:37 PM,0,1,0
67017098,67_67399_5136980,146521,12/13/26,2026-2027,8:42 AM,0,1,0
67017098,67_67399_5136980,146648,1/10/27,2026-2027,1:11 PM,0,2,0
67017098,67_67399_5136980,146719,1/15/27,2026-2027,2:00 PM,0,0,0
67017098,67_67399_5136980,146703,1/15/27,2026-2027,10:07 AM,0,1,0
67017098,67_67399_5136980,146699,1/15/27,2026-2027,9:13 AM,0,1,0
67017098,67_67399_5136980,146720,1/15/27,2026-2027,2:00 PM,0,0,0
67017098,67_67399_5136980,146732,1/16/27,2026-2027,10:00 AM,0,0,0
67017098,67_67399_5136980,146751,1/16/27,2026-2027,1:30 PM,0,0,1
67017098,67_67399_5136980,146767,1/16/27,2026-2027,2:00 PM,1,0,1
67017098,67_67399_5136980,146745,1/16/27,2026-2027,2:51 PM,0,1,0
67017098,67_67399_5136980,146833,1/24/27,2026-2027,10:34 AM,0,1,0
67017098,67_67399_5136980,146902,1/29/27,2026-2027,9:45 AM,0,0,1
67017098,67_67399_5136980,146950,1/30/27,2026-2027,1:17 PM,0,1,0
67017098,67_67399_5136980,147009,2/3/27,2026-2027,6:11 PM,0,0,1
67017098,67_67399_5136980,146993,2/3/27,2026-2027,9:08 AM,0,2,0
67017098,67_67399_5136980,147124,2/7/27,2026-2027,1:00 PM,0,1,0
67017098,67_67399_5136980,147157,2/12/27,2026-2027,8:55 AM,0,1,0
67017098,67_67399_5136980,147171,2/12/27,2026-2027,1:31 PM,0,0,1
67017098,67_67399_5136980,147551,3/10/27,2026-2027,11:07 AM,0,1,0
67017098,67_67399_5136980,147696,3/18/27,2026-2027,9:45 AM,0,1,0
67017098,67_67399_5136980,147766,3/21/27,2026-2027,10:17 AM,0,1,0
67017098,67_67399_5136980,147822,3/25/27,2026-2027,12:42 PM,0,0,1
67017098,67_67399_5136980,147836,3/26/27,2026-2027,9:45 AM,0,0,1
67017098,67_67399_5136980,147897,3/28/27,2026-2027,1:21 PM,0,1,0
67017098,67_67399_5136980,148348,5/7/27,2026-2027,9:59 AM,0,1,0
67017098,67_67399_5136980,148608,5/23/27,2026-2027,10:57 AM,0,0,1
67017099,67_67399_5136980,147315,2/20/27,2026-2027,11:32 AM,0,0,1
67017103,67_67399_5136980,147571,3/11/27,2026-2027,10:30 AM,0,0,0
67017104,67_67399_5136980,147037,2/5/27,2026-2027,8:46 AM,0,1,1
67017104,67_67399_5136980,147704,3/18/27,2026-2027,1:31 PM,0,1,0
67017105,67_67399_5136980,148209,4/28/27,2026-2027,1:21 PM,0,1,0
67017106,67_67399_5136980,146536,12/16/26,2026-2027,8:39 AM,0,1,0
67017106,67_67399_5136980,146920,1/29/27,2026-2027,12:58 PM,0,0,1
67017109,67_67399_5136980,146488,12/11/26,2026-2027,10:35 AM,0,1,0
67017112,67_67399_5136980,146816,1/23/27,2026-2027,12:30 PM,0,1,0
67017113,67_67399_5136980,147067,2/6/27,2026-2027,8:55 AM,0,1,0
67017113,67_67399_5136980,147159,2/12/27,2026-2027,9:23 AM,0,1,0
67017113,67_67399_5136980,147714,3/18/27,2026-2027,10:37 AM,0,1,0
67017119,67_67399_5136980,145965,10/28/26,2026-2027,12:26 PM,0,1,0
67017119,67_67399_5136980,148351,5/7/27,2026-2027,10:40 AM,0,1,0
67017129,67_67399_5136980,146493,12/11/26,2026-2027,1:36 PM,0,1,0
67017130,67_67399_5136980,147506,3/6/27,2026-2027,11:31 AM,0,0,1
67017133,67_67399_5136980,145563,9/26/26,2026-2027,8:33 AM,0,1,0
67017133,67_67399_5136980,148129,4/14/27,2026-2027,12:50 PM,0,1,0
67017134,67_67399_5136980,145215,8/27/26,2026-2027,12:30 PM,0,1,0
67017134,67_67399_5136980,147311,2/21/27,2026-2027,1:56 PM,0,1,0
67017134,67_67399_5136980,147469,3/5/27,2026-2027,8:57 AM,0,1,0
67017134,67_67399_5136980,147567,3/11/27,2026-2027,10:04 AM,0,1,0
67017134,67_67399_5136980,147568,3/11/27,2026-2027,10:04 AM,0,1,0
67017135,67_67399_5136980,146432,12/5/26,2026-2027,12:42 PM,0,1,0
67017135,67_67399_5136980,146478,12/10/26,2026-2027,12:53 PM,0,0,0
67017135,67_67399_5136980,146542,12/16/26,2026-2027,10:19 AM,0,0,1
67017135,67_67399_5136980,146550,12/17/26,2026-2027,9:34 AM,0,0,1
67017135,67_67399_5136980,146686,1/14/27,2026-2027,11:00 AM,0,1,0
67017135,67_67399_5136980,146837,1/24/27,2026-2027,11:02 AM,0,0,1
67017135,67_67399_5136980,146889,1/28/27,2026-2027,1:17 PM,0,1,0
67017135,67_67399_5136980,147712,3/19/27,2026-2027,9:44 AM,0,1,0
67017137,67_67399_5136980,145181,8/23/26,2026-2027,8:10 AM,0,0,0
67017137,67_67399_5136980,146376,11/21/26,2026-2027,4:16 PM,0,0,0
67017141,67_67399_5136980,145370,9/10/26,2026-2027,8:03 AM,0,1,0
67017141,67_67399_5136980,145416,9/12/26,2026-2027,8:06 AM,0,1,0
67017141,67_67399_5136980,146404,11/21/26,2026-2027,4:34 PM,0,0,0
67017147,67_67399_5136980,146146,11/8/26,2026-2027,11:29 AM,0,1,0
67017147,67_67399_5136980,146900,1/29/27,2026-2027,10:11 AM,0,0,1
67017147,67_67399_5136980,147924,4/2/27,2026-2027,9:27 AM,0,1,0
67017147,67_67399_5136980,148118,4/14/27,2026-2027,9:07 AM,0,1,0
67017151,67_67399_5136980,146496,12/11/26,2026-2027,1:55 PM,0,1,0
67017151,67_67399_5136980,147172,2/12/27,2026-2027,1:33 PM,0,0,1
67017151,67_67399_5136980,147297,2/21/27,2026-2027,11:26 AM,0,1,0
67017151,67_67399_5136980,148120,4/14/27,2026-2027,11:03 AM,0,1,0
67017151,67_67399_5136980,148327,5/6/27,2026-2027,12:00 PM,0,1,0
67017151,67_67399_5136980,148648,5/28/27,2026-2027,10:59 AM,0,1,0
67017160,67_67399_5136980,145642,10/2/26,2026-2027,2:30 PM,0,1,0
67017160,67_67399_5136980,145896,10/22/26,2026-2027,9:56 AM,0,2,0
67017160,67_67399_5136980,146456,12/9/26,2026-2027,9:50 AM,0,1,0
67017160,67_67399_5136980,147068,2/6/27,2026-2027,9:02 AM,0,1,0
67017160,67_67399_5136980,147104,2/7/27,2026-2027,8:22 AM,0,0,1
67017160,67_67399_5136980,147130,2/11/27,2026-2027,8:26 AM,0,1,1
67017166,67_67399_5136980,146659,1/13/27,2026-2027,10:57 AM,0,0,1
67017166,67_67399_5136980,146910,1/29/27,2026-2027,11:03 AM,0,0,1
67017173,67_67399_5136980,145410,9/11/26,2026-2027,1:33 PM,0,1,0
67017173,67_67399_5136980,146128,11/7/26,2026-2027,1:58 PM,0,0,1
67017173,67_67399_5136980,146345,11/21/26,2026-2027,4:34 PM,0,0,0
67017173,67_67399_5136980,146620,1/8/27,2026-2027,2:35 PM,0,1,0
67017173,67_67399_5136980,146662,1/13/27,2026-2027,12:56 PM,0,1,0
67017173,67_67399_5136980,146738,1/16/27,2026-2027,1:24 PM,0,2,0
67017173,67_67399_5136980,147622,3/13/27,2026-2027,1:18 PM,0,0,1
67017173,67_67399_5136980,147849,3/26/27,2026-2027,1:19 PM,0,0,1
67017173,67_67399_5136980,147896,3/28/27,2026-2027,12:38 PM,0,0,1
67017173,67_67399_5136980,148016,4/8/27,2026-2027,9:10 AM,0,0,1
67017173,67_67399_5136980,148258,4/30/27,2026-2027,2:11 PM,0,1,0
67017173,67_67399_5136980,148620,5/23/27,2026-2027,12:30 PM,0,0,1
67017174,67_67399_5136980,145492,9/19/26,2026-2027,12:04 PM,0,0,0
67017174,67_67399_5136980,146440,12/5/26,2026-2027,2:32 PM,0,1,0
67017174,67_67399_5136980,146741,1/16/27,2026-2027,12:30 PM,0,1,0
67017174,67_67399_5136980,146827,1/24/27,2026-2027,8:15 AM,0,0,1
67017174,67_67399_5136980,147383,2/26/27,2026-2027,12:50 PM,0,1,0
67017174,67_67399_5136980,147550,3/10/27,2026-2027,11:07 AM,0,1,0
67017174,67_67399_5136980,148079,4/10/27,2026-2027,11:22 AM,0,1,0
67017174,67_67399_5136980,148106,4/11/27,2026-2027,12:12 PM,0,1,0
67017174,67_67399_5136980,148151,4/15/27,2026-2027,11:54 AM,0,1,0
67017175,67_67399_5136980,145890,10/21/26,2026-2027,2:00 PM,0,1,0
67017178,67_67399_5136980,145409,9/11/26,2026-2027,1:27 PM,0,1,0
67017178,67_67399_5136980,145685,10/4/26,2026-2027,1:45 PM,0,1,0
67017178,67_67399_5136980,146434,12/5/26,2026-2027,1:01 PM,0,1,0
67017178,67_67399_5136980,146850,1/24/27,2026-2027,12:31 PM,0,1,0
67017178,67_67399_5136980,146943,1/30/27,2026-2027,9:45 AM,0,0,0
67017181,67_67399_5136980,146433,12/5/26,2026-2027,12:58 PM,0,1,0
67017181,67_67399_5136980,147481,3/3/27,2026-2027,10:00 AM,0,0,1
67017188,67_67399_5136980,147247,2/18/27,2026-2027,10:37 AM,0,0,1
67017190,67_67399_5136980,145655,10/3/26,2026-2027,1:10 PM,0,0,1
67017191,67_67399_5136980,146512,12/12/26,2026-2027,12:40 PM,0,1,0
67017196,67_67399_5136980,146723,1/16/27,2026-2027,9:45 AM,0,1,0
67017197,67_67399_5136980,145597,9/30/26,2026-2027,12:29 PM,0,1,0
67017197,67_67399_5136980,146868,1/28/27,2026-2027,10:02 AM,0,1,0
67017199,67_67399_5136980,147857,3/26/27,2026-2027,11:17 AM,0,1,0
67017200,67_67399_5136980,146528,12/13/26,2026-2027,1:51 PM,0,1,0
67017201,67_67399_5136980,145437,9/12/26,2026-2027,1:22 PM,0,1,0
67017208,67_67399_5136980,146290,11/20/26,2026-2027,9:17 AM,0,1,0
67017208,67_67399_5136980,147140,2/11/27,2026-2027,10:53 AM,0,0,1
67017210,67_67399_5136980,147149,2/11/27,2026-2027,12:16 PM,0,0,1
67017223,67_67399_5136980,146084,11/5/26,2026-2027,1:02 PM,0,1,0
67017227,67_67399_5136980,145974,10/29/26,2026-2027,8:30 AM,0,1,0
67017228,67_67399_5136980,146871,1/28/27,2026-2027,10:20 AM,0,1,0
67017228,67_67399_5136980,146872,1/28/27,2026-2027,10:20 AM,0,1,0
67017229,67_67399_5136980,145747,10/9/26,2026-2027,2:28 PM,0,1,0
67017230,67_67399_5136980,146122,11/7/26,2026-2027,12:52 PM,0,0,1
67017230,67_67399_5136980,146579,12/19/26,2026-2027,1:28 PM,0,1,0
67017230,67_67399_5136980,147364,2/25/27,2026-2027,1:19 PM,0,0,1
67017230,67_67399_5136980,147779,3/21/27,2026-2027,2:30 PM,0,1,0
67017230,67_67399_5136980,147893,3/28/27,2026-2027,12:00 PM,0,0,1
67017234,67_67399_5136980,146734,1/16/27,2026-2027,12:44 PM,0,1,0
67017234,67_67399_5136980,147099,2/6/27,2026-2027,2:50 PM,0,1,0
67017234,67_67399_5136980,147530,3/7/27,2026-2027,8:17 AM,0,1,0
67017234,67_67399_5136980,147878,3/27/27,2026-2027,12:28 PM,0,1,0
67017234,67_67399_5136980,147870,3/27/27,2026-2027,11:00 AM,0,0,1
67017234,67_67399_5136980,147968,4/3/27,2026-2027,1:46 PM,0,1,0
67017234,67_67399_5136980,148282,5/1/27,2026-2027,12:40 PM,0,1,0
67017234,67_67399_5136980,148357,5/7/27,2026-2027,12:41 PM,0,1,0
67017234,67_67399_5136980,148406,5/12/27,2026-2027,11:08 AM,0,1,0
67017234,67_67399_5136980,148532,5/19/27,2026-2027,11:03 AM,0,0,1
67017235,67_67399_5136980,147339,2/24/27,2026-2027,1:22 PM,0,1,0
67017238,67_67399_5136980,146639,1/9/27,2026-2027,2:28 PM,0,1,0
67017239,67_67399_5136980,147647,3/14/27,2026-2027,9:58 AM,0,0,1
67017249,67_67399_5136980,145191,8/23/26,2026-2027,12:00 PM,3,0,0
67017249,67_67399_5136980,145316,9/5/26,2026-2027,11:35 AM,0,1,0
67017249,67_67399_5136980,145701,10/7/26,2026-2027,12:48 PM,0,1,0
67017249,67_67399_5136980,145834,10/16/26,2026-2027,1:13 PM,0,1,0
67017249,67_67399_5136980,146802,1/23/27,2026-2027,9:25 AM,0,0,1
67017249,67_67399_5136980,147213,2/14/27,2026-2027,10:03 AM,0,1,0
67017249,67_67399_5136980,147848,3/26/27,2026-2027,12:31 PM,0,1,0
67017249,67_67399_5136980,147982,4/1/27,2026-2027,9:30 AM,2,0,0
67017259,67_67399_5136980,145553,9/25/26,2026-2027,11:47 AM,0,0,1
67017259,67_67399_5136980,146869,1/28/27,2026-2027,10:03 AM,0,1,0
67017259,67_67399_5136980,147001,2/3/27,2026-2027,12:30 PM,0,0,1
67017260,67_67399_5136980,145645,10/3/26,2026-2027,10:21 AM,0,1,0
67017267,67_67399_5136980,145251,8/29/26,2026-2027,8:00 AM,1,0,1
67017267,67_67399_5136980,145449,9/12/26,2026-2027,4:00 PM,5,0,0
67017267,67_67399_5136980,145857,10/17/26,2026-2027,12:30 PM,2,0,0
67017267,67_67399_5136980,147011,1/31/27,2026-2027,4:00 PM,5,0,0
67017275,67_67399_5136980,146350,11/22/26,2026-2027,10:27 AM,0,1,0
67017275,67_67399_5136980,146631,1/9/27,2026-2027,1:20 PM,0,1,0
67017275,67_67399_5136980,147610,3/12/27,2026-2027,2:40 PM,0,0,1
67017276,67_67399_5136980,146819,1/23/27,2026-2027,1:20 PM,0,1,0
67017276,67_67399_5136980,147470,3/5/27,2026-2027,8:59 AM,0,1,0
67017281,67_67399_5136980,145434,9/12/26,2026-2027,1:13 PM,0,1,0
67017282,67_67399_5136980,147425,3/3/27,2026-2027,9:37 AM,0,1,0
67017287,67_67399_5136980,146055,11/1/26,2026-2027,1:04 PM,0,0,1
67017290,67_67399_5136980,145402,9/11/26,2026-2027,10:34 AM,0,0,1
67017290,67_67399_5136980,145649,10/3/26,2026-2027,11:01 AM,0,0,1
67017290,67_67399_5136980,145709,10/7/26,2026-2027,1:48 PM,0,1,0
67017290,67_67399_5136980,145894,10/21/26,2026-2027,9:03 AM,0,0,1
67017290,67_67399_5136980,146006,10/30/26,2026-2027,9:52 AM,0,1,0
67017290,67_67399_5136980,146082,11/5/26,2026-2027,10:24 AM,0,0,1
67017290,67_67399_5136980,146152,11/8/26,2026-2027,2:17 PM,0,1,0
67017290,67_67399_5136980,146383,12/2/26,2026-2027,2:20 PM,0,0,1
67017290,67_67399_5136980,146444,12/6/26,2026-2027,10:46 AM,0,1,0
67017290,67_67399_5136980,146465,12/9/26,2026-2027,1:40 PM,0,1,0
67017290,67_67399_5136980,146516,12/12/26,2026-2027,1:20 PM,0,1,0
67017290,67_67399_5136980,146661,1/13/27,2026-2027,11:05 AM,0,0,1
67017290,67_67399_5136980,146771,1/21/27,2026-2027,12:12 PM,0,0,1
67017290,67_67399_5136980,147071,2/6/27,2026-2027,10:47 AM,0,0,1
67017290,67_67399_5136980,147349,2/25/27,2026-2027,10:39 AM,0,1,0
67017290,67_67399_5136980,147562,3/11/27,2026-2027,8:25 AM,0,0,1
67017290,67_67399_5136980,147648,3/14/27,2026-2027,10:13 AM,0,0,1
67017290,67_67399_5136980,147721,3/19/27,2026-2027,11:46 AM,0,1,0
67017290,67_67399_5136980,147761,3/21/27,2026-2027,8:52 AM,0,1,0
67017290,67_67399_5136980,147974,4/3/27,2026-2027,2:32 PM,0,1,0
67017290,67_67399_5136980,148040,4/9/27,2026-2027,11:04 AM,0,1,0
67017293,67_67399_5136980,147375,2/26/27,2026-2027,9:47 AM,0,1,0
67017294,67_67399_5136980,146126,11/7/26,2026-2027,12:56 PM,0,1,0
67017294,67_67399_5136980,146292,11/20/26,2026-2027,8:43 AM,0,0,1
67017294,67_67399_5136980,146457,12/9/26,2026-2027,10:00 AM,0,1,0
67017294,67_67399_5136980,147434,3/3/27,2026-2027,1:57 PM,0,1,1
67017294,67_67399_5136980,147936,4/2/27,2026-2027,1:32 PM,0,1,0
67017296,67_67399_5136980,148278,5/1/27,2026-2027,2:14 PM,0,0,1
67017299,67_67399_5136980,147976,4/3/27,2026-2027,1:45 PM,0,1,0
67017303,67_67399_5136980,148191,4/17/27,2026-2027,1:09 PM,0,1,0
67017303,67_67399_5136980,148530,5/19/27,2026-2027,10:18 AM,0,0,1
67017305,67_67399_5136980,146040,11/1/26,2026-2027,9:13 AM,0,0,1
67017306,67_67399_5136980,147275,2/20/27,2026-2027,8:50 AM,0,1,0
67017306,67_67399_5136980,147274,2/20/27,2026-2027,8:50 AM,0,1,0
67017306,67_67399_5136980,147496,3/6/27,2026-2027,9:05 AM,0,1,1
67017307,67_67399_5136980,146389,12/3/26,2026-2027,8:32 AM,0,1,0
67017308,67_67399_5136980,146112,11/6/26,2026-2027,2:09 PM,0,1,0
67017308,67_67399_5136980,146527,12/13/26,2026-2027,12:59 PM,0,1,0
67017308,67_67399_5136980,146634,1/9/27,2026-2027,1:37 PM,0,1,0
67017308,67_67399_5136980,146674,1/14/27,2026-2027,9:25 AM,0,1,0
67017308,67_67399_5136980,146714,1/15/27,2026-2027,2:27 PM,0,0,1
67017309,67_67399_5136980,147276,2/20/27,2026-2027,9:45 AM,0,1,0
67017310,67_67399_5136980,145192,8/23/26,2026-2027,12:00 PM,1,0,0
67017310,67_67399_5136980,145657,10/3/26,2026-2027,1:28 PM,0,1,1
67017310,67_67399_5136980,146003,10/30/26,2026-2027,9:42 AM,0,1,0
67017310,67_67399_5136980,146356,11/22/26,2026-2027,12:27 PM,0,2,0
67017310,67_67399_5136980,146647,1/10/27,2026-2027,12:47 PM,0,1,0
67017310,67_67399_5136980,146715,1/15/27,2026-2027,2:32 PM,0,1,0
67017310,67_67399_5136980,146785,1/22/27,2026-2027,2:43 PM,0,2,0
67017310,67_67399_5136980,147224,2/14/27,2026-2027,12:24 PM,0,2,0
67017310,67_67399_5136980,147267,2/19/27,2026-2027,2:48 PM,0,1,1
67017310,67_67399_5136980,147428,3/3/27,2026-2027,10:50 AM,0,1,0
67017310,67_67399_5136980,147541,3/7/27,2026-2027,12:42 PM,0,2,0
67017310,67_67399_5136980,147563,3/11/27,2026-2027,9:11 AM,0,2,0
67017310,67_67399_5136980,147941,4/2/27,2026-2027,2:22 PM,0,0,1
67017310,67_67399_5136980,147920,4/2/27,2026-2027,8:42 AM,0,1,0
67017310,67_67399_5136980,148060,4/9/27,2026-2027,2:29 PM,0,0,1
67017310,67_67399_5136980,148273,5/1/27,2026-2027,1:46 PM,0,1,0
67017311,67_67399_5136980,146167,11/12/26,2026-2027,9:29 AM,0,0,1
67017311,67_67399_5136980,146597,1/6/27,2026-2027,11:20 AM,0,1,0
67017311,67_67399_5136980,147542,3/7/27,2026-2027,1:19 PM,0,1,0
67017313,67_67399_5136980,145486,9/18/26,2026-2027,12:00 PM,0,0,0
67017313,67_67399_5136980,146520,12/12/26,2026-2027,3:55 PM,0,0,1
67017313,67_67399_5136980,146753,1/17/27,2026-2027,9:54 AM,0,0,1
67017313,67_67399_5136980,147048,2/5/27,2026-2027,11:21 AM,0,0,1
67017313,67_67399_5136980,147263,2/19/27,2026-2027,11:55 AM,2,0,0
67017313,67_67399_5136980,147468,3/5/27,2026-2027,8:29 AM,0,1,0
67017315,67_67399_5136980,146045,11/1/26,2026-2027,10:22 AM,0,1,0
67017315,67_67399_5136980,146129,11/7/26,2026-2027,2:07 PM,0,0,1
67017315,67_67399_5136980,146621,1/8/27,2026-2027,2:41 PM,0,2,0
67017315,67_67399_5136980,146633,1/9/27,2026-2027,1:27 PM,0,1,0
67017315,67_67399_5136980,147283,2/20/27,2026-2027,1:48 PM,0,1,0
67017315,67_67399_5136980,147386,2/26/27,2026-2027,2:07 PM,0,1,0
67017315,67_67399_5136980,147519,3/6/27,2026-2027,1:51 PM,0,1,0
67017315,67_67399_5136980,147683,3/17/27,2026-2027,1:44 PM,0,0,1
67017315,67_67399_5136980,148272,5/1/27,2026-2027,1:40 PM,0,1,0
67017319,67_67399_5136980,145264,8/23/26,2026-2027,12:00 PM,0,0,0
67017319,67_67399_5136980,146105,11/6/26,2026-2027,12:22 PM,0,0,1
67017319,67_67399_5136980,146235,11/15/26,2026-2027,12:49 PM,0,1,0
67017319,67_67399_5136980,146223,11/15/26,2026-2027,8:53 AM,0,1,0
67017319,67_67399_5136980,147832,3/25/27,2026-2027,6:17 PM,0,0,2
67017319,67_67399_5136980,148598,5/22/27,2026-2027,12:45 PM,0,1,0
67017322,67_67399_5136980,146085,11/5/26,2026-2027,1:05 PM,0,1,0
67017322,67_67399_5136980,148229,4/29/27,2026-2027,9:45 AM,0,1,0
67017323,67_67399_5136980,146553,12/17/26,2026-2027,10:06 AM,0,1,0
67017323,67_67399_5136980,147242,2/18/27,2026-2027,10:11 AM,0,0,1
67017323,67_67399_5136980,147801,3/24/27,2026-2027,12:53 PM,0,0,1
67017323,67_67399_5136980,147950,4/3/27,2026-2027,10:47 AM,0,1,0
67017323,67_67399_5136980,148001,4/7/27,2026-2027,2:05 PM,0,1,0
67017323,67_67399_5136980,148117,4/14/27,2026-2027,8:57 AM,0,1,0
67017324,67_67399_5136980,145446,9/12/26,2026-2027,12:00 PM,0,0,0
67017325,67_67399_5136980,145920,10/23/26,2026-2027,1:56 PM,0,1,0
67017327,67_67399_5136980,145411,9/11/26,2026-2027,1:36 PM,0,1,0
67017327,67_67399_5136980,145584,9/27/26,2026-2027,12:58 PM,0,1,0
67017327,67_67399_5136980,148361,5/7/27,2026-2027,1:10 PM,0,1,0
67017330,67_67399_5136980,145523,9/23/26,2026-2027,10:28 AM,0,1,0
67017330,67_67399_5136980,145742,10/9/26,2026-2027,1:25 PM,0,0,1
67017330,67_67399_5136980,145921,10/23/26,2026-2027,2:16 PM,0,2,0
67017330,67_67399_5136980,145938,10/24/26,2026-2027,1:28 PM,0,1,0
67017330,67_67399_5136980,146174,11/12/26,2026-2027,12:38 PM,0,0,1
67017330,67_67399_5136980,146491,12/11/26,2026-2027,1:00 PM,0,1,0
67017330,67_67399_5136980,146731,1/16/27,2026-2027,11:14 AM,0,0,1
67017330,67_67399_5136980,146781,1/22/27,2026-2027,1:53 PM,0,0,0
67017330,67_67399_5136980,147088,2/6/27,2026-2027,1:19 PM,0,1,0
67017330,67_67399_5136980,147089,2/6/27,2026-2027,1:21 PM,0,1,0
67017330,67_67399_5136980,147223,2/14/27,2026-2027,12:22 PM,0,2,0
67017330,67_67399_5136980,147238,2/18/27,2026-2027,9:19 AM,0,2,0
67017330,67_67399_5136980,147258,2/19/27,2026-2027,10:40 AM,0,1,0
67017330,67_67399_5136980,147565,3/11/27,2026-2027,9:19 AM,0,2,0
67017330,67_67399_5136980,147684,3/17/27,2026-2027,1:50 PM,0,0,1
67017330,67_67399_5136980,147682,3/17/27,2026-2027,1:40 PM,0,1,0
67017330,67_67399_5136980,147895,3/28/27,2026-2027,12:33 PM,0,0,1
67017330,67_67399_5136980,147967,4/3/27,2026-2027,1:38 PM,0,0,1
67017330,67_67399_5136980,148080,4/10/27,2026-2027,11:20 AM,0,0,1
67017330,67_67399_5136980,148107,4/11/27,2026-2027,12:23 PM,0,0,1
67017330,67_67399_5136980,148395,5/9/27,2026-2027,1:19 PM,0,0,1
67017330,67_67399_5136980,148403,5/12/27,2026-2027,10:41 AM,0,1,0
67017330,67_67399_5136980,148466,5/14/27,2026-2027,1:29 PM,0,0,1
67017330,67_67399_5136980,148590,5/22/27,2026-2027,11:09 AM,0,0,1
67017332,67_67399_5136980,145485,9/18/26,2026-2027,12:00 PM,0,0,0
67017332,67_67399_5136980,146742,1/16/27,2026-2027,2:10 PM,0,1,0
67017332,67_67399_5136980,147053,2/5/27,2026-2027,2:10 PM,0,1,0
67017332,67_67399_5136980,148318,5/6/27,2026-2027,9:02 AM,0,1,0
67017334,67_67399_5136980,145493,9/19/26,2026-2027,12:00 PM,0,0,1
67017334,67_67399_5136980,146966,1/30/27,2026-2027,2:53 PM,0,1,0
67017336,67_67399_5136980,148647,5/28/27,2026-2027,9:45 AM,2,0,1
67017337,67_67399_5136980,147122,2/7/27,2026-2027,11:00 AM,0,0,0
67017338,67_67399_5136980,145182,8/23/26,2026-2027,8:10 AM,1,0,0
67017338,67_67399_5136980,145323,9/3/26,2026-2027,8:30 AM,0,1,0
67017338,67_67399_5136980,145305,9/4/26,2026-2027,1:14 PM,0,0,1
67017338,67_67399_5136980,145457,9/16/26,2026-2027,3:10 PM,0,0,1
67017338,67_67399_5136980,146110,11/6/26,2026-2027,1:41 PM,0,0,2
67017338,67_67399_5136980,146166,11/12/26,2026-2027,9:26 AM,0,0,1
67017338,67_67399_5136980,146236,11/15/26,2026-2027,12:51 PM,0,1,0
67017338,67_67399_5136980,146224,11/15/26,2026-2027,9:01 AM,0,1,0
67017338,67_67399_5136980,146312,11/21/26,2026-2027,9:28 AM,0,1,0
67017338,67_67399_5136980,146449,12/6/26,2026-2027,2:06 PM,0,1,0
67017338,67_67399_5136980,146464,12/9/26,2026-2027,2:55 PM,0,1,0
67017338,67_67399_5136980,146593,1/6/27,2026-2027,11:30 AM,0,1,0
67017338,67_67399_5136980,146596,1/6/27,2026-2027,11:20 AM,0,1,0
67017338,67_67399_5136980,146646,1/10/27,2026-2027,11:02 AM,0,0,1
67017338,67_67399_5136980,146721,1/16/27,2026-2027,9:15 AM,0,1,0
67017338,67_67399_5136980,146901,1/29/27,2026-2027,9:45 AM,0,2,0
67017338,67_67399_5136980,147012,2/4/27,2026-2027,8:57 AM,0,0,1
67017338,67_67399_5136980,147154,2/11/27,2026-2027,2:09 PM,0,1,0
67017338,67_67399_5136980,147272,2/19/27,2026-2027,3:00 PM,0,0,1
67017338,67_67399_5136980,147365,2/25/27,2026-2027,1:25 PM,0,0,1
67017338,67_67399_5136980,147430,3/3/27,2026-2027,11:05 AM,0,0,1
67017338,67_67399_5136980,147552,3/10/27,2026-2027,11:28 AM,0,0,1
67017338,67_67399_5136980,147566,3/11/27,2026-2027,9:12 AM,0,0,1
67017338,67_67399_5136980,147879,3/27/27,2026-2027,12:47 PM,0,0,1
67017338,67_67399_5136980,147889,3/28/27,2026-2027,8:26 AM,0,1,0
67017338,67_67399_5136980,147925,4/2/27,2026-2027,9:37 AM,0,0,1
67017338,67_67399_5136980,148130,4/14/27,2026-2027,12:53 PM,0,1,0
67017338,67_67399_5136980,148267,4/30/27,2026-2027,2:00 PM,0,0,1
67017338,67_67399_5136980,148256,4/30/27,2026-2027,1:40 PM,0,0,1
67017338,67_67399_5136980,148306,5/5/27,2026-2027,10:57 AM,0,0,1
67017339,67_67399_5136980,146435,12/5/26,2026-2027,1:03 PM,0,1,0
67017341,67_67399_5136980,146329,11/21/26,2026-2027,1:26 PM,0,1,0
67017341,67_67399_5136980,147482,3/3/27,2026-2027,10:00 AM,0,0,1
67017344,67_67399_5136980,147039,2/5/27,2026-2027,9:30 AM,0,1,0
67017344,67_67399_5136980,148109,4/11/27,2026-2027,1:30 PM,0,1,0
67017346,67_67399_5136980,145263,8/29/26,2026-2027,12:30 PM,1,0,0
67017346,67_67399_5136980,145484,9/18/26,2026-2027,12:00 PM,0,0,0
67017346,67_67399_5136980,147498,3/6/27,2026-2027,9:28 AM,0,1,1
67017346,67_67399_5136980,148071,4/10/27,2026-2027,9:11 AM,0,1,0
67017349,67_67399_5136980,146127,11/7/26,2026-2027,12:56 PM,0,1,0
67017349,67_67399_5136980,146267,11/19/26,2026-2027,10:12 AM,0,0,1
67017349,67_67399_5136980,147455,3/4/27,2026-2027,12:10 PM,0,1,0
67017349,67_67399_5136980,147713,3/19/27,2026-2027,10:28 AM,0,1,1
67017349,67_67399_5136980,147952,4/2/27,2026-2027,8:10 AM,2,0,0
67017349,67_67399_5136980,148059,4/9/27,2026-2027,12:00 PM,1,0,0
67017360,67_67399_5136980,146277,11/19/26,2026-2027,1:08 PM,0,1,0
67017362,67_67399_5136980,145213,8/27/26,2026-2027,12:30 PM,0,1,0
67017363,67_67399_5136980,146772,1/21/27,2026-2027,12:41 PM,0,0,1
67017363,67_67399_5136980,147203,2/13/27,2026-2027,1:43 PM,0,2,0
67017363,67_67399_5136980,148078,4/10/27,2026-2027,11:05 AM,0,0,1
67017363,67_67399_5136980,148255,4/30/27,2026-2027,1:25 PM,0,0,1
67017364,67_67399_5136980,145216,8/27/26,2026-2027,12:30 PM,0,1,0
67017364,67_67399_5136980,145533,9/24/26,2026-2027,9:41 AM,0,1,0
67017366,67_67399_5136980,146826,1/23/27,2026-2027,12:00 PM,0,0,0
67017366,67_67399_5136980,147933,4/2/27,2026-2027,12:42 PM,2,0,0
67017366,67_67399_5136980,148072,4/10/27,2026-2027,9:51 AM,0,1,0
67017366,67_67399_5136980,148350,5/7/27,2026-2027,10:38 AM,0,1,0
67017368,67_67399_5136980,145214,8/27/26,2026-2027,12:30 PM,0,1,0
67017370,67_67399_5136980,145665,10/4/26,2026-2027,8:28 AM,0,1,0
67017370,67_67399_5136980,147947,4/3/27,2026-2027,9:38 AM,0,1,0
67017370,67_67399_5136980,148137,4/14/27,2026-2027,2:43 PM,0,1,0
67017370,67_67399_5136980,148307,5/5/27,2026-2027,11:53 AM,0,1,0
67017370,67_67399_5136980,148404,5/12/27,2026-2027,10:38 AM,0,1,0
67017372,67_67399_5136980,147658,3/14/27,2026-2027,12:47 PM,0,0,1
67017372,67_67399_5136980,148645,5/28/27,2026-2027,9:30 AM,0,1,0
67017372,67_67399_5136980,148652,5/28/27,2026-2027,12:53 PM,0,0,1
67017376,67_67399_5136980,146125,11/7/26,2026-2027,1:25 PM,0,1,0
67017376,67_67399_5136980,146635,1/9/27,2026-2027,1:41 PM,0,1,0
67017376,67_67399_5136980,146847,1/24/27,2026-2027,12:14 PM,0,1,0
67017376,67_67399_5136980,147056,2/5/27,2026-2027,2:29 PM,0,1,0
67017376,67_67399_5136980,147516,3/6/27,2026-2027,1:27 PM,0,2,0
67017376,67_67399_5136980,148123,4/14/27,2026-2027,11:13 AM,0,1,0
67017376,67_67399_5136980,148121,4/14/27,2026-2027,11:08 AM,0,2,0
67017376,67_67399_5136980,148144,4/15/27,2026-2027,9:23 AM,0,0,1
67017376,67_67399_5136980,148274,5/1/27,2026-2027,1:49 PM,0,1,0
67017377,67_67399_5136980,147041,2/5/27,2026-2027,10:17 AM,0,0,1
67017377,67_67399_5136980,147764,3/21/27,2026-2027,9:36 AM,0,0,1
67017378,67_67399_5136980,145338,9/6/26,2026-2027,12:08 PM,0,1,0
67017378,67_67399_5136980,145936,10/24/26,2026-2027,12:50 PM,0,0,1
67017378,67_67399_5136980,146247,11/13/26,2026-2027,8:26 AM,0,1,0
67017378,67_67399_5136980,147677,3/17/27,2026-2027,11:08 AM,0,1,0
67017378,67_67399_5136980,148329,5/6/27,2026-2027,12:16 PM,0,0,1
67017380,67_67399_5136980,145610,10/1/26,2026-2027,9:56 AM,0,1,0
67017380,67_67399_5136980,146063,10/30/26,2026-2027,8:00 AM,0,0,0
67017380,67_67399_5136980,146159,11/8/26,2026-2027,9:40 AM,0,0,0
67017380,67_67399_5136980,146359,11/21/26,2026-2027,4:00 PM,0,0,0
67017380,67_67399_5136980,148266,5/1/27,2026-2027,10:43 AM,0,1,0
67017380,67_67399_5136980,148328,5/6/27,2026-2027,12:02 PM,0,1,0
67017380,67_67399_5136980,148381,5/8/27,2026-2027,12:48 PM,0,0,1
67017384,67_67399_5136980,145173,8/22/26,2026-2027,8:47 AM,0,0,1
67017384,67_67399_5136980,146446,11/20/26,2026-2027,7:13 AM,5,0,0
67017384,67_67399_5136980,146718,1/16/27,2026-2027,7:25 AM,0,1,0
67017385,67_67399_5136980,147245,2/14/27,2026-2027,2:15 PM,0,1,0
67017385,67_67399_5136980,147460,3/4/27,2026-2027,11:47 AM,0,0,0
67017389,67_67399_5136980,145482,9/18/26,2026-2027,12:00 PM,0,1,0
67017396,67_67399_5136980,145450,9/12/26,2026-2027,8:00 AM,0,0,0
67017396,67_67399_5136980,146360,11/21/26,2026-2027,4:00 PM,0,0,0
67017396,67_67399_5136980,146744,1/15/27,2026-2027,12:14 PM,0,1,0
67017396,67_67399_5136980,146807,1/23/27,2026-2027,9:44 AM,0,1,0
67017396,67_67399_5136980,147691,3/17/27,2026-2027,3:00 PM,0,0,1
67017396,67_67399_5136980,148321,5/6/27,2026-2027,10:26 AM,0,1,0
67017396,67_67399_5136980,148667,5/30/27,2026-2027,9:00 AM,0,0,0
67017399,67_67399_5136980,147785,3/24/27,2026-2027,9:37 AM,0,1,0
67017401,67_67399_5136980,145265,8/29/26,2026-2027,2:07 PM,0,1,0
67017401,67_67399_5136980,145267,8/29/26,2026-2027,2:41 PM,0,1,0
67017401,67_67399_5136980,145555,9/25/26,2026-2027,1:51 PM,0,1,0
67017401,67_67399_5136980,145767,10/10/26,2026-2027,12:41 PM,0,0,1
67017401,67_67399_5136980,145782,10/11/26,2026-2027,8:55 AM,0,0,1
67017401,67_67399_5136980,145791,10/11/26,2026-2027,1:07 PM,0,1,0
67017403,67_67399_5136980,147185,2/12/27,2026-2027,2:15 PM,0,1,0
67017407,67_67399_5136980,146660,1/13/27,2026-2027,11:02 AM,0,0,1
67017409,67_67399_5136980,145256,8/28/26,2026-2027,2:30 PM,2,0,0
67017409,67_67399_5136980,147066,2/4/27,2026-2027,11:40 AM,0,0,1
67017409,67_67399_5136980,147347,2/25/27,2026-2027,7:30 AM,0,0,1
67017409,67_67399_5136980,147795,3/24/27,2026-2027,12:00 PM,0,1,0
67017409,67_67399_5136980,147927,4/2/27,2026-2027,9:54 AM,0,0,0
67017415,67_67399_5136980,147737,3/19/27,2026-2027,11:00 AM,0,0,1
67017420,67_67399_5136980,145789,10/11/26,2026-2027,11:10 AM,0,1,0
67017424,67_67399_5136980,145250,8/26/26,2026-2027,2:00 PM,0,0,1
67017424,67_67399_5136980,145994,10/29/26,2026-2027,8:36 AM,2,0,0
67017428,67_67399_5136980,145174,8/22/26,2026-2027,8:51 AM,0,0,1
67017428,67_67399_5136980,147440,3/3/27,2026-2027,2:30 PM,0,1,0
67017437,67_67399_5136980,148226,4/29/27,2026-2027,9:34 AM,0,1,0
67017401,67_67399_5136980,146402,12/3/26,2026-2027,3:59 PM,0,0,1
67017401,67_67399_5136980,146616,1/7/27,2026-2027,12:00 PM,0,0,0
67017444,67_67399_5136981,146106,11/5/26,2026-2027,12:45 PM,0,1,0
67017444,67_67399_5136981,147201,2/13/27,2026-2027,2:34 PM,0,0,1
67017446,67_67399_5136981,147535,3/7/27,2026-2027,9:43 AM,0,1,0
67017447,67_67399_5136981,146931,1/29/27,2026-2027,2:31 PM,0,0,1
67017447,67_67399_5136981,146976,1/31/27,2026-2027,11:36 AM,0,0,1
67017447,67_67399_5136981,147131,2/11/27,2026-2027,9:04 AM,0,1,0
67017447,67_67399_5136981,147269,2/19/27,2026-2027,2:59 PM,0,1,0
67017447,67_67399_5136981,147396,2/27/27,2026-2027,9:00 AM,0,0,0
67017447,67_67399_5136981,147527,3/6/27,2026-2027,3:01 PM,0,0,1
67017447,67_67399_5136981,147564,3/11/27,2026-2027,9:11 AM,0,0,1
67017449,67_67399_5136981,147452,3/4/27,2026-2027,10:05 AM,0,2,0
67017449,67_67399_5136981,147653,3/14/27,2026-2027,11:40 AM,0,2,0
67017449,67_67399_5136981,148300,5/2/27,2026-2027,3:06 PM,0,2,0
67017452,67_67399_5136981,148489,5/15/27,2026-2027,1:46 PM,0,0,1
67017454,67_67399_5136981,145743,10/9/26,2026-2027,1:53 PM,0,0,1
67017454,67_67399_5136981,146279,11/19/26,2026-2027,1:42 PM,0,0,1
67017454,67_67399_5136981,146431,12/5/26,2026-2027,11:46 AM,0,1,0
67017454,67_67399_5136981,146838,1/24/27,2026-2027,11:21 AM,0,0,1
67017454,67_67399_5136981,146928,1/29/27,2026-2027,2:11 PM,0,0,1
67017454,67_67399_5136981,146927,1/29/27,2026-2027,1:52 PM,0,0,1
67017454,67_67399_5136981,147170,2/12/27,2026-2027,1:29 PM,0,0,1
67017454,67_67399_5136981,147175,2/12/27,2026-2027,1:55 PM,0,0,1
67017454,67_67399_5136981,147218,2/14/27,2026-2027,11:17 AM,0,0,1
67017454,67_67399_5136981,147407,2/27/27,2026-2027,11:57 AM,0,0,1
67017454,67_67399_5136981,147438,3/3/27,2026-2027,2:33 PM,0,0,1
67017454,67_67399_5136981,147459,3/4/27,2026-2027,1:29 PM,0,0,1
67017454,67_67399_5136981,147493,3/5/27,2026-2027,2:20 PM,0,2,0
67017454,67_67399_5136981,147483,3/5/27,2026-2027,1:46 PM,0,0,1
67017454,67_67399_5136981,147596,3/12/27,2026-2027,9:26 AM,0,0,1
67017454,67_67399_5136981,147782,3/21/27,2026-2027,3:20 PM,0,1,0
67017454,67_67399_5136981,147771,3/21/27,2026-2027,11:45 AM,0,3,0
67017454,67_67399_5136981,147827,3/25/27,2026-2027,2:09 PM,0,0,1
67017454,67_67399_5136981,147875,3/27/27,2026-2027,1:10 PM,0,2,0
67017454,67_67399_5136981,147912,4/1/27,2026-2027,9:55 AM,3,0,0
67017454,67_67399_5136981,148066,4/9/27,2026-2027,3:20 PM,0,1,0
67017454,67_67399_5136981,148093,4/10/27,2026-2027,1:25 PM,0,0,1
67017454,67_67399_5136981,148113,4/11/27,2026-2027,2:15 PM,0,2,0
67017454,67_67399_5136981,148367,5/7/27,2026-2027,2:50 PM,0,1,0
67017454,67_67399_5136981,148386,5/8/27,2026-2027,11:35 AM,0,2,0
67017454,67_67399_5136981,148424,5/12/27,2026-2027,10:30 AM,0,2,0
67017454,67_67399_5136981,148440,5/13/27,2026-2027,9:00 AM,2,0,0
67017454,67_67399_5136981,148548,5/20/27,2026-2027,9:20 AM,0,2,1
67017454,67_67399_5136981,148572,5/21/27,2026-2027,12:01 PM,0,1,0
67017454,67_67399_5136981,148634,5/27/27,2026-2027,10:45 AM,0,2,0
67017459,67_67399_5136981,145342,9/6/26,2026-2027,10:00 AM,0,0,1
67017464,67_67399_5136981,146990,1/31/27,2026-2027,2:58 PM,0,1,0
67017464,67_67399_5136981,147913,4/1/27,2026-2027,10:13 AM,0,0,1
67017467,67_67399_5136981,147811,3/25/27,2026-2027,9:49 AM,0,0,1
67017467,67_67399_5136981,148208,4/28/27,2026-2027,11:32 AM,0,0,1
67017473,67_67399_5136981,148185,4/17/27,2026-2027,11:19 AM,0,0,1
67017473,67_67399_5136981,148461,5/14/27,2026-2027,11:20 AM,0,2,0
67017475,67_67399_5136981,147137,2/4/27,2026-2027,9:30 AM,0,0,0
67017476,67_67399_5136981,146027,10/31/26,2026-2027,10:59 AM,0,2,0
67017476,67_67399_5136981,146411,12/4/26,2026-2027,12:16 PM,0,1,0
67017476,67_67399_5136981,146855,1/24/27,2026-2027,2:27 PM,0,1,0
67017476,67_67399_5136981,148047,4/9/27,2026-2027,12:53 PM,0,0,1
67017477,67_67399_5136981,146849,1/24/27,2026-2027,12:14 PM,0,0,1
67017478,67_67399_5136981,145453,9/13/26,2026-2027,12:58 PM,0,0,1
67017478,67_67399_5136981,146410,12/4/26,2026-2027,12:02 PM,0,0,2
67017478,67_67399_5136981,147479,3/5/27,2026-2027,11:48 AM,0,0,2
67017478,67_67399_5136981,148396,5/9/27,2026-2027,1:44 PM,0,0,1
67017484,67_67399_5136981,146425,12/4/26,2026-2027,4:11 PM,0,0,1
67017484,67_67399_5136981,147494,3/6/27,2026-2027,8:26 AM,0,1,0
67017484,67_67399_5136981,147732,3/19/27,2026-2027,3:09 PM,0,1,0
67017484,67_67399_5136981,148214,4/28/27,2026-2027,3:04 PM,0,1,0
67017484,67_67399_5136981,148554,5/20/27,2026-2027,12:33 PM,0,2,0
67017505,67_67399_5136981,147523,3/6/27,2026-2027,2:30 PM,0,2,0
67017510,67_67399_5136981,148487,5/15/27,2026-2027,1:14 PM,0,1,0
67017513,67_67399_5136981,145787,10/11/26,2026-2027,8:00 AM,0,0,0
67017514,67_67399_5136981,145538,9/24/26,2026-2027,11:38 AM,0,1,0
67017514,67_67399_5136981,146331,11/21/26,2026-2027,2:07 PM,0,1,0
67017514,67_67399_5136981,146630,1/9/27,2026-2027,11:57 AM,0,1,0
67017514,67_67399_5136981,146922,1/29/27,2026-2027,1:22 PM,0,2,0
67017514,67_67399_5136981,147134,2/4/27,2026-2027,9:30 AM,0,0,0
67017514,67_67399_5136981,147054,2/5/27,2026-2027,2:10 PM,0,0,1
67017514,67_67399_5136981,147907,3/28/27,2026-2027,2:15 PM,0,0,1
67017514,67_67399_5136981,148220,4/28/27,2026-2027,3:29 PM,0,2,0
67017514,67_67399_5136981,148377,5/8/27,2026-2027,10:26 AM,0,0,1
67017514,67_67399_5136981,148715,6/5/27,2026-2027,9:19 AM,0,1,0
67017520,67_67399_5136981,146374,12/2/26,2026-2027,11:13 AM,0,2,0
67017520,67_67399_5136981,147403,2/26/27,2026-2027,2:55 PM,0,2,0
67017520,67_67399_5136981,147529,3/6/27,2026-2027,1:45 PM,0,0,2
67017520,67_67399_5136981,147556,3/10/27,2026-2027,12:00 PM,0,2,0
67017520,67_67399_5136981,147757,3/20/27,2026-2027,1:45 PM,0,2,0
67017526,67_67399_5136981,147528,3/6/27,2026-2027,1:10 PM,0,2,0
67017526,67_67399_5136981,147995,4/7/27,2026-2027,11:05 AM,0,3,0
67017526,67_67399_5136981,148067,4/9/27,2026-2027,2:30 PM,0,2,0
67017539,67_67399_5136981,146175,11/8/26,2026-2027,1:03 PM,0,2,0
67017544,67_67399_5136981,146796,1/22/27,2026-2027,3:42 PM,0,0,1
67017544,67_67399_5136981,147166,2/12/27,2026-2027,12:26 PM,0,0,1
67017555,67_67399_5136981,148207,4/28/27,2026-2027,9:33 AM,0,0,1
67017557,67_67399_5136981,147144,2/11/27,2026-2027,11:40 AM,0,1,0
67017557,67_67399_5136981,147239,2/18/27,2026-2027,10:01 AM,0,1,0
67017557,67_67399_5136981,147640,3/13/27,2026-2027,9:39 AM,0,1,0
67017557,67_67399_5136981,147973,4/3/27,2026-2027,2:16 PM,0,3,0
67017557,67_67399_5136981,148514,5/16/27,2026-2027,11:08 AM,0,2,0
67017558,67_67399_5136981,147949,4/1/27,2026-2027,10:17 AM,0,1,0
67017573,67_67399_5136981,145911,10/23/26,2026-2027,8:30 AM,0,0,1
67017573,67_67399_5136981,146407,12/4/26,2026-2027,8:32 AM,0,0,1
67017573,67_67399_5136981,146671,1/10/27,2026-2027,12:00 PM,0,0,0
67017573,67_67399_5136981,146792,1/22/27,2026-2027,3:24 PM,0,0,1
67017573,67_67399_5136981,147030,2/4/27,2026-2027,12:00 PM,0,0,0
67017573,67_67399_5136981,147354,2/25/27,2026-2027,12:30 PM,0,1,0
67017573,67_67399_5136981,147409,2/27/27,2026-2027,12:08 PM,0,1,0
67017573,67_67399_5136981,148302,5/2/27,2026-2027,3:13 PM,0,1,0
67017581,67_67399_5136981,147139,2/4/27,2026-2027,9:30 AM,0,0,0
67017581,67_67399_5136981,148684,6/2/27,2026-2027,10:34 AM,0,1,0
67017594,67_67399_5136981,148618,5/23/27,2026-2027,1:58 PM,3,0,0
67017602,67_67399_5136981,147856,3/24/27,2026-2027,12:00 PM,0,1,0
67017608,67_67399_5136981,145978,10/29/26,2026-2027,10:23 AM,0,0,1
67017608,67_67399_5136981,146752,1/17/27,2026-2027,8:34 AM,0,1,0
67017608,67_67399_5136981,147160,2/12/27,2026-2027,9:44 AM,0,0,1
67017608,67_67399_5136981,148145,4/15/27,2026-2027,9:49 AM,0,1,0
67017608,67_67399_5136981,148283,5/1/27,2026-2027,3:21 PM,0,0,1
67017608,67_67399_5136981,148562,5/21/27,2026-2027,9:44 AM,0,0,1
67017608,67_67399_5136981,148627,5/27/27,2026-2027,8:41 AM,0,1,0
67017608,67_67399_5136981,148673,5/30/27,2026-2027,1:50 PM,0,0,1
67017611,67_67399_5136981,147118,2/7/27,2026-2027,1:01 PM,0,0,1
67017621,67_67399_5136981,147115,2/7/27,2026-2027,11:43 AM,0,2,1
67017621,67_67399_5136981,147165,2/12/27,2026-2027,12:22 PM,0,0,1
67017621,67_67399_5136981,147463,3/4/27,2026-2027,9:30 AM,0,2,0
67017621,67_67399_5136981,147659,3/14/27,2026-2027,1:16 PM,0,0,1
67017621,67_67399_5136981,148188,4/17/27,2026-2027,11:50 AM,0,2,0
67017625,67_67399_5136981,148712,6/5/27,2026-2027,8:56 AM,0,0,1
67017627,67_67399_5136981,145381,9/10/26,2026-2027,12:55 PM,0,0,1
67017627,67_67399_5136981,145393,9/10/26,2026-2027,1:00 PM,0,0,0
67017627,67_67399_5136981,145784,10/11/26,2026-2027,8:00 AM,0,0,0
67017627,67_67399_5136981,146324,11/18/26,2026-2027,3:20 PM,5,0,0
67017627,67_67399_5136981,147214,12/9/26,2026-2027,10:15 AM,0,2,0
67017627,67_67399_5136981,146984,1/31/27,2026-2027,11:45 AM,0,0,1
67017627,67_67399_5136981,147206,2/3/27,2026-2027,10:30 AM,0,0,1
67017627,67_67399_5136981,147174,2/5/27,2026-2027,9:30 AM,0,0,0
67017627,67_67399_5136981,147061,2/5/27,2026-2027,3:28 PM,0,1,0
67017630,67_67399_5136981,146004,10/30/26,2026-2027,9:46 AM,0,2,0
67017630,67_67399_5136981,147346,2/25/27,2026-2027,8:35 AM,0,1,0
67017630,67_67399_5136981,148436,5/13/27,2026-2027,10:02 AM,0,2,0
67017640,67_67399_5136981,146135,11/7/26,2026-2027,3:02 PM,0,2,0
67017641,67_67399_5136981,147871,3/27/27,2026-2027,11:18 AM,0,0,1
67017641,67_67399_5136981,148029,4/8/27,2026-2027,11:26 AM,0,1,0
67017644,67_67399_5136981,147348,2/25/27,2026-2027,9:33 AM,0,1,0
67017644,67_67399_5136981,147401,2/26/27,2026-2027,11:45 AM,0,0,0
67017644,67_67399_5136981,147602,3/12/27,2026-2027,12:15 PM,0,2,0
67017644,67_67399_5136981,147867,3/27/27,2026-2027,10:34 AM,0,1,0
67017644,67_67399_5136981,148042,4/9/27,2026-2027,11:38 AM,0,0,1
67017644,67_67399_5136981,148083,4/10/27,2026-2027,12:00 PM,4,1,1
67017647,67_67399_5136981,147046,2/5/27,2026-2027,10:54 AM,0,1,0
67017650,67_67399_5136981,145354,9/9/26,2026-2027,8:36 AM,0,1,0
67017650,67_67399_5136981,146825,1/23/27,2026-2027,2:59 PM,0,0,1
67017650,67_67399_5136981,147243,2/18/27,2026-2027,10:28 AM,0,2,0
67017650,67_67399_5136981,147491,3/5/27,2026-2027,4:29 PM,0,0,1
67017652,67_67399_5136981,145863,10/17/26,2026-2027,1:53 PM,0,1,0
67017655,67_67399_5136981,147524,3/6/27,2026-2027,2:35 PM,0,1,0
67017655,67_67399_5136981,148298,5/2/27,2026-2027,2:39 PM,0,2,0
67017660,67_67399_5136981,146793,1/22/27,2026-2027,3:34 PM,0,0,1
67017660,67_67399_5136981,147100,2/6/27,2026-2027,3:30 PM,0,0,1
67017660,67_67399_5136981,147702,3/18/27,2026-2027,11:28 AM,0,2,0
67017664,67_67399_5136981,145562,9/25/26,2026-2027,2:15 AM,0,0,0
67017675,67_67399_5136981,147426,3/3/27,2026-2027,9:43 AM,0,2,0
67017675,67_67399_5136981,147692,3/18/27,2026-2027,8:57 AM,0,2,0
67017680,67_67399_5136981,146013,10/30/26,2026-2027,11:27 AM,0,2,0
67017680,67_67399_5136981,146304,11/20/26,2026-2027,2:20 PM,0,0,1
67017680,67_67399_5136981,146463,12/9/26,2026-2027,3:02 PM,0,1,0
67017680,67_67399_5136981,147736,3/19/27,2026-2027,8:06 AM,0,1,1
67017680,67_67399_5136981,148124,4/14/27,2026-2027,11:37 AM,0,1,1
67017681,67_67399_5136981,146231,11/15/26,2026-2027,11:02 AM,0,0,1
67017681,67_67399_5136981,146278,11/19/26,2026-2027,1:40 PM,0,0,1
67017681,67_67399_5136981,147138,2/4/27,2026-2027,9:30 AM,0,0,0
67017683,67_67399_5136981,146364,11/22/26,2026-2027,3:19 PM,0,0,1
67017683,67_67399_5136981,148633,1/13/27,2026-2027,10:58 AM,0,2,0
67017683,67_67399_5136981,146797,1/22/27,2026-2027,4:07 PM,0,0,1
67017683,67_67399_5136981,148642,2/18/27,2026-2027,11:21 AM,0,0,1
67017683,67_67399_5136981,148644,3/24/27,2026-2027,2:30 PM,0,1,0
67017683,67_67399_5136981,148643,4/2/27,2026-2027,11:50 AM,0,0,1
67017683,67_67399_5136981,148628,5/27/27,2026-2027,8:47 AM,4,0,0
67017686,67_67399_5136981,147890,3/28/27,2026-2027,10:28 AM,0,1,0
67017695,67_67399_5136981,146538,12/16/26,2026-2027,9:15 AM,0,1,0
67017702,67_67399_5136981,147772,3/21/27,2026-2027,12:28 PM,0,1,0
67017702,67_67399_5136981,148097,4/11/27,2026-2027,10:36 AM,0,1,0
67017704,67_67399_5136981,145775,10/10/26,2026-2027,2:00 PM,0,0,1
67017704,67_67399_5136981,145941,10/24/26,2026-2027,3:24 PM,0,0,2
67017704,67_67399_5136981,145937,10/24/26,2026-2027,1:26 PM,0,0,1
67017704,67_67399_5136981,146168,11/12/26,2026-2027,9:31 AM,0,0,1
67017704,67_67399_5136981,146217,11/14/26,2026-2027,9:30 AM,0,0,0
67017704,67_67399_5136981,146415,12/4/26,2026-2027,12:40 PM,0,1,0
67017704,67_67399_5136981,146471,12/10/26,2026-2027,9:07 AM,0,0,1
67017704,67_67399_5136981,146967,1/30/27,2026-2027,3:02 PM,0,1,0
67017704,67_67399_5136981,147232,2/14/27,2026-2027,2:42 PM,0,1,0
67017704,67_67399_5136981,147418,2/27/27,2026-2027,1:10 PM,0,2,0
67017704,67_67399_5136981,147480,3/5/27,2026-2027,12:36 PM,0,1,0
67017711,67_67399_5136981,146519,12/12/26,2026-2027,2:57 PM,0,0,1
67017711,67_67399_5136981,147202,2/13/27,2026-2027,2:55 PM,0,0,1
67017712,67_67399_5136981,147402,2/26/27,2026-2027,2:50 PM,0,2,0
67017734,67_67399_5136981,146157,11/8/26,2026-2027,2:57 PM,0,0,1
67017734,67_67399_5136981,146173,11/12/26,2026-2027,12:25 PM,0,0,1
67017734,67_67399_5136981,146195,11/13/26,2026-2027,1:17 PM,0,0,1
67017734,67_67399_5136981,146245,11/15/26,2026-2027,2:30 PM,0,0,1
67017734,67_67399_5136981,146260,11/18/26,2026-2027,1:13 PM,0,0,1
67017735,67_67399_5136981,146121,11/7/26,2026-2027,10:30 AM,0,0,0
67017735,67_67399_5136981,147043,2/5/27,2026-2027,10:32 AM,0,2,0
67017735,67_67399_5136981,147216,2/13/27,2026-2027,1:45 PM,0,0,1
67017735,67_67399_5136981,147406,2/26/27,2026-2027,11:56 AM,3,0,0
67017741,67_67399_5136981,146220,11/14/26,2026-2027,9:30 AM,0,0,0
67017745,67_67399_5136981,147951,4/2/27,2026-2027,10:53 AM,0,0,1
67017749,67_67399_5136981,147776,3/21/27,2026-2027,1:20 PM,0,2,0
67017749,67_67399_5136981,147799,3/24/27,2026-2027,1:28 PM,0,0,1
67017749,67_67399_5136981,147905,3/28/27,2026-2027,8:55 AM,0,0,1
67017754,67_67399_5136981,147231,2/14/27,2026-2027,2:40 PM,0,0,1
67017757,67_67399_5136981,146068,11/4/26,2026-2027,9:42 AM,0,1,0
67017757,67_67399_5136981,146274,11/19/26,2026-2027,11:20 AM,0,0,1
67017757,67_67399_5136981,146917,1/29/27,2026-2027,11:10 AM,0,1,0
67017757,67_67399_5136981,147073,2/6/27,2026-2027,11:12 AM,0,1,0
67017757,67_67399_5136981,147345,2/24/27,2026-2027,1:35 PM,0,0,1
67017766,67_67399_5136981,146108,11/6/26,2026-2027,12:53 PM,0,2,0
67017766,67_67399_5136981,146307,11/20/26,2026-2027,2:30 PM,0,1,0
67017766,67_67399_5136981,146936,1/28/27,2026-2027,9:30 AM,0,0,1
67017767,67_67399_5136981,145229,8/28/26,2026-2027,11:50 AM,0,0,0
67017767,67_67399_5136981,145473,9/17/26,2026-2027,8:05 AM,0,0,0
67017767,67_67399_5136981,146263,11/18/26,2026-2027,1:47 PM,0,0,0
67017767,67_67399_5136981,148596,5/22/27,2026-2027,12:03 PM,0,2,0
67017770,67_67399_5136981,145510,9/20/26,2026-2027,1:32 PM,0,2,0
67017770,67_67399_5136981,145762,10/10/26,2026-2027,10:19 AM,0,0,1
67017770,67_67399_5136981,146348,11/22/26,2026-2027,9:37 AM,0,0,1
67017770,67_67399_5136981,146865,1/28/27,2026-2027,9:21 AM,0,0,0
67017770,67_67399_5136981,147121,2/7/27,2026-2027,2:09 PM,0,0,1
67017770,67_67399_5136981,148136,4/14/27,2026-2027,2:35 PM,0,1,0
67017770,67_67399_5136981,148369,5/7/27,2026-2027,12:45 PM,4,0,1
67017772,67_67399_5136981,146283,11/19/26,2026-2027,2:42 PM,0,1,0
67017772,67_67399_5136981,146777,1/22/27,2026-2027,12:06 PM,0,1,0
67017772,67_67399_5136981,146879,1/28/27,2026-2027,11:27 AM,0,1,0
67017776,67_67399_5136981,148370,5/7/27,2026-2027,12:45 PM,2,0,1
67017788,67_67399_5136981,148563,5/21/27,2026-2027,9:58 AM,0,1,0
67017792,67_67399_5136981,146321,11/21/26,2026-2027,11:10 AM,0,2,0
67017792,67_67399_5136981,146808,1/23/27,2026-2027,10:55 AM,0,0,2
67017795,67_67399_5136981,145884,10/21/26,2026-2027,9:10 AM,0,1,0
67017795,67_67399_5136981,146062,10/25/26,2026-2027,2:00 PM,0,0,0
67017795,67_67399_5136981,146291,11/20/26,2026-2027,9:17 AM,0,1,0
67017795,67_67399_5136981,147525,12/15/26,2026-2027,2:50 PM,0,1,0
67017795,67_67399_5136981,147825,12/16/26,2026-2027,10:20 PM,0,0,1
67017795,67_67399_5136981,147826,12/18/26,2026-2027,2:02 PM,0,1,0
67017795,67_67399_5136981,147839,1/20/27,2026-2027,11:23 AM,0,2,0
67017795,67_67399_5136981,147841,1/21/27,2026-2027,1:10 PM,0,3,0
67017795,67_67399_5136981,147842,1/22/27,2026-2027,1:38 PM,0,1,0
67017795,67_67399_5136981,146815,1/23/27,2026-2027,9:00 AM,0,0,1
67017795,67_67399_5136981,146841,1/24/27,2026-2027,11:51 AM,0,1,0
67017795,67_67399_5136981,146862,1/27/27,2026-2027,11:26 AM,0,2,0
67017795,67_67399_5136981,146932,1/29/27,2026-2027,2:37 PM,0,0,1
67017795,67_67399_5136981,147013,2/4/27,2026-2027,9:21 AM,0,0,1
67017795,67_67399_5136981,147858,2/5/27,2026-2027,8:37 AM,0,2,0
67017795,67_67399_5136981,147860,2/10/27,2026-2027,9:52 AM,0,2,0
67017795,67_67399_5136981,147132,2/11/27,2026-2027,9:16 AM,0,2,0
67017795,67_67399_5136981,147861,2/11/27,2026-2027,9:54 AM,0,2,0
67017795,67_67399_5136981,147220,2/14/27,2026-2027,11:28 AM,0,1,0
67017795,67_67399_5136981,147863,2/14/27,2026-2027,9:56 AM,0,2,0
67017795,67_67399_5136981,147237,2/18/27,2026-2027,9:14 AM,0,1,0
67017795,67_67399_5136981,147868,2/19/27,2026-2027,10:50 AM,0,2,0
67017795,67_67399_5136981,147268,2/19/27,2026-2027,2:55 PM,0,0,1
67017795,67_67399_5136981,147388,2/26/27,2026-2027,2:43 PM,0,0,0
67017795,67_67399_5136981,147415,2/27/27,2026-2027,2:01 PM,0,0,1
67017795,67_67399_5136981,147488,3/3/27,2026-2027,2:05 PM,0,1,0
67017795,67_67399_5136981,147487,3/5/27,2026-2027,2:08 PM,0,0,1
67017795,67_67399_5136981,147503,3/6/27,2026-2027,10:22 AM,0,0,1
67017795,67_67399_5136981,147515,3/6/27,2026-2027,1:13 PM,0,0,1
67017795,67_67399_5136981,147588,3/11/27,2026-2027,2:02 PM,0,2,0
67017795,67_67399_5136981,147790,3/12/27,2026-2027,11:30 AM,2,0,0
67017795,67_67399_5136981,147781,3/21/27,2026-2027,2:56 PM,0,0,1
67017795,67_67399_5136981,147775,3/21/27,2026-2027,1:20 PM,0,1,0
67017795,67_67399_5136981,147793,3/24/27,2026-2027,11:00 AM,4,1,1
67017800,67_67399_5136981,147695,3/18/27,2026-2027,8:30 AM,0,1,0
67017817,67_67399_5136981,147620,3/13/27,2026-2027,12:00 PM,0,0,1
67017817,67_67399_5136981,147987,4/4/27,2026-2027,11:33 AM,0,1,0
67017824,67_67399_5136981,148498,5/15/27,2026-2027,1:00 PM,3,0,0
67017827,67_67399_5136981,147631,3/13/27,2026-2027,4:22 PM,0,0,1
67017827,67_67399_5136981,147641,3/14/27,2026-2027,9:47 AM,0,0,1
67017829,67_67399_5136981,147062,2/5/27,2026-2027,11:00 AM,0,1,0
67017834,67_67399_5136981,146414,12/4/26,2026-2027,12:07 PM,0,1,0
67017840,67_67399_5136981,145812,10/15/26,2026-2027,12:04 PM,0,1,0
67017840,67_67399_5136981,145892,10/21/26,2026-2027,2:54 PM,0,1,0
67017840,67_67399_5136981,145948,10/25/26,2026-2027,10:20 AM,0,0,1
67017840,67_67399_5136981,146565,12/18/26,2026-2027,10:22 AM,0,1,0
67017840,67_67399_5136981,147904,3/28/27,2026-2027,10:00 AM,0,1,1
67017841,67_67399_5136981,146412,12/4/26,2026-2027,12:19 PM,0,1,0
67017841,67_67399_5136981,147007,2/3/27,2026-2027,2:46 PM,0,0,1
67017841,67_67399_5136981,147642,3/13/27,2026-2027,9:53 AM,0,0,1
67017843,67_67399_5136981,147008,2/3/27,2026-2027,2:50 PM,0,1,0
67017847,67_67399_5136981,148455,5/14/27,2026-2027,9:09 AM,0,1,0
67017854,67_67399_5136981,145977,10/29/26,2026-2027,10:19 AM,0,1,0
67017857,67_67399_5136981,146490,12/11/26,2026-2027,12:10 PM,0,0,2
67017857,67_67399_5136981,147194,2/13/27,2026-2027,10:45 AM,0,1,1
67017861,67_67399_5136981,147633,3/13/27,2026-2027,4:28 PM,0,0,1
67017866,67_67399_5136981,146502,12/12/26,2026-2027,8:55 AM,0,0,1
67017866,67_67399_5136981,146818,1/23/27,2026-2027,1:28 PM,0,0,1
67017866,67_67399_5136981,147398,2/27/27,2026-2027,9:23 AM,0,0,1
67017866,67_67399_5136981,147484,3/5/27,2026-2027,9:10 AM,0,2,0
67017866,67_67399_5136981,147874,3/27/27,2026-2027,9:00 AM,0,2,0
67017880,67_67399_5136981,147902,3/28/27,2026-2027,2:43 PM,0,1,0
67017880,67_67399_5136981,148023,4/8/27,2026-2027,10:04 AM,0,1,0
67017880,67_67399_5136981,148491,5/15/27,2026-2027,2:10 PM,0,3,0
67017882,67_67399_5136981,147486,3/5/27,2026-2027,10:45 AM,0,2,0
67017891,67_67399_5136981,146979,1/31/27,2026-2027,12:31 PM,0,1,0
67017894,67_67399_5136981,146930,1/28/27,2026-2027,9:30 AM,0,0,1
67017897,67_67399_5136981,147108,2/7/27,2026-2027,9:00 AM,0,0,0
67017897,67_67399_5136981,147603,3/12/27,2026-2027,1:16 PM,0,0,1
67017904,67_67399_5136981,145883,10/21/26,2026-2027,9:00 AM,0,1,0
67017904,67_67399_5136981,145944,10/25/26,2026-2027,8:50 AM,0,0,1
67017904,67_67399_5136981,147215,2/14/27,2026-2027,8:23 AM,0,2,0
67017904,67_67399_5136981,147586,3/11/27,2026-2027,1:58 PM,0,3,0
67017904,67_67399_5136981,147697,3/18/27,2026-2027,10:02 AM,0,1,0
67017904,67_67399_5136981,148021,4/8/27,2026-2027,8:25 AM,0,0,1
67017905,67_67399_5136981,146115,11/6/26,2026-2027,3:08 PM,0,0,1
67017905,67_67399_5136981,146878,1/28/27,2026-2027,10:25 AM,0,0,0
67017906,67_67399_5136981,145802,10/14/26,2026-2027,2:47 PM,0,1,0
67017906,67_67399_5136981,146413,12/4/26,2026-2027,11:45 AM,0,2,0
67017906,67_67399_5136981,147029,2/4/27,2026-2027,11:45 AM,0,0,1
67017906,67_67399_5136981,147955,4/3/27,2026-2027,11:05 AM,0,1,0
67017910,67_67399_5136981,148493,5/15/27,2026-2027,2:18 PM,0,1,0
67017917,67_67399_5136981,148582,5/21/27,2026-2027,3:41 PM,0,1,0
67017920,67_67399_5136981,146445,12/6/26,2026-2027,10:46 AM,0,1,0
67017920,67_67399_5136981,148333,5/6/27,2026-2027,2:16 PM,0,0,1
67017924,67_67399_5136981,146344,11/21/26,2026-2027,4:13 PM,0,1,0
67017926,67_67399_5136981,147078,2/6/27,2026-2027,11:00 AM,0,2,0
67017927,67_67399_5136981,147643,3/13/27,2026-2027,9:56 AM,0,0,1
67017928,67_67399_5136981,145589,9/27/26,2026-2027,3:05 PM,0,1,0
67017928,67_67399_5136981,146388,12/2/26,2026-2027,2:54 PM,0,1,0
67017928,67_67399_5136981,147629,3/13/27,2026-2027,4:11 PM,0,0,1
67017929,67_67399_5136981,146586,1/6/27,2026-2027,10:30 AM,0,0,0
67017929,67_67399_5136981,147461,3/4/27,2026-2027,11:00 AM,0,0,2
67017930,67_67399_5136981,148366,5/7/27,2026-2027,12:45 PM,4,0,1
67017933,67_67399_5136981,147590,3/11/27,2026-2027,1:35 PM,3,0,0
67017938,67_67399_5136981,145792,10/11/26,2026-2027,2:43 PM,0,1,0
67017940,67_67399_5136981,147485,3/5/27,2026-2027,12:05 PM,0,2,0
67017940,67_67399_5136981,147646,3/13/27,2026-2027,10:02 AM,0,0,1
67017947,67_67399_5136981,146874,1/28/27,2026-2027,10:25 AM,0,0,0
67017950,67_67399_5136981,147645,3/13/27,2026-2027,10:00 AM,0,0,1
67017957,67_67399_5136981,147589,3/11/27,2026-2027,1:30 PM,3,0,0
67017957,67_67399_5136981,147978,4/3/27,2026-2027,3:06 PM,0,1,0
67017959,67_67399_5136981,145591,9/27/26,2026-2027,3:20 PM,0,1,0
67017967,67_67399_5136981,146834,1/24/27,2026-2027,9:40 AM,0,0,1
67017967,67_67399_5136981,147538,3/7/27,2026-2027,9:50 AM,0,1,0
67017972,67_67399_5136981,145710,10/7/26,2026-2027,3:04 PM,0,0,1
67017972,67_67399_5136981,146401,12/3/26,2026-2027,10:30 AM,0,0,0
67017972,67_67399_5136981,146643,1/10/27,2026-2027,9:00 AM,0,0,2
67017972,67_67399_5136981,147738,3/20/27,2026-2027,9:29 AM,0,1,0
67017972,67_67399_5136981,148035,4/8/27,2026-2027,11:15 AM,0,0,1
67017972,67_67399_5136981,148294,5/2/27,2026-2027,12:30 PM,0,1,0
67017972,67_67399_5136981,148561,5/21/27,2026-2027,9:27 AM,0,0,2
67017978,67_67399_5136981,146311,10/21/26,2026-2027,9:00 AM,0,0,0
67017978,67_67399_5136981,146266,11/18/26,2026-2027,1:47 PM,0,0,0
67017978,67_67399_5136981,146812,1/23/27,2026-2027,10:10 AM,0,0,2
67017978,67_67399_5136981,148426,5/12/27,2026-2027,1:45 PM,0,1,0
67017985,67_67399_5136981,145167,8/21/26,2026-2027,8:10 AM,0,0,0
67017985,67_67399_5136981,145440,9/12/26,2026-2027,12:45 PM,0,0,0
67017985,67_67399_5136981,146197,10/22/26,2026-2027,9:50 AM,0,0,1
67017985,67_67399_5136981,146138,11/7/26,2026-2027,3:00 PM,0,0,0
67017986,67_67399_5136981,147592,3/11/27,2026-2027,11:22 AM,0,1,0
67017990,67_67399_5136981,145788,10/11/26,2026-2027,10:17 AM,0,1,0
67017990,67_67399_5136981,146916,1/29/27,2026-2027,11:40 AM,0,0,2
67017995,67_67399_5136981,147594,3/11/27,2026-2027,11:19 AM,0,1,0
67017995,67_67399_5136981,147630,3/13/27,2026-2027,4:18 PM,0,0,1
67018020,67_67399_5136981,148470,5/14/27,2026-2027,2:38 PM,0,1,0
67018023,67_67399_5136981,147644,3/13/27,2026-2027,9:57 AM,0,0,1
67018024,67_67399_5136981,148693,6/2/27,2026-2027,2:11 PM,0,1,0
67018025,67_67399_5136981,147632,3/13/27,2026-2027,4:26 PM,0,0,1
67018025,67_67399_5136981,148579,5/21/27,2026-2027,2:31 PM,0,2,0
67018032,67_67399_5136981,146103,11/6/26,2026-2027,10:40 AM,0,0,0
67018032,67_67399_5136981,146194,11/13/26,2026-2027,1:13 PM,0,2,0
67018033,67_67399_5136981,147111,2/7/27,2026-2027,9:00 AM,3,0,0
67018040,67_67399_5136981,146132,11/7/26,2026-2027,2:41 PM,0,1,0
67018044,67_67399_5136981,146904,1/28/27,2026-2027,12:30 PM,0,0,1
67018045,67_67399_5136981,146956,1/30/27,2026-2027,1:53 PM,0,0,1
67018045,67_67399_5136981,147953,4/3/27,2026-2027,11:00 AM,0,1,0
67018046,67_67399_5136981,146955,1/30/27,2026-2027,1:47 PM,0,1,0
67018050,67_67399_5136981,148432,5/13/27,2026-2027,8:32 AM,0,1,2
67018052,67_67399_5136981,147587,3/11/27,2026-2027,11:53 AM,0,1,0
67018066,67_67399_5136981,147906,3/28/27,2026-2027,2:05 PM,0,0,1
67017094,67_67399_5136980,146560,12/17/26,2026-2027,1:45 PM,0,1,0
67017094,67_67399_5136980,146924,1/29/27,2026-2027,1:28 PM,1,0,0
67018075,67_67399_5136980,145628,10/2/26,2026-2027,10:35 AM,0,2,0
67018075,67_67399_5136980,145799,10/14/26,2026-2027,2:30 PM,0,1,0
67018075,67_67399_5136980,147831,3/25/27,2026-2027,2:50 PM,0,1,0
67018075,67_67399_5136980,148169,4/16/27,2026-2027,12:30 PM,0,1,0
67018076,67_67399_5136980,148049,4/8/27,2026-2027,12:45 PM,0,0,1
67018080,67_67399_5136980,146436,12/5/26,2026-2027,11:40 AM,0,0,0
67018082,67_67399_5136980,147246,2/18/27,2026-2027,11:08 AM,0,3,1
67018084,67_67399_5136980,145309,9/4/26,2026-2027,4:24 PM,0,2,1
67018084,67_67399_5136980,145377,9/10/26,2026-2027,10:10 AM,0,0,1
67018084,67_67399_5136980,145400,9/10/26,2026-2027,3:15 PM,0,0,0
67018084,67_67399_5136980,145469,9/17/26,2026-2027,9:49 AM,0,1,0
67018084,67_67399_5136980,145504,9/20/26,2026-2027,10:45 AM,0,0,2
67018084,67_67399_5136980,145525,9/23/26,2026-2027,11:43 AM,0,1,0
67018084,67_67399_5136980,145543,9/24/26,2026-2027,12:24 PM,0,2,0
67018084,67_67399_5136980,145579,9/27/26,2026-2027,10:36 AM,0,1,0
67018084,67_67399_5136980,145631,10/2/26,2026-2027,11:28 AM,0,2,0
67018084,67_67399_5136980,145646,10/3/26,2026-2027,10:24 AM,0,2,0
67018084,67_67399_5136980,145696,10/7/26,2026-2027,11:03 AM,0,2,0
67018084,67_67399_5136980,145720,10/8/26,2026-2027,11:04 AM,0,0,1
67018084,67_67399_5136980,145763,10/10/26,2026-2027,11:04 AM,0,2,0
67018084,67_67399_5136980,145796,10/14/26,2026-2027,11:13 AM,0,1,2
67018085,67_67399_5136980,145524,9/23/26,2026-2027,11:40 AM,0,1,0
67018085,67_67399_5136980,146048,11/1/26,2026-2027,12:17 PM,0,1,0
67018085,67_67399_5136980,146340,11/21/26,2026-2027,2:30 PM,0,0,0
67018085,67_67399_5136980,146761,1/17/27,2026-2027,1:30 PM,0,0,2
67018085,67_67399_5136980,147064,2/6/27,2026-2027,8:13 AM,0,0,1
67018085,67_67399_5136980,147240,2/18/27,2026-2027,9:46 AM,0,0,1
67018085,67_67399_5136980,147501,3/6/27,2026-2027,10:05 AM,0,0,1
67018085,67_67399_5136980,147880,3/27/27,2026-2027,1:34 PM,0,1,0
67018085,67_67399_5136980,147917,4/1/27,2026-2027,1:59 PM,0,3,0
67018085,67_67399_5136980,147926,4/2/27,2026-2027,9:41 AM,0,1,0
67018085,67_67399_5136980,148358,5/7/27,2026-2027,11:45 AM,0,1,0
67018085,67_67399_5136980,148349,5/7/27,2026-2027,10:13 AM,0,1,0
67018085,67_67399_5136980,148385,5/8/27,2026-2027,12:55 PM,0,0,0
67018085,67_67399_5136980,148375,5/8/27,2026-2027,9:44 AM,0,1,0
67018086,67_67399_5136980,145490,9/19/26,2026-2027,9:51 AM,0,1,0
67018088,67_67399_5136980,145867,10/17/26,2026-2027,2:23 PM,0,1,0
67018088,67_67399_5136980,148354,5/7/27,2026-2027,11:59 AM,0,1,0
67018089,67_67399_5136980,145176,8/22/26,2026-2027,11:30 AM,0,1,1
67018089,67_67399_5136980,145439,9/12/26,2026-2027,2:09 PM,0,1,0
67018089,67_67399_5136980,145672,10/4/26,2026-2027,10:15 AM,0,0,1
67018089,67_67399_5136980,146017,10/30/26,2026-2027,12:10 PM,0,1,0
67018089,67_67399_5136980,146074,11/4/26,2026-2027,12:05 PM,0,2,0
67018089,67_67399_5136980,146086,11/5/26,2026-2027,1:31 PM,0,0,1
67018089,67_67399_5136980,146087,11/5/26,2026-2027,1:26 PM,0,0,1
67018089,67_67399_5136980,146205,11/14/26,2026-2027,9:19 AM,0,0,0
67018089,67_67399_5136980,146473,12/10/26,2026-2027,10:15 AM,0,0,0
67018089,67_67399_5136980,146505,12/12/26,2026-2027,9:33 AM,0,1,1
67018089,67_67399_5136980,146567,12/18/26,2026-2027,9:55 AM,0,0,0
67018091,67_67399_5136980,148360,5/7/27,2026-2027,1:02 PM,0,1,0
67018094,67_67399_5136980,145332,9/6/26,2026-2027,9:00 AM,0,0,1
67018094,67_67399_5136980,145438,9/12/26,2026-2027,2:00 PM,0,2,1
67018094,67_67399_5136980,145500,9/19/26,2026-2027,2:45 PM,0,0,2
67018094,67_67399_5136980,145823,10/16/26,2026-2027,10:54 AM,0,0,1
67018094,67_67399_5136980,145913,10/23/26,2026-2027,11:27 AM,0,1,0
67018094,67_67399_5136980,146073,11/4/26,2026-2027,11:48 AM,0,2,0
67018094,67_67399_5136980,146208,11/14/26,2026-2027,10:45 AM,0,2,0
67018094,67_67399_5136980,146244,11/16/26,2026-2027,8:30 AM,0,0,1
67018094,67_67399_5136980,146289,11/19/26,2026-2027,3:59 PM,0,0,1
67018094,67_67399_5136980,146270,11/19/26,2026-2027,11:29 AM,0,1,0
67018094,67_67399_5136980,146535,12/14/26,2026-2027,10:59 AM,0,0,1
67018094,67_67399_5136980,146839,1/24/27,2026-2027,11:14 AM,0,1,0
67018094,67_67399_5136980,146974,1/31/27,2026-2027,11:20 AM,0,1,2
67018094,67_67399_5136980,147507,3/6/27,2026-2027,11:57 AM,0,0,1
67018094,67_67399_5136980,147700,3/18/27,2026-2027,11:26 AM,0,0,1
67018094,67_67399_5136980,147754,3/20/27,2026-2027,11:50 AM,0,2,0
67018094,67_67399_5136980,147928,4/2/27,2026-2027,10:58 AM,0,1,0
67018094,67_67399_5136980,147981,4/3/27,2026-2027,3:25 PM,0,1,0
67018094,67_67399_5136980,148166,4/16/27,2026-2027,11:34 AM,0,1,0
67018094,67_67399_5136980,148292,5/2/27,2026-2027,9:29 AM,0,2,1
67018094,67_67399_5136980,148304,5/5/27,2026-2027,10:36 AM,0,2,0
67018094,67_67399_5136980,148346,5/7/27,2026-2027,9:29 AM,0,2,0
67018094,67_67399_5136980,148416,5/12/27,2026-2027,12:50 PM,0,0,1
67018094,67_67399_5136980,148405,5/12/27,2026-2027,10:51 AM,0,1,0
67018094,67_67399_5136980,148517,5/16/27,2026-2027,11:46 AM,0,2,0
67018094,67_67399_5136980,148529,5/19/27,2026-2027,10:04 AM,0,1,2
67018094,67_67399_5136980,148720,6/5/27,2026-2027,2:30 PM,0,1,1
67018097,67_67399_5136980,145339,9/6/26,2026-2027,12:22 PM,0,0,1
67018097,67_67399_5136980,145636,10/1/26,2026-2027,12:30 PM,0,0,2
67018097,67_67399_5136980,145669,10/4/26,2026-2027,10:15 AM,0,0,1
67018097,67_67399_5136980,145856,10/17/26,2026-2027,12:26 PM,0,1,0
67018097,67_67399_5136980,146442,12/6/26,2026-2027,10:25 AM,0,2,0
67018097,67_67399_5136980,146607,1/7/27,2026-2027,11:45 AM,0,0,2
67018097,67_67399_5136980,147445,3/3/27,2026-2027,2:12 PM,0,0,0
67018103,67_67399_5136980,145260,8/29/26,2026-2027,11:15 AM,2,0,0
67018103,67_67399_5136980,147964,4/3/27,2026-2027,12:50 PM,0,2,0
67018108,67_67399_5136980,147313,2/21/27,2026-2027,12:47 PM,0,0,0
67018108,67_67399_5136980,148088,4/10/27,2026-2027,1:12 PM,0,0,0
67018109,67_67399_5136980,145313,9/5/26,2026-2027,10:23 AM,0,1,0
67018110,67_67399_5136980,145470,9/17/26,2026-2027,10:15 AM,0,2,0
67018110,67_67399_5136980,147023,2/4/27,2026-2027,11:18 AM,0,1,1
67018110,67_67399_5136980,148245,4/30/27,2026-2027,9:42 AM,0,2,1
67018116,67_67399_5136980,148126,4/14/27,2026-2027,11:58 AM,0,1,0
67018119,67_67399_5136980,147804,3/24/27,2026-2027,2:27 PM,0,2,0
67018119,67_67399_5136980,148705,6/3/27,2026-2027,2:28 PM,0,1,0
67018128,67_67399_5136980,145757,10/10/26,2026-2027,8:13 AM,0,1,0
67018128,67_67399_5136980,146500,12/11/26,2026-2027,2:40 PM,0,1,0
67018130,67_67399_5136980,145604,9/30/26,2026-2027,12:00 PM,0,0,1
67018133,67_67399_5136980,146325,11/21/26,2026-2027,12:10 PM,0,1,0
67018133,67_67399_5136980,148115,4/14/27,2026-2027,2:00 PM,0,0,0
67018139,67_67399_5136980,147815,3/25/27,2026-2027,11:40 AM,0,1,0
67018139,67_67399_5136980,148002,4/7/27,2026-2027,12:20 PM,0,1,0
67018140,67_67399_5136980,145773,10/10/26,2026-2027,2:31 PM,0,1,0
67018140,67_67399_5136980,146564,12/18/26,2026-2027,10:18 AM,0,3,0
67018140,67_67399_5136980,147094,2/6/27,2026-2027,1:10 PM,3,0,0
67018140,67_67399_5136980,147884,3/27/27,2026-2027,2:26 PM,0,1,0
67018140,67_67399_5136980,148612,5/23/27,2026-2027,11:13 AM,0,1,0
67018141,67_67399_5136980,145404,9/11/26,2026-2027,11:07 AM,0,0,1
67018141,67_67399_5136980,145928,10/23/26,2026-2027,2:15 PM,0,0,0
67018141,67_67399_5136980,145966,10/28/26,2026-2027,1:43 PM,0,1,0
67018141,67_67399_5136980,146334,11/21/26,2026-2027,1:36 PM,0,1,0
67018141,67_67399_5136980,146479,12/10/26,2026-2027,1:38 PM,0,1,0
67018141,67_67399_5136980,146590,1/6/27,2026-2027,1:50 PM,0,1,0
67018141,67_67399_5136980,146780,1/22/27,2026-2027,1:51 PM,0,1,0
67018141,67_67399_5136980,147016,2/4/27,2026-2027,9:52 AM,0,1,0
67018141,67_67399_5136980,147462,3/4/27,2026-2027,2:12 PM,0,1,0
67018141,67_67399_5136980,148007,4/7/27,2026-2027,2:33 PM,0,1,0
67018141,67_67399_5136980,148558,5/20/27,2026-2027,2:36 PM,0,1,0
67018141,67_67399_5136980,148557,5/20/27,2026-2027,2:13 PM,0,1,0
67018141,67_67399_5136980,148638,5/27/27,2026-2027,3:13 PM,0,1,0
67018143,67_67399_5136980,145674,10/4/26,2026-2027,11:30 AM,0,0,1
67018143,67_67399_5136980,146740,1/16/27,2026-2027,9:20 AM,0,0,0
67018143,67_67399_5136980,147021,2/4/27,2026-2027,11:00 AM,0,1,2
67018143,67_67399_5136980,147113,2/7/27,2026-2027,10:58 AM,0,2,1
67018143,67_67399_5136980,147191,2/13/27,2026-2027,11:12 AM,0,0,1
67018143,67_67399_5136980,147368,2/25/27,2026-2027,2:07 PM,0,0,1
67018143,67_67399_5136980,147450,3/4/27,2026-2027,9:28 AM,0,1,0
67018143,67_67399_5136980,147765,3/21/27,2026-2027,9:18 AM,0,2,0
67018143,67_67399_5136980,147923,4/2/27,2026-2027,9:03 AM,0,0,1
67018143,67_67399_5136980,148237,4/29/27,2026-2027,1:57 PM,0,1,0
67018143,67_67399_5136980,148635,5/27/27,2026-2027,11:46 AM,0,0,1
67018143,67_67399_5136980,148657,5/29/27,2026-2027,12:25 PM,0,0,1
67018144,67_67399_5136980,145240,8/28/26,2026-2027,2:59 PM,0,1,1
67018144,67_67399_5136980,145851,10/17/26,2026-2027,9:20 AM,0,1,0
67018144,67_67399_5136980,146556,12/17/26,2026-2027,10:54 AM,0,2,0
67018146,67_67399_5136980,145676,10/4/26,2026-2027,12:14 PM,0,1,0
67018149,67_67399_5136980,145431,9/12/26,2026-2027,12:15 PM,0,1,0
67018149,67_67399_5136980,146403,12/3/26,2026-2027,1:35 PM,0,2,0
67018149,67_67399_5136980,147065,2/6/27,2026-2027,8:25 AM,0,2,0
67018150,67_67399_5136980,147254,2/18/27,2026-2027,1:50 PM,0,2,0
67018150,67_67399_5136980,148570,5/21/27,2026-2027,11:20 AM,0,0,1
67018156,67_67399_5136980,145197,8/27/26,2026-2027,7:55 AM,0,1,0
67018156,67_67399_5136980,145760,10/9/26,2026-2027,10:50 AM,0,2,0
67018156,67_67399_5136980,146608,1/7/27,2026-2027,11:45 AM,0,0,2
67018156,67_67399_5136980,147189,2/13/27,2026-2027,10:23 AM,0,0,1
67018156,67_67399_5136980,147285,2/20/27,2026-2027,2:12 PM,0,4,0
67018156,67_67399_5136980,148576,5/21/27,2026-2027,11:20 AM,0,1,1
67018159,67_67399_5136980,146821,1/23/27,2026-2027,2:08 PM,0,1,0
67018159,67_67399_5136980,146891,1/28/27,2026-2027,1:45 PM,0,2,0
67018159,67_67399_5136980,147090,2/6/27,2026-2027,1:30 PM,0,1,0
67018159,67_67399_5136980,147435,3/3/27,2026-2027,1:54 PM,0,0,1
67018159,67_67399_5136980,147520,3/6/27,2026-2027,1:57 PM,0,0,2
67018159,67_67399_5136980,147979,4/3/27,2026-2027,3:12 PM,0,1,0
67018159,67_67399_5136980,148453,5/13/27,2026-2027,2:53 PM,0,0,0
67018159,67_67399_5136980,148538,5/19/27,2026-2027,1:56 PM,0,2,0
67018161,67_67399_5136980,145479,9/18/26,2026-2027,11:43 AM,0,1,0
67018163,67_67399_5136980,147456,3/4/27,2026-2027,12:23 PM,0,1,0
67018166,67_67399_5136980,147326,2/24/27,2026-2027,10:40 AM,0,0,0
67018166,67_67399_5136980,147767,3/21/27,2026-2027,9:18 AM,0,1,0
67018166,67_67399_5136980,147813,3/25/27,2026-2027,10:22 AM,0,1,0
67018169,67_67399_5136980,147988,4/4/27,2026-2027,1:10 PM,0,0,1
67018171,67_67399_5136980,145295,8/30/26,2026-2027,7:55 AM,0,1,0
67018174,67_67399_5136980,148447,5/13/27,2026-2027,1:20 PM,0,0,1
67018174,67_67399_5136980,148719,6/5/27,2026-2027,2:19 PM,0,0,1
67018181,67_67399_5136980,145829,10/16/26,2026-2027,11:40 AM,0,0,1
67018181,67_67399_5136980,148610,5/23/27,2026-2027,9:30 AM,0,1,0
67018186,67_67399_5136980,146636,1/9/27,2026-2027,9:13 AM,0,0,1
67018186,67_67399_5136980,148631,5/27/27,2026-2027,9:30 AM,0,3,0
67018189,67_67399_5136980,147082,2/6/27,2026-2027,12:55 PM,0,1,0
67018194,67_67399_5136980,145298,9/3/26,2026-2027,12:01 PM,0,1,0
67018194,67_67399_5136980,145382,9/10/26,2026-2027,2:45 PM,0,2,0
67018194,67_67399_5136980,147821,3/25/27,2026-2027,10:16 AM,0,0,0
67018199,67_67399_5136980,147080,2/6/27,2026-2027,12:15 PM,0,1,0
67018199,67_67399_5136980,147081,2/6/27,2026-2027,12:33 PM,0,1,0
67018210,67_67399_5136980,148383,5/8/27,2026-2027,1:31 PM,0,0,1
67018210,67_67399_5136980,148379,5/8/27,2026-2027,11:37 AM,0,0,1
67018211,67_67399_5136980,146735,1/16/27,2026-2027,12:50 PM,0,1,0
67018216,67_67399_5136980,148052,4/9/27,2026-2027,11:20 AM,0,1,0
67018220,67_67399_5136980,145458,9/16/26,2026-2027,8:05 AM,0,1,0
67018223,67_67399_5136980,145815,10/15/26,2026-2027,2:18 PM,0,1,0
67018223,67_67399_5136980,145846,10/17/26,2026-2027,8:10 AM,0,1,0
67018225,67_67399_5136980,145687,10/4/26,2026-2027,2:23 PM,0,1,1
67018227,67_67399_5136980,147600,3/12/27,2026-2027,11:58 AM,0,1,0
67018228,67_67399_5136980,145195,8/27/26,2026-2027,8:08 AM,0,1,0
67018228,67_67399_5136980,145423,9/12/26,2026-2027,10:24 AM,0,1,0
67018228,67_67399_5136980,146069,11/4/26,2026-2027,10:15 AM,0,0,0
67018228,67_67399_5136980,146102,11/6/26,2026-2027,11:36 AM,0,1,0
67018228,67_67399_5136980,147379,2/26/27,2026-2027,10:40 AM,0,1,0
67018229,67_67399_5136980,145474,9/18/26,2026-2027,9:15 AM,0,1,0
67018230,67_67399_5136980,145270,8/29/26,2026-2027,8:15 AM,0,1,0
67018230,67_67399_5136980,147819,3/25/27,2026-2027,12:03 PM,0,1,0
67018232,67_67399_5136980,148451,5/13/27,2026-2027,2:10 PM,0,2,0
67018234,67_67399_5136980,145199,8/27/26,2026-2027,9:15 AM,0,1,0
67018243,67_67399_5136980,146685,1/14/27,2026-2027,9:45 AM,0,0,0
67018243,67_67399_5136980,147110,2/7/27,2026-2027,10:43 AM,0,1,0
67018245,67_67399_5136980,145315,9/5/26,2026-2027,11:30 AM,0,1,0
67018245,67_67399_5136980,146510,12/12/26,2026-2027,11:47 AM,0,2,0
67018245,67_67399_5136980,146784,1/22/27,2026-2027,2:26 PM,0,0,0
67018245,67_67399_5136980,147768,3/21/27,2026-2027,7:54 AM,0,0,0
67018245,67_67399_5136980,147990,4/4/27,2026-2027,3:01 PM,0,0,2
67018249,67_67399_5136980,145405,9/11/26,2026-2027,12:02 PM,0,0,1
67018249,67_67399_5136980,145733,10/9/26,2026-2027,11:53 AM,0,1,1
67018249,67_67399_5136980,146343,11/21/26,2026-2027,3:00 PM,0,2,0
67018249,67_67399_5136980,146965,1/30/27,2026-2027,2:40 PM,0,0,1
67018252,67_67399_5136980,148611,5/23/27,2026-2027,11:05 AM,0,1,0
67018258,67_67399_5136980,145528,9/23/26,2026-2027,11:35 AM,0,2,0
67018258,67_67399_5136980,146282,11/19/26,2026-2027,2:30 PM,0,2,1
67018258,67_67399_5136980,146378,12/2/26,2026-2027,11:27 AM,0,0,1
67018258,67_67399_5136980,147369,2/25/27,2026-2027,2:27 PM,0,2,1
67018258,67_67399_5136980,147432,3/3/27,2026-2027,12:00 PM,0,1,0
67018258,67_67399_5136980,147597,3/12/27,2026-2027,11:23 AM,0,2,0
67018258,67_67399_5136980,147701,3/18/27,2026-2027,11:24 AM,0,0,1
67018258,67_67399_5136980,147719,3/19/27,2026-2027,11:18 AM,0,1,0
67018258,67_67399_5136980,148421,5/12/27,2026-2027,2:50 PM,0,1,1
67018258,67_67399_5136980,148687,6/2/27,2026-2027,10:35 AM,0,2,0
67018258,67_67399_5136980,148696,6/2/27,2026-2027,2:19 PM,0,1,0
67018259,67_67399_5136980,147136,2/11/27,2026-2027,10:20 AM,0,1,0
67018266,67_67399_5136980,146252,11/18/26,2026-2027,11:10 AM,0,2,0
67018266,67_67399_5136980,146959,1/30/27,2026-2027,1:59 PM,0,1,0
67018266,67_67399_5136980,148000,4/7/27,2026-2027,1:44 PM,0,1,0
67018266,67_67399_5136980,148481,5/15/27,2026-2027,11:25 AM,0,0,0
67018270,67_67399_5136980,147846,3/26/27,2026-2027,12:21 PM,0,0,1
67018273,67_67399_5136980,146729,1/15/27,2026-2027,3:16 PM,0,0,1
67018287,67_67399_5136980,145415,9/12/26,2026-2027,8:01 AM,0,1,0
67018287,67_67399_5136980,145599,9/30/26,2026-2027,1:11 PM,3,0,0
67018287,67_67399_5136980,147404,2/27/27,2026-2027,11:56 AM,0,2,0
67018287,67_67399_5136980,148326,5/6/27,2026-2027,11:50 AM,0,1,0
67018287,67_67399_5136980,148679,6/2/27,2026-2027,9:25 AM,0,1,1
67018292,67_67399_5136980,147743,3/20/27,2026-2027,10:40 AM,0,0,0
67018294,67_67399_5136980,147477,3/5/27,2026-2027,11:45 AM,0,1,0
67018304,67_67399_5136980,146940,1/30/27,2026-2027,9:03 AM,0,1,1
67018304,67_67399_5136980,148181,4/17/27,2026-2027,8:43 AM,0,0,1
67018307,67_67399_5136980,146947,1/30/27,2026-2027,11:54 AM,0,1,1
67018307,67_67399_5136980,147557,3/10/27,2026-2027,1:48 PM,0,0,1
67018307,67_67399_5136980,148362,5/7/27,2026-2027,1:44 PM,0,2,0
67018308,67_67399_5136980,148076,4/10/27,2026-2027,10:33 AM,0,0,1
67018309,67_67399_5136980,147151,2/11/27,2026-2027,12:54 PM,0,1,0
67018316,67_67399_5136980,145766,10/10/26,2026-2027,12:20 PM,0,2,0
67018316,67_67399_5136980,146349,11/22/26,2026-2027,10:20 AM,0,2,0
67018316,67_67399_5136980,146919,1/29/27,2026-2027,12:43 PM,0,1,0
67018316,67_67399_5136980,147734,3/19/27,2026-2027,3:45 PM,0,0,1
67018316,67_67399_5136980,148450,5/13/27,2026-2027,10:14 AM,0,0,0
67018316,67_67399_5136980,148500,5/15/27,2026-2027,1:40 PM,0,2,0
67018316,67_67399_5136980,148545,5/20/27,2026-2027,9:55 AM,0,2,0
67018316,67_67399_5136980,148544,5/20/27,2026-2027,9:09 AM,0,0,0
67018316,67_67399_5136980,148625,5/23/27,2026-2027,2:35 PM,0,1,0
67018316,67_67399_5136980,148686,6/2/27,2026-2027,10:35 AM,0,2,0
67018320,67_67399_5136980,145551,9/25/26,2026-2027,9:21 AM,0,1,0
67018323,67_67399_5136980,145255,8/29/26,2026-2027,10:44 AM,0,2,0
67018323,67_67399_5136980,145527,9/23/26,2026-2027,11:55 AM,0,2,0
67018323,67_67399_5136980,145614,10/1/26,2026-2027,11:58 AM,0,0,2
67018323,67_67399_5136980,145732,10/9/26,2026-2027,11:33 AM,0,0,2
67018323,67_67399_5136980,145849,10/16/26,2026-2027,3:30 PM,0,2,2
67018323,67_67399_5136980,146147,11/8/26,2026-2027,11:43 AM,0,1,0
67018323,67_67399_5136980,146207,11/14/26,2026-2027,10:34 AM,0,2,1
67018323,67_67399_5136980,146333,11/18/26,2026-2027,9:15 AM,0,0,0
67018323,67_67399_5136980,146287,11/19/26,2026-2027,2:40 PM,0,0,2
67018323,67_67399_5136980,146268,11/19/26,2026-2027,11:05 AM,0,2,1
67018323,67_67399_5136980,146285,11/19/26,2026-2027,2:53 PM,0,1,1
67018323,67_67399_5136980,146297,11/19/26,2026-2027,2:15 PM,0,1,2
67018330,67_67399_5136980,145549,9/24/26,2026-2027,11:50 AM,0,1,0
67018330,67_67399_5136980,145878,10/18/26,2026-2027,11:52 AM,0,1,0
67018330,67_67399_5136980,146860,1/27/27,2026-2027,10:53 AM,0,1,0
67018330,67_67399_5136980,147960,4/3/27,2026-2027,11:45 AM,0,2,0
67018330,67_67399_5136980,148469,5/14/27,2026-2027,2:25 PM,0,1,0
67018334,67_67399_5136980,148178,4/17/27,2026-2027,8:17 AM,0,1,0
67018337,67_67399_5136980,147547,3/10/27,2026-2027,8:45 AM,0,1,0
67018342,67_67399_5136980,145208,8/27/26,2026-2027,11:57 AM,0,1,0
67018348,67_67399_5136980,146203,11/14/26,2026-2027,9:19 AM,0,0,0
67018348,67_67399_5136980,147453,3/4/27,2026-2027,10:27 AM,0,0,0
67018348,67_67399_5136980,147625,3/13/27,2026-2027,2:02 PM,0,1,0
67018348,67_67399_5136980,147660,3/14/27,2026-2027,1:28 PM,0,0,1
67018348,67_67399_5136980,147680,3/17/27,2026-2027,1:20 PM,0,0,1
67018348,67_67399_5136980,148305,5/5/27,2026-2027,10:44 AM,0,1,0
67018348,67_67399_5136980,148324,5/6/27,2026-2027,11:29 AM,0,1,0
67018348,67_67399_5136980,148352,5/7/27,2026-2027,10:37 AM,0,4,0
67018348,67_67399_5136980,148434,5/12/27,2026-2027,9:53 AM,3,0,1
67018348,67_67399_5136980,148695,6/2/27,2026-2027,2:19 PM,0,1,0
67018349,67_67399_5136980,145196,8/27/26,2026-2027,8:08 AM,0,1,0
67018349,67_67399_5136980,145866,10/17/26,2026-2027,2:46 PM,0,1,0
67018349,67_67399_5136980,147092,2/6/27,2026-2027,1:34 PM,0,2,0
67018349,67_67399_5136980,147197,2/13/27,2026-2027,1:22 PM,0,0,0
67018349,67_67399_5136980,147221,2/14/27,2026-2027,12:00 PM,0,0,0
67018349,67_67399_5136980,148691,6/2/27,2026-2027,12:08 PM,0,1,0
67018352,67_67399_5136980,145399,9/11/26,2026-2027,3:15 PM,1,0,0
67018352,67_67399_5136980,147797,3/24/27,2026-2027,1:24 PM,0,2,0
67018372,67_67399_5136980,146688,1/14/27,2026-2027,10:50 AM,0,0,0
67018373,67_67399_5136980,148180,4/17/27,2026-2027,8:41 AM,0,0,1
67018376,67_67399_5136980,147270,2/19/27,2026-2027,3:19 PM,0,1,1
67018376,67_67399_5136980,147419,2/27/27,2026-2027,3:10 PM,0,0,1
67018376,67_67399_5136980,147466,3/4/27,2026-2027,3:28 PM,0,1,2
67018379,67_67399_5136980,145522,9/23/26,2026-2027,8:10 AM,0,1,0
67018380,67_67399_5136980,146489,12/11/26,2026-2027,10:48 AM,0,1,0
67018382,67_67399_5136980,146026,10/31/26,2026-2027,10:30 AM,0,0,0
67018382,67_67399_5136980,147000,2/3/27,2026-2027,11:57 AM,0,1,1
67018386,67_67399_5136980,145554,9/25/26,2026-2027,12:21 PM,0,1,0
67018386,67_67399_5136980,147119,2/7/27,2026-2027,1:34 PM,0,0,1
67018386,67_67399_5136980,148179,4/17/27,2026-2027,8:21 AM,0,0,1
67018386,67_67399_5136980,148688,6/2/27,2026-2027,11:38 AM,0,0,1
67018392,67_67399_5136980,147400,2/27/27,2026-2027,11:45 AM,0,1,0
67018396,67_67399_5136980,145899,10/22/26,2026-2027,10:33 AM,0,1,0
67018406,67_67399_5136980,145387,9/10/26,2026-2027,3:15 PM,0,1,0
67018406,67_67399_5136980,145906,10/22/26,2026-2027,1:24 PM,0,1,1
67018406,67_67399_5136980,146005,10/30/26,2026-2027,9:42 AM,0,2,1
67018406,67_67399_5136980,146139,11/7/26,2026-2027,10:10 AM,0,1,1
67018406,67_67399_5136980,146145,11/8/26,2026-2027,10:53 AM,0,2,1
67018406,67_67399_5136980,146443,12/6/26,2026-2027,10:32 AM,0,2,0
67018406,67_67399_5136980,146905,1/29/27,2026-2027,10:19 AM,0,1,0
67018406,67_67399_5136980,146946,1/30/27,2026-2027,11:20 AM,0,1,0
67018406,67_67399_5136980,147446,3/3/27,2026-2027,2:12 PM,0,0,1
67018406,67_67399_5136980,147817,3/25/27,2026-2027,10:16 AM,0,0,0
67018408,67_67399_5136980,146322,11/21/26,2026-2027,11:27 AM,0,0,0
67018408,67_67399_5136980,147777,3/21/27,2026-2027,2:06 PM,0,2,0
67018408,67_67399_5136980,147829,3/25/27,2026-2027,2:23 PM,0,2,1
67018408,67_67399_5136980,147914,4/1/27,2026-2027,9:40 AM,0,0,1
67018418,67_67399_5136980,146778,1/22/27,2026-2027,1:13 PM,0,1,0
67018418,67_67399_5136980,147661,3/13/27,2026-2027,3:15 PM,0,0,0
67018418,67_67399_5136980,148442,5/13/27,2026-2027,12:37 PM,0,1,0
67018423,67_67399_5136980,145231,8/28/26,2026-2027,11:26 AM,0,1,0
67018423,67_67399_5136980,145337,9/6/26,2026-2027,12:20 PM,0,1,0
67018423,67_67399_5136980,145403,9/10/26,2026-2027,3:15 PM,0,0,0
67018423,67_67399_5136980,145656,10/3/26,2026-2027,1:40 PM,0,2,0
67018423,67_67399_5136980,145817,10/15/26,2026-2027,3:22 PM,0,1,0
67018423,67_67399_5136980,146259,11/18/26,2026-2027,2:57 PM,0,1,1
67018423,67_67399_5136980,146421,12/4/26,2026-2027,2:53 PM,0,1,0
67018423,67_67399_5136980,146476,12/10/26,2026-2027,11:55 AM,3,0,0
67018423,67_67399_5136980,146822,1/23/27,2026-2027,2:27 PM,0,1,0
67018423,67_67399_5136980,146952,1/30/27,2026-2027,1:28 PM,0,2,0
67018423,67_67399_5136980,147436,3/3/27,2026-2027,2:14 PM,0,1,0
67018423,67_67399_5136980,147773,3/21/27,2026-2027,1:24 PM,0,0,1
67018423,67_67399_5136980,148661,5/29/27,2026-2027,1:56 PM,0,1,0
67018427,67_67399_5136980,145190,8/26/26,2026-2027,12:23 PM,0,1,0
67018428,67_67399_5136980,145600,9/30/26,2026-2027,1:01 PM,0,1,0
67018428,67_67399_5136980,147290,2/21/27,2026-2027,9:22 AM,0,2,0
67018428,67_67399_5136980,147353,2/25/27,2026-2027,12:25 PM,0,1,0
67018428,67_67399_5136980,148664,5/29/27,2026-2027,2:30 PM,3,0,0
67018434,67_67399_5136980,145341,9/6/26,2026-2027,2:02 PM,0,0,1
67018434,67_67399_5136980,147059,2/5/27,2026-2027,2:34 PM,0,0,1
67018437,67_67399_5136980,145459,9/16/26,2026-2027,8:05 AM,0,1,0
67018438,67_67399_5136980,145929,10/23/26,2026-2027,1:30 PM,0,0,0
67018440,67_67399_5136980,146749,1/17/27,2026-2027,2:30 PM,0,1,0
67018440,67_67399_5136980,147449,3/4/27,2026-2027,9:28 AM,0,2,0
67018440,67_67399_5136980,147820,3/25/27,2026-2027,12:00 PM,0,1,1
67018440,67_67399_5136980,148261,4/30/27,2026-2027,3:10 PM,0,0,1
67018441,67_67399_5136980,148122,4/14/27,2026-2027,11:09 AM,0,2,0
67018442,67_67399_5136980,147876,3/27/27,2026-2027,11:20 PM,0,0,0
67018442,67_67399_5136980,148339,5/6/27,2026-2027,3:00 PM,0,1,0
67018446,67_67399_5136980,145536,9/24/26,2026-2027,10:51 AM,0,1,0
67018446,67_67399_5136980,145871,10/17/26,2026-2027,3:50 PM,0,1,0
67018446,67_67399_5136980,145902,10/22/26,2026-2027,11:30 AM,0,1,0
67018446,67_67399_5136980,145967,10/28/26,2026-2027,2:05 PM,0,1,0
67018446,67_67399_5136980,146031,10/31/26,2026-2027,10:30 AM,0,0,0
67018446,67_67399_5136980,146209,11/14/26,2026-2027,10:58 AM,0,1,0
67018446,67_67399_5136980,146269,11/19/26,2026-2027,11:14 AM,0,1,0
67018446,67_67399_5136980,146375,12/2/26,2026-2027,11:15 AM,0,1,0
67018446,67_67399_5136980,146508,12/11/26,2026-2027,9:35 AM,0,0,0
67018446,67_67399_5136980,146601,1/7/27,2026-2027,11:12 AM,0,1,0
67018446,67_67399_5136980,147755,3/20/27,2026-2027,11:45 AM,0,2,0
67018446,67_67399_5136980,148161,4/16/27,2026-2027,9:44 AM,0,2,1
67018446,67_67399_5136980,148248,4/30/27,2026-2027,11:17 AM,0,1,0
67018446,67_67399_5136980,148414,5/12/27,2026-2027,12:50 PM,0,0,1
67018446,67_67399_5136980,148427,5/12/27,2026-2027,12:30 PM,0,0,1
67018448,67_67399_5136980,145585,9/27/26,2026-2027,1:04 PM,0,2,0
67018450,67_67399_5136980,146362,11/22/26,2026-2027,2:15 PM,0,2,1
67018450,67_67399_5136980,147417,2/27/27,2026-2027,2:32 PM,0,1,0
67018452,67_67399_5136980,147718,3/19/27,2026-2027,11:18 AM,0,1,0
67018455,67_67399_5136980,146001,10/30/26,2026-2027,8:16 AM,0,1,1
67018459,67_67399_5136980,146578,12/19/26,2026-2027,1:22 PM,0,1,0
67018462,67_67399_5136980,147190,2/13/27,2026-2027,10:57 AM,0,1,2
67018465,67_67399_5136980,145976,10/29/26,2026-2027,9:23 AM,0,0,1
67018465,67_67399_5136980,147607,3/12/27,2026-2027,2:13 PM,0,1,0
67018465,67_67399_5136980,148037,4/9/27,2026-2027,9:47 AM,0,1,0
67018465,67_67399_5136980,148182,4/17/27,2026-2027,10:07 AM,0,1,0
67018466,67_67399_5136980,145512,9/20/26,2026-2027,12:00 PM,0,0,1
67018466,67_67399_5136980,145719,10/8/26,2026-2027,10:05 AM,0,0,1
67018466,67_67399_5136980,145855,10/17/26,2026-2027,11:37 AM,0,1,0
67018466,67_67399_5136980,146060,11/1/26,2026-2027,1:50 PM,0,2,0
67018467,67_67399_5136980,145169,8/21/26,2026-2027,3:12 PM,0,0,0
67018467,67_67399_5136980,145630,10/2/26,2026-2027,11:30 AM,0,0,1
67018467,67_67399_5136980,146884,1/28/27,2026-2027,11:32 AM,0,1,0
67018467,67_67399_5136980,148467,5/14/27,2026-2027,9:53 AM,0,0,1
67018469,67_67399_5136980,148624,5/23/27,2026-2027,2:30 PM,0,1,0
67018469,67_67399_5136980,148704,6/3/27,2026-2027,2:21 PM,0,1,1
67018471,67_67399_5136980,145565,9/26/26,2026-2027,8:15 AM,0,1,0
67018471,67_67399_5136980,145652,10/3/26,2026-2027,11:50 AM,0,2,0
67018471,67_67399_5136980,145774,10/10/26,2026-2027,2:40 PM,0,1,0
67018471,67_67399_5136980,146480,12/10/26,2026-2027,2:16 PM,0,1,0
67018471,67_67399_5136980,147086,2/6/27,2026-2027,1:09 PM,3,0,0
67018471,67_67399_5136980,147859,3/26/27,2026-2027,2:15 PM,0,0,1
67018471,67_67399_5136980,148393,5/9/27,2026-2027,11:39 AM,0,1,0
67018472,67_67399_5136980,145586,9/27/26,2026-2027,1:07 PM,0,0,1
67018472,67_67399_5136980,148564,5/21/27,2026-2027,10:28 AM,0,4,0
67018473,67_67399_5136980,145168,8/21/26,2026-2027,3:12 PM,0,0,0
67018473,67_67399_5136980,145350,9/6/26,2026-2027,11:20 AM,0,2,0
67018473,67_67399_5136980,147352,2/25/27,2026-2027,11:20 AM,2,0,0
67018473,67_67399_5136980,147980,4/3/27,2026-2027,3:18 PM,0,1,0
67018473,67_67399_5136980,148155,4/15/27,2026-2027,2:14 PM,0,0,1
67018475,67_67399_5136980,146448,12/5/26,2026-2027,3:15 PM,0,0,2
67018475,67_67399_5136980,147291,2/20/27,2026-2027,1:05 PM,0,2,0
67018479,67_67399_5136980,147994,4/7/27,2026-2027,11:40 AM,0,0,0
67018480,67_67399_5136980,146070,11/4/26,2026-2027,10:28 AM,0,2,0
67018480,67_67399_5136980,146555,12/17/26,2026-2027,10:33 AM,0,3,1
67018480,67_67399_5136980,147837,3/26/27,2026-2027,10:34 AM,0,1,0
67018480,67_67399_5136980,147918,4/1/27,2026-2027,3:08 PM,0,2,0
67018480,67_67399_5136980,148559,5/20/27,2026-2027,2:39 PM,0,2,0
67018481,67_67399_5136980,146543,12/16/26,2026-2027,11:58 AM,0,2,0
67018483,67_67399_5136980,145612,10/1/26,2026-2027,11:11 AM,0,1,0
67018483,67_67399_5136980,145783,10/11/26,2026-2027,9:19 AM,0,1,0
67018483,67_67399_5136980,148594,5/22/27,2026-2027,11:39 AM,0,1,0
67018484,67_67399_5136980,147333,2/24/27,2026-2027,1:59 PM,0,0,1
67018486,67_67399_5136980,148674,5/30/27,2026-2027,2:39 PM,0,0,0
67018491,67_67399_5136980,146831,1/24/27,2026-2027,8:04 AM,2,0,0
67018495,67_67399_5136980,146101,11/6/26,2026-2027,11:33 AM,0,1,0
67018496,67_67399_5136980,145544,9/24/26,2026-2027,1:08 PM,0,1,0
67018496,67_67399_5136980,145860,10/17/26,2026-2027,12:58 PM,0,1,0
67018496,67_67399_5136980,146113,11/6/26,2026-2027,2:52 PM,0,0,1
67018496,67_67399_5136980,146881,1/28/27,2026-2027,11:21 AM,0,1,0
67018496,67_67399_5136980,147096,2/6/27,2026-2027,1:50 PM,0,2,0
67018496,67_67399_5136980,148690,6/2/27,2026-2027,12:08 PM,0,1,0
67018497,67_67399_5136980,145223,8/28/26,2026-2027,8:01 AM,0,1,0
67018500,67_67399_5136980,145546,9/24/26,2026-2027,11:30 PM,0,1,1
67018500,67_67399_5136980,145868,10/17/26,2026-2027,2:20 PM,0,2,0
67018500,67_67399_5136980,146257,11/18/26,2026-2027,2:35 PM,0,2,0
67018500,67_67399_5136980,146373,12/2/26,2026-2027,11:13 AM,0,3,0
67018500,67_67399_5136980,147057,2/5/27,2026-2027,2:13 PM,0,0,2
67018500,67_67399_5136980,147141,2/11/27,2026-2027,10:56 AM,0,1,1
67018500,67_67399_5136980,147256,2/18/27,2026-2027,2:13 PM,0,2,0
67018500,67_67399_5136980,147624,3/13/27,2026-2027,1:29 PM,0,1,1
67018500,67_67399_5136980,147723,3/19/27,2026-2027,11:18 AM,0,1,0
67018500,67_67399_5136980,147798,3/24/27,2026-2027,1:28 PM,0,0,1
67018501,67_67399_5136980,145237,8/28/26,2026-2027,12:54 PM,0,1,0
67018504,67_67399_5136980,145897,10/22/26,2026-2027,10:22 AM,0,1,0
67018507,67_67399_5136980,145940,10/24/26,2026-2027,2:11 PM,0,1,0
67018507,67_67399_5136980,145968,10/28/26,2026-2027,2:18 PM,0,1,1
67018507,67_67399_5136980,146234,11/15/26,2026-2027,12:10 PM,0,0,2
67018507,67_67399_5136980,146310,11/21/26,2026-2027,8:22 AM,0,1,0
67018507,67_67399_5136980,146399,12/3/26,2026-2027,1:49 PM,0,3,0
67018507,67_67399_5136980,146455,12/9/26,2026-2027,11:33 AM,0,1,1
67018507,67_67399_5136980,146501,12/11/26,2026-2027,3:08 PM,0,1,1
67018507,67_67399_5136980,146625,1/9/27,2026-2027,9:03 AM,0,1,1
67018507,67_67399_5136980,146763,1/17/27,2026-2027,2:32 PM,0,2,0
67018507,67_67399_5136980,146851,1/24/27,2026-2027,12:16 PM,0,1,1
67018507,67_67399_5136980,147070,2/6/27,2026-2027,10:01 AM,0,1,0
67018507,67_67399_5136980,147266,2/19/27,2026-2027,2:12 PM,0,1,0
67018507,67_67399_5136980,147381,2/26/27,2026-2027,12:16 PM,0,1,2
67018507,67_67399_5136980,147374,2/26/27,2026-2027,9:09 AM,0,0,1
67018507,67_67399_5136980,147637,3/14/27,2026-2027,8:20 AM,0,0,2
67018507,67_67399_5136980,148338,5/6/27,2026-2027,3:00 PM,0,1,0
67018507,67_67399_5136980,148555,5/20/27,2026-2027,1:32 PM,0,0,1
67018507,67_67399_5136980,148581,5/21/27,2026-2027,3:11 PM,0,0,1
67018507,67_67399_5136980,148702,6/3/27,2026-2027,12:18 PM,0,1,0
67018516,67_67399_5136980,145422,9/12/26,2026-2027,10:15 AM,0,2,0
67018522,67_67399_5136980,147022,2/4/27,2026-2027,11:14 AM,0,1,0
67018528,67_67399_5136980,145578,9/27/26,2026-2027,10:24 AM,0,1,1
67018528,67_67399_5136980,146083,11/5/26,2026-2027,10:41 AM,0,1,0
67018529,67_67399_5136980,146996,2/3/27,2026-2027,10:36 AM,0,0,1
67018530,67_67399_5136980,147281,2/20/27,2026-2027,12:14 PM,0,1,0
67018530,67_67399_5136980,147956,4/3/27,2026-2027,11:48 AM,0,1,0
67018531,67_67399_5136980,146806,1/23/27,2026-2027,10:09 AM,0,1,0
67018534,67_67399_5136980,148683,6/2/27,2026-2027,10:09 AM,0,1,0
67018539,67_67399_5136980,145640,10/2/26,2026-2027,3:23 PM,0,0,0
67018539,67_67399_5136980,146093,11/6/26,2026-2027,9:15 AM,0,1,0
67018541,67_67399_5136980,148184,4/17/27,2026-2027,10:15 AM,1,0,1
67018542,67_67399_5136980,145177,8/22/26,2026-2027,3:02 PM,0,2,0
67018542,67_67399_5136980,145360,9/9/26,2026-2027,2:48 PM,0,1,0
67018542,67_67399_5136980,147371,2/25/27,2026-2027,2:45 PM,0,1,0
67018545,67_67399_5136980,147544,3/7/27,2026-2027,1:46 PM,0,2,0
67018545,67_67399_5136980,147975,4/3/27,2026-2027,2:38 PM,0,1,0
67018545,67_67399_5136980,148003,4/7/27,2026-2027,2:06 PM,0,3,1
67018545,67_67399_5136980,148312,5/5/27,2026-2027,1:44 PM,0,1,1
67018545,67_67399_5136980,148641,5/27/27,2026-2027,11:10 AM,0,1,0
67018546,67_67399_5136980,146602,1/7/27,2026-2027,11:27 AM,0,1,0
67018548,67_67399_5136980,145406,9/11/26,2026-2027,12:25 PM,0,1,0
67018549,67_67399_5136980,146574,12/19/26,2026-2027,8:20 AM,0,1,0
67018549,67_67399_5136980,148571,5/21/27,2026-2027,11:50 AM,0,1,0
67018549,67_67399_5136980,148669,5/30/27,2026-2027,12:53 PM,0,0,1
67018553,67_67399_5136980,147770,3/21/27,2026-2027,11:12 AM,0,1,0
67018554,67_67399_5136980,145877,10/18/26,2026-2027,11:30 AM,0,2,0
67018558,67_67399_5136980,147312,2/21/27,2026-2027,3:11 PM,0,0,1
67018560,67_67399_5136980,145617,10/1/26,2026-2027,12:25 PM,0,1,0
67018560,67_67399_5136980,147233,2/14/27,2026-2027,2:48 PM,0,2,0
67018560,67_67399_5136980,147389,2/27/27,2026-2027,8:16 AM,0,1,0
67018560,67_67399_5136980,147792,3/24/27,2026-2027,12:14 PM,0,1,0
67018560,67_67399_5136980,148550,5/20/27,2026-2027,11:55 AM,0,0,0
67018561,67_67399_5136980,145478,9/18/26,2026-2027,11:06 AM,0,1,0
67018561,67_67399_5136980,146183,11/13/26,2026-2027,9:40 AM,0,1,0
67018571,67_67399_5136980,145408,9/10/26,2026-2027,3:15 PM,0,0,0
67018571,67_67399_5136980,145695,10/7/26,2026-2027,11:01 AM,0,2,0
67018571,67_67399_5136980,145721,10/8/26,2026-2027,11:30 AM,0,2,0
67018571,67_67399_5136980,145901,10/22/26,2026-2027,11:26 AM,0,1,0
67018571,67_67399_5136980,148665,5/30/27,2026-2027,10:16 AM,0,1,0
67018572,67_67399_5136980,146393,12/3/26,2026-2027,9:20 AM,0,1,0
67018572,67_67399_5136980,147321,2/24/27,2026-2027,10:27 AM,0,1,0
67018575,67_67399_5136980,145258,8/29/26,2026-2027,11:15 AM,0,0,0
67018575,67_67399_5136980,145491,9/19/26,2026-2027,9:45 AM,0,0,1
67018575,67_67399_5136980,146092,11/5/26,2026-2027,2:45 PM,1,0,0
67018575,67_67399_5136980,146458,12/9/26,2026-2027,11:48 AM,0,0,0
67018575,67_67399_5136980,146673,1/14/27,2026-2027,8:23 AM,0,0,1
67018575,67_67399_5136980,146769,1/21/27,2026-2027,9:18 AM,0,0,0
67018575,67_67399_5136980,146885,1/28/27,2026-2027,11:32 AM,0,1,0
67018575,67_67399_5136980,148640,5/27/27,2026-2027,11:10 AM,0,1,0
67018576,67_67399_5136980,145421,9/12/26,2026-2027,10:15 AM,0,2,0
67018584,67_67399_5136980,145334,9/6/26,2026-2027,10:20 AM,0,0,0
67018584,67_67399_5136980,145825,10/16/26,2026-2027,10:56 AM,0,1,1
67018584,67_67399_5136980,145996,10/29/26,2026-2027,2:24 PM,0,1,1
67018584,67_67399_5136980,146899,1/28/27,2026-2027,8:05 AM,0,0,0
67018584,67_67399_5136980,147845,3/26/27,2026-2027,12:14 PM,0,1,0
67018584,67_67399_5136980,148197,4/17/27,2026-2027,2:35 PM,0,1,0
67018584,67_67399_5136980,148368,5/7/27,2026-2027,3:53 PM,0,2,0
67018584,67_67399_5136980,148490,5/15/27,2026-2027,1:55 PM,0,2,0
67018584,67_67399_5136980,148537,5/19/27,2026-2027,1:54 PM,0,1,0
67018584,67_67399_5136980,148568,5/21/27,2026-2027,11:08 AM,0,1,0
67018589,67_67399_5136980,147742,3/20/27,2026-2027,10:09 AM,0,2,0
67018591,67_67399_5136980,145624,10/1/26,2026-2027,3:12 PM,0,0,1
67018591,67_67399_5136980,146089,11/5/26,2026-2027,2:46 PM,3,0,0
67018591,67_67399_5136980,146296,11/20/26,2026-2027,12:04 PM,0,0,1
67018591,67_67399_5136980,146339,11/21/26,2026-2027,2:35 PM,0,0,0
67018591,67_67399_5136980,146912,1/29/27,2026-2027,9:15 AM,5,0,0
67018593,67_67399_5136980,148195,4/17/27,2026-2027,1:52 PM,0,0,1
67018595,67_67399_5136980,147443,3/3/27,2026-2027,3:13 PM,0,0,1
67018595,67_67399_5136980,148547,5/20/27,2026-2027,10:01 AM,0,2,0
67018597,67_67399_5136980,145388,9/11/26,2026-2027,8:08 AM,0,1,0
67018601,67_67399_5136980,148010,4/8/27,2026-2027,8:13 AM,0,1,0
67018603,67_67399_5136980,145185,8/26/26,2026-2027,7:58 AM,0,1,0
67018606,67_67399_5136980,147681,3/17/27,2026-2027,1:22 PM,0,0,1
67018606,67_67399_5136980,148032,4/8/27,2026-2027,12:27 PM,0,3,1
67018609,67_67399_5136980,148086,4/10/27,2026-2027,12:43 PM,0,0,1
67018609,67_67399_5136980,148167,4/16/27,2026-2027,12:26 PM,0,0,1
67018609,67_67399_5136980,148459,5/14/27,2026-2027,10:37 AM,0,1,0
67018609,67_67399_5136980,148573,5/21/27,2026-2027,12:04 PM,0,0,1
67018609,67_67399_5136980,148682,6/2/27,2026-2027,9:53 AM,0,0,1
67018618,67_67399_5136980,145419,9/12/26,2026-2027,9:16 AM,0,2,0
67018624,67_67399_5136980,148394,5/9/27,2026-2027,12:31 PM,0,1,0
67018625,67_67399_5136980,145778,10/10/26,2026-2027,3:15 PM,0,0,0
67018625,67_67399_5136980,145820,10/16/26,2026-2027,8:30 AM,0,1,0
67018629,67_67399_5136980,146764,1/17/27,2026-2027,2:20 PM,0,0,0
67018631,67_67399_5136980,145848,10/17/26,2026-2027,9:39 AM,0,1,0
67018631,67_67399_5136980,148085,4/10/27,2026-2027,12:38 PM,0,0,1
67018634,67_67399_5136980,145444,9/12/26,2026-2027,3:10 PM,0,1,0
67018634,67_67399_5136980,147361,2/25/27,2026-2027,1:00 PM,0,1,0
67018636,67_67399_5136980,146687,1/14/27,2026-2027,9:45 AM,2,0,0
67018636,67_67399_5136980,148053,4/9/27,2026-2027,1:42 PM,0,1,0
67018637,67_67399_5136980,148193,4/17/27,2026-2027,1:44 PM,0,0,1
67018645,67_67399_5136980,145609,10/1/26,2026-2027,10:22 AM,0,1,0
67018645,67_67399_5136980,146750,1/17/27,2026-2027,2:05 PM,0,1,0
67018645,67_67399_5136980,147370,2/25/27,2026-2027,2:44 PM,0,0,1
67018645,67_67399_5136980,147454,3/4/27,2026-2027,11:51 AM,0,1,0
67018645,67_67399_5136980,148028,4/8/27,2026-2027,8:50 AM,0,0,1
67018645,67_67399_5136980,148198,4/17/27,2026-2027,2:36 PM,0,1,1
67018645,67_67399_5136980,148199,4/17/27,2026-2027,2:36 PM,0,1,1
67018645,67_67399_5136980,148200,4/17/27,2026-2027,2:44 PM,0,0,1
67018645,67_67399_5136980,148574,5/21/27,2026-2027,12:08 PM,0,0,1
67018646,67_67399_5136980,146080,11/5/26,2026-2027,8:00 AM,0,1,0
67018649,67_67399_5136980,146316,11/21/26,2026-2027,9:22 AM,0,0,0
67018649,67_67399_5136980,146911,1/29/27,2026-2027,11:20 AM,0,0,0
67018653,67_67399_5136980,147399,2/27/27,2026-2027,11:41 AM,0,1,0
67018656,67_67399_5136980,145441,9/12/26,2026-2027,2:30 PM,0,3,0
67018656,67_67399_5136980,145447,9/12/26,2026-2027,3:12 PM,3,0,1
67018656,67_67399_5136980,145506,9/20/26,2026-2027,9:45 AM,0,0,1
67018658,67_67399_5136980,145644,10/3/26,2026-2027,8:48 AM,0,1,0
67018658,67_67399_5136980,145794,10/10/26,2026-2027,2:30 PM,0,0,2
67018658,67_67399_5136980,145795,10/11/26,2026-2027,10:40 AM,0,1,1
67018658,67_67399_5136980,146523,12/13/26,2026-2027,9:26 AM,0,2,0
67018658,67_67399_5136980,146801,1/23/27,2026-2027,9:22 AM,0,3,1
67018658,67_67399_5136980,146866,1/27/27,2026-2027,3:17 PM,0,1,0
67018658,67_67399_5136980,147427,3/3/27,2026-2027,9:55 AM,0,2,0
67018658,67_67399_5136980,147656,3/14/27,2026-2027,11:16 AM,0,2,0
67018658,67_67399_5136980,148135,4/14/27,2026-2027,2:28 PM,0,0,1
67018658,67_67399_5136980,148246,4/30/27,2026-2027,10:28 AM,0,1,0
67018660,67_67399_5136980,145219,8/27/26,2026-2027,3:13 PM,0,1,0
67018660,67_67399_5136980,146293,11/20/26,2026-2027,10:38 AM,0,2,0
67018660,67_67399_5136980,147052,2/5/27,2026-2027,1:57 PM,0,1,0
67018660,67_67399_5136980,147038,2/5/27,2026-2027,9:15 AM,0,1,0
67018660,67_67399_5136980,147413,2/27/27,2026-2027,1:27 PM,0,1,0
67018661,67_67399_5136980,148593,5/22/27,2026-2027,11:36 AM,0,0,1
67018666,67_67399_5136980,145718,10/8/26,2026-2027,10:14 AM,0,1,1
67018666,67_67399_5136980,146008,10/30/26,2026-2027,9:30 AM,0,1,1
67018666,67_67399_5136980,147517,3/6/27,2026-2027,1:21 PM,0,1,0
67018666,67_67399_5136980,147502,3/6/27,2026-2027,10:17 AM,0,0,2
67018671,67_67399_5136980,146722,1/16/27,2026-2027,9:15 AM,0,0,0
67018673,67_67399_5136980,145679,10/4/26,2026-2027,12:33 PM,0,1,0
67018674,67_67399_5136980,146534,12/14/26,2026-2027,10:53 AM,0,0,1
67018674,67_67399_5136980,146975,1/31/27,2026-2027,11:20 AM,0,1,2
67018674,67_67399_5136980,147288,2/21/27,2026-2027,8:23 AM,0,1,0
67018677,67_67399_5136980,145621,10/1/26,2026-2027,2:27 PM,0,1,0
67018677,67_67399_5136980,146294,11/20/26,2026-2027,10:38 AM,0,2,0
67018678,67_67399_5136980,145394,9/10/26,2026-2027,3:15 PM,0,0,0
67018678,67_67399_5136980,145445,9/12/26,2026-2027,3:10 PM,0,2,0
67018678,67_67399_5136980,145418,9/12/26,2026-2027,9:20 AM,0,2,0
67018678,67_67399_5136980,145619,10/1/26,2026-2027,1:56 PM,0,2,0
67018678,67_67399_5136980,145616,10/1/26,2026-2027,12:05 PM,0,0,2
67018678,67_67399_5136980,145637,10/2/26,2026-2027,2:19 PM,0,2,0
67018678,67_67399_5136980,145737,10/9/26,2026-2027,9:22 AM,0,0,1
67018678,67_67399_5136980,145761,10/9/26,2026-2027,2:20 PM,0,1,0
67018678,67_67399_5136980,145801,10/14/26,2026-2027,2:59 PM,0,1,0
67018678,67_67399_5136980,145898,10/22/26,2026-2027,10:15 AM,0,1,1
67018678,67_67399_5136980,146144,11/8/26,2026-2027,10:36 AM,0,2,1
67018678,67_67399_5136980,146156,11/8/26,2026-2027,2:45 PM,0,0,1
67018678,67_67399_5136980,146188,11/13/26,2026-2027,11:56 AM,0,2,0
67018678,67_67399_5136980,146439,12/5/26,2026-2027,2:10 PM,0,1,1
67018678,67_67399_5136980,146817,1/23/27,2026-2027,11:30 AM,0,0,1
67018678,67_67399_5136980,147437,3/3/27,2026-2027,2:23 PM,0,1,0
67018678,67_67399_5136980,148057,4/9/27,2026-2027,2:11 PM,0,0,1
67018679,67_67399_5136980,145488,9/19/26,2026-2027,8:28 AM,0,1,1
67018685,67_67399_5136980,148152,4/15/27,2026-2027,1:33 PM,0,2,1
67018686,67_67399_5136980,148172,4/16/27,2026-2027,2:42 PM,0,1,0
67018692,67_67399_5136980,145876,10/18/26,2026-2027,11:14 AM,0,1,0
67018696,67_67399_5136980,145336,9/6/26,2026-2027,11:30 AM,0,1,0
67018696,67_67399_5136980,145581,9/27/26,2026-2027,11:44 AM,0,1,0
67018699,67_67399_5136980,146372,12/2/26,2026-2027,9:48 AM,0,1,0
67018699,67_67399_5136980,147421,3/3/27,2026-2027,8:23 AM,0,1,0
67018699,67_67399_5136980,148194,4/17/27,2026-2027,1:49 PM,0,0,1
67018706,67_67399_5136980,147324,2/24/27,2026-2027,12:10 PM,0,1,0
67018709,67_67399_5136980,148629,5/27/27,2026-2027,9:10 AM,0,0,2
67018711,67_67399_5136980,148257,4/30/27,2026-2027,2:01 PM,0,1,0
67018711,67_67399_5136980,148299,5/2/27,2026-2027,2:55 PM,0,2,0
67018712,67_67399_5136980,146907,1/29/27,2026-2027,10:24 AM,0,0,0
67018712,67_67399_5136980,148149,4/15/27,2026-2027,11:35 AM,0,1,0
67018712,67_67399_5136980,148701,6/3/27,2026-2027,11:21 AM,0,3,0
67018714,67_67399_5136980,146999,2/3/27,2026-2027,11:54 AM,0,1,1
67018725,67_67399_5136980,145828,10/16/26,2026-2027,11:56 AM,0,1,0
67018725,67_67399_5136980,148359,5/7/27,2026-2027,12:58 PM,0,1,0
67018729,67_67399_5136980,146408,12/4/26,2026-2027,10:29 AM,0,0,0
67018730,67_67399_5136980,145666,10/4/26,2026-2027,9:17 AM,0,1,0
67018730,67_67399_5136980,145779,10/10/26,2026-2027,3:15 PM,0,0,0
67018730,67_67399_5136980,147464,3/4/27,2026-2027,2:44 PM,0,1,0
67018732,67_67399_5136980,147292,2/21/27,2026-2027,9:35 AM,0,1,0
67018740,67_67399_5136980,147675,3/17/27,2026-2027,9:24 AM,0,1,0
67018747,67_67399_5136980,148588,5/22/27,2026-2027,9:15 AM,0,0,1
67018748,67_67399_5136980,147816,3/25/27,2026-2027,11:56 AM,0,1,0
67018750,67_67399_5136980,146939,1/30/27,2026-2027,8:58 AM,0,1,1
67018750,67_67399_5136980,147424,3/3/27,2026-2027,9:03 AM,0,0,1
67018750,67_67399_5136980,147575,3/11/27,2026-2027,11:20 AM,0,0,0
67018750,67_67399_5136980,147741,3/20/27,2026-2027,9:40 AM,0,0,0
67018750,67_67399_5136980,148159,4/16/27,2026-2027,8:50 AM,0,0,1
67018751,67_67399_5136980,145608,10/1/26,2026-2027,10:18 AM,0,1,0
67018752,67_67399_5136980,148617,5/23/27,2026-2027,1:47 PM,0,3,0
67018752,67_67399_5136980,148639,5/27/27,2026-2027,10:10 AM,0,1,0
67018759,67_67399_5136980,147273,2/20/27,2026-2027,8:14 AM,0,1,0
67018759,67_67399_5136980,147323,2/24/27,2026-2027,8:50 AM,0,1,0
67018759,67_67399_5136980,147467,3/5/27,2026-2027,8:15 AM,0,1,0
67018759,67_67399_5136980,148069,4/10/27,2026-2027,8:39 AM,0,1,0
67018768,67_67399_5136980,148428,5/2/27,2026-2027,3:20 PM,0,0,0
67018768,67_67399_5136980,148445,5/12/27,2026-2027,3:28 PM,3,0,0
67018769,67_67399_5136980,145268,8/29/26,2026-2027,2:28 PM,0,3,0
67018769,67_67399_5136980,145280,8/30/26,2026-2027,11:43 AM,0,1,0
67018769,67_67399_5136980,145513,9/20/26,2026-2027,12:00 PM,0,0,1
67018769,67_67399_5136980,145827,10/16/26,2026-2027,11:14 AM,0,1,1
67018769,67_67399_5136980,145870,10/17/26,2026-2027,3:58 PM,0,0,1
67018769,67_67399_5136980,146352,11/22/26,2026-2027,10:42 AM,0,1,0
67018769,67_67399_5136980,146370,12/2/26,2026-2027,10:55 AM,0,1,0
67018769,67_67399_5136980,147250,2/18/27,2026-2027,10:30 AM,0,1,0
67018769,67_67399_5136980,147251,2/18/27,2026-2027,11:35 AM,0,1,0
67018769,67_67399_5136980,147814,3/25/27,2026-2027,10:29 AM,0,2,0
67018769,67_67399_5136980,148004,4/7/27,2026-2027,2:00 PM,0,1,0
67018769,67_67399_5136980,148070,4/10/27,2026-2027,8:35 AM,0,1,0
67018769,67_67399_5136980,148119,4/14/27,2026-2027,10:35 AM,0,1,0
67018769,67_67399_5136980,148156,4/15/27,2026-2027,1:55 PM,0,1,0
67018769,67_67399_5136980,148158,4/16/27,2026-2027,7:22 AM,0,1,0
67018769,67_67399_5136980,148601,5/22/27,2026-2027,2:27 PM,0,0,1
67018773,67_67399_5136980,145460,9/16/26,2026-2027,11:03 AM,0,2,0
67018773,67_67399_5136980,145826,10/16/26,2026-2027,11:30 AM,0,1,0
67018773,67_67399_5136980,146416,12/4/26,2026-2027,12:51 PM,0,1,0
67018773,67_67399_5136980,146730,1/16/27,2026-2027,8:46 AM,0,1,0
67018773,67_67399_5136980,147932,4/2/27,2026-2027,12:12 PM,0,0,1
67018773,67_67399_5136980,148409,5/12/27,2026-2027,11:53 AM,0,1,0
67018774,67_67399_5136980,148418,5/12/27,2026-2027,2:06 PM,0,1,0
67018781,67_67399_5136980,145997,10/29/26,2026-2027,2:39 PM,0,0,1
67018781,67_67399_5136980,146507,12/12/26,2026-2027,11:00 AM,0,1,0
67018781,67_67399_5136980,146918,1/29/27,2026-2027,12:40 PM,0,1,0
67018781,67_67399_5136980,146962,1/30/27,2026-2027,9:12 AM,0,0,0
67018783,67_67399_5136980,146451,12/6/26,2026-2027,2:53 PM,0,1,0
67018787,67_67399_5136980,147179,2/12/27,2026-2027,2:24 PM,0,0,1
67018787,67_67399_5136980,147715,3/19/27,2026-2027,11:04 AM,0,0,1
67018787,67_67399_5136980,147934,4/2/27,2026-2027,12:08 PM,0,1,0
67018803,67_67399_5136980,145673,10/4/26,2026-2027,11:33 AM,0,0,1
67018803,67_67399_5136980,147471,3/5/27,2026-2027,9:23 AM,0,0,1
67018803,67_67399_5136980,148663,5/29/27,2026-2027,2:39 PM,0,1,0
67018805,67_67399_5136980,148575,5/21/27,2026-2027,12:46 PM,0,0,1
67018809,67_67399_5136980,146461,12/9/26,2026-2027,12:06 PM,0,0,1
67018813,67_67399_5136980,146760,1/17/27,2026-2027,12:00 PM,0,0,1
67018816,67_67399_5136980,146211,11/14/26,2026-2027,10:50 AM,0,1,0
67018816,67_67399_5136980,146799,1/23/27,2026-2027,8:40 AM,0,1,0
67018816,67_67399_5136980,146867,1/28/27,2026-2027,9:30 AM,0,0,1
67018816,67_67399_5136980,147336,2/24/27,2026-2027,2:35 PM,0,1,0
67018822,67_67399_5136980,146627,1/9/27,2026-2027,10:02 AM,0,3,0
67018828,67_67399_5136980,145384,9/10/26,2026-2027,8:15 AM,0,1,0
67018831,67_67399_5136980,147210,2/14/27,2026-2027,8:43 AM,0,1,0
67018833,67_67399_5136980,145194,8/27/26,2026-2027,8:35 AM,0,0,1
67018838,67_67399_5136980,145864,10/17/26,2026-2027,2:13 PM,0,2,0
67018838,67_67399_5136980,147812,3/25/27,2026-2027,10:26 AM,0,1,0
67018838,67_67399_5136980,148417,5/12/27,2026-2027,2:02 PM,0,1,1
67018838,67_67399_5136980,148685,6/2/27,2026-2027,10:41 AM,0,1,0
67018841,67_67399_5136980,148303,5/5/27,2026-2027,8:15 AM,0,0,0
67018842,67_67399_5136980,145973,10/28/26,2026-2027,1:40 PM,0,1,0
67018844,67_67399_5136980,146690,1/14/27,2026-2027,1:40 PM,0,0,0
67018856,67_67399_5136980,147628,3/13/27,2026-2027,1:44 PM,0,1,0
67018856,67_67399_5136980,147627,3/13/27,2026-2027,2:40 PM,0,1,0
67018856,67_67399_5136980,148295,5/2/27,2026-2027,1:21 PM,0,0,1
67018862,67_67399_5136980,146691,1/14/27,2026-2027,2:45 PM,0,0,1
67018862,67_67399_5136980,147397,2/27/27,2026-2027,10:40 AM,0,1,0
67018867,67_67399_5136980,146233,11/15/26,2026-2027,11:51 AM,0,1,0
67018867,67_67399_5136980,148173,4/16/27,2026-2027,2:35 PM,0,0,0
67018875,67_67399_5136980,145804,10/14/26,2026-2027,11:25 AM,0,1,0
67018875,67_67399_5136980,147034,2/4/27,2026-2027,2:30 PM,0,0,1
67018875,67_67399_5136980,148542,5/19/27,2026-2027,2:42 PM,0,1,0
67018883,67_67399_5136980,145249,8/29/26,2026-2027,8:19 AM,0,1,0
67018883,67_67399_5136980,145348,9/6/26,2026-2027,3:41 PM,0,1,0
67018885,67_67399_5136980,146695,1/14/27,2026-2027,2:27 PM,0,1,0
67018886,67_67399_5136980,145602,9/30/26,2026-2027,11:36 AM,0,1,1
67018898,67_67399_5136980,145472,9/17/26,2026-2027,12:00 PM,0,0,1
67018898,67_67399_5136980,147255,2/18/27,2026-2027,2:14 PM,0,1,0
67018898,67_67399_5136980,148174,4/16/27,2026-2027,3:10 PM,0,1,0
67018898,67_67399_5136980,148196,4/17/27,2026-2027,2:14 PM,0,1,0
67018900,67_67399_5136980,146759,1/17/27,2026-2027,12:00 PM,0,0,0
67018904,67_67399_5136980,146171,11/12/26,2026-2027,11:19 AM,0,1,1
67018908,67_67399_5136980,148238,4/29/27,2026-2027,2:36 PM,0,0,0
67018911,67_67399_5136980,145704,10/4/26,2026-2027,1:27 PM,0,1,0
67018916,67_67399_5136980,147261,2/19/27,2026-2027,11:47 AM,0,0,1
67018917,67_67399_5136980,148170,4/16/27,2026-2027,2:35 PM,0,0,0
67018917,67_67399_5136980,148474,5/14/27,2026-2027,3:10 PM,0,1,0
67018923,67_67399_5136980,145357,9/9/26,2026-2027,11:41 AM,0,0,0
67018923,67_67399_5136980,147253,2/12/27,2026-2027,2:20 PM,0,0,0
67018923,67_67399_5136980,147392,2/27/27,2026-2027,9:53 AM,0,1,0
67018923,67_67399_5136980,147760,3/20/27,2026-2027,1:30 PM,0,0,1
67018923,67_67399_5136980,148520,5/16/27,2026-2027,12:12 PM,0,1,0
67018924,67_67399_5136980,146757,1/17/27,2026-2027,11:54 AM,0,1,0
67018924,67_67399_5136980,146915,1/29/27,2026-2027,12:12 PM,0,1,0
67018924,67_67399_5136980,147395,2/27/27,2026-2027,11:13 AM,0,0,1
67018924,67_67399_5136980,148289,5/1/27,2026-2027,11:00 AM,0,0,2
67018925,67_67399_5136980,146302,11/20/26,2026-2027,1:25 PM,0,0,1
67018925,67_67399_5136980,146497,12/11/26,2026-2027,2:06 PM,0,1,0
67018928,67_67399_5136980,145304,9/4/26,2026-2027,10:18 AM,0,0,0
67018928,67_67399_5136980,146151,11/8/26,2026-2027,2:11 PM,0,1,1
67018928,67_67399_5136980,147097,2/6/27,2026-2027,2:33 PM,0,1,0
67018928,67_67399_5136980,147205,2/13/27,2026-2027,2:56 PM,0,0,0
67018928,67_67399_5136980,147341,2/24/27,2026-2027,3:00 PM,0,0,1
67018928,67_67399_5136980,147338,2/24/27,2026-2027,2:45 PM,0,0,1
67018928,67_67399_5136980,148252,4/30/27,2026-2027,11:45 AM,0,1,0
67018929,67_67399_5136980,145340,9/6/26,2026-2027,1:13 PM,0,1,0
67018929,67_67399_5136980,146219,11/14/26,2026-2027,1:14 PM,0,1,0
67018929,67_67399_5136980,147204,2/13/27,2026-2027,2:55 PM,0,0,1
67018929,67_67399_5136980,148431,5/12/27,2026-2027,3:19 PM,3,0,0
67018931,67_67399_5136980,146706,1/15/27,2026-2027,11:08 AM,0,1,0
67018934,67_67399_5136980,146178,11/12/26,2026-2027,6:25 PM,0,1,0
67018934,67_67399_5136980,147410,2/27/27,2026-2027,12:12 PM,0,0,1
67018934,67_67399_5136980,147472,3/5/27,2026-2027,9:30 AM,0,0,1
67018934,67_67399_5136980,148043,4/9/27,2026-2027,11:38 AM,0,0,1
67018938,67_67399_5136980,145494,9/19/26,2026-2027,12:18 PM,0,0,1
67018938,67_67399_5136980,145683,10/4/26,2026-2027,1:21 PM,0,0,1
67018938,67_67399_5136980,145697,10/7/26,2026-2027,11:26 AM,0,0,1
67018938,67_67399_5136980,145764,10/10/26,2026-2027,11:29 AM,0,0,1
67018938,67_67399_5136980,145790,10/11/26,2026-2027,11:42 AM,0,0,1
67018938,67_67399_5136980,145831,10/16/26,2026-2027,12:05 PM,0,0,1
67018938,67_67399_5136980,145888,10/21/26,2026-2027,11:22 AM,0,0,1
67018938,67_67399_5136980,146041,11/1/26,2026-2027,9:31 AM,0,0,1
67018938,67_67399_5136980,146256,11/15/26,2026-2027,1:30 PM,0,1,0
67018938,67_67399_5136980,146707,1/15/27,2026-2027,11:39 AM,0,0,1
67018938,67_67399_5136980,147655,3/14/27,2026-2027,11:50 AM,0,2,0
67018938,67_67399_5136980,147654,3/14/27,2026-2027,11:50 AM,0,2,0
67018938,67_67399_5136980,147722,3/19/27,2026-2027,11:57 AM,0,1,0
67018938,67_67399_5136980,147791,3/24/27,2026-2027,12:04 PM,0,0,1
67018938,67_67399_5136980,148102,4/11/27,2026-2027,11:41 AM,0,1,0
67018938,67_67399_5136980,148168,4/16/27,2026-2027,9:25 AM,0,1,0
67018938,67_67399_5136980,148213,4/28/27,2026-2027,1:40 PM,0,1,0
67018938,67_67399_5136980,148415,5/12/27,2026-2027,1:49 PM,0,1,0
67018938,67_67399_5136980,148553,5/20/27,2026-2027,12:22 PM,0,1,0
67018941,67_67399_5136980,146258,11/18/26,2026-2027,2:49 PM,0,1,0
67018941,67_67399_5136980,146782,1/22/27,2026-2027,2:01 PM,0,1,0
67018941,67_67399_5136980,148342,5/7/27,2026-2027,8:39 AM,0,1,0
67018945,67_67399_5136980,147730,3/19/27,2026-2027,2:46 PM,0,1,0
67018945,67_67399_5136980,148290,5/2/27,2026-2027,9:23 AM,0,0,0
67018947,67_67399_5136980,147579,3/11/27,2026-2027,12:48 PM,0,0,0
67018950,67_67399_5136980,145193,8/27/26,2026-2027,8:29 AM,0,0,1
67018950,67_67399_5136980,145958,10/28/26,2026-2027,9:20 AM,0,0,0
67018950,67_67399_5136980,146076,11/4/26,2026-2027,1:47 PM,0,1,0
67018950,67_67399_5136980,146090,11/5/26,2026-2027,1:25 PM,0,0,0
67018950,67_67399_5136980,147626,3/13/27,2026-2027,2:04 PM,0,0,1
67018955,67_67399_5136980,146605,1/7/27,2026-2027,1:29 PM,0,0,1
67018955,67_67399_5136980,147938,4/2/27,2026-2027,1:34 PM,0,1,1
67018955,67_67399_5136980,148111,4/11/27,2026-2027,2:21 PM,0,0,1
67018955,67_67399_5136980,148651,5/28/27,2026-2027,12:03 PM,0,0,2
67018956,67_67399_5136980,146689,1/14/27,2026-2027,2:37 PM,0,2,0
67018962,67_67399_5136980,148518,5/16/27,2026-2027,12:06 PM,0,0,1
67018963,67_67399_5136980,145808,10/15/26,2026-2027,11:10 AM,0,1,0
67018963,67_67399_5136980,147351,2/25/27,2026-2027,11:06 AM,0,1,0
67018963,67_67399_5136980,147716,3/19/27,2026-2027,11:10 AM,0,1,0
67018964,67_67399_5136980,145371,9/10/26,2026-2027,8:35 AM,0,1,0
67018967,67_67399_5136980,148425,5/9/27,2026-2027,3:00 PM,0,0,1
67018968,67_67399_5136980,147548,3/10/27,2026-2027,10:07 AM,0,1,0
67018969,67_67399_5136980,146708,1/15/27,2026-2027,11:55 AM,0,1,0
67018971,67_67399_5136980,145433,9/12/26,2026-2027,12:25 PM,0,0,1
67018971,67_67399_5136980,145561,9/25/26,2026-2027,10:15 AM,3,0,0
67018971,67_67399_5136980,147553,3/10/27,2026-2027,11:37 AM,0,1,0
67018972,67_67399_5136980,146032,10/31/26,2026-2027,11:13 AM,0,1,1
67018974,67_67399_5136980,145703,10/7/26,2026-2027,1:23 PM,0,1,0
67018979,67_67399_5136980,148412,5/12/27,2026-2027,1:42 PM,0,0,1
67018990,67_67399_5136980,145228,8/28/26,2026-2027,10:00 AM,1,0,1
67018994,67_67399_5136980,145242,8/28/26,2026-2027,12:18 PM,0,1,0
67019001,67_67399_5136980,146739,1/16/27,2026-2027,1:38 PM,0,3,0
67019001,67_67399_5136980,146783,1/22/27,2026-2027,2:03 PM,0,1,0
67019001,67_67399_5136980,147385,2/26/27,2026-2027,1:17 PM,0,0,1
67019010,67_67399_5136980,146044,11/1/26,2026-2027,9:50 AM,0,1,0
67019010,67_67399_5136980,146369,12/2/26,2026-2027,10:45 AM,0,1,0
67019010,67_67399_5136980,147569,3/11/27,2026-2027,10:16 AM,0,1,0
67019010,67_67399_5136980,148677,5/30/27,2026-2027,10:30 AM,0,1,0
67019012,67_67399_5136980,146424,12/4/26,2026-2027,2:50 PM,0,1,0
67019018,67_67399_5136980,146072,11/4/26,2026-2027,11:26 AM,0,1,0
67019018,67_67399_5136980,147720,3/19/27,2026-2027,11:00 AM,0,1,0
67019020,67_67399_5136980,145694,10/7/26,2026-2027,10:35 AM,0,1,0
67019033,67_67399_5136980,146104,11/6/26,2026-2027,11:25 AM,0,1,0
67019033,67_67399_5136980,146861,1/27/27,2026-2027,11:14 AM,0,0,1
67019034,67_67399_5136980,146232,11/15/26,2026-2027,11:43 AM,0,0,1
67019053,67_67399_5136980,147619,3/13/27,2026-2027,11:23 AM,0,1,0
67019053,67_67399_5136980,147961,4/3/27,2026-2027,11:59 AM,0,1,0
67019057,67_67399_5136980,145427,9/12/26,2026-2027,11:25 AM,0,1,0
67019057,67_67399_5136980,148212,4/28/27,2026-2027,2:19 PM,0,0,1
67019058,67_67399_5136980,145887,10/21/26,2026-2027,11:20 AM,0,1,1
67019061,67_67399_5136980,147344,2/24/27,2026-2027,3:00 PM,0,1,0
67019061,67_67399_5136980,147340,2/24/27,2026-2027,2:50 PM,0,0,1
67019061,67_67399_5136980,148371,5/8/27,2026-2027,8:10 AM,0,1,0
67019062,67_67399_5136980,146638,1/9/27,2026-2027,2:18 PM,0,0,1
67019066,67_67399_5136980,145361,9/9/26,2026-2027,3:05 PM,0,0,1
67019067,67_67399_5136980,146610,1/7/27,2026-2027,1:50 PM,0,1,0
67019070,67_67399_5136980,146300,11/16/26,2026-2027,8:00 AM,0,1,0
67019075,67_67399_5136980,147317,2/24/27,2026-2027,9:20 AM,0,1,0
67019075,67_67399_5136980,147582,3/11/27,2026-2027,1:29 PM,0,1,0
67019077,67_67399_5136980,147855,3/26/27,2026-2027,1:50 PM,0,1,0
67019079,67_67399_5136980,146773,1/21/27,2026-2027,2:46 PM,0,0,1
67019081,67_67399_5136980,145287,8/30/26,2026-2027,9:50 AM,0,1,0
67019081,67_67399_5136980,145329,9/6/26,2026-2027,8:16 AM,0,1,0
67019081,67_67399_5136980,145531,9/23/26,2026-2027,2:47 PM,0,1,0
67019083,67_67399_5136980,146298,11/16/26,2026-2027,9:47 AM,0,1,0
67019085,67_67399_5136980,145520,9/20/26,2026-2027,1:17 PM,0,0,1
67019085,67_67399_5136980,146057,11/1/26,2026-2027,1:52 PM,0,1,0
67019085,67_67399_5136980,146606,1/7/27,2026-2027,1:39 PM,0,1,0
67019085,67_67399_5136980,146892,1/28/27,2026-2027,2:01 PM,0,1,0
67019085,67_67399_5136980,147003,2/3/27,2026-2027,1:55 PM,0,0,1
67019086,67_67399_5136980,147784,3/19/27,2026-2027,3:20 PM,0,0,1
67019087,67_67399_5136980,145368,9/9/26,2026-2027,12:11 PM,0,1,0
67019090,67_67399_5136980,145271,8/29/26,2026-2027,4:20 PM,0,0,0
67019090,67_67399_5136980,147304,2/21/27,2026-2027,12:34 PM,3,0,0
67019091,67_67399_5136980,145993,10/29/26,2026-2027,1:20 PM,0,0,0
67019093,67_67399_5136980,145519,9/20/26,2026-2027,12:00 PM,0,0,1
67019093,67_67399_5136980,147915,4/1/27,2026-2027,11:54 AM,0,1,0
67019093,67_67399_5136980,148475,5/15/27,2026-2027,8:20 AM,0,1,0
67019098,67_67399_5136980,146698,1/15/27,2026-2027,8:52 AM,0,1,0
67019099,67_67399_5136980,148015,4/8/27,2026-2027,9:10 AM,0,2,0
67019099,67_67399_5136980,148341,5/7/27,2026-2027,8:31 AM,0,1,0
67019103,67_67399_5136980,145300,9/3/26,2026-2027,12:44 PM,0,1,1
67019103,67_67399_5136980,146028,10/31/26,2026-2027,8:39 AM,0,1,0
67019103,67_67399_5136980,146079,11/4/26,2026-2027,2:32 PM,0,1,0
67019103,67_67399_5136980,146091,11/5/26,2026-2027,1:40 PM,2,0,0
67019103,67_67399_5136980,148454,5/14/27,2026-2027,8:59 AM,0,1,0
67019104,67_67399_5136980,148400,5/12/27,2026-2027,8:49 AM,0,0,1
67019105,67_67399_5136980,146315,11/21/26,2026-2027,9:42 AM,0,0,1
67019106,67_67399_5136980,145603,9/30/26,2026-2027,2:10 PM,0,0,1
67019107,67_67399_5136980,145886,10/21/26,2026-2027,10:03 AM,0,1,0
67019109,67_67399_5136980,146623,1/8/27,2026-2027,1:45 PM,0,1,0
67019111,67_67399_5136980,145396,9/11/26,2026-2027,8:45 AM,0,1,0
67019111,67_67399_5136980,146642,1/9/27,2026-2027,12:25 PM,0,1,0
67019113,67_67399_5136980,145413,9/11/26,2026-2027,2:45 PM,0,0,1
67019113,67_67399_5136980,145481,9/18/26,2026-2027,12:08 PM,0,0,1
67019113,67_67399_5136980,145738,10/8/26,2026-2027,2:30 PM,0,0,1
67019113,67_67399_5136980,146288,11/19/26,2026-2027,2:30 PM,0,1,0
67019113,67_67399_5136980,146419,12/4/26,2026-2027,1:49 PM,0,1,0
67019113,67_67399_5136980,147079,2/6/27,2026-2027,12:20 PM,0,0,1
67019116,67_67399_5136980,145765,10/10/26,2026-2027,10:00 AM,0,1,0
67019127,67_67399_5136980,146095,11/6/26,2026-2027,10:23 AM,0,1,0
67019129,67_67399_5136980,148411,5/12/27,2026-2027,1:38 PM,0,0,1
67019131,67_67399_5136980,145989,10/29/26,2026-2027,1:20 PM,0,2,0
67019131,67_67399_5136980,147133,2/11/27,2026-2027,9:48 AM,0,2,0
67019131,67_67399_5136980,147984,4/4/27,2026-2027,11:05 AM,0,0,0
67019138,67_67399_5136980,147408,2/27/27,2026-2027,11:59 AM,0,0,0
67019139,67_67399_5136980,147583,3/11/27,2026-2027,1:37 PM,0,1,0
67019139,67_67399_5136980,148589,5/22/27,2026-2027,9:33 AM,0,1,0
67019150,67_67399_5136980,145362,9/9/26,2026-2027,2:22 PM,0,0,1
67019150,67_67399_5136980,147135,2/11/27,2026-2027,3:05 PM,0,0,1
67019152,67_67399_5136980,145521,9/23/26,2026-2027,8:17 AM,0,2,0
67019153,67_67399_5136980,145539,9/24/26,2026-2027,11:39 AM,2,0,1
67019153,67_67399_5136980,146007,10/30/26,2026-2027,10:20 AM,0,1,0
67019153,67_67399_5136980,146693,1/14/27,2026-2027,1:35 PM,3,0,1
67019160,67_67399_5136980,147093,2/6/27,2026-2027,1:30 PM,1,0,0
67019161,67_67399_5136980,145222,8/26/26,2026-2027,12:50 PM,0,1,0
67019162,67_67399_5136980,147614,3/11/27,2026-2027,1:00 PM,0,0,1
67019165,67_67399_5136980,146014,10/30/26,2026-2027,11:46 AM,0,1,0
67019166,67_67399_5136980,146305,11/20/26,2026-2027,2:20 PM,0,1,0
67019168,67_67399_5136980,146204,11/14/26,2026-2027,8:10 AM,0,1,0
67019171,67_67399_5136980,146973,1/31/27,2026-2027,11:33 AM,0,0,1
67019171,67_67399_5136980,147162,2/12/27,2026-2027,11:27 AM,0,3,0
67019172,67_67399_5136980,148649,5/28/27,2026-2027,11:22 AM,0,1,0
67019180,67_67399_5136980,145957,10/28/26,2026-2027,9:22 AM,0,0,1
67019181,67_67399_5136980,147807,3/24/27,2026-2027,11:30 AM,0,1,0
67019200,67_67399_5136980,145711,10/7/26,2026-2027,3:07 PM,0,0,1
67019200,67_67399_5136980,146758,1/17/27,2026-2027,12:00 PM,0,0,0
67019201,67_67399_5136980,147883,3/27/27,2026-2027,11:20 AM,0,0,0
67019201,67_67399_5136980,148504,5/15/27,2026-2027,3:20 PM,0,0,0
67019207,67_67399_5136980,147769,3/21/27,2026-2027,10:39 AM,0,2,0
67019207,67_67399_5136980,147881,3/27/27,2026-2027,1:40 PM,0,1,0
67019208,67_67399_5136980,145970,10/28/26,2026-2027,2:30 PM,0,0,0
67019213,67_67399_5136980,148419,5/12/27,2026-2027,2:13 PM,0,1,0
67019213,67_67399_5136980,148420,5/12/27,2026-2027,2:13 PM,0,1,0
67019218,67_67399_5136980,145984,10/29/26,2026-2027,12:25 PM,0,2,0
67019218,67_67399_5136980,147729,3/19/27,2026-2027,2:11 PM,0,2,0
67019219,67_67399_5136980,146863,1/27/27,2026-2027,12:43 PM,0,2,0
67019219,67_67399_5136980,147429,3/3/27,2026-2027,11:06 AM,0,1,0
67019219,67_67399_5136980,147666,3/14/27,2026-2027,2:53 PM,0,1,0
67019219,67_67399_5136980,147921,4/2/27,2026-2027,8:44 AM,0,1,0
67019224,67_67399_5136980,146828,1/23/27,2026-2027,11:34 AM,0,0,0
67019226,67_67399_5136980,147580,3/11/27,2026-2027,1:15 PM,0,0,0
67019226,67_67399_5136980,148606,5/23/27,2026-2027,10:15 AM,0,0,0
67019241,67_67399_5136980,147604,3/12/27,2026-2027,2:03 PM,0,1,0
67019241,67_67399_5136980,148468,5/14/27,2026-2027,2:08 PM,0,1,0
67019250,67_67399_5136980,145363,9/9/26,2026-2027,2:22 PM,0,0,1
67019250,67_67399_5136980,145461,9/16/26,2026-2027,11:43 AM,0,2,0
67019250,67_67399_5136980,145671,10/4/26,2026-2027,11:24 AM,0,2,0
67019250,67_67399_5136980,145915,10/23/26,2026-2027,12:01 PM,0,0,1
67019250,67_67399_5136980,146099,11/6/26,2026-2027,11:24 AM,0,1,0
67019250,67_67399_5136980,147405,2/27/27,2026-2027,11:55 AM,0,0,1
67019250,67_67399_5136980,147731,3/19/27,2026-2027,1:40 PM,0,1,0
67019253,67_67399_5136980,146249,11/18/26,2026-2027,8:14 AM,0,0,1
67019255,67_67399_5136980,145466,9/16/26,2026-2027,1:35 PM,0,0,1
67019255,67_67399_5136980,145715,10/8/26,2026-2027,8:09 AM,0,2,1
67019255,67_67399_5136980,147985,4/4/27,2026-2027,11:32 AM,0,3,0
67019258,67_67399_5136980,148190,4/17/27,2026-2027,11:26 AM,0,0,1
67019262,67_67399_5136980,148408,5/12/27,2026-2027,11:43 AM,0,1,0
67019268,67_67399_5136980,146599,1/7/27,2026-2027,8:35 AM,0,1,0
67019268,67_67399_5136980,146651,1/10/27,2026-2027,3:07 PM,0,1,1
67019273,67_67399_5136980,145570,9/26/26,2026-2027,11:06 AM,0,1,0
67019273,67_67399_5136980,145623,10/1/26,2026-2027,2:50 PM,0,2,0
67019273,67_67399_5136980,145847,10/17/26,2026-2027,9:15 AM,0,0,0
67019273,67_67399_5136980,146018,10/30/26,2026-2027,12:45 PM,1,0,0
67019273,67_67399_5136980,146893,1/28/27,2026-2027,2:23 PM,0,2,0
67019273,67_67399_5136980,147002,2/3/27,2026-2027,1:50 PM,1,0,1
67019273,67_67399_5136980,147710,3/19/27,2026-2027,9:10 AM,0,1,1
67019273,67_67399_5136980,148100,4/11/27,2026-2027,10:30 AM,0,1,0
67019273,67_67399_5136980,148134,4/14/27,2026-2027,2:28 PM,0,2,0
67019273,67_67399_5136980,148401,5/12/27,2026-2027,9:43 AM,0,1,0
67019275,67_67399_5136980,145282,8/30/26,2026-2027,8:08 AM,0,1,0
67019281,67_67399_5136980,146701,1/15/27,2026-2027,9:40 AM,0,2,0
67019281,67_67399_5136980,147707,3/18/27,2026-2027,2:25 PM,0,1,0
67019281,67_67399_5136980,148319,5/6/27,2026-2027,9:49 AM,0,0,1
67019286,67_67399_5136980,146319,11/20/26,2026-2027,11:00 AM,0,1,0
67019291,67_67399_5136980,147717,3/19/27,2026-2027,11:08 AM,0,0,1
67019295,67_67399_5136980,145364,9/9/26,2026-2027,2:22 PM,0,0,1
67019295,67_67399_5136980,145835,10/16/26,2026-2027,1:18 PM,0,0,1
67019295,67_67399_5136980,147894,3/28/27,2026-2027,12:12 PM,0,2,0
67019295,67_67399_5136980,148165,4/16/27,2026-2027,11:34 AM,0,1,0
67019298,67_67399_5136980,147532,3/7/27,2026-2027,3:30 PM,0,0,0
67019300,67_67399_5136980,145225,8/28/26,2026-2027,7:58 AM,0,1,0
67019300,67_67399_5136980,145959,10/26/26,2026-2027,7:30 PM,0,0,0
67019301,67_67399_5136980,147367,2/25/27,2026-2027,1:53 PM,0,1,0
67019301,67_67399_5136980,148437,5/13/27,2026-2027,10:38 AM,0,0,1
67019301,67_67399_5136980,148607,5/23/27,2026-2027,10:20 AM,3,0,0
67019310,67_67399_5136980,148247,4/30/27,2026-2027,10:53 AM,0,1,0
67019317,67_67399_5136980,145188,8/26/26,2026-2027,12:09 PM,0,1,0
67019318,67_67399_5136980,145227,8/28/26,2026-2027,8:05 AM,0,1,0
67019320,67_67399_5136980,148090,4/10/27,2026-2027,2:39 PM,0,1,0
67019324,67_67399_5136980,147393,2/27/27,2026-2027,10:15 AM,0,0,1
67019326,67_67399_5136980,145568,9/26/26,2026-2027,10:30 AM,0,0,1
67019326,67_67399_5136980,146499,12/11/26,2026-2027,2:27 PM,0,1,0
67019326,67_67399_5136980,146517,12/12/26,2026-2027,2:17 PM,0,1,0
67019326,67_67399_5136980,146547,12/16/26,2026-2027,2:16 PM,0,1,0
67019326,67_67399_5136980,146576,12/19/26,2026-2027,11:55 AM,0,1,0
67019340,67_67399_5136980,145198,8/27/26,2026-2027,8:06 AM,0,1,0
67019342,67_67399_5136980,146809,1/23/27,2026-2027,11:44 AM,0,0,1
67019352,67_67399_5136980,146582,12/20/26,2026-2027,12:40 PM,0,1,0
67019364,67_67399_5136980,147117,2/7/27,2026-2027,12:53 PM,0,0,1
67019377,67_67399_5136980,145289,8/30/26,2026-2027,9:51 AM,0,1,0
67019379,67_67399_5136980,146552,12/17/26,2026-2027,9:59 AM,0,0,1
67019380,67_67399_5136980,145677,10/4/26,2026-2027,10:30 PM,0,0,0
67019380,67_67399_5136980,148577,5/21/27,2026-2027,1:28 PM,0,1,0
67019388,67_67399_5136980,146317,11/21/26,2026-2027,10:15 AM,0,1,0
67019388,67_67399_5136980,146551,12/17/26,2026-2027,9:46 AM,0,2,2
67019396,67_67399_5136980,146844,1/24/27,2026-2027,12:08 PM,0,0,1
67019402,67_67399_5136980,147271,2/19/27,2026-2027,12:55 PM,0,1,0
67019405,67_67399_5136980,146845,1/24/27,2026-2027,12:06 PM,0,0,1
67019409,67_67399_5136980,146355,11/22/26,2026-2027,12:05 PM,0,0,1
67019409,67_67399_5136980,147534,3/7/27,2026-2027,3:30 PM,1,0,0
67019412,67_67399_5136980,145869,10/17/26,2026-2027,3:44 PM,0,0,1
67019416,67_67399_5136980,145809,10/15/26,2026-2027,11:14 AM,0,0,1
67019417,67_67399_5136980,148452,5/13/27,2026-2027,2:14 PM,0,1,0
67019418,67_67399_5136980,145272,8/29/26,2026-2027,2:15 PM,1,0,0
67019418,67_67399_5136980,145620,10/1/26,2026-2027,2:19 PM,0,1,0
67019425,67_67399_5136980,146585,1/6/27,2026-2027,10:15 AM,0,1,0
67019429,67_67399_5136980,146326,11/21/26,2026-2027,12:23 PM,0,2,1
67019429,67_67399_5136980,147676,9/11/27,2026-2027,8:10 AM,0,1,0
67019443,67_67399_5136980,147891,3/28/27,2026-2027,11:16 AM,0,1,0
67019447,67_67399_5136980,148632,5/27/27,2026-2027,10:47 AM,0,0,1
67019448,67_67399_5136980,147959,4/3/27,2026-2027,11:50 AM,0,2,0
67019449,67_67399_5136980,145390,9/11/26,2026-2027,8:07 AM,0,1,0
67019453,67_67399_5136980,145918,10/23/26,2026-2027,12:15 PM,0,0,0
67019463,67_67399_5136980,147327,2/24/27,2026-2027,12:54 PM,0,0,0
67019463,67_67399_5136980,148462,5/14/27,2026-2027,10:50 AM,0,1,0
67019469,67_67399_5136980,145837,10/16/26,2026-2027,9:39 AM,0,0,1
67019469,67_67399_5136980,146544,12/16/26,2026-2027,12:04 PM,0,1,0
67019469,67_67399_5136980,146794,1/22/27,2026-2027,2:20 PM,0,0,0
67019469,67_67399_5136980,148592,5/22/27,2026-2027,11:18 AM,0,1,1
67019470,67_67399_5136980,146795,1/22/27,2026-2027,2:40 PM,0,0,0
67019470,67_67399_5136980,147295,2/21/27,2026-2027,10:50 AM,0,1,0
67019470,67_67399_5136980,148148,4/15/27,2026-2027,10:43 AM,0,1,0
67019470,67_67399_5136980,148463,5/14/27,2026-2027,10:50 AM,0,1,0
67019481,67_67399_5136980,147331,2/24/27,2026-2027,1:32 PM,0,0,1
67019484,67_67399_5136980,146953,1/30/27,2026-2027,1:31 PM,0,2,1
67020930,67_67399_5136981,148284,5/1/27,2026-2027,10:15 AM,0,0,1
67020930,67_67399_5136981,148713,5/28/27,2026-2027,10:15 AM,0,2,0
67020932,67_67399_5136981,148707,6/4/27,2026-2027,11:00 AM,0,1,1
