stu_id,site_id,section_id,term_code,course_grade,mark,credit_attempted,creadit_completed,course_yr
67017094,67_67399_5136980,0062-53,1M,9,C,5,5,2027
67017094,67_67399_5136980,1726-01,1M,9,C-,5,5,2027
67017094,67_67399_5136980,6687-17,1S,10,B-,5,5,2027
67017094,67_67399_5136980,6215-58,1S,10,C-,5,5,2027
67017094,67_67399_5136980,7708-60,1S,10,D-,5,5,2027
67017094,67_67399_5136980,886139,1S,10,F,5,0,2027
67017094,67_67399_5136980,C910417-06,1S,10,F,5,0,2027
67017094,67_67399_5136980,3038-51,2S,9,B,5,5,2027
67017094,67_67399_5136980,4579-53,2S,9,B-,5,5,2027
67017094,67_67399_5136980,0062-53,2S,9,B+,5,5,2027
67017094,67_67399_5136980,7651-70,2S,9,C+,5,5,2027
67017094,67_67399_5136980,2151646,2S,9,D+,5,5,2027
67017094,67_67399_5136980,7383-51,2S,9,D+,5,5,2027
67017094,67_67399_5136980,C910416-51,2S,9,F,5,0,2027
67018074,67_67399_5136980,C751001-02,1S,9,A,5,5,2027
67018074,67_67399_5136980,C910417-02,1S,9,B,5,5,2027
67018074,67_67399_5136980,C910417-03,1S,9,A,5,5,2027
67018074,67_67399_5136980,1494665,1S,9,A,5,5,2027
67018074,67_67399_5136980,C713101-02,1S,9,C,5,5,2027
67018074,67_67399_5136980,3038-52,1S,9,F,5,0,2027
67018074,67_67399_5136980,C931602-03,1S,9,B,10,10,2027
67018074,67_67399_5136980,C925402-02,1S,9,F,5,0,2027
67018074,67_67399_5136980,64285,1S,9,A,5,5,2027
67018074,67_67399_5136980,C930301-02,1S,9,C,10,10,2027
67018074,67_67399_5136980,C910201-09,1S,9,B,5,5,2027
67018074,67_67399_5136980,9104016-22,2S,9,C,5,5,2027
67018074,67_67399_5136980,1710-17,2S,9,B,5,5,2027
67018074,67_67399_5136980,C910204-20,2S,9,B,5,5,2027
67018075,67_67399_5136980,644776,1S,9,A,10,10,2027
67018075,67_67399_5136980,005693-537,1S,9,B,5,5,2027
67018075,67_67399_5136980,1883-09,1S,9,B,5,5,2027
67018075,67_67399_5136980,C917203-50,1S,9,A,5,5,2027
67018075,67_67399_5136980,C934001-11,1S,9,C,5,5,2027
67018075,67_67399_5136980,3038-51,1S,9,C,5,5,2027
67018075,67_67399_5136980,5990-52,1S,9,A,10,10,2027
67018075,67_67399_5136980,9814-20,1S,9,B,5,5,2027
67018075,67_67399_5136980,2075-53,1S,9,A,5,5,2027
67018075,67_67399_5136980,0918-01,1S,9,C,10,10,2027
67018075,67_67399_5136980,1746804,1S,9,A,5,5,2027
67018075,67_67399_5136980,9104016-52,2S,9,C,5,5,2027
67018075,67_67399_5136980,C910415-50,2S,9,A,5,5,2027
67018075,67_67399_5136980,C917401-03,2S,9,B,5,5,2027
67018075,67_67399_5136980,1747230,2S,9,B,5,5,2027
67018076,67_67399_5136980,0915-67,1S,9,B,10,10,2027
67018076,67_67399_5136980,C910204-01,1S,9,B,5,5,2027
67018076,67_67399_5136980,2075-31,1S,9,C,5,5,2027
67018076,67_67399_5136980,C924502-03,1S,9,A,5,5,2027
67018076,67_67399_5136980,5819-20,1S,9,B,10,10,2027
67018076,67_67399_5136980,3068-50,1S,9,B,5,5,2027
67018076,67_67399_5136980,C934002-04,1S,9,B,5,5,2027
67018076,67_67399_5136980,2675859,1S,9,A,5,5,2027
67018076,67_67399_5136980,C910416-51,1S,9,A,5,5,2027
67018076,67_67399_5136980,9104016-22,1S,9,B,5,5,2027
67018076,67_67399_5136980,C820002-01,1S,9,A,5,5,2027
67018076,67_67399_5136980,7702-51,2S,9,B,5,5,2027
67018076,67_67399_5136980,C917202-50,2S,9,B,5,5,2027
67018076,67_67399_5136980,C910417-03,2S,9,C,5,5,2027
67018076,67_67399_5136980,1850-08,2S,9,B,5,5,2027
67018077,67_67399_5136980,1746773,1S,9,A,5,5,2027
67018077,67_67399_5136980,C913002-52,1S,9,C,5,5,2027
67018077,67_67399_5136980,2076-65,1S,9,A,5,5,2027
67018077,67_67399_5136980,596563,1S,9,B,5,5,2027
67018077,67_67399_5136980,7651-67,1S,9,A,10,10,2027
67018077,67_67399_5136980,1576082,1S,9,A,5,5,2027
67018077,67_67399_5136980,994251,1S,9,A,5,5,2027
67018077,67_67399_5136980,1710-17,1S,9,B,5,5,2027
67018077,67_67399_5136980,005693-436,1S,9,A,5,5,2027
67018077,67_67399_5136980,C910415-56,1S,9,C,5,5,2027
67018077,67_67399_5136980,101721,1S,9,A,10,10,2027
67018077,67_67399_5136980,8697-14,2S,9,B,5,5,2027
67018077,67_67399_5136980,C917305-20,2S,9,A,5,5,2027
67018077,67_67399_5136980,C920003-02,2S,9,B,10,10,2027
67018078,67_67399_5136980,2273302,1S,9,A,5,5,2027
67018078,67_67399_5136980,1746865,1S,9,C,5,5,2027
67018078,67_67399_5136980,0915-11,1S,9,B,10,10,2027
67018078,67_67399_5136980,64040,1S,9,A,5,5,2027
67018078,67_67399_5136980,2057-16,1S,9,A,5,5,2027
67018078,67_67399_5136980,7651-61,1S,9,B,10,10,2027
67018078,67_67399_5136980,C922003-02,1S,9,B,5,5,2027
67018078,67_67399_5136980,C923204-01,1S,9,A,5,5,2027
67018078,67_67399_5136980,24108,1S,9,B,5,5,2027
67018078,67_67399_5136980,725433,1S,9,A,5,5,2027
67018078,67_67399_5136980,5432-53,1S,9,A,5,5,2027
67018078,67_67399_5136980,1280-51,2S,9,A,5,5,2027
67018078,67_67399_5136980,C922711-02,2S,9,C,10,10,2027
67018078,67_67399_5136980,2151950,2S,9,B,5,5,2027
67018079,67_67399_5136980,1592856,1S,9,B,5,5,2027
67018079,67_67399_5136980,C908001-01,1S,9,A,5,5,2027
67018079,67_67399_5136980,0061-54,1S,9,A,5,5,2027
67018079,67_67399_5136980,C925401-08,1S,9,A,5,5,2027
67018079,67_67399_5136980,C931601-02,1S,9,A,10,10,2027
67018079,67_67399_5136980,3068-54,1S,9,B,5,5,2027
67018079,67_67399_5136980,446966,1S,9,A,5,5,2027
67018079,67_67399_5136980,1710-09,1S,9,A,5,5,2027
67018079,67_67399_5136980,005693--33,1S,9,B,5,5,2027
67018079,67_67399_5136980,1850-01,1S,9,B,5,5,2027
67018079,67_67399_5136980,1693663,1S,9,C,5,5,2027
67018079,67_67399_5136980,6682-13,2S,9,C,5,5,2027
67018079,67_67399_5136980,1710-52,2S,9,A,5,5,2027
67018079,67_67399_5136980,1392672,2S,9,C,5,5,2027
67018080,67_67399_5136980,C717201-02,1S,9,C,5,5,2027
67018080,67_67399_5136980,C910418-09,1S,9,A,5,5,2027
67018080,67_67399_5136980,5693-032,1S,9,C,5,5,2027
67018080,67_67399_5136980,1710-22,1S,9,A,5,5,2027
67018080,67_67399_5136980,C934002-07,1S,9,B,5,5,2027
67018080,67_67399_5136980,1577970,1S,9,A,5,5,2027
67018080,67_67399_5136980,5819-34,1S,9,A,10,10,2027
67018080,67_67399_5136980,1996814,1S,9,A,10,10,2027
67018080,67_67399_5136980,2075-61,1S,9,C,5,5,2027
67018080,67_67399_5136980,1520627,1S,9,A,10,10,2027
67018080,67_67399_5136980,7708-56,1S,9,B,5,5,2027
67018080,67_67399_5136980,0215-04,2S,9,A,10,10,2027
67018080,67_67399_5136980,1850-03,2S,9,B,5,5,2027
67018080,67_67399_5136980,1494909,2S,9,C,5,5,2027
67018080,67_67399_5136980,2101608,2S,9,C,5,5,2027
67018081,67_67399_5136980,980738,1S,9,B,5,5,2027
67018081,67_67399_5136980,730365,1S,9,B,5,5,2027
67018081,67_67399_5136980,2075-57,1S,9,A,5,5,2027
67018081,67_67399_5136980,C924501-01,1S,9,A,5,5,2027
67018081,67_67399_5136980,2097680,1S,9,A,10,10,2027
67018081,67_67399_5136980,3038-52,1S,9,A,5,5,2027
67018081,67_67399_5136980,3121-41,1S,9,C,5,5,2027
67018081,67_67399_5136980,24108,1S,9,A,5,5,2027
67018081,67_67399_5136980,C910415-50,1S,9,C,5,5,2027
67018081,67_67399_5136980,1883-01,1S,9,A,5,5,2027
67018081,67_67399_5136980,C751102-01,1S,9,A,5,5,2027
67018081,67_67399_5136980,C910201-18,2S,9,B,5,5,2027
67018081,67_67399_5136980,1710-02,2S,9,B,5,5,2027
67018081,67_67399_5136980,C922203-50,2S,9,B,5,5,2027
67018082,67_67399_5136980,1254-09,1S,9,B,5,5,2027
67018082,67_67399_5136980,C900001-02,1S,9,B,5,5,2027
67018082,67_67399_5136980,64437,1S,9,C,5,5,2027
67018082,67_67399_5136980,9815-31,1S,9,A,5,5,2027
67018082,67_67399_5136980,5819-24,1S,9,B,10,10,2027
67018082,67_67399_5136980,6215-50,1S,9,C,5,5,2027
67018082,67_67399_5136980,C934002-07,1S,9,B,5,5,2027
67018082,67_67399_5136980,2676103,1S,9,C,5,5,2027
67018082,67_67399_5136980,C923203-01,1S,9,A,5,5,2027
67018082,67_67399_5136980,C910416-53,1S,9,A,5,5,2027
67018082,67_67399_5136980,2348511,1S,9,B,10,10,2027
67018082,67_67399_5136980,C910202-20,2S,9,B,5,5,2027
67018082,67_67399_5136980,2675828,2S,9,C,5,5,2027
67018082,67_67399_5136980,5793-23,2S,9,A,5,5,2027
67018083,67_67399_5136980,104827,1S,9,A,10,10,2027
67018083,67_67399_5136980,C922001-53,1S,9,A,5,5,2027
67018083,67_67399_5136980,C922002-52,1S,9,C,5,5,2027
67018083,67_67399_5136980,1494756,1S,9,A,5,5,2027
67018083,67_67399_5136980,993827,1S,9,A,5,5,2027
67018083,67_67399_5136980,1579401,1S,9,A,5,5,2027
67018083,67_67399_5136980,5819-22,1S,9,A,10,10,2027
67018083,67_67399_5136980,57377,1S,9,B,5,5,2027
67018083,67_67399_5136980,2075-50,1S,9,A,5,5,2027
67018083,67_67399_5136980,206030,1S,9,A,5,5,2027
67018083,67_67399_5136980,1746835,1S,9,B,5,5,2027
67018083,67_67399_5136980,C922204-50,2S,9,B,5,5,2027
67018083,67_67399_5136980,5991-18,2S,9,A,5,5,2027
67018083,67_67399_5136980,2137826,2S,9,A,5,5,2027
67018085,67_67399_5136980,1256-13,1S,9,B,5,5,2027
67018085,67_67399_5136980,0915-11,1S,9,C,10,10,2027
67018085,67_67399_5136980,2075-31,1S,9,A,5,5,2027
67018085,67_67399_5136980,9814-21,1S,9,A,5,5,2027
67018085,67_67399_5136980,C931602-01,1S,9,A,10,10,2027
67018085,67_67399_5136980,623106,1S,9,A,5,5,2027
67018085,67_67399_5136980,C932301-50,1S,9,B,5,5,2027
67018085,67_67399_5136980,1790-19,1S,9,C,5,5,2027
67018085,67_67399_5136980,C9104008-03,1S,9,B,5,5,2027
67018085,67_67399_5136980,1883-10,1S,9,B,5,5,2027
67018085,67_67399_5136980,C751101-01,1S,9,B,5,5,2027
67018085,67_67399_5136980,4579-50,2S,9,A,5,5,2027
67018085,67_67399_5136980,5991-18,2S,9,C,5,5,2027
67018085,67_67399_5136980,C922703-02,2S,9,A,10,10,2027
67018087,67_67399_5136980,2482829,1S,9,B,5,5,2027
67018087,67_67399_5136980,1691471,1S,9,C,5,5,2027
67018087,67_67399_5136980,C910418-07,1S,9,A,5,5,2027
67018087,67_67399_5136980,C922005-01,1S,9,A,5,5,2027
67018087,67_67399_5136980,1790-12,1S,9,B,5,5,2027
67018087,67_67399_5136980,726104,1S,9,B,5,5,2027
67018087,67_67399_5136980,6215-61,1S,9,F,5,0,2027
67018087,67_67399_5136980,1431477,1S,9,C,10,10,2027
67018087,67_67399_5136980,9814-19,1S,9,A,5,5,2027
67018087,67_67399_5136980,2075-67,1S,9,B,5,5,2027
67018087,67_67399_5136980,C908001-01,1S,9,C,5,5,2027
67018087,67_67399_5136980,2294272,2S,9,A,5,5,2027
67018087,67_67399_5136980,1790-01,2S,9,B,5,5,2027
67018087,67_67399_5136980,8697-17,2S,9,A,5,5,2027
67018088,67_67399_5136980,2380319,1S,9,D,10,10,2027
67018088,67_67399_5136980,1458567,1S,9,C,5,5,2027
67018088,67_67399_5136980,C917305-25,1S,9,B,5,5,2027
67018088,67_67399_5136980,725374,1S,9,C,5,5,2027
67018088,67_67399_5136980,6215-62,1S,9,C,5,5,2027
67018088,67_67399_5136980,7641-56,1S,9,C,10,10,2027
67018088,67_67399_5136980,57680,1S,9,B,5,5,2027
67018088,67_67399_5136980,2076-55,1S,9,B,5,5,2027
67018088,67_67399_5136980,1022406,1S,9,F,10,0,2027
67018088,67_67399_5136980,C910502-04,1S,9,C,5,5,2027
67018088,67_67399_5136980,C9104006-04,2S,9,D,5,5,2027
67018088,67_67399_5136980,5991-19,2S,9,A,5,5,2027
67018090,67_67399_5136980,C910204-09,1S,9,B,5,5,2027
67018090,67_67399_5136980,1877348,1S,9,B,5,5,2027
67018090,67_67399_5136980,2075-67,1S,9,B,5,5,2027
67018090,67_67399_5136980,9815-42,1S,9,B,5,5,2027
67018090,67_67399_5136980,7651-79,1S,9,B,10,10,2027
67018090,67_67399_5136980,1577909,1S,9,C,5,5,2027
67018090,67_67399_5136980,446053,1S,9,C,5,5,2027
67018090,67_67399_5136980,1887,1S,9,A,5,5,2027
67018090,67_67399_5136980,5693-31,1S,9,F,5,0,2027
67018090,67_67399_5136980,5980-55,1S,9,F,10,0,2027
67018090,67_67399_5136980,C820001-01,1S,9,A,5,5,2027
67018090,67_67399_5136980,C910203-11,2S,9,C,5,5,2027
67018090,67_67399_5136980,2675889,2S,9,B,5,5,2027
67018090,67_67399_5136980,C9104006-05,2S,9,C,5,5,2027
67018091,67_67399_5136980,1593221,1S,9,B,5,5,2027
67018091,67_67399_5136980,729057,1S,9,A,5,5,2027
67018091,67_67399_5136980,2076-64,1S,9,B,5,5,2027
67018091,67_67399_5136980,57466,1S,9,B,5,5,2027
67018091,67_67399_5136980,7641-57,1S,9,A,10,10,2027
67018091,67_67399_5136980,1578215,1S,9,C,5,5,2027
67018091,67_67399_5136980,643285,1S,9,B,5,5,2027
67018091,67_67399_5136980,9226-16,1S,9,B,5,5,2027
67018091,67_67399_5136980,C922203-51,1S,9,B,5,5,2027
67018091,67_67399_5136980,C910415-56,1S,9,C,5,5,2027
67018091,67_67399_5136980,C8410003-31,1S,9,A,15,15,2027
67018091,67_67399_5136980,6683-18,2S,9,B,5,5,2027
67018091,67_67399_5136980,C917305-06,2S,9,C,5,5,2027
67018091,67_67399_5136980,C9104009-05,2S,9,A,5,5,2027
67018091,67_67399_5136980,C906202-01,2S,9,A,5,5,2027
67018092,67_67399_5136980,1414738,1S,9,B,10,10,2027
67018092,67_67399_5136980,C920003-02,1S,9,C,10,10,2027
67018092,67_67399_5136980,C922705-02,1S,9,A,10,10,2027
67018092,67_67399_5136980,C917304-18,1S,9,B,5,5,2027
67018092,67_67399_5136980,993947,1S,9,A,5,5,2027
67018092,67_67399_5136980,C7171001-02,1S,9,A,5,5,2027
67018092,67_67399_5136980,5819-21,1S,9,A,10,10,2027
67018092,67_67399_5136980,2057-13,1S,9,B,5,5,2027
67018092,67_67399_5136980,2075-61,1S,9,B,5,5,2027
67018092,67_67399_5136980,206059,1S,9,C,5,5,2027
67018092,67_67399_5136980,1746835,1S,9,B,5,5,2027
67018092,67_67399_5136980,1624-01,2S,9,C,10,10,2027
67018092,67_67399_5136980,7791-13,2S,9,A,5,5,2027
67018092,67_67399_5136980,1746804,2S,9,C,5,5,2027
67018093,67_67399_5136980,446724,1S,9,C,5,5,2027
67018093,67_67399_5136980,C910202-20,1S,9,A,5,5,2027
67018093,67_67399_5136980,1056680,1S,9,A,5,5,2027
67018093,67_67399_5136980,2075-51,1S,9,A,5,5,2027
67018093,67_67399_5136980,9815-37,1S,9,C,5,5,2027
67018093,67_67399_5136980,7641-50,1S,9,B,10,10,2027
67018093,67_67399_5136980,1576113,1S,9,A,5,5,2027
67018093,67_67399_5136980,1790-01,1S,9,A,5,5,2027
67018093,67_67399_5136980,C910416-51,1S,9,B,5,5,2027
67018093,67_67399_5136980,C906201-03,1S,9,B,5,5,2027
67018093,67_67399_5136980,1691865,1S,9,A,5,5,2027
67018093,67_67399_5136980,2482799,2S,9,A,5,5,2027
67018093,67_67399_5136980,C917304-24,2S,9,B,5,5,2027
67018093,67_67399_5136980,1850-07,2S,9,A,5,5,2027
67018093,67_67399_5136980,1421892,2S,9,B,5,5,2027
67018094,67_67399_5136980,C906201-03,1S,9,A,5,5,2027
67018094,67_67399_5136980,7702-60,1S,9,A,5,5,2027
67018094,67_67399_5136980,108114,1S,9,B,5,5,2027
67018094,67_67399_5136980,2075-41,1S,9,C,5,5,2027
67018094,67_67399_5136980,97188,1S,9,A,5,5,2027
67018094,67_67399_5136980,5819-17,1S,9,A,10,10,2027
67018094,67_67399_5136980,5432-56,1S,9,B,5,5,2027
67018094,67_67399_5136980,5980-51,1S,9,C,10,10,2027
67018094,67_67399_5136980,C713102-02,1S,9,B,5,5,2027
67018094,67_67399_5136980,23743,1S,9,A,5,5,2027
67018094,67_67399_5136980,C700002-51,1S,9,A,5,5,2027
67018094,67_67399_5136980,C922001-50,2S,9,B,5,5,2027
67018094,67_67399_5136980,1494574,2S,9,B,5,5,2027
67018094,67_67399_5136980,05693-4311,2S,9,A,5,5,2027
67018094,67_67399_5136980,1286-03,2S,9,B,5,5,2027
67018095,67_67399_5136980,1280-51,1S,9,C,5,5,2027
67018095,67_67399_5136980,C930301-02,1S,9,C,10,10,2027
67018095,67_67399_5136980,2075-56,1S,9,C,5,5,2027
67018095,67_67399_5136980,2891047,1S,9,A,5,5,2027
67018095,67_67399_5136980,5990-53,1S,9,B,10,10,2027
67018095,67_67399_5136980,3038-51,1S,9,C,5,5,2027
67018095,67_67399_5136980,1765615,1S,9,B,5,5,2027
67018095,67_67399_5136980,C917305-10,1S,9,C,5,5,2027
67018095,67_67399_5136980,C9104010-01,1S,9,C,5,5,2027
67018095,67_67399_5136980,C902001-01,1S,9,B,10,10,2027
67018095,67_67399_5136980,104917,1S,9,B,10,10,2027
67018095,67_67399_5136980,1748691,2S,9,A,5,5,2027
67018095,67_67399_5136980,2151980,2S,9,A,5,5,2027
67018095,67_67399_5136980,0218-01,2S,9,A,10,10,2027
67018096,67_67399_5136980,2076-51,1S,9,B,5,5,2027
67018096,67_67399_5136980,C910203-04,1S,9,B,5,5,2027
67018096,67_67399_5136980,4326-51,1S,9,C,5,5,2027
67018096,67_67399_5136980,9815-30,1S,9,A,5,5,2027
67018096,67_67399_5136980,7651-79,1S,9,C,10,10,2027
67018096,67_67399_5136980,6215-54,1S,9,B,5,5,2027
67018096,67_67399_5136980,C934001-05,1S,9,A,5,5,2027
67018096,67_67399_5136980,27791,1S,9,C,5,5,2027
67018096,67_67399_5136980,C922701-01,1S,9,A,10,10,2027
67018096,67_67399_5136980,298405,1S,9,A,10,10,2027
67018096,67_67399_5136980,1704255,1S,9,C,10,10,2027
67018096,67_67399_5136980,8697-13,2S,9,B,5,5,2027
67018096,67_67399_5136980,C923204-02,2S,9,C,5,5,2027
67018096,67_67399_5136980,C910429-50,2S,9,B,5,5,2027
67018096,67_67399_5136980,1850-01,2S,9,C,5,5,2027
67018097,67_67399_5136980,1746957,1S,9,B,5,5,2027
67018097,67_67399_5136980,657894,1S,9,B,10,10,2027
67018097,67_67399_5136980,2076-42,1S,9,C,5,5,2027
67018097,67_67399_5136980,9814-21,1S,9,B,5,5,2027
67018097,67_67399_5136980,7641-53,1S,9,C,10,10,2027
67018097,67_67399_5136980,1577909,1S,9,F,5,0,2027
67018097,67_67399_5136980,3123-14,1S,9,D,5,5,2027
67018097,67_67399_5136980,C917304-19,1S,9,B,5,5,2027
67018097,67_67399_5136980,005693-534,1S,9,B,5,5,2027
67018097,67_67399_5136980,1385399,1S,9,A,5,5,2027
67018097,67_67399_5136980,2348662,1S,9,A,10,10,2027
67018097,67_67399_5136980,7702-59,2S,9,B,5,5,2027
67018097,67_67399_5136980,C917304-08,2S,9,B,5,5,2027
67018097,67_67399_5136980,5693-22,2S,9,A,5,5,2027
67018098,67_67399_5136980,7651-72,1S,9,A,10,10,2027
67018098,67_67399_5136980,1918286,1S,9,A,10,10,2027
67018098,67_67399_5136980,63979,1S,9,A,5,5,2027
67018098,67_67399_5136980,2890865,1S,9,B,5,5,2027
67018098,67_67399_5136980,5432-57,1S,9,B,5,5,2027
67018098,67_67399_5136980,993827,1S,9,A,5,5,2027
67018098,67_67399_5136980,2676042,1S,9,B,5,5,2027
67018098,67_67399_5136980,C910430-50,1S,9,B,5,5,2027
67018098,67_67399_5136980,C923204-01,1S,9,A,5,5,2027
67018098,67_67399_5136980,C910202-21,1S,9,A,5,5,2027
67018098,67_67399_5136980,2350003,1S,9,A,10,10,2027
67018098,67_67399_5136980,1276-51,2S,9,A,5,5,2027
67018098,67_67399_5136980,1768930,2S,9,B,5,5,2027
67018098,67_67399_5136980,005693-437,2S,9,A,5,5,2027
67018098,67_67399_5136980,1850-02,2S,9,A,5,5,2027
67018099,67_67399_5136980,5819-34,1S,9,B,10,10,2027
67018099,67_67399_5136980,5693-31,1S,9,B,5,5,2027
67018099,67_67399_5136980,298556,1S,9,B,10,10,2027
67018099,67_67399_5136980,7791-15,1S,9,B,5,5,2027
67018099,67_67399_5136980,993947,1S,9,B,5,5,2027
67018099,67_67399_5136980,3038-51,1S,9,B,5,5,2027
67018099,67_67399_5136980,9815-30,1S,9,C,5,5,2027
67018099,67_67399_5136980,2076-61,1S,9,A,5,5,2027
67018099,67_67399_5136980,0915-68,1S,9,B,10,10,2027
67018099,67_67399_5136980,1593310,1S,9,A,5,5,2027
67018099,67_67399_5136980,C740001-04,1S,9,B,5,5,2027
67018099,67_67399_5136980,0215-07,2S,9,A,10,10,2027
67018099,67_67399_5136980,C910418-11,2S,9,C,5,5,2027
67018099,67_67399_5136980,1728-03,2S,9,A,5,5,2027
67018099,67_67399_5136980,C910204-09,2S,9,A,5,5,2027
67018100,67_67399_5136980,980710,1S,9,C,5,5,2027
67018100,67_67399_5136980,729696,1S,9,C,5,5,2027
67018100,67_67399_5136980,2076-53,1S,9,B,5,5,2027
67018100,67_67399_5136980,9815-50,1S,9,A,5,5,2027
67018100,67_67399_5136980,5819-15,1S,9,B,10,10,2027
67018100,67_67399_5136980,6215-64,1S,9,C,5,5,2027
67018100,67_67399_5136980,C934001-11,1S,9,C,5,5,2027
67018100,67_67399_5136980,1494452,1S,9,A,5,5,2027
67018100,67_67399_5136980,C922007-01,1S,9,B,5,5,2027
67018100,67_67399_5136980,5980-50,1S,9,B,10,10,2027
67018100,67_67399_5136980,C8421003-43,1S,9,B,15,15,2027
67018100,67_67399_5136980,C910701-01,2S,9,B,5,5,2027
67018100,67_67399_5136980,1768930,2S,9,B,5,5,2027
67018100,67_67399_5136980,5693-32,2S,9,B,5,5,2027
67018101,67_67399_5136980,1790-11,1S,9,B,5,5,2027
67018101,67_67399_5136980,1748538,1S,9,B,5,5,2027
67018101,67_67399_5136980,C900002-50,1S,9,A,5,5,2027
67018101,67_67399_5136980,2076-63,1S,9,C,5,5,2027
67018101,67_67399_5136980,118371,1S,9,B,5,5,2027
67018101,67_67399_5136980,7651-66,1S,9,B,10,10,2027
67018101,67_67399_5136980,5432-57,1S,9,B,5,5,2027
67018101,67_67399_5136980,1765615,1S,9,C,5,5,2027
67018101,67_67399_5136980,1446728,1S,9,A,10,10,2027
67018101,67_67399_5136980,9104016-12,1S,9,C,5,5,2027
67018101,67_67399_5136980,2380319,1S,9,B,10,10,2027
67018101,67_67399_5136980,1254-31,2S,9,B,5,5,2027
67018101,67_67399_5136980,1710-07,2S,9,B,5,5,2027
67018101,67_67399_5136980,C910415-55,2S,9,A,5,5,2027
67018102,67_67399_5136980,C700001-50,1S,9,A,5,5,2027
67018102,67_67399_5136980,C910418-04,1S,9,B,5,5,2027
67018102,67_67399_5136980,C910429-02,1S,9,A,5,5,2027
67018102,67_67399_5136980,C917402-02,1S,9,A,5,5,2027
67018102,67_67399_5136980,445963,1S,9,A,5,5,2027
67018102,67_67399_5136980,6215-63,1S,9,B,5,5,2027
67018102,67_67399_5136980,1409473,1S,9,A,10,10,2027
67018102,67_67399_5136980,C925401-09,1S,9,C,5,5,2027
67018102,67_67399_5136980,0062-51,1S,9,A,5,5,2027
67018102,67_67399_5136980,3899-53,1S,9,C,5,5,2027
67018102,67_67399_5136980,7708-61,1S,9,B,5,5,2027
67018102,67_67399_5136980,C923203-01,2S,9,B,5,5,2027
67018102,67_67399_5136980,C906202-02,2S,9,B,5,5,2027
67018102,67_67399_5136980,C917304-12,2S,9,B,5,5,2027
67018102,67_67399_5136980,7708-51,2S,9,B,5,5,2027
67018103,67_67399_5136980,2890927,1S,9,B,5,5,2027
67018103,67_67399_5136980,2075-52,1S,9,A,5,5,2027
67018103,67_67399_5136980,9295002-32,1S,9,B,5,5,2027
67018103,67_67399_5136980,1256-06,1S,9,B,5,5,2027
67018103,67_67399_5136980,2098411,1S,9,B,10,10,2027
67018103,67_67399_5136980,101783,1S,9,C,10,10,2027
67018103,67_67399_5136980,1458597,1S,9,B,5,5,2027
67018103,67_67399_5136980,5432-64,1S,9,B,5,5,2027
67018103,67_67399_5136980,C906202-03,1S,9,C,5,5,2027
67018103,67_67399_5136980,1710-07,1S,9,A,5,5,2027
67018103,67_67399_5136980,C934001-01,1S,9,C,5,5,2027
67018103,67_67399_5136980,1284-02,2S,9,A,5,5,2027
67018103,67_67399_5136980,1850-05,2S,9,C,5,5,2027
67018103,67_67399_5136980,1392703,2S,9,C,5,5,2027
67018103,67_67399_5136980,1710-03,2S,9,C,5,5,2027
67018104,67_67399_5136980,C932302-50,1S,9,A,5,5,2027
67018104,67_67399_5136980,C917304-14,1S,9,B,5,5,2027
67018104,67_67399_5136980,445963,1S,9,B,5,5,2027
67018104,67_67399_5136980,C7171002-01,1S,9,A,5,5,2027
67018104,67_67399_5136980,C922002-52,1S,9,B,5,5,2027
67018104,67_67399_5136980,57466,1S,9,B,5,5,2027
67018104,67_67399_5136980,2075-67,1S,9,B,5,5,2027
67018104,67_67399_5136980,0915-64,1S,9,C,10,10,2027
67018104,67_67399_5136980,C910203-16,1S,9,B,5,5,2027
67018104,67_67399_5136980,C922007-02,1S,9,C,5,5,2027
67018104,67_67399_5136980,C853002-02,1S,9,C,5,5,2027
67018104,67_67399_5136980,C922002-51,2S,9,A,5,5,2027
67018104,67_67399_5136980,6683-18,2S,9,B,5,5,2027
67018104,67_67399_5136980,C922003-02,2S,9,B,5,5,2027
67018104,67_67399_5136980,1710-17,2S,9,A,5,5,2027
67018105,67_67399_5136980,102391,1S,9,C,10,10,2027
67018105,67_67399_5136980,C923202-01,1S,9,C,5,5,2027
67018105,67_67399_5136980,5793-31,1S,9,A,5,5,2027
67018105,67_67399_5136980,1198057,1S,9,A,5,5,2027
67018105,67_67399_5136980,446144,1S,9,B,5,5,2027
67018105,67_67399_5136980,1579310,1S,9,C,5,5,2027
67018105,67_67399_5136980,7651-77,1S,9,C,10,10,2027
67018105,67_67399_5136980,9815-32,1S,9,A,5,5,2027
67018105,67_67399_5136980,0061-54,1S,9,B,5,5,2027
67018105,67_67399_5136980,C900001-50,1S,9,B,5,5,2027
67018105,67_67399_5136980,1284-04,1S,9,B,5,5,2027
67018105,67_67399_5136980,23802,2S,9,A,5,5,2027
67018105,67_67399_5136980,1392731,2S,9,A,5,5,2027
67018105,67_67399_5136980,C910201-03,2S,9,C,5,5,2027
67018106,67_67399_5136980,19115,1S,9,B,5,5,2027
67018106,67_67399_5136980,C920004-01,1S,9,A,10,10,2027
67018106,67_67399_5136980,1624-01,1S,9,A,10,10,2027
67018106,67_67399_5136980,1710-16,1S,9,C,5,5,2027
67018106,67_67399_5136980,446724,1S,9,A,5,5,2027
67018106,67_67399_5136980,C7171001-01,1S,9,B,5,5,2027
67018106,67_67399_5136980,7651-72,1S,9,A,10,10,2027
67018106,67_67399_5136980,9815-51,1S,9,B,5,5,2027
67018106,67_67399_5136980,64010,1S,9,A,5,5,2027
67018106,67_67399_5136980,3896-50,1S,9,C,5,5,2027
67018106,67_67399_5136980,4578-53,1S,9,B,5,5,2027
67018106,67_67399_5136980,1385580,2S,9,B,5,5,2027
67018106,67_67399_5136980,1494756,2S,9,B,5,5,2027
67018106,67_67399_5136980,7708-59,2S,9,A,5,5,2027
67018107,67_67399_5136980,1592915,1S,9,B,5,5,2027
67018107,67_67399_5136980,9295002-52,1S,9,C,5,5,2027
67018107,67_67399_5136980,2075-53,1S,9,B,5,5,2027
67018107,67_67399_5136980,111460,1S,9,B,5,5,2027
67018107,67_67399_5136980,5819-26,1S,9,D,10,10,2027
67018107,67_67399_5136980,6215-64,1S,9,F,5,0,2027
67018107,67_67399_5136980,C713101-05,1S,9,B,5,5,2027
67018107,67_67399_5136980,1790-09,1S,9,C,5,5,2027
67018107,67_67399_5136980,C9104010-01,1S,9,B,5,5,2027
67018107,67_67399_5136980,C922712-01,1S,9,B,10,10,2027
67018107,67_67399_5136980,104886,1S,9,B,10,10,2027
67018107,67_67399_5136980,7708-56,2S,9,C,5,5,2027
67018107,67_67399_5136980,C917304-05,2S,9,A,5,5,2027
67018107,67_67399_5136980,C910415-54,2S,9,A,5,5,2027
67018108,67_67399_5136980,C700001-53,1S,9,C,5,5,2027
67018108,67_67399_5136980,1850-04,1S,9,B,5,5,2027
67018108,67_67399_5136980,2294242,1S,9,C,5,5,2027
67018108,67_67399_5136980,2676012,1S,9,A,5,5,2027
67018108,67_67399_5136980,2482737,1S,9,C,5,5,2027
67018108,67_67399_5136980,2281458,1S,9,B,10,10,2027
67018108,67_67399_5136980,2076-63,1S,9,B,5,5,2027
67018108,67_67399_5136980,57436,1S,9,B,5,5,2027
67018108,67_67399_5136980,5990-53,1S,9,C,10,10,2027
67018108,67_67399_5136980,3068-51,1S,9,B,5,5,2027
67018108,67_67399_5136980,C934001-11,1S,9,B,5,5,2027
67018108,67_67399_5136980,005693-135,2S,9,C,5,5,2027
67018108,67_67399_5136980,C910418-10,2S,9,A,5,5,2027
67018108,67_67399_5136980,1790-42,2S,9,C,5,5,2027
67018108,67_67399_5136980,1746592,2S,9,B,5,5,2027
67018109,67_67399_5136980,1693663,1S,9,C,5,5,2027
67018109,67_67399_5136980,C922704-01,1S,9,C,10,10,2027
67018109,67_67399_5136980,C9104006-02,1S,9,A,5,5,2027
67018109,67_67399_5136980,2675828,1S,9,B,5,5,2027
67018109,67_67399_5136980,447027,1S,9,D,5,5,2027
67018109,67_67399_5136980,6215-64,1S,9,A,5,5,2027
67018109,67_67399_5136980,7651-63,1S,9,A,10,10,2027
67018109,67_67399_5136980,C925401-08,1S,9,F,5,0,2027
67018109,67_67399_5136980,64285,1S,9,B,5,5,2027
67018109,67_67399_5136980,3896-50,1S,9,C,5,5,2027
67018109,67_67399_5136980,1254-12,1S,9,A,5,5,2027
67018109,67_67399_5136980,2294150,2S,9,C,5,5,2027
67018109,67_67399_5136980,1710-09,2S,9,B,5,5,2027
67018109,67_67399_5136980,C910203-01,2S,9,C,5,5,2027
67018110,67_67399_5136980,9814-13,1S,9,A,5,5,2027
67018110,67_67399_5136980,64040,1S,9,B,5,5,2027
67018110,67_67399_5136980,3897-54,1S,9,A,5,5,2027
67018110,67_67399_5136980,1010-50,1S,9,C,10,10,2027
67018110,67_67399_5136980,1431446,1S,9,A,10,10,2027
67018110,67_67399_5136980,6215-58,1S,9,A,5,5,2027
67018110,67_67399_5136980,C713101-03,1S,9,A,5,5,2027
67018110,67_67399_5136980,1710-11,1S,9,A,5,5,2027
67018110,67_67399_5136980,005693-536,1S,9,B,5,5,2027
67018110,67_67399_5136980,C713403-01,1S,9,C,5,5,2027
67018110,67_67399_5136980,1385611,1S,9,B,5,5,2027
67018110,67_67399_5136980,7702-62,2S,9,A,5,5,2027
67018110,67_67399_5136980,1710-18,2S,9,B,5,5,2027
67018110,67_67399_5136980,5693-21,2S,9,A,5,5,2027
67018111,67_67399_5136980,1256-14,1S,9,A,5,5,2027
67018111,67_67399_5136980,1553044,1S,9,B,5,5,2027
67018111,67_67399_5136980,C910415-50,1S,9,B,5,5,2027
67018111,67_67399_5136980,9104015-51,1S,9,A,5,5,2027
67018111,67_67399_5136980,1728-03,1S,9,B,5,5,2027
67018111,67_67399_5136980,725464,1S,9,A,5,5,2027
67018111,67_67399_5136980,5432-58,1S,9,B,5,5,2027
67018111,67_67399_5136980,2099082,1S,9,B,10,10,2027
67018111,67_67399_5136980,111095,1S,9,C,5,5,2027
67018111,67_67399_5136980,63979,1S,9,A,5,5,2027
67018111,67_67399_5136980,1056283,1S,9,A,5,5,2027
67018111,67_67399_5136980,0218-06,2S,9,B,10,10,2027
67018111,67_67399_5136980,2151919,2S,9,B,5,5,2027
67018111,67_67399_5136980,C910201-14,2S,9,B,5,5,2027
67018112,67_67399_5136980,1431721,1S,9,D,10,10,2027
67018112,67_67399_5136980,8697-14,1S,9,B,5,5,2027
67018112,67_67399_5136980,729816,1S,9,A,5,5,2027
67018112,67_67399_5136980,2075-61,1S,9,A,5,5,2027
67018112,67_67399_5136980,9814-13,1S,9,B,5,5,2027
67018112,67_67399_5136980,1576023,1S,9,A,5,5,2027
67018112,67_67399_5136980,C934001-04,1S,9,C,5,5,2027
67018112,67_67399_5136980,1790-07,1S,9,D,5,5,2027
67018112,67_67399_5136980,5793-31,1S,9,A,5,5,2027
67018112,67_67399_5136980,05693-3310,1S,9,C,5,5,2027
67018112,67_67399_5136980,644715,1S,9,A,10,10,2027
67018112,67_67399_5136980,C910202-10,2S,9,C,5,5,2027
67018112,67_67399_5136980,0218-01,2S,9,B,10,10,2027
67018113,67_67399_5136980,1850-08,1S,9,C,5,5,2027
67018113,67_67399_5136980,C917402-02,1S,9,C,5,5,2027
67018113,67_67399_5136980,1458506,1S,9,D,5,5,2027
67018113,67_67399_5136980,1254-11,1S,9,A,5,5,2027
67018113,67_67399_5136980,C713101-01,1S,9,B,5,5,2027
67018113,67_67399_5136980,3064-50,1S,9,B,5,5,2027
67018113,67_67399_5136980,1409532,1S,9,A,10,10,2027
67018113,67_67399_5136980,1882-01,1S,9,C,5,5,2027
67018113,67_67399_5136980,2075-65,1S,9,B,5,5,2027
67018113,67_67399_5136980,729847,1S,9,B,5,5,2027
67018113,67_67399_5136980,105100,1S,9,A,10,10,2027
67018113,67_67399_5136980,5980-51,2S,9,D,10,10,2027
67018113,67_67399_5136980,1710-02,2S,9,A,5,5,2027
67018113,67_67399_5136980,980373,2S,9,C,5,5,2027
67018114,67_67399_5136980,8697-14,1S,9,B,5,5,2027
67018114,67_67399_5136980,2002717,1S,9,A,10,10,2027
67018114,67_67399_5136980,2075-64,1S,9,A,5,5,2027
67018114,67_67399_5136980,C924507-51,1S,9,C,5,5,2027
67018114,67_67399_5136980,2097710,1S,9,A,10,10,2027
67018114,67_67399_5136980,5432-60,1S,9,A,5,5,2027
67018114,67_67399_5136980,446752,1S,9,A,5,5,2027
67018114,67_67399_5136980,23802,1S,9,B,5,5,2027
67018114,67_67399_5136980,1422012,1S,9,C,5,5,2027
67018114,67_67399_5136980,1464714,1S,9,A,10,10,2027
67018114,67_67399_5136980,C740002-01,1S,9,B,5,5,2027
67018114,67_67399_5136980,1254-20,2S,9,B,5,5,2027
67018114,67_67399_5136980,C917304-24,2S,9,B,5,5,2027
67018114,67_67399_5136980,C9104006-04,2S,9,A,5,5,2027
67018115,67_67399_5136980,6687-16,1S,9,A,5,5,2027
67018115,67_67399_5136980,2273302,1S,9,B,5,5,2027
67018115,67_67399_5136980,1385399,1S,9,C,5,5,2027
67018115,67_67399_5136980,1883-09,1S,9,A,5,5,2027
67018115,67_67399_5136980,7791-20,1S,9,C,5,5,2027
67018115,67_67399_5136980,725433,1S,9,B,5,5,2027
67018115,67_67399_5136980,1577880,1S,9,A,5,5,2027
67018115,67_67399_5136980,C931602-03,1S,9,B,10,10,2027
67018115,67_67399_5136980,97188,1S,9,B,5,5,2027
67018115,67_67399_5136980,2076-68,1S,9,B,5,5,2027
67018115,67_67399_5136980,642523,1S,9,B,5,5,2027
67018115,67_67399_5136980,C922203-50,2S,9,C,5,5,2027
67018115,67_67399_5136980,1790-02,2S,9,A,5,5,2027
67018115,67_67399_5136980,7702-58,2S,9,A,5,5,2027
67018116,67_67399_5136980,1256-42,1S,9,C,5,5,2027
67018116,67_67399_5136980,0915-60,1S,9,A,10,10,2027
67018116,67_67399_5136980,63979,1S,9,C,5,5,2027
67018116,67_67399_5136980,9815-20,1S,9,A,5,5,2027
67018116,67_67399_5136980,1431568,1S,9,B,10,10,2027
67018116,67_67399_5136980,1579431,1S,9,B,5,5,2027
67018116,67_67399_5136980,3121-14,1S,9,B,5,5,2027
67018116,67_67399_5136980,1710-07,1S,9,A,5,5,2027
67018116,67_67399_5136980,C910417-03,1S,9,B,5,5,2027
67018116,67_67399_5136980,C922006-01,1S,9,A,5,5,2027
67018116,67_67399_5136980,645842,1S,9,B,10,10,2027
67018116,67_67399_5136980,1593310,2S,9,A,5,5,2027
67018116,67_67399_5136980,2151766,2S,9,C,5,5,2027
67018116,67_67399_5136980,C910429-02,2S,9,B,5,5,2027
67018116,67_67399_5136980,1883-10,2S,9,A,5,5,2027
67018117,67_67399_5136980,645782,1S,9,D,10,10,2027
67018117,67_67399_5136980,0218-03,1S,9,F,10,0,2027
67018117,67_67399_5136980,5991-20,1S,9,A,5,5,2027
67018117,67_67399_5136980,3123-16,1S,9,C,5,5,2027
67018117,67_67399_5136980,6215-57,1S,9,C,5,5,2027
67018117,67_67399_5136980,1409473,1S,9,B,10,10,2027
67018117,67_67399_5136980,9814-19,1S,9,A,5,5,2027
67018117,67_67399_5136980,2075-56,1S,9,B,5,5,2027
67018117,67_67399_5136980,0915-11,1S,9,B,10,10,2027
67018117,67_67399_5136980,C910203-05,1S,9,D,5,5,2027
67018117,67_67399_5136980,C922701-01,2S,9,D,10,10,2027
67018117,67_67399_5136980,2675769,2S,9,A,5,5,2027
67018118,67_67399_5136980,645782,1S,9,B,10,10,2027
67018118,67_67399_5136980,9104015-31,1S,9,A,5,5,2027
67018118,67_67399_5136980,9104016-33,1S,9,C,5,5,2027
67018118,67_67399_5136980,C917305-10,1S,9,B,5,5,2027
67018118,67_67399_5136980,447027,1S,9,B,5,5,2027
67018118,67_67399_5136980,622406,1S,9,B,5,5,2027
67018118,67_67399_5136980,5819-15,1S,9,A,10,10,2027
67018118,67_67399_5136980,596474,1S,9,A,5,5,2027
67018118,67_67399_5136980,0061-53,1S,9,B,5,5,2027
67018118,67_67399_5136980,1520658,1S,9,B,10,10,2027
67018118,67_67399_5136980,7702-51,1S,9,A,5,5,2027
67018118,67_67399_5136980,1458416,2S,9,C,5,5,2027
67018118,67_67399_5136980,2593255,2S,9,C,5,5,2027
67018118,67_67399_5136980,5991-18,2S,9,C,5,5,2027
67018118,67_67399_5136980,C910203-17,2S,9,A,5,5,2027
67018119,67_67399_5136980,6683-14,1S,9,A,5,5,2027
67018119,67_67399_5136980,C913002-02,1S,9,B,5,5,2027
67018119,67_67399_5136980,0062-54,1S,9,C,5,5,2027
67018119,67_67399_5136980,57377,1S,9,A,5,5,2027
67018119,67_67399_5136980,5819-20,1S,9,B,10,10,2027
67018119,67_67399_5136980,3037-54,1S,9,A,5,5,2027
67018119,67_67399_5136980,C713102-03,1S,9,A,5,5,2027
67018119,67_67399_5136980,C917305-21,1S,9,C,5,5,2027
67018119,67_67399_5136980,1458475,1S,9,A,5,5,2027
67018119,67_67399_5136980,C9104007-04,1S,9,C,5,5,2027
67018119,67_67399_5136980,2273302,1S,9,B,5,5,2027
67018119,67_67399_5136980,C910501-01,2S,9,B,5,5,2027
67018119,67_67399_5136980,2151858,2S,9,B,5,5,2027
67018119,67_67399_5136980,C906201-04,2S,9,B,5,5,2027
67018119,67_67399_5136980,05693-4311,2S,9,B,5,5,2027
67018120,67_67399_5136980,C9104009-5,1S,9,A,5,5,2027
67018120,67_67399_5136980,1850-05,1S,9,B,5,5,2027
67018120,67_67399_5136980,C917304-06,1S,9,B,5,5,2027
67018120,67_67399_5136980,C932301-50,1S,9,B,5,5,2027
67018120,67_67399_5136980,C932202-52,1S,9,B,5,5,2027
67018120,67_67399_5136980,2098380,1S,9,C,10,10,2027
67018120,67_67399_5136980,9814-13,1S,9,A,5,5,2027
67018120,67_67399_5136980,2075-52,1S,9,A,5,5,2027
67018120,67_67399_5136980,730122,1S,9,A,5,5,2027
67018120,67_67399_5136980,6687-14,1S,9,B,5,5,2027
67018120,67_67399_5136980,1414587,1S,9,A,10,10,2027
67018120,67_67399_5136980,0215-03,2S,9,C,10,10,2027
67018120,67_67399_5136980,C917305-11,2S,9,B,5,5,2027
67018120,67_67399_5136980,C910201-03,2S,9,B,5,5,2027
67018120,67_67399_5136980,C9104009-04,2S,9,B,5,5,2027
67018121,67_67399_5136980,C906202-02,1S,9,B,5,5,2027
67018121,67_67399_5136980,1494787,1S,9,A,5,5,2027
67018121,67_67399_5136980,C934001-03,1S,9,C,5,5,2027
67018121,67_67399_5136980,3037-50,1S,9,A,5,5,2027
67018121,67_67399_5136980,2097649,1S,9,A,10,10,2027
67018121,67_67399_5136980,2057-13,1S,9,B,5,5,2027
67018121,67_67399_5136980,63951,1S,9,B,5,5,2027
67018121,67_67399_5136980,2350031,1S,9,B,10,10,2027
67018121,67_67399_5136980,005693-437,1S,9,A,5,5,2027
67018121,67_67399_5136980,7702-61,1S,9,B,5,5,2027
67018121,67_67399_5136980,1056283,1S,9,C,5,5,2027
67018121,67_67399_5136980,1790-16,2S,9,A,5,5,2027
67018121,67_67399_5136980,C9104009-5,2S,9,B,5,5,2027
67018121,67_67399_5136980,C910416-53,2S,9,C,5,5,2027
67018121,67_67399_5136980,C910202-03,2S,9,A,5,5,2027
67018122,67_67399_5136980,C700002-53,1S,9,B,5,5,2027
67018122,67_67399_5136980,5980-59,1S,9,A,10,10,2027
67018122,67_67399_5136980,1448978,1S,9,A,10,10,2027
67018122,67_67399_5136980,1790-06,1S,9,B,5,5,2027
67018122,67_67399_5136980,3121-13,1S,9,A,5,5,2027
67018122,67_67399_5136980,1290129,1S,9,B,5,5,2027
67018122,67_67399_5136980,5819-24,1S,9,B,10,10,2027
67018122,67_67399_5136980,9815-42,1S,9,C,5,5,2027
67018122,67_67399_5136980,63951,1S,9,B,5,5,2027
67018122,67_67399_5136980,1520719,1S,9,C,10,10,2027
67018122,67_67399_5136980,C910702-01,1S,9,A,5,5,2027
67018122,67_67399_5136980,1883-04,2S,9,C,5,5,2027
67018122,67_67399_5136980,1850-05,2S,9,B,5,5,2027
67018122,67_67399_5136980,5991-21,2S,9,B,5,5,2027
67018122,67_67399_5136980,C910202-01,2S,9,A,5,5,2027
67018123,67_67399_5136980,1746896,1S,9,A,5,5,2027
67018123,67_67399_5136980,2273271,1S,9,B,5,5,2027
67018123,67_67399_5136980,1458506,1S,9,A,5,5,2027
67018123,67_67399_5136980,C9104009-5,1S,9,C,5,5,2027
67018123,67_67399_5136980,2676103,1S,9,C,5,5,2027
67018123,67_67399_5136980,994251,1S,9,A,5,5,2027
67018123,67_67399_5136980,5432-63,1S,9,B,5,5,2027
67018123,67_67399_5136980,5819-28,1S,9,A,10,10,2027
67018123,67_67399_5136980,C924508-01,1S,9,C,5,5,2027
67018123,67_67399_5136980,2076-51,1S,9,A,5,5,2027
67018123,67_67399_5136980,C922402-01,1S,9,A,5,5,2027
67018123,67_67399_5136980,C922704-01,2S,9,A,10,10,2027
67018123,67_67399_5136980,C910417-01,2S,9,A,5,5,2027
67018123,67_67399_5136980,7791-17,2S,9,C,5,5,2027
67018123,67_67399_5136980,6683-21,2S,9,A,5,5,2027
67018124,67_67399_5136980,C934002-09,1S,9,C,5,5,2027
67018124,67_67399_5136980,8364-50,1S,9,A,10,10,2027
67018124,67_67399_5136980,108114,1S,9,B,5,5,2027
67018124,67_67399_5136980,2076-59,1S,9,B,5,5,2027
67018124,67_67399_5136980,9815-36,1S,9,A,5,5,2027
67018124,67_67399_5136980,2098321,1S,9,C,10,10,2027
67018124,67_67399_5136980,3064-53,1S,9,C,5,5,2027
67018124,67_67399_5136980,9226-14,1S,9,A,5,5,2027
67018124,67_67399_5136980,9104016-22,1S,9,B,5,5,2027
67018124,67_67399_5136980,0218-06,1S,9,A,10,10,2027
67018124,67_67399_5136980,C751102-01,1S,9,A,5,5,2027
67018124,67_67399_5136980,4578-52,2S,9,C,5,5,2027
67018124,67_67399_5136980,1790-20,2S,9,A,5,5,2027
67018124,67_67399_5136980,5980-56,2S,9,B,10,10,2027
67018125,67_67399_5136980,98039,1S,9,A,5,5,2027
67018125,67_67399_5136980,1409593,1S,9,B,10,10,2027
67018125,67_67399_5136980,3068-52,1S,9,B,5,5,2027
67018125,67_67399_5136980,724003,1S,9,B,5,5,2027
67018125,67_67399_5136980,1790-12,1S,9,B,5,5,2027
67018125,67_67399_5136980,C922711-01,1S,9,B,10,10,2027
67018125,67_67399_5136980,1226-52,1S,9,B,5,5,2027
67018125,67_67399_5136980,2075-64,1S,9,B,5,5,2027
67018125,67_67399_5136980,1693632,1S,9,C,5,5,2027
67018125,67_67399_5136980,1520566,1S,9,A,10,10,2027
67018125,67_67399_5136980,7702-57,1S,9,C,5,5,2027
67018125,67_67399_5136980,2676042,2S,9,A,5,5,2027
67018125,67_67399_5136980,5980-51,2S,9,A,10,10,2027
67018125,67_67399_5136980,C910501-01,2S,9,A,5,5,2027
67018126,67_67399_5136980,7702-54,1S,9,C,5,5,2027
67018126,67_67399_5136980,1554505,1S,9,A,5,5,2027
67018126,67_67399_5136980,1458506,1S,9,B,5,5,2027
67018126,67_67399_5136980,C923202-03,1S,9,A,5,5,2027
67018126,67_67399_5136980,C917305-14,1S,9,B,5,5,2027
67018126,67_67399_5136980,C934001-04,1S,9,B,5,5,2027
67018126,67_67399_5136980,3064-52,1S,9,B,5,5,2027
67018126,67_67399_5136980,7651-59,1S,9,B,10,10,2027
67018126,67_67399_5136980,1996814,1S,9,C,10,10,2027
67018126,67_67399_5136980,2076-67,1S,9,A,5,5,2027
67018126,67_67399_5136980,C900002-52,1S,9,A,5,5,2027
67018126,67_67399_5136980,C902001-02,2S,9,A,10,10,2027
67018126,67_67399_5136980,1494574,2S,9,B,5,5,2027
67018126,67_67399_5136980,2101667,2S,9,B,5,5,2027
67018127,67_67399_5136980,2075-56,1S,9,A,5,5,2027
67018127,67_67399_5136980,1710-09,1S,9,B,5,5,2027
67018127,67_67399_5136980,C910201-04,1S,9,C,5,5,2027
67018127,67_67399_5136980,657804,1S,9,B,10,10,2027
67018127,67_67399_5136980,9814-15,1S,9,A,5,5,2027
67018127,67_67399_5136980,7651-56,1S,9,A,10,10,2027
67018127,67_67399_5136980,5432-56,1S,9,C,5,5,2027
67018127,67_67399_5136980,725374,1S,9,A,5,5,2027
67018127,67_67399_5136980,298556,1S,9,A,10,10,2027
67018127,67_67399_5136980,0215-02,1S,9,B,10,10,2027
67018127,67_67399_5136980,C853002-01,1S,9,C,5,5,2027
67018127,67_67399_5136980,7708-58,2S,9,A,5,5,2027
67018127,67_67399_5136980,C917304-06,2S,9,B,5,5,2027
67018127,67_67399_5136980,C910415-52,2S,9,A,5,5,2027
67018127,67_67399_5136980,C9104007-12,2S,9,C,5,5,2027
67018128,67_67399_5136980,1284-01,1S,9,C,5,5,2027
67018128,67_67399_5136980,641793,1S,9,C,5,5,2027
67018128,67_67399_5136980,2075-67,1S,9,A,5,5,2027
67018128,67_67399_5136980,97887,1S,9,A,5,5,2027
67018128,67_67399_5136980,5819-23,1S,9,B,10,10,2027
67018128,67_67399_5136980,1577880,1S,9,A,5,5,2027
67018128,67_67399_5136980,645386,1S,9,B,5,5,2027
67018128,67_67399_5136980,C917202-50,1S,9,B,5,5,2027
67018128,67_67399_5136980,C9104009-05,1S,9,A,5,5,2027
67018128,67_67399_5136980,8180-54,1S,9,A,5,5,2027
67018128,67_67399_5136980,2349972,1S,9,A,10,10,2027
67018128,67_67399_5136980,4579-52,2S,9,C,5,5,2027
67018128,67_67399_5136980,1710-03,2S,9,A,5,5,2027
67018128,67_67399_5136980,C9104007-11,2S,9,B,5,5,2027
67018128,67_67399_5136980,2294030,2S,9,A,5,5,2027
67018129,67_67399_5136980,2482890,1S,9,B,5,5,2027
67018129,67_67399_5136980,3899-55,1S,9,A,5,5,2027
67018129,67_67399_5136980,104917,1S,9,B,10,10,2027
67018129,67_67399_5136980,2075-57,1S,9,C,5,5,2027
67018129,67_67399_5136980,9814-26,1S,9,A,5,5,2027
67018129,67_67399_5136980,C931602-03,1S,9,C,10,10,2027
67018129,67_67399_5136980,6215-61,1S,9,C,5,5,2027
67018129,67_67399_5136980,C934001-10,1S,9,B,5,5,2027
67018129,67_67399_5136980,23802,1S,9,B,5,5,2027
67018129,67_67399_5136980,1850-07,1S,9,A,5,5,2027
67018129,67_67399_5136980,005693-134,1S,9,B,5,5,2027
67018129,67_67399_5136980,1276-56,2S,9,B,5,5,2027
67018129,67_67399_5136980,C917305-10,2S,9,B,5,5,2027
67018129,67_67399_5136980,C930302-02,2S,9,B,10,10,2027
67018129,67_67399_5136980,1850-08,2S,9,C,5,5,2027
67018130,67_67399_5136980,C853001-02,1S,9,B,5,5,2027
67018130,67_67399_5136980,1728-03,1S,9,B,5,5,2027
67018130,67_67399_5136980,7702-51,1S,9,B,5,5,2027
67018130,67_67399_5136980,C922403-01,1S,9,C,5,5,2027
67018130,67_67399_5136980,2076-53,1S,9,A,5,5,2027
67018130,67_67399_5136980,57650,1S,9,A,5,5,2027
67018130,67_67399_5136980,5819-26,1S,9,A,10,10,2027
67018130,67_67399_5136980,6215-58,1S,9,A,5,5,2027
67018130,67_67399_5136980,1767045,1S,9,A,5,5,2027
67018130,67_67399_5136980,C9104009-50,1S,9,A,5,5,2027
67018130,67_67399_5136980,1458567,1S,9,B,5,5,2027
67018130,67_67399_5136980,7702-53,2S,9,C,5,5,2027
67018130,67_67399_5136980,1728-03,2S,9,B,5,5,2027
67018130,67_67399_5136980,2293756,2S,9,A,5,5,2027
67018131,67_67399_5136980,1704224,1S,9,A,10,10,2027
67018131,67_67399_5136980,0215-06,1S,9,C,10,10,2027
67018131,67_67399_5136980,1883-03,1S,9,A,5,5,2027
67018131,67_67399_5136980,1710-14,1S,9,B,5,5,2027
67018131,67_67399_5136980,3121-00,1S,9,A,5,5,2027
67018131,67_67399_5136980,5432-50,1S,9,A,5,5,2027
67018131,67_67399_5136980,7641-55,1S,9,B,10,10,2027
67018131,67_67399_5136980,2890774,1S,9,B,5,5,2027
67018131,67_67399_5136980,63979,1S,9,A,5,5,2027
67018131,67_67399_5136980,C922401-01,1S,9,A,5,5,2027
67018131,67_67399_5136980,1280-52,1S,9,B,5,5,2027
67018131,67_67399_5136980,C922001-52,2S,9,B,5,5,2027
67018131,67_67399_5136980,240756,2S,9,A,5,5,2027
67018131,67_67399_5136980,2675950,2S,9,B,5,5,2027
67018131,67_67399_5136980,1254-05,2S,9,B,5,5,2027
67018132,67_67399_5136980,C922203-51,1S,9,C,5,5,2027
67018132,67_67399_5136980,2482615,1S,9,C,5,5,2027
67018132,67_67399_5136980,104858,1S,9,A,10,10,2027
67018132,67_67399_5136980,C910418-11,1S,9,A,5,5,2027
67018132,67_67399_5136980,1710-19,1S,9,C,5,5,2027
67018132,67_67399_5136980,3121-21,1S,9,C,5,5,2027
67018132,67_67399_5136980,5432-53,1S,9,A,5,5,2027
67018132,67_67399_5136980,5819-22,1S,9,B,10,10,2027
67018132,67_67399_5136980,2891108,1S,9,B,5,5,2027
67018132,67_67399_5136980,64406,1S,9,B,5,5,2027
67018132,67_67399_5136980,1990605,1S,9,B,10,10,2027
67018132,67_67399_5136980,2294122,2S,9,B,5,5,2027
67018132,67_67399_5136980,0005910-33,2S,9,B,10,10,2027
67018132,67_67399_5136980,5992-17,2S,9,A,5,5,2027
67018132,67_67399_5136980,4579-51,2S,9,B,5,5,2027
67018133,67_67399_5136980,2273302,1S,9,A,5,5,2027
67018133,67_67399_5136980,5793-23,1S,9,A,5,5,2027
67018133,67_67399_5136980,5693-13,1S,9,B,5,5,2027
67018133,67_67399_5136980,5991-16,1S,9,A,5,5,2027
67018133,67_67399_5136980,446206,1S,9,C,5,5,2027
67018133,67_67399_5136980,C932201-50,1S,9,B,5,5,2027
67018133,67_67399_5136980,C932302-50,1S,9,A,5,5,2027
67018133,67_67399_5136980,2890804,1S,9,C,5,5,2027
67018133,67_67399_5136980,0061-52,1S,9,A,5,5,2027
67018133,67_67399_5136980,C900001-02,1S,9,B,5,5,2027
67018133,67_67399_5136980,7708-60,1S,9,A,5,5,2027
67018133,67_67399_5136980,0005910-33,2S,9,A,10,10,2027
67018133,67_67399_5136980,1790-10,2S,9,B,5,5,2027
67018133,67_67399_5136980,1748722,2S,9,B,5,5,2027
67018134,67_67399_5136980,729969,1S,9,B,5,5,2027
67018134,67_67399_5136980,64010,1S,9,B,5,5,2027
67018134,67_67399_5136980,C924502-01,1S,9,B,5,5,2027
67018134,67_67399_5136980,7651-62,1S,9,A,10,10,2027
67018134,67_67399_5136980,7702-62,1S,9,A,5,5,2027
67018134,67_67399_5136980,5432-63,1S,9,B,5,5,2027
67018134,67_67399_5136980,993827,1S,9,A,5,5,2027
67018134,67_67399_5136980,C917304-21,1S,9,B,5,5,2027
67018134,67_67399_5136980,0215-05,1S,9,B,10,10,2027
67018134,67_67399_5136980,2274763,1S,9,C,5,5,2027
67018134,67_67399_5136980,005693-236,1S,9,B,5,5,2027
67018134,67_67399_5136980,2482890,2S,9,A,5,5,2027
67018134,67_67399_5136980,7791-20,2S,9,B,5,5,2027
67018134,67_67399_5136980,C910430-50,2S,9,B,5,5,2027
67018135,67_67399_5136980,736786,1S,9,B,10,10,2027
67018135,67_67399_5136980,1290098,1S,9,B,5,5,2027
67018135,67_67399_5136980,C922703-02,1S,9,C,10,10,2027
67018135,67_67399_5136980,8180-54,1S,9,C,5,5,2027
67018135,67_67399_5136980,C917305-17,1S,9,A,5,5,2027
67018135,67_67399_5136980,C934001-04,1S,9,A,5,5,2027
67018135,67_67399_5136980,7641-54,1S,9,C,10,10,2027
67018135,67_67399_5136980,C925402-03,1S,9,A,5,5,2027
67018135,67_67399_5136980,64285,1S,9,C,5,5,2027
67018135,67_67399_5136980,886170,1S,9,B,5,5,2027
67018135,67_67399_5136980,C910204-20,1S,9,C,5,5,2027
67018135,67_67399_5136980,C910416-50,2S,9,C,5,5,2027
67018135,67_67399_5136980,C917305-28,2S,9,C,5,5,2027
67018135,67_67399_5136980,1593249,2S,9,A,5,5,2027
67018136,67_67399_5136980,657804,1S,9,A,10,10,2027
67018136,67_67399_5136980,1224-50,1S,9,A,5,5,2027
67018136,67_67399_5136980,2075-60,1S,9,B,5,5,2027
67018136,67_67399_5136980,1728-04,1S,9,A,5,5,2027
67018136,67_67399_5136980,C934001-01,1S,9,A,5,5,2027
67018136,67_67399_5136980,5432-52,1S,9,C,5,5,2027
67018136,67_67399_5136980,217353,1S,9,C,10,10,2027
67018136,67_67399_5136980,2890562,1S,9,A,5,5,2027
67018136,67_67399_5136980,1593221,1S,9,B,5,5,2027
67018136,67_67399_5136980,18749,1S,9,B,5,5,2027
67018136,67_67399_5136980,8180-54,1S,9,A,5,5,2027
67018136,67_67399_5136980,1494329,2S,9,B,5,5,2027
67018136,67_67399_5136980,2356577,2S,9,B,10,10,2027
67018136,67_67399_5136980,005693-337,2S,9,B,5,5,2027
67018137,67_67399_5136980,19845,1S,9,B,5,5,2027
67018137,67_67399_5136980,2294211,1S,9,C,5,5,2027
67018137,67_67399_5136980,5693-51,1S,9,B,5,5,2027
67018137,67_67399_5136980,C917304-13,1S,9,A,5,5,2027
67018137,67_67399_5136980,446693,1S,9,A,5,5,2027
67018137,67_67399_5136980,5432-60,1S,9,A,5,5,2027
67018137,67_67399_5136980,2097194,1S,9,B,10,10,2027
67018137,67_67399_5136980,C924501-01,1S,9,C,5,5,2027
67018137,67_67399_5136980,64316,1S,9,A,5,5,2027
67018137,67_67399_5136980,774713,1S,9,A,5,5,2027
67018137,67_67399_5136980,1747291,1S,9,B,5,5,2027
67018137,67_67399_5136980,C922001-53,2S,9,A,5,5,2027
67018137,67_67399_5136980,5992-22,2S,9,B,5,5,2027
67018137,67_67399_5136980,1747016,2S,9,B,5,5,2027
67018138,67_67399_5136980,7791-24,1S,9,B,5,5,2027
67018138,67_67399_5136980,2002686,1S,9,C,10,10,2027
67018138,67_67399_5136980,2075-41,1S,9,C,5,5,2027
67018138,67_67399_5136980,57346,1S,9,B,5,5,2027
67018138,67_67399_5136980,C910502-04,1S,9,A,5,5,2027
67018138,67_67399_5136980,217353,1S,9,B,10,10,2027
67018138,67_67399_5136980,C932201-50,1S,9,A,5,5,2027
67018138,67_67399_5136980,C934001-07,1S,9,A,5,5,2027
67018138,67_67399_5136980,2294122,1S,9,B,5,5,2027
67018138,67_67399_5136980,C922005-01,1S,9,A,5,5,2027
67018138,67_67399_5136980,1691499,1S,9,B,5,5,2027
67018138,67_67399_5136980,C910202-07,2S,9,B,5,5,2027
67018138,67_67399_5136980,1494452,2S,9,B,5,5,2027
67018138,67_67399_5136980,C910429-01,2S,9,B,5,5,2027
67018138,67_67399_5136980,1883-04,2S,9,B,5,5,2027
67018139,67_67399_5136980,C910501-50,1S,9,B,5,5,2027
67018139,67_67399_5136980,2275522,1S,9,A,10,10,2027
67018139,67_67399_5136980,2076-50,1S,9,B,5,5,2027
67018139,67_67399_5136980,C925401-08,1S,9,C,5,5,2027
67018139,67_67399_5136980,216592,1S,9,B,10,10,2027
67018139,67_67399_5136980,3068-50,1S,9,B,5,5,2027
67018139,67_67399_5136980,3123-15,1S,9,A,5,5,2027
67018139,67_67399_5136980,C917304-11,1S,9,B,5,5,2027
67018139,67_67399_5136980,C922001-53,1S,9,B,5,5,2027
67018139,67_67399_5136980,9104016-22,1S,9,A,5,5,2027
67018139,67_67399_5136980,644687,1S,9,B,10,10,2027
67018139,67_67399_5136980,1746865,2S,9,C,5,5,2027
67018139,67_67399_5136980,C917305-17,2S,9,C,5,5,2027
67018139,67_67399_5136980,C906201-02,2S,9,B,5,5,2027
67018139,67_67399_5136980,5693-042,2S,9,A,5,5,2027
67018140,67_67399_5136980,2075-51,1S,9,C,5,5,2027
67018140,67_67399_5136980,9104016-33,1S,9,C,5,5,2027
67018140,67_67399_5136980,C917305-15,1S,9,B,5,5,2027
67018140,67_67399_5136980,C934002-01,1S,9,C,5,5,2027
67018140,67_67399_5136980,2349972,1S,9,D,10,10,2027
67018140,67_67399_5136980,1579310,1S,9,C,5,5,2027
67018140,67_67399_5136980,7641-51,1S,9,A,10,10,2027
67018140,67_67399_5136980,9815-21,1S,9,A,5,5,2027
67018140,67_67399_5136980,0915-63,1S,9,B,10,10,2027
67018140,67_67399_5136980,1748630,1S,9,B,5,5,2027
67018140,67_67399_5136980,C906201-02,2S,9,C,5,5,2027
67018140,67_67399_5136980,5991-18,2S,9,A,5,5,2027
67018140,67_67399_5136980,C910201-13,2S,9,A,5,5,2027
67018141,67_67399_5136980,2075-63,1S,9,A,5,5,2027
67018141,67_67399_5136980,C922403-02,1S,9,B,5,5,2027
67018141,67_67399_5136980,C910203-15,1S,9,B,5,5,2027
67018141,67_67399_5136980,2057-14,1S,9,A,5,5,2027
67018141,67_67399_5136980,C931602-04,1S,9,C,10,10,2027
67018141,67_67399_5136980,3038-53,1S,9,C,5,5,2027
67018141,67_67399_5136980,Apr-86,1S,9,B,5,5,2027
67018141,67_67399_5136980,7791-21,1S,9,C,5,5,2027
67018141,67_67399_5136980,1464714,1S,9,A,10,10,2027
67018141,67_67399_5136980,5980-51,1S,9,A,10,10,2027
67018141,67_67399_5136980,2348662,1S,9,D,10,10,2027
67018141,67_67399_5136980,0008364-04,2S,9,B,10,10,2027
67018141,67_67399_5136980,5992-22,2S,9,A,5,5,2027
67018141,67_67399_5136980,1385488,2S,9,C,5,5,2027
67018143,67_67399_5136980,1197997,1S,9,B,5,5,2027
67018143,67_67399_5136980,C910801-03,1S,9,A,5,5,2027
67018143,67_67399_5136980,107443,1S,9,C,5,5,2027
67018143,67_67399_5136980,2075-53,1S,9,B,5,5,2027
67018143,67_67399_5136980,C925402-01,1S,9,A,5,5,2027
67018143,67_67399_5136980,1431630,1S,9,B,10,10,2027
67018143,67_67399_5136980,3068-51,1S,9,C,5,5,2027
67018143,67_67399_5136980,643195,1S,9,A,5,5,2027
67018143,67_67399_5136980,005693-134,1S,9,A,5,5,2027
67018143,67_67399_5136980,C922007-01,1S,9,B,5,5,2027
67018143,67_67399_5136980,104978,1S,9,B,10,10,2027
67018143,67_67399_5136980,1256-13,2S,9,B,5,5,2027
67018143,67_67399_5136980,1494360,2S,9,A,5,5,2027
67018143,67_67399_5136980,1458536,2S,9,A,5,5,2027
67018143,67_67399_5136980,C922006-02,2S,9,A,5,5,2027
67018144,67_67399_5136980,1276-54,1S,9,A,5,5,2027
67018144,67_67399_5136980,C917304-24,1S,9,A,5,5,2027
67018144,67_67399_5136980,1414860,1S,9,C,10,10,2027
67018144,67_67399_5136980,005693-435,1S,9,A,5,5,2027
67018144,67_67399_5136980,C922007-02,1S,9,C,5,5,2027
67018144,67_67399_5136980,3123-17,1S,9,B,5,5,2027
67018144,67_67399_5136980,623137,1S,9,B,5,5,2027
67018144,67_67399_5136980,7651-76,1S,9,A,10,10,2027
67018144,67_67399_5136980,57405,1S,9,A,5,5,2027
67018144,67_67399_5136980,2075-53,1S,9,B,5,5,2027
67018144,67_67399_5136980,729026,1S,9,A,5,5,2027
67018144,67_67399_5136980,C922204-51,2S,9,C,5,5,2027
67018144,67_67399_5136980,9104015-11,2S,9,A,5,5,2027
67018144,67_67399_5136980,C917402-01,2S,9,A,5,5,2027
67018144,67_67399_5136980,1256-10,2S,9,C,5,5,2027
67018145,67_67399_5136980,446997,1S,9,A,5,5,2027
67018145,67_67399_5136980,3037-52,1S,9,B,5,5,2027
67018145,67_67399_5136980,5819-20,1S,9,C,10,10,2027
67018145,67_67399_5136980,2348542,1S,9,A,10,10,2027
67018145,67_67399_5136980,005693-236,1S,9,B,5,5,2027
67018145,67_67399_5136980,240756,1S,9,A,5,5,2027
67018145,67_67399_5136980,1790-12,1S,9,A,5,5,2027
67018145,67_67399_5136980,2890682,1S,9,A,5,5,2027
67018145,67_67399_5136980,2076-53,1S,9,C,5,5,2027
67018145,67_67399_5136980,0915-69,1S,9,B,10,10,2027
67018145,67_67399_5136980,2137767,1S,9,A,5,5,2027
67018145,67_67399_5136980,C910416-50,2S,9,B,5,5,2027
67018145,67_67399_5136980,C917305-14,2S,9,A,5,5,2027
67018145,67_67399_5136980,C910202-02,2S,9,C,5,5,2027
67018146,67_67399_5136980,19115,1S,9,A,5,5,2027
67018146,67_67399_5136980,9104016-22,1S,9,B,5,5,2027
67018146,67_67399_5136980,005693-437,1S,9,C,5,5,2027
67018146,67_67399_5136980,1710-52,1S,9,B,5,5,2027
67018146,67_67399_5136980,3123-15,1S,9,C,5,5,2027
67018146,67_67399_5136980,1576082,1S,9,A,5,5,2027
67018146,67_67399_5136980,2099051,1S,9,A,10,10,2027
67018146,67_67399_5136980,596443,1S,9,B,5,5,2027
67018146,67_67399_5136980,2075-52,1S,9,A,5,5,2027
67018146,67_67399_5136980,C930301-01,1S,9,B,10,10,2027
67018146,67_67399_5136980,6683-14,1S,9,B,5,5,2027
67018146,67_67399_5136980,298405,2S,9,A,10,10,2027
67018146,67_67399_5136980,7791-24,2S,9,B,5,5,2027
67018146,67_67399_5136980,1280-55,2S,9,A,5,5,2027
67018147,67_67399_5136980,643254,1S,9,A,5,5,2027
67018147,67_67399_5136980,6215-53,1S,9,A,5,5,2027
67018147,67_67399_5136980,1409746,1S,9,B,10,10,2027
67018147,67_67399_5136980,2891230,1S,9,C,5,5,2027
67018147,67_67399_5136980,2075-53,1S,9,C,5,5,2027
67018147,67_67399_5136980,0915-65,1S,9,A,10,10,2027
67018147,67_67399_5136980,2482676,1S,9,C,5,5,2027
67018147,67_67399_5136980,2675950,1S,9,C,5,5,2027
67018147,67_67399_5136980,0218-02,1S,9,A,10,10,2027
67018147,67_67399_5136980,5793-23,1S,9,C,5,5,2027
67018147,67_67399_5136980,C740002-01,1S,9,C,5,5,2027
67018147,67_67399_5136980,C910201-05,2S,9,B,5,5,2027
67018147,67_67399_5136980,2151980,2S,9,B,5,5,2027
67018147,67_67399_5136980,1883-07,2S,9,B,5,5,2027
67018148,67_67399_5136980,3037-53,1S,9,A,5,5,2027
67018148,67_67399_5136980,1593190,1S,9,B,5,5,2027
67018148,67_67399_5136980,107415,1S,9,A,5,5,2027
67018148,67_67399_5136980,2075-63,1S,9,B,5,5,2027
67018148,67_67399_5136980,111066,1S,9,B,5,5,2027
67018148,67_67399_5136980,7641-57,1S,9,A,10,10,2027
67018148,67_67399_5136980,1693632,1S,9,A,5,5,2027
67018148,67_67399_5136980,C934001-11,1S,9,C,5,5,2027
67018148,67_67399_5136980,7791-14,1S,9,C,5,5,2027
67018148,67_67399_5136980,005693-534,1S,9,B,5,5,2027
67018148,67_67399_5136980,05693-1311,1S,9,B,5,5,2027
67018148,67_67399_5136980,2482646,2S,9,B,5,5,2027
67018148,67_67399_5136980,1710-07,2S,9,A,5,5,2027
67018148,67_67399_5136980,005693-435,2S,9,A,5,5,2027
67018148,67_67399_5136980,C922001-50,2S,9,B,5,5,2027
67018149,67_67399_5136980,1747016,1S,9,A,5,5,2027
67018149,67_67399_5136980,0915-65,1S,9,B,10,10,2027
67018149,67_67399_5136980,2076-54,1S,9,B,5,5,2027
67018149,67_67399_5136980,C925402-09,1S,9,B,5,5,2027
67018149,67_67399_5136980,2493-51,1S,9,B,10,10,2027
67018149,67_67399_5136980,5432-60,1S,9,A,5,5,2027
67018149,67_67399_5136980,C713101-03,1S,9,A,5,5,2027
67018149,67_67399_5136980,1710-11,1S,9,A,5,5,2027
67018149,67_67399_5136980,C920004-01,1S,9,B,10,10,2027
67018149,67_67399_5136980,1464683,1S,9,A,10,10,2027
67018149,67_67399_5136980,C8410003-21,1S,9,A,15,15,2027
67018149,67_67399_5136980,8362-50,2S,9,A,10,10,2027
67018149,67_67399_5136980,7791-15,2S,9,A,5,5,2027
67018149,67_67399_5136980,1446818,2S,9,B,10,10,2027
67018149,67_67399_5136980,5793-21,2S,9,A,5,5,2027
67018150,67_67399_5136980,101540,1S,9,C,10,10,2027
67018150,67_67399_5136980,005693-536,1S,9,C,5,5,2027
67018150,67_67399_5136980,1790-02,1S,9,B,5,5,2027
67018150,67_67399_5136980,C934001-03,1S,9,B,5,5,2027
67018150,67_67399_5136980,C7171002-01,1S,9,A,5,5,2027
67018150,67_67399_5136980,2097680,1S,9,B,10,10,2027
67018150,67_67399_5136980,2890712,1S,9,A,5,5,2027
67018150,67_67399_5136980,2075-31,1S,9,B,5,5,2027
67018150,67_67399_5136980,0915-56,1S,9,B,10,10,2027
67018150,67_67399_5136980,C910201-15,1S,9,B,5,5,2027
67018150,67_67399_5136980,C910418-12,1S,9,B,5,5,2027
67018150,67_67399_5136980,C9104007-11,2S,9,B,5,5,2027
67018150,67_67399_5136980,2675920,2S,9,A,5,5,2027
67018150,67_67399_5136980,2139440,2S,9,B,5,5,2027
67018151,67_67399_5136980,1996814,1S,9,A,10,10,2027
67018151,67_67399_5136980,8352-50,1S,9,D,10,10,2027
67018151,67_67399_5136980,C900001-50,1S,9,B,5,5,2027
67018151,67_67399_5136980,2076-65,1S,9,A,5,5,2027
67018151,67_67399_5136980,5819-18,1S,9,C,10,10,2027
67018151,67_67399_5136980,1577940,1S,9,F,5,0,2027
67018151,67_67399_5136980,446724,1S,9,C,5,5,2027
67018151,67_67399_5136980,C917305-09,1S,9,D,5,5,2027
67018151,67_67399_5136980,5980-59,1S,9,B,10,10,2027
67018151,67_67399_5136980,C920003-01,1S,9,B,10,10,2027
67018151,67_67399_5136980,C740001-04,1S,9,A,5,5,2027
67018151,67_67399_5136980,C922005-02,2S,9,B,5,5,2027
67018152,67_67399_5136980,2076-52,1S,9,C,5,5,2027
67018152,67_67399_5136980,C910417-07,1S,9,B,5,5,2027
67018152,67_67399_5136980,1494299,1S,9,C,5,5,2027
67018152,67_67399_5136980,C934001-10,1S,9,A,5,5,2027
67018152,67_67399_5136980,623137,1S,9,A,5,5,2027
67018152,67_67399_5136980,1431446,1S,9,A,10,10,2027
67018152,67_67399_5136980,9815-36,1S,9,A,5,5,2027
67018152,67_67399_5136980,C913001-01,1S,9,B,5,5,2027
67018152,67_67399_5136980,C910201-14,1S,9,B,5,5,2027
67018152,67_67399_5136980,1691499,1S,9,C,5,5,2027
67018152,67_67399_5136980,298495,1S,9,B,10,10,2027
67018152,67_67399_5136980,1198028,2S,9,C,5,5,2027
67018152,67_67399_5136980,C910802-01,2S,9,C,5,5,2027
67018152,67_67399_5136980,C922002-50,2S,9,A,5,5,2027
67018153,67_67399_5136980,1577849,1S,9,A,5,5,2027
67018153,67_67399_5136980,C713102-03,1S,9,B,5,5,2027
67018153,67_67399_5136980,2151766,1S,9,B,5,5,2027
67018153,67_67399_5136980,0218-11,1S,9,C,10,10,2027
67018153,67_67399_5136980,C922002-50,1S,9,A,5,5,2027
67018153,67_67399_5136980,101599,1S,9,A,10,10,2027
67018153,67_67399_5136980,C910202-20,1S,9,A,5,5,2027
67018153,67_67399_5136980,2097590,1S,9,B,10,10,2027
67018153,67_67399_5136980,C925401-07,1S,9,A,5,5,2027
67018153,67_67399_5136980,0061-54,1S,9,A,5,5,2027
67018153,67_67399_5136980,641793,1S,9,B,5,5,2027
67018153,67_67399_5136980,C917305-09,2S,9,C,5,5,2027
67018153,67_67399_5136980,9104016-22,2S,9,B,5,5,2027
67018153,67_67399_5136980,C922007-01,2S,9,A,5,5,2027
67018153,67_67399_5136980,1256-03,2S,9,B,5,5,2027
67018154,67_67399_5136980,C917305-24,1S,9,A,5,5,2027
67018154,67_67399_5136980,C906201-03,1S,9,C,5,5,2027
67018154,67_67399_5136980,C922805-01,1S,9,A,5,5,2027
67018154,67_67399_5136980,C713101-04,1S,9,B,5,5,2027
67018154,67_67399_5136980,6215-57,1S,9,B,5,5,2027
67018154,67_67399_5136980,1409532,1S,9,B,10,10,2027
67018154,67_67399_5136980,2057-13,1S,9,B,5,5,2027
67018154,67_67399_5136980,2076-53,1S,9,A,5,5,2027
67018154,67_67399_5136980,2556001,1S,9,C,5,5,2027
67018154,67_67399_5136980,980373,1S,9,C,5,5,2027
67018154,67_67399_5136980,2273271,1S,9,C,5,5,2027
67018154,67_67399_5136980,9226-41,2S,9,C,5,5,2027
67018154,67_67399_5136980,C922711-01,2S,9,B,10,10,2027
67018154,67_67399_5136980,2139501,2S,9,B,5,5,2027
67018155,67_67399_5136980,2137798,1S,9,C,5,5,2027
67018155,67_67399_5136980,107415,1S,9,C,5,5,2027
67018155,67_67399_5136980,2076-64,1S,9,A,5,5,2027
67018155,67_67399_5136980,57377,1S,9,B,5,5,2027
67018155,67_67399_5136980,5819-17,1S,9,A,10,10,2027
67018155,67_67399_5136980,1577940,1S,9,A,5,5,2027
67018155,67_67399_5136980,993858,1S,9,A,5,5,2027
67018155,67_67399_5136980,1790-11,1S,9,B,5,5,2027
67018155,67_67399_5136980,240756,1S,9,A,5,5,2027
67018155,67_67399_5136980,C9104007-07,1S,9,A,5,5,2027
67018155,67_67399_5136980,C740002-01,1S,9,A,5,5,2027
67018155,67_67399_5136980,1256-03,2S,9,B,5,5,2027
67018155,67_67399_5136980,2151705,2S,9,B,5,5,2027
67018155,67_67399_5136980,C910400850,2S,9,C,5,5,2027
67018156,67_67399_5136980,C917304-07,1S,9,A,5,5,2027
67018156,67_67399_5136980,1691440,1S,9,C,5,5,2027
67018156,67_67399_5136980,994223,1S,9,A,5,5,2027
67018156,67_67399_5136980,1578215,1S,9,C,5,5,2027
67018156,67_67399_5136980,2097194,1S,9,C,10,10,2027
67018156,67_67399_5136980,2057-14,1S,9,B,5,5,2027
67018156,67_67399_5136980,2076-67,1S,9,B,5,5,2027
67018156,67_67399_5136980,657955,1S,9,A,10,10,2027
67018156,67_67399_5136980,1226-50,1S,9,C,5,5,2027
67018156,67_67399_5136980,C910201-06,1S,9,B,5,5,2027
67018156,67_67399_5136980,2593224,1S,9,A,5,5,2027
67018156,67_67399_5136980,5991-16,2S,9,C,5,5,2027
67018156,67_67399_5136980,1592884,2S,9,C,5,5,2027
67018156,67_67399_5136980,C9104006-07,2S,9,A,5,5,2027
67018157,67_67399_5136980,C934001-06,1S,9,B,5,5,2027
67018157,67_67399_5136980,101599,1S,9,C,10,10,2027
67018157,67_67399_5136980,C9104009-04,1S,9,A,5,5,2027
67018157,67_67399_5136980,1422073,1S,9,B,5,5,2027
67018157,67_67399_5136980,2675859,1S,9,A,5,5,2027
67018157,67_67399_5136980,1577849,1S,9,C,5,5,2027
67018157,67_67399_5136980,2097621,1S,9,A,10,10,2027
67018157,67_67399_5136980,9814-26,1S,9,A,5,5,2027
67018157,67_67399_5136980,1256-05,1S,9,A,5,5,2027
67018157,67_67399_5136980,729847,1S,9,C,5,5,2027
67018157,67_67399_5136980,2075-55,1S,9,A,5,5,2027
67018157,67_67399_5136980,9104015-31,2S,9,A,5,5,2027
67018157,67_67399_5136980,C923204-02,2S,9,C,5,5,2027
67018157,67_67399_5136980,1256-32,2S,9,B,5,5,2027
67018158,67_67399_5136980,5910-022,1S,9,B,10,10,2027
67018158,67_67399_5136980,2380319,1S,9,A,10,10,2027
67018158,67_67399_5136980,1464655,1S,9,B,10,10,2027
67018158,67_67399_5136980,C910204-14,1S,9,C,5,5,2027
67018158,67_67399_5136980,1790-14,1S,9,F,5,0,2027
67018158,67_67399_5136980,C713101-03,1S,9,B,5,5,2027
67018158,67_67399_5136980,1290098,1S,9,A,5,5,2027
67018158,67_67399_5136980,1409654,1S,9,D,10,10,2027
67018158,67_67399_5136980,97216,1S,9,B,5,5,2027
67018158,67_67399_5136980,63979,1S,9,A,5,5,2027
67018158,67_67399_5136980,9295001-51,1S,9,B,5,5,2027
67018158,67_67399_5136980,1422073,2S,9,A,5,5,2027
67018158,67_67399_5136980,0218-04,2S,9,A,10,10,2027
67018158,67_67399_5136980,C910204-08,2S,9,B,5,5,2027
67018159,67_67399_5136980,1693266,1S,9,A,5,5,2027
67018159,67_67399_5136980,298436,1S,9,A,10,10,2027
67018159,67_67399_5136980,1748477,1S,9,F,5,0,2027
67018159,67_67399_5136980,730334,1S,9,C,5,5,2027
67018159,67_67399_5136980,0062-51,1S,9,C,5,5,2027
67018159,67_67399_5136980,1996783,1S,9,B,10,10,2027
67018159,67_67399_5136980,217322,1S,9,A,10,10,2027
67018159,67_67399_5136980,6215-58,1S,9,B,5,5,2027
67018159,67_67399_5136980,446114,1S,9,A,5,5,2027
67018159,67_67399_5136980,1710-07,1S,9,F,5,0,2027
67018159,67_67399_5136980,1385399,1S,9,A,5,5,2027
67018159,67_67399_5136980,C9104009-03,2S,9,A,5,5,2027
67018159,67_67399_5136980,1254-11,2S,9,D,5,5,2027
67018159,67_67399_5136980,C9104007-04,2S,9,B,5,5,2027
67018160,67_67399_5136980,111156,1S,9,B,5,5,2027
67018160,67_67399_5136980,5819-23,1S,9,A,10,10,2027
67018160,67_67399_5136980,6215-62,1S,9,B,5,5,2027
67018160,67_67399_5136980,3121-16,1S,9,B,5,5,2027
67018160,67_67399_5136980,9226-16,1S,9,A,5,5,2027
67018160,67_67399_5136980,2482768,1S,9,C,5,5,2027
67018160,67_67399_5136980,C9104006-05,1S,9,B,5,5,2027
67018160,67_67399_5136980,657863,1S,9,B,10,10,2027
67018160,67_67399_5136980,0215-05,1S,9,A,10,10,2027
67018160,67_67399_5136980,1691805,1S,9,A,5,5,2027
67018160,67_67399_5136980,2075-59,1S,9,B,5,5,2027
67018160,67_67399_5136980,C917303-02,2S,9,A,5,5,2027
67018160,67_67399_5136980,005693-234,2S,9,A,5,5,2027
67018160,67_67399_5136980,1254-06,2S,9,B,5,5,2027
67018161,67_67399_5136980,8697-52,1S,9,A,5,5,2027
67018161,67_67399_5136980,774682,1S,9,A,5,5,2027
67018161,67_67399_5136980,2075-31,1S,9,B,5,5,2027
67018161,67_67399_5136980,57680,1S,9,D,5,5,2027
67018161,67_67399_5136980,7651-67,1S,9,C,10,10,2027
67018161,67_67399_5136980,5432-50,1S,9,A,5,5,2027
67018161,67_67399_5136980,446206,1S,9,F,5,0,2027
67018161,67_67399_5136980,5992-13,1S,9,B,5,5,2027
67018161,67_67399_5136980,C906201-03,1S,9,C,5,5,2027
67018161,67_67399_5136980,C906201-04,1S,9,A,5,5,2027
67018161,67_67399_5136980,644776,1S,9,B,10,10,2027
67018161,67_67399_5136980,1746896,2S,9,B,5,5,2027
67018161,67_67399_5136980,C917304-06,2S,9,C,5,5,2027
67018161,67_67399_5136980,2293756,2S,9,C,5,5,2027
67018162,67_67399_5136980,9815-36,1S,9,B,5,5,2027
67018162,67_67399_5136980,1431568,1S,9,A,10,10,2027
67018162,67_67399_5136980,C932202-02,1S,9,A,5,5,2027
67018162,67_67399_5136980,C930301-02,1S,9,C,10,10,2027
67018162,67_67399_5136980,1256-13,1S,9,A,5,5,2027
67018162,67_67399_5136980,2075-58,1S,9,A,5,5,2027
67018162,67_67399_5136980,May-51,1S,9,C,5,5,2027
67018162,67_67399_5136980,C906201-04,1S,9,B,5,5,2027
67018162,67_67399_5136980,C9104006-05,1S,9,B,5,5,2027
67018162,67_67399_5136980,2252,1S,9,A,5,5,2027
67018162,67_67399_5136980,726104,1S,9,A,5,5,2027
67018162,67_67399_5136980,1748661,2S,9,B,5,5,2027
67018162,67_67399_5136980,C922002-52,2S,9,C,5,5,2027
67018162,67_67399_5136980,1850-06,2S,9,A,5,5,2027
67018162,67_67399_5136980,24198,2S,9,B,5,5,2027
67018163,67_67399_5136980,C700002-51,1S,9,B,5,5,2027
67018163,67_67399_5136980,1254-11,1S,9,B,5,5,2027
67018163,67_67399_5136980,2281397,1S,9,B,10,10,2027
67018163,67_67399_5136980,64010,1S,9,A,5,5,2027
67018163,67_67399_5136980,57346,1S,9,B,5,5,2027
67018163,67_67399_5136980,7651-70,1S,9,C,10,10,2027
67018163,67_67399_5136980,1577970,1S,9,A,5,5,2027
67018163,67_67399_5136980,1765584,1S,9,B,5,5,2027
67018163,67_67399_5136980,C917304-11,1S,9,A,5,5,2027
67018163,67_67399_5136980,5693-43,1S,9,C,5,5,2027
67018163,67_67399_5136980,0218-04,1S,9,C,10,10,2027
67018163,67_67399_5136980,2482829,2S,9,A,5,5,2027
67018163,67_67399_5136980,2676073,2S,9,A,5,5,2027
67018163,67_67399_5136980,C910418-07,2S,9,B,5,5,2027
67018164,67_67399_5136980,24108,1S,9,B,5,5,2027
67018164,67_67399_5136980,5432-59,1S,9,A,5,5,2027
67018164,67_67399_5136980,101571,1S,9,A,10,10,2027
67018164,67_67399_5136980,C910429-50,1S,9,B,5,5,2027
67018164,67_67399_5136980,5980-58,1S,9,A,10,10,2027
67018164,67_67399_5136980,C934001-03,1S,9,B,5,5,2027
67018164,67_67399_5136980,7641-58,1S,9,B,10,10,2027
67018164,67_67399_5136980,2890804,1S,9,A,5,5,2027
67018164,67_67399_5136980,0062-52,1S,9,B,5,5,2027
67018164,67_67399_5136980,0915-03,1S,9,B,10,10,2027
67018164,67_67399_5136980,1256-04,1S,9,B,5,5,2027
67018164,67_67399_5136980,C910417-01,2S,9,C,5,5,2027
67018164,67_67399_5136980,0215-05,2S,9,C,10,10,2027
67018164,67_67399_5136980,C917305-11,2S,9,A,5,5,2027
67018164,67_67399_5136980,7708-61,2S,9,C,5,5,2027
67018165,67_67399_5136980,C910201-18,1S,9,B,5,5,2027
67018165,67_67399_5136980,1873727,1S,9,C,5,5,2027
67018165,67_67399_5136980,1414830,1S,9,A,10,10,2027
67018165,67_67399_5136980,05693-4311,1S,9,A,5,5,2027
67018165,67_67399_5136980,C910416-51,1S,9,C,5,5,2027
67018165,67_67399_5136980,5992-17,1S,9,A,5,5,2027
67018165,67_67399_5136980,C934002-08,1S,9,A,5,5,2027
67018165,67_67399_5136980,3037-53,1S,9,B,5,5,2027
67018165,67_67399_5136980,7651-76,1S,9,A,10,10,2027
67018165,67_67399_5136980,2057-18,1S,9,A,5,5,2027
67018165,67_67399_5136980,2076-68,1S,9,A,5,5,2027
67018165,67_67399_5136980,1256-18,2S,9,A,5,5,2027
67018165,67_67399_5136980,298405,2S,9,A,10,10,2027
67018165,67_67399_5136980,2676073,2S,9,C,5,5,2027
67018166,67_67399_5136980,2350031,1S,9,A,10,10,2027
67018166,67_67399_5136980,730242,1S,9,A,5,5,2027
67018166,67_67399_5136980,2075-53,1S,9,B,5,5,2027
67018166,67_67399_5136980,57589,1S,9,F,5,0,2027
67018166,67_67399_5136980,7641-50,1S,9,A,10,10,2027
67018166,67_67399_5136980,3064-50,1S,9,A,5,5,2027
67018166,67_67399_5136980,C934002-02,1S,9,A,5,5,2027
67018166,67_67399_5136980,C917304-20,1S,9,C,5,5,2027
67018166,67_67399_5136980,298464,1S,9,B,10,10,2027
67018166,67_67399_5136980,5793-23,1S,9,C,5,5,2027
67018166,67_67399_5136980,7708-54,1S,9,A,5,5,2027
67018166,67_67399_5136980,1494756,2S,9,B,5,5,2027
67018166,67_67399_5136980,2293999,2S,9,B,5,5,2027
67018166,67_67399_5136980,8697-17,2S,9,A,5,5,2027
67018167,67_67399_5136980,C910501-01,1S,9,C,5,5,2027
67018167,67_67399_5136980,1873727,1S,9,B,5,5,2027
67018167,67_67399_5136980,64010,1S,9,C,5,5,2027
67018167,67_67399_5136980,C925401-06,1S,9,C,5,5,2027
67018167,67_67399_5136980,7641-55,1S,9,B,10,10,2027
67018167,67_67399_5136980,3064-51,1S,9,A,5,5,2027
67018167,67_67399_5136980,993947,1S,9,A,5,5,2027
67018167,67_67399_5136980,2151797,1S,9,C,5,5,2027
67018167,67_67399_5136980,2293725,1S,9,B,5,5,2027
67018167,67_67399_5136980,C922007-02,1S,9,B,5,5,2027
67018167,67_67399_5136980,1414799,1S,9,A,10,10,2027
67018167,67_67399_5136980,1746865,2S,9,B,5,5,2027
67018167,67_67399_5136980,C917305-20,2S,9,C,5,5,2027
67018167,67_67399_5136980,C922004-02,2S,9,C,5,5,2027
67018168,67_67399_5136980,2075-31,1S,9,A,5,5,2027
67018168,67_67399_5136980,C700001-51,1S,9,A,5,5,2027
67018168,67_67399_5136980,1458506,1S,9,A,5,5,2027
67018168,67_67399_5136980,C922204-51,1S,9,B,5,5,2027
67018168,67_67399_5136980,C917304-19,1S,9,B,5,5,2027
67018168,67_67399_5136980,446724,1S,9,C,5,5,2027
67018168,67_67399_5136980,6215-51,1S,9,A,5,5,2027
67018168,67_67399_5136980,C931601-01,1S,9,B,10,10,2027
67018168,67_67399_5136980,C925401-09,1S,9,B,5,5,2027
67018168,67_67399_5136980,107415,1S,9,B,5,5,2027
67018168,67_67399_5136980,2101639,1S,9,B,5,5,2027
67018168,67_67399_5136980,C906202-02,2S,9,C,5,5,2027
67018168,67_67399_5136980,C920004-01,2S,9,B,10,10,2027
67018168,67_67399_5136980,1790-05,2S,9,B,5,5,2027
67018168,67_67399_5136980,C910204-01,2S,9,A,5,5,2027
67018169,67_67399_5136980,4578-53,1S,9,A,5,5,2027
67018169,67_67399_5136980,884254,1S,9,C,10,10,2027
67018169,67_67399_5136980,2293756,1S,9,A,5,5,2027
67018169,67_67399_5136980,0215-02,1S,9,A,10,10,2027
67018169,67_67399_5136980,1494634,1S,9,C,5,5,2027
67018169,67_67399_5136980,1767045,1S,9,B,5,5,2027
67018169,67_67399_5136980,6215-62,1S,9,B,5,5,2027
67018169,67_67399_5136980,7651-71,1S,9,A,10,10,2027
67018169,67_67399_5136980,596474,1S,9,C,5,5,2027
67018169,67_67399_5136980,2075-66,1S,9,B,5,5,2027
67018169,67_67399_5136980,730334,1S,9,C,5,5,2027
67018169,67_67399_5136980,C922005-01,2S,9,C,5,5,2027
67018169,67_67399_5136980,1494299,2S,9,A,5,5,2027
67018169,67_67399_5136980,2482676,2S,9,A,5,5,2027
67018170,67_67399_5136980,C700002-50,1S,9,B,5,5,2027
67018170,67_67399_5136980,C910418-10,1S,9,D,5,5,2027
67018170,67_67399_5136980,2252,1S,9,A,5,5,2027
67018170,67_67399_5136980,Jan-88,1S,9,C,5,5,2027
67018170,67_67399_5136980,3038-52,1S,9,D,5,5,2027
67018170,67_67399_5136980,7651-54,1S,9,B,10,10,2027
67018170,67_67399_5136980,596474,1S,9,B,5,5,2027
67018170,67_67399_5136980,2076-54,1S,9,B,5,5,2027
67018170,67_67399_5136980,7500-51,1S,9,C,5,5,2027
67018170,67_67399_5136980,1254-08,1S,9,D,5,5,2027
67018170,67_67399_5136980,1790-18,2S,9,B,5,5,2027
67018171,67_67399_5136980,5819-14,1S,9,B,10,10,2027
67018171,67_67399_5136980,19115,1S,9,C,5,5,2027
67018171,67_67399_5136980,1883-03,1S,9,B,5,5,2027
67018171,67_67399_5136980,1883-02,1S,9,B,5,5,2027
67018171,67_67399_5136980,1726-02,1S,9,B,5,5,2027
67018171,67_67399_5136980,445994,1S,9,B,5,5,2027
67018171,67_67399_5136980,3037-53,1S,9,B,5,5,2027
67018171,67_67399_5136980,9814-41,1S,9,A,5,5,2027
67018171,67_67399_5136980,2075-59,1S,9,A,5,5,2027
67018171,67_67399_5136980,774682,1S,9,A,5,5,2027
67018171,67_67399_5136980,1593310,1S,9,A,5,5,2027
67018171,67_67399_5136980,9104016-13,2S,9,B,5,5,2027
67018171,67_67399_5136980,1494390,2S,9,B,5,5,2027
67018171,67_67399_5136980,1593190,2S,9,B,5,5,2027
67018172,67_67399_5136980,C906202-01,1S,9,A,5,5,2027
67018172,67_67399_5136980,9226-20,1S,9,A,5,5,2027
67018172,67_67399_5136980,05693-4311,1S,9,B,5,5,2027
67018172,67_67399_5136980,C700001-52,1S,9,C,5,5,2027
67018172,67_67399_5136980,C934001-06,1S,9,B,5,5,2027
67018172,67_67399_5136980,C932202-02,1S,9,B,5,5,2027
67018172,67_67399_5136980,7651-65,1S,9,C,10,10,2027
67018172,67_67399_5136980,9814-19,1S,9,B,5,5,2027
67018172,67_67399_5136980,2076-52,1S,9,B,5,5,2027
67018172,67_67399_5136980,0915-65,1S,9,B,10,10,2027
67018172,67_67399_5136980,1284-05,1S,9,A,5,5,2027
67018172,67_67399_5136980,C917305-08,2S,9,C,5,5,2027
67018172,67_67399_5136980,1850-04,2S,9,B,5,5,2027
67018172,67_67399_5136980,C922206-01,2S,9,C,5,5,2027
67018172,67_67399_5136980,1748418,2S,9,C,5,5,2027
67018173,67_67399_5136980,2075-60,1S,9,A,5,5,2027
67018173,67_67399_5136980,1520780,1S,9,B,10,10,2027
67018173,67_67399_5136980,6683-17,1S,9,A,5,5,2027
67018173,67_67399_5136980,2493-51,1S,9,A,10,10,2027
67018173,67_67399_5136980,3037-50,1S,9,C,5,5,2027
67018173,67_67399_5136980,100110,1S,9,F,5,0,2027
67018173,67_67399_5136980,C917305-22,1S,9,B,5,5,2027
67018173,67_67399_5136980,1850-08,1S,9,C,5,5,2027
67018173,67_67399_5136980,C910418-14,1S,9,B,5,5,2027
67018173,67_67399_5136980,2380319,1S,9,B,10,10,2027
67018173,67_67399_5136980,3121-19,1S,9,B,5,5,2027
67018173,67_67399_5136980,1254-06,2S,9,A,5,5,2027
67018173,67_67399_5136980,27454,2S,9,B,5,5,2027
67018173,67_67399_5136980,C910418-08,2S,9,B,5,5,2027
67018173,67_67399_5136980,C922705-02,2S,9,A,10,10,2027
67018174,67_67399_5136980,1206794,1S,9,A,10,10,2027
67018174,67_67399_5136980,1790-14,1S,9,B,5,5,2027
67018174,67_67399_5136980,1254-19,1S,9,B,5,5,2027
67018174,67_67399_5136980,0915-13,1S,9,C,10,10,2027
67018174,67_67399_5136980,2076-57,1S,9,A,5,5,2027
67018174,67_67399_5136980,596474,1S,9,B,5,5,2027
67018174,67_67399_5136980,217381,1S,9,A,10,10,2027
67018174,67_67399_5136980,C922003-01,1S,9,B,5,5,2027
67018174,67_67399_5136980,1576023,1S,9,C,5,5,2027
67018174,67_67399_5136980,3123-16,1S,9,B,5,5,2027
67018174,67_67399_5136980,C700002-52,1S,9,A,5,5,2027
67018174,67_67399_5136980,0218-06,2S,9,C,10,10,2027
67018174,67_67399_5136980,1748418,2S,9,A,5,5,2027
67018174,67_67399_5136980,1494848,2S,9,B,5,5,2027
67018175,67_67399_5136980,2076-65,1S,9,B,5,5,2027
67018175,67_67399_5136980,2360929,1S,9,A,10,10,2027
67018175,67_67399_5136980,729877,1S,9,D,5,5,2027
67018175,67_67399_5136980,May-50,1S,9,B,5,5,2027
67018175,67_67399_5136980,1458416,1S,9,A,5,5,2027
67018175,67_67399_5136980,1385368,1S,9,C,5,5,2027
67018175,67_67399_5136980,5992-13,1S,9,C,5,5,2027
67018175,67_67399_5136980,C934001-11,1S,9,A,5,5,2027
67018175,67_67399_5136980,1579431,1S,9,A,5,5,2027
67018175,67_67399_5136980,7651-66,1S,9,A,10,10,2027
67018175,67_67399_5136980,111432,1S,9,A,5,5,2027
67018175,67_67399_5136980,2099416,2S,9,A,5,5,2027
67018175,67_67399_5136980,1458475,2S,9,A,5,5,2027
67018175,67_67399_5136980,1458597,2S,9,B,5,5,2027
67018175,67_67399_5136980,1790-02,2S,9,B,5,5,2027
67018176,67_67399_5136980,C9104007-12,1S,9,A,5,5,2027
67018176,67_67399_5136980,1458567,1S,9,B,5,5,2027
67018176,67_67399_5136980,105100,1S,9,C,10,10,2027
67018176,67_67399_5136980,2151950,1S,9,B,5,5,2027
67018176,67_67399_5136980,725464,1S,9,C,5,5,2027
67018176,67_67399_5136980,3068-50,1S,9,A,5,5,2027
67018176,67_67399_5136980,C931602-02,1S,9,C,10,10,2027
67018176,67_67399_5136980,57558,1S,9,B,5,5,2027
67018176,67_67399_5136980,2075-31,1S,9,B,5,5,2027
67018176,67_67399_5136980,108296,1S,9,A,5,5,2027
67018176,67_67399_5136980,1746896,1S,9,A,5,5,2027
67018176,67_67399_5136980,C9104008-50,2S,9,A,5,5,2027
67018176,67_67399_5136980,1790-11,2S,9,A,5,5,2027
67018176,67_67399_5136980,1746926,2S,9,B,5,5,2027
67018177,67_67399_5136980,2075-65,1S,9,B,5,5,2027
67018177,67_67399_5136980,C8421003-43,1S,9,B,15,15,2027
67018177,67_67399_5136980,6687-15,1S,9,A,5,5,2027
67018177,67_67399_5136980,C910417-04,1S,9,C,5,5,2027
67018177,67_67399_5136980,C9104009-50,1S,9,B,5,5,2027
67018177,67_67399_5136980,1494240,1S,9,C,5,5,2027
67018177,67_67399_5136980,3123-15,1S,9,B,5,5,2027
67018177,67_67399_5136980,5432-57,1S,9,B,5,5,2027
67018177,67_67399_5136980,5819-22,1S,9,C,10,10,2027
67018177,67_67399_5136980,100809,1S,9,A,5,5,2027
67018177,67_67399_5136980,1878079,1S,9,A,5,5,2027
67018177,67_67399_5136980,1256-04,2S,9,B,5,5,2027
67018177,67_67399_5136980,005693-236,2S,9,C,5,5,2027
67018177,67_67399_5136980,1726-02,2S,9,A,5,5,2027
67018178,67_67399_5136980,5793-32,1S,9,A,5,5,2027
67018178,67_67399_5136980,C700001-51,1S,9,B,5,5,2027
67018178,67_67399_5136980,2356606,1S,9,A,10,10,2027
67018178,67_67399_5136980,C922403-02,1S,9,C,5,5,2027
67018178,67_67399_5136980,0061-54,1S,9,B,5,5,2027
67018178,67_67399_5136980,2890743,1S,9,C,5,5,2027
67018178,67_67399_5136980,216651,1S,9,C,10,10,2027
67018178,67_67399_5136980,C7171001-02,1S,9,B,5,5,2027
67018178,67_67399_5136980,C713101-05,1S,9,B,5,5,2027
67018178,67_67399_5136980,C917304-09,1S,9,C,5,5,2027
67018178,67_67399_5136980,C922704-01,1S,9,C,10,10,2027
67018178,67_67399_5136980,C910418-04,2S,9,A,5,5,2027
67018178,67_67399_5136980,1256-20,2S,9,B,5,5,2027
67018178,67_67399_5136980,1710-14,2S,9,A,5,5,2027
67018178,67_67399_5136980,C910417-03,2S,9,C,5,5,2027
67018180,67_67399_5136980,7702-59,1S,9,B,5,5,2027
67018180,67_67399_5136980,655703,1S,9,B,10,10,2027
67018180,67_67399_5136980,0061-50,1S,9,A,5,5,2027
67018180,67_67399_5136980,57436,1S,9,A,5,5,2027
67018180,67_67399_5136980,5819-32,1S,9,B,10,10,2027
67018180,67_67399_5136980,6215-61,1S,9,A,5,5,2027
67018180,67_67399_5136980,3123-16,1S,9,C,5,5,2027
67018180,67_67399_5136980,7791-23,1S,9,A,5,5,2027
67018180,67_67399_5136980,C923203-03,1S,9,A,5,5,2027
67018180,67_67399_5136980,C910430-01,1S,9,A,5,5,2027
67018180,67_67399_5136980,C740002-02,1S,9,A,5,5,2027
67018180,67_67399_5136980,1790-14,2S,9,A,5,5,2027
67018180,67_67399_5136980,1254-15,2S,9,A,5,5,2027
67018180,67_67399_5136980,5693-21,2S,9,B,5,5,2027
67018181,67_67399_5136980,1790-07,1S,9,B,5,5,2027
67018181,67_67399_5136980,C700002-53,1S,9,B,5,5,2027
67018181,67_67399_5136980,9104016-52,1S,9,B,5,5,2027
67018181,67_67399_5136980,1458475,1S,9,B,5,5,2027
67018181,67_67399_5136980,2482587,1S,9,A,5,5,2027
67018181,67_67399_5136980,994312,1S,9,B,5,5,2027
67018181,67_67399_5136980,6215-58,1S,9,C,5,5,2027
67018181,67_67399_5136980,216592,1S,9,C,10,10,2027
67018181,67_67399_5136980,57346,1S,9,C,5,5,2027
67018181,67_67399_5136980,64010,1S,9,A,5,5,2027
67018181,67_67399_5136980,1874426,1S,9,A,5,5,2027
67018181,67_67399_5136980,C910429-50,2S,9,C,5,5,2027
67018181,67_67399_5136980,C906202-03,2S,9,A,5,5,2027
67018181,67_67399_5136980,2675769,2S,9,B,5,5,2027
67018181,67_67399_5136980,6683-14,2S,9,B,5,5,2027
67018182,67_67399_5136980,2349972,1S,9,B,10,10,2027
67018182,67_67399_5136980,5992-19,1S,9,C,5,5,2027
67018182,67_67399_5136980,446844,1S,9,D,5,5,2027
67018182,67_67399_5136980,3068-51,1S,9,C,5,5,2027
67018182,67_67399_5136980,2097194,1S,9,B,10,10,2027
67018182,67_67399_5136980,57466,1S,9,B,5,5,2027
67018182,67_67399_5136980,2076-50,1S,9,A,5,5,2027
67018182,67_67399_5136980,107443,1S,9,B,5,5,2027
67018182,67_67399_5136980,2356546,1S,9,A,10,10,2027
67018182,67_67399_5136980,5793-13,1S,9,C,5,5,2027
67018182,67_67399_5136980,1790-13,2S,9,A,5,5,2027
67018182,67_67399_5136980,1280-51,2S,9,A,5,5,2027
67018183,67_67399_5136980,C910202-09,1S,9,C,5,5,2027
67018183,67_67399_5136980,2555605,1S,9,B,5,5,2027
67018183,67_67399_5136980,2076-54,1S,9,B,5,5,2027
67018183,67_67399_5136980,2891169,1S,9,B,5,5,2027
67018183,67_67399_5136980,7651-54,1S,9,A,10,10,2027
67018183,67_67399_5136980,5432-55,1S,9,C,5,5,2027
67018183,67_67399_5136980,725464,1S,9,A,5,5,2027
67018183,67_67399_5136980,5992-14,1S,9,A,5,5,2027
67018183,67_67399_5136980,C9104006-06,1S,9,B,5,5,2027
67018183,67_67399_5136980,C910417-02,1S,9,B,5,5,2027
67018183,67_67399_5136980,May-54,1S,9,A,5,5,2027
67018183,67_67399_5136980,1256-18,2S,9,A,5,5,2027
67018183,67_67399_5136980,1710-21,2S,9,B,5,5,2027
67018183,67_67399_5136980,C9104007-11,2S,9,C,5,5,2027
67018184,67_67399_5136980,C900002-50,1S,9,B,5,5,2027
67018184,67_67399_5136980,2075-59,1S,9,A,5,5,2027
67018184,67_67399_5136980,9814-41,1S,9,A,5,5,2027
67018184,67_67399_5136980,C932302-50,1S,9,A,5,5,2027
67018184,67_67399_5136980,1290159,1S,9,A,5,5,2027
67018184,67_67399_5136980,446114,1S,9,A,5,5,2027
67018184,67_67399_5136980,5992-32,1S,9,A,5,5,2027
67018184,67_67399_5136980,C922806-01,1S,9,A,5,5,2027
67018184,67_67399_5136980,1284-05,1S,9,A,5,5,2027
67018184,67_67399_5136980,C8421003-22,1S,9,C,15,15,2027
67018184,67_67399_5136980,298525,1S,9,A,10,10,2027
67018184,67_67399_5136980,980769,2S,9,B,5,5,2027
67018184,67_67399_5136980,0218-03,2S,9,A,10,10,2027
67018184,67_67399_5136980,1850-03,2S,9,A,5,5,2027
67018184,67_67399_5136980,7791-13,2S,9,A,5,5,2027
67018185,67_67399_5136980,2891077,1S,9,B,5,5,2027
67018185,67_67399_5136980,1873727,1S,9,B,5,5,2027
67018185,67_67399_5136980,1280-51,1S,9,B,5,5,2027
67018185,67_67399_5136980,1431691,1S,9,A,10,10,2027
67018185,67_67399_5136980,6215-50,1S,9,A,5,5,2027
67018185,67_67399_5136980,C934001-09,1S,9,C,5,5,2027
67018185,67_67399_5136980,1494452,1S,9,C,5,5,2027
67018185,67_67399_5136980,C922007-01,1S,9,B,5,5,2027
67018185,67_67399_5136980,2076-63,1S,9,C,5,5,2027
67018185,67_67399_5136980,1883-02,1S,9,A,5,5,2027
67018185,67_67399_5136980,105039,1S,9,B,10,10,2027
67018185,67_67399_5136980,C910203-18,2S,9,A,5,5,2027
67018185,67_67399_5136980,2252,2S,9,B,5,5,2027
67018185,67_67399_5136980,C910430-04,2S,9,B,5,5,2027
67018185,67_67399_5136980,005693-537,2S,9,A,5,5,2027
67018186,67_67399_5136980,C910203-10,1S,9,B,5,5,2027
67018186,67_67399_5136980,0915-01,1S,9,B,10,10,2027
67018186,67_67399_5136980,2075-50,1S,9,C,5,5,2027
67018186,67_67399_5136980,9815-18,1S,9,A,5,5,2027
67018186,67_67399_5136980,7651-77,1S,9,A,10,10,2027
67018186,67_67399_5136980,3038-51,1S,9,B,5,5,2027
67018186,67_67399_5136980,3123-22,1S,9,A,5,5,2027
67018186,67_67399_5136980,C917304-08,1S,9,C,5,5,2027
67018186,67_67399_5136980,1392731,1S,9,A,5,5,2027
67018186,67_67399_5136980,298405,1S,9,A,10,10,2027
67018186,67_67399_5136980,C8421003-43,1S,9,A,15,15,2027
67018186,67_67399_5136980,C910204-01,2S,9,A,5,5,2027
67018186,67_67399_5136980,1710-20,2S,9,A,5,5,2027
67018186,67_67399_5136980,C923202-01,2S,9,B,5,5,2027
67018186,67_67399_5136980,C902001-02,2S,9,A,10,10,2027
67018187,67_67399_5136980,3123-17,1S,9,A,5,5,2027
67018187,67_67399_5136980,1553013,1S,9,B,5,5,2027
67018187,67_67399_5136980,1577940,1S,9,B,5,5,2027
67018187,67_67399_5136980,7641-58,1S,9,A,10,10,2027
67018187,67_67399_5136980,C925401-07,1S,9,C,5,5,2027
67018187,67_67399_5136980,0061-51,1S,9,B,5,5,2027
67018187,67_67399_5136980,657804,1S,9,C,10,10,2027
67018187,67_67399_5136980,7791-24,1S,9,C,5,5,2027
67018187,67_67399_5136980,1748661,1S,9,B,5,5,2027
67018187,67_67399_5136980,1392731,1S,9,C,5,5,2027
67018187,67_67399_5136980,C910415-55,1S,9,A,5,5,2027
67018187,67_67399_5136980,1284-02,2S,9,C,5,5,2027
67018187,67_67399_5136980,9226-15,2S,9,A,5,5,2027
67018187,67_67399_5136980,0218-04,2S,9,A,10,10,2027
67018187,67_67399_5136980,C9104007-07,2S,9,C,5,5,2027
67018188,67_67399_5136980,7702-56,1S,9,C,5,5,2027
67018188,67_67399_5136980,107443,1S,9,C,5,5,2027
67018188,67_67399_5136980,2076-53,1S,9,A,5,5,2027
67018188,67_67399_5136980,111521,1S,9,C,5,5,2027
67018188,67_67399_5136980,1409532,1S,9,A,10,10,2027
67018188,67_67399_5136980,1579431,1S,9,A,5,5,2027
67018188,67_67399_5136980,C934002-07,1S,9,A,5,5,2027
67018188,67_67399_5136980,5991-14,1S,9,A,5,5,2027
67018188,67_67399_5136980,0218-05,1S,9,A,10,10,2027
67018188,67_67399_5136980,C910416-50,1S,9,A,5,5,2027
67018188,67_67399_5136980,May-53,1S,9,B,5,5,2027
67018188,67_67399_5136980,C910203-12,2S,9,C,5,5,2027
67018188,67_67399_5136980,27454,2S,9,A,5,5,2027
67018188,67_67399_5136980,005693-234,2S,9,B,5,5,2027
67018189,67_67399_5136980,2348542,1S,9,A,10,10,2027
67018189,67_67399_5136980,1422043,1S,9,A,5,5,2027
67018189,67_67399_5136980,1494513,1S,9,A,5,5,2027
67018189,67_67399_5136980,C934002-01,1S,9,A,5,5,2027
67018189,67_67399_5136980,1577909,1S,9,A,5,5,2027
67018189,67_67399_5136980,5819-20,1S,9,A,10,10,2027
67018189,67_67399_5136980,2890865,1S,9,B,5,5,2027
67018189,67_67399_5136980,2076-65,1S,9,B,5,5,2027
67018189,67_67399_5136980,3896-51,1S,9,C,5,5,2027
67018189,67_67399_5136980,8352-50,1S,9,B,10,10,2027
67018189,67_67399_5136980,1422073,1S,9,C,5,5,2027
67018189,67_67399_5136980,C9104006-03,2S,9,A,5,5,2027
67018189,67_67399_5136980,9104015-21,2S,9,B,5,5,2027
67018189,67_67399_5136980,1710-07,2S,9,A,5,5,2027
67018189,67_67399_5136980,C910203-12,2S,9,C,5,5,2027
67018190,67_67399_5136980,104978,1S,9,A,10,10,2027
67018190,67_67399_5136980,1385641,1S,9,C,5,5,2027
67018190,67_67399_5136980,1883-07,1S,9,C,5,5,2027
67018190,67_67399_5136980,5992-20,1S,9,A,5,5,2027
67018190,67_67399_5136980,C934001-03,1S,9,A,5,5,2027
67018190,67_67399_5136980,6215-62,1S,9,B,5,5,2027
67018190,67_67399_5136980,7651-77,1S,9,B,10,10,2027
67018190,67_67399_5136980,2890896,1S,9,B,5,5,2027
67018190,67_67399_5136980,0062-53,1S,9,A,5,5,2027
67018190,67_67399_5136980,0915-55,1S,9,C,10,10,2027
67018190,67_67399_5136980,2099476,1S,9,B,5,5,2027
67018190,67_67399_5136980,1458416,2S,9,C,5,5,2027
67018190,67_67399_5136980,9226-13,2S,9,A,5,5,2027
67018190,67_67399_5136980,1593920,2S,9,B,5,5,2027
67018191,67_67399_5136980,64345,1S,9,C,5,5,2027
67018191,67_67399_5136980,1414921,1S,9,B,10,10,2027
67018191,67_67399_5136980,C910418-13,1S,9,C,5,5,2027
67018191,67_67399_5136980,C922806-01,1S,9,A,5,5,2027
67018191,67_67399_5136980,5992-13,1S,9,A,5,5,2027
67018191,67_67399_5136980,C934002-09,1S,9,C,5,5,2027
67018191,67_67399_5136980,1579310,1S,9,C,5,5,2027
67018191,67_67399_5136980,5819-20,1S,9,F,10,0,2027
67018191,67_67399_5136980,100079,1S,9,A,5,5,2027
67018191,67_67399_5136980,657863,1S,9,A,10,10,2027
67018191,67_67399_5136980,2482587,1S,9,F,5,0,2027
67018191,67_67399_5136980,240728,2S,9,A,5,5,2027
67018191,67_67399_5136980,0215-07,2S,9,A,10,10,2027
67018191,67_67399_5136980,9226-15,2S,9,A,5,5,2027
67018192,67_67399_5136980,18384,1S,9,F,5,0,2027
67018192,67_67399_5136980,5693-13,1S,9,C,5,5,2027
67018192,67_67399_5136980,C910416-56,1S,9,B,5,5,2027
67018192,67_67399_5136980,7791-21,1S,9,B,5,5,2027
67018192,67_67399_5136980,1765584,1S,9,B,5,5,2027
67018192,67_67399_5136980,3037-53,1S,9,A,5,5,2027
67018192,67_67399_5136980,7641-55,1S,9,A,10,10,2027
67018192,67_67399_5136980,C924501-01,1S,9,B,5,5,2027
67018192,67_67399_5136980,2076-62,1S,9,B,5,5,2027
67018192,67_67399_5136980,2555970,1S,9,A,5,5,2027
67018192,67_67399_5136980,1284-06,1S,9,A,5,5,2027
67018192,67_67399_5136980,C9104008-01,2S,9,B,5,5,2027
67018192,67_67399_5136980,5991-14,2S,9,A,5,5,2027
67018192,67_67399_5136980,1256-03,2S,9,A,5,5,2027
67018193,67_67399_5136980,101660,1S,9,A,10,10,2027
67018193,67_67399_5136980,5693-22,1S,9,B,5,5,2027
67018193,67_67399_5136980,240756,1S,9,A,5,5,2027
67018193,67_67399_5136980,2151677,1S,9,A,5,5,2027
67018193,67_67399_5136980,C934002-08,1S,9,B,5,5,2027
67018193,67_67399_5136980,5432-53,1S,9,B,5,5,2027
67018193,67_67399_5136980,5819-24,1S,9,C,10,10,2027
67018193,67_67399_5136980,2890651,1S,9,B,5,5,2027
67018193,67_67399_5136980,64406,1S,9,B,5,5,2027
67018193,67_67399_5136980,7708-57,1S,9,C,5,5,2027
67018193,67_67399_5136980,0915-60,1S,9,B,10,10,2027
67018193,67_67399_5136980,C922003-02,2S,9,A,5,5,2027
67018193,67_67399_5136980,C917305-13,2S,9,B,5,5,2027
67018193,67_67399_5136980,2356546,2S,9,B,10,10,2027
67018194,67_67399_5136980,C922001-51,1S,9,B,5,5,2027
67018194,67_67399_5136980,2151980,1S,9,B,5,5,2027
67018194,67_67399_5136980,C902001-01,1S,9,C,10,10,2027
67018194,67_67399_5136980,994312,1S,9,C,5,5,2027
67018194,67_67399_5136980,3064-53,1S,9,C,5,5,2027
67018194,67_67399_5136980,7651-71,1S,9,C,10,10,2027
67018194,67_67399_5136980,111156,1S,9,B,5,5,2027
67018194,67_67399_5136980,2075-56,1S,9,F,5,0,2027
67018194,67_67399_5136980,1520538,1S,9,F,10,0,2027
67018194,67_67399_5136980,C910202-20,1S,9,B,5,5,2027
67018194,67_67399_5136980,C8421003-22,1S,9,C,15,15,2027
67018194,67_67399_5136980,C910204-02,2S,9,B,5,5,2027
67018194,67_67399_5136980,5991-14,2S,9,C,5,5,2027
67018194,67_67399_5136980,C910417-07,2S,9,B,5,5,2027
67018195,67_67399_5136980,1577880,1S,9,A,5,5,2027
67018195,67_67399_5136980,7651-52,1S,9,A,10,10,2027
67018195,67_67399_5136980,100809,1S,9,C,5,5,2027
67018195,67_67399_5136980,2075-53,1S,9,B,5,5,2027
67018195,67_67399_5136980,729635,1S,9,C,5,5,2027
67018195,67_67399_5136980,1254-14,1S,9,B,5,5,2027
67018195,67_67399_5136980,449250,1S,9,B,5,5,2027
67018195,67_67399_5136980,C917305-22,1S,9,B,5,5,2027
67018195,67_67399_5136980,1422073,1S,9,A,5,5,2027
67018195,67_67399_5136980,005693--33,1S,9,B,5,5,2027
67018195,67_67399_5136980,C700002-54,1S,9,C,5,5,2027
67018195,67_67399_5136980,C910701-01,2S,9,B,5,5,2027
67018195,67_67399_5136980,2676012,2S,9,C,5,5,2027
67018195,67_67399_5136980,0215-07,2S,9,B,10,10,2027
67018196,67_67399_5136980,1494756,1S,9,A,5,5,2027
67018196,67_67399_5136980,2101667,1S,9,A,5,5,2027
67018196,67_67399_5136980,657894,1S,9,B,10,10,2027
67018196,67_67399_5136980,2076-54,1S,9,B,5,5,2027
67018196,67_67399_5136980,9815-18,1S,9,B,5,5,2027
67018196,67_67399_5136980,1409654,1S,9,B,10,10,2027
67018196,67_67399_5136980,1576054,1S,9,A,5,5,2027
67018196,67_67399_5136980,C934001-04,1S,9,A,5,5,2027
67018196,67_67399_5136980,9104016-52,1S,9,A,5,5,2027
67018196,67_67399_5136980,C910417-07,1S,9,B,5,5,2027
67018196,67_67399_5136980,1093174,1S,9,A,10,10,2027
67018196,67_67399_5136980,C910201-15,2S,9,A,5,5,2027
67018196,67_67399_5136980,1494360,2S,9,A,5,5,2027
67018196,67_67399_5136980,298495,2S,9,A,10,10,2027
67018196,67_67399_5136980,1385611,2S,9,B,5,5,2027
67018197,67_67399_5136980,101752,1S,9,B,10,10,2027
67018197,67_67399_5136980,2293725,1S,9,B,5,5,2027
67018197,67_67399_5136980,1850-08,1S,9,B,5,5,2027
67018197,67_67399_5136980,7791-20,1S,9,A,5,5,2027
67018197,67_67399_5136980,446783,1S,9,B,5,5,2027
67018197,67_67399_5136980,3068-52,1S,9,B,5,5,2027
67018197,67_67399_5136980,3533-19,1S,9,C,5,5,2027
67018197,67_67399_5136980,2075-65,1S,9,C,5,5,2027
67018197,67_67399_5136980,3899-53,1S,9,A,5,5,2027
67018197,67_67399_5136980,1276-54,1S,9,B,5,5,2027
67018197,67_67399_5136980,5819-34,1S,9,C,10,10,2027
67018197,67_67399_5136980,240756,2S,9,A,5,5,2027
67018197,67_67399_5136980,1790-17,2S,9,A,5,5,2027
67018197,67_67399_5136980,980679,2S,9,A,5,5,2027
67018198,67_67399_5136980,0918-01,1S,9,B,10,10,2027
67018198,67_67399_5136980,0061-50,1S,9,B,5,5,2027
67018198,67_67399_5136980,7708-59,1S,9,B,5,5,2027
67018198,67_67399_5136980,596686,1S,9,B,5,5,2027
67018198,67_67399_5136980,101783,1S,9,B,10,10,2027
67018198,67_67399_5136980,C922711-02,1S,9,A,10,10,2027
67018198,67_67399_5136980,1458567,1S,9,A,5,5,2027
67018198,67_67399_5136980,1790-09,1S,9,A,5,5,2027
67018198,67_67399_5136980,3121-19,1S,9,B,5,5,2027
67018198,67_67399_5136980,1579370,1S,9,A,5,5,2027
67018198,67_67399_5136980,2097741,1S,9,A,10,10,2027
67018198,67_67399_5136980,2356577,2S,9,A,10,10,2027
67018198,67_67399_5136980,2675981,2S,9,C,5,5,2027
67018198,67_67399_5136980,C922001-50,2S,9,B,5,5,2027
67018199,67_67399_5136980,1748752,1S,9,B,5,5,2027
67018199,67_67399_5136980,207460,1S,9,A,5,5,2027
67018199,67_67399_5136980,2075-62,1S,9,B,5,5,2027
67018199,67_67399_5136980,2890743,1S,9,B,5,5,2027
67018199,67_67399_5136980,217473,1S,9,B,10,10,2027
67018199,67_67399_5136980,3068-53,1S,9,A,5,5,2027
67018199,67_67399_5136980,446874,1S,9,A,5,5,2027
67018199,67_67399_5136980,5991-17,1S,9,B,5,5,2027
67018199,67_67399_5136980,C9104009-02,1S,9,A,5,5,2027
67018199,67_67399_5136980,005693-236,1S,9,C,5,5,2027
67018199,67_67399_5136980,102270,1S,9,B,10,10,2027
67018199,67_67399_5136980,C910602-50,2S,9,A,5,5,2027
67018199,67_67399_5136980,C917305-25,2S,9,C,5,5,2027
67018199,67_67399_5136980,C920002-02,2S,9,A,10,10,2027
67018199,67_67399_5136980,005693-537,2S,9,A,5,5,2027
67018200,67_67399_5136980,C700001-51,1S,9,B,5,5,2027
67018200,67_67399_5136980,1747016,1S,9,B,5,5,2027
67018200,67_67399_5136980,2556001,1S,9,C,5,5,2027
67018200,67_67399_5136980,2076-51,1S,9,A,5,5,2027
67018200,67_67399_5136980,111521,1S,9,C,5,5,2027
67018200,67_67399_5136980,1409685,1S,9,A,10,10,2027
67018200,67_67399_5136980,5432-56,1S,9,C,5,5,2027
67018200,67_67399_5136980,993886,1S,9,C,5,5,2027
67018200,67_67399_5136980,C917304-13,1S,9,A,5,5,2027
67018200,67_67399_5136980,C9104006-06,1S,9,A,5,5,2027
67018200,67_67399_5136980,0218-06,1S,9,A,10,10,2027
67018200,67_67399_5136980,7708-63,2S,9,B,5,5,2027
67018200,67_67399_5136980,2675950,2S,9,B,5,5,2027
67018200,67_67399_5136980,C922203-51,2S,9,B,5,5,2027
67018201,67_67399_5136980,9815-30,1S,9,A,5,5,2027
67018201,67_67399_5136980,1409685,1S,9,B,10,10,2027
67018201,67_67399_5136980,64345,1S,9,C,5,5,2027
67018201,67_67399_5136980,1022375,1S,9,A,10,10,2027
67018201,67_67399_5136980,1593586,1S,9,A,5,5,2027
67018201,67_67399_5136980,5432-52,1S,9,B,5,5,2027
67018201,67_67399_5136980,645386,1S,9,A,5,5,2027
67018201,67_67399_5136980,2675800,1S,9,A,5,5,2027
67018201,67_67399_5136980,C9104007-05,1S,9,B,5,5,2027
67018201,67_67399_5136980,1850-05,1S,9,B,5,5,2027
67018201,67_67399_5136980,2348542,1S,9,B,10,10,2027
67018201,67_67399_5136980,1256-20,2S,9,B,5,5,2027
67018201,67_67399_5136980,7791-23,2S,9,A,5,5,2027
67018201,67_67399_5136980,1385427,2S,9,A,5,5,2027
67018202,67_67399_5136980,105070,1S,9,A,10,10,2027
67018202,67_67399_5136980,0005910-33,1S,9,C,10,10,2027
67018202,67_67399_5136980,005693-134,1S,9,A,5,5,2027
67018202,67_67399_5136980,1494482,1S,9,C,5,5,2027
67018202,67_67399_5136980,C934001-01,1S,9,B,5,5,2027
67018202,67_67399_5136980,5432-60,1S,9,A,5,5,2027
67018202,67_67399_5136980,C931602-01,1S,9,A,10,10,2027
67018202,67_67399_5136980,2045360,1S,9,C,5,5,2027
67018202,67_67399_5136980,C910701-01,1S,9,B,5,5,2027
67018202,67_67399_5136980,2076-55,1S,9,B,5,5,2027
67018202,67_67399_5136980,C925401-08,1S,9,B,5,5,2027
67018202,67_67399_5136980,C922203-50,2S,9,A,5,5,2027
67018202,67_67399_5136980,1883-02,2S,9,B,5,5,2027
67018202,67_67399_5136980,5991-15,2S,9,B,5,5,2027
67018202,67_67399_5136980,1254-12,2S,9,A,5,5,2027
67018203,67_67399_5136980,1883-02,1S,9,A,5,5,2027
67018203,67_67399_5136980,2075-58,1S,9,C,5,5,2027
67018203,67_67399_5136980,C910417-07,1S,9,A,5,5,2027
67018203,67_67399_5136980,C917304-08,1S,9,A,5,5,2027
67018203,67_67399_5136980,3121-14,1S,9,A,5,5,2027
67018203,67_67399_5136980,3068-53,1S,9,A,5,5,2027
67018203,67_67399_5136980,7651-73,1S,9,C,10,10,2027
67018203,67_67399_5136980,1520750,1S,9,A,10,10,2027
67018203,67_67399_5136980,6683-15,1S,9,A,5,5,2027
67018203,67_67399_5136980,101660,1S,9,B,10,10,2027
67018203,67_67399_5136980,100079,1S,9,A,5,5,2027
67018203,67_67399_5136980,C910417-03,2S,9,B,5,5,2027
67018203,67_67399_5136980,5992-17,2S,9,A,5,5,2027
67018203,67_67399_5136980,7702-51,2S,9,B,5,5,2027
67018203,67_67399_5136980,C9104009-05,2S,9,A,5,5,2027
67018204,67_67399_5136980,C8421003-43,1S,9,B,15,15,2027
67018204,67_67399_5136980,5980-59,1S,9,A,10,10,2027
67018204,67_67399_5136980,C920003-01,1S,9,A,10,10,2027
67018204,67_67399_5136980,1790-03,1S,9,A,5,5,2027
67018204,67_67399_5136980,3121-41,1S,9,A,5,5,2027
67018204,67_67399_5136980,C932202-02,1S,9,C,5,5,2027
67018204,67_67399_5136980,216592,1S,9,B,10,10,2027
67018204,67_67399_5136980,C925402-09,1S,9,B,5,5,2027
67018204,67_67399_5136980,2076-55,1S,9,B,5,5,2027
67018204,67_67399_5136980,2045360,1S,9,B,5,5,2027
67018204,67_67399_5136980,2482556,1S,9,B,5,5,2027
67018204,67_67399_5136980,C922203-50,2S,9,B,5,5,2027
67018204,67_67399_5136980,C910429-01,2S,9,B,5,5,2027
67018204,67_67399_5136980,1790-18,2S,9,C,5,5,2027
67018204,67_67399_5136980,6683-16,2S,9,B,5,5,2027
67018205,67_67399_5136980,C917305-09,1S,9,A,5,5,2027
67018205,67_67399_5136980,3896-51,1S,9,F,5,0,2027
67018205,67_67399_5136980,0062-50,1S,9,B,5,5,2027
67018205,67_67399_5136980,2890621,1S,9,B,5,5,2027
67018205,67_67399_5136980,1409563,1S,9,B,10,10,2027
67018205,67_67399_5136980,5432-60,1S,9,C,5,5,2027
67018205,67_67399_5136980,723913,1S,9,C,5,5,2027
67018205,67_67399_5136980,C9104006-05,1S,9,C,5,5,2027
67018205,67_67399_5136980,C9104009-03,1S,9,C,5,5,2027
67018205,67_67399_5136980,884405,1S,9,A,10,10,2027
67018205,67_67399_5136980,1748418,1S,9,A,5,5,2027
67018205,67_67399_5136980,C910415-55,2S,9,A,5,5,2027
67018205,67_67399_5136980,C910502-52,2S,9,B,5,5,2027
67018205,67_67399_5136980,1494787,2S,9,B,5,5,2027
67018206,67_67399_5136980,7651-53,1S,9,C,10,10,2027
67018206,67_67399_5136980,C932202-01,1S,9,A,5,5,2027
67018206,67_67399_5136980,C932301-50,1S,9,B,5,5,2027
67018206,67_67399_5136980,C917202-50,1S,9,B,5,5,2027
67018206,67_67399_5136980,1446879,1S,9,C,10,10,2027
67018206,67_67399_5136980,C910502-02,1S,9,B,5,5,2027
67018206,67_67399_5136980,C853001-01,1S,9,A,5,5,2027
67018206,67_67399_5136980,C924501-50,1S,9,B,5,5,2027
67018206,67_67399_5136980,64406,1S,9,B,5,5,2027
67018206,67_67399_5136980,1056649,1S,9,A,5,5,2027
67018206,67_67399_5136980,C910201-02,1S,9,B,5,5,2027
67018206,67_67399_5136980,C917401-03,2S,9,A,5,5,2027
67018206,67_67399_5136980,C923202-01,2S,9,B,5,5,2027
67018206,67_67399_5136980,C9104007-07,2S,9,A,5,5,2027
67018206,67_67399_5136980,7702-55,2S,9,B,5,5,2027
67018207,67_67399_5136980,C910204-07,1S,9,B,5,5,2027
67018207,67_67399_5136980,657985,1S,9,A,10,10,2027
67018207,67_67399_5136980,64071,1S,9,B,5,5,2027
67018207,67_67399_5136980,9815-36,1S,9,B,5,5,2027
67018207,67_67399_5136980,7651-51,1S,9,A,10,10,2027
67018207,67_67399_5136980,3064-52,1S,9,A,5,5,2027
67018207,67_67399_5136980,3121-20,1S,9,B,5,5,2027
67018207,67_67399_5136980,1790-12,1S,9,B,5,5,2027
67018207,67_67399_5136980,C9104007-10,1S,9,A,5,5,2027
67018207,67_67399_5136980,C906202-01,1S,9,B,5,5,2027
67018207,67_67399_5136980,104947,1S,9,A,10,10,2027
67018207,67_67399_5136980,1254-19,2S,9,B,5,5,2027
67018207,67_67399_5136980,2676012,2S,9,A,5,5,2027
67018207,67_67399_5136980,C910416-53,2S,9,C,5,5,2027
67018207,67_67399_5136980,1385611,2S,9,C,5,5,2027
67018208,67_67399_5136980,2101608,1S,9,D,5,5,2027
67018208,67_67399_5136980,1464624,1S,9,B,10,10,2027
67018208,67_67399_5136980,2348542,1S,9,B,10,10,2027
67018208,67_67399_5136980,C922203-50,1S,9,B,5,5,2027
67018208,67_67399_5136980,23802,1S,9,D,5,5,2027
67018208,67_67399_5136980,2281397,1S,9,A,10,10,2027
67018208,67_67399_5136980,2075-62,1S,9,C,5,5,2027
67018208,67_67399_5136980,2057-13,1S,9,A,5,5,2027
67018208,67_67399_5136980,1431477,1S,9,A,10,10,2027
67018208,67_67399_5136980,C932202-03,1S,9,A,5,5,2027
67018208,67_67399_5136980,C934002-01,1S,9,A,5,5,2027
67018208,67_67399_5136980,C9104009-5,2S,9,C,5,5,2027
67018208,67_67399_5136980,7702-52,2S,9,C,5,5,2027
67018209,67_67399_5136980,729816,1S,9,A,5,5,2027
67018209,67_67399_5136980,644746,1S,9,B,10,10,2027
67018209,67_67399_5136980,C910418-03,1S,9,A,5,5,2027
67018209,67_67399_5136980,C910417-03,1S,9,C,5,5,2027
67018209,67_67399_5136980,1494360,1S,9,C,5,5,2027
67018209,67_67399_5136980,C934001-06,1S,9,A,5,5,2027
67018209,67_67399_5136980,5432-57,1S,9,C,5,5,2027
67018209,67_67399_5136980,7651-66,1S,9,C,10,10,2027
67018209,67_67399_5136980,2057-15,1S,9,A,5,5,2027
67018209,67_67399_5136980,2076-57,1S,9,B,5,5,2027
67018209,67_67399_5136980,1254-10,1S,9,C,5,5,2027
67018209,67_67399_5136980,C9104009-5,2S,9,B,5,5,2027
67018209,67_67399_5136980,1710-08,2S,9,C,5,5,2027
67018209,67_67399_5136980,980344,2S,9,C,5,5,2027
67018210,67_67399_5136980,205389,1S,9,A,5,5,2027
67018210,67_67399_5136980,C910203-17,1S,9,B,5,5,2027
67018210,67_67399_5136980,2076-58,1S,9,A,5,5,2027
67018210,67_67399_5136980,C925401-03,1S,9,A,5,5,2027
67018210,67_67399_5136980,2098411,1S,9,B,10,10,2027
67018210,67_67399_5136980,1290159,1S,9,A,5,5,2027
67018210,67_67399_5136980,3121-20,1S,9,B,5,5,2027
67018210,67_67399_5136980,C917202-50,1S,9,C,5,5,2027
67018210,67_67399_5136980,005693-337,1S,9,D,5,5,2027
67018210,67_67399_5136980,1883-10,1S,9,D,5,5,2027
67018210,67_67399_5136980,C820001-01,1S,9,A,5,5,2027
67018210,67_67399_5136980,4578-52,2S,9,A,5,5,2027
67018210,67_67399_5136980,5992-20,2S,9,B,5,5,2027
67018210,67_67399_5136980,1226-51,2S,9,C,5,5,2027
67018211,67_67399_5136980,90948,1S,9,A,5,5,2027
67018211,67_67399_5136980,C910415-56,1S,9,B,5,5,2027
67018211,67_67399_5136980,1691499,1S,9,A,5,5,2027
67018211,67_67399_5136980,C923204-02,1S,9,C,5,5,2027
67018211,67_67399_5136980,3123-18,1S,9,B,5,5,2027
67018211,67_67399_5136980,1577940,1S,9,A,5,5,2027
67018211,67_67399_5136980,1409532,1S,9,C,10,10,2027
67018211,67_67399_5136980,596563,1S,9,C,5,5,2027
67018211,67_67399_5136980,0062-52,1S,9,B,5,5,2027
67018211,67_67399_5136980,1520780,1S,9,A,10,10,2027
67018211,67_67399_5136980,7702-57,1S,9,B,5,5,2027
67018211,67_67399_5136980,C922002-53,2S,9,A,5,5,2027
67018211,67_67399_5136980,1385458,2S,9,B,5,5,2027
67018211,67_67399_5136980,1790-03,2S,9,B,5,5,2027
67018211,67_67399_5136980,1256-02,2S,9,B,5,5,2027
67018212,67_67399_5136980,C910202-01,1S,9,C,5,5,2027
67018212,67_67399_5136980,2076-68,1S,9,C,5,5,2027
67018212,67_67399_5136980,C924501-01,1S,9,A,5,5,2027
67018212,67_67399_5136980,5819-14,1S,9,A,10,10,2027
67018212,67_67399_5136980,3064-53,1S,9,A,5,5,2027
67018212,67_67399_5136980,447027,1S,9,B,5,5,2027
67018212,67_67399_5136980,1494421,1S,9,C,5,5,2027
67018212,67_67399_5136980,9000-51,1S,9,A,5,5,2027
67018212,67_67399_5136980,C923204-01,1S,9,A,5,5,2027
67018212,67_67399_5136980,2380288,1S,9,A,10,10,2027
67018212,67_67399_5136980,C922402-01,1S,9,A,5,5,2027
67018212,67_67399_5136980,1254-04,2S,9,B,5,5,2027
67018212,67_67399_5136980,C917305-23,2S,9,A,5,5,2027
67018212,67_67399_5136980,1464714,2S,9,B,10,10,2027
67018213,67_67399_5136980,C8421003-32,1S,9,B,15,15,2027
67018213,67_67399_5136980,C922705-02,1S,9,A,10,10,2027
67018213,67_67399_5136980,1422012,1S,9,B,5,5,2027
67018213,67_67399_5136980,1710-11,1S,9,A,5,5,2027
67018213,67_67399_5136980,C934001-04,1S,9,A,5,5,2027
67018213,67_67399_5136980,C932202-52,1S,9,B,5,5,2027
67018213,67_67399_5136980,1431538,1S,9,A,10,10,2027
67018213,67_67399_5136980,97947,1S,9,A,5,5,2027
67018213,67_67399_5136980,64345,1S,9,A,5,5,2027
67018213,67_67399_5136980,C922403-02,1S,9,B,5,5,2027
67018213,67_67399_5136980,1256-10,1S,9,A,5,5,2027
67018213,67_67399_5136980,5793-31,2S,9,C,5,5,2027
67018213,67_67399_5136980,9104016-22,2S,9,A,5,5,2027
67018213,67_67399_5136980,1710-21,2S,9,B,5,5,2027
67018213,67_67399_5136980,1593310,2S,9,B,5,5,2027
67018214,67_67399_5136980,1254-21,1S,9,A,5,5,2027
67018214,67_67399_5136980,2555636,1S,9,C,5,5,2027
67018214,67_67399_5136980,0061-52,1S,9,A,5,5,2027
67018214,67_67399_5136980,C925402-09,1S,9,C,5,5,2027
67018214,67_67399_5136980,2097680,1S,9,A,10,10,2027
67018214,67_67399_5136980,6215-60,1S,9,B,5,5,2027
67018214,67_67399_5136980,723972,1S,9,B,5,5,2027
67018214,67_67399_5136980,9226-19,1S,9,B,5,5,2027
67018214,67_67399_5136980,1850-06,1S,9,A,5,5,2027
67018214,67_67399_5136980,005693-436,1S,9,B,5,5,2027
67018214,67_67399_5136980,C700001-52,1S,9,A,5,5,2027
67018214,67_67399_5136980,C910203-15,2S,9,A,5,5,2027
67018214,67_67399_5136980,1494240,2S,9,A,5,5,2027
67018214,67_67399_5136980,0215-07,2S,9,C,10,10,2027
67018214,67_67399_5136980,C910416-52,2S,9,C,5,5,2027
67018215,67_67399_5136980,5432-59,1S,9,B,5,5,2027
67018215,67_67399_5136980,1224-50,1S,9,A,5,5,2027
67018215,67_67399_5136980,27395,1S,9,C,5,5,2027
67018215,67_67399_5136980,1421982,1S,9,B,5,5,2027
67018215,67_67399_5136980,725374,1S,9,B,5,5,2027
67018215,67_67399_5136980,7641-59,1S,9,A,10,10,2027
67018215,67_67399_5136980,2891016,1S,9,C,5,5,2027
67018215,67_67399_5136980,2076-32,1S,9,C,5,5,2027
67018215,67_67399_5136980,2046090,1S,9,C,5,5,2027
67018215,67_67399_5136980,104827,1S,9,C,10,10,2027
67018215,67_67399_5136980,1254-04,1S,9,B,5,5,2027
67018215,67_67399_5136980,5693-33,2S,9,A,5,5,2027
67018215,67_67399_5136980,C917304-16,2S,9,B,5,5,2027
67018215,67_67399_5136980,C910416-57,2S,9,B,5,5,2027
67018215,67_67399_5136980,7708-53,2S,9,A,5,5,2027
67018216,67_67399_5136980,1691471,1S,9,C,5,5,2027
67018216,67_67399_5136980,2075-57,1S,9,A,5,5,2027
67018216,67_67399_5136980,3896-50,1S,9,A,5,5,2027
67018216,67_67399_5136980,2482860,1S,9,A,5,5,2027
67018216,67_67399_5136980,596533,1S,9,A,5,5,2027
67018216,67_67399_5136980,7651-59,1S,9,A,10,10,2027
67018216,67_67399_5136980,1576082,1S,9,C,5,5,2027
67018216,67_67399_5136980,447027,1S,9,F,5,0,2027
67018216,67_67399_5136980,5992-14,1S,9,B,5,5,2027
67018216,67_67399_5136980,1392731,1S,9,C,5,5,2027
67018216,67_67399_5136980,C910201-13,2S,9,C,5,5,2027
67018216,67_67399_5136980,1710-41,2S,9,B,5,5,2027
67018216,67_67399_5136980,C922001-51,2S,9,C,5,5,2027
67018217,67_67399_5136980,644715,1S,9,B,10,10,2027
67018217,67_67399_5136980,5793-22,1S,9,A,5,5,2027
67018217,67_67399_5136980,C910203-08,1S,9,B,5,5,2027
67018217,67_67399_5136980,107415,1S,9,B,5,5,2027
67018217,67_67399_5136980,64010,1S,9,A,5,5,2027
67018217,67_67399_5136980,596563,1S,9,A,5,5,2027
67018217,67_67399_5136980,216651,1S,9,B,10,10,2027
67018217,67_67399_5136980,6215-65,1S,9,C,5,5,2027
67018217,67_67399_5136980,726104,1S,9,A,5,5,2027
67018217,67_67399_5136980,5991-20,1S,9,B,5,5,2027
67018217,67_67399_5136980,5793-32,1S,9,B,5,5,2027
67018217,67_67399_5136980,C910416-56,2S,9,A,5,5,2027
67018217,67_67399_5136980,2482829,2S,9,B,5,5,2027
67018217,67_67399_5136980,2151705,2S,9,B,5,5,2027
67018217,67_67399_5136980,C923204-03,2S,9,A,5,5,2027
67018218,67_67399_5136980,2380319,1S,9,A,10,10,2027
67018218,67_67399_5136980,005693-234,1S,9,B,5,5,2027
67018218,67_67399_5136980,C910418-04,1S,9,A,5,5,2027
67018218,67_67399_5136980,1790-01,1S,9,B,5,5,2027
67018218,67_67399_5136980,726835,1S,9,A,5,5,2027
67018218,67_67399_5136980,3068-54,1S,9,C,5,5,2027
67018218,67_67399_5136980,7651-58,1S,9,C,10,10,2027
67018218,67_67399_5136980,57405,1S,9,A,5,5,2027
67018218,67_67399_5136980,64437,1S,9,A,5,5,2027
67018218,67_67399_5136980,C900002-03,1S,9,A,5,5,2027
67018218,67_67399_5136980,1746743,1S,9,A,5,5,2027
67018218,67_67399_5136980,C910417-05,2S,9,B,5,5,2027
67018218,67_67399_5136980,1494360,2S,9,C,5,5,2027
67018218,67_67399_5136980,1286-07,2S,9,B,5,5,2027
67018219,67_67399_5136980,8362-50,1S,9,A,10,10,2027
67018219,67_67399_5136980,642495,1S,9,A,5,5,2027
67018219,67_67399_5136980,2076-50,1S,9,A,5,5,2027
67018219,67_67399_5136980,9814-20,1S,9,A,5,5,2027
67018219,67_67399_5136980,7651-63,1S,9,A,10,10,2027
67018219,67_67399_5136980,5432-50,1S,9,C,5,5,2027
67018219,67_67399_5136980,446114,1S,9,C,5,5,2027
67018219,67_67399_5136980,1198057,1S,9,C,5,5,2027
67018219,67_67399_5136980,1883-10,1S,9,B,5,5,2027
67018219,67_67399_5136980,005693-137,1S,9,A,5,5,2027
67018219,67_67399_5136980,C820002-01,1S,9,A,5,5,2027
67018219,67_67399_5136980,0215-08,2S,9,B,10,10,2027
67018219,67_67399_5136980,1256-07,2S,9,A,5,5,2027
67018219,67_67399_5136980,1494605,2S,9,A,5,5,2027
67018220,67_67399_5136980,C713403-02,1S,9,C,5,5,2027
67018220,67_67399_5136980,6683-21,1S,9,B,5,5,2027
67018220,67_67399_5136980,641793,1S,9,B,5,5,2027
67018220,67_67399_5136980,64345,1S,9,A,5,5,2027
67018220,67_67399_5136980,C925402-05,1S,9,B,5,5,2027
67018220,67_67399_5136980,7651-73,1S,9,C,10,10,2027
67018220,67_67399_5136980,3038-52,1S,9,C,5,5,2027
67018220,67_67399_5136980,1385611,1S,9,C,5,5,2027
67018220,67_67399_5136980,005693-435,1S,9,B,5,5,2027
67018220,67_67399_5136980,C917305-27,1S,9,A,5,5,2027
67018220,67_67399_5136980,645386,1S,9,A,5,5,2027
67018220,67_67399_5136980,6687-18,2S,9,A,5,5,2027
67018220,67_67399_5136980,0218-03,2S,9,A,10,10,2027
67018220,67_67399_5136980,1464714,2S,9,A,10,10,2027
67018220,67_67399_5136980,1790-18,2S,9,A,5,5,2027
67018221,67_67399_5136980,2348631,1S,9,C,10,10,2027
67018221,67_67399_5136980,9104016-12,1S,9,A,5,5,2027
67018221,67_67399_5136980,5693-21,1S,9,B,5,5,2027
67018221,67_67399_5136980,C917305-27,1S,9,D,5,5,2027
67018221,67_67399_5136980,1765584,1S,9,B,5,5,2027
67018221,67_67399_5136980,6215-51,1S,9,C,5,5,2027
67018221,67_67399_5136980,5819-33,1S,9,A,10,10,2027
67018221,67_67399_5136980,2890927,1S,9,C,5,5,2027
67018221,67_67399_5136980,2075-63,1S,9,B,5,5,2027
67018221,67_67399_5136980,0915-60,1S,9,A,10,10,2027
67018221,67_67399_5136980,6687-18,1S,9,B,5,5,2027
67018221,67_67399_5136980,C9104007-07,2S,9,C,5,5,2027
67018221,67_67399_5136980,1458475,2S,9,C,5,5,2027
67018221,67_67399_5136980,C910203-09,2S,9,B,5,5,2027
67018222,67_67399_5136980,7651-72,1S,9,D,10,10,2027
67018222,67_67399_5136980,57558,1S,9,B,5,5,2027
67018222,67_67399_5136980,2076-66,1S,9,F,5,0,2027
67018222,67_67399_5136980,3897-52,1S,9,B,5,5,2027
67018222,67_67399_5136980,C7171001-01,1S,9,D,5,5,2027
67018222,67_67399_5136980,C934001-09,1S,9,B,5,5,2027
67018222,67_67399_5136980,C923204-02,1S,9,A,5,5,2027
67018222,67_67399_5136980,C922007-02,1S,9,C,5,5,2027
67018222,67_67399_5136980,1883-10,1S,9,A,5,5,2027
67018222,67_67399_5136980,1414707,1S,9,C,10,10,2027
67018222,67_67399_5136980,C910701-01,1S,9,B,5,5,2027
67018222,67_67399_5136980,2137767,2S,9,A,5,5,2027
67018222,67_67399_5136980,1859,2S,9,A,5,5,2027
67018222,67_67399_5136980,C922007-01,2S,9,A,5,5,2027
67018223,67_67399_5136980,2356577,1S,9,C,10,10,2027
67018223,67_67399_5136980,2348601,1S,9,B,10,10,2027
67018223,67_67399_5136980,C923204-03,1S,9,B,5,5,2027
67018223,67_67399_5136980,C922204-51,1S,9,B,5,5,2027
67018223,67_67399_5136980,C917304-13,1S,9,B,5,5,2027
67018223,67_67399_5136980,3123-15,1S,9,C,5,5,2027
67018223,67_67399_5136980,5432-55,1S,9,A,5,5,2027
67018223,67_67399_5136980,C931601-02,1S,9,B,10,10,2027
67018223,67_67399_5136980,57589,1S,9,B,5,5,2027
67018223,67_67399_5136980,64071,1S,9,B,5,5,2027
67018223,67_67399_5136980,0915-03,1S,9,B,10,10,2027
67018223,67_67399_5136980,1850-06,2S,9,A,5,5,2027
67018223,67_67399_5136980,1280-56,2S,9,B,5,5,2027
67018223,67_67399_5136980,2151646,2S,9,C,5,5,2027
67018223,67_67399_5136980,1422012,2S,9,B,5,5,2027
67018224,67_67399_5136980,2075-66,1S,9,C,5,5,2027
67018224,67_67399_5136980,3533-13,1S,9,B,5,5,2027
67018224,67_67399_5136980,1431568,1S,9,B,10,10,2027
67018224,67_67399_5136980,5432-62,1S,9,A,5,5,2027
67018224,67_67399_5136980,447027,1S,9,B,5,5,2027
67018224,67_67399_5136980,C917304-24,1S,9,B,5,5,2027
67018224,67_67399_5136980,1422043,1S,9,B,5,5,2027
67018224,67_67399_5136980,C910416-57,1S,9,C,5,5,2027
67018224,67_67399_5136980,1520841,1S,9,B,10,10,2027
67018224,67_67399_5136980,C910202-02,1S,9,F,5,0,2027
67018224,67_67399_5136980,C751101-01,1S,9,C,5,5,2027
67018224,67_67399_5136980,C917305-21,2S,9,A,5,5,2027
67018224,67_67399_5136980,240756,2S,9,C,5,5,2027
67018225,67_67399_5136980,6215-51,1S,9,A,5,5,2027
67018225,67_67399_5136980,884254,1S,9,B,10,10,2027
67018225,67_67399_5136980,2293756,1S,9,B,5,5,2027
67018225,67_67399_5136980,1446848,1S,9,B,10,10,2027
67018225,67_67399_5136980,C917305-22,1S,9,C,5,5,2027
67018225,67_67399_5136980,446752,1S,9,B,5,5,2027
67018225,67_67399_5136980,100079,1S,9,C,5,5,2027
67018225,67_67399_5136980,2075-41,1S,9,C,5,5,2027
67018225,67_67399_5136980,2046121,1S,9,B,5,5,2027
67018225,67_67399_5136980,8362-50,1S,9,A,10,10,2027
67018225,67_67399_5136980,1431599,1S,9,A,10,10,2027
67018225,67_67399_5136980,005693-536,2S,9,B,5,5,2027
67018225,67_67399_5136980,005693-435,2S,9,A,5,5,2027
67018225,67_67399_5136980,5992-15,2S,9,C,5,5,2027
67018225,67_67399_5136980,C910203-15,2S,9,B,5,5,2027
67018226,67_67399_5136980,C910400803,1S,9,A,5,5,2027
67018226,67_67399_5136980,C9104007-07,1S,9,B,5,5,2027
67018226,67_67399_5136980,1710-09,1S,9,D,5,5,2027
67018226,67_67399_5136980,643195,1S,9,C,5,5,2027
67018226,67_67399_5136980,5432-57,1S,9,C,5,5,2027
67018226,67_67399_5136980,5819-14,1S,9,B,10,10,2027
67018226,67_67399_5136980,2057-16,1S,9,B,5,5,2027
67018226,67_67399_5136980,2076-63,1S,9,C,5,5,2027
67018226,67_67399_5136980,2275522,1S,9,B,10,10,2027
67018226,67_67399_5136980,C910201-07,1S,9,A,5,5,2027
67018226,67_67399_5136980,18384,1S,9,C,5,5,2027
67018226,67_67399_5136980,5693-52,2S,9,C,5,5,2027
67018226,67_67399_5136980,2293756,2S,9,A,5,5,2027
67018226,67_67399_5136980,1746926,2S,9,A,5,5,2027
67018227,67_67399_5136980,1882-02,1S,9,A,5,5,2027
67018227,67_67399_5136980,18749,1S,9,B,5,5,2027
67018227,67_67399_5136980,2360929,1S,9,B,10,10,2027
67018227,67_67399_5136980,774772,1S,9,A,5,5,2027
67018227,67_67399_5136980,64316,1S,9,A,5,5,2027
67018227,67_67399_5136980,7651-66,1S,9,C,10,10,2027
67018227,67_67399_5136980,1579310,1S,9,C,5,5,2027
67018227,67_67399_5136980,446966,1S,9,B,5,5,2027
67018227,67_67399_5136980,2675769,1S,9,A,5,5,2027
67018227,67_67399_5136980,1385427,1S,9,A,5,5,2027
67018227,67_67399_5136980,C910418-14,1S,9,C,5,5,2027
67018227,67_67399_5136980,C910204-13,2S,9,A,5,5,2027
67018227,67_67399_5136980,23802,2S,9,C,5,5,2027
67018227,67_67399_5136980,C910416-55,2S,9,A,5,5,2027
67018227,67_67399_5136980,C902001-01,2S,9,C,10,10,2027
67018228,67_67399_5136980,C853001-03,1S,9,B,5,5,2027
67018228,67_67399_5136980,1593341,1S,9,B,5,5,2027
67018228,67_67399_5136980,0915-51,1S,9,B,10,10,2027
67018228,67_67399_5136980,2076-63,1S,9,B,5,5,2027
67018228,67_67399_5136980,9815-19,1S,9,F,5,0,2027
67018228,67_67399_5136980,7651-77,1S,9,D,10,10,2027
67018228,67_67399_5136980,C932201-01,1S,9,A,5,5,2027
67018228,67_67399_5136980,3123-42,1S,9,B,5,5,2027
67018228,67_67399_5136980,C917303-02,1S,9,C,5,5,2027
67018228,67_67399_5136980,298436,1S,9,A,10,10,2027
67018228,67_67399_5136980,1464655,1S,9,B,10,10,2027
67018228,67_67399_5136980,2482707,2S,9,B,5,5,2027
67018228,67_67399_5136980,C917305-25,2S,9,B,5,5,2027
67018228,67_67399_5136980,C910417-06,2S,9,C,5,5,2027
67018229,67_67399_5136980,91313,1S,9,A,5,5,2027
67018229,67_67399_5136980,2272572,1S,9,A,5,5,2027
67018229,67_67399_5136980,2293999,1S,9,A,5,5,2027
67018229,67_67399_5136980,2252,1S,9,A,5,5,2027
67018229,67_67399_5136980,C934001-07,1S,9,B,5,5,2027
67018229,67_67399_5136980,1577880,1S,9,B,5,5,2027
67018229,67_67399_5136980,7651-55,1S,9,B,10,10,2027
67018229,67_67399_5136980,2075-64,1S,9,A,5,5,2027
67018229,67_67399_5136980,C900002-01,1S,9,A,5,5,2027
67018229,67_67399_5136980,1746651,1S,9,A,5,5,2027
67018229,67_67399_5136980,9815-33,1S,9,A,5,5,2027
67018229,67_67399_5136980,C923202-03,2S,9,A,5,5,2027
67018229,67_67399_5136980,1710-22,2S,9,A,5,5,2027
67018229,67_67399_5136980,1226-52,2S,9,B,5,5,2027
67018229,67_67399_5136980,2099447,2S,9,A,5,5,2027
67018230,67_67399_5136980,1458536,1S,9,C,5,5,2027
67018230,67_67399_5136980,C910204-12,1S,9,A,5,5,2027
67018230,67_67399_5136980,C922402-01,1S,9,C,5,5,2027
67018230,67_67399_5136980,2075-54,1S,9,B,5,5,2027
67018230,67_67399_5136980,C925401-05,1S,9,B,5,5,2027
67018230,67_67399_5136980,7651-58,1S,9,A,10,10,2027
67018230,67_67399_5136980,1576082,1S,9,C,5,5,2027
67018230,67_67399_5136980,446144,1S,9,A,5,5,2027
67018230,67_67399_5136980,C917304-18,1S,9,B,5,5,2027
67018230,67_67399_5136980,C922001-53,1S,9,B,5,5,2027
67018230,67_67399_5136980,1093264,1S,9,C,10,10,2027
67018230,67_67399_5136980,C910203-10,2S,9,A,5,5,2027
67018230,67_67399_5136980,1494240,2S,9,C,5,5,2027
67018230,67_67399_5136980,005693-135,2S,9,A,5,5,2027
67018231,67_67399_5136980,5992-19,1S,9,B,5,5,2027
67018231,67_67399_5136980,1254-03,1S,9,C,5,5,2027
67018231,67_67399_5136980,C717202-02,1S,9,B,5,5,2027
67018231,67_67399_5136980,C922001-51,1S,9,C,5,5,2027
67018231,67_67399_5136980,C9104007-13,1S,9,C,5,5,2027
67018231,67_67399_5136980,2281458,1S,9,A,10,10,2027
67018231,67_67399_5136980,2076-57,1S,9,C,5,5,2027
67018231,67_67399_5136980,2890865,1S,9,B,5,5,2027
67018231,67_67399_5136980,2097621,1S,9,C,10,10,2027
67018231,67_67399_5136980,1576023,1S,9,B,5,5,2027
67018231,67_67399_5136980,446267,1S,9,B,5,5,2027
67018231,67_67399_5136980,5991-13,2S,9,B,5,5,2027
67018231,67_67399_5136980,C910701-01,2S,9,A,5,5,2027
67018231,67_67399_5136980,005693-135,2S,9,C,5,5,2027
67018231,67_67399_5136980,C922005-02,2S,9,B,5,5,2027
67018232,67_67399_5136980,2075-31,1S,9,B,5,5,2027
67018232,67_67399_5136980,9814-17,1S,9,A,5,5,2027
67018232,67_67399_5136980,1431630,1S,9,C,10,10,2027
67018232,67_67399_5136980,C932202-50,1S,9,C,5,5,2027
67018232,67_67399_5136980,725464,1S,9,B,5,5,2027
67018232,67_67399_5136980,1710-17,1S,9,A,5,5,2027
67018232,67_67399_5136980,C920004-02,1S,9,A,10,10,2027
67018232,67_67399_5136980,1883-10,1S,9,B,5,5,2027
67018232,67_67399_5136980,C700001-51,1S,9,A,5,5,2027
67018232,67_67399_5136980,3899-56,1S,9,A,5,5,2027
67018232,67_67399_5136980,C910801-01,1S,9,B,5,5,2027
67018232,67_67399_5136980,1494240,2S,9,A,5,5,2027
67018232,67_67399_5136980,005693-536,2S,9,A,5,5,2027
67018232,67_67399_5136980,C910201-07,2S,9,C,5,5,2027
67018233,67_67399_5136980,1256-09,1S,9,B,5,5,2027
67018233,67_67399_5136980,886170,1S,9,A,5,5,2027
67018233,67_67399_5136980,2076-61,1S,9,A,5,5,2027
67018233,67_67399_5136980,C925402-09,1S,9,B,5,5,2027
67018233,67_67399_5136980,7641-54,1S,9,B,10,10,2027
67018233,67_67399_5136980,1579676,1S,9,B,5,5,2027
67018233,67_67399_5136980,645417,1S,9,B,5,5,2027
67018233,67_67399_5136980,5991-19,1S,9,B,5,5,2027
67018233,67_67399_5136980,C751001-03,1S,9,C,5,5,2027
67018233,67_67399_5136980,005693-534,1S,9,B,5,5,2027
67018233,67_67399_5136980,1226-51,1S,9,A,5,5,2027
67018233,67_67399_5136980,1206763,2S,9,A,10,10,2027
67018233,67_67399_5136980,1421951,2S,9,A,5,5,2027
67018233,67_67399_5136980,1887,2S,9,C,5,5,2027
67018233,67_67399_5136980,C910501-01,2S,9,C,5,5,2027
67018234,67_67399_5136980,2482890,1S,9,A,5,5,2027
67018234,67_67399_5136980,104886,1S,9,C,10,10,2027
67018234,67_67399_5136980,2294150,1S,9,B,5,5,2027
67018234,67_67399_5136980,2676103,1S,9,C,5,5,2027
67018234,67_67399_5136980,994251,1S,9,A,5,5,2027
67018234,67_67399_5136980,C932202-52,1S,9,B,5,5,2027
67018234,67_67399_5136980,1409685,1S,9,C,10,10,2027
67018234,67_67399_5136980,9814-18,1S,9,C,5,5,2027
67018234,67_67399_5136980,0061-54,1S,9,C,5,5,2027
67018234,67_67399_5136980,0915-05,1S,9,A,10,10,2027
67018234,67_67399_5136980,1446879,1S,9,A,10,10,2027
67018234,67_67399_5136980,1446728,2S,9,C,10,10,2027
67018234,67_67399_5136980,5793-22,2S,9,C,5,5,2027
67018234,67_67399_5136980,1768961,2S,9,C,5,5,2027
67018234,67_67399_5136980,1746926,2S,9,B,5,5,2027
67018235,67_67399_5136980,1883-02,1S,9,B,5,5,2027
67018235,67_67399_5136980,23802,1S,9,B,5,5,2027
67018235,67_67399_5136980,3123-15,1S,9,C,5,5,2027
67018235,67_67399_5136980,1577970,1S,9,C,5,5,2027
67018235,67_67399_5136980,217442,1S,9,B,10,10,2027
67018235,67_67399_5136980,9815-32,1S,9,B,5,5,2027
67018235,67_67399_5136980,64316,1S,9,B,5,5,2027
67018235,67_67399_5136980,05693-4311,1S,9,A,5,5,2027
67018235,67_67399_5136980,C853002-01,1S,9,B,5,5,2027
67018235,67_67399_5136980,7708-57,1S,9,B,5,5,2027
67018235,67_67399_5136980,3898-53,1S,9,C,5,5,2027
67018235,67_67399_5136980,2151646,2S,9,A,5,5,2027
67018235,67_67399_5136980,C922003-02,2S,9,A,5,5,2027
67018235,67_67399_5136980,1256-10,2S,9,C,5,5,2027
67018236,67_67399_5136980,C910417-07,1S,9,B,5,5,2027
67018236,67_67399_5136980,C910204-09,1S,9,A,5,5,2027
67018236,67_67399_5136980,2275463,1S,9,B,10,10,2027
67018236,67_67399_5136980,2076-42,1S,9,A,5,5,2027
67018236,67_67399_5136980,2890804,1S,9,A,5,5,2027
67018236,67_67399_5136980,1431418,1S,9,C,10,10,2027
67018236,67_67399_5136980,6215-57,1S,9,A,5,5,2027
67018236,67_67399_5136980,445994,1S,9,C,5,5,2027
67018236,67_67399_5136980,1710-12,1S,9,A,5,5,2027
67018236,67_67399_5136980,102301,1S,9,C,10,10,2027
67018236,67_67399_5136980,005693-434,1S,9,A,5,5,2027
67018236,67_67399_5136980,C910202-11,2S,9,B,5,5,2027
67018236,67_67399_5136980,1790-18,2S,9,B,5,5,2027
67018236,67_67399_5136980,5980-50,2S,9,C,10,10,2027
67018237,67_67399_5136980,102391,1S,9,C,10,10,2027
67018237,67_67399_5136980,1717007,1S,9,C,5,5,2027
67018237,67_67399_5136980,2076-53,1S,9,A,5,5,2027
67018237,67_67399_5136980,118371,1S,9,B,5,5,2027
67018237,67_67399_5136980,216592,1S,9,A,10,10,2027
67018237,67_67399_5136980,5432-57,1S,9,A,5,5,2027
67018237,67_67399_5136980,994251,1S,9,F,5,0,2027
67018237,67_67399_5136980,1494756,1S,9,C,5,5,2027
67018237,67_67399_5136980,005693-135,1S,9,A,5,5,2027
67018237,67_67399_5136980,C910418-07,1S,9,A,5,5,2027
67018237,67_67399_5136980,1746988,1S,9,D,5,5,2027
67018237,67_67399_5136980,1748722,2S,9,C,5,5,2027
67018237,67_67399_5136980,C917304-08,2S,9,B,5,5,2027
67018237,67_67399_5136980,C910400605,2S,9,B,5,5,2027
67018238,67_67399_5136980,C713403-02,1S,9,B,5,5,2027
67018238,67_67399_5136980,2293999,1S,9,C,5,5,2027
67018238,67_67399_5136980,5693-13,1S,9,B,5,5,2027
67018238,67_67399_5136980,1790-03,1S,9,A,5,5,2027
67018238,67_67399_5136980,Jan-88,1S,9,B,5,5,2027
67018238,67_67399_5136980,5432-55,1S,9,B,5,5,2027
67018238,67_67399_5136980,1431630,1S,9,A,10,10,2027
67018238,67_67399_5136980,C925401-04,1S,9,A,5,5,2027
67018238,67_67399_5136980,64040,1S,9,C,5,5,2027
67018238,67_67399_5136980,657955,1S,9,C,10,10,2027
67018238,67_67399_5136980,4578-51,1S,9,B,5,5,2027
67018238,67_67399_5136980,C910416-55,2S,9,A,5,5,2027
67018238,67_67399_5136980,2224,2S,9,B,5,5,2027
67018238,67_67399_5136980,C910204-02,2S,9,A,5,5,2027
67018239,67_67399_5136980,C8421003-53,1S,9,B,15,15,2027
67018239,67_67399_5136980,C910417-01,1S,9,A,5,5,2027
67018239,67_67399_5136980,C922002-52,1S,9,A,5,5,2027
67018239,67_67399_5136980,5991-19,1S,9,B,5,5,2027
67018239,67_67399_5136980,643195,1S,9,B,5,5,2027
67018239,67_67399_5136980,3064-52,1S,9,B,5,5,2027
67018239,67_67399_5136980,5819-26,1S,9,A,10,10,2027
67018239,67_67399_5136980,2890955,1S,9,B,5,5,2027
67018239,67_67399_5136980,2076-54,1S,9,A,5,5,2027
67018239,67_67399_5136980,205999,1S,9,B,5,5,2027
67018239,67_67399_5136980,C910204-18,1S,9,B,5,5,2027
67018239,67_67399_5136980,2139471,2S,9,B,5,5,2027
67018239,67_67399_5136980,C910400850,2S,9,A,5,5,2027
67018239,67_67399_5136980,C922805-01,2S,9,A,5,5,2027
67018239,67_67399_5136980,5992-14,2S,9,B,5,5,2027
67018240,67_67399_5136980,1882-02,1S,9,C,5,5,2027
67018240,67_67399_5136980,1254-06,1S,9,B,5,5,2027
67018240,67_67399_5136980,7500-51,1S,9,A,5,5,2027
67018240,67_67399_5136980,2076-63,1S,9,A,5,5,2027
67018240,67_67399_5136980,C713403-01,1S,9,C,5,5,2027
67018240,67_67399_5136980,1385549,1S,9,B,5,5,2027
67018240,67_67399_5136980,C906201-01,1S,9,C,5,5,2027
67018240,67_67399_5136980,C917305-12,1S,9,F,5,0,2027
67018240,67_67399_5136980,C934001-09,1S,9,B,5,5,2027
67018240,67_67399_5136980,6215-59,1S,9,B,5,5,2027
67018240,67_67399_5136980,7641-54,1S,9,D,10,10,2027
67018240,67_67399_5136980,2482556,2S,9,B,5,5,2027
67018240,67_67399_5136980,05693-4311,2S,9,A,5,5,2027
67018240,67_67399_5136980,C920003-01,2S,9,B,10,10,2027
67018241,67_67399_5136980,May-53,1S,9,A,5,5,2027
67018241,67_67399_5136980,6683-13,1S,9,B,5,5,2027
67018241,67_67399_5136980,C922712-02,1S,9,A,10,10,2027
67018241,67_67399_5136980,C922704-01,1S,9,A,10,10,2027
67018241,67_67399_5136980,1790-01,1S,9,A,5,5,2027
67018241,67_67399_5136980,C713101-01,1S,9,B,5,5,2027
67018241,67_67399_5136980,1577880,1S,9,A,5,5,2027
67018241,67_67399_5136980,C931602-01,1S,9,A,10,10,2027
67018241,67_67399_5136980,2057-18,1S,9,A,5,5,2027
67018241,67_67399_5136980,2076-55,1S,9,C,5,5,2027
67018241,67_67399_5136980,1520627,1S,9,A,10,10,2027
67018241,67_67399_5136980,5980-57,2S,9,B,10,10,2027
67018241,67_67399_5136980,2151677,2S,9,C,5,5,2027
67018241,67_67399_5136980,C910502-50,2S,9,B,5,5,2027
67018242,67_67399_5136980,645811,1S,9,D,10,10,2027
67018242,67_67399_5136980,1056649,1S,9,C,5,5,2027
67018242,67_67399_5136980,64285,1S,9,B,5,5,2027
67018242,67_67399_5136980,C925401-05,1S,9,A,5,5,2027
67018242,67_67399_5136980,7641-57,1S,9,A,10,10,2027
67018242,67_67399_5136980,298464,1S,9,A,10,10,2027
67018242,67_67399_5136980,1576082,1S,9,B,5,5,2027
67018242,67_67399_5136980,643195,1S,9,B,5,5,2027
67018242,67_67399_5136980,1710-18,1S,9,A,5,5,2027
67018242,67_67399_5136980,2294272,1S,9,A,5,5,2027
67018242,67_67399_5136980,C910204-06,1S,9,B,5,5,2027
67018242,67_67399_5136980,C910400701,2S,9,B,5,5,2027
67018242,67_67399_5136980,C910201-18,2S,9,B,5,5,2027
67018242,67_67399_5136980,1859,2S,9,B,5,5,2027
67018243,67_67399_5136980,596655,1S,9,A,5,5,2027
67018243,67_67399_5136980,64345,1S,9,A,5,5,2027
67018243,67_67399_5136980,1464624,1S,9,C,10,10,2027
67018243,67_67399_5136980,C917304-14,1S,9,C,5,5,2027
67018243,67_67399_5136980,C934002-07,1S,9,B,5,5,2027
67018243,67_67399_5136980,3064-50,1S,9,A,5,5,2027
67018243,67_67399_5136980,C931602-01,1S,9,A,10,10,2027
67018243,67_67399_5136980,C910204-20,1S,9,B,5,5,2027
67018243,67_67399_5136980,2294272,1S,9,A,5,5,2027
67018243,67_67399_5136980,4792-51,1S,9,B,5,5,2027
67018243,67_67399_5136980,C751002-02,1S,9,C,5,5,2027
67018243,67_67399_5136980,1392703,2S,9,C,5,5,2027
67018243,67_67399_5136980,1790-21,2S,9,A,5,5,2027
67018243,67_67399_5136980,7708-58,2S,9,C,5,5,2027
67018243,67_67399_5136980,C9104009-01,2S,9,A,5,5,2027
67018244,67_67399_5136980,101752,1S,9,B,10,10,2027
67018244,67_67399_5136980,1850-05,1S,9,B,5,5,2027
67018244,67_67399_5136980,C906202-04,1S,9,A,5,5,2027
67018244,67_67399_5136980,5991-15,1S,9,B,5,5,2027
67018244,67_67399_5136980,C934001-04,1S,9,B,5,5,2027
67018244,67_67399_5136980,C7171002-02,1S,9,B,5,5,2027
67018244,67_67399_5136980,5819-26,1S,9,A,10,10,2027
67018244,67_67399_5136980,97216,1S,9,A,5,5,2027
67018244,67_67399_5136980,657955,1S,9,C,10,10,2027
67018244,67_67399_5136980,1592825,1S,9,B,5,5,2027
67018244,67_67399_5136980,2075-62,1S,9,B,5,5,2027
67018244,67_67399_5136980,C910415-53,2S,9,A,5,5,2027
67018244,67_67399_5136980,1422073,2S,9,B,5,5,2027
67018244,67_67399_5136980,2151797,2S,9,B,5,5,2027
67018244,67_67399_5136980,1592825,2S,9,B,5,5,2027
67018245,67_67399_5136980,2356606,1S,9,C,10,10,2027
67018245,67_67399_5136980,2275583,1S,9,A,10,10,2027
67018245,67_67399_5136980,2075-53,1S,9,C,5,5,2027
67018245,67_67399_5136980,2891230,1S,9,B,5,5,2027
67018245,67_67399_5136980,7651-53,1S,9,A,10,10,2027
67018245,67_67399_5136980,6215-57,1S,9,A,5,5,2027
67018245,67_67399_5136980,723913,1S,9,C,5,5,2027
67018245,67_67399_5136980,5992-14,1S,9,A,5,5,2027
67018245,67_67399_5136980,C923203-03,1S,9,A,5,5,2027
67018245,67_67399_5136980,005693-135,1S,9,A,5,5,2027
67018245,67_67399_5136980,1414646,1S,9,B,10,10,2027
67018245,67_67399_5136980,C910201-13,2S,9,A,5,5,2027
67018245,67_67399_5136980,C917304-10,2S,9,B,5,5,2027
67018245,67_67399_5136980,C910416-59,2S,9,A,5,5,2027
67018245,67_67399_5136980,5693-032,2S,9,C,5,5,2027
67018246,67_67399_5136980,7702-53,1S,9,B,5,5,2027
67018246,67_67399_5136980,643285,1S,9,B,5,5,2027
67018246,67_67399_5136980,1494848,1S,9,A,5,5,2027
67018246,67_67399_5136980,C740001-02,1S,9,B,5,5,2027
67018246,67_67399_5136980,2593255,1S,9,B,5,5,2027
67018246,67_67399_5136980,0215-03,1S,9,B,10,10,2027
67018246,67_67399_5136980,6215-55,1S,9,C,5,5,2027
67018246,67_67399_5136980,7651-79,1S,9,B,10,10,2027
67018246,67_67399_5136980,2890621,1S,9,A,5,5,2027
67018246,67_67399_5136980,2075-63,1S,9,A,5,5,2027
67018246,67_67399_5136980,3897-52,1S,9,A,5,5,2027
67018246,67_67399_5136980,1850-01,2S,9,C,5,5,2027
67018246,67_67399_5136980,5992-13,2S,9,C,5,5,2027
67018246,67_67399_5136980,1592884,2S,9,B,5,5,2027
67018247,67_67399_5136980,C931602-02,1S,9,C,10,10,2027
67018247,67_67399_5136980,C932202-03,1S,9,B,5,5,2027
67018247,67_67399_5136980,100079,1S,9,A,5,5,2027
67018247,67_67399_5136980,2075-54,1S,9,B,5,5,2027
67018247,67_67399_5136980,0915-02,1S,9,B,10,10,2027
67018247,67_67399_5136980,1746623,1S,9,B,5,5,2027
67018247,67_67399_5136980,644715,1S,9,B,10,10,2027
67018247,67_67399_5136980,005693-337,1S,9,B,5,5,2027
67018247,67_67399_5136980,3121-17,1S,9,A,5,5,2027
67018247,67_67399_5136980,2294181,1S,9,B,5,5,2027
67018247,67_67399_5136980,5991-20,1S,9,B,5,5,2027
67018247,67_67399_5136980,1256-07,2S,9,C,5,5,2027
67018247,67_67399_5136980,C923204-01,2S,9,B,5,5,2027
67018247,67_67399_5136980,5992-20,2S,9,A,5,5,2027
67018248,67_67399_5136980,7651-76,1S,9,B,10,10,2027
67018248,67_67399_5136980,3038-50,1S,9,B,5,5,2027
67018248,67_67399_5136980,2890774,1S,9,A,5,5,2027
67018248,67_67399_5136980,64285,1S,9,B,5,5,2027
67018248,67_67399_5136980,C913002-01,1S,9,A,5,5,2027
67018248,67_67399_5136980,1256-02,1S,9,B,5,5,2027
67018248,67_67399_5136980,2272572,1S,9,C,5,5,2027
67018248,67_67399_5136980,1421892,1S,9,A,5,5,2027
67018248,67_67399_5136980,C9104007-04,1S,9,C,5,5,2027
67018248,67_67399_5136980,1790-17,1S,9,B,5,5,2027
67018248,67_67399_5136980,643254,1S,9,A,5,5,2027
67018248,67_67399_5136980,1746623,2S,9,B,5,5,2027
67018248,67_67399_5136980,C922002-52,2S,9,C,5,5,2027
67018248,67_67399_5136980,5992-20,2S,9,C,5,5,2027
67018249,67_67399_5136980,2272541,1S,9,A,5,5,2027
67018249,67_67399_5136980,1286-03,1S,9,C,5,5,2027
67018249,67_67399_5136980,657955,1S,9,B,10,10,2027
67018249,67_67399_5136980,2076-63,1S,9,B,5,5,2027
67018249,67_67399_5136980,111491,1S,9,A,5,5,2027
67018249,67_67399_5136980,1431599,1S,9,B,10,10,2027
67018249,67_67399_5136980,C910417-02,1S,9,B,5,5,2027
67018249,67_67399_5136980,6215-61,1S,9,C,5,5,2027
67018249,67_67399_5136980,C934001-08,1S,9,B,5,5,2027
67018249,67_67399_5136980,23802,1S,9,A,5,5,2027
67018249,67_67399_5136980,5693-51,1S,9,C,5,5,2027
67018249,67_67399_5136980,8697-17,2S,9,B,5,5,2027
67018249,67_67399_5136980,9226-18,2S,9,C,5,5,2027
67018249,67_67399_5136980,5980-57,2S,9,A,10,10,2027
67018250,67_67399_5136980,C922712-01,1S,9,B,10,10,2027
67018250,67_67399_5136980,C900002-50,1S,9,C,5,5,2027
67018250,67_67399_5136980,1710-41,1S,9,A,5,5,2027
67018250,67_67399_5136980,C934001-09,1S,9,B,5,5,2027
67018250,67_67399_5136980,C932201-01,1S,9,B,5,5,2027
67018250,67_67399_5136980,C910417-07,1S,9,B,5,5,2027
67018250,67_67399_5136980,7651-56,1S,9,C,10,10,2027
67018250,67_67399_5136980,3533-19,1S,9,A,5,5,2027
67018250,67_67399_5136980,2075-54,1S,9,B,5,5,2027
67018250,67_67399_5136980,2348601,1S,9,A,10,10,2027
67018250,67_67399_5136980,8697-14,1S,9,B,5,5,2027
67018250,67_67399_5136980,C922701-01,2S,9,B,10,10,2027
67018250,67_67399_5136980,C922005-02,2S,9,A,5,5,2027
67018250,67_67399_5136980,C917401-03,2S,9,C,5,5,2027
67018250,67_67399_5136980,C910203-17,2S,9,B,5,5,2027
67018251,67_67399_5136980,Dec-97,1S,9,A,5,5,2027
67018251,67_67399_5136980,C910203-07,1S,9,C,5,5,2027
67018251,67_67399_5136980,105100,1S,9,B,10,10,2027
67018251,67_67399_5136980,C920003-01,1S,9,B,10,10,2027
67018251,67_67399_5136980,005693-137,1S,9,A,5,5,2027
67018251,67_67399_5136980,2151766,1S,9,A,5,5,2027
67018251,67_67399_5136980,C934002-03,1S,9,B,5,5,2027
67018251,67_67399_5136980,C932202-02,1S,9,B,5,5,2027
67018251,67_67399_5136980,7641-50,1S,9,B,10,10,2027
67018251,67_67399_5136980,C925402-09,1S,9,A,5,5,2027
67018251,67_67399_5136980,0062-54,1S,9,B,5,5,2027
67018251,67_67399_5136980,C910201-15,2S,9,C,5,5,2027
67018251,67_67399_5136980,5693-53,2S,9,A,5,5,2027
67018251,67_67399_5136980,C917304-12,2S,9,B,5,5,2027
67018252,67_67399_5136980,8180-54,1S,9,B,5,5,2027
67018252,67_67399_5136980,1093205,1S,9,A,10,10,2027
67018252,67_67399_5136980,1385488,1S,9,A,5,5,2027
67018252,67_67399_5136980,5992-17,1S,9,A,5,5,2027
67018252,67_67399_5136980,449250,1S,9,A,5,5,2027
67018252,67_67399_5136980,623137,1S,9,A,5,5,2027
67018252,67_67399_5136980,1431538,1S,9,C,10,10,2027
67018252,67_67399_5136980,2057-16,1S,9,B,5,5,2027
67018252,67_67399_5136980,64376,1S,9,B,5,5,2027
67018252,67_67399_5136980,C930301-01,1S,9,A,10,10,2027
67018252,67_67399_5136980,C910203-12,1S,9,C,5,5,2027
67018252,67_67399_5136980,C917304-20,2S,9,B,5,5,2027
67018252,67_67399_5136980,05693-4311,2S,9,A,5,5,2027
67018252,67_67399_5136980,1256-012,2S,9,A,5,5,2027
67018253,67_67399_5136980,736755,1S,9,B,10,10,2027
67018253,67_67399_5136980,1421923,1S,9,A,5,5,2027
67018253,67_67399_5136980,5693-042,1S,9,A,5,5,2027
67018253,67_67399_5136980,7791-20,1S,9,A,5,5,2027
67018253,67_67399_5136980,723972,1S,9,C,5,5,2027
67018253,67_67399_5136980,C932201-50,1S,9,B,5,5,2027
67018253,67_67399_5136980,2097649,1S,9,B,10,10,2027
67018253,67_67399_5136980,2890835,1S,9,A,5,5,2027
67018253,67_67399_5136980,64285,1S,9,B,5,5,2027
67018253,67_67399_5136980,56281,1S,9,C,10,10,2027
67018253,67_67399_5136980,1748752,1S,9,B,5,5,2027
67018253,67_67399_5136980,1710-01,2S,9,B,5,5,2027
67018253,67_67399_5136980,C910204-12,2S,9,C,5,5,2027
67018253,67_67399_5136980,1206794,2S,9,A,10,10,2027
67018254,67_67399_5136980,C700002-50,1S,9,A,5,5,2027
67018254,67_67399_5136980,C9104006-02,1S,9,A,5,5,2027
67018254,67_67399_5136980,C917305-20,1S,9,B,5,5,2027
67018254,67_67399_5136980,993917,1S,9,C,5,5,2027
67018254,67_67399_5136980,3037-54,1S,9,A,5,5,2027
67018254,67_67399_5136980,5990-52,1S,9,B,10,10,2027
67018254,67_67399_5136980,C924502-53,1S,9,A,5,5,2027
67018254,67_67399_5136980,2076-51,1S,9,A,5,5,2027
67018254,67_67399_5136980,C900002-52,1S,9,C,5,5,2027
67018254,67_67399_5136980,980769,1S,9,B,5,5,2027
67018254,67_67399_5136980,C9104006-01,1S,9,B,5,5,2027
67018254,67_67399_5136980,1850-09,2S,9,A,5,5,2027
67018254,67_67399_5136980,C917305-15,2S,9,C,5,5,2027
67018254,67_67399_5136980,C910201-03,2S,9,B,5,5,2027
67018255,67_67399_5136980,1284-02,1S,9,C,5,5,2027
67018255,67_67399_5136980,0915-60,1S,9,B,10,10,2027
67018255,67_67399_5136980,64345,1S,9,C,5,5,2027
67018255,67_67399_5136980,2890743,1S,9,B,5,5,2027
67018255,67_67399_5136980,217322,1S,9,C,10,10,2027
67018255,67_67399_5136980,3038-53,1S,9,B,5,5,2027
67018255,67_67399_5136980,3123-19,1S,9,C,5,5,2027
67018255,67_67399_5136980,C917305-26,1S,9,A,5,5,2027
67018255,67_67399_5136980,5793-22,1S,9,A,5,5,2027
67018255,67_67399_5136980,2293999,1S,9,C,5,5,2027
67018255,67_67399_5136980,105070,1S,9,C,10,10,2027
67018255,67_67399_5136980,C910204-17,2S,9,B,5,5,2027
67018255,67_67399_5136980,C917304-12,2S,9,B,5,5,2027
67018255,67_67399_5136980,C9104008-02,2S,9,C,5,5,2027
67018256,67_67399_5136980,1494879,1S,9,C,5,5,2027
67018256,67_67399_5136980,1022316,1S,9,C,10,10,2027
67018256,67_67399_5136980,2075-31,1S,9,B,5,5,2027
67018256,67_67399_5136980,2890774,1S,9,B,5,5,2027
67018256,67_67399_5136980,1409685,1S,9,B,10,10,2027
67018256,67_67399_5136980,6215-53,1S,9,A,5,5,2027
67018256,67_67399_5136980,446966,1S,9,C,5,5,2027
67018256,67_67399_5136980,C910416-56,1S,9,B,5,5,2027
67018256,67_67399_5136980,9104016-12,1S,9,C,5,5,2027
67018256,67_67399_5136980,C795201-01,1S,9,B,5,5,2027
67018256,67_67399_5136980,7708-55,1S,9,A,5,5,2027
67018256,67_67399_5136980,6682-13,2S,9,B,5,5,2027
67018256,67_67399_5136980,2151677,2S,9,A,5,5,2027
67018256,67_67399_5136980,C9104009-50,2S,9,A,5,5,2027
67018256,67_67399_5136980,C910418-03,2S,9,B,5,5,2027
67018257,67_67399_5136980,C924507-01,1S,9,A,5,5,2027
67018257,67_67399_5136980,1093294,1S,9,B,10,10,2027
67018257,67_67399_5136980,1256-11,1S,9,B,5,5,2027
67018257,67_67399_5136980,729969,1S,9,B,5,5,2027
67018257,67_67399_5136980,2075-58,1S,9,A,5,5,2027
67018257,67_67399_5136980,1226-50,1S,9,A,5,5,2027
67018257,67_67399_5136980,5990-51,1S,9,A,10,10,2027
67018257,67_67399_5136980,5432-51,1S,9,A,5,5,2027
67018257,67_67399_5136980,446844,1S,9,A,5,5,2027
67018257,67_67399_5136980,1494209,1S,9,B,5,5,2027
67018257,67_67399_5136980,90948,1S,9,A,5,5,2027
67018257,67_67399_5136980,2293725,2S,9,C,5,5,2027
67018257,67_67399_5136980,1748752,2S,9,C,5,5,2027
67018257,67_67399_5136980,1768961,2S,9,A,5,5,2027
67018257,67_67399_5136980,C922004-02,2S,9,C,5,5,2027
67018258,67_67399_5136980,C751101-02,1S,9,A,5,5,2027
67018258,67_67399_5136980,2075-59,1S,9,B,5,5,2027
67018258,67_67399_5136980,2555605,1S,9,C,5,5,2027
67018258,67_67399_5136980,1280-50,1S,9,B,5,5,2027
67018258,67_67399_5136980,118371,1S,9,A,5,5,2027
67018258,67_67399_5136980,2098411,1S,9,B,10,10,2027
67018258,67_67399_5136980,1576082,1S,9,C,5,5,2027
67018258,67_67399_5136980,446936,1S,9,A,5,5,2027
67018258,67_67399_5136980,C917303-01,1S,9,C,5,5,2027
67018258,67_67399_5136980,9104016-33,1S,9,B,5,5,2027
67018258,67_67399_5136980,C9104008-01,1S,9,B,5,5,2027
67018258,67_67399_5136980,4579-53,2S,9,A,5,5,2027
67018258,67_67399_5136980,2675950,2S,9,C,5,5,2027
67018258,67_67399_5136980,C9104007-06,2S,9,A,5,5,2027
67018259,67_67399_5136980,6683-21,1S,9,F,5,0,2027
67018259,67_67399_5136980,206090,1S,9,B,5,5,2027
67018259,67_67399_5136980,2075-55,1S,9,A,5,5,2027
67018259,67_67399_5136980,2057-13,1S,9,B,5,5,2027
67018259,67_67399_5136980,24139,1S,9,B,5,5,2027
67018259,67_67399_5136980,447027,1S,9,C,5,5,2027
67018259,67_67399_5136980,1579310,1S,9,A,5,5,2027
67018259,67_67399_5136980,7651-69,1S,9,C,10,10,2027
67018259,67_67399_5136980,C700001-54,1S,9,A,5,5,2027
67018259,67_67399_5136980,1883-08,1S,9,B,5,5,2027
67018259,67_67399_5136980,9104015-21,1S,9,B,5,5,2027
67018259,67_67399_5136980,C910204-07,2S,9,D,5,5,2027
67018259,67_67399_5136980,27760,2S,9,B,5,5,2027
67018259,67_67399_5136980,2294242,2S,9,A,5,5,2027
67018260,67_67399_5136980,C910204-14,1S,9,B,5,5,2027
67018260,67_67399_5136980,205359,1S,9,B,5,5,2027
67018260,67_67399_5136980,2075-63,1S,9,A,5,5,2027
67018260,67_67399_5136980,C925402-08,1S,9,A,5,5,2027
67018260,67_67399_5136980,1431721,1S,9,C,10,10,2027
67018260,67_67399_5136980,5432-62,1S,9,C,5,5,2027
67018260,67_67399_5136980,645417,1S,9,A,5,5,2027
67018260,67_67399_5136980,C917305-14,1S,9,A,5,5,2027
67018260,67_67399_5136980,C9104007-11,1S,9,B,5,5,2027
67018260,67_67399_5136980,9104015-21,1S,9,A,5,5,2027
67018260,67_67399_5136980,2348542,1S,9,B,10,10,2027
67018260,67_67399_5136980,8697-18,2S,9,B,5,5,2027
67018260,67_67399_5136980,1494299,2S,9,B,5,5,2027
67018260,67_67399_5136980,5693-32,2S,9,A,5,5,2027
67018261,67_67399_5136980,C910418-06,1S,9,B,5,5,2027
67018261,67_67399_5136980,2274763,1S,9,B,5,5,2027
67018261,67_67399_5136980,C922002-53,1S,9,C,5,5,2027
67018261,67_67399_5136980,1728-04,1S,9,C,5,5,2027
67018261,67_67399_5136980,643254,1S,9,D,5,5,2027
67018261,67_67399_5136980,5432-51,1S,9,A,5,5,2027
67018261,67_67399_5136980,2097710,1S,9,C,10,10,2027
67018261,67_67399_5136980,C910201-17,1S,9,C,5,5,2027
67018261,67_67399_5136980,1878079,1S,9,F,5,0,2027
67018261,67_67399_5136980,0061-51,1S,9,A,5,5,2027
67018261,67_67399_5136980,2891139,1S,9,B,5,5,2027
67018261,67_67399_5136980,C910400803,2S,9,A,5,5,2027
67018261,67_67399_5136980,C910400850,2S,9,C,5,5,2027
67018261,67_67399_5136980,C910204-16,2S,9,C,5,5,2027
67018262,67_67399_5136980,1883-06,1S,9,C,5,5,2027
67018262,67_67399_5136980,C924502-53,1S,9,A,5,5,2027
67018262,67_67399_5136980,5819-27,1S,9,B,10,10,2027
67018262,67_67399_5136980,C932201-01,1S,9,A,5,5,2027
67018262,67_67399_5136980,645386,1S,9,B,5,5,2027
67018262,67_67399_5136980,1710-01,1S,9,C,5,5,2027
67018262,67_67399_5136980,C910430-50,1S,9,F,5,0,2027
67018262,67_67399_5136980,C700002-54,1S,9,B,5,5,2027
67018262,67_67399_5136980,7708-64,1S,9,C,5,5,2027
67018262,67_67399_5136980,2075-58,1S,9,A,5,5,2027
67018262,67_67399_5136980,0915-58,1S,9,A,10,10,2027
67018262,67_67399_5136980,7791-22,2S,9,A,5,5,2027
67018262,67_67399_5136980,0215-07,2S,9,D,10,10,2027
67018262,67_67399_5136980,C910204-04,2S,9,A,5,5,2027
67018263,67_67399_5136980,C910204-07,1S,9,B,5,5,2027
67018263,67_67399_5136980,C913001-01,1S,9,B,5,5,2027
67018263,67_67399_5136980,63979,1S,9,B,5,5,2027
67018263,67_67399_5136980,2890804,1S,9,A,5,5,2027
67018263,67_67399_5136980,2274763,1S,9,B,5,5,2027
67018263,67_67399_5136980,C922701-01,1S,9,F,10,0,2027
67018263,67_67399_5136980,C917305-23,1S,9,F,5,0,2027
67018263,67_67399_5136980,994192,1S,9,C,5,5,2027
67018263,67_67399_5136980,6215-56,1S,9,A,5,5,2027
67018263,67_67399_5136980,1409563,1S,9,B,10,10,2027
67018263,67_67399_5136980,1256-42,2S,9,A,5,5,2027
67018263,67_67399_5136980,C9104012-01,2S,9,D,5,5,2027
67018264,67_67399_5136980,5980-52,1S,9,A,10,10,2027
67018264,67_67399_5136980,C910418-11,1S,9,B,5,5,2027
67018264,67_67399_5136980,C917304-09,1S,9,A,5,5,2027
67018264,67_67399_5136980,993858,1S,9,D,5,5,2027
67018264,67_67399_5136980,C932202-01,1S,9,C,5,5,2027
67018264,67_67399_5136980,7641-58,1S,9,B,10,10,2027
67018264,67_67399_5136980,57680,1S,9,C,5,5,2027
67018264,67_67399_5136980,2075-67,1S,9,B,5,5,2027
67018264,67_67399_5136980,729512,1S,9,D,5,5,2027
67018264,67_67399_5136980,2360929,1S,9,C,10,10,2027
67018264,67_67399_5136980,C740002-03,1S,9,C,5,5,2027
67018264,67_67399_5136980,C910416-57,2S,9,A,5,5,2027
67018264,67_67399_5136980,C920002-02,2S,9,A,10,10,2027
67018264,67_67399_5136980,9226-18,2S,9,B,5,5,2027
67018265,67_67399_5136980,1593555,1S,9,B,5,5,2027
67018265,67_67399_5136980,2281307,1S,9,B,10,10,2027
67018265,67_67399_5136980,2076-59,1S,9,A,5,5,2027
67018265,67_67399_5136980,2890804,1S,9,C,5,5,2027
67018265,67_67399_5136980,5819-21,1S,9,B,10,10,2027
67018265,67_67399_5136980,5432-51,1S,9,B,5,5,2027
67018265,67_67399_5136980,445963,1S,9,A,5,5,2027
67018265,67_67399_5136980,5991-20,1S,9,B,5,5,2027
67018265,67_67399_5136980,C906201-04,1S,9,A,5,5,2027
67018265,67_67399_5136980,C922204-50,1S,9,A,5,5,2027
67018265,67_67399_5136980,1414830,1S,9,C,10,10,2027
67018265,67_67399_5136980,8697-012,2S,9,A,5,5,2027
67018265,67_67399_5136980,C917305-22,2S,9,C,5,5,2027
67018265,67_67399_5136980,5693-13,2S,9,C,5,5,2027
67018265,67_67399_5136980,2294030,2S,9,B,5,5,2027
67018266,67_67399_5136980,102391,1S,9,B,10,10,2027
67018266,67_67399_5136980,1385399,1S,9,F,5,0,2027
67018266,67_67399_5136980,C9104007-12,1S,9,D,5,5,2027
67018266,67_67399_5136980,C917305-08,1S,9,F,5,0,2027
67018266,67_67399_5136980,446144,1S,9,C,5,5,2027
67018266,67_67399_5136980,6215-57,1S,9,A,5,5,2027
67018266,67_67399_5136980,217442,1S,9,A,10,10,2027
67018266,67_67399_5136980,111066,1S,9,A,5,5,2027
67018266,67_67399_5136980,64437,1S,9,B,5,5,2027
67018266,67_67399_5136980,1056649,1S,9,B,5,5,2027
67018266,67_67399_5136980,1254-21,1S,9,A,5,5,2027
67018266,67_67399_5136980,298495,2S,9,C,10,10,2027
67018266,67_67399_5136980,1593555,2S,9,A,5,5,2027
67018267,67_67399_5136980,1592825,1S,9,B,5,5,2027
67018267,67_67399_5136980,2273271,1S,9,B,5,5,2027
67018267,67_67399_5136980,9104016-12,1S,9,B,5,5,2027
67018267,67_67399_5136980,C9104009-05,1S,9,B,5,5,2027
67018267,67_67399_5136980,C917305-17,1S,9,A,5,5,2027
67018267,67_67399_5136980,C934002-03,1S,9,C,5,5,2027
67018267,67_67399_5136980,1290159,1S,9,B,5,5,2027
67018267,67_67399_5136980,5819-33,1S,9,A,10,10,2027
67018267,67_67399_5136980,2890590,1S,9,B,5,5,2027
67018267,67_67399_5136980,2076-65,1S,9,B,5,5,2027
67018267,67_67399_5136980,1056314,1S,9,B,5,5,2027
67018267,67_67399_5136980,1421951,2S,9,B,5,5,2027
67018267,67_67399_5136980,1728-03,2S,9,C,5,5,2027
67018267,67_67399_5136980,1256-14,2S,9,A,5,5,2027
67018268,67_67399_5136980,C906201-04,1S,9,B,5,5,2027
67018268,67_67399_5136980,1710-13,1S,9,B,5,5,2027
67018268,67_67399_5136980,884374,1S,9,A,10,10,2027
67018268,67_67399_5136980,1256-11,1S,9,A,5,5,2027
67018268,67_67399_5136980,446752,1S,9,A,5,5,2027
67018268,67_67399_5136980,1576113,1S,9,A,5,5,2027
67018268,67_67399_5136980,7641-59,1S,9,B,10,10,2027
67018268,67_67399_5136980,596747,1S,9,C,5,5,2027
67018268,67_67399_5136980,2076-54,1S,9,A,5,5,2027
67018268,67_67399_5136980,3899-51,1S,9,A,5,5,2027
67018268,67_67399_5136980,C910417-05,1S,9,B,5,5,2027
67018268,67_67399_5136980,C922705-02,2S,9,B,10,10,2027
67018268,67_67399_5136980,9226-19,2S,9,B,5,5,2027
67018268,67_67399_5136980,C910429-02,2S,9,C,5,5,2027
67018268,67_67399_5136980,4578-54,2S,9,C,5,5,2027
67018269,67_67399_5136980,C925401-04,1S,9,C,5,5,2027
67018269,67_67399_5136980,2076-58,1S,9,B,5,5,2027
67018269,67_67399_5136980,729726,1S,9,C,5,5,2027
67018269,67_67399_5136980,1746865,1S,9,C,5,5,2027
67018269,67_67399_5136980,7651-73,1S,9,B,10,10,2027
67018269,67_67399_5136980,3037-54,1S,9,B,5,5,2027
67018269,67_67399_5136980,994251,1S,9,B,5,5,2027
67018269,67_67399_5136980,5992-22,1S,9,C,5,5,2027
67018269,67_67399_5136980,1458475,1S,9,B,5,5,2027
67018269,67_67399_5136980,C910416-56,1S,9,A,5,5,2027
67018269,67_67399_5136980,C700001-53,1S,9,C,5,5,2027
67018269,67_67399_5136980,1276-55,2S,9,B,5,5,2027
67018269,67_67399_5136980,1448978,2S,9,B,10,10,2027
67018270,67_67399_5136980,884374,1S,9,B,10,10,2027
67018270,67_67399_5136980,C923202-01,1S,9,A,5,5,2027
67018270,67_67399_5136980,0215-07,1S,9,B,10,10,2027
67018270,67_67399_5136980,1710-03,1S,9,C,5,5,2027
67018270,67_67399_5136980,643226,1S,9,C,5,5,2027
67018270,67_67399_5136980,622406,1S,9,F,5,0,2027
67018270,67_67399_5136980,1431418,1S,9,A,10,10,2027
67018270,67_67399_5136980,2891077,1S,9,A,5,5,2027
67018270,67_67399_5136980,64437,1S,9,C,5,5,2027
67018270,67_67399_5136980,3897-53,1S,9,A,5,5,2027
67018270,67_67399_5136980,1746682,1S,9,F,5,0,2027
67018270,67_67399_5136980,1464683,2S,9,B,10,10,2027
67018270,67_67399_5136980,0218-05,2S,9,A,10,10,2027
67018271,67_67399_5136980,C740002-03,1S,9,A,5,5,2027
67018271,67_67399_5136980,C910801-01,1S,9,F,5,0,2027
67018271,67_67399_5136980,2275522,1S,9,B,10,10,2027
67018271,67_67399_5136980,2075-52,1S,9,A,5,5,2027
67018271,67_67399_5136980,57377,1S,9,C,5,5,2027
67018271,67_67399_5136980,2099051,1S,9,A,10,10,2027
67018271,67_67399_5136980,1579431,1S,9,B,5,5,2027
67018271,67_67399_5136980,645476,1S,9,B,5,5,2027
67018271,67_67399_5136980,C917305-11,1S,9,C,5,5,2027
67018271,67_67399_5136980,9000-51,1S,9,B,5,5,2027
67018271,67_67399_5136980,C910418-14,1S,9,C,5,5,2027
67018271,67_67399_5136980,2101608,2S,9,C,5,5,2027
67018271,67_67399_5136980,C917305-23,2S,9,B,5,5,2027
67018271,67_67399_5136980,1446759,2S,9,B,10,10,2027
67018271,67_67399_5136980,5980-59,2S,9,C,10,10,2027
67018272,67_67399_5136980,1254-31,1S,9,A,5,5,2027
67018272,67_67399_5136980,C922712-01,1S,9,B,10,10,2027
67018272,67_67399_5136980,5980-53,1S,9,B,10,10,2027
67018272,67_67399_5136980,C917304-09,1S,9,A,5,5,2027
67018272,67_67399_5136980,C713101-01,1S,9,A,5,5,2027
67018272,67_67399_5136980,5432-53,1S,9,A,5,5,2027
67018272,67_67399_5136980,7651-65,1S,9,B,10,10,2027
67018272,67_67399_5136980,596502,1S,9,A,5,5,2027
67018272,67_67399_5136980,0061-54,1S,9,A,5,5,2027
67018272,67_67399_5136980,2555970,1S,9,C,5,5,2027
67018272,67_67399_5136980,1414707,1S,9,A,10,10,2027
67018272,67_67399_5136980,C910418-10,2S,9,A,5,5,2027
67018272,67_67399_5136980,C906202-02,2S,9,A,5,5,2027
67018272,67_67399_5136980,1494665,2S,9,B,5,5,2027
67018272,67_67399_5136980,C910801-03,2S,9,A,5,5,2027
67018273,67_67399_5136980,1710-12,1S,9,C,5,5,2027
67018273,67_67399_5136980,723972,1S,9,A,5,5,2027
67018273,67_67399_5136980,C932202-02,1S,9,A,5,5,2027
67018273,67_67399_5136980,7651-67,1S,9,B,10,10,2027
67018273,67_67399_5136980,9814-20,1S,9,C,5,5,2027
67018273,67_67399_5136980,2076-51,1S,9,B,5,5,2027
67018273,67_67399_5136980,0915-65,1S,9,C,10,10,2027
67018273,67_67399_5136980,C910203-07,1S,9,B,5,5,2027
67018273,67_67399_5136980,1691836,1S,9,A,5,5,2027
67018273,67_67399_5136980,1385427,1S,9,A,5,5,2027
67018273,67_67399_5136980,C920003-01,1S,9,B,10,10,2027
67018273,67_67399_5136980,1710-04,2S,9,A,5,5,2027
67018273,67_67399_5136980,8362-50,2S,9,A,10,10,2027
67018273,67_67399_5136980,1850-09,2S,9,B,5,5,2027
67018273,67_67399_5136980,C906202-02,2S,9,A,5,5,2027
67018274,67_67399_5136980,240756,1S,9,A,5,5,2027
67018274,67_67399_5136980,9226-14,1S,9,A,5,5,2027
67018274,67_67399_5136980,C906201-04,1S,9,B,5,5,2027
67018274,67_67399_5136980,104858,1S,9,B,10,10,2027
67018274,67_67399_5136980,994312,1S,9,B,5,5,2027
67018274,67_67399_5136980,1578215,1S,9,B,5,5,2027
67018274,67_67399_5136980,216682,1S,9,A,10,10,2027
67018274,67_67399_5136980,C925401-04,1S,9,C,5,5,2027
67018274,67_67399_5136980,2075-56,1S,9,A,5,5,2027
67018274,67_67399_5136980,7502-50,1S,9,B,5,5,2027
67018274,67_67399_5136980,4579-53,1S,9,B,5,5,2027
67018274,67_67399_5136980,C910416-59,2S,9,A,5,5,2027
67018274,67_67399_5136980,2356546,2S,9,B,10,10,2027
67018274,67_67399_5136980,C917304-08,2S,9,C,5,5,2027
67018275,67_67399_5136980,0061-51,1S,9,A,5,5,2027
67018275,67_67399_5136980,0918-04,1S,9,C,10,10,2027
67018275,67_67399_5136980,1553013,1S,9,A,5,5,2027
67018275,67_67399_5136980,1421951,1S,9,A,5,5,2027
67018275,67_67399_5136980,C925401-05,1S,9,B,5,5,2027
67018275,67_67399_5136980,240756,1S,9,C,5,5,2027
67018275,67_67399_5136980,9226-18,1S,9,A,5,5,2027
67018275,67_67399_5136980,993858,1S,9,A,5,5,2027
67018275,67_67399_5136980,C910204-09,1S,9,C,5,5,2027
67018275,67_67399_5136980,C932202-52,1S,9,A,5,5,2027
67018275,67_67399_5136980,7651-52,1S,9,B,10,10,2027
67018275,67_67399_5136980,005693-437,2S,9,B,5,5,2027
67018275,67_67399_5136980,1710-09,2S,9,A,5,5,2027
67018275,67_67399_5136980,1276-50,2S,9,B,5,5,2027
67018276,67_67399_5136980,446175,1S,9,B,5,5,2027
67018276,67_67399_5136980,4792-50,1S,9,B,5,5,2027
67018276,67_67399_5136980,2075-41,1S,9,B,5,5,2027
67018276,67_67399_5136980,C925401-06,1S,9,A,5,5,2027
67018276,67_67399_5136980,2097590,1S,9,C,10,10,2027
67018276,67_67399_5136980,3038-54,1S,9,A,5,5,2027
67018276,67_67399_5136980,C917203-50,1S,9,C,5,5,2027
67018276,67_67399_5136980,1464683,1S,9,C,10,10,2027
67018276,67_67399_5136980,2294122,1S,9,A,5,5,2027
67018276,67_67399_5136980,2348511,1S,9,B,10,10,2027
67018276,67_67399_5136980,C910502-04,1S,9,B,5,5,2027
67018276,67_67399_5136980,1746804,2S,9,C,5,5,2027
67018276,67_67399_5136980,7791-22,2S,9,B,5,5,2027
67018276,67_67399_5136980,1206794,2S,9,A,10,10,2027
67018276,67_67399_5136980,5980-57,2S,9,B,10,10,2027
67018277,67_67399_5136980,2294150,1S,9,B,5,5,2027
67018277,67_67399_5136980,C910418-08,1S,9,B,5,5,2027
67018277,67_67399_5136980,1710-03,1S,9,B,5,5,2027
67018277,67_67399_5136980,446022,1S,9,C,5,5,2027
67018277,67_67399_5136980,6215-54,1S,9,A,5,5,2027
67018277,67_67399_5136980,217353,1S,9,B,10,10,2027
67018277,67_67399_5136980,C924502-53,1S,9,B,5,5,2027
67018277,67_67399_5136980,2076-54,1S,9,A,5,5,2027
67018277,67_67399_5136980,2555605,1S,9,C,5,5,2027
67018277,67_67399_5136980,7702-61,1S,9,C,5,5,2027
67018277,67_67399_5136980,1691471,1S,9,C,5,5,2027
67018277,67_67399_5136980,005693-134,2S,9,B,5,5,2027
67018277,67_67399_5136980,5793-31,2S,9,B,5,5,2027
67018277,67_67399_5136980,C917303-02,2S,9,A,5,5,2027
67018277,67_67399_5136980,1254-12,2S,9,B,5,5,2027
67018278,67_67399_5136980,C922711-01,1S,9,B,10,10,2027
67018278,67_67399_5136980,C910430-50,1S,9,A,5,5,2027
67018278,67_67399_5136980,C917401-01,1S,9,B,5,5,2027
67018278,67_67399_5136980,5432-61,1S,9,F,5,0,2027
67018278,67_67399_5136980,5819-18,1S,9,B,10,10,2027
67018278,67_67399_5136980,2890986,1S,9,D,5,5,2027
67018278,67_67399_5136980,2076-53,1S,9,A,5,5,2027
67018278,67_67399_5136980,642523,1S,9,B,5,5,2027
67018278,67_67399_5136980,C910203-05,1S,9,B,5,5,2027
67018278,67_67399_5136980,993858,1S,9,A,5,5,2027
67018278,67_67399_5136980,2272541,1S,9,A,5,5,2027
67018278,67_67399_5136980,5980-51,2S,9,A,10,10,2027
67018278,67_67399_5136980,1494268,2S,9,B,5,5,2027
67018278,67_67399_5136980,4578-54,2S,9,A,5,5,2027
67018279,67_67399_5136980,2045360,1S,9,A,5,5,2027
67018279,67_67399_5136980,2076-59,1S,9,A,5,5,2027
67018279,67_67399_5136980,596747,1S,9,A,5,5,2027
67018279,67_67399_5136980,2098411,1S,9,C,10,10,2027
67018279,67_67399_5136980,622406,1S,9,B,5,5,2027
67018279,67_67399_5136980,C717202-01,1S,9,B,5,5,2027
67018279,67_67399_5136980,C920005-01,1S,9,B,10,10,2027
67018279,67_67399_5136980,C910202-14,1S,9,C,5,5,2027
67018279,67_67399_5136980,C9104009-03,1S,9,C,5,5,2027
67018279,67_67399_5136980,449250,1S,9,B,5,5,2027
67018279,67_67399_5136980,1790-04,1S,9,A,5,5,2027
67018279,67_67399_5136980,7791-13,2S,9,C,5,5,2027
67018279,67_67399_5136980,1385549,2S,9,B,5,5,2027
67018279,67_67399_5136980,C9104009-01,2S,9,C,5,5,2027
67018279,67_67399_5136980,2482707,2S,9,B,5,5,2027
67018280,67_67399_5136980,C910418-05,1S,9,B,5,5,2027
67018280,67_67399_5136980,1254-11,1S,9,B,5,5,2027
67018280,67_67399_5136980,3896-51,1S,9,B,5,5,2027
67018280,67_67399_5136980,2075-58,1S,9,C,5,5,2027
67018280,67_67399_5136980,2891169,1S,9,B,5,5,2027
67018280,67_67399_5136980,5819-26,1S,9,B,10,10,2027
67018280,67_67399_5136980,6215-58,1S,9,B,5,5,2027
67018280,67_67399_5136980,C934001-03,1S,9,B,5,5,2027
67018280,67_67399_5136980,C917305-23,1S,9,A,5,5,2027
67018280,67_67399_5136980,C922206-01,1S,9,A,5,5,2027
67018280,67_67399_5136980,C8410003-41,1S,9,B,15,15,2027
67018280,67_67399_5136980,1254-16,2S,9,A,5,5,2027
67018280,67_67399_5136980,C917305-11,2S,9,B,5,5,2027
67018280,67_67399_5136980,C922002-53,2S,9,B,5,5,2027
67018281,67_67399_5136980,729788,1S,9,B,5,5,2027
67018281,67_67399_5136980,2075-61,1S,9,B,5,5,2027
67018281,67_67399_5136980,1882-02,1S,9,A,5,5,2027
67018281,67_67399_5136980,216682,1S,9,C,10,10,2027
67018281,67_67399_5136980,1577909,1S,9,A,5,5,2027
67018281,67_67399_5136980,993947,1S,9,A,5,5,2027
67018281,67_67399_5136980,C917305-17,1S,9,B,5,5,2027
67018281,67_67399_5136980,5793-13,1S,9,B,5,5,2027
67018281,67_67399_5136980,0215-03,1S,9,B,10,10,2027
67018281,67_67399_5136980,102361,1S,9,B,10,10,2027
67018281,67_67399_5136980,1254-11,1S,9,A,5,5,2027
67018281,67_67399_5136980,1284-04,2S,9,A,5,5,2027
67018281,67_67399_5136980,1790-16,2S,9,B,5,5,2027
67018281,67_67399_5136980,C922005-01,2S,9,A,5,5,2027
67018282,67_67399_5136980,May-52,1S,9,B,5,5,2027
67018282,67_67399_5136980,7708-56,1S,9,A,5,5,2027
67018282,67_67399_5136980,5980-54,1S,9,B,10,10,2027
67018282,67_67399_5136980,C900001-51,1S,9,B,5,5,2027
67018282,67_67399_5136980,64010,1S,9,C,5,5,2027
67018282,67_67399_5136980,9815-21,1S,9,C,5,5,2027
67018282,67_67399_5136980,C931602-02,1S,9,B,10,10,2027
67018282,67_67399_5136980,5980-51,1S,9,C,10,10,2027
67018282,67_67399_5136980,27791,1S,9,A,5,5,2027
67018282,67_67399_5136980,446783,1S,9,A,5,5,2027
67018282,67_67399_5136980,3068-53,1S,9,A,5,5,2027
67018282,67_67399_5136980,4578-52,2S,9,B,5,5,2027
67018282,67_67399_5136980,C922006-01,2S,9,A,5,5,2027
67018282,67_67399_5136980,1494543,2S,9,A,5,5,2027
67018283,67_67399_5136980,C8421003-23,1S,9,A,15,15,2027
67018283,67_67399_5136980,5793-21,1S,9,A,5,5,2027
67018283,67_67399_5136980,05693-4311,1S,9,B,5,5,2027
67018283,67_67399_5136980,2675859,1S,9,A,5,5,2027
67018283,67_67399_5136980,3121-14,1S,9,B,5,5,2027
67018283,67_67399_5136980,6215-62,1S,9,A,5,5,2027
67018283,67_67399_5136980,5819-28,1S,9,A,10,10,2027
67018283,67_67399_5136980,2057-16,1S,9,A,5,5,2027
67018283,67_67399_5136980,64345,1S,9,C,5,5,2027
67018283,67_67399_5136980,658016,1S,9,B,10,10,2027
67018283,67_67399_5136980,C910202-10,1S,9,A,5,5,2027
67018283,67_67399_5136980,005693-435,2S,9,C,5,5,2027
67018283,67_67399_5136980,5992-14,2S,9,A,5,5,2027
67018283,67_67399_5136980,C910602-50,2S,9,A,5,5,2027
67018284,67_67399_5136980,1790-02,1S,9,C,5,5,2027
67018284,67_67399_5136980,643226,1S,9,B,5,5,2027
67018284,67_67399_5136980,5432-58,1S,9,B,5,5,2027
67018284,67_67399_5136980,5990-51,1S,9,B,10,10,2027
67018284,67_67399_5136980,3533-13,1S,9,C,5,5,2027
67018284,67_67399_5136980,2076-62,1S,9,B,5,5,2027
67018284,67_67399_5136980,0915-70,1S,9,A,10,10,2027
67018284,67_67399_5136980,1746957,1S,9,A,5,5,2027
67018284,67_67399_5136980,C906201-02,1S,9,B,5,5,2027
67018284,67_67399_5136980,1883-09,1S,9,B,5,5,2027
67018284,67_67399_5136980,1691805,1S,9,C,5,5,2027
67018284,67_67399_5136980,1747291,2S,9,B,5,5,2027
67018284,67_67399_5136980,1790-14,2S,9,B,5,5,2027
67018284,67_67399_5136980,C923203-03,2S,9,A,5,5,2027
67018284,67_67399_5136980,9104016-12,2S,9,A,5,5,2027
67018285,67_67399_5136980,C924507-51,1S,9,D,5,5,2027
67018285,67_67399_5136980,2076-57,1S,9,A,5,5,2027
67018285,67_67399_5136980,C913301-01,1S,9,B,5,5,2027
67018285,67_67399_5136980,C910203-11,1S,9,A,5,5,2027
67018285,67_67399_5136980,5990-53,1S,9,D,10,10,2027
67018285,67_67399_5136980,C717202-01,1S,9,C,5,5,2027
67018285,67_67399_5136980,1422073,1S,9,F,5,0,2027
67018285,67_67399_5136980,1579370,1S,9,B,5,5,2027
67018285,67_67399_5136980,C923204-02,1S,9,B,5,5,2027
67018285,67_67399_5136980,643254,1S,9,B,5,5,2027
67018285,67_67399_5136980,1286-06,2S,9,B,5,5,2027
67018285,67_67399_5136980,1710-12,2S,9,C,5,5,2027
67018286,67_67399_5136980,1691499,1S,9,B,5,5,2027
67018286,67_67399_5136980,1748661,1S,9,B,5,5,2027
67018286,67_67399_5136980,729816,1S,9,C,5,5,2027
67018286,67_67399_5136980,64040,1S,9,A,5,5,2027
67018286,67_67399_5136980,C910415-52,1S,9,A,5,5,2027
67018286,67_67399_5136980,0215-08,1S,9,B,10,10,2027
67018286,67_67399_5136980,2151980,1S,9,A,5,5,2027
67018286,67_67399_5136980,1765584,1S,9,A,5,5,2027
67018286,67_67399_5136980,1576054,1S,9,B,5,5,2027
67018286,67_67399_5136980,2097194,1S,9,A,10,10,2027
67018286,67_67399_5136980,9814-13,1S,9,A,5,5,2027
67018286,67_67399_5136980,1254-09,2S,9,B,5,5,2027
67018286,67_67399_5136980,C9104007-13,2S,9,C,5,5,2027
67018286,67_67399_5136980,1710-17,2S,9,B,5,5,2027
67018287,67_67399_5136980,1446818,1S,9,B,10,10,2027
67018287,67_67399_5136980,298405,1S,9,A,10,10,2027
67018287,67_67399_5136980,1710-17,1S,9,A,5,5,2027
67018287,67_67399_5136980,C934001-09,1S,9,C,5,5,2027
67018287,67_67399_5136980,5432-56,1S,9,C,5,5,2027
67018287,67_67399_5136980,7651-60,1S,9,D,10,10,2027
67018287,67_67399_5136980,111156,1S,9,A,5,5,2027
67018287,67_67399_5136980,2075-65,1S,9,A,5,5,2027
67018287,67_67399_5136980,729877,1S,9,C,5,5,2027
67018287,67_67399_5136980,C713404-01,1S,9,A,5,5,2027
67018287,67_67399_5136980,8697-14,1S,9,A,5,5,2027
67018287,67_67399_5136980,1458506,2S,9,A,5,5,2027
67018287,67_67399_5136980,8697-20,2S,9,A,5,5,2027
67018287,67_67399_5136980,C917305-26,2S,9,B,5,5,2027
67018287,67_67399_5136980,C9104006-03,2S,9,B,5,5,2027
67018288,67_67399_5136980,C922002-53,1S,9,A,5,5,2027
67018288,67_67399_5136980,736727,1S,9,B,10,10,2027
67018288,67_67399_5136980,C910417-07,1S,9,A,5,5,2027
67018288,67_67399_5136980,2151889,1S,9,B,5,5,2027
67018288,67_67399_5136980,446966,1S,9,C,5,5,2027
67018288,67_67399_5136980,6215-59,1S,9,B,5,5,2027
67018288,67_67399_5136980,C931602-03,1S,9,A,10,10,2027
67018288,67_67399_5136980,596502,1S,9,A,5,5,2027
67018288,67_67399_5136980,63920,1S,9,C,5,5,2027
67018288,67_67399_5136980,C913302-02,1S,9,C,5,5,2027
67018288,67_67399_5136980,C910204-11,1S,9,B,5,5,2027
67018288,67_67399_5136980,C910418-10,2S,9,A,5,5,2027
67018288,67_67399_5136980,1392703,2S,9,B,5,5,2027
67018288,67_67399_5136980,27454,2S,9,A,5,5,2027
67018288,67_67399_5136980,6683-14,2S,9,C,5,5,2027
67018289,67_67399_5136980,2293756,1S,9,B,5,5,2027
67018289,67_67399_5136980,C922005-02,1S,9,B,5,5,2027
67018289,67_67399_5136980,C917401-03,1S,9,B,5,5,2027
67018289,67_67399_5136980,3123-13,1S,9,B,5,5,2027
67018289,67_67399_5136980,1409532,1S,9,B,10,10,2027
67018289,67_67399_5136980,C925401-06,1S,9,A,5,5,2027
67018289,67_67399_5136980,64345,1S,9,B,5,5,2027
67018289,67_67399_5136980,1520750,1S,9,A,10,10,2027
67018289,67_67399_5136980,C910204-10,1S,9,C,5,5,2027
67018289,67_67399_5136980,884374,1S,9,B,10,10,2027
67018289,67_67399_5136980,6215-57,1S,9,B,5,5,2027
67018289,67_67399_5136980,2294181,2S,9,C,5,5,2027
67018289,67_67399_5136980,C917304-10,2S,9,C,5,5,2027
67018289,67_67399_5136980,1464624,2S,9,B,10,10,2027
67018289,67_67399_5136980,C910801-03,2S,9,B,5,5,2027
67018290,67_67399_5136980,9815-35,1S,9,A,5,5,2027
67018290,67_67399_5136980,736816,1S,9,B,10,10,2027
67018290,67_67399_5136980,C910430-02,1S,9,C,5,5,2027
67018290,67_67399_5136980,0218-06,1S,9,A,10,10,2027
67018290,67_67399_5136980,1494390,1S,9,B,5,5,2027
67018290,67_67399_5136980,643254,1S,9,A,5,5,2027
67018290,67_67399_5136980,C932202-02,1S,9,A,5,5,2027
67018290,67_67399_5136980,4578-53,1S,9,A,5,5,2027
67018290,67_67399_5136980,1520780,1S,9,B,10,10,2027
67018290,67_67399_5136980,2076-61,1S,9,A,5,5,2027
67018290,67_67399_5136980,5819-20,1S,9,A,10,10,2027
67018290,67_67399_5136980,005693-436,2S,9,B,5,5,2027
67018290,67_67399_5136980,1710-16,2S,9,A,5,5,2027
67018290,67_67399_5136980,C910204-09,2S,9,A,5,5,2027
67018291,67_67399_5136980,C910204-03,1S,9,A,5,5,2027
67018291,67_67399_5136980,C700001-51,1S,9,A,5,5,2027
67018291,67_67399_5136980,2593255,1S,9,B,5,5,2027
67018291,67_67399_5136980,C910417-03,1S,9,C,5,5,2027
67018291,67_67399_5136980,1710-22,1S,9,B,5,5,2027
67018291,67_67399_5136980,446966,1S,9,A,5,5,2027
67018291,67_67399_5136980,3068-54,1S,9,C,5,5,2027
67018291,67_67399_5136980,7651-58,1S,9,C,10,10,2027
67018291,67_67399_5136980,9815-19,1S,9,B,5,5,2027
67018291,67_67399_5136980,63979,1S,9,B,5,5,2027
67018291,67_67399_5136980,C913002-01,1S,9,B,5,5,2027
67018291,67_67399_5136980,2593224,2S,9,B,5,5,2027
67018291,67_67399_5136980,1226-52,2S,9,C,5,5,2027
67018291,67_67399_5136980,C917304-20,2S,9,B,5,5,2027
67018291,67_67399_5136980,1256-16,2S,9,A,5,5,2027
67018292,67_67399_5136980,1414768,1S,9,C,10,10,2027
67018292,67_67399_5136980,C910416-50,1S,9,D,5,5,2027
67018292,67_67399_5136980,C917402-02,1S,9,B,5,5,2027
67018292,67_67399_5136980,2356606,1S,9,C,10,10,2027
67018292,67_67399_5136980,3898-55,1S,9,C,5,5,2027
67018292,67_67399_5136980,C932301-50,1S,9,C,5,5,2027
67018292,67_67399_5136980,2075-63,1S,9,B,5,5,2027
67018292,67_67399_5136980,5432-59,1S,9,C,5,5,2027
67018292,67_67399_5136980,7651-70,1S,9,C,10,10,2027
67018292,67_67399_5136980,2890896,1S,9,B,5,5,2027
67018292,67_67399_5136980,1385549,2S,9,D,5,5,2027
67018292,67_67399_5136980,9226-15,2S,9,B,5,5,2027
67018292,67_67399_5136980,1254-07,2S,9,C,5,5,2027
67018293,67_67399_5136980,1693663,1S,9,A,5,5,2027
67018293,67_67399_5136980,C910416-51,1S,9,B,5,5,2027
67018293,67_67399_5136980,C920002-01,1S,9,A,10,10,2027
67018293,67_67399_5136980,5992-22,1S,9,A,5,5,2027
67018293,67_67399_5136980,446114,1S,9,A,5,5,2027
67018293,67_67399_5136980,3038-52,1S,9,A,5,5,2027
67018293,67_67399_5136980,7651-79,1S,9,B,10,10,2027
67018293,67_67399_5136980,2057-16,1S,9,C,5,5,2027
67018293,67_67399_5136980,2076-51,1S,9,C,5,5,2027
67018293,67_67399_5136980,C900301-01,1S,9,A,5,5,2027
67018293,67_67399_5136980,980404,1S,9,A,5,5,2027
67018293,67_67399_5136980,005693-436,2S,9,C,5,5,2027
67018293,67_67399_5136980,1392731,2S,9,B,5,5,2027
67018293,67_67399_5136980,1790-10,2S,9,B,5,5,2027
67018293,67_67399_5136980,1254-14,2S,9,B,5,5,2027
67018294,67_67399_5136980,1414830,1S,9,A,10,10,2027
67018294,67_67399_5136980,7651-63,1S,9,A,10,10,2027
67018294,67_67399_5136980,5432-62,1S,9,B,5,5,2027
67018294,67_67399_5136980,C713102-01,1S,9,B,5,5,2027
67018294,67_67399_5136980,C917305-25,1S,9,B,5,5,2027
67018294,67_67399_5136980,2294122,1S,9,A,5,5,2027
67018294,67_67399_5136980,C922711-02,1S,9,B,10,10,2027
67018294,67_67399_5136980,9814-41,1S,9,B,5,5,2027
67018294,67_67399_5136980,2075-31,1S,9,C,5,5,2027
67018294,67_67399_5136980,2281307,1S,9,B,10,10,2027
67018294,67_67399_5136980,1746743,1S,9,B,5,5,2027
67018294,67_67399_5136980,2151950,2S,9,B,5,5,2027
67018294,67_67399_5136980,5793-22,2S,9,A,5,5,2027
67018294,67_67399_5136980,C922006-01,2S,9,C,5,5,2027
67018294,67_67399_5136980,2356606,2S,9,B,10,10,2027
67018295,67_67399_5136980,63979,1S,9,A,5,5,2027
67018295,67_67399_5136980,1414646,1S,9,B,10,10,2027
67018295,67_67399_5136980,0218-05,1S,9,D,10,10,2027
67018295,67_67399_5136980,C923204-03,1S,9,C,5,5,2027
67018295,67_67399_5136980,C917304-20,1S,9,C,5,5,2027
67018295,67_67399_5136980,1765584,1S,9,B,5,5,2027
67018295,67_67399_5136980,3068-51,1S,9,A,5,5,2027
67018295,67_67399_5136980,7651-58,1S,9,A,10,10,2027
67018295,67_67399_5136980,596655,1S,9,A,5,5,2027
67018295,67_67399_5136980,729512,1S,9,A,5,5,2027
67018295,67_67399_5136980,2139471,1S,9,C,5,5,2027
67018295,67_67399_5136980,C906201-02,2S,9,D,5,5,2027
67018295,67_67399_5136980,1494390,2S,9,A,5,5,2027
67018295,67_67399_5136980,1746743,2S,9,B,5,5,2027
67018296,67_67399_5136980,2556001,1S,9,A,5,5,2027
67018296,67_67399_5136980,2075-41,1S,9,B,5,5,2027
67018296,67_67399_5136980,2890531,1S,9,B,5,5,2027
67018296,67_67399_5136980,216592,1S,9,B,10,10,2027
67018296,67_67399_5136980,6215-64,1S,9,A,5,5,2027
67018296,67_67399_5136980,3123-13,1S,9,A,5,5,2027
67018296,67_67399_5136980,7791-20,1S,9,A,5,5,2027
67018296,67_67399_5136980,C910202-15,1S,9,A,5,5,2027
67018296,67_67399_5136980,298556,1S,9,B,10,10,2027
67018296,67_67399_5136980,1691471,1S,9,C,5,5,2027
67018296,67_67399_5136980,1446879,1S,9,C,10,10,2027
67018296,67_67399_5136980,1254-03,2S,9,B,5,5,2027
67018296,67_67399_5136980,C917305-11,2S,9,B,5,5,2027
67018296,67_67399_5136980,C910400601,2S,9,B,5,5,2027
67018296,67_67399_5136980,C910417-05,2S,9,A,5,5,2027
67018297,67_67399_5136980,2891016,1S,9,A,5,5,2027
67018297,67_67399_5136980,1458597,1S,9,B,5,5,2027
67018297,67_67399_5136980,C922002-51,1S,9,B,5,5,2027
67018297,67_67399_5136980,884374,1S,9,B,10,10,2027
67018297,67_67399_5136980,C910204-17,1S,9,A,5,5,2027
67018297,67_67399_5136980,7651-58,1S,9,A,10,10,2027
67018297,67_67399_5136980,1056649,1S,9,A,5,5,2027
67018297,67_67399_5136980,C932202-02,1S,9,A,5,5,2027
67018297,67_67399_5136980,1710-16,1S,9,A,5,5,2027
67018297,67_67399_5136980,445994,1S,9,B,5,5,2027
67018297,67_67399_5136980,0062-50,1S,9,C,5,5,2027
67018297,67_67399_5136980,1254-02,2S,9,B,5,5,2027
67018297,67_67399_5136980,9000-50,2S,9,A,5,5,2027
67018297,67_67399_5136980,C917304-17,2S,9,A,5,5,2027
67018298,67_67399_5136980,102301,1S,9,A,10,10,2027
67018298,67_67399_5136980,C906202-01,1S,9,B,5,5,2027
67018298,67_67399_5136980,C9104007-11,1S,9,A,5,5,2027
67018298,67_67399_5136980,1726-01,1S,9,C,5,5,2027
67018298,67_67399_5136980,3121-16,1S,9,A,5,5,2027
67018298,67_67399_5136980,623106,1S,9,A,5,5,2027
67018298,67_67399_5136980,5990-51,1S,9,A,10,10,2027
67018298,67_67399_5136980,C925402-04,1S,9,B,5,5,2027
67018298,67_67399_5136980,0062-54,1S,9,B,5,5,2027
67018298,67_67399_5136980,729423,1S,9,A,5,5,2027
67018298,67_67399_5136980,6687-16,1S,9,A,5,5,2027
67018298,67_67399_5136980,0218-03,2S,9,C,10,10,2027
67018298,67_67399_5136980,1850-09,2S,9,A,5,5,2027
67018298,67_67399_5136980,C917304-12,2S,9,B,5,5,2027
67018298,67_67399_5136980,1748630,2S,9,B,5,5,2027
67018299,67_67399_5136980,1414921,1S,9,A,10,10,2027
67018299,67_67399_5136980,7702-53,1S,9,C,5,5,2027
67018299,67_67399_5136980,C910418-04,1S,9,A,5,5,2027
67018299,67_67399_5136980,0915-55,1S,9,C,10,10,2027
67018299,67_67399_5136980,2076-55,1S,9,B,5,5,2027
67018299,67_67399_5136980,C922806-01,1S,9,A,5,5,2027
67018299,67_67399_5136980,1710-15,1S,9,A,5,5,2027
67018299,67_67399_5136980,C934002-07,1S,9,B,5,5,2027
67018299,67_67399_5136980,C7171001-02,1S,9,B,5,5,2027
67018299,67_67399_5136980,5990-52,1S,9,B,10,10,2027
67018299,67_67399_5136980,117610,1S,9,A,5,5,2027
67018299,67_67399_5136980,C920004-01,2S,9,B,10,10,2027
67018299,67_67399_5136980,2101639,2S,9,C,5,5,2027
67018299,67_67399_5136980,1494756,2S,9,A,5,5,2027
67018300,67_67399_5136980,2890590,1S,9,B,5,5,2027
67018300,67_67399_5136980,217473,1S,9,C,10,10,2027
67018300,67_67399_5136980,1579431,1S,9,B,5,5,2027
67018300,67_67399_5136980,446022,1S,9,C,5,5,2027
67018300,67_67399_5136980,C917304-09,1S,9,B,5,5,2027
67018300,67_67399_5136980,C906202-03,1S,9,B,5,5,2027
67018300,67_67399_5136980,1446818,1S,9,B,10,10,2027
67018300,67_67399_5136980,105100,1S,9,A,10,10,2027
67018300,67_67399_5136980,2076-61,1S,9,C,5,5,2027
67018300,67_67399_5136980,1990574,1S,9,C,10,10,2027
67018300,67_67399_5136980,C910202-09,1S,9,B,5,5,2027
67018300,67_67399_5136980,C917305-13,2S,9,A,5,5,2027
67018300,67_67399_5136980,1422073,2S,9,A,5,5,2027
67018300,67_67399_5136980,5980-59,2S,9,C,10,10,2027
67018300,67_67399_5136980,4579-52,2S,9,A,5,5,2027
67018301,67_67399_5136980,7708-52,1S,9,A,5,5,2027
67018301,67_67399_5136980,3899-51,1S,9,B,5,5,2027
67018301,67_67399_5136980,C795202-01,1S,9,C,5,5,2027
67018301,67_67399_5136980,1392703,1S,9,A,5,5,2027
67018301,67_67399_5136980,C906202-02,1S,9,C,5,5,2027
67018301,67_67399_5136980,9226-13,1S,9,B,5,5,2027
67018301,67_67399_5136980,446813,1S,9,B,5,5,2027
67018301,67_67399_5136980,1579341,1S,9,C,5,5,2027
67018301,67_67399_5136980,5819-24,1S,9,A,10,10,2027
67018301,67_67399_5136980,2890621,1S,9,A,5,5,2027
67018301,67_67399_5136980,64437,1S,9,A,5,5,2027
67018301,67_67399_5136980,C922203-51,2S,9,A,5,5,2027
67018301,67_67399_5136980,C910201-06,2S,9,A,5,5,2027
67018301,67_67399_5136980,C922703-01,2S,9,A,10,10,2027
67018301,67_67399_5136980,C917305-11,2S,9,A,5,5,2027
67018302,67_67399_5136980,2380288,1S,9,C,10,10,2027
67018302,67_67399_5136980,C920003-01,1S,9,C,10,10,2027
67018302,67_67399_5136980,2675800,1S,9,A,5,5,2027
67018302,67_67399_5136980,3121-14,1S,9,B,5,5,2027
67018302,67_67399_5136980,3068-51,1S,9,C,5,5,2027
67018302,67_67399_5136980,1409504,1S,9,F,10,0,2027
67018302,67_67399_5136980,9814-22,1S,9,C,5,5,2027
67018302,67_67399_5136980,2075-57,1S,9,B,5,5,2027
67018302,67_67399_5136980,C900302-01,1S,9,B,5,5,2027
67018302,67_67399_5136980,C910502-52,1S,9,B,5,5,2027
67018302,67_67399_5136980,C923203-03,2S,9,C,5,5,2027
67018302,67_67399_5136980,7791-42,2S,9,B,5,5,2027
67018302,67_67399_5136980,6683-14,2S,9,C,5,5,2027
67018303,67_67399_5136980,1710-19,1S,9,A,5,5,2027
67018303,67_67399_5136980,6215-61,1S,9,C,5,5,2027
67018303,67_67399_5136980,5819-33,1S,9,B,10,10,2027
67018303,67_67399_5136980,1882-01,1S,9,B,5,5,2027
67018303,67_67399_5136980,2075-67,1S,9,A,5,5,2027
67018303,67_67399_5136980,1520750,1S,9,B,10,10,2027
67018303,67_67399_5136980,1748722,1S,9,C,5,5,2027
67018303,67_67399_5136980,C934001-11,1S,9,A,5,5,2027
67018303,67_67399_5136980,C9104006-02,1S,9,C,5,5,2027
67018303,67_67399_5136980,C910418-10,1S,9,A,5,5,2027
67018303,67_67399_5136980,C700001-51,1S,9,A,5,5,2027
67018303,67_67399_5136980,1748449,2S,9,C,5,5,2027
67018303,67_67399_5136980,1494574,2S,9,A,5,5,2027
67018303,67_67399_5136980,240728,2S,9,B,5,5,2027
67018304,67_67399_5136980,0061-53,1S,9,A,5,5,2027
67018304,67_67399_5136980,6687-13,1S,9,A,5,5,2027
67018304,67_67399_5136980,2891047,1S,9,B,5,5,2027
67018304,67_67399_5136980,217381,1S,9,B,10,10,2027
67018304,67_67399_5136980,3038-52,1S,9,B,5,5,2027
67018304,67_67399_5136980,993947,1S,9,D,5,5,2027
67018304,67_67399_5136980,1859,1S,9,B,5,5,2027
67018304,67_67399_5136980,C908002-01,1S,9,A,5,5,2027
67018304,67_67399_5136980,1385549,1S,9,B,5,5,2027
67018304,67_67399_5136980,C930302-02,1S,9,B,10,10,2027
67018304,67_67399_5136980,101660,1S,9,C,10,10,2027
67018304,67_67399_5136980,1747169,2S,9,C,5,5,2027
67018304,67_67399_5136980,90948,2S,9,A,5,5,2027
67018304,67_67399_5136980,C922003-01,2S,9,A,5,5,2027
67018304,67_67399_5136980,27760,2S,9,B,5,5,2027
67018305,67_67399_5136980,64345,1S,9,C,5,5,2027
67018305,67_67399_5136980,C795202-01,1S,9,B,5,5,2027
67018305,67_67399_5136980,5693-042,1S,9,A,5,5,2027
67018305,67_67399_5136980,C906202-01,1S,9,B,5,5,2027
67018305,67_67399_5136980,5992-20,1S,9,B,5,5,2027
67018305,67_67399_5136980,723913,1S,9,C,5,5,2027
67018305,67_67399_5136980,C7171001-01,1S,9,B,5,5,2027
67018305,67_67399_5136980,2097194,1S,9,A,10,10,2027
67018305,67_67399_5136980,9815-37,1S,9,B,5,5,2027
67018305,67_67399_5136980,657894,1S,9,C,10,10,2027
67018305,67_67399_5136980,1256-12,1S,9,C,5,5,2027
67018305,67_67399_5136980,7791-42,2S,9,C,5,5,2027
67018305,67_67399_5136980,C922001-50,2S,9,C,5,5,2027
67018305,67_67399_5136980,1748722,2S,9,A,5,5,2027
67018306,67_67399_5136980,4792-50,1S,9,B,5,5,2027
67018306,67_67399_5136980,C910416-51,1S,9,B,5,5,2027
67018306,67_67399_5136980,C9104007-05,1S,9,A,5,5,2027
67018306,67_67399_5136980,5992-14,1S,9,A,5,5,2027
67018306,67_67399_5136980,994282,1S,9,B,5,5,2027
67018306,67_67399_5136980,3068-50,1S,9,D,5,5,2027
67018306,67_67399_5136980,2098411,1S,9,B,10,10,2027
67018306,67_67399_5136980,2891047,1S,9,B,5,5,2027
67018306,67_67399_5136980,0062-54,1S,9,B,5,5,2027
67018306,67_67399_5136980,1593951,1S,9,A,5,5,2027
67018306,67_67399_5136980,645751,1S,9,D,10,10,2027
67018306,67_67399_5136980,C9104007-03,2S,9,B,5,5,2027
67018306,67_67399_5136980,24198,2S,9,C,5,5,2027
67018306,67_67399_5136980,6687-15,2S,9,C,5,5,2027
67018307,67_67399_5136980,4578-52,1S,9,B,5,5,2027
67018307,67_67399_5136980,655733,1S,9,A,10,10,2027
67018307,67_67399_5136980,0062-51,1S,9,B,5,5,2027
67018307,67_67399_5136980,C924507-51,1S,9,B,5,5,2027
67018307,67_67399_5136980,5819-24,1S,9,B,10,10,2027
67018307,67_67399_5136980,6215-51,1S,9,B,5,5,2027
67018307,67_67399_5136980,446297,1S,9,A,5,5,2027
67018307,67_67399_5136980,1768961,1S,9,B,5,5,2027
67018307,67_67399_5136980,1850-06,1S,9,A,5,5,2027
67018307,67_67399_5136980,1422043,1S,9,B,5,5,2027
67018307,67_67399_5136980,May-54,1S,9,B,5,5,2027
67018307,67_67399_5136980,1747230,2S,9,B,5,5,2027
67018307,67_67399_5136980,0218-01,2S,9,A,10,10,2027
67018307,67_67399_5136980,C9104009-01,2S,9,C,5,5,2027
67018307,67_67399_5136980,1790-16,2S,9,B,5,5,2027
67018308,67_67399_5136980,1286-04,1S,9,A,5,5,2027
67018308,67_67399_5136980,0915-56,1S,9,D,10,10,2027
67018308,67_67399_5136980,2076-65,1S,9,B,5,5,2027
67018308,67_67399_5136980,2890743,1S,9,A,5,5,2027
67018308,67_67399_5136980,C931602-02,1S,9,D,10,10,2027
67018308,67_67399_5136980,623106,1S,9,B,5,5,2027
67018308,67_67399_5136980,3123-42,1S,9,C,5,5,2027
67018308,67_67399_5136980,1494695,1S,9,F,5,0,2027
67018308,67_67399_5136980,1850-09,1S,9,A,5,5,2027
67018308,67_67399_5136980,C922805-01,1S,9,A,5,5,2027
67018308,67_67399_5136980,C700002-51,1S,9,B,5,5,2027
67018308,67_67399_5136980,90948,2S,9,B,5,5,2027
67018308,67_67399_5136980,C910204-13,2S,9,C,5,5,2027
67018309,67_67399_5136980,4579-54,1S,9,C,5,5,2027
67018309,67_67399_5136980,7383-50,1S,9,A,10,10,2027
67018309,67_67399_5136980,2076-59,1S,9,C,5,5,2027
67018309,67_67399_5136980,9815-29,1S,9,C,5,5,2027
67018309,67_67399_5136980,216651,1S,9,B,10,10,2027
67018309,67_67399_5136980,6215-55,1S,9,A,5,5,2027
67018309,67_67399_5136980,C934002-08,1S,9,B,5,5,2027
67018309,67_67399_5136980,2151889,1S,9,A,5,5,2027
67018309,67_67399_5136980,C9104007-10,1S,9,B,5,5,2027
67018309,67_67399_5136980,5693-33,1S,9,B,5,5,2027
67018309,67_67399_5136980,101660,1S,9,C,10,10,2027
67018309,67_67399_5136980,2482676,2S,9,A,5,5,2027
67018309,67_67399_5136980,C917305-20,2S,9,C,5,5,2027
67018309,67_67399_5136980,C922004-02,2S,9,C,5,5,2027
67018310,67_67399_5136980,645811,1S,9,B,10,10,2027
67018310,67_67399_5136980,7502-52,1S,9,C,5,5,2027
67018310,67_67399_5136980,0062-50,1S,9,B,5,5,2027
67018310,67_67399_5136980,9815-34,1S,9,C,5,5,2027
67018310,67_67399_5136980,1431691,1S,9,A,10,10,2027
67018310,67_67399_5136980,1579431,1S,9,A,5,5,2027
67018310,67_67399_5136980,446966,1S,9,B,5,5,2027
67018310,67_67399_5136980,7702-58,1S,9,B,5,5,2027
67018310,67_67399_5136980,1464624,1S,9,B,10,10,2027
67018310,67_67399_5136980,9104016-33,1S,9,B,5,5,2027
67018310,67_67399_5136980,1494787,1S,9,C,5,5,2027
67018310,67_67399_5136980,C910201-12,2S,9,C,5,5,2027
67018310,67_67399_5136980,C923202-03,2S,9,A,5,5,2027
67018310,67_67399_5136980,2675889,2S,9,C,5,5,2027
67018311,67_67399_5136980,1254-01,1S,9,A,5,5,2027
67018311,67_67399_5136980,0915-04,1S,9,B,10,10,2027
67018311,67_67399_5136980,2076-59,1S,9,C,5,5,2027
67018311,67_67399_5136980,2890774,1S,9,B,5,5,2027
67018311,67_67399_5136980,5819-33,1S,9,B,10,10,2027
67018311,67_67399_5136980,6215-64,1S,9,B,5,5,2027
67018311,67_67399_5136980,3121-21,1S,9,B,5,5,2027
67018311,67_67399_5136980,1710-52,1S,9,D,5,5,2027
67018311,67_67399_5136980,C9104007-05,1S,9,A,5,5,2027
67018311,67_67399_5136980,C910418-03,1S,9,B,5,5,2027
67018311,67_67399_5136980,C740001-01,1S,9,A,5,5,2027
67018311,67_67399_5136980,1593310,2S,9,B,5,5,2027
67018311,67_67399_5136980,1850-02,2S,9,B,5,5,2027
67018312,67_67399_5136980,0915-70,1S,9,B,10,10,2027
67018312,67_67399_5136980,1577940,1S,9,C,5,5,2027
67018312,67_67399_5136980,57346,1S,9,B,5,5,2027
67018312,67_67399_5136980,5819-23,1S,9,A,10,10,2027
67018312,67_67399_5136980,2272572,1S,9,B,5,5,2027
67018312,67_67399_5136980,446053,1S,9,A,5,5,2027
67018312,67_67399_5136980,C920006-02,1S,9,A,10,10,2027
67018312,67_67399_5136980,C910202-03,1S,9,A,5,5,2027
67018312,67_67399_5136980,C920002-01,1S,9,B,10,10,2027
67018312,67_67399_5136980,2675920,1S,9,B,5,5,2027
67018312,67_67399_5136980,2075-53,1S,9,A,5,5,2027
67018312,67_67399_5136980,1464683,2S,9,C,10,10,2027
67018312,67_67399_5136980,5693-52,2S,9,A,5,5,2027
67018312,67_67399_5136980,980738,2S,9,B,5,5,2027
67018312,67_67399_5136980,C917304-16,2S,9,A,5,5,2027
67018313,67_67399_5136980,0218-06,1S,9,B,10,10,2027
67018313,67_67399_5136980,5992-15,1S,9,B,5,5,2027
67018313,67_67399_5136980,C751001-01,1S,9,A,5,5,2027
67018313,67_67399_5136980,5693-042,1S,9,C,5,5,2027
67018313,67_67399_5136980,446053,1S,9,C,5,5,2027
67018313,67_67399_5136980,3038-50,1S,9,A,5,5,2027
67018313,67_67399_5136980,7651-59,1S,9,B,10,10,2027
67018313,67_67399_5136980,C925401-07,1S,9,A,5,5,2027
67018313,67_67399_5136980,64376,1S,9,B,5,5,2027
67018313,67_67399_5136980,2002686,1S,9,C,10,10,2027
67018313,67_67399_5136980,2482768,1S,9,A,5,5,2027
67018313,67_67399_5136980,1446759,2S,9,B,10,10,2027
67018313,67_67399_5136980,C906202-04,2S,9,B,5,5,2027
67018313,67_67399_5136980,1494329,2S,9,A,5,5,2027
67018313,67_67399_5136980,C910203-06,2S,9,A,5,5,2027
67018314,67_67399_5136980,1593920,1S,9,C,5,5,2027
67018314,67_67399_5136980,729423,1S,9,A,5,5,2027
67018314,67_67399_5136980,2075-64,1S,9,C,5,5,2027
67018314,67_67399_5136980,9814-15,1S,9,C,5,5,2027
67018314,67_67399_5136980,1409746,1S,9,B,10,10,2027
67018314,67_67399_5136980,5432-62,1S,9,A,5,5,2027
67018314,67_67399_5136980,3121-00,1S,9,C,5,5,2027
67018314,67_67399_5136980,5991-21,1S,9,B,5,5,2027
67018314,67_67399_5136980,1392762,1S,9,A,5,5,2027
67018314,67_67399_5136980,5693-53,1S,9,A,5,5,2027
67018314,67_67399_5136980,105070,1S,9,B,10,10,2027
67018314,67_67399_5136980,C910202-05,2S,9,B,5,5,2027
67018314,67_67399_5136980,9226-14,2S,9,B,5,5,2027
67018314,67_67399_5136980,05693-3310,2S,9,B,5,5,2027
67018314,67_67399_5136980,C922203-51,2S,9,B,5,5,2027
67018315,67_67399_5136980,2350031,1S,9,B,10,10,2027
67018315,67_67399_5136980,1226-52,1S,9,C,5,5,2027
67018315,67_67399_5136980,C922206-01,1S,9,C,5,5,2027
67018315,67_67399_5136980,C917305-28,1S,9,A,5,5,2027
67018315,67_67399_5136980,Jan-88,1S,9,A,5,5,2027
67018315,67_67399_5136980,3068-50,1S,9,A,5,5,2027
67018315,67_67399_5136980,216592,1S,9,B,10,10,2027
67018315,67_67399_5136980,C925402-07,1S,9,A,5,5,2027
67018315,67_67399_5136980,0061-51,1S,9,C,5,5,2027
67018315,67_67399_5136980,108174,1S,9,A,5,5,2027
67018315,67_67399_5136980,C910202-13,1S,9,A,5,5,2027
67018315,67_67399_5136980,1464655,2S,9,A,10,10,2027
67018315,67_67399_5136980,9104015-51,2S,9,A,5,5,2027
67018315,67_67399_5136980,9226-15,2S,9,B,5,5,2027
67018315,67_67399_5136980,1276-55,2S,9,B,5,5,2027
67018316,67_67399_5136980,2075-67,1S,9,C,5,5,2027
67018316,67_67399_5136980,C930301-02,1S,9,B,10,10,2027
67018316,67_67399_5136980,8697-012,1S,9,F,5,0,2027
67018316,67_67399_5136980,5819-24,1S,9,A,10,10,2027
67018316,67_67399_5136980,6215-60,1S,9,B,5,5,2027
67018316,67_67399_5136980,446813,1S,9,A,5,5,2027
67018316,67_67399_5136980,1494452,1S,9,C,5,5,2027
67018316,67_67399_5136980,9104016-23,1S,9,A,5,5,2027
67018316,67_67399_5136980,C910430-02,1S,9,A,5,5,2027
67018316,67_67399_5136980,C8421003-53,1S,9,B,15,15,2027
67018316,67_67399_5136980,2890621,1S,9,C,5,5,2027
67018316,67_67399_5136980,1446848,2S,9,A,10,10,2027
67018316,67_67399_5136980,C922701-01,2S,9,A,10,10,2027
67018317,67_67399_5136980,C9104006-02,1S,9,B,5,5,2027
67018317,67_67399_5136980,101630,1S,9,A,10,10,2027
67018317,67_67399_5136980,0215-08,1S,9,B,10,10,2027
67018317,67_67399_5136980,1790-21,1S,9,D,5,5,2027
67018317,67_67399_5136980,994312,1S,9,C,5,5,2027
67018317,67_67399_5136980,64376,1S,9,A,5,5,2027
67018317,67_67399_5136980,0915-70,1S,9,B,10,10,2027
67018317,67_67399_5136980,1290159,1S,9,A,5,5,2027
67018317,67_67399_5136980,217381,1S,9,A,10,10,2027
67018317,67_67399_5136980,98039,1S,9,A,5,5,2027
67018317,67_67399_5136980,1286-06,1S,9,A,5,5,2027
67018317,67_67399_5136980,005693-236,2S,9,B,5,5,2027
67018317,67_67399_5136980,1254-03,2S,9,A,5,5,2027
67018318,67_67399_5136980,C910204-13,1S,9,C,5,5,2027
67018318,67_67399_5136980,657985,1S,9,A,10,10,2027
67018318,67_67399_5136980,2076-42,1S,9,A,5,5,2027
67018318,67_67399_5136980,C924508-01,1S,9,A,5,5,2027
67018318,67_67399_5136980,7651-71,1S,9,C,10,10,2027
67018318,67_67399_5136980,5432-65,1S,9,A,5,5,2027
67018318,67_67399_5136980,C934002-07,1S,9,B,5,5,2027
67018318,67_67399_5136980,1735634,1S,9,A,5,5,2027
67018318,67_67399_5136980,C910415-52,1S,9,A,5,5,2027
67018318,67_67399_5136980,05693-4311,1S,9,B,5,5,2027
67018318,67_67399_5136980,C700001-53,1S,9,C,5,5,2027
67018318,67_67399_5136980,C910201-04,2S,9,B,5,5,2027
67018318,67_67399_5136980,5992-14,2S,9,B,5,5,2027
67018318,67_67399_5136980,5980-56,2S,9,C,10,10,2027
67018319,67_67399_5136980,2271841,1S,9,D,5,5,2027
67018319,67_67399_5136980,1385368,1S,9,C,5,5,2027
67018319,67_67399_5136980,5992-32,1S,9,B,5,5,2027
67018319,67_67399_5136980,C934002-06,1S,9,A,5,5,2027
67018319,67_67399_5136980,6215-50,1S,9,A,5,5,2027
67018319,67_67399_5136980,2099051,1S,9,C,10,10,2027
67018319,67_67399_5136980,2890682,1S,9,A,5,5,2027
67018319,67_67399_5136980,2075-50,1S,9,B,5,5,2027
67018319,67_67399_5136980,886139,1S,9,B,5,5,2027
67018319,67_67399_5136980,C910801-01,1S,9,D,5,5,2027
67018319,67_67399_5136980,C910418-14,2S,9,F,5,0,2027
67018319,67_67399_5136980,2151766,2S,9,C,5,5,2027
67018320,67_67399_5136980,7641-55,1S,9,B,10,10,2027
67018320,67_67399_5136980,3123-18,1S,9,B,5,5,2027
67018320,67_67399_5136980,1494605,1S,9,B,5,5,2027
67018320,67_67399_5136980,C9104008-02,1S,9,C,5,5,2027
67018320,67_67399_5136980,C906201-02,1S,9,C,5,5,2027
67018320,67_67399_5136980,6215-64,1S,9,C,5,5,2027
67018320,67_67399_5136980,9815-19,1S,9,C,5,5,2027
67018320,67_67399_5136980,2076-65,1S,9,B,5,5,2027
67018320,67_67399_5136980,C913001-01,1S,9,A,5,5,2027
67018320,67_67399_5136980,980738,1S,9,B,5,5,2027
67018320,67_67399_5136980,1691805,1S,9,B,5,5,2027
67018320,67_67399_5136980,1710-16,2S,9,B,5,5,2027
67018320,67_67399_5136980,5793-21,2S,9,C,5,5,2027
67018320,67_67399_5136980,4579-53,2S,9,A,5,5,2027
67018321,67_67399_5136980,1254-13,1S,9,C,5,5,2027
67018321,67_67399_5136980,446905,1S,9,B,5,5,2027
67018321,67_67399_5136980,7791-24,1S,9,A,5,5,2027
67018321,67_67399_5136980,5980-53,1S,9,F,10,0,2027
67018321,67_67399_5136980,884405,1S,9,A,10,10,2027
67018321,67_67399_5136980,5432-57,1S,9,A,5,5,2027
67018321,67_67399_5136980,5819-34,1S,9,B,10,10,2027
67018321,67_67399_5136980,C925401-08,1S,9,F,5,0,2027
67018321,67_67399_5136980,63951,1S,9,D,5,5,2027
67018321,67_67399_5136980,2555605,1S,9,C,5,5,2027
67018321,67_67399_5136980,2151705,2S,9,C,5,5,2027
67018322,67_67399_5136980,C922206-01,1S,9,C,5,5,2027
67018322,67_67399_5136980,6683-15,1S,9,B,5,5,2027
67018322,67_67399_5136980,4326-50,1S,9,B,5,5,2027
67018322,67_67399_5136980,2075-62,1S,9,C,5,5,2027
67018322,67_67399_5136980,C925402-08,1S,9,A,5,5,2027
67018322,67_67399_5136980,5819-23,1S,9,C,10,10,2027
67018322,67_67399_5136980,6215-55,1S,9,A,5,5,2027
67018322,67_67399_5136980,1767045,1S,9,C,5,5,2027
67018322,67_67399_5136980,1790-03,1S,9,B,5,5,2027
67018322,67_67399_5136980,C906202-03,1S,9,A,5,5,2027
67018322,67_67399_5136980,2380319,1S,9,C,10,10,2027
67018322,67_67399_5136980,2356606,2S,9,C,10,10,2027
67018322,67_67399_5136980,C917305-10,2S,9,A,5,5,2027
67018322,67_67399_5136980,1226-52,2S,9,A,5,5,2027
67018323,67_67399_5136980,645811,1S,9,A,10,10,2027
67018323,67_67399_5136980,C910400605,1S,9,B,5,5,2027
67018323,67_67399_5136980,1859,1S,9,F,5,0,2027
67018323,67_67399_5136980,446022,1S,9,F,5,0,2027
67018323,67_67399_5136980,3038-51,1S,9,B,5,5,2027
67018323,67_67399_5136980,7641-52,1S,9,F,10,0,2027
67018323,67_67399_5136980,9814-17,1S,9,D,5,5,2027
67018323,67_67399_5136980,2076-32,1S,9,B,5,5,2027
67018323,67_67399_5136980,655703,1S,9,B,10,10,2027
67018323,67_67399_5136980,1748599,1S,9,B,5,5,2027
67018323,67_67399_5136980,C910415-54,1S,9,A,5,5,2027
67018323,67_67399_5136980,7708-53,2S,9,A,5,5,2027
67018323,67_67399_5136980,C922001-52,2S,9,C,5,5,2027
67018324,67_67399_5136980,111066,1S,9,C,5,5,2027
67018324,67_67399_5136980,C934001-06,1S,9,C,5,5,2027
67018324,67_67399_5136980,2076-57,1S,9,C,5,5,2027
67018324,67_67399_5136980,C908001-01,1S,9,A,5,5,2027
67018324,67_67399_5136980,7651-52,1S,9,B,10,10,2027
67018324,67_67399_5136980,3064-54,1S,9,B,5,5,2027
67018324,67_67399_5136980,C910202-02,1S,9,A,5,5,2027
67018324,67_67399_5136980,C751102-01,1S,9,C,5,5,2027
67018324,67_67399_5136980,C923201-01,1S,9,D,5,5,2027
67018324,67_67399_5136980,C910430-01,1S,9,C,5,5,2027
67018324,67_67399_5136980,1828,1S,9,C,5,5,2027
67018324,67_67399_5136980,1256-14,2S,9,A,5,5,2027
67018324,67_67399_5136980,5793-21,2S,9,F,5,0,2027
67018324,67_67399_5136980,2675769,2S,9,A,5,5,2027
67018325,67_67399_5136980,2075-61,1S,9,A,5,5,2027
67018325,67_67399_5136980,2380288,1S,9,B,10,10,2027
67018325,67_67399_5136980,C922712-01,1S,9,A,10,10,2027
67018325,67_67399_5136980,1422012,1S,9,B,5,5,2027
67018325,67_67399_5136980,2675769,1S,9,A,5,5,2027
67018325,67_67399_5136980,643285,1S,9,B,5,5,2027
67018325,67_67399_5136980,5432-60,1S,9,C,5,5,2027
67018325,67_67399_5136980,2099051,1S,9,A,10,10,2027
67018325,67_67399_5136980,C925401-09,1S,9,A,5,5,2027
67018325,67_67399_5136980,657985,1S,9,B,10,10,2027
67018325,67_67399_5136980,1746773,1S,9,A,5,5,2027
67018325,67_67399_5136980,5793-22,2S,9,A,5,5,2027
67018325,67_67399_5136980,2675800,2S,9,A,5,5,2027
67018325,67_67399_5136980,2137798,2S,9,A,5,5,2027
67018326,67_67399_5136980,5980-59,1S,9,A,10,10,2027
67018326,67_67399_5136980,1693297,1S,9,A,5,5,2027
67018326,67_67399_5136980,C910203-11,1S,9,B,5,5,2027
67018326,67_67399_5136980,0215-01,1S,9,A,10,10,2027
67018326,67_67399_5136980,1735665,1S,9,C,5,5,2027
67018326,67_67399_5136980,446844,1S,9,A,5,5,2027
67018326,67_67399_5136980,6215-62,1S,9,A,5,5,2027
67018326,67_67399_5136980,2493-50,1S,9,B,10,10,2027
67018326,67_67399_5136980,729726,1S,9,A,5,5,2027
67018326,67_67399_5136980,2076-62,1S,9,B,5,5,2027
67018326,67_67399_5136980,2890986,1S,9,B,5,5,2027
67018326,67_67399_5136980,2294150,2S,9,B,5,5,2027
67018326,67_67399_5136980,C922703-01,2S,9,B,10,10,2027
67018326,67_67399_5136980,C917203-50,2S,9,B,5,5,2027
67018326,67_67399_5136980,1256-01,2S,9,C,5,5,2027
67018327,67_67399_5136980,1276-50,1S,9,C,5,5,2027
67018327,67_67399_5136980,5992-19,1S,9,A,5,5,2027
67018327,67_67399_5136980,2293999,1S,9,A,5,5,2027
67018327,67_67399_5136980,C920002-01,1S,9,A,10,10,2027
67018327,67_67399_5136980,2348662,1S,9,B,10,10,2027
67018327,67_67399_5136980,C934001-06,1S,9,C,5,5,2027
67018327,67_67399_5136980,5432-55,1S,9,C,5,5,2027
67018327,67_67399_5136980,1409473,1S,9,C,10,10,2027
67018327,67_67399_5136980,596533,1S,9,B,5,5,2027
67018327,67_67399_5136980,2076-60,1S,9,A,5,5,2027
67018327,67_67399_5136980,107565,1S,9,B,5,5,2027
67018327,67_67399_5136980,C922701-01,2S,9,A,10,10,2027
67018327,67_67399_5136980,9104016-13,2S,9,C,5,5,2027
67018327,67_67399_5136980,C917304-09,2S,9,B,5,5,2027
67018327,67_67399_5136980,1254-19,2S,9,A,5,5,2027
67018328,67_67399_5136980,1874426,1S,9,B,5,5,2027
67018328,67_67399_5136980,1748477,1S,9,A,5,5,2027
67018328,67_67399_5136980,101783,1S,9,C,10,10,2027
67018328,67_67399_5136980,1446728,1S,9,C,10,10,2027
67018328,67_67399_5136980,C922204-51,1S,9,B,5,5,2027
67018328,67_67399_5136980,7791-17,1S,9,A,5,5,2027
67018328,67_67399_5136980,C934001-06,1S,9,C,5,5,2027
67018328,67_67399_5136980,5432-60,1S,9,A,5,5,2027
67018328,67_67399_5136980,2097164,1S,9,B,10,10,2027
67018328,67_67399_5136980,C925401-07,1S,9,B,5,5,2027
67018328,67_67399_5136980,0062-53,1S,9,B,5,5,2027
67018328,67_67399_5136980,1748722,2S,9,A,5,5,2027
67018328,67_67399_5136980,1883-09,2S,9,B,5,5,2027
67018328,67_67399_5136980,C917305-08,2S,9,A,5,5,2027
67018329,67_67399_5136980,2360929,1S,9,B,10,10,2027
67018329,67_67399_5136980,C900302-01,1S,9,F,5,0,2027
67018329,67_67399_5136980,0061-54,1S,9,B,5,5,2027
67018329,67_67399_5136980,C925401-04,1S,9,A,5,5,2027
67018329,67_67399_5136980,1409746,1S,9,B,10,10,2027
67018329,67_67399_5136980,5432-51,1S,9,C,5,5,2027
67018329,67_67399_5136980,993858,1S,9,B,5,5,2027
67018329,67_67399_5136980,C917304-06,1S,9,A,5,5,2027
67018329,67_67399_5136980,5693-22,1S,9,C,5,5,2027
67018329,67_67399_5136980,C920003-01,1S,9,C,10,10,2027
67018329,67_67399_5136980,104858,1S,9,B,10,10,2027
67018329,67_67399_5136980,1748752,2S,9,C,5,5,2027
67018329,67_67399_5136980,2252,2S,9,A,5,5,2027
67018329,67_67399_5136980,1385458,2S,9,A,5,5,2027
67018329,67_67399_5136980,C9104009-5,2S,9,B,5,5,2027
67018330,67_67399_5136980,1254-17,1S,9,B,5,5,2027
67018330,67_67399_5136980,C751101-01,1S,9,B,5,5,2027
67018330,67_67399_5136980,C9104007-11,1S,9,B,5,5,2027
67018330,67_67399_5136980,1883-09,1S,9,A,5,5,2027
67018330,67_67399_5136980,1494726,1S,9,A,5,5,2027
67018330,67_67399_5136980,446724,1S,9,B,5,5,2027
67018330,67_67399_5136980,3037-53,1S,9,A,5,5,2027
67018330,67_67399_5136980,C931601-01,1S,9,C,10,10,2027
67018330,67_67399_5136980,9815-51,1S,9,C,5,5,2027
67018330,67_67399_5136980,2076-68,1S,9,A,5,5,2027
67018330,67_67399_5136980,2555605,1S,9,B,5,5,2027
67018330,67_67399_5136980,9104016-32,2S,9,B,5,5,2027
67018330,67_67399_5136980,1710-11,2S,9,A,5,5,2027
67018330,67_67399_5136980,6687-14,2S,9,B,5,5,2027
67018331,67_67399_5136980,1592856,1S,9,B,5,5,2027
67018331,67_67399_5136980,2275494,1S,9,A,10,10,2027
67018331,67_67399_5136980,2075-62,1S,9,A,5,5,2027
67018331,67_67399_5136980,C924508-01,1S,9,B,5,5,2027
67018331,67_67399_5136980,7651-74,1S,9,C,10,10,2027
67018331,67_67399_5136980,C7171002-01,1S,9,B,5,5,2027
67018331,67_67399_5136980,448519,1S,9,B,5,5,2027
67018331,67_67399_5136980,1494240,1S,9,B,5,5,2027
67018331,67_67399_5136980,C923203-01,1S,9,B,5,5,2027
67018331,67_67399_5136980,1850-05,1S,9,A,5,5,2027
67018331,67_67399_5136980,101721,1S,9,B,10,10,2027
67018331,67_67399_5136980,8697-52,2S,9,C,5,5,2027
67018331,67_67399_5136980,2675859,2S,9,A,5,5,2027
67018331,67_67399_5136980,C920006-02,2S,9,A,10,10,2027
67018331,67_67399_5136980,C923203-03,2S,9,B,5,5,2027
67018332,67_67399_5136980,101813,1S,9,B,10,10,2027
67018332,67_67399_5136980,C922006-01,1S,9,B,5,5,2027
67018332,67_67399_5136980,2294272,1S,9,B,5,5,2027
67018332,67_67399_5136980,C917305-20,1S,9,C,5,5,2027
67018332,67_67399_5136980,C934002-06,1S,9,A,5,5,2027
67018332,67_67399_5136980,3068-53,1S,9,B,5,5,2027
67018332,67_67399_5136980,1431691,1S,9,B,10,10,2027
67018332,67_67399_5136980,2890835,1S,9,B,5,5,2027
67018332,67_67399_5136980,0062-54,1S,9,A,5,5,2027
67018332,67_67399_5136980,2281338,1S,9,A,10,10,2027
67018332,67_67399_5136980,1276-50,1S,9,B,5,5,2027
67018332,67_67399_5136980,298436,2S,9,C,10,10,2027
67018332,67_67399_5136980,2676103,2S,9,A,5,5,2027
67018332,67_67399_5136980,6683-16,2S,9,A,5,5,2027
67018333,67_67399_5136980,645417,1S,9,C,5,5,2027
67018333,67_67399_5136980,9814-24,1S,9,C,5,5,2027
67018333,67_67399_5136980,2076-60,1S,9,C,5,5,2027
67018333,67_67399_5136980,729392,1S,9,B,5,5,2027
67018333,67_67399_5136980,1254-11,1S,9,C,5,5,2027
67018333,67_67399_5136980,2273302,1S,9,A,5,5,2027
67018333,67_67399_5136980,2294211,1S,9,B,5,5,2027
67018333,67_67399_5136980,C922001-53,1S,9,B,5,5,2027
67018333,67_67399_5136980,1494482,1S,9,A,5,5,2027
67018333,67_67399_5136980,217473,1S,9,A,10,10,2027
67018333,67_67399_5136980,3037-53,1S,9,C,5,5,2027
67018333,67_67399_5136980,2137826,2S,9,C,5,5,2027
67018333,67_67399_5136980,1850-09,2S,9,A,5,5,2027
67018333,67_67399_5136980,1726-01,2S,9,C,5,5,2027
67018334,67_67399_5136980,C910202-02,1S,9,B,5,5,2027
67018334,67_67399_5136980,May-54,1S,9,C,5,5,2027
67018334,67_67399_5136980,C906201-02,1S,9,F,5,0,2027
67018334,67_67399_5136980,0005910-33,1S,9,D,10,10,2027
67018334,67_67399_5136980,9226-41,1S,9,A,5,5,2027
67018334,67_67399_5136980,993858,1S,9,A,5,5,2027
67018334,67_67399_5136980,1577970,1S,9,B,5,5,2027
67018334,67_67399_5136980,1409532,1S,9,B,10,10,2027
67018334,67_67399_5136980,9814-19,1S,9,A,5,5,2027
67018334,67_67399_5136980,2076-56,1S,9,B,5,5,2027
67018334,67_67399_5136980,2281397,1S,9,D,10,10,2027
67018334,67_67399_5136980,1593980,2S,9,C,5,5,2027
67018334,67_67399_5136980,2293999,2S,9,F,5,0,2027
67018334,67_67399_5136980,1494360,2S,9,A,5,5,2027
67018335,67_67399_5136980,1593614,1S,9,C,5,5,2027
67018335,67_67399_5136980,5910-022,1S,9,A,10,10,2027
67018335,67_67399_5136980,C910416-59,1S,9,A,5,5,2027
67018335,67_67399_5136980,2076-61,1S,9,B,5,5,2027
67018335,67_67399_5136980,9814-51,1S,9,A,5,5,2027
67018335,67_67399_5136980,1409563,1S,9,A,10,10,2027
67018335,67_67399_5136980,3064-53,1S,9,B,5,5,2027
67018335,67_67399_5136980,446966,1S,9,A,5,5,2027
67018335,67_67399_5136980,2675950,1S,9,A,5,5,2027
67018335,67_67399_5136980,7383-50,1S,9,B,10,10,2027
67018335,67_67399_5136980,1691836,1S,9,A,5,5,2027
67018335,67_67399_5136980,1284-06,2S,9,B,5,5,2027
67018335,67_67399_5136980,1421951,2S,9,B,5,5,2027
67018335,67_67399_5136980,9104015-31,2S,9,B,5,5,2027
67018335,67_67399_5136980,2151766,2S,9,B,5,5,2027
67018336,67_67399_5136980,C740001-03,1S,9,A,5,5,2027
67018336,67_67399_5136980,1850-03,1S,9,A,5,5,2027
67018336,67_67399_5136980,1422073,1S,9,A,5,5,2027
67018336,67_67399_5136980,C917304-14,1S,9,A,5,5,2027
67018336,67_67399_5136980,645386,1S,9,B,5,5,2027
67018336,67_67399_5136980,622406,1S,9,A,5,5,2027
67018336,67_67399_5136980,2097741,1S,9,B,10,10,2027
67018336,67_67399_5136980,3533-15,1S,9,D,5,5,2027
67018336,67_67399_5136980,2076-59,1S,9,B,5,5,2027
67018336,67_67399_5136980,4326-50,1S,9,A,5,5,2027
67018336,67_67399_5136980,C910802-02,1S,9,C,5,5,2027
67018336,67_67399_5136980,9104016-22,2S,9,C,5,5,2027
67018336,67_67399_5136980,5992-22,2S,9,C,5,5,2027
67018336,67_67399_5136980,1746865,2S,9,F,5,0,2027
67018337,67_67399_5136980,C9104008-01,1S,9,B,5,5,2027
67018337,67_67399_5136980,5819-29,1S,9,C,10,10,2027
67018337,67_67399_5136980,6215-53,1S,9,B,5,5,2027
67018337,67_67399_5136980,C713101-03,1S,9,B,5,5,2027
67018337,67_67399_5136980,C917304-17,1S,9,A,5,5,2027
67018337,67_67399_5136980,2890712,1S,9,B,5,5,2027
67018337,67_67399_5136980,0061-52,1S,9,B,5,5,2027
67018337,67_67399_5136980,729726,1S,9,A,5,5,2027
67018337,67_67399_5136980,1256-21,1S,9,C,5,5,2027
67018337,67_67399_5136980,C700001-50,1S,9,A,5,5,2027
67018337,67_67399_5136980,1224-51,1S,9,B,5,5,2027
67018337,67_67399_5136980,7791-13,2S,9,B,5,5,2027
67018337,67_67399_5136980,C910204-20,2S,9,A,5,5,2027
67018337,67_67399_5136980,005693-537,2S,9,B,5,5,2027
67018338,67_67399_5136980,446236,1S,9,B,5,5,2027
67018338,67_67399_5136980,9226-17,1S,9,C,5,5,2027
67018338,67_67399_5136980,C910429-01,1S,9,B,5,5,2027
67018338,67_67399_5136980,C923202-01,1S,9,B,5,5,2027
67018338,67_67399_5136980,101721,1S,9,A,10,10,2027
67018338,67_67399_5136980,6683-17,1S,9,A,5,5,2027
67018338,67_67399_5136980,5432-59,1S,9,B,5,5,2027
67018338,67_67399_5136980,5819-21,1S,9,B,10,10,2027
67018338,67_67399_5136980,111432,1S,9,C,5,5,2027
67018338,67_67399_5136980,2076-52,1S,9,B,5,5,2027
67018338,67_67399_5136980,729969,1S,9,A,5,5,2027
67018338,67_67399_5136980,2675981,2S,9,B,5,5,2027
67018338,67_67399_5136980,5980-59,2S,9,B,10,10,2027
67018338,67_67399_5136980,C9104006-03,2S,9,A,5,5,2027
67018338,67_67399_5136980,7708-53,2S,9,B,5,5,2027
67018339,67_67399_5136980,7702-60,1S,9,A,5,5,2027
67018339,67_67399_5136980,730181,1S,9,A,5,5,2027
67018339,67_67399_5136980,2076-50,1S,9,A,5,5,2027
67018339,67_67399_5136980,9815-29,1S,9,C,5,5,2027
67018339,67_67399_5136980,1409473,1S,9,B,10,10,2027
67018339,67_67399_5136980,994312,1S,9,B,5,5,2027
67018339,67_67399_5136980,1790-19,1S,9,B,5,5,2027
67018339,67_67399_5136980,1458536,1S,9,A,5,5,2027
67018339,67_67399_5136980,C910416-59,1S,9,A,5,5,2027
67018339,67_67399_5136980,C8410003-21,1S,9,A,15,15,2027
67018339,67_67399_5136980,1577880,1S,9,B,5,5,2027
67018339,67_67399_5136980,C910202-10,2S,9,A,5,5,2027
67018339,67_67399_5136980,2151797,2S,9,A,5,5,2027
67018339,67_67399_5136980,C9104009-03,2S,9,B,5,5,2027
67018340,67_67399_5136980,3898-55,1S,9,B,5,5,2027
67018340,67_67399_5136980,4578-53,1S,9,C,5,5,2027
67018340,67_67399_5136980,2076-50,1S,9,C,5,5,2027
67018340,67_67399_5136980,2890562,1S,9,C,5,5,2027
67018340,67_67399_5136980,3038-52,1S,9,A,5,5,2027
67018340,67_67399_5136980,C934002-02,1S,9,B,5,5,2027
67018340,67_67399_5136980,7791-22,1S,9,B,5,5,2027
67018340,67_67399_5136980,2294030,1S,9,B,5,5,2027
67018340,67_67399_5136980,C9104012-01,1S,9,C,5,5,2027
67018340,67_67399_5136980,C795201-01,1S,9,C,5,5,2027
67018340,67_67399_5136980,1431691,1S,9,A,10,10,2027
67018340,67_67399_5136980,2101608,2S,9,A,5,5,2027
67018340,67_67399_5136980,1198028,2S,9,B,5,5,2027
67018340,67_67399_5136980,1850-09,2S,9,A,5,5,2027
67018340,67_67399_5136980,C910417-07,2S,9,A,5,5,2027
67018341,67_67399_5136980,2349972,1S,9,B,10,10,2027
67018341,67_67399_5136980,0215-07,1S,9,B,10,10,2027
67018341,67_67399_5136980,C910418-06,1S,9,A,5,5,2027
67018341,67_67399_5136980,C917401-01,1S,9,A,5,5,2027
67018341,67_67399_5136980,3123-17,1S,9,A,5,5,2027
67018341,67_67399_5136980,C932202-02,1S,9,B,5,5,2027
67018341,67_67399_5136980,5819-15,1S,9,B,10,10,2027
67018341,67_67399_5136980,596563,1S,9,A,5,5,2027
67018341,67_67399_5136980,0061-52,1S,9,A,5,5,2027
67018341,67_67399_5136980,657863,1S,9,A,10,10,2027
67018341,67_67399_5136980,4579-52,1S,9,A,5,5,2027
67018341,67_67399_5136980,C9104007-04,2S,9,B,5,5,2027
67018341,67_67399_5136980,1790-12,2S,9,B,5,5,2027
67018341,67_67399_5136980,1286-06,2S,9,A,5,5,2027
67018342,67_67399_5136980,9814-21,1S,9,A,5,5,2027
67018342,67_67399_5136980,1746743,1S,9,C,5,5,2027
67018342,67_67399_5136980,730242,1S,9,A,5,5,2027
67018342,67_67399_5136980,2076-61,1S,9,A,5,5,2027
67018342,67_67399_5136980,1431721,1S,9,C,10,10,2027
67018342,67_67399_5136980,1579341,1S,9,C,5,5,2027
67018342,67_67399_5136980,C934002-07,1S,9,B,5,5,2027
67018342,67_67399_5136980,C917305-20,1S,9,C,5,5,2027
67018342,67_67399_5136980,C910418-12,1S,9,C,5,5,2027
67018342,67_67399_5136980,1883-10,1S,9,A,5,5,2027
67018342,67_67399_5136980,2348601,1S,9,B,10,10,2027
67018342,67_67399_5136980,2099476,2S,9,A,5,5,2027
67018342,67_67399_5136980,2675800,2S,9,B,5,5,2027
67018342,67_67399_5136980,C910415-52,2S,9,C,5,5,2027
67018343,67_67399_5136980,1593221,1S,9,A,5,5,2027
67018343,67_67399_5136980,1520750,1S,9,A,10,10,2027
67018343,67_67399_5136980,0061-50,1S,9,A,5,5,2027
67018343,67_67399_5136980,111401,1S,9,A,5,5,2027
67018343,67_67399_5136980,7651-60,1S,9,B,10,10,2027
67018343,67_67399_5136980,3038-53,1S,9,A,5,5,2027
67018343,67_67399_5136980,723913,1S,9,C,5,5,2027
67018343,67_67399_5136980,5992-32,1S,9,A,5,5,2027
67018343,67_67399_5136980,C910418-11,1S,9,A,5,5,2027
67018343,67_67399_5136980,C920003-02,1S,9,B,10,10,2027
67018343,67_67399_5136980,101599,1S,9,C,10,10,2027
67018343,67_67399_5136980,2356546,2S,9,B,10,10,2027
67018343,67_67399_5136980,1887,2S,9,C,5,5,2027
67018343,67_67399_5136980,C922007-01,2S,9,A,5,5,2027
67018344,67_67399_5136980,C7171001-02,1S,9,A,5,5,2027
67018344,67_67399_5136980,2002686,1S,9,A,10,10,2027
67018344,67_67399_5136980,2075-59,1S,9,B,5,5,2027
67018344,67_67399_5136980,596474,1S,9,C,5,5,2027
67018344,67_67399_5136980,5819-30,1S,9,B,10,10,2027
67018344,67_67399_5136980,C910202-09,1S,9,B,5,5,2027
67018344,67_67399_5136980,3123-14,1S,9,A,5,5,2027
67018344,67_67399_5136980,1710-05,1S,9,A,5,5,2027
67018344,67_67399_5136980,1392703,1S,9,A,5,5,2027
67018344,67_67399_5136980,298436,1S,9,C,10,10,2027
67018344,67_67399_5136980,C751001-01,1S,9,A,5,5,2027
67018344,67_67399_5136980,C910204-07,2S,9,B,5,5,2027
67018344,67_67399_5136980,2224,2S,9,B,5,5,2027
67018344,67_67399_5136980,C910417-04,2S,9,B,5,5,2027
67018345,67_67399_5136980,C9104007-03,1S,9,C,5,5,2027
67018345,67_67399_5136980,9104016-13,1S,9,A,5,5,2027
67018345,67_67399_5136980,C917305-08,1S,9,A,5,5,2027
67018345,67_67399_5136980,643285,1S,9,B,5,5,2027
67018345,67_67399_5136980,1290098,1S,9,B,5,5,2027
67018345,67_67399_5136980,5819-20,1S,9,B,10,10,2027
67018345,67_67399_5136980,9815-33,1S,9,C,5,5,2027
67018345,67_67399_5136980,2076-56,1S,9,A,5,5,2027
67018345,67_67399_5136980,729512,1S,9,C,5,5,2027
67018345,67_67399_5136980,736696,1S,9,C,10,10,2027
67018345,67_67399_5136980,7702-57,1S,9,A,5,5,2027
67018345,67_67399_5136980,C9104007-13,2S,9,B,5,5,2027
67018345,67_67399_5136980,1392672,2S,9,A,5,5,2027
67018345,67_67399_5136980,1494818,2S,9,C,5,5,2027
67018345,67_67399_5136980,C910204-09,2S,9,B,5,5,2027
67018346,67_67399_5136980,1421892,1S,9,A,5,5,2027
67018346,67_67399_5136980,2294272,1S,9,C,5,5,2027
67018346,67_67399_5136980,C917305-28,1S,9,A,5,5,2027
67018346,67_67399_5136980,3121-17,1S,9,C,5,5,2027
67018346,67_67399_5136980,3068-52,1S,9,B,5,5,2027
67018346,67_67399_5136980,5819-14,1S,9,A,10,10,2027
67018346,67_67399_5136980,596563,1S,9,A,5,5,2027
67018346,67_67399_5136980,0062-52,1S,9,C,5,5,2027
67018346,67_67399_5136980,1918255,1S,9,A,10,10,2027
67018346,67_67399_5136980,C910203-11,1S,9,A,5,5,2027
67018346,67_67399_5136980,1414768,1S,9,B,10,10,2027
67018346,67_67399_5136980,1790-20,2S,9,A,5,5,2027
67018346,67_67399_5136980,8364-50,2S,9,B,10,10,2027
67018346,67_67399_5136980,C923201-01,2S,9,A,5,5,2027
67018347,67_67399_5136980,5693-53,1S,9,B,5,5,2027
67018347,67_67399_5136980,C910203-16,1S,9,B,5,5,2027
67018347,67_67399_5136980,4792-50,1S,9,A,5,5,2027
67018347,67_67399_5136980,2076-51,1S,9,B,5,5,2027
67018347,67_67399_5136980,C924502-50,1S,9,C,5,5,2027
67018347,67_67399_5136980,1409716,1S,9,B,10,10,2027
67018347,67_67399_5136980,5432-60,1S,9,B,5,5,2027
67018347,67_67399_5136980,C934002-06,1S,9,B,5,5,2027
67018347,67_67399_5136980,C923204-02,1S,9,A,5,5,2027
67018347,67_67399_5136980,C9104007-07,1S,9,A,5,5,2027
67018347,67_67399_5136980,C700002-53,1S,9,A,5,5,2027
67018347,67_67399_5136980,2137767,2S,9,A,5,5,2027
67018347,67_67399_5136980,C917304-17,2S,9,C,5,5,2027
67018347,67_67399_5136980,C910417-03,2S,9,A,5,5,2027
67018348,67_67399_5136980,C910201-07,1S,9,A,5,5,2027
67018348,67_67399_5136980,2075-65,1S,9,A,5,5,2027
67018348,67_67399_5136980,9815-34,1S,9,B,5,5,2027
67018348,67_67399_5136980,2097649,1S,9,B,10,10,2027
67018348,67_67399_5136980,5432-51,1S,9,A,5,5,2027
67018348,67_67399_5136980,725433,1S,9,B,5,5,2027
67018348,67_67399_5136980,C917304-08,1S,9,B,5,5,2027
67018348,67_67399_5136980,1850-09,1S,9,C,5,5,2027
67018348,67_67399_5136980,0215-02,1S,9,B,10,10,2027
67018348,67_67399_5136980,C717201-01,1S,9,A,5,5,2027
67018348,67_67399_5136980,1022347,1S,9,B,10,10,2027
67018348,67_67399_5136980,6682-14,2S,9,C,5,5,2027
67018348,67_67399_5136980,5992-22,2S,9,A,5,5,2027
67018348,67_67399_5136980,C910400850,2S,9,A,5,5,2027
67018349,67_67399_5136980,C908002-01,1S,9,A,5,5,2027
67018349,67_67399_5136980,2075-41,1S,9,A,5,5,2027
67018349,67_67399_5136980,C925401-01,1S,9,B,5,5,2027
67018349,67_67399_5136980,7641-59,1S,9,B,10,10,2027
67018349,67_67399_5136980,3064-53,1S,9,B,5,5,2027
67018349,67_67399_5136980,3123-14,1S,9,A,5,5,2027
67018349,67_67399_5136980,C917304-08,1S,9,B,5,5,2027
67018349,67_67399_5136980,C910202-09,1S,9,B,5,5,2027
67018349,67_67399_5136980,298464,1S,9,C,10,10,2027
67018349,67_67399_5136980,1421923,1S,9,B,5,5,2027
67018349,67_67399_5136980,C853001-03,1S,9,A,5,5,2027
67018349,67_67399_5136980,1746712,2S,9,B,5,5,2027
67018349,67_67399_5136980,5693-032,2S,9,C,5,5,2027
67018349,67_67399_5136980,C917303-01,2S,9,B,5,5,2027
67018350,67_67399_5136980,657804,1S,9,C,10,10,2027
67018350,67_67399_5136980,2075-65,1S,9,D,5,5,2027
67018350,67_67399_5136980,9814-17,1S,9,B,5,5,2027
67018350,67_67399_5136980,1431387,1S,9,C,10,10,2027
67018350,67_67399_5136980,3038-52,1S,9,B,5,5,2027
67018350,67_67399_5136980,446144,1S,9,A,5,5,2027
67018350,67_67399_5136980,1710-05,1S,9,C,5,5,2027
67018350,67_67399_5136980,2294181,1S,9,A,5,5,2027
67018350,67_67399_5136980,0215-07,1S,9,B,10,10,2027
67018350,67_67399_5136980,C700001-54,1S,9,B,5,5,2027
67018350,67_67399_5136980,C910203-07,1S,9,A,5,5,2027
67018350,67_67399_5136980,C910203-08,2S,9,B,5,5,2027
67018350,67_67399_5136980,9104016-23,2S,9,B,5,5,2027
67018351,67_67399_5136980,3899-54,1S,9,A,5,5,2027
67018351,67_67399_5136980,C922002-50,1S,9,A,5,5,2027
67018351,67_67399_5136980,1256-05,1S,9,A,5,5,2027
67018351,67_67399_5136980,1414646,1S,9,B,10,10,2027
67018351,67_67399_5136980,5693-53,1S,9,C,5,5,2027
67018351,67_67399_5136980,C917203-50,1S,9,B,5,5,2027
67018351,67_67399_5136980,447027,1S,9,B,5,5,2027
67018351,67_67399_5136980,C932202-50,1S,9,B,5,5,2027
67018351,67_67399_5136980,2098411,1S,9,B,10,10,2027
67018351,67_67399_5136980,2890774,1S,9,A,5,5,2027
67018351,67_67399_5136980,2075-31,1S,9,B,5,5,2027
67018351,67_67399_5136980,8697-18,2S,9,A,5,5,2027
67018351,67_67399_5136980,1494909,2S,9,B,5,5,2027
67018351,67_67399_5136980,C9104007-12,2S,9,C,5,5,2027
67018351,67_67399_5136980,1850-08,2S,9,C,5,5,2027
67018352,67_67399_5136980,2293756,1S,9,A,5,5,2027
67018352,67_67399_5136980,1790-04,1S,9,A,5,5,2027
67018352,67_67399_5136980,446905,1S,9,A,5,5,2027
67018352,67_67399_5136980,6215-55,1S,9,B,5,5,2027
67018352,67_67399_5136980,2098380,1S,9,C,10,10,2027
67018352,67_67399_5136980,9815-50,1S,9,D,5,5,2027
67018352,67_67399_5136980,2076-62,1S,9,A,5,5,2027
67018352,67_67399_5136980,C913002-01,1S,9,C,5,5,2027
67018352,67_67399_5136980,5693-51,1S,9,A,5,5,2027
67018352,67_67399_5136980,1280-54,1S,9,B,5,5,2027
67018352,67_67399_5136980,2274763,1S,9,B,5,5,2027
67018352,67_67399_5136980,5980-57,2S,9,A,10,10,2027
67018352,67_67399_5136980,1280-52,2S,9,A,5,5,2027
67018352,67_67399_5136980,C917401-03,2S,9,A,5,5,2027
67018353,67_67399_5136980,2075-58,1S,9,A,5,5,2027
67018353,67_67399_5136980,C700002-53,1S,9,B,5,5,2027
67018353,67_67399_5136980,1421982,1S,9,B,5,5,2027
67018353,67_67399_5136980,C910416-55,1S,9,A,5,5,2027
67018353,67_67399_5136980,C917305-27,1S,9,A,5,5,2027
67018353,67_67399_5136980,3121-18,1S,9,A,5,5,2027
67018353,67_67399_5136980,6215-51,1S,9,B,5,5,2027
67018353,67_67399_5136980,1431630,1S,9,B,10,10,2027
67018353,67_67399_5136980,57527,1S,9,A,5,5,2027
67018353,67_67399_5136980,641734,1S,9,B,5,5,2027
67018353,67_67399_5136980,7708-53,1S,9,A,5,5,2027
67018353,67_67399_5136980,C9104006-02,2S,9,A,5,5,2027
67018353,67_67399_5136980,1790-20,2S,9,B,5,5,2027
67018353,67_67399_5136980,1747169,2S,9,A,5,5,2027
67018354,67_67399_5136980,1746926,1S,9,A,5,5,2027
67018354,67_67399_5136980,0915-12,1S,9,A,10,10,2027
67018354,67_67399_5136980,63920,1S,9,B,5,5,2027
67018354,67_67399_5136980,9814-20,1S,9,B,5,5,2027
67018354,67_67399_5136980,C931601-02,1S,9,B,10,10,2027
67018354,67_67399_5136980,5432-62,1S,9,A,5,5,2027
67018354,67_67399_5136980,446022,1S,9,A,5,5,2027
67018354,67_67399_5136980,1494909,1S,9,A,5,5,2027
67018354,67_67399_5136980,C906201-04,1S,9,B,5,5,2027
67018354,67_67399_5136980,0005910-33,1S,9,A,10,10,2027
67018354,67_67399_5136980,645842,1S,9,C,10,10,2027
67018354,67_67399_5136980,C910204-08,2S,9,B,5,5,2027
67018354,67_67399_5136980,1735634,2S,9,A,5,5,2027
67018354,67_67399_5136980,C922712-02,2S,9,B,10,10,2027
67018354,67_67399_5136980,0218-06,2S,9,C,10,10,2027
67018355,67_67399_5136980,1874457,1S,9,A,5,5,2027
67018355,67_67399_5136980,2075-52,1S,9,A,5,5,2027
67018355,67_67399_5136980,57377,1S,9,A,5,5,2027
67018355,67_67399_5136980,2097741,1S,9,B,10,10,2027
67018355,67_67399_5136980,3064-50,1S,9,A,5,5,2027
67018355,67_67399_5136980,724003,1S,9,B,5,5,2027
67018355,67_67399_5136980,5992-14,1S,9,A,5,5,2027
67018355,67_67399_5136980,0005910-33,1S,9,B,10,10,2027
67018355,67_67399_5136980,C740001-01,1S,9,B,5,5,2027
67018355,67_67399_5136980,C910201-11,1S,9,C,5,5,2027
67018355,67_67399_5136980,C930302-02,1S,9,B,10,10,2027
67018355,67_67399_5136980,6683-16,2S,9,A,5,5,2027
67018355,67_67399_5136980,C906201-02,2S,9,A,5,5,2027
67018355,67_67399_5136980,9104016-32,2S,9,A,5,5,2027
67018355,67_67399_5136980,1494543,2S,9,A,5,5,2027
67018356,67_67399_5136980,C922006-01,1S,9,A,5,5,2027
67018356,67_67399_5136980,C910702-01,1S,9,A,5,5,2027
67018356,67_67399_5136980,64316,1S,9,A,5,5,2027
67018356,67_67399_5136980,100079,1S,9,A,5,5,2027
67018356,67_67399_5136980,1431507,1S,9,A,10,10,2027
67018356,67_67399_5136980,1577880,1S,9,C,5,5,2027
67018356,67_67399_5136980,446053,1S,9,B,5,5,2027
67018356,67_67399_5136980,9226-14,1S,9,A,5,5,2027
67018356,67_67399_5136980,1458447,1S,9,B,5,5,2027
67018356,67_67399_5136980,644776,1S,9,B,10,10,2027
67018356,67_67399_5136980,2046090,1S,9,B,5,5,2027
67018356,67_67399_5136980,1592856,2S,9,B,5,5,2027
67018356,67_67399_5136980,1206794,2S,9,A,10,10,2027
67018356,67_67399_5136980,1790-14,2S,9,A,5,5,2027
67018357,67_67399_5136980,2076-32,1S,9,A,5,5,2027
67018357,67_67399_5136980,C934001-12,1S,9,A,5,5,2027
67018357,67_67399_5136980,C917303-02,1S,9,A,5,5,2027
67018357,67_67399_5136980,C910418-10,1S,9,A,5,5,2027
67018357,67_67399_5136980,C910418-10,1S,9,A,5,5,2027
67018357,67_67399_5136980,101660,1S,9,B,10,10,2027
67018357,67_67399_5136980,C910201-14,1S,9,C,5,5,2027
67018357,67_67399_5136980,1022316,1S,9,C,10,10,2027
67018357,67_67399_5136980,C931602-04,1S,9,A,10,10,2027
67018357,67_67399_5136980,C924502-03,1S,9,B,5,5,2027
67018357,67_67399_5136980,1577909,1S,9,B,5,5,2027
67018357,67_67399_5136980,5991-15,2S,9,A,5,5,2027
67018357,67_67399_5136980,C906201-02,2S,9,A,5,5,2027
67018357,67_67399_5136980,1254-14,2S,9,B,5,5,2027
67018358,67_67399_5136980,4578-50,1S,9,A,5,5,2027
67018358,67_67399_5136980,108174,1S,9,B,5,5,2027
67018358,67_67399_5136980,63920,1S,9,C,5,5,2027
67018358,67_67399_5136980,97216,1S,9,A,5,5,2027
67018358,67_67399_5136980,1409504,1S,9,B,10,10,2027
67018358,67_67399_5136980,6215-62,1S,9,B,5,5,2027
67018358,67_67399_5136980,3123-14,1S,9,B,5,5,2027
67018358,67_67399_5136980,1710-13,1S,9,B,5,5,2027
67018358,67_67399_5136980,C910400605,1S,9,B,5,5,2027
67018358,67_67399_5136980,2380319,1S,9,C,10,10,2027
67018358,67_67399_5136980,C923204-01,1S,9,B,5,5,2027
67018358,67_67399_5136980,C9104008-02,2S,9,A,5,5,2027
67018358,67_67399_5136980,C910430-02,2S,9,A,5,5,2027
67018358,67_67399_5136980,1494452,2S,9,A,5,5,2027
67018358,67_67399_5136980,C910203-02,2S,9,B,5,5,2027
67018359,67_67399_5136980,C922206-01,1S,9,C,5,5,2027
67018359,67_67399_5136980,C700001-54,1S,9,B,5,5,2027
67018359,67_67399_5136980,C9104009-50,1S,9,A,5,5,2027
67018359,67_67399_5136980,C917303-01,1S,9,A,5,5,2027
67018359,67_67399_5136980,446752,1S,9,A,5,5,2027
67018359,67_67399_5136980,6215-61,1S,9,B,5,5,2027
67018359,67_67399_5136980,5819-13,1S,9,C,10,10,2027
67018359,67_67399_5136980,2890712,1S,9,C,5,5,2027
67018359,67_67399_5136980,2076-42,1S,9,A,5,5,2027
67018359,67_67399_5136980,C908001-01,1S,9,A,5,5,2027
67018359,67_67399_5136980,C910203-05,1S,9,B,5,5,2027
67018359,67_67399_5136980,C9104006-01,2S,9,A,5,5,2027
67018359,67_67399_5136980,1850-01,2S,9,B,5,5,2027
67018359,67_67399_5136980,C917304-24,2S,9,B,5,5,2027
67018359,67_67399_5136980,C910201-07,2S,9,A,5,5,2027
67018360,67_67399_5136980,1431630,1S,9,A,10,10,2027
67018360,67_67399_5136980,6687-51,1S,9,A,5,5,2027
67018360,67_67399_5136980,2275583,1S,9,C,10,10,2027
67018360,67_67399_5136980,0061-50,1S,9,A,5,5,2027
67018360,67_67399_5136980,C925402-09,1S,9,A,5,5,2027
67018360,67_67399_5136980,C7171002-01,1S,9,A,5,5,2027
67018360,67_67399_5136980,C713102-05,1S,9,C,5,5,2027
67018360,67_67399_5136980,27395,1S,9,C,5,5,2027
67018360,67_67399_5136980,C922704-02,1S,9,C,10,10,2027
67018360,67_67399_5136980,C922704-02,1S,9,B,10,10,2027
67018360,67_67399_5136980,1414768,1S,9,B,10,10,2027
67018360,67_67399_5136980,C910202-17,2S,9,A,5,5,2027
67018360,67_67399_5136980,1494848,2S,9,B,5,5,2027
67018360,67_67399_5136980,C922006-02,2S,9,B,5,5,2027
67018360,67_67399_5136980,1464655,2S,9,A,10,10,2027
67018361,67_67399_5136980,C910203-01,1S,9,A,5,5,2027
67018361,67_67399_5136980,2281458,1S,9,C,10,10,2027
67018361,67_67399_5136980,63920,1S,9,C,5,5,2027
67018361,67_67399_5136980,9815-22,1S,9,D,5,5,2027
67018361,67_67399_5136980,1409746,1S,9,A,10,10,2027
67018361,67_67399_5136980,5432-63,1S,9,A,5,5,2027
67018361,67_67399_5136980,3121-19,1S,9,A,5,5,2027
67018361,67_67399_5136980,C917305-13,1S,9,B,5,5,2027
67018361,67_67399_5136980,C923204-03,1S,9,B,5,5,2027
67018361,67_67399_5136980,5693-43,1S,9,C,5,5,2027
67018361,67_67399_5136980,Feb-21,1S,9,B,10,10,2027
67018361,67_67399_5136980,C917305-24,2S,9,B,5,5,2027
67018361,67_67399_5136980,5980-59,2S,9,A,10,10,2027
67018361,67_67399_5136980,1256-22,2S,9,A,5,5,2027
67018362,67_67399_5136980,3121-21,1S,9,A,5,5,2027
67018362,67_67399_5136980,3038-50,1S,9,A,5,5,2027
67018362,67_67399_5136980,1409746,1S,9,A,10,10,2027
67018362,67_67399_5136980,57650,1S,9,A,5,5,2027
67018362,67_67399_5136980,2076-55,1S,9,B,5,5,2027
67018362,67_67399_5136980,2046090,1S,9,A,5,5,2027
67018362,67_67399_5136980,C917304-18,1S,9,B,5,5,2027
67018362,67_67399_5136980,2293725,1S,9,B,5,5,2027
67018362,67_67399_5136980,C9104006-07,1S,9,B,5,5,2027
67018362,67_67399_5136980,1691836,1S,9,C,5,5,2027
67018362,67_67399_5136980,C910204-11,1S,9,A,5,5,2027
67018362,67_67399_5136980,1494848,2S,9,B,5,5,2027
67018362,67_67399_5136980,C922001-50,2S,9,B,5,5,2027
67018362,67_67399_5136980,C910201-09,2S,9,A,5,5,2027
67018363,67_67399_5136980,6682-14,1S,9,C,5,5,2027
67018363,67_67399_5136980,0915-67,1S,9,C,10,10,2027
67018363,67_67399_5136980,2075-66,1S,9,A,5,5,2027
67018363,67_67399_5136980,9815-19,1S,9,B,5,5,2027
67018363,67_67399_5136980,2493-51,1S,9,A,10,10,2027
67018363,67_67399_5136980,3064-52,1S,9,B,5,5,2027
67018363,67_67399_5136980,C934001-06,1S,9,A,5,5,2027
67018363,67_67399_5136980,1710-14,1S,9,A,5,5,2027
67018363,67_67399_5136980,298525,1S,9,A,10,10,2027
67018363,67_67399_5136980,C920006-02,1S,9,C,10,10,2027
67018363,67_67399_5136980,2271810,1S,9,B,5,5,2027
67018363,67_67399_5136980,1746623,2S,9,A,5,5,2027
67018363,67_67399_5136980,1710-15,2S,9,A,5,5,2027
67018363,67_67399_5136980,C910400803,2S,9,C,5,5,2027
67018363,67_67399_5136980,C910400701,2S,9,C,5,5,2027
67018364,67_67399_5136980,64040,1S,9,C,5,5,2027
67018364,67_67399_5136980,9815-20,1S,9,D,5,5,2027
67018364,67_67399_5136980,5819-27,1S,9,B,10,10,2027
67018364,67_67399_5136980,C922403-02,1S,9,F,5,0,2027
67018364,67_67399_5136980,725405,1S,9,B,5,5,2027
67018364,67_67399_5136980,5991-20,1S,9,B,5,5,2027
67018364,67_67399_5136980,C920005-02,1S,9,C,10,10,2027
67018364,67_67399_5136980,298495,1S,9,C,10,10,2027
67018364,67_67399_5136980,101721,1S,9,B,10,10,2027
67018364,67_67399_5136980,1746988,1S,9,A,5,5,2027
67018364,67_67399_5136980,C7171001-01,1S,9,A,5,5,2027
67018364,67_67399_5136980,C910201-05,2S,9,C,5,5,2027
67018364,67_67399_5136980,1710-05,2S,9,B,5,5,2027
67018364,67_67399_5136980,1883-08,2S,9,A,5,5,2027
67018365,67_67399_5136980,5693-52,1S,9,A,5,5,2027
67018365,67_67399_5136980,1254-03,1S,9,B,5,5,2027
67018365,67_67399_5136980,1873727,1S,9,B,5,5,2027
67018365,67_67399_5136980,2076-42,1S,9,C,5,5,2027
67018365,67_67399_5136980,1206763,1S,9,C,10,10,2027
67018365,67_67399_5136980,C717202-01,1S,9,A,5,5,2027
67018365,67_67399_5136980,9815-42,1S,9,A,5,5,2027
67018365,67_67399_5136980,7651-66,1S,9,B,10,10,2027
67018365,67_67399_5136980,6215-55,1S,9,A,5,5,2027
67018365,67_67399_5136980,446144,1S,9,A,5,5,2027
67018365,67_67399_5136980,1494452,1S,9,A,5,5,2027
67018365,67_67399_5136980,2482587,2S,9,B,5,5,2027
67018365,67_67399_5136980,C922004-01,2S,9,B,5,5,2027
67018365,67_67399_5136980,1728-04,2S,9,B,5,5,2027
67018366,67_67399_5136980,1385399,1S,9,C,5,5,2027
67018366,67_67399_5136980,240756,1S,9,B,5,5,2027
67018366,67_67399_5136980,1710-19,1S,9,B,5,5,2027
67018366,67_67399_5136980,643285,1S,9,B,5,5,2027
67018366,67_67399_5136980,6215-63,1S,9,B,5,5,2027
67018366,67_67399_5136980,5819-33,1S,9,A,10,10,2027
67018366,67_67399_5136980,C925401-09,1S,9,C,5,5,2027
67018366,67_67399_5136980,2075-59,1S,9,A,5,5,2027
67018366,67_67399_5136980,645751,1S,9,A,10,10,2027
67018366,67_67399_5136980,C910502-03,1S,9,A,5,5,2027
67018366,67_67399_5136980,C900001-02,1S,9,B,5,5,2027
67018366,67_67399_5136980,1385458,2S,9,A,5,5,2027
67018366,67_67399_5136980,1494329,2S,9,B,5,5,2027
67018366,67_67399_5136980,5693-22,2S,9,C,5,5,2027
67018366,67_67399_5136980,1748752,2S,9,B,5,5,2027
67018367,67_67399_5136980,1010-50,1S,9,B,10,10,2027
67018367,67_67399_5136980,C910430-01,1S,9,B,5,5,2027
67018367,67_67399_5136980,1409777,1S,9,B,10,10,2027
67018367,67_67399_5136980,3038-51,1S,9,C,5,5,2027
67018367,67_67399_5136980,C934001-10,1S,9,A,5,5,2027
67018367,67_67399_5136980,1494421,1S,9,A,5,5,2027
67018367,67_67399_5136980,5693-21,1S,9,C,5,5,2027
67018367,67_67399_5136980,May-50,1S,9,C,5,5,2027
67018367,67_67399_5136980,0915-55,1S,9,A,10,10,2027
67018367,67_67399_5136980,64316,1S,9,B,5,5,2027
67018367,67_67399_5136980,111432,1S,9,B,5,5,2027
67018367,67_67399_5136980,1728-03,2S,9,C,5,5,2027
67018367,67_67399_5136980,C922711-02,2S,9,C,10,10,2027
67018367,67_67399_5136980,1746988,2S,9,C,5,5,2027
67018368,67_67399_5136980,C910201-16,1S,9,A,5,5,2027
67018368,67_67399_5136980,655733,1S,9,B,10,10,2027
67018368,67_67399_5136980,64376,1S,9,A,5,5,2027
67018368,67_67399_5136980,9814-14,1S,9,A,5,5,2027
67018368,67_67399_5136980,2097649,1S,9,A,10,10,2027
67018368,67_67399_5136980,6215-51,1S,9,A,5,5,2027
67018368,67_67399_5136980,C713102-04,1S,9,B,5,5,2027
67018368,67_67399_5136980,24259,1S,9,C,5,5,2027
67018368,67_67399_5136980,5980-55,1S,9,B,10,10,2027
67018368,67_67399_5136980,C922806-01,1S,9,B,5,5,2027
67018368,67_67399_5136980,2272541,1S,9,B,5,5,2027
67018368,67_67399_5136980,2356546,2S,9,A,10,10,2027
67018368,67_67399_5136980,1494360,2S,9,A,5,5,2027
67018368,67_67399_5136980,C910400803,2S,9,A,5,5,2027
67018369,67_67399_5136980,2493-51,1S,9,B,10,10,2027
67018369,67_67399_5136980,3038-50,1S,9,B,5,5,2027
67018369,67_67399_5136980,725464,1S,9,B,5,5,2027
67018369,67_67399_5136980,C917305-26,1S,9,C,5,5,2027
67018369,67_67399_5136980,C9104006-06,1S,9,A,5,5,2027
67018369,67_67399_5136980,240756,1S,9,B,5,5,2027
67018369,67_67399_5136980,C713403-01,1S,9,B,5,5,2027
67018369,67_67399_5136980,9815-36,1S,9,B,5,5,2027
67018369,67_67399_5136980,C910204-07,1S,9,C,5,5,2027
67018369,67_67399_5136980,0915-04,1S,9,A,10,10,2027
67018369,67_67399_5136980,0062-50,1S,9,B,5,5,2027
67018369,67_67399_5136980,1790-20,2S,9,C,5,5,2027
67018369,67_67399_5136980,9104016-22,2S,9,A,5,5,2027
67018369,67_67399_5136980,1280-56,2S,9,B,5,5,2027
67018370,67_67399_5136980,7791-14,1S,9,B,5,5,2027
67018370,67_67399_5136980,9295001-51,1S,9,A,5,5,2027
67018370,67_67399_5136980,1286-01,1S,9,A,5,5,2027
67018370,67_67399_5136980,1385488,1S,9,A,5,5,2027
67018370,67_67399_5136980,1883-10,1S,9,B,5,5,2027
67018370,67_67399_5136980,C8421003-23,1S,9,C,15,15,2027
67018370,67_67399_5136980,64437,1S,9,B,5,5,2027
67018370,67_67399_5136980,9814-20,1S,9,B,5,5,2027
67018370,67_67399_5136980,7641-59,1S,9,B,10,10,2027
67018370,67_67399_5136980,3064-50,1S,9,A,5,5,2027
67018370,67_67399_5136980,C934001-07,1S,9,A,5,5,2027
67018370,67_67399_5136980,980373,2S,9,B,5,5,2027
67018370,67_67399_5136980,2675889,2S,9,A,5,5,2027
67018370,67_67399_5136980,0218-03,2S,9,B,10,10,2027
67018371,67_67399_5136980,1790-02,1S,9,B,5,5,2027
67018371,67_67399_5136980,446997,1S,9,C,5,5,2027
67018371,67_67399_5136980,3037-52,1S,9,D,5,5,2027
67018371,67_67399_5136980,2097164,1S,9,C,10,10,2027
67018371,67_67399_5136980,57497,1S,9,C,5,5,2027
67018371,67_67399_5136980,0062-51,1S,9,C,5,5,2027
67018371,67_67399_5136980,9295001-31,1S,9,C,5,5,2027
67018371,67_67399_5136980,C910204-05,1S,9,F,5,0,2027
67018371,67_67399_5136980,645751,1S,9,B,10,10,2027
67018371,67_67399_5136980,C910430-50,1S,9,D,5,5,2027
67018371,67_67399_5136980,C917304-16,2S,9,A,5,5,2027
67018372,67_67399_5136980,1704224,1S,9,C,10,10,2027
67018372,67_67399_5136980,2294272,1S,9,A,5,5,2027
67018372,67_67399_5136980,1254-11,1S,9,B,5,5,2027
67018372,67_67399_5136980,641765,1S,9,B,5,5,2027
67018372,67_67399_5136980,0061-54,1S,9,C,5,5,2027
67018372,67_67399_5136980,57527,1S,9,C,5,5,2027
67018372,67_67399_5136980,7651-52,1S,9,A,10,10,2027
67018372,67_67399_5136980,1290098,1S,9,A,5,5,2027
67018372,67_67399_5136980,446844,1S,9,B,5,5,2027
67018372,67_67399_5136980,7791-24,1S,9,A,5,5,2027
67018372,67_67399_5136980,9104016-53,1S,9,A,5,5,2027
67018372,67_67399_5136980,C9104006-05,2S,9,B,5,5,2027
67018372,67_67399_5136980,1256-012,2S,9,A,5,5,2027
67018372,67_67399_5136980,C917304-14,2S,9,B,5,5,2027
67018372,67_67399_5136980,C922203-51,2S,9,A,5,5,2027
67018373,67_67399_5136980,2076-61,1S,9,B,5,5,2027
67018373,67_67399_5136980,730365,1S,9,B,5,5,2027
67018373,67_67399_5136980,C925402-04,1S,9,C,5,5,2027
67018373,67_67399_5136980,C751001-01,1S,9,A,5,5,2027
67018373,67_67399_5136980,C9104007-06,1S,9,B,5,5,2027
67018373,67_67399_5136980,1254-02,1S,9,A,5,5,2027
67018373,67_67399_5136980,2294030,1S,9,C,5,5,2027
67018373,67_67399_5136980,5991-18,1S,9,B,5,5,2027
67018373,67_67399_5136980,447027,1S,9,B,5,5,2027
67018373,67_67399_5136980,5432-57,1S,9,A,5,5,2027
67018373,67_67399_5136980,216592,1S,9,A,10,10,2027
67018373,67_67399_5136980,1748691,2S,9,B,5,5,2027
67018373,67_67399_5136980,0215-02,2S,9,A,10,10,2027
67018373,67_67399_5136980,298436,2S,9,B,10,10,2027
67018373,67_67399_5136980,5992-16,2S,9,B,5,5,2027
67018374,67_67399_5136980,3038-51,1S,9,D,5,5,2027
67018374,67_67399_5136980,729512,1S,9,A,5,5,2027
67018374,67_67399_5136980,64376,1S,9,A,5,5,2027
67018374,67_67399_5136980,9815-20,1S,9,A,5,5,2027
67018374,67_67399_5136980,7651-74,1S,9,C,10,10,2027
67018374,67_67399_5136980,C713102-02,1S,9,B,5,5,2027
67018374,67_67399_5136980,9226-17,1S,9,B,5,5,2027
67018374,67_67399_5136980,C9104006-01,1S,9,A,5,5,2027
67018374,67_67399_5136980,C922002-50,1S,9,A,5,5,2027
67018374,67_67399_5136980,C8421003-42,1S,9,D,15,15,2027
67018374,67_67399_5136980,1254-02,1S,9,A,5,5,2027
67018374,67_67399_5136980,5693-41,2S,9,A,5,5,2027
67018374,67_67399_5136980,C917305-12,2S,9,C,5,5,2027
67018374,67_67399_5136980,5693-41,2S,9,A,5,5,2027
67018374,67_67399_5136980,1254-09,2S,9,B,5,5,2027
67018375,67_67399_5136980,1256-02,1S,9,A,5,5,2027
67018375,67_67399_5136980,1520597,1S,9,C,10,10,2027
67018375,67_67399_5136980,63951,1S,9,B,5,5,2027
67018375,67_67399_5136980,57436,1S,9,A,5,5,2027
67018375,67_67399_5136980,1431691,1S,9,A,10,10,2027
67018375,67_67399_5136980,5432-53,1S,9,A,5,5,2027
67018375,67_67399_5136980,446267,1S,9,B,5,5,2027
67018375,67_67399_5136980,2274732,1S,9,C,5,5,2027
67018375,67_67399_5136980,C922712-02,1S,9,C,10,10,2027
67018375,67_67399_5136980,C902001-02,1S,9,A,10,10,2027
67018375,67_67399_5136980,C917305-09,1S,9,C,5,5,2027
67018375,67_67399_5136980,C917305-17,2S,9,B,5,5,2027
67018375,67_67399_5136980,1276-55,2S,9,C,5,5,2027
67018375,67_67399_5136980,005693-236,2S,9,B,5,5,2027
67018375,67_67399_5136980,C9104010-01,2S,9,A,5,5,2027
67018376,67_67399_5136980,C8421003-52,1S,9,B,15,15,2027
67018376,67_67399_5136980,5693-032,1S,9,A,5,5,2027
67018376,67_67399_5136980,5693-33,1S,9,B,5,5,2027
67018376,67_67399_5136980,9226-20,1S,9,B,5,5,2027
67018376,67_67399_5136980,C934001-12,1S,9,A,5,5,2027
67018376,67_67399_5136980,3068-52,1S,9,B,5,5,2027
67018376,67_67399_5136980,5819-18,1S,9,B,10,10,2027
67018376,67_67399_5136980,C910201-13,1S,9,A,5,5,2027
67018376,67_67399_5136980,641734,1S,9,B,5,5,2027
67018376,67_67399_5136980,2076-60,1S,9,B,5,5,2027
67018376,67_67399_5136980,2890955,1S,9,B,5,5,2027
67018376,67_67399_5136980,1446848,2S,9,B,10,10,2027
67018376,67_67399_5136980,1198028,2S,9,B,5,5,2027
67018376,67_67399_5136980,4578-52,2S,9,B,5,5,2027
67018377,67_67399_5136980,1464714,1S,9,B,10,10,2027
67018377,67_67399_5136980,C917305-09,1S,9,B,5,5,2027
67018377,67_67399_5136980,3123-20,1S,9,C,5,5,2027
67018377,67_67399_5136980,6215-51,1S,9,A,5,5,2027
67018377,67_67399_5136980,2098321,1S,9,A,10,10,2027
67018377,67_67399_5136980,2891169,1S,9,A,5,5,2027
67018377,67_67399_5136980,2076-63,1S,9,A,5,5,2027
67018377,67_67399_5136980,206120,1S,9,B,5,5,2027
67018377,67_67399_5136980,7708-52,1S,9,C,5,5,2027
67018377,67_67399_5136980,9104016-13,1S,9,A,5,5,2027
67018377,67_67399_5136980,1414860,1S,9,A,10,10,2027
67018377,67_67399_5136980,2151889,2S,9,C,5,5,2027
67018377,67_67399_5136980,1747169,2S,9,A,5,5,2027
67018377,67_67399_5136980,C922204-50,2S,9,A,5,5,2027
67018378,67_67399_5136980,C853002-01,1S,9,C,5,5,2027
67018378,67_67399_5136980,3123-42,1S,9,A,5,5,2027
67018378,67_67399_5136980,C9104007-12,1S,9,A,5,5,2027
67018378,67_67399_5136980,2076-60,1S,9,B,5,5,2027
67018378,67_67399_5136980,2891077,1S,9,B,5,5,2027
67018378,67_67399_5136980,7651-60,1S,9,B,10,10,2027
67018378,67_67399_5136980,1577970,1S,9,A,5,5,2027
67018378,67_67399_5136980,2151858,1S,9,B,5,5,2027
67018378,67_67399_5136980,1385519,1S,9,A,5,5,2027
67018378,67_67399_5136980,1288-05,1S,9,B,5,5,2027
67018378,67_67399_5136980,729057,1S,9,B,5,5,2027
67018378,67_67399_5136980,1254-19,2S,9,A,5,5,2027
67018378,67_67399_5136980,5980-54,2S,9,A,10,10,2027
67018378,67_67399_5136980,C910400803,2S,9,B,5,5,2027
67018378,67_67399_5136980,5992-32,2S,9,C,5,5,2027
67018379,67_67399_5136980,389382,1S,9,C,10,10,2027
67018379,67_67399_5136980,1850-02,1S,9,C,5,5,2027
67018379,67_67399_5136980,1458536,1S,9,A,5,5,2027
67018379,67_67399_5136980,5991-18,1S,9,B,5,5,2027
67018379,67_67399_5136980,Apr-86,1S,9,B,5,5,2027
67018379,67_67399_5136980,1579676,1S,9,B,5,5,2027
67018379,67_67399_5136980,7641-53,1S,9,A,10,10,2027
67018379,67_67399_5136980,C925401-05,1S,9,C,5,5,2027
67018379,67_67399_5136980,64010,1S,9,B,5,5,2027
67018379,67_67399_5136980,1520780,1S,9,F,10,0,2027
67018379,67_67399_5136980,1254-31,1S,9,B,5,5,2027
67018379,67_67399_5136980,C910204-12,2S,9,C,5,5,2027
67018379,67_67399_5136980,C9104008-03,2S,9,C,5,5,2027
67018379,67_67399_5136980,1494787,2S,9,B,5,5,2027
67018380,67_67399_5136980,1883-10,1S,9,C,5,5,2027
67018380,67_67399_5136980,1748630,1S,9,B,5,5,2027
67018380,67_67399_5136980,5992-32,1S,9,C,5,5,2027
67018380,67_67399_5136980,993858,1S,9,B,5,5,2027
67018380,67_67399_5136980,5432-62,1S,9,C,5,5,2027
67018380,67_67399_5136980,1431599,1S,9,A,10,10,2027
67018380,67_67399_5136980,C924501-50,1S,9,A,5,5,2027
67018380,67_67399_5136980,2076-63,1S,9,B,5,5,2027
67018380,67_67399_5136980,729938,1S,9,A,5,5,2027
67018380,67_67399_5136980,005693-435,1S,9,B,5,5,2027
67018380,67_67399_5136980,May-54,1S,9,B,5,5,2027
67018380,67_67399_5136980,23833,2S,9,A,5,5,2027
67018380,67_67399_5136980,1883-01,2S,9,A,5,5,2027
67018380,67_67399_5136980,C910418-06,2S,9,B,5,5,2027
67018380,67_67399_5136980,1593190,2S,9,C,5,5,2027
67018381,67_67399_5136980,2075-61,1S,9,B,5,5,2027
67018381,67_67399_5136980,2890774,1S,9,C,5,5,2027
67018381,67_67399_5136980,7651-78,1S,9,A,10,10,2027
67018381,67_67399_5136980,1579370,1S,9,B,5,5,2027
67018381,67_67399_5136980,3123-18,1S,9,B,5,5,2027
67018381,67_67399_5136980,5991-14,1S,9,B,5,5,2027
67018381,67_67399_5136980,0005910-33,1S,9,B,10,10,2027
67018381,67_67399_5136980,C9104009-02,1S,9,B,5,5,2027
67018381,67_67399_5136980,C751002-01,1S,9,A,5,5,2027
67018381,67_67399_5136980,0915-68,1S,9,C,10,10,2027
67018381,67_67399_5136980,1254-13,1S,9,A,5,5,2027
67018381,67_67399_5136980,1790-13,2S,9,B,5,5,2027
67018381,67_67399_5136980,1624-01,2S,9,B,10,10,2027
67018381,67_67399_5136980,C910429-02,2S,9,C,5,5,2027
67018381,67_67399_5136980,8697-13,2S,9,C,5,5,2027
67018382,67_67399_5136980,C853001-02,1S,9,B,5,5,2027
67018382,67_67399_5136980,1464683,1S,9,B,10,10,2027
67018382,67_67399_5136980,27791,1S,9,C,5,5,2027
67018382,67_67399_5136980,005693-436,1S,9,C,5,5,2027
67018382,67_67399_5136980,3037-52,1S,9,A,5,5,2027
67018382,67_67399_5136980,7651-79,1S,9,C,10,10,2027
67018382,67_67399_5136980,9815-31,1S,9,A,5,5,2027
67018382,67_67399_5136980,2076-66,1S,9,A,5,5,2027
67018382,67_67399_5136980,729816,1S,9,A,5,5,2027
67018382,67_67399_5136980,C910601-50,1S,9,B,5,5,2027
67018382,67_67399_5136980,C934002-03,1S,9,A,5,5,2027
67018382,67_67399_5136980,9104016-12,2S,9,C,5,5,2027
67018382,67_67399_5136980,5992-20,2S,9,A,5,5,2027
67018382,67_67399_5136980,7702-56,2S,9,A,5,5,2027
67018383,67_67399_5136980,736816,1S,9,B,10,10,2027
67018383,67_67399_5136980,5980-59,1S,9,A,10,10,2027
67018383,67_67399_5136980,C910201-13,1S,9,C,5,5,2027
67018383,67_67399_5136980,657894,1S,9,A,10,10,2027
67018383,67_67399_5136980,2076-60,1S,9,B,5,5,2027
67018383,67_67399_5136980,9814-26,1S,9,A,5,5,2027
67018383,67_67399_5136980,5990-53,1S,9,B,10,10,2027
67018383,67_67399_5136980,5432-52,1S,9,A,5,5,2027
67018383,67_67399_5136980,446874,1S,9,A,5,5,2027
67018383,67_67399_5136980,C917305-08,1S,9,A,5,5,2027
67018383,67_67399_5136980,0218-04,1S,9,B,10,10,2027
67018383,67_67399_5136980,C922205-01,2S,9,C,5,5,2027
67018383,67_67399_5136980,2360960,2S,9,C,10,10,2027
67018383,67_67399_5136980,5992-20,2S,9,C,5,5,2027
67018384,67_67399_5136980,C700001-54,1S,9,B,5,5,2027
67018384,67_67399_5136980,5992-15,1S,9,B,5,5,2027
67018384,67_67399_5136980,645476,1S,9,A,5,5,2027
67018384,67_67399_5136980,3038-50,1S,9,B,5,5,2027
67018384,67_67399_5136980,C931602-02,1S,9,A,10,10,2027
67018384,67_67399_5136980,C925402-02,1S,9,A,5,5,2027
67018384,67_67399_5136980,2076-64,1S,9,C,5,5,2027
67018384,67_67399_5136980,3897-50,1S,9,A,5,5,2027
67018384,67_67399_5136980,1254-17,1S,9,B,5,5,2027
67018384,67_67399_5136980,C910418-06,1S,9,A,5,5,2027
67018384,67_67399_5136980,C910416-54,1S,9,A,5,5,2027
67018384,67_67399_5136980,1254-13,2S,9,C,5,5,2027
67018384,67_67399_5136980,C917305-27,2S,9,A,5,5,2027
67018384,67_67399_5136980,05693-4311,2S,9,C,5,5,2027
67018384,67_67399_5136980,C910400803,2S,9,B,5,5,2027
67018385,67_67399_5136980,1256-18,1S,9,C,5,5,2027
67018385,67_67399_5136980,730153,1S,9,B,5,5,2027
67018385,67_67399_5136980,2076-50,1S,9,B,5,5,2027
67018385,67_67399_5136980,9815-31,1S,9,B,5,5,2027
67018385,67_67399_5136980,7651-58,1S,9,B,10,10,2027
67018385,67_67399_5136980,6215-57,1S,9,C,5,5,2027
67018385,67_67399_5136980,725374,1S,9,B,5,5,2027
67018385,67_67399_5136980,9226-20,1S,9,A,5,5,2027
67018385,67_67399_5136980,C922806-01,1S,9,B,5,5,2027
67018385,67_67399_5136980,C922003-01,1S,9,C,5,5,2027
67018385,67_67399_5136980,104886,1S,9,A,10,10,2027
67018385,67_67399_5136980,C910502-01,2S,9,A,5,5,2027
67018385,67_67399_5136980,1421982,2S,9,B,5,5,2027
67018385,67_67399_5136980,9226-14,2S,9,B,5,5,2027
67018386,67_67399_5136980,C7171001-01,1S,9,B,5,5,2027
67018386,67_67399_5136980,5819-15,1S,9,A,10,10,2027
67018386,67_67399_5136980,9815-21,1S,9,A,5,5,2027
67018386,67_67399_5136980,63951,1S,9,A,5,5,2027
67018386,67_67399_5136980,2348511,1S,9,A,10,10,2027
67018386,67_67399_5136980,446936,1S,9,A,5,5,2027
67018386,67_67399_5136980,C922001-53,1S,9,A,5,5,2027
67018386,67_67399_5136980,C910418-06,1S,9,B,5,5,2027
67018386,67_67399_5136980,1710-08,1S,9,A,5,5,2027
67018386,67_67399_5136980,6683-16,1S,9,A,5,5,2027
67018386,67_67399_5136980,1878079,1S,9,B,5,5,2027
67018386,67_67399_5136980,C910430-01,2S,9,A,5,5,2027
67018386,67_67399_5136980,1710-10,2S,9,A,5,5,2027
67018386,67_67399_5136980,C910202-20,2S,9,A,5,5,2027
67018387,67_67399_5136980,C717202-01,1S,9,B,5,5,2027
67018387,67_67399_5136980,C923202-01,1S,9,A,5,5,2027
67018387,67_67399_5136980,C910400605,1S,9,B,5,5,2027
67018387,67_67399_5136980,C910203-10,1S,9,A,5,5,2027
67018387,67_67399_5136980,4793-51,1S,9,C,5,5,2027
67018387,67_67399_5136980,2075-65,1S,9,A,5,5,2027
67018387,67_67399_5136980,118371,1S,9,A,5,5,2027
67018387,67_67399_5136980,1494695,1S,9,C,5,5,2027
67018387,67_67399_5136980,C934001-04,1S,9,B,5,5,2027
67018387,67_67399_5136980,622406,1S,9,A,5,5,2027
67018387,67_67399_5136980,7651-78,1S,9,B,10,10,2027
67018387,67_67399_5136980,0215-07,2S,9,A,10,10,2027
67018387,67_67399_5136980,1392672,2S,9,B,5,5,2027
67018387,67_67399_5136980,1256-04,2S,9,C,5,5,2027
67018387,67_67399_5136980,1710-14,2S,9,A,5,5,2027
67018388,67_67399_5136980,6215-53,1S,9,C,5,5,2027
67018388,67_67399_5136980,C934001-09,1S,9,C,5,5,2027
67018388,67_67399_5136980,1887,1S,9,A,5,5,2027
67018388,67_67399_5136980,1458597,1S,9,A,5,5,2027
67018388,67_67399_5136980,C922705-02,1S,9,A,10,10,2027
67018388,67_67399_5136980,2098352,1S,9,B,10,10,2027
67018388,67_67399_5136980,97947,1S,9,C,5,5,2027
67018388,67_67399_5136980,63979,1S,9,C,5,5,2027
67018388,67_67399_5136980,3899-50,1S,9,B,5,5,2027
67018388,67_67399_5136980,C717201-02,1S,9,A,5,5,2027
67018388,67_67399_5136980,1286-03,1S,9,B,5,5,2027
67018388,67_67399_5136980,27395,2S,9,B,5,5,2027
67018388,67_67399_5136980,C923202-03,2S,9,A,5,5,2027
67018388,67_67399_5136980,298556,2S,9,B,10,10,2027
67018388,67_67399_5136980,1010-50,2S,9,A,10,10,2027
67018389,67_67399_5136980,104978,1S,9,C,10,10,2027
67018389,67_67399_5136980,C906202-03,1S,9,B,5,5,2027
67018389,67_67399_5136980,642495,1S,9,B,5,5,2027
67018389,67_67399_5136980,4579-51,1S,9,C,5,5,2027
67018389,67_67399_5136980,005693-537,1S,9,B,5,5,2027
67018389,67_67399_5136980,1197997,1S,9,A,5,5,2027
67018389,67_67399_5136980,C934002-06,1S,9,A,5,5,2027
67018389,67_67399_5136980,6215-60,1S,9,C,5,5,2027
67018389,67_67399_5136980,7651-60,1S,9,B,10,10,2027
67018389,67_67399_5136980,111432,1S,9,B,5,5,2027
67018389,67_67399_5136980,0062-53,1S,9,B,5,5,2027
67018389,67_67399_5136980,1224-51,2S,9,A,5,5,2027
67018389,67_67399_5136980,1254-41,2S,9,C,5,5,2027
67018389,67_67399_5136980,23802,2S,9,C,5,5,2027
67018390,67_67399_5136980,5980-59,1S,9,B,10,10,2027
67018390,67_67399_5136980,1286-07,1S,9,B,5,5,2027
67018390,67_67399_5136980,205359,1S,9,A,5,5,2027
67018390,67_67399_5136980,2350062,1S,9,A,10,10,2027
67018390,67_67399_5136980,2076-58,1S,9,A,5,5,2027
67018390,67_67399_5136980,C922005-02,1S,9,C,5,5,2027
67018390,67_67399_5136980,3533-15,1S,9,A,5,5,2027
67018390,67_67399_5136980,1790-42,1S,9,B,5,5,2027
67018390,67_67399_5136980,445994,1S,9,A,5,5,2027
67018390,67_67399_5136980,1576082,1S,9,B,5,5,2027
67018390,67_67399_5136980,1409504,1S,9,A,10,10,2027
67018390,67_67399_5136980,2675769,2S,9,A,5,5,2027
67018390,67_67399_5136980,1883-07,2S,9,C,5,5,2027
67018390,67_67399_5136980,1593555,2S,9,A,5,5,2027
67018391,67_67399_5136980,1254-14,1S,9,A,5,5,2027
67018391,67_67399_5136980,4021-50,1S,9,B,5,5,2027
67018391,67_67399_5136980,0062-51,1S,9,B,5,5,2027
67018391,67_67399_5136980,9815-19,1S,9,B,5,5,2027
67018391,67_67399_5136980,5990-52,1S,9,A,10,10,2027
67018391,67_67399_5136980,3038-50,1S,9,B,5,5,2027
67018391,67_67399_5136980,1767045,1S,9,B,5,5,2027
67018391,67_67399_5136980,1494605,1S,9,C,5,5,2027
67018391,67_67399_5136980,C8410003-31,1S,9,A,15,15,2027
67018391,67_67399_5136980,8180-54,1S,9,A,5,5,2027
67018391,67_67399_5136980,1385519,1S,9,B,5,5,2027
67018391,67_67399_5136980,1592856,2S,9,B,5,5,2027
67018391,67_67399_5136980,C920004-02,2S,9,A,10,10,2027
67018391,67_67399_5136980,05693-2310,2S,9,B,5,5,2027
67018391,67_67399_5136980,C917304-05,2S,9,A,5,5,2027
67018392,67_67399_5136980,C910204-10,1S,9,A,5,5,2027
67018392,67_67399_5136980,2076-50,1S,9,A,5,5,2027
67018392,67_67399_5136980,9815-18,1S,9,C,5,5,2027
67018392,67_67399_5136980,2097194,1S,9,A,10,10,2027
67018392,67_67399_5136980,6215-64,1S,9,B,5,5,2027
67018392,67_67399_5136980,725464,1S,9,A,5,5,2027
67018392,67_67399_5136980,7791-15,1S,9,A,5,5,2027
67018392,67_67399_5136980,729392,1S,9,A,5,5,2027
67018392,67_67399_5136980,C910430-04,1S,9,B,5,5,2027
67018392,67_67399_5136980,C922204-50,1S,9,C,5,5,2027
67018392,67_67399_5136980,101813,1S,9,C,10,10,2027
67018392,67_67399_5136980,7702-57,2S,9,A,5,5,2027
67018392,67_67399_5136980,1494726,2S,9,B,5,5,2027
67018392,67_67399_5136980,1883-04,2S,9,A,5,5,2027
67018393,67_67399_5136980,730303,1S,9,B,5,5,2027
67018393,67_67399_5136980,1226-52,1S,9,B,5,5,2027
67018393,67_67399_5136980,1790-09,1S,9,C,5,5,2027
67018393,67_67399_5136980,C9104009-03,1S,9,A,5,5,2027
67018393,67_67399_5136980,C8421003-42,1S,9,A,15,15,2027
67018393,67_67399_5136980,1254-08,1S,9,A,5,5,2027
67018393,67_67399_5136980,994251,1S,9,A,5,5,2027
67018393,67_67399_5136980,C7171001-01,1S,9,C,5,5,2027
67018393,67_67399_5136980,2097710,1S,9,D,10,10,2027
67018393,67_67399_5136980,2891230,1S,9,D,5,5,2027
67018393,67_67399_5136980,2076-50,1S,9,C,5,5,2027
67018393,67_67399_5136980,C917305-12,2S,9,A,5,5,2027
67018393,67_67399_5136980,5693-21,2S,9,B,5,5,2027
67018393,67_67399_5136980,0215-05,2S,9,C,10,10,2027
67018393,67_67399_5136980,8697-20,2S,9,A,5,5,2027
67018394,67_67399_5136980,1409716,1S,9,C,10,10,2027
67018394,67_67399_5136980,C751101-02,1S,9,A,5,5,2027
67018394,67_67399_5136980,596747,1S,9,B,5,5,2027
67018394,67_67399_5136980,C9104008-50,1S,9,A,5,5,2027
67018394,67_67399_5136980,64285,1S,9,F,5,0,2027
67018394,67_67399_5136980,108174,1S,9,C,5,5,2027
67018394,67_67399_5136980,005693-236,1S,9,B,5,5,2027
67018394,67_67399_5136980,2676042,1S,9,C,5,5,2027
67018394,67_67399_5136980,3121-14,1S,9,A,5,5,2027
67018394,67_67399_5136980,5432-65,1S,9,B,5,5,2027
67018394,67_67399_5136980,2482646,1S,9,A,5,5,2027
67018394,67_67399_5136980,7702-55,2S,9,B,5,5,2027
67018394,67_67399_5136980,1850-07,2S,9,A,5,5,2027
67018394,67_67399_5136980,2593255,2S,9,A,5,5,2027
67018394,67_67399_5136980,C917305-13,2S,9,C,5,5,2027
67018395,67_67399_5136980,C795201-01,1S,9,B,5,5,2027
67018395,67_67399_5136980,C910415-53,1S,9,B,5,5,2027
67018395,67_67399_5136980,5910-022,1S,9,A,10,10,2027
67018395,67_67399_5136980,C917304-07,1S,9,A,5,5,2027
67018395,67_67399_5136980,3121-13,1S,9,A,5,5,2027
67018395,67_67399_5136980,3068-52,1S,9,B,5,5,2027
67018395,67_67399_5136980,7651-66,1S,9,B,10,10,2027
67018395,67_67399_5136980,9814-24,1S,9,B,5,5,2027
67018395,67_67399_5136980,0062-51,1S,9,B,5,5,2027
67018395,67_67399_5136980,2281488,1S,9,A,10,10,2027
67018395,67_67399_5136980,1280-56,1S,9,A,5,5,2027
67018395,67_67399_5136980,1385427,2S,9,C,5,5,2027
67018395,67_67399_5136980,C917401-03,2S,9,C,5,5,2027
67018395,67_67399_5136980,1747261,2S,9,B,5,5,2027
67018395,67_67399_5136980,C923202-01,2S,9,A,5,5,2027
67018396,67_67399_5136980,3899-51,1S,9,A,5,5,2027
67018396,67_67399_5136980,645842,1S,9,B,10,10,2027
67018396,67_67399_5136980,C910430-50,1S,9,A,5,5,2027
67018396,67_67399_5136980,005693-437,1S,9,A,5,5,2027
67018396,67_67399_5136980,C917305-22,1S,9,C,5,5,2027
67018396,67_67399_5136980,C934001-11,1S,9,A,5,5,2027
67018396,67_67399_5136980,C932202-50,1S,9,B,5,5,2027
67018396,67_67399_5136980,5819-22,1S,9,A,10,10,2027
67018396,67_67399_5136980,9815-33,1S,9,C,5,5,2027
67018396,67_67399_5136980,2076-58,1S,9,A,5,5,2027
67018396,67_67399_5136980,1286-07,1S,9,B,5,5,2027
67018396,67_67399_5136980,C910418-14,2S,9,B,5,5,2027
67018396,67_67399_5136980,1790-09,2S,9,B,5,5,2027
67018396,67_67399_5136980,1593586,2S,9,A,5,5,2027
67018397,67_67399_5136980,9815-32,1S,9,A,5,5,2027
67018397,67_67399_5136980,729482,1S,9,A,5,5,2027
67018397,67_67399_5136980,7708-64,1S,9,C,5,5,2027
67018397,67_67399_5136980,1409473,1S,9,B,10,10,2027
67018397,67_67399_5136980,5432-58,1S,9,A,5,5,2027
67018397,67_67399_5136980,C934001-06,1S,9,A,5,5,2027
67018397,67_67399_5136980,1494513,1S,9,C,5,5,2027
67018397,67_67399_5136980,005693--33,1S,9,A,5,5,2027
67018397,67_67399_5136980,1850-01,1S,9,B,5,5,2027
67018397,67_67399_5136980,C853001-01,1S,9,C,5,5,2027
67018397,67_67399_5136980,2075-66,1S,9,B,5,5,2027
67018397,67_67399_5136980,1593951,2S,9,C,5,5,2027
67018397,67_67399_5136980,C917304-18,2S,9,A,5,5,2027
67018397,67_67399_5136980,1458597,2S,9,B,5,5,2027
67018397,67_67399_5136980,C910429-01,2S,9,B,5,5,2027
67018398,67_67399_5136980,7791-14,1S,9,B,5,5,2027
67018398,67_67399_5136980,446175,1S,9,A,5,5,2027
67018398,67_67399_5136980,1579370,1S,9,A,5,5,2027
67018398,67_67399_5136980,1431446,1S,9,A,10,10,2027
67018398,67_67399_5136980,2891200,1S,9,A,5,5,2027
67018398,67_67399_5136980,0061-51,1S,9,A,5,5,2027
67018398,67_67399_5136980,2281366,1S,9,A,10,10,2027
67018398,67_67399_5136980,1254-15,1S,9,B,5,5,2027
67018398,67_67399_5136980,884405,1S,9,A,10,10,2027
67018398,67_67399_5136980,1446848,1S,9,B,10,10,2027
67018398,67_67399_5136980,298405,1S,9,A,10,10,2027
67018398,67_67399_5136980,0215-01,2S,9,A,10,10,2027
67018398,67_67399_5136980,1593249,2S,9,A,5,5,2027
67018398,67_67399_5136980,1859,2S,9,B,5,5,2027
67018399,67_67399_5136980,C853001-03,1S,9,A,5,5,2027
67018399,67_67399_5136980,9104015-51,1S,9,B,5,5,2027
67018399,67_67399_5136980,5980-57,1S,9,C,10,10,2027
67018399,67_67399_5136980,5992-19,1S,9,A,5,5,2027
67018399,67_67399_5136980,445963,1S,9,A,5,5,2027
67018399,67_67399_5136980,3068-52,1S,9,A,5,5,2027
67018399,67_67399_5136980,7651-74,1S,9,A,10,10,2027
67018399,67_67399_5136980,9814-24,1S,9,B,5,5,2027
67018399,67_67399_5136980,2075-31,1S,9,C,5,5,2027
67018399,67_67399_5136980,641765,1S,9,C,5,5,2027
67018399,67_67399_5136980,C910802-02,1S,9,B,5,5,2027
67018399,67_67399_5136980,1385549,2S,9,B,5,5,2027
67018399,67_67399_5136980,2151705,2S,9,B,5,5,2027
67018399,67_67399_5136980,C910502-04,2S,9,B,5,5,2027
67018400,67_67399_5136980,1850-05,1S,9,C,5,5,2027
67018400,67_67399_5136980,C923204-02,1S,9,C,5,5,2027
67018400,67_67399_5136980,3121-13,1S,9,B,5,5,2027
67018400,67_67399_5136980,6215-50,1S,9,A,5,5,2027
67018400,67_67399_5136980,1409716,1S,9,B,10,10,2027
67018400,67_67399_5136980,9815-29,1S,9,A,5,5,2027
67018400,67_67399_5136980,2076-42,1S,9,C,5,5,2027
67018400,67_67399_5136980,7502-52,1S,9,C,5,5,2027
67018400,67_67399_5136980,1254-19,1S,9,A,5,5,2027
67018400,67_67399_5136980,C9104006-04,1S,9,B,5,5,2027
67018400,67_67399_5136980,C853001-02,1S,9,B,5,5,2027
67018400,67_67399_5136980,C910502-52,2S,9,B,5,5,2027
67018400,67_67399_5136980,C917305-25,2S,9,C,5,5,2027
67018400,67_67399_5136980,C922001-51,2S,9,C,5,5,2027
67018400,67_67399_5136980,1446759,2S,9,A,10,10,2027
67018401,67_67399_5136980,1579341,1S,9,A,5,5,2027
67018401,67_67399_5136980,2075-63,1S,9,A,5,5,2027
67018401,67_67399_5136980,1520597,1S,9,A,10,10,2027
67018401,67_67399_5136980,1256-18,1S,9,B,5,5,2027
67018401,67_67399_5136980,C910430-02,1S,9,A,5,5,2027
67018401,67_67399_5136980,645782,1S,9,A,10,10,2027
67018401,67_67399_5136980,C925401-05,1S,9,B,5,5,2027
67018401,67_67399_5136980,217412,1S,9,B,10,10,2027
67018401,67_67399_5136980,724003,1S,9,C,5,5,2027
67018401,67_67399_5136980,5991-19,1S,9,B,5,5,2027
67018401,67_67399_5136980,C9104010-01,1S,9,A,5,5,2027
67018401,67_67399_5136980,4579-52,2S,9,A,5,5,2027
67018401,67_67399_5136980,005693-134,2S,9,C,5,5,2027
67018401,67_67399_5136980,1710-52,2S,9,A,5,5,2027
67018401,67_67399_5136980,1464683,2S,9,A,10,10,2027
67018402,67_67399_5136980,C8421003-52,1S,9,B,15,15,2027
67018402,67_67399_5136980,C922005-02,1S,9,B,5,5,2027
67018402,67_67399_5136980,0218-05,1S,9,C,10,10,2027
67018402,67_67399_5136980,1494209,1S,9,C,5,5,2027
67018402,67_67399_5136980,446206,1S,9,C,5,5,2027
67018402,67_67399_5136980,622375,1S,9,C,5,5,2027
67018402,67_67399_5136980,5819-25,1S,9,B,10,10,2027
67018402,67_67399_5136980,2057-14,1S,9,A,5,5,2027
67018402,67_67399_5136980,2075-64,1S,9,A,5,5,2027
67018402,67_67399_5136980,C900002-51,1S,9,C,5,5,2027
67018402,67_67399_5136980,1256-11,1S,9,B,5,5,2027
67018402,67_67399_5136980,1458536,2S,9,A,5,5,2027
67018402,67_67399_5136980,1494787,2S,9,A,5,5,2027
67018402,67_67399_5136980,1256-012,2S,9,B,5,5,2027
67018403,67_67399_5136980,1414618,1S,9,A,10,10,2027
67018403,67_67399_5136980,005693-434,1S,9,C,5,5,2027
67018403,67_67399_5136980,1392672,1S,9,A,5,5,2027
67018403,67_67399_5136980,1710-18,1S,9,A,5,5,2027
67018403,67_67399_5136980,C713102-04,1S,9,C,5,5,2027
67018403,67_67399_5136980,3037-54,1S,9,A,5,5,2027
67018403,67_67399_5136980,7641-59,1S,9,A,10,10,2027
67018403,67_67399_5136980,57680,1S,9,B,5,5,2027
67018403,67_67399_5136980,2076-32,1S,9,C,5,5,2027
67018403,67_67399_5136980,2045391,1S,9,B,5,5,2027
67018403,67_67399_5136980,980710,1S,9,C,5,5,2027
67018403,67_67399_5136980,C910418-06,2S,9,A,5,5,2027
67018403,67_67399_5136980,1385488,2S,9,A,5,5,2027
67018403,67_67399_5136980,2675889,2S,9,A,5,5,2027
67018403,67_67399_5136980,C910203-04,2S,9,A,5,5,2027
67018404,67_67399_5136980,C910400601,1S,9,A,5,5,2027
67018404,67_67399_5136980,C920006-02,1S,9,B,10,10,2027
67018404,67_67399_5136980,C917304-14,1S,9,C,5,5,2027
67018404,67_67399_5136980,725374,1S,9,B,5,5,2027
67018404,67_67399_5136980,May-51,1S,9,A,5,5,2027
67018404,67_67399_5136980,1577880,1S,9,B,5,5,2027
67018404,67_67399_5136980,C910201-07,1S,9,A,5,5,2027
67018404,67_67399_5136980,5819-31,1S,9,B,10,10,2027
67018404,67_67399_5136980,97157,1S,9,A,5,5,2027
67018404,67_67399_5136980,2075-63,1S,9,C,5,5,2027
67018404,67_67399_5136980,0915-01,1S,9,B,10,10,2027
67018404,67_67399_5136980,C910417-06,2S,9,B,5,5,2027
67018404,67_67399_5136980,1710-04,2S,9,A,5,5,2027
67018404,67_67399_5136980,C910201-11,2S,9,B,5,5,2027
67018405,67_67399_5136980,2076-58,1S,9,B,5,5,2027
67018405,67_67399_5136980,3533-13,1S,9,C,5,5,2027
67018405,67_67399_5136980,7641-57,1S,9,F,10,0,2027
67018405,67_67399_5136980,1576023,1S,9,B,5,5,2027
67018405,67_67399_5136980,993827,1S,9,A,5,5,2027
67018405,67_67399_5136980,1790-13,1S,9,C,5,5,2027
67018405,67_67399_5136980,1056649,1S,9,B,5,5,2027
67018405,67_67399_5136980,C910400605,1S,9,B,5,5,2027
67018405,67_67399_5136980,C922006-01,1S,9,A,5,5,2027
67018405,67_67399_5136980,C853002-01,1S,9,B,5,5,2027
67018405,67_67399_5136980,1593586,1S,9,F,5,0,2027
67018405,67_67399_5136980,C922712-02,2S,9,B,10,10,2027
67018405,67_67399_5136980,C922204-50,2S,9,C,5,5,2027
67018405,67_67399_5136980,C917305-23,2S,9,B,5,5,2027
67018406,67_67399_5136980,1790-04,1S,9,A,5,5,2027
67018406,67_67399_5136980,C934001-05,1S,9,A,5,5,2027
67018406,67_67399_5136980,C7171001-02,1S,9,A,5,5,2027
67018406,67_67399_5136980,5819-27,1S,9,B,10,10,2027
67018406,67_67399_5136980,C924508-01,1S,9,B,5,5,2027
67018406,67_67399_5136980,C910430-01,1S,9,A,5,5,2027
67018406,67_67399_5136980,64345,1S,9,A,5,5,2027
67018406,67_67399_5136980,1717007,1S,9,A,5,5,2027
67018406,67_67399_5136980,5980-52,1S,9,B,10,10,2027
67018406,67_67399_5136980,1414860,1S,9,B,10,10,2027
67018406,67_67399_5136980,1593341,1S,9,A,5,5,2027
67018406,67_67399_5136980,5991-17,2S,9,B,5,5,2027
67018406,67_67399_5136980,C922711-02,2S,9,C,10,10,2027
67018406,67_67399_5136980,1883-04,2S,9,A,5,5,2027
67018406,67_67399_5136980,C910201-07,2S,9,C,5,5,2027
67018407,67_67399_5136980,2890835,1S,9,B,5,5,2027
67018407,67_67399_5136980,2076-52,1S,9,A,5,5,2027
67018407,67_67399_5136980,7651-54,1S,9,B,10,10,2027
67018407,67_67399_5136980,6215-50,1S,9,C,5,5,2027
67018407,67_67399_5136980,C934001-05,1S,9,C,5,5,2027
67018407,67_67399_5136980,C917304-13,1S,9,B,5,5,2027
67018407,67_67399_5136980,C922703-02,1S,9,B,10,10,2027
67018407,67_67399_5136980,C910417-07,1S,9,A,5,5,2027
67018407,67_67399_5136980,C751001-02,1S,9,A,5,5,2027
67018407,67_67399_5136980,1256-16,1S,9,C,5,5,2027
67018407,67_67399_5136980,730334,1S,9,B,5,5,2027
67018407,67_67399_5136980,2151919,2S,9,A,5,5,2027
67018407,67_67399_5136980,0215-07,2S,9,B,10,10,2027
67018407,67_67399_5136980,C910430-50,2S,9,B,5,5,2027
67018407,67_67399_5136980,1747230,2S,9,D,5,5,2027
67018408,67_67399_5136980,101630,1S,9,C,10,10,2027
67018408,67_67399_5136980,1284-01,1S,9,B,5,5,2027
67018408,67_67399_5136980,2293756,1S,9,F,5,0,2027
67018408,67_67399_5136980,C920005-01,1S,9,D,10,10,2027
67018408,67_67399_5136980,657924,1S,9,B,10,10,2027
67018408,67_67399_5136980,63920,1S,9,B,5,5,2027
67018408,67_67399_5136980,9815-33,1S,9,B,5,5,2027
67018408,67_67399_5136980,2493-50,1S,9,A,10,10,2027
67018408,67_67399_5136980,3068-53,1S,9,B,5,5,2027
67018408,67_67399_5136980,3123-17,1S,9,B,5,5,2027
67018408,67_67399_5136980,7791-22,1S,9,A,5,5,2027
67018408,67_67399_5136980,1710-22,2S,9,B,5,5,2027
67018408,67_67399_5136980,0215-01,2S,9,C,10,10,2027
67018408,67_67399_5136980,1284-04,2S,9,C,5,5,2027
67018409,67_67399_5136980,1748661,1S,9,A,5,5,2027
67018409,67_67399_5136980,107565,1S,9,F,5,0,2027
67018409,67_67399_5136980,64406,1S,9,C,5,5,2027
67018409,67_67399_5136980,596655,1S,9,D,5,5,2027
67018409,67_67399_5136980,7651-63,1S,9,A,10,10,2027
67018409,67_67399_5136980,C853002-01,1S,9,A,5,5,2027
67018409,67_67399_5136980,3038-50,1S,9,B,5,5,2027
67018409,67_67399_5136980,446693,1S,9,B,5,5,2027
67018409,67_67399_5136980,1710-11,1S,9,A,5,5,2027
67018409,67_67399_5136980,C922001-52,1S,9,B,5,5,2027
67018409,67_67399_5136980,298556,1S,9,C,10,10,2027
67018409,67_67399_5136980,1746682,2S,9,A,5,5,2027
67018409,67_67399_5136980,C923204-02,2S,9,B,5,5,2027
67018409,67_67399_5136980,C922004-01,2S,9,B,5,5,2027
67018410,67_67399_5136980,C910418-06,1S,9,A,5,5,2027
67018410,67_67399_5136980,C9104007-12,1S,9,C,5,5,2027
67018410,67_67399_5136980,1710-10,1S,9,B,5,5,2027
67018410,67_67399_5136980,446022,1S,9,B,5,5,2027
67018410,67_67399_5136980,6215-56,1S,9,B,5,5,2027
67018410,67_67399_5136980,7651-69,1S,9,F,10,0,2027
67018410,67_67399_5136980,57405,1S,9,B,5,5,2027
67018410,67_67399_5136980,2075-66,1S,9,A,5,5,2027
67018410,67_67399_5136980,1874457,1S,9,C,5,5,2027
67018410,67_67399_5136980,1746988,1S,9,A,5,5,2027
67018410,67_67399_5136980,1554474,1S,9,B,5,5,2027
67018410,67_67399_5136980,C9104006-02,2S,9,A,5,5,2027
67018410,67_67399_5136980,1494879,2S,9,C,5,5,2027
67018410,67_67399_5136980,C910202-14,2S,9,B,5,5,2027
67018410,67_67399_5136980,2294091,2S,9,C,5,5,2027
67018411,67_67399_5136980,729423,1S,9,B,5,5,2027
67018411,67_67399_5136980,2075-67,1S,9,B,5,5,2027
67018411,67_67399_5136980,2891108,1S,9,A,5,5,2027
67018411,67_67399_5136980,5819-22,1S,9,B,10,10,2027
67018411,67_67399_5136980,3037-52,1S,9,C,5,5,2027
67018411,67_67399_5136980,725464,1S,9,D,5,5,2027
67018411,67_67399_5136980,7791-22,1S,9,B,5,5,2027
67018411,67_67399_5136980,005693-435,1S,9,B,5,5,2027
67018411,67_67399_5136980,C922001-50,1S,9,A,5,5,2027
67018411,67_67399_5136980,884374,1S,9,B,10,10,2027
67018411,67_67399_5136980,1593310,1S,9,A,5,5,2027
67018411,67_67399_5136980,1494543,2S,9,B,5,5,2027
67018411,67_67399_5136980,C910429-01,2S,9,B,5,5,2027
67018411,67_67399_5136980,1385399,2S,9,B,5,5,2027
67018411,67_67399_5136980,1747138,2S,9,A,5,5,2027
67018412,67_67399_5136980,2482646,1S,9,B,5,5,2027
67018412,67_67399_5136980,0915-65,1S,9,A,10,10,2027
67018412,67_67399_5136980,2075-55,1S,9,A,5,5,2027
67018412,67_67399_5136980,97157,1S,9,B,5,5,2027
67018412,67_67399_5136980,7651-63,1S,9,A,10,10,2027
67018412,67_67399_5136980,1577970,1S,9,A,5,5,2027
67018412,67_67399_5136980,446844,1S,9,A,5,5,2027
67018412,67_67399_5136980,1093205,1S,9,A,10,10,2027
67018412,67_67399_5136980,9104015-11,1S,9,B,5,5,2027
67018412,67_67399_5136980,5693-032,1S,9,B,5,5,2027
67018412,67_67399_5136980,1494390,1S,9,C,5,5,2027
67018412,67_67399_5136980,1746988,2S,9,B,5,5,2027
67018412,67_67399_5136980,C910400803,2S,9,B,5,5,2027
67018412,67_67399_5136980,1883-02,2S,9,B,5,5,2027
67018412,67_67399_5136980,C917305-26,2S,9,B,5,5,2027
67018413,67_67399_5136980,596747,1S,9,B,5,5,2027
67018413,67_67399_5136980,216682,1S,9,B,10,10,2027
67018413,67_67399_5136980,1290159,1S,9,B,5,5,2027
67018413,67_67399_5136980,0061-51,1S,9,B,5,5,2027
67018413,67_67399_5136980,108174,1S,9,B,5,5,2027
67018413,67_67399_5136980,6683-16,1S,9,A,5,5,2027
67018413,67_67399_5136980,1790-13,1S,9,C,5,5,2027
67018413,67_67399_5136980,105070,1S,9,B,10,10,2027
67018413,67_67399_5136980,005693-137,1S,9,A,5,5,2027
67018413,67_67399_5136980,1458597,1S,9,A,5,5,2027
67018413,67_67399_5136980,994251,1S,9,B,5,5,2027
67018413,67_67399_5136980,6687-14,2S,9,B,5,5,2027
67018413,67_67399_5136980,C910417-07,2S,9,B,5,5,2027
67018413,67_67399_5136980,C917305-17,2S,9,B,5,5,2027
67018414,67_67399_5136980,1286-06,1S,9,C,5,5,2027
67018414,67_67399_5136980,C920002-02,1S,9,A,10,10,2027
67018414,67_67399_5136980,0215-05,1S,9,C,10,10,2027
67018414,67_67399_5136980,C917304-07,1S,9,C,5,5,2027
67018414,67_67399_5136980,C934001-12,1S,9,A,5,5,2027
67018414,67_67399_5136980,6215-57,1S,9,A,5,5,2027
67018414,67_67399_5136980,7651-70,1S,9,B,10,10,2027
67018414,67_67399_5136980,9815-19,1S,9,B,5,5,2027
67018414,67_67399_5136980,0061-52,1S,9,A,5,5,2027
67018414,67_67399_5136980,108296,1S,9,B,5,5,2027
67018414,67_67399_5136980,2380319,1S,9,C,10,10,2027
67018414,67_67399_5136980,1385427,2S,9,A,5,5,2027
67018414,67_67399_5136980,1728-03,2S,9,C,5,5,2027
67018414,67_67399_5136980,C9104009-5,2S,9,B,5,5,2027
67018414,67_67399_5136980,1284-03,2S,9,C,5,5,2027
67018415,67_67399_5136980,1748418,1S,9,A,5,5,2027
67018415,67_67399_5136980,C923201-01,1S,9,A,5,5,2027
67018415,67_67399_5136980,C9104007-13,1S,9,B,5,5,2027
67018415,67_67399_5136980,1494726,1S,9,C,5,5,2027
67018415,67_67399_5136980,2350003,1S,9,C,10,10,2027
67018415,67_67399_5136980,1765615,1S,9,B,5,5,2027
67018415,67_67399_5136980,5432-56,1S,9,C,5,5,2027
67018415,67_67399_5136980,7641-52,1S,9,C,10,10,2027
67018415,67_67399_5136980,9814-18,1S,9,B,5,5,2027
67018415,67_67399_5136980,2075-67,1S,9,B,5,5,2027
67018415,67_67399_5136980,0915-50,1S,9,B,10,10,2027
67018415,67_67399_5136980,C9104006-03,2S,9,A,5,5,2027
67018415,67_67399_5136980,2139501,2S,9,A,5,5,2027
67018415,67_67399_5136980,27760,2S,9,B,5,5,2027
67018415,67_67399_5136980,9104016-13,2S,9,A,5,5,2027
67018416,67_67399_5136980,2294122,1S,9,B,5,5,2027
67018416,67_67399_5136980,C8421003-23,1S,9,B,15,15,2027
67018416,67_67399_5136980,90948,1S,9,B,5,5,2027
67018416,67_67399_5136980,1710-52,1S,9,B,5,5,2027
67018416,67_67399_5136980,C713102-05,1S,9,A,5,5,2027
67018416,67_67399_5136980,5432-52,1S,9,B,5,5,2027
67018416,67_67399_5136980,216623,1S,9,C,10,10,2027
67018416,67_67399_5136980,C924502-01,1S,9,C,5,5,2027
67018416,67_67399_5136980,1593586,1S,9,B,5,5,2027
67018416,67_67399_5136980,0915-04,1S,9,A,10,10,2027
67018416,67_67399_5136980,2076-42,1S,9,C,5,5,2027
67018416,67_67399_5136980,9104015-21,2S,9,B,5,5,2027
67018416,67_67399_5136980,1790-51,2S,9,A,5,5,2027
67018416,67_67399_5136980,4578-51,2S,9,A,5,5,2027
67018417,67_67399_5136980,C910202-15,1S,9,B,5,5,2027
67018417,67_67399_5136980,1494909,1S,9,A,5,5,2027
67018417,67_67399_5136980,643195,1S,9,B,5,5,2027
67018417,67_67399_5136980,C7171001-01,1S,9,A,5,5,2027
67018417,67_67399_5136980,7651-59,1S,9,A,10,10,2027
67018417,67_67399_5136980,C910400601,1S,9,B,5,5,2027
67018417,67_67399_5136980,1385399,1S,9,A,5,5,2027
67018417,67_67399_5136980,102301,1S,9,A,10,10,2027
67018417,67_67399_5136980,2891169,1S,9,B,5,5,2027
67018417,67_67399_5136980,2076-55,1S,9,B,5,5,2027
67018417,67_67399_5136980,729117,1S,9,B,5,5,2027
67018417,67_67399_5136980,005693--33,2S,9,B,5,5,2027
67018417,67_67399_5136980,2151950,2S,9,C,5,5,2027
67018417,67_67399_5136980,2482890,2S,9,B,5,5,2027
67018418,67_67399_5136980,1748752,1S,9,A,5,5,2027
67018418,67_67399_5136980,1990574,1S,9,B,10,10,2027
67018418,67_67399_5136980,2075-63,1S,9,C,5,5,2027
67018418,67_67399_5136980,57527,1S,9,A,5,5,2027
67018418,67_67399_5136980,5432-54,1S,9,A,5,5,2027
67018418,67_67399_5136980,3123-19,1S,9,C,5,5,2027
67018418,67_67399_5136980,1494756,1S,9,C,5,5,2027
67018418,67_67399_5136980,1431446,1S,9,A,10,10,2027
67018418,67_67399_5136980,2294211,1S,9,C,5,5,2027
67018418,67_67399_5136980,5693-22,1S,9,C,5,5,2027
67018418,67_67399_5136980,645782,1S,9,B,10,10,2027
67018418,67_67399_5136980,C910202-03,2S,9,B,5,5,2027
67018418,67_67399_5136980,C917304-19,2S,9,B,5,5,2027
67018418,67_67399_5136980,9104016-33,2S,9,C,5,5,2027
67018418,67_67399_5136980,C922204-51,2S,9,C,5,5,2027
67018419,67_67399_5136980,3898-51,1S,9,A,5,5,2027
67018419,67_67399_5136980,644776,1S,9,C,10,10,2027
67018419,67_67399_5136980,C923202-03,1S,9,A,5,5,2027
67018419,67_67399_5136980,9104015-21,1S,9,B,5,5,2027
67018419,67_67399_5136980,1790-08,1S,9,A,5,5,2027
67018419,67_67399_5136980,645476,1S,9,A,5,5,2027
67018419,67_67399_5136980,5432-62,1S,9,B,5,5,2027
67018419,67_67399_5136980,7651-59,1S,9,A,10,10,2027
67018419,67_67399_5136980,111066,1S,9,A,5,5,2027
67018419,67_67399_5136980,2076-32,1S,9,B,5,5,2027
67018419,67_67399_5136980,1010-50,1S,9,B,10,10,2027
67018419,67_67399_5136980,C923204-03,2S,9,C,5,5,2027
67018419,67_67399_5136980,C910429-01,2S,9,B,5,5,2027
67018419,67_67399_5136980,1790-14,2S,9,B,5,5,2027
67018419,67_67399_5136980,1748661,2S,9,B,5,5,2027
67018420,67_67399_5136980,C700001-51,1S,9,B,5,5,2027
67018420,67_67399_5136980,C906202-04,1S,9,B,5,5,2027
67018420,67_67399_5136980,C910430-02,1S,9,B,5,5,2027
67018420,67_67399_5136980,C917304-14,1S,9,B,5,5,2027
67018420,67_67399_5136980,3123-17,1S,9,C,5,5,2027
67018420,67_67399_5136980,1290098,1S,9,C,5,5,2027
67018420,67_67399_5136980,7651-69,1S,9,A,10,10,2027
67018420,67_67399_5136980,57680,1S,9,A,5,5,2027
67018420,67_67399_5136980,2076-67,1S,9,B,5,5,2027
67018420,67_67399_5136980,2281550,1S,9,B,10,10,2027
67018420,67_67399_5136980,1746988,1S,9,A,5,5,2027
67018420,67_67399_5136980,1458506,2S,9,C,5,5,2027
67018420,67_67399_5136980,1790-06,2S,9,C,5,5,2027
67018420,67_67399_5136980,2482587,2S,9,C,5,5,2027
67018421,67_67399_5136980,C8421003-33,1S,9,B,15,15,2027
67018421,67_67399_5136980,C910203-03,1S,9,A,5,5,2027
67018421,67_67399_5136980,2294272,1S,9,B,5,5,2027
67018421,67_67399_5136980,1710-10,1S,9,A,5,5,2027
67018421,67_67399_5136980,3121-20,1S,9,C,5,5,2027
67018421,67_67399_5136980,6215-51,1S,9,A,5,5,2027
67018421,67_67399_5136980,5819-24,1S,9,A,10,10,2027
67018421,67_67399_5136980,2057-15,1S,9,C,5,5,2027
67018421,67_67399_5136980,2076-32,1S,9,A,5,5,2027
67018421,67_67399_5136980,107443,1S,9,B,5,5,2027
67018421,67_67399_5136980,C910418-03,1S,9,A,5,5,2027
67018421,67_67399_5136980,1280-50,2S,9,C,5,5,2027
67018421,67_67399_5136980,C922007-01,2S,9,A,5,5,2027
67018421,67_67399_5136980,7791-23,2S,9,A,5,5,2027
67018422,67_67399_5136980,107565,1S,9,B,5,5,2027
67018422,67_67399_5136980,2075-60,1S,9,B,5,5,2027
67018422,67_67399_5136980,1996783,1S,9,A,10,10,2027
67018422,67_67399_5136980,1431721,1S,9,A,10,10,2027
67018422,67_67399_5136980,1579431,1S,9,B,5,5,2027
67018422,67_67399_5136980,645386,1S,9,A,5,5,2027
67018422,67_67399_5136980,1768961,1S,9,A,5,5,2027
67018422,67_67399_5136980,1458447,1S,9,B,5,5,2027
67018422,67_67399_5136980,C922704-02,1S,9,C,10,10,2027
67018422,67_67399_5136980,101660,1S,9,A,10,10,2027
67018422,67_67399_5136980,1256-21,1S,9,B,5,5,2027
67018422,67_67399_5136980,C910202-04,2S,9,C,5,5,2027
67018422,67_67399_5136980,1790-08,2S,9,A,5,5,2027
67018422,67_67399_5136980,C910416-57,2S,9,B,5,5,2027
67018423,67_67399_5136980,C910415-51,1S,9,C,5,5,2027
67018423,67_67399_5136980,C853001-02,1S,9,D,5,5,2027
67018423,67_67399_5136980,1422073,1S,9,C,5,5,2027
67018423,67_67399_5136980,1726-01,1S,9,B,5,5,2027
67018423,67_67399_5136980,994223,1S,9,B,5,5,2027
67018423,67_67399_5136980,1578215,1S,9,A,5,5,2027
67018423,67_67399_5136980,1431721,1S,9,B,10,10,2027
67018423,67_67399_5136980,97216,1S,9,F,5,0,2027
67018423,67_67399_5136980,0061-54,1S,9,A,5,5,2027
67018423,67_67399_5136980,1717372,1S,9,A,5,5,2027
67018423,67_67399_5136980,7708-56,1S,9,B,5,5,2027
67018423,67_67399_5136980,C917305-17,2S,9,A,5,5,2027
67018423,67_67399_5136980,C910203-18,2S,9,B,5,5,2027
67018423,67_67399_5136980,C910416-55,2S,9,C,5,5,2027
67018424,67_67399_5136980,C820001-01,1S,9,B,5,5,2027
67018424,67_67399_5136980,C910418-11,1S,9,B,5,5,2027
67018424,67_67399_5136980,C922007-01,1S,9,B,5,5,2027
67018424,67_67399_5136980,C917305-14,1S,9,A,5,5,2027
67018424,67_67399_5136980,C713101-02,1S,9,A,5,5,2027
67018424,67_67399_5136980,1579676,1S,9,B,5,5,2027
67018424,67_67399_5136980,7651-65,1S,9,B,10,10,2027
67018424,67_67399_5136980,100079,1S,9,C,5,5,2027
67018424,67_67399_5136980,0062-52,1S,9,A,5,5,2027
67018424,67_67399_5136980,886111,1S,9,A,5,5,2027
67018424,67_67399_5136980,1593980,1S,9,A,5,5,2027
67018424,67_67399_5136980,C920003-02,2S,9,C,10,10,2027
67018424,67_67399_5136980,5693-32,2S,9,A,5,5,2027
67018424,67_67399_5136980,1494756,2S,9,A,5,5,2027
67018424,67_67399_5136980,980710,2S,9,A,5,5,2027
67018425,67_67399_5136980,2272541,1S,9,A,5,5,2027
67018425,67_67399_5136980,C920005-01,1S,9,A,10,10,2027
67018425,67_67399_5136980,2593255,1S,9,A,5,5,2027
67018425,67_67399_5136980,7791-21,1S,9,C,5,5,2027
67018425,67_67399_5136980,643285,1S,9,A,5,5,2027
67018425,67_67399_5136980,1576113,1S,9,B,5,5,2027
67018425,67_67399_5136980,2097194,1S,9,B,10,10,2027
67018425,67_67399_5136980,97188,1S,9,A,5,5,2027
67018425,67_67399_5136980,0061-53,1S,9,B,5,5,2027
67018425,67_67399_5136980,C910204-17,1S,9,A,5,5,2027
67018425,67_67399_5136980,C913002-02,1S,9,A,5,5,2027
67018425,67_67399_5136980,2676042,2S,9,B,5,5,2027
67018425,67_67399_5136980,C910418-09,2S,9,A,5,5,2027
67018425,67_67399_5136980,C910430-02,2S,9,B,5,5,2027
67018425,67_67399_5136980,1284-01,2S,9,B,5,5,2027
67018426,67_67399_5136980,1256-10,1S,9,C,5,5,2027
67018426,67_67399_5136980,1414830,1S,9,A,10,10,2027
67018426,67_67399_5136980,1206763,1S,9,C,10,10,2027
67018426,67_67399_5136980,C910430-04,1S,9,C,5,5,2027
67018426,67_67399_5136980,7791-22,1S,9,C,5,5,2027
67018426,67_67399_5136980,643226,1S,9,B,5,5,2027
67018426,67_67399_5136980,6215-53,1S,9,A,5,5,2027
67018426,67_67399_5136980,7651-51,1S,9,C,10,10,2027
67018426,67_67399_5136980,57436,1S,9,A,5,5,2027
67018426,67_67399_5136980,64376,1S,9,B,5,5,2027
67018426,67_67399_5136980,730212,1S,9,B,5,5,2027
67018426,67_67399_5136980,C906202-03,2S,9,F,5,0,2027
67018426,67_67399_5136980,1790-17,2S,9,B,5,5,2027
67018426,67_67399_5136980,1286-04,2S,9,C,5,5,2027
67018427,67_67399_5136980,2076-59,1S,9,D,5,5,2027
67018427,67_67399_5136980,5693-51,1S,9,C,5,5,2027
67018427,67_67399_5136980,1883-09,1S,9,A,5,5,2027
67018427,67_67399_5136980,1728-03,1S,9,B,5,5,2027
67018427,67_67399_5136980,C934002-03,1S,9,C,5,5,2027
67018427,67_67399_5136980,5432-59,1S,9,C,5,5,2027
67018427,67_67399_5136980,5819-30,1S,9,A,10,10,2027
67018427,67_67399_5136980,C925402-03,1S,9,A,5,5,2027
67018427,67_67399_5136980,1254-31,1S,9,A,5,5,2027
67018427,67_67399_5136980,C795202-01,1S,9,A,5,5,2027
67018427,67_67399_5136980,0915-51,1S,9,B,10,10,2027
67018427,67_67399_5136980,C923204-01,2S,9,A,5,5,2027
67018427,67_67399_5136980,2482707,2S,9,A,5,5,2027
67018427,67_67399_5136980,1494879,2S,9,A,5,5,2027
67018428,67_67399_5136980,1746623,1S,9,B,5,5,2027
67018428,67_67399_5136980,884254,1S,9,B,10,10,2027
67018428,67_67399_5136980,2076-54,1S,9,A,5,5,2027
67018428,67_67399_5136980,100809,1S,9,C,5,5,2027
67018428,67_67399_5136980,2098321,1S,9,B,10,10,2027
67018428,67_67399_5136980,5432-60,1S,9,A,5,5,2027
67018428,67_67399_5136980,C902001-02,1S,9,A,10,10,2027
67018428,67_67399_5136980,993917,1S,9,C,5,5,2027
67018428,67_67399_5136980,2151980,1S,9,C,5,5,2027
67018428,67_67399_5136980,90948,1S,9,B,5,5,2027
67018428,67_67399_5136980,C913002-50,1S,9,A,5,5,2027
67018428,67_67399_5136980,C910203-13,2S,9,B,5,5,2027
67018428,67_67399_5136980,5991-20,2S,9,A,5,5,2027
67018428,67_67399_5136980,5980-54,2S,9,B,10,10,2027
67018429,67_67399_5136980,1579431,1S,9,B,5,5,2027
67018429,67_67399_5136980,64345,1S,9,A,5,5,2027
67018429,67_67399_5136980,993858,1S,9,B,5,5,2027
67018429,67_67399_5136980,1494482,1S,9,B,5,5,2027
67018429,67_67399_5136980,C922203-50,1S,9,A,5,5,2027
67018429,67_67399_5136980,C906201-02,1S,9,B,5,5,2027
67018429,67_67399_5136980,2274763,1S,9,A,5,5,2027
67018429,67_67399_5136980,7641-52,1S,9,A,10,10,2027
67018429,67_67399_5136980,9814-18,1S,9,B,5,5,2027
67018429,67_67399_5136980,7708-58,1S,9,A,5,5,2027
67018429,67_67399_5136980,730242,1S,9,A,5,5,2027
67018429,67_67399_5136980,2151677,2S,9,A,5,5,2027
67018429,67_67399_5136980,005693-137,2S,9,B,5,5,2027
67018429,67_67399_5136980,C910201-09,2S,9,B,5,5,2027
67018430,67_67399_5136980,0918-02,1S,9,B,10,10,2027
67018430,67_67399_5136980,2274763,1S,9,A,5,5,2027
67018430,67_67399_5136980,1593341,1S,9,B,5,5,2027
67018430,67_67399_5136980,2293756,1S,9,A,5,5,2027
67018430,67_67399_5136980,C922006-02,1S,9,C,5,5,2027
67018430,67_67399_5136980,1494574,1S,9,C,5,5,2027
67018430,67_67399_5136980,724003,1S,9,A,5,5,2027
67018430,67_67399_5136980,C7171001-01,1S,9,C,5,5,2027
67018430,67_67399_5136980,7651-68,1S,9,A,10,10,2027
67018430,67_67399_5136980,C925402-02,1S,9,C,5,5,2027
67018430,67_67399_5136980,0062-53,1S,9,C,5,5,2027
67018430,67_67399_5136980,C922205-01,2S,9,B,5,5,2027
67018430,67_67399_5136980,1850-03,2S,9,A,5,5,2027
67018430,67_67399_5136980,C917304-18,2S,9,B,5,5,2027
67018430,67_67399_5136980,C910203-02,2S,9,C,5,5,2027
67018431,67_67399_5136980,C910203-01,1S,9,C,5,5,2027
67018431,67_67399_5136980,729969,1S,9,B,5,5,2027
67018431,67_67399_5136980,2076-60,1S,9,C,5,5,2027
67018431,67_67399_5136980,57619,1S,9,C,5,5,2027
67018431,67_67399_5136980,7641-52,1S,9,F,10,0,2027
67018431,67_67399_5136980,6215-62,1S,9,A,5,5,2027
67018431,67_67399_5136980,645476,1S,9,C,5,5,2027
67018431,67_67399_5136980,1790-10,1S,9,B,5,5,2027
67018431,67_67399_5136980,C922007-02,1S,9,A,5,5,2027
67018431,67_67399_5136980,C922004-02,1S,9,A,5,5,2027
67018431,67_67399_5136980,1414618,1S,9,B,10,10,2027
67018431,67_67399_5136980,27426,2S,9,B,5,5,2027
67018431,67_67399_5136980,5980-51,2S,9,C,10,10,2027
67018431,67_67399_5136980,1422012,2S,9,A,5,5,2027
67018432,67_67399_5136980,101783,1S,9,B,10,10,2027
67018432,67_67399_5136980,C910416-52,1S,9,C,5,5,2027
67018432,67_67399_5136980,C922204-50,1S,9,A,5,5,2027
67018432,67_67399_5136980,5991-15,1S,9,A,5,5,2027
67018432,67_67399_5136980,3121-00,1S,9,C,5,5,2027
67018432,67_67399_5136980,C932202-52,1S,9,B,5,5,2027
67018432,67_67399_5136980,5819-17,1S,9,F,10,0,2027
67018432,67_67399_5136980,57680,1S,9,B,5,5,2027
67018432,67_67399_5136980,2075-58,1S,9,D,5,5,2027
67018432,67_67399_5136980,0915-02,1S,9,A,10,10,2027
67018432,67_67399_5136980,2482615,1S,9,A,5,5,2027
67018432,67_67399_5136980,1458475,2S,9,C,5,5,2027
67018432,67_67399_5136980,C9104007-12,2S,9,A,5,5,2027
67018432,67_67399_5136980,C917304-06,2S,9,A,5,5,2027
67018432,67_67399_5136980,1286-01,2S,9,A,5,5,2027
67018433,67_67399_5136980,05693-2310,1S,9,B,5,5,2027
67018433,67_67399_5136980,2294091,1S,9,C,5,5,2027
67018433,67_67399_5136980,2676012,1S,9,B,5,5,2027
67018433,67_67399_5136980,446175,1S,9,C,5,5,2027
67018433,67_67399_5136980,6215-55,1S,9,A,5,5,2027
67018433,67_67399_5136980,C910203-06,1S,9,B,5,5,2027
67018433,67_67399_5136980,2281458,1S,9,B,10,10,2027
67018433,67_67399_5136980,5819-21,1S,9,A,10,10,2027
67018433,67_67399_5136980,97216,1S,9,C,5,5,2027
67018433,67_67399_5136980,0062-50,1S,9,B,5,5,2027
67018433,67_67399_5136980,2273271,1S,9,A,5,5,2027
67018433,67_67399_5136980,005693-137,2S,9,A,5,5,2027
67018433,67_67399_5136980,5992-22,2S,9,B,5,5,2027
67018433,67_67399_5136980,2360989,2S,9,A,10,10,2027
67018434,67_67399_5136980,C922711-01,1S,9,C,10,10,2027
67018434,67_67399_5136980,1850-06,1S,9,B,5,5,2027
67018434,67_67399_5136980,2151705,1S,9,A,5,5,2027
67018434,67_67399_5136980,993827,1S,9,A,5,5,2027
67018434,67_67399_5136980,6215-60,1S,9,C,5,5,2027
67018434,67_67399_5136980,7651-58,1S,9,A,10,10,2027
67018434,67_67399_5136980,C700001-51,1S,9,A,5,5,2027
67018434,67_67399_5136980,729086,1S,9,B,5,5,2027
67018434,67_67399_5136980,2075-67,1S,9,A,5,5,2027
67018434,67_67399_5136980,3533-13,1S,9,B,5,5,2027
67018434,67_67399_5136980,C910203-16,1S,9,A,5,5,2027
67018434,67_67399_5136980,1464714,2S,9,A,10,10,2027
67018434,67_67399_5136980,1710-17,2S,9,C,5,5,2027
67018434,67_67399_5136980,C910202-11,2S,9,A,5,5,2027
67018435,67_67399_5136980,1093205,1S,9,B,10,10,2027
67018435,67_67399_5136980,980738,1S,9,A,5,5,2027
67018435,67_67399_5136980,C930302-02,1S,9,C,10,10,2027
67018435,67_67399_5136980,774741,1S,9,B,5,5,2027
67018435,67_67399_5136980,C910418-13,1S,9,A,5,5,2027
67018435,67_67399_5136980,2075-57,1S,9,B,5,5,2027
67018435,67_67399_5136980,2676073,1S,9,B,5,5,2027
67018435,67_67399_5136980,446752,1S,9,B,5,5,2027
67018435,67_67399_5136980,5432-54,1S,9,B,5,5,2027
67018435,67_67399_5136980,5819-34,1S,9,C,10,10,2027
67018435,67_67399_5136980,111095,1S,9,B,5,5,2027
67018435,67_67399_5136980,1494268,2S,9,B,5,5,2027
67018435,67_67399_5136980,C910417-02,2S,9,A,5,5,2027
67018435,67_67399_5136980,8697-18,2S,9,B,5,5,2027
67018435,67_67399_5136980,C9104007-03,2S,9,B,5,5,2027
67018436,67_67399_5136980,3123-42,1S,9,B,5,5,2027
67018436,67_67399_5136980,C795202-01,1S,9,C,5,5,2027
67018436,67_67399_5136980,0215-06,1S,9,A,10,10,2027
67018436,67_67399_5136980,C9104012-01,1S,9,A,5,5,2027
67018436,67_67399_5136980,1790-04,1S,9,A,5,5,2027
67018436,67_67399_5136980,5432-59,1S,9,B,5,5,2027
67018436,67_67399_5136980,1409473,1S,9,A,10,10,2027
67018436,67_67399_5136980,1996814,1S,9,C,10,10,2027
67018436,67_67399_5136980,2076-59,1S,9,A,5,5,2027
67018436,67_67399_5136980,0915-02,1S,9,B,10,10,2027
67018436,67_67399_5136980,C910201-05,1S,9,A,5,5,2027
67018436,67_67399_5136980,C910415-51,2S,9,A,5,5,2027
67018436,67_67399_5136980,1728-04,2S,9,B,5,5,2027
67018436,67_67399_5136980,C910801-03,2S,9,A,5,5,2027
67018437,67_67399_5136980,4792-50,1S,9,B,5,5,2027
67018437,67_67399_5136980,64345,1S,9,A,5,5,2027
67018437,67_67399_5136980,2057-14,1S,9,B,5,5,2027
67018437,67_67399_5136980,5819-29,1S,9,C,10,10,2027
67018437,67_67399_5136980,C932202-01,1S,9,B,5,5,2027
67018437,67_67399_5136980,3123-19,1S,9,A,5,5,2027
67018437,67_67399_5136980,C917303-01,1S,9,B,5,5,2027
67018437,67_67399_5136980,1286-04,1S,9,C,5,5,2027
67018437,67_67399_5136980,105039,1S,9,A,10,10,2027
67018437,67_67399_5136980,2294181,1S,9,A,5,5,2027
67018437,67_67399_5136980,C922004-02,1S,9,B,5,5,2027
67018437,67_67399_5136980,C910204-13,2S,9,A,5,5,2027
67018437,67_67399_5136980,1883-01,2S,9,C,5,5,2027
67018437,67_67399_5136980,1446759,2S,9,B,10,10,2027
67018437,67_67399_5136980,2151889,2S,9,B,5,5,2027
67018438,67_67399_5136980,6215-59,1S,9,A,5,5,2027
67018438,67_67399_5136980,C910201-14,1S,9,A,5,5,2027
67018438,67_67399_5136980,2555970,1S,9,A,5,5,2027
67018438,67_67399_5136980,2075-60,1S,9,B,5,5,2027
67018438,67_67399_5136980,9815-33,1S,9,B,5,5,2027
67018438,67_67399_5136980,216682,1S,9,B,10,10,2027
67018438,67_67399_5136980,C934001-08,1S,9,A,5,5,2027
67018438,67_67399_5136980,5991-18,1S,9,B,5,5,2027
67018438,67_67399_5136980,298464,1S,9,A,10,10,2027
67018438,67_67399_5136980,2593224,1S,9,B,5,5,2027
67018438,67_67399_5136980,C795202-01,1S,9,C,5,5,2027
67018438,67_67399_5136980,C910203-16,2S,9,B,5,5,2027
67018438,67_67399_5136980,7791-24,2S,9,A,5,5,2027
67018438,67_67399_5136980,005693-536,2S,9,C,5,5,2027
67018438,67_67399_5136980,1392672,2S,9,B,5,5,2027
67018440,67_67399_5136980,1883-08,1S,9,C,5,5,2027
67018440,67_67399_5136980,C922006-02,1S,9,C,5,5,2027
67018440,67_67399_5136980,C917305-26,1S,9,B,5,5,2027
67018440,67_67399_5136980,446297,1S,9,A,5,5,2027
67018440,67_67399_5136980,1290098,1S,9,B,5,5,2027
67018440,67_67399_5136980,1431630,1S,9,A,10,10,2027
67018440,67_67399_5136980,C924507-51,1S,9,B,5,5,2027
67018440,67_67399_5136980,0061-52,1S,9,B,5,5,2027
67018440,67_67399_5136980,206059,1S,9,C,5,5,2027
67018440,67_67399_5136980,6683-15,1S,9,B,5,5,2027
67018440,67_67399_5136980,C700002-51,1S,9,B,5,5,2027
67018440,67_67399_5136980,5980-50,2S,9,A,10,10,2027
67018440,67_67399_5136980,1392672,2S,9,B,5,5,2027
67018440,67_67399_5136980,1197997,2S,9,A,5,5,2027
67018440,67_67399_5136980,7708-53,2S,9,B,5,5,2027
67018441,67_67399_5136980,1414618,1S,9,A,10,10,2027
67018441,67_67399_5136980,111126,1S,9,C,5,5,2027
67018441,67_67399_5136980,2360989,1S,9,C,10,10,2027
67018441,67_67399_5136980,3899-56,1S,9,B,5,5,2027
67018441,67_67399_5136980,64437,1S,9,C,5,5,2027
67018441,67_67399_5136980,2097194,1S,9,A,10,10,2027
67018441,67_67399_5136980,3068-54,1S,9,A,5,5,2027
67018441,67_67399_5136980,C713102-02,1S,9,C,5,5,2027
67018441,67_67399_5136980,C917303-01,1S,9,B,5,5,2027
67018441,67_67399_5136980,1850-04,1S,9,B,5,5,2027
67018441,67_67399_5136980,2294091,1S,9,A,5,5,2027
67018441,67_67399_5136980,1254-08,2S,9,C,5,5,2027
67018441,67_67399_5136980,1726-01,2S,9,A,5,5,2027
67018441,67_67399_5136980,005693-135,2S,9,A,5,5,2027
67018442,67_67399_5136980,005693-437,1S,9,B,5,5,2027
67018442,67_67399_5136980,3037-54,1S,9,B,5,5,2027
67018442,67_67399_5136980,2281488,1S,9,C,10,10,2027
67018442,67_67399_5136980,2075-54,1S,9,B,5,5,2027
67018442,67_67399_5136980,1996783,1S,9,B,10,10,2027
67018442,67_67399_5136980,1431721,1S,9,A,10,10,2027
67018442,67_67399_5136980,994251,1S,9,A,5,5,2027
67018442,67_67399_5136980,2482676,1S,9,A,5,5,2027
67018442,67_67399_5136980,C917305-21,1S,9,A,5,5,2027
67018442,67_67399_5136980,C922204-50,1S,9,B,5,5,2027
67018442,67_67399_5136980,105039,1S,9,C,10,10,2027
67018442,67_67399_5136980,2293999,2S,9,B,5,5,2027
67018442,67_67399_5136980,2139501,2S,9,A,5,5,2027
67018442,67_67399_5136980,23833,2S,9,B,5,5,2027
67018443,67_67399_5136980,1494543,1S,9,B,5,5,2027
67018443,67_67399_5136980,C9104007-13,1S,9,B,5,5,2027
67018443,67_67399_5136980,1578215,1S,9,B,5,5,2027
67018443,67_67399_5136980,2294030,1S,9,A,5,5,2027
67018443,67_67399_5136980,C810001-01,1S,9,C,5,5,2027
67018443,67_67399_5136980,2098411,1S,9,B,10,10,2027
67018443,67_67399_5136980,C924501-50,1S,9,A,5,5,2027
67018443,67_67399_5136980,0062-53,1S,9,B,5,5,2027
67018443,67_67399_5136980,1056283,1S,9,A,5,5,2027
67018443,67_67399_5136980,C910204-07,1S,9,B,5,5,2027
67018443,67_67399_5136980,445963,1S,9,A,5,5,2027
67018443,67_67399_5136980,C930302-02,2S,9,A,10,10,2027
67018443,67_67399_5136980,1710-16,2S,9,B,5,5,2027
67018443,67_67399_5136980,6683-16,2S,9,A,5,5,2027
67018444,67_67399_5136980,3898-51,1S,9,C,5,5,2027
67018444,67_67399_5136980,2075-52,1S,9,C,5,5,2027
67018444,67_67399_5136980,1414587,1S,9,D,10,10,2027
67018444,67_67399_5136980,0218-01,1S,9,B,10,10,2027
67018444,67_67399_5136980,1883-02,1S,9,B,5,5,2027
67018444,67_67399_5136980,7708-61,1S,9,B,5,5,2027
67018444,67_67399_5136980,1710-07,1S,9,A,5,5,2027
67018444,67_67399_5136980,C934001-03,1S,9,B,5,5,2027
67018444,67_67399_5136980,6215-50,1S,9,D,5,5,2027
67018444,67_67399_5136980,7641-57,1S,9,A,10,10,2027
67018444,67_67399_5136980,2890774,1S,9,B,5,5,2027
67018444,67_67399_5136980,6683-13,2S,9,B,5,5,2027
67018444,67_67399_5136980,1883-02,2S,9,B,5,5,2027
67018444,67_67399_5136980,0005693-23,2S,9,B,5,5,2027
67018444,67_67399_5136980,1494513,2S,9,A,5,5,2027
67018445,67_67399_5136980,1414799,1S,9,B,10,10,2027
67018445,67_67399_5136980,8697-18,1S,9,B,5,5,2027
67018445,67_67399_5136980,9104016-52,1S,9,B,5,5,2027
67018445,67_67399_5136980,2076-68,1S,9,B,5,5,2027
67018445,67_67399_5136980,2890865,1S,9,B,5,5,2027
67018445,67_67399_5136980,216623,1S,9,A,10,10,2027
67018445,67_67399_5136980,6215-51,1S,9,B,5,5,2027
67018445,67_67399_5136980,C922001-53,1S,9,B,5,5,2027
67018445,67_67399_5136980,723972,1S,9,B,5,5,2027
67018445,67_67399_5136980,1790-16,1S,9,B,5,5,2027
67018445,67_67399_5136980,C913001-01,1S,9,F,5,0,2027
67018445,67_67399_5136980,6687-51,2S,9,C,5,5,2027
67018445,67_67399_5136980,C9104007-04,2S,9,C,5,5,2027
67018445,67_67399_5136980,C917305-13,2S,9,A,5,5,2027
67018446,67_67399_5136980,2482799,1S,9,B,5,5,2027
67018446,67_67399_5136980,0915-58,1S,9,C,10,10,2027
67018446,67_67399_5136980,2076-59,1S,9,F,5,0,2027
67018446,67_67399_5136980,9814-14,1S,9,B,5,5,2027
67018446,67_67399_5136980,C931602-03,1S,9,C,10,10,2027
67018446,67_67399_5136980,3037-54,1S,9,B,5,5,2027
67018446,67_67399_5136980,C934002-05,1S,9,C,5,5,2027
67018446,67_67399_5136980,9226-20,1S,9,B,5,5,2027
67018446,67_67399_5136980,5693-21,1S,9,C,5,5,2027
67018446,67_67399_5136980,1093205,1S,9,F,10,0,2027
67018446,67_67399_5136980,4578-54,2S,9,B,5,5,2027
67018446,67_67399_5136980,27426,2S,9,A,5,5,2027
67018446,67_67399_5136980,C922206-01,2S,9,D,5,5,2027
67018447,67_67399_5136980,1883-07,1S,9,B,5,5,2027
67018447,67_67399_5136980,641765,1S,9,B,5,5,2027
67018447,67_67399_5136980,0061-50,1S,9,C,5,5,2027
67018447,67_67399_5136980,C925401-07,1S,9,A,5,5,2027
67018447,67_67399_5136980,2099051,1S,9,C,10,10,2027
67018447,67_67399_5136980,1577940,1S,9,A,5,5,2027
67018447,67_67399_5136980,C713101-05,1S,9,A,5,5,2027
67018447,67_67399_5136980,9226-41,1S,9,B,5,5,2027
67018447,67_67399_5136980,1748630,1S,9,B,5,5,2027
67018447,67_67399_5136980,736727,1S,9,A,10,10,2027
67018447,67_67399_5136980,C9104006-03,1S,9,C,5,5,2027
67018447,67_67399_5136980,C910802-03,2S,9,A,5,5,2027
67018447,67_67399_5136980,9226-16,2S,9,A,5,5,2027
67018447,67_67399_5136980,C910416-57,2S,9,B,5,5,2027
67018448,67_67399_5136980,C700001-54,1S,9,A,5,5,2027
67018448,67_67399_5136980,C922703-02,1S,9,C,10,10,2027
67018448,67_67399_5136980,005693-436,1S,9,B,5,5,2027
67018448,67_67399_5136980,C917305-20,1S,9,A,5,5,2027
67018448,67_67399_5136980,446844,1S,9,C,5,5,2027
67018448,67_67399_5136980,1576113,1S,9,A,5,5,2027
67018448,67_67399_5136980,1409746,1S,9,B,10,10,2027
67018448,67_67399_5136980,1254-06,1S,9,B,5,5,2027
67018448,67_67399_5136980,C930301-02,1S,9,A,10,10,2027
67018448,67_67399_5136980,63920,1S,9,A,5,5,2027
67018448,67_67399_5136980,2890651,1S,9,A,5,5,2027
67018448,67_67399_5136980,005693-135,2S,9,C,5,5,2027
67018448,67_67399_5136980,C917304-13,2S,9,B,5,5,2027
67018448,67_67399_5136980,7708-58,2S,9,A,5,5,2027
67018449,67_67399_5136980,3038-51,1S,9,C,5,5,2027
67018449,67_67399_5136980,1056283,1S,9,C,5,5,2027
67018449,67_67399_5136980,1748569,1S,9,B,5,5,2027
67018449,67_67399_5136980,2076-55,1S,9,A,5,5,2027
67018449,67_67399_5136980,111066,1S,9,B,5,5,2027
67018449,67_67399_5136980,C931601-01,1S,9,A,10,10,2027
67018449,67_67399_5136980,3123-22,1S,9,A,5,5,2027
67018449,67_67399_5136980,1790-02,1S,9,A,5,5,2027
67018449,67_67399_5136980,1446818,1S,9,B,10,10,2027
67018449,67_67399_5136980,1392672,1S,9,A,5,5,2027
67018449,67_67399_5136980,May-51,1S,9,A,5,5,2027
67018449,67_67399_5136980,C917305-17,2S,9,A,5,5,2027
67018449,67_67399_5136980,05693-1311,2S,9,A,5,5,2027
67018449,67_67399_5136980,C910203-02,2S,9,C,5,5,2027
67018450,67_67399_5136980,1421982,1S,9,B,5,5,2027
67018450,67_67399_5136980,C700002-50,1S,9,B,5,5,2027
67018450,67_67399_5136980,9226-15,1S,9,B,5,5,2027
67018450,67_67399_5136980,994223,1S,9,A,5,5,2027
67018450,67_67399_5136980,5980-54,1S,9,B,10,10,2027
67018450,67_67399_5136980,7651-57,1S,9,A,10,10,2027
67018450,67_67399_5136980,C925402-04,1S,9,C,5,5,2027
67018450,67_67399_5136980,63920,1S,9,C,5,5,2027
67018450,67_67399_5136980,2002717,1S,9,A,10,10,2027
67018450,67_67399_5136980,1280-55,1S,9,A,5,5,2027
67018450,67_67399_5136980,622375,1S,9,A,5,5,2027
67018450,67_67399_5136980,1464714,2S,9,A,10,10,2027
67018450,67_67399_5136980,1790-07,2S,9,A,5,5,2027
67018450,67_67399_5136980,1284-06,2S,9,C,5,5,2027
67018451,67_67399_5136980,1883-08,1S,9,A,5,5,2027
67018451,67_67399_5136980,C820001-01,1S,9,A,5,5,2027
67018451,67_67399_5136980,C922805-01,1S,9,B,5,5,2027
67018451,67_67399_5136980,2675981,1S,9,C,5,5,2027
67018451,67_67399_5136980,446693,1S,9,A,5,5,2027
67018451,67_67399_5136980,7651-70,1S,9,C,10,10,2027
67018451,67_67399_5136980,9815-34,1S,9,D,5,5,2027
67018451,67_67399_5136980,2075-53,1S,9,A,5,5,2027
67018451,67_67399_5136980,1022375,1S,9,B,10,10,2027
67018451,67_67399_5136980,1280-51,1S,9,A,5,5,2027
67018451,67_67399_5136980,5432-63,1S,9,A,5,5,2027
67018451,67_67399_5136980,1464714,2S,9,A,10,10,2027
67018451,67_67399_5136980,C917305-26,2S,9,B,5,5,2027
67018451,67_67399_5136980,8362-50,2S,9,C,10,10,2027
67018452,67_67399_5136980,1747291,1S,9,B,5,5,2027
67018452,67_67399_5136980,3899-51,1S,9,C,5,5,2027
67018452,67_67399_5136980,C925402-01,1S,9,A,5,5,2027
67018452,67_67399_5136980,2076-51,1S,9,B,5,5,2027
67018452,67_67399_5136980,7651-79,1S,9,C,10,10,2027
67018452,67_67399_5136980,6215-53,1S,9,A,5,5,2027
67018452,67_67399_5136980,643226,1S,9,A,5,5,2027
67018452,67_67399_5136980,1790-08,1S,9,A,5,5,2027
67018452,67_67399_5136980,1206794,1S,9,B,10,10,2027
67018452,67_67399_5136980,C910417-04,1S,9,B,5,5,2027
67018452,67_67399_5136980,C713403-02,1S,9,B,5,5,2027
67018452,67_67399_5136980,C910203-14,2S,9,B,5,5,2027
67018452,67_67399_5136980,C917304-21,2S,9,C,5,5,2027
67018452,67_67399_5136980,C910400701,2S,9,C,5,5,2027
67018452,67_67399_5136980,C910418-03,2S,9,A,5,5,2027
67018453,67_67399_5136980,645811,1S,9,B,10,10,2027
67018453,67_67399_5136980,2294272,1S,9,B,5,5,2027
67018453,67_67399_5136980,1276-53,1S,9,A,5,5,2027
67018453,67_67399_5136980,C900001-50,1S,9,B,5,5,2027
67018453,67_67399_5136980,2075-61,1S,9,C,5,5,2027
67018453,67_67399_5136980,2890986,1S,9,A,5,5,2027
67018453,67_67399_5136980,7651-57,1S,9,B,10,10,2027
67018453,67_67399_5136980,1579401,1S,9,B,5,5,2027
67018453,67_67399_5136980,446693,1S,9,C,5,5,2027
67018453,67_67399_5136980,24198,1S,9,A,5,5,2027
67018453,67_67399_5136980,5693-43,1S,9,B,5,5,2027
67018453,67_67399_5136980,1254-01,2S,9,C,5,5,2027
67018453,67_67399_5136980,C917304-09,2S,9,A,5,5,2027
67018453,67_67399_5136980,C922806-01,2S,9,A,5,5,2027
67018454,67_67399_5136980,0215-03,1S,9,B,10,10,2027
67018454,67_67399_5136980,1883-03,1S,9,B,5,5,2027
67018454,67_67399_5136980,1693632,1S,9,A,5,5,2027
67018454,67_67399_5136980,6682-14,1S,9,B,5,5,2027
67018454,67_67399_5136980,0915-52,1S,9,B,10,10,2027
67018454,67_67399_5136980,3533-15,1S,9,A,5,5,2027
67018454,67_67399_5136980,2076-50,1S,9,C,5,5,2027
67018454,67_67399_5136980,1431630,1S,9,C,10,10,2027
67018454,67_67399_5136980,6215-61,1S,9,A,5,5,2027
67018454,67_67399_5136980,C934002-06,1S,9,A,5,5,2027
67018454,67_67399_5136980,C917304-26,1S,9,A,5,5,2027
67018454,67_67399_5136980,1748449,2S,9,B,5,5,2027
67018454,67_67399_5136980,2151889,2S,9,A,5,5,2027
67018454,67_67399_5136980,C910400701,2S,9,B,5,5,2027
67018456,67_67399_5136980,1883-10,1S,9,B,5,5,2027
67018456,67_67399_5136980,1704255,1S,9,B,10,10,2027
67018456,67_67399_5136980,9104015-51,1S,9,B,5,5,2027
67018456,67_67399_5136980,2675828,1S,9,A,5,5,2027
67018456,67_67399_5136980,3123-15,1S,9,C,5,5,2027
67018456,67_67399_5136980,6215-61,1S,9,B,5,5,2027
67018456,67_67399_5136980,7651-71,1S,9,B,10,10,2027
67018456,67_67399_5136980,1882-01,1S,9,A,5,5,2027
67018456,67_67399_5136980,63979,1S,9,B,5,5,2027
67018456,67_67399_5136980,C930301-01,1S,9,B,10,10,2027
67018456,67_67399_5136980,2137826,1S,9,B,5,5,2027
67018456,67_67399_5136980,9104016-23,2S,9,A,5,5,2027
67018456,67_67399_5136980,1256-02,2S,9,B,5,5,2027
67018456,67_67399_5136980,5991-21,2S,9,A,5,5,2027
67018457,67_67399_5136980,1918286,1S,9,A,10,10,2027
67018457,67_67399_5136980,1554474,1S,9,C,5,5,2027
67018457,67_67399_5136980,C910415-51,1S,9,B,5,5,2027
67018457,67_67399_5136980,0218-04,1S,9,A,10,10,2027
67018457,67_67399_5136980,C917304-16,1S,9,B,5,5,2027
67018457,67_67399_5136980,3121-13,1S,9,B,5,5,2027
67018457,67_67399_5136980,1577940,1S,9,A,5,5,2027
67018457,67_67399_5136980,2097680,1S,9,C,10,10,2027
67018457,67_67399_5136980,2891169,1S,9,D,5,5,2027
67018457,67_67399_5136980,2075-31,1S,9,D,5,5,2027
67018457,67_67399_5136980,1256-18,1S,9,A,5,5,2027
67018457,67_67399_5136980,9104016-12,2S,9,A,5,5,2027
67018457,67_67399_5136980,C922203-50,2S,9,A,5,5,2027
67018457,67_67399_5136980,C917305-27,2S,9,C,5,5,2027
67018457,67_67399_5136980,1284-04,2S,9,C,5,5,2027
67018458,67_67399_5136980,C810001-01,1S,9,A,5,5,2027
67018458,67_67399_5136980,C9104008-01,1S,9,A,5,5,2027
67018458,67_67399_5136980,298525,1S,9,B,10,10,2027
67018458,67_67399_5136980,24139,1S,9,A,5,5,2027
67018458,67_67399_5136980,C713101-01,1S,9,C,5,5,2027
67018458,67_67399_5136980,3037-52,1S,9,C,5,5,2027
67018458,67_67399_5136980,C931602-01,1S,9,C,10,10,2027
67018458,67_67399_5136980,111460,1S,9,B,5,5,2027
67018458,67_67399_5136980,2075-54,1S,9,B,5,5,2027
67018458,67_67399_5136980,3899-52,1S,9,B,5,5,2027
67018458,67_67399_5136980,7708-54,1S,9,A,5,5,2027
67018458,67_67399_5136980,1458597,2S,9,A,5,5,2027
67018458,67_67399_5136980,1790-04,2S,9,C,5,5,2027
67018458,67_67399_5136980,1593920,2S,9,C,5,5,2027
67018459,67_67399_5136980,1254-03,1S,9,A,5,5,2027
67018459,67_67399_5136980,0915-56,1S,9,B,10,10,2027
67018459,67_67399_5136980,2075-58,1S,9,B,5,5,2027
67018459,67_67399_5136980,596594,1S,9,A,5,5,2027
67018459,67_67399_5136980,1409716,1S,9,B,10,10,2027
67018459,67_67399_5136980,6215-50,1S,9,A,5,5,2027
67018459,67_67399_5136980,643285,1S,9,B,5,5,2027
67018459,67_67399_5136980,1710-01,1S,9,A,5,5,2027
67018459,67_67399_5136980,C910416-56,1S,9,A,5,5,2027
67018459,67_67399_5136980,C9104009-5,1S,9,B,5,5,2027
67018459,67_67399_5136980,C810002-01,1S,9,A,5,5,2027
67018459,67_67399_5136980,1256-18,2S,9,B,5,5,2027
67018459,67_67399_5136980,C917304-26,2S,9,B,5,5,2027
67018459,67_67399_5136980,C9104007-10,2S,9,A,5,5,2027
67018459,67_67399_5136980,5980-53,2S,9,C,10,10,2027
67018460,67_67399_5136980,C910602-50,1S,9,D,5,5,2027
67018460,67_67399_5136980,C910416-51,1S,9,A,5,5,2027
67018460,67_67399_5136980,C751001-02,1S,9,B,5,5,2027
67018460,67_67399_5136980,1458597,1S,9,C,5,5,2027
67018460,67_67399_5136980,C917304-25,1S,9,A,5,5,2027
67018460,67_67399_5136980,C713102-01,1S,9,A,5,5,2027
67018460,67_67399_5136980,3064-52,1S,9,A,5,5,2027
67018460,67_67399_5136980,2098352,1S,9,B,10,10,2027
67018460,67_67399_5136980,C925402-06,1S,9,A,5,5,2027
67018460,67_67399_5136980,2075-52,1S,9,A,5,5,2027
67018460,67_67399_5136980,1918286,1S,9,A,10,10,2027
67018460,67_67399_5136980,C910502-04,2S,9,D,5,5,2027
67018460,67_67399_5136980,2676103,2S,9,C,5,5,2027
67018460,67_67399_5136980,0005910-33,2S,9,B,10,10,2027
67018461,67_67399_5136980,7651-69,1S,9,B,10,10,2027
67018461,67_67399_5136980,2076-54,1S,9,A,5,5,2027
67018461,67_67399_5136980,1254-12,1S,9,A,5,5,2027
67018461,67_67399_5136980,206059,1S,9,A,5,5,2027
67018461,67_67399_5136980,645782,1S,9,B,10,10,2027
67018461,67_67399_5136980,1458506,1S,9,C,5,5,2027
67018461,67_67399_5136980,C9104007-11,1S,9,A,5,5,2027
67018461,67_67399_5136980,5991-20,1S,9,B,5,5,2027
67018461,67_67399_5136980,6215-54,1S,9,B,5,5,2027
67018461,67_67399_5136980,446936,1S,9,B,5,5,2027
67018461,67_67399_5136980,100809,1S,9,B,5,5,2027
67018461,67_67399_5136980,1256-10,2S,9,C,5,5,2027
67018461,67_67399_5136980,1226-50,2S,9,C,5,5,2027
67018461,67_67399_5136980,7791-13,2S,9,A,5,5,2027
67018462,67_67399_5136980,2075-41,1S,9,A,5,5,2027
67018462,67_67399_5136980,1576023,1S,9,B,5,5,2027
67018462,67_67399_5136980,C910417-05,1S,9,C,5,5,2027
67018462,67_67399_5136980,C917305-26,1S,9,A,5,5,2027
67018462,67_67399_5136980,C934001-04,1S,9,B,5,5,2027
67018462,67_67399_5136980,C910429-03,1S,9,B,5,5,2027
67018462,67_67399_5136980,1409685,1S,9,B,10,10,2027
67018462,67_67399_5136980,111156,1S,9,A,5,5,2027
67018462,67_67399_5136980,C900001-02,1S,9,B,5,5,2027
67018462,67_67399_5136980,1276-52,1S,9,B,5,5,2027
67018462,67_67399_5136980,102391,1S,9,C,10,10,2027
67018462,67_67399_5136980,C920003-02,2S,9,A,10,10,2027
67018462,67_67399_5136980,1748538,2S,9,C,5,5,2027
67018462,67_67399_5136980,2224,2S,9,C,5,5,2027
67018463,67_67399_5136980,884254,1S,9,A,10,10,2027
67018463,67_67399_5136980,0215-05,1S,9,A,10,10,2027
67018463,67_67399_5136980,C922002-52,1S,9,A,5,5,2027
67018463,67_67399_5136980,1197997,1S,9,C,5,5,2027
67018463,67_67399_5136980,446752,1S,9,C,5,5,2027
67018463,67_67399_5136980,1578215,1S,9,C,5,5,2027
67018463,67_67399_5136980,6687-15,1S,9,C,5,5,2027
67018463,67_67399_5136980,886111,1S,9,A,5,5,2027
67018463,67_67399_5136980,2075-54,1S,9,B,5,5,2027
67018463,67_67399_5136980,117610,1S,9,B,5,5,2027
67018463,67_67399_5136980,7651-71,1S,9,B,10,10,2027
67018463,67_67399_5136980,5793-31,2S,9,B,5,5,2027
67018463,67_67399_5136980,C922704-02,2S,9,B,10,10,2027
67018463,67_67399_5136980,1494329,2S,9,B,5,5,2027
67018463,67_67399_5136980,1256-05,2S,9,C,5,5,2027
67018464,67_67399_5136980,2676073,1S,9,B,5,5,2027
67018464,67_67399_5136980,1767045,1S,9,A,5,5,2027
67018464,67_67399_5136980,1579310,1S,9,B,5,5,2027
67018464,67_67399_5136980,5819-28,1S,9,B,10,10,2027
67018464,67_67399_5136980,2890621,1S,9,B,5,5,2027
67018464,67_67399_5136980,2076-62,1S,9,A,5,5,2027
67018464,67_67399_5136980,0915-11,1S,9,A,10,10,2027
67018464,67_67399_5136980,7708-61,1S,9,A,5,5,2027
67018464,67_67399_5136980,1850-02,1S,9,A,5,5,2027
67018464,67_67399_5136980,5693-51,1S,9,B,5,5,2027
67018464,67_67399_5136980,1691440,1S,9,B,5,5,2027
67018464,67_67399_5136980,C917304-05,2S,9,A,5,5,2027
67018464,67_67399_5136980,6683-15,2S,9,A,5,5,2027
67018464,67_67399_5136980,90948,2S,9,A,5,5,2027
67018465,67_67399_5136980,5990-51,1S,9,C,10,10,2027
67018465,67_67399_5136980,2076-63,1S,9,A,5,5,2027
67018465,67_67399_5136980,C900001-02,1S,9,C,5,5,2027
67018465,67_67399_5136980,7708-61,1S,9,D,5,5,2027
67018465,67_67399_5136980,596716,1S,9,A,5,5,2027
67018465,67_67399_5136980,5432-53,1S,9,C,5,5,2027
67018465,67_67399_5136980,445963,1S,9,B,5,5,2027
67018465,67_67399_5136980,C917304-17,1S,9,A,5,5,2027
67018465,67_67399_5136980,C922805-01,1S,9,B,5,5,2027
67018465,67_67399_5136980,C910418-06,1S,9,A,5,5,2027
67018465,67_67399_5136980,104947,1S,9,D,10,10,2027
67018465,67_67399_5136980,2294181,2S,9,A,5,5,2027
67018465,67_67399_5136980,5991-21,2S,9,B,5,5,2027
67018466,67_67399_5136980,1286-06,1S,9,B,5,5,2027
67018466,67_67399_5136980,C906202-04,1S,9,C,5,5,2027
67018466,67_67399_5136980,2281458,1S,9,C,10,10,2027
67018466,67_67399_5136980,63979,1S,9,C,5,5,2027
67018466,67_67399_5136980,C924502-02,1S,9,B,5,5,2027
67018466,67_67399_5136980,101571,1S,9,B,10,10,2027
67018466,67_67399_5136980,216592,1S,9,C,10,10,2027
67018466,67_67399_5136980,5432-55,1S,9,B,5,5,2027
67018466,67_67399_5136980,3121-00,1S,9,A,5,5,2027
67018466,67_67399_5136980,1494240,1S,9,B,5,5,2027
67018466,67_67399_5136980,0218-02,1S,9,C,10,10,2027
67018466,67_67399_5136980,1198057,2S,9,A,5,5,2027
67018466,67_67399_5136980,5793-13,2S,9,B,5,5,2027
67018466,67_67399_5136980,1226-52,2S,9,C,5,5,2027
67018466,67_67399_5136980,C910204-09,2S,9,C,5,5,2027
67018467,67_67399_5136980,1748722,1S,9,B,5,5,2027
67018467,67_67399_5136980,5432-58,1S,9,B,5,5,2027
67018467,67_67399_5136980,645386,1S,9,A,5,5,2027
67018467,67_67399_5136980,5992-20,1S,9,B,5,5,2027
67018467,67_67399_5136980,5793-23,1S,9,B,5,5,2027
67018467,67_67399_5136980,C906201-02,1S,9,C,5,5,2027
67018467,67_67399_5136980,1553044,1S,9,C,5,5,2027
67018467,67_67399_5136980,7641-56,1S,9,B,10,10,2027
67018467,67_67399_5136980,97157,1S,9,B,5,5,2027
67018467,67_67399_5136980,0915-52,1S,9,A,10,10,2027
67018467,67_67399_5136980,2076-67,1S,9,C,5,5,2027
67018467,67_67399_5136980,1710-17,2S,9,A,5,5,2027
67018467,67_67399_5136980,C923202-03,2S,9,A,5,5,2027
67018467,67_67399_5136980,2137798,2S,9,A,5,5,2027
67018468,67_67399_5136980,1748477,1S,9,C,5,5,2027
67018468,67_67399_5136980,729392,1S,9,B,5,5,2027
67018468,67_67399_5136980,2075-67,1S,9,C,5,5,2027
67018468,67_67399_5136980,2890712,1S,9,A,5,5,2027
67018468,67_67399_5136980,7651-55,1S,9,C,10,10,2027
67018468,67_67399_5136980,3037-54,1S,9,A,5,5,2027
67018468,67_67399_5136980,446724,1S,9,A,5,5,2027
67018468,67_67399_5136980,2151858,1S,9,C,5,5,2027
67018468,67_67399_5136980,0215-08,1S,9,D,10,10,2027
67018468,67_67399_5136980,C920003-01,1S,9,F,10,0,2027
67018468,67_67399_5136980,645751,1S,9,B,10,10,2027
67018468,67_67399_5136980,C910204-18,2S,9,B,5,5,2027
67018468,67_67399_5136980,24139,2S,9,C,5,5,2027
67018468,67_67399_5136980,C910418-11,2S,9,F,5,0,2027
67018469,67_67399_5136980,2076-53,1S,9,A,5,5,2027
67018469,67_67399_5136980,C930301-01,1S,9,A,10,10,2027
67018469,67_67399_5136980,1276-54,1S,9,C,5,5,2027
67018469,67_67399_5136980,C810001-01,1S,9,B,5,5,2027
67018469,67_67399_5136980,2593255,1S,9,A,5,5,2027
67018469,67_67399_5136980,1422012,1S,9,A,5,5,2027
67018469,67_67399_5136980,2151705,1S,9,A,5,5,2027
67018469,67_67399_5136980,C934002-04,1S,9,A,5,5,2027
67018469,67_67399_5136980,5432-61,1S,9,B,5,5,2027
67018469,67_67399_5136980,2098321,1S,9,B,10,10,2027
67018469,67_67399_5136980,2890865,1S,9,C,5,5,2027
67018469,67_67399_5136980,6687-15,2S,9,A,5,5,2027
67018469,67_67399_5136980,C9104006-06,2S,9,A,5,5,2027
67018469,67_67399_5136980,C917305-20,2S,9,B,5,5,2027
67018470,67_67399_5136980,7702-60,1S,9,B,5,5,2027
67018470,67_67399_5136980,1520507,1S,9,C,10,10,2027
67018470,67_67399_5136980,2076-62,1S,9,A,5,5,2027
67018470,67_67399_5136980,57680,1S,9,B,5,5,2027
67018470,67_67399_5136980,1409654,1S,9,C,10,10,2027
67018470,67_67399_5136980,5432-55,1S,9,B,5,5,2027
67018470,67_67399_5136980,3123-13,1S,9,B,5,5,2027
67018470,67_67399_5136980,23774,1S,9,C,5,5,2027
67018470,67_67399_5136980,1458597,1S,9,B,5,5,2027
67018470,67_67399_5136980,1458447,1S,9,B,5,5,2027
67018470,67_67399_5136980,1691440,1S,9,B,5,5,2027
67018470,67_67399_5136980,5980-55,2S,9,A,10,10,2027
67018470,67_67399_5136980,7702-56,2S,9,B,5,5,2027
67018470,67_67399_5136980,7791-20,2S,9,B,5,5,2027
67018470,67_67399_5136980,9104015-11,2S,9,B,5,5,2027
67018471,67_67399_5136980,641793,1S,9,B,5,5,2027
67018471,67_67399_5136980,19480,1S,9,C,5,5,2027
67018471,67_67399_5136980,C910418-12,1S,9,A,5,5,2027
67018471,67_67399_5136980,9226-20,1S,9,A,5,5,2027
67018471,67_67399_5136980,446813,1S,9,C,5,5,2027
67018471,67_67399_5136980,3038-54,1S,9,B,5,5,2027
67018471,67_67399_5136980,2098380,1S,9,B,10,10,2027
67018471,67_67399_5136980,2890927,1S,9,B,5,5,2027
67018471,67_67399_5136980,2075-58,1S,9,A,5,5,2027
67018471,67_67399_5136980,C910201-17,1S,9,A,5,5,2027
67018471,67_67399_5136980,298495,1S,9,A,10,10,2027
67018471,67_67399_5136980,0218-01,2S,9,B,10,10,2027
67018471,67_67399_5136980,C910417-06,2S,9,C,5,5,2027
67018471,67_67399_5136980,1710-16,2S,9,C,5,5,2027
67018471,67_67399_5136980,C910201-05,2S,9,B,5,5,2027
67018472,67_67399_5136980,1254-07,1S,9,B,5,5,2027
67018472,67_67399_5136980,C922403-02,1S,9,B,5,5,2027
67018472,67_67399_5136980,596747,1S,9,B,5,5,2027
67018472,67_67399_5136980,217322,1S,9,B,10,10,2027
67018472,67_67399_5136980,C932202-52,1S,9,A,5,5,2027
67018472,67_67399_5136980,C713101-02,1S,9,A,5,5,2027
67018472,67_67399_5136980,C917304-10,1S,9,B,5,5,2027
67018472,67_67399_5136980,C910415-54,1S,9,B,5,5,2027
67018472,67_67399_5136980,1446759,1S,9,A,10,10,2027
67018472,67_67399_5136980,645782,1S,9,C,10,10,2027
67018472,67_67399_5136980,0061-50,1S,9,A,5,5,2027
67018472,67_67399_5136980,C910502-50,2S,9,B,5,5,2027
67018472,67_67399_5136980,C917203-50,2S,9,A,5,5,2027
67018472,67_67399_5136980,005693-135,2S,9,B,5,5,2027
67018472,67_67399_5136980,C920006-02,2S,9,A,10,10,2027
67018473,67_67399_5136980,2137767,1S,9,A,5,5,2027
67018473,67_67399_5136980,729696,1S,9,A,5,5,2027
67018473,67_67399_5136980,2076-65,1S,9,A,5,5,2027
67018473,67_67399_5136980,C925402-01,1S,9,A,5,5,2027
67018473,67_67399_5136980,217322,1S,9,F,10,0,2027
67018473,67_67399_5136980,3064-51,1S,9,B,5,5,2027
67018473,67_67399_5136980,C934001-12,1S,9,A,5,5,2027
67018473,67_67399_5136980,C917303-02,1S,9,A,5,5,2027
67018473,67_67399_5136980,1422012,1S,9,C,5,5,2027
67018473,67_67399_5136980,C920006-02,1S,9,A,10,10,2027
67018473,67_67399_5136980,C751002-03,1S,9,A,5,5,2027
67018473,67_67399_5136980,C923204-01,2S,9,B,5,5,2027
67018473,67_67399_5136980,8697-012,2S,9,B,5,5,2027
67018473,67_67399_5136980,1494879,2S,9,A,5,5,2027
67018473,67_67399_5136980,005693-135,2S,9,A,5,5,2027
67018474,67_67399_5136980,2890682,1S,9,B,5,5,2027
67018474,67_67399_5136980,3038-54,1S,9,B,5,5,2027
67018474,67_67399_5136980,C700002-52,1S,9,F,5,0,2027
67018474,67_67399_5136980,5793-13,1S,9,B,5,5,2027
67018474,67_67399_5136980,C910416-53,1S,9,A,5,5,2027
67018474,67_67399_5136980,C917304-20,1S,9,C,5,5,2027
67018474,67_67399_5136980,C934001-04,1S,9,A,5,5,2027
67018474,67_67399_5136980,217412,1S,9,C,10,10,2027
67018474,67_67399_5136980,2076-67,1S,9,B,5,5,2027
67018474,67_67399_5136980,206090,1S,9,B,5,5,2027
67018474,67_67399_5136980,7708-63,1S,9,B,5,5,2027
67018474,67_67399_5136980,1850-04,2S,9,B,5,5,2027
67018474,67_67399_5136980,1790-02,2S,9,A,5,5,2027
67018474,67_67399_5136980,6683-17,2S,9,A,5,5,2027
67018475,67_67399_5136980,240756,1S,9,C,5,5,2027
67018475,67_67399_5136980,May-53,1S,9,B,5,5,2027
67018475,67_67399_5136980,1256-15,1S,9,B,5,5,2027
67018475,67_67399_5136980,1874457,1S,9,A,5,5,2027
67018475,67_67399_5136980,64285,1S,9,B,5,5,2027
67018475,67_67399_5136980,1996814,1S,9,B,10,10,2027
67018475,67_67399_5136980,5819-21,1S,9,C,10,10,2027
67018475,67_67399_5136980,6215-58,1S,9,A,5,5,2027
67018475,67_67399_5136980,993886,1S,9,D,5,5,2027
67018475,67_67399_5136980,C917305-08,1S,9,A,5,5,2027
67018475,67_67399_5136980,1494726,2S,9,B,5,5,2027
67018475,67_67399_5136980,4578-52,2S,9,C,5,5,2027
67018476,67_67399_5136980,2890531,1S,9,B,5,5,2027
67018476,67_67399_5136980,C740002-02,1S,9,C,5,5,2027
67018476,67_67399_5136980,C910418-12,1S,9,B,5,5,2027
67018476,67_67399_5136980,05693-1311,1S,9,B,5,5,2027
67018476,67_67399_5136980,1494482,1S,9,C,5,5,2027
67018476,67_67399_5136980,3121-16,1S,9,A,5,5,2027
67018476,67_67399_5136980,1577909,1S,9,B,5,5,2027
67018476,67_67399_5136980,7708-54,1S,9,A,5,5,2027
67018476,67_67399_5136980,730334,1S,9,C,5,5,2027
67018476,67_67399_5136980,64376,1S,9,B,5,5,2027
67018476,67_67399_5136980,5819-17,1S,9,A,10,10,2027
67018476,67_67399_5136980,5793-23,2S,9,C,5,5,2027
67018476,67_67399_5136980,1710-41,2S,9,B,5,5,2027
67018476,67_67399_5136980,1746865,2S,9,A,5,5,2027
67018477,67_67399_5136980,2294211,1S,9,B,5,5,2027
67018477,67_67399_5136980,C913002-52,1S,9,B,5,5,2027
67018477,67_67399_5136980,1494574,1S,9,B,5,5,2027
67018477,67_67399_5136980,725433,1S,9,B,5,5,2027
67018477,67_67399_5136980,1746865,1S,9,A,5,5,2027
67018477,67_67399_5136980,0062-50,1S,9,A,5,5,2027
67018477,67_67399_5136980,1882-01,1S,9,B,5,5,2027
67018477,67_67399_5136980,2097621,1S,9,C,10,10,2027
67018477,67_67399_5136980,5432-59,1S,9,C,5,5,2027
67018477,67_67399_5136980,2274732,1S,9,B,5,5,2027
67018477,67_67399_5136980,5693-33,1S,9,B,5,5,2027
67018477,67_67399_5136980,2151646,2S,9,B,5,5,2027
67018477,67_67399_5136980,2360989,2S,9,A,10,10,2027
67018477,67_67399_5136980,005693-236,2S,9,B,5,5,2027
67018478,67_67399_5136980,C910418-09,1S,9,B,5,5,2027
67018478,67_67399_5136980,9815-22,1S,9,B,5,5,2027
67018478,67_67399_5136980,2076-65,1S,9,C,5,5,2027
67018478,67_67399_5136980,1990574,1S,9,C,10,10,2027
67018478,67_67399_5136980,1280-54,1S,9,B,5,5,2027
67018478,67_67399_5136980,7651-56,1S,9,B,10,10,2027
67018478,67_67399_5136980,C7171001-01,1S,9,A,5,5,2027
67018478,67_67399_5136980,723913,1S,9,A,5,5,2027
67018478,67_67399_5136980,2151950,1S,9,A,5,5,2027
67018478,67_67399_5136980,0215-06,1S,9,C,10,10,2027
67018478,67_67399_5136980,1691471,1S,9,B,5,5,2027
67018478,67_67399_5136980,C922002-50,2S,9,A,5,5,2027
67018478,67_67399_5136980,C910418-13,2S,9,A,5,5,2027
67018478,67_67399_5136980,6687-14,2S,9,C,5,5,2027
67018478,67_67399_5136980,1198028,2S,9,A,5,5,2027
67018479,67_67399_5136980,7702-55,1S,9,B,5,5,2027
67018479,67_67399_5136980,729847,1S,9,B,5,5,2027
67018479,67_67399_5136980,2075-51,1S,9,B,5,5,2027
67018479,67_67399_5136980,C925402-04,1S,9,C,5,5,2027
67018479,67_67399_5136980,5819-27,1S,9,B,10,10,2027
67018479,67_67399_5136980,1576082,1S,9,C,5,5,2027
67018479,67_67399_5136980,725433,1S,9,B,5,5,2027
67018479,67_67399_5136980,7791-15,1S,9,B,5,5,2027
67018479,67_67399_5136980,5980-50,1S,9,A,10,10,2027
67018479,67_67399_5136980,005693-434,1S,9,A,5,5,2027
67018479,67_67399_5136980,C853001-02,1S,9,B,5,5,2027
67018479,67_67399_5136980,1494543,2S,9,C,5,5,2027
67018479,67_67399_5136980,1276-51,2S,9,B,5,5,2027
67018479,67_67399_5136980,C910418-06,2S,9,B,5,5,2027
67018479,67_67399_5136980,9104016-12,2S,9,C,5,5,2027
67018480,67_67399_5136980,1414921,1S,9,A,10,10,2027
67018480,67_67399_5136980,1883-03,1S,9,A,5,5,2027
67018480,67_67399_5136980,5793-32,1S,9,B,5,5,2027
67018480,67_67399_5136980,C917304-11,1S,9,B,5,5,2027
67018480,67_67399_5136980,3123-15,1S,9,C,5,5,2027
67018480,67_67399_5136980,C932202-52,1S,9,A,5,5,2027
67018480,67_67399_5136980,7651-72,1S,9,A,10,10,2027
67018480,67_67399_5136980,9814-14,1S,9,B,5,5,2027
67018480,67_67399_5136980,2075-53,1S,9,C,5,5,2027
67018480,67_67399_5136980,0915-65,1S,9,A,10,10,2027
67018480,67_67399_5136980,4578-51,1S,9,A,5,5,2027
67018480,67_67399_5136980,5793-13,2S,9,A,5,5,2027
67018480,67_67399_5136980,5992-13,2S,9,A,5,5,2027
67018480,67_67399_5136980,C910502-04,2S,9,B,5,5,2027
67018481,67_67399_5136980,101783,1S,9,B,10,10,2027
67018481,67_67399_5136980,C923204-03,1S,9,B,5,5,2027
67018481,67_67399_5136980,1850-07,1S,9,A,5,5,2027
67018481,67_67399_5136980,1710-22,1S,9,B,5,5,2027
67018481,67_67399_5136980,C934001-03,1S,9,C,5,5,2027
67018481,67_67399_5136980,1579401,1S,9,D,5,5,2027
67018481,67_67399_5136980,1431721,1S,9,D,10,10,2027
67018481,67_67399_5136980,2057-18,1S,9,C,5,5,2027
67018481,67_67399_5136980,2076-68,1S,9,B,5,5,2027
67018481,67_67399_5136980,C922402-01,1S,9,B,5,5,2027
67018481,67_67399_5136980,2482799,1S,9,A,5,5,2027
67018481,67_67399_5136980,2294150,2S,9,A,5,5,2027
67018481,67_67399_5136980,C910429-50,2S,9,A,5,5,2027
67018481,67_67399_5136980,24198,2S,9,B,5,5,2027
67018481,67_67399_5136980,2482556,2S,9,A,5,5,2027
67018482,67_67399_5136980,1578215,1S,9,B,5,5,2027
67018482,67_67399_5136980,2097194,1S,9,C,10,10,2027
67018482,67_67399_5136980,111035,1S,9,A,5,5,2027
67018482,67_67399_5136980,2075-54,1S,9,A,5,5,2027
67018482,67_67399_5136980,0915-59,1S,9,B,10,10,2027
67018482,67_67399_5136980,1256-13,1S,9,C,5,5,2027
67018482,67_67399_5136980,3121-13,1S,9,B,5,5,2027
67018482,67_67399_5136980,005693-536,1S,9,A,5,5,2027
67018482,67_67399_5136980,5980-52,1S,9,C,10,10,2027
67018482,67_67399_5136980,1790-51,1S,9,A,5,5,2027
67018482,67_67399_5136980,C740001-01,1S,9,A,5,5,2027
67018482,67_67399_5136980,1256-32,2S,9,A,5,5,2027
67018482,67_67399_5136980,1710-17,2S,9,A,5,5,2027
67018482,67_67399_5136980,C910418-01,2S,9,B,5,5,2027
67018482,67_67399_5136980,C910417-02,2S,9,A,5,5,2027
67018483,67_67399_5136980,2076-60,1S,9,A,5,5,2027
67018483,67_67399_5136980,9815-30,1S,9,A,5,5,2027
67018483,67_67399_5136980,1431599,1S,9,B,10,10,2027
67018483,67_67399_5136980,107443,1S,9,A,5,5,2027
67018483,67_67399_5136980,C910202-10,1S,9,A,5,5,2027
67018483,67_67399_5136980,5432-51,1S,9,B,5,5,2027
67018483,67_67399_5136980,2348570,1S,9,C,10,10,2027
67018483,67_67399_5136980,5980-56,1S,9,A,10,10,2027
67018483,67_67399_5136980,1226-52,1S,9,B,5,5,2027
67018483,67_67399_5136980,C917304-19,1S,9,B,5,5,2027
67018483,67_67399_5136980,993827,1S,9,A,5,5,2027
67018483,67_67399_5136980,2482646,2S,9,B,5,5,2027
67018483,67_67399_5136980,C910400850,2S,9,A,5,5,2027
67018483,67_67399_5136980,1385399,2S,9,A,5,5,2027
67018483,67_67399_5136980,C917305-10,2S,9,B,5,5,2027
67018484,67_67399_5136980,111156,1S,9,B,5,5,2027
67018484,67_67399_5136980,C910201-12,1S,9,F,5,0,2027
67018484,67_67399_5136980,206120,1S,9,B,5,5,2027
67018484,67_67399_5136980,2076-52,1S,9,A,5,5,2027
67018484,67_67399_5136980,2348662,1S,9,C,10,10,2027
67018484,67_67399_5136980,C922004-01,1S,9,F,5,0,2027
67018484,67_67399_5136980,0215-03,1S,9,F,10,0,2027
67018484,67_67399_5136980,1710-08,1S,9,A,5,5,2027
67018484,67_67399_5136980,446783,1S,9,B,5,5,2027
67018484,67_67399_5136980,5432-62,1S,9,A,5,5,2027
67018484,67_67399_5136980,1409532,1S,9,B,10,10,2027
67018484,67_67399_5136980,6682-13,2S,9,D,5,5,2027
67018484,67_67399_5136980,C920002-02,2S,9,F,10,0,2027
67018484,67_67399_5136980,C917305-28,2S,9,A,5,5,2027
67018485,67_67399_5136980,2271810,1S,9,A,5,5,2027
67018485,67_67399_5136980,5980-50,1S,9,B,10,10,2027
67018485,67_67399_5136980,C910417-06,1S,9,B,5,5,2027
67018485,67_67399_5136980,2151919,1S,9,B,5,5,2027
67018485,67_67399_5136980,3123-42,1S,9,A,5,5,2027
67018485,67_67399_5136980,5819-23,1S,9,A,10,10,2027
67018485,67_67399_5136980,2890774,1S,9,B,5,5,2027
67018485,67_67399_5136980,2075-65,1S,9,D,5,5,2027
67018485,67_67399_5136980,1056649,1S,9,C,5,5,2027
67018485,67_67399_5136980,8697-13,1S,9,F,5,0,2027
67018485,67_67399_5136980,3068-51,1S,9,C,5,5,2027
67018485,67_67399_5136980,05693-4311,2S,9,C,5,5,2027
67018485,67_67399_5136980,C917303-02,2S,9,A,5,5,2027
67018486,67_67399_5136980,2076-32,1S,9,B,5,5,2027
67018486,67_67399_5136980,9295002-32,1S,9,C,5,5,2027
67018486,67_67399_5136980,C910203-06,1S,9,A,5,5,2027
67018486,67_67399_5136980,596716,1S,9,C,5,5,2027
67018486,67_67399_5136980,1409593,1S,9,A,10,10,2027
67018486,67_67399_5136980,1578215,1S,9,A,5,5,2027
67018486,67_67399_5136980,3121-15,1S,9,C,5,5,2027
67018486,67_67399_5136980,1494665,1S,9,A,5,5,2027
67018486,67_67399_5136980,5693-33,1S,9,C,5,5,2027
67018486,67_67399_5136980,C713403-01,1S,9,A,5,5,2027
67018486,67_67399_5136980,C910202-01,2S,9,B,5,5,2027
67018486,67_67399_5136980,C917305-10,2S,9,B,5,5,2027
67018486,67_67399_5136980,0215-03,2S,9,D,10,10,2027
67018487,67_67399_5136980,C751002-03,1S,9,C,5,5,2027
67018487,67_67399_5136980,1392703,1S,9,A,5,5,2027
67018487,67_67399_5136980,C9104009-5,1S,9,C,5,5,2027
67018487,67_67399_5136980,1494240,1S,9,B,5,5,2027
67018487,67_67399_5136980,3123-14,1S,9,F,5,0,2027
67018487,67_67399_5136980,3064-53,1S,9,B,5,5,2027
67018487,67_67399_5136980,7651-51,1S,9,C,10,10,2027
67018487,67_67399_5136980,2890531,1S,9,C,5,5,2027
67018487,67_67399_5136980,63979,1S,9,A,5,5,2027
67018487,67_67399_5136980,642523,1S,9,D,5,5,2027
67018487,67_67399_5136980,1256-10,1S,9,B,5,5,2027
67018487,67_67399_5136980,C922203-50,2S,9,C,5,5,2027
67018487,67_67399_5136980,2151919,2S,9,A,5,5,2027
67018487,67_67399_5136980,7708-62,2S,9,A,5,5,2027
67018488,67_67399_5136980,C751002-01,1S,9,B,5,5,2027
67018488,67_67399_5136980,1286-01,1S,9,B,5,5,2027
67018488,67_67399_5136980,2275463,1S,9,B,10,10,2027
67018488,67_67399_5136980,2076-51,1S,9,B,5,5,2027
67018488,67_67399_5136980,C925402-05,1S,9,B,5,5,2027
67018488,67_67399_5136980,9104015-31,1S,9,B,5,5,2027
67018488,67_67399_5136980,C922703-01,1S,9,B,10,10,2027
67018488,67_67399_5136980,1710-03,1S,9,A,5,5,2027
67018488,67_67399_5136980,643285,1S,9,B,5,5,2027
67018488,67_67399_5136980,1577940,1S,9,A,5,5,2027
67018488,67_67399_5136980,5990-53,1S,9,C,10,10,2027
67018488,67_67399_5136980,005693-137,2S,9,C,5,5,2027
67018488,67_67399_5136980,C910201-02,2S,9,C,5,5,2027
67018488,67_67399_5136980,1206763,2S,9,B,10,10,2027
67018488,67_67399_5136980,C917304-11,2S,9,B,5,5,2027
67018489,67_67399_5136980,C810002-01,1S,9,B,5,5,2027
67018489,67_67399_5136980,1226-51,1S,9,C,5,5,2027
67018489,67_67399_5136980,5980-56,1S,9,A,10,10,2027
67018489,67_67399_5136980,5992-32,1S,9,B,5,5,2027
67018489,67_67399_5136980,446783,1S,9,A,5,5,2027
67018489,67_67399_5136980,3038-51,1S,9,C,5,5,2027
67018489,67_67399_5136980,1409593,1S,9,C,10,10,2027
67018489,67_67399_5136980,3533-19,1S,9,B,5,5,2027
67018489,67_67399_5136980,2075-64,1S,9,B,5,5,2027
67018489,67_67399_5136980,3899-56,1S,9,C,5,5,2027
67018489,67_67399_5136980,1256-42,1S,9,A,5,5,2027
67018489,67_67399_5136980,9104016-13,2S,9,B,5,5,2027
67018489,67_67399_5136980,7791-17,2S,9,A,5,5,2027
67018489,67_67399_5136980,1593221,2S,9,A,5,5,2027
67018490,67_67399_5136980,980710,1S,9,B,5,5,2027
67018490,67_67399_5136980,774713,1S,9,C,5,5,2027
67018490,67_67399_5136980,63920,1S,9,B,5,5,2027
67018490,67_67399_5136980,1882-01,1S,9,B,5,5,2027
67018490,67_67399_5136980,2097164,1S,9,A,10,10,2027
67018490,67_67399_5136980,1576082,1S,9,C,5,5,2027
67018490,67_67399_5136980,446206,1S,9,B,5,5,2027
67018490,67_67399_5136980,1790-13,1S,9,B,5,5,2027
67018490,67_67399_5136980,5980-56,1S,9,C,10,10,2027
67018490,67_67399_5136980,C922001-50,1S,9,B,5,5,2027
67018490,67_67399_5136980,C8421003-33,1S,9,C,15,15,2027
67018490,67_67399_5136980,2099416,2S,9,A,5,5,2027
67018490,67_67399_5136980,C917402-02,2S,9,B,5,5,2027
67018490,67_67399_5136980,5910-022,2S,9,B,10,10,2027
67018490,67_67399_5136980,1464624,2S,9,A,10,10,2027
67018491,67_67399_5136980,C8421003-43,1S,9,A,15,15,2027
67018491,67_67399_5136980,C920006-02,1S,9,A,10,10,2027
67018491,67_67399_5136980,005693-437,1S,9,B,5,5,2027
67018491,67_67399_5136980,1198057,1S,9,C,5,5,2027
67018491,67_67399_5136980,446966,1S,9,B,5,5,2027
67018491,67_67399_5136980,6215-51,1S,9,B,5,5,2027
67018491,67_67399_5136980,5819-22,1S,9,B,10,10,2027
67018491,67_67399_5136980,2890955,1S,9,A,5,5,2027
67018491,67_67399_5136980,2075-66,1S,9,C,5,5,2027
67018491,67_67399_5136980,1056283,1S,9,C,5,5,2027
67018491,67_67399_5136980,1254-01,1S,9,B,5,5,2027
67018491,67_67399_5136980,5693-21,2S,9,A,5,5,2027
67018491,67_67399_5136980,1224-50,2S,9,C,5,5,2027
67018491,67_67399_5136980,1790-19,2S,9,A,5,5,2027
67018491,67_67399_5136980,1256-02,2S,9,A,5,5,2027
67018492,67_67399_5136980,C900302-01,1S,9,A,5,5,2027
67018492,67_67399_5136980,2097710,1S,9,A,10,10,2027
67018492,67_67399_5136980,2076-32,1S,9,B,5,5,2027
67018492,67_67399_5136980,3533-19,1S,9,B,5,5,2027
67018492,67_67399_5136980,3068-53,1S,9,A,5,5,2027
67018492,67_67399_5136980,C922006-02,1S,9,B,5,5,2027
67018492,67_67399_5136980,2294150,1S,9,B,5,5,2027
67018492,67_67399_5136980,C8421003-33,1S,9,A,15,15,2027
67018492,67_67399_5136980,C917401-01,1S,9,A,5,5,2027
67018492,67_67399_5136980,645386,1S,9,A,5,5,2027
67018492,67_67399_5136980,2099447,1S,9,C,5,5,2027
67018492,67_67399_5136980,0215-02,2S,9,A,10,10,2027
67018492,67_67399_5136980,C922001-50,2S,9,C,5,5,2027
67018492,67_67399_5136980,1494665,2S,9,B,5,5,2027
67018492,67_67399_5136980,1256-18,2S,9,A,5,5,2027
67018493,67_67399_5136980,C7171001-01,1S,9,B,5,5,2027
67018493,67_67399_5136980,2493-51,1S,9,B,10,10,2027
67018493,67_67399_5136980,2891047,1S,9,A,5,5,2027
67018493,67_67399_5136980,64345,1S,9,C,5,5,2027
67018493,67_67399_5136980,1717372,1S,9,A,5,5,2027
67018493,67_67399_5136980,1256-13,1S,9,B,5,5,2027
67018493,67_67399_5136980,2348601,1S,9,B,10,10,2027
67018493,67_67399_5136980,C920004-02,1S,9,A,10,10,2027
67018493,67_67399_5136980,C910416-54,1S,9,B,5,5,2027
67018493,67_67399_5136980,C917305-28,1S,9,A,5,5,2027
67018493,67_67399_5136980,993886,1S,9,C,5,5,2027
67018493,67_67399_5136980,6682-14,2S,9,C,5,5,2027
67018493,67_67399_5136980,C923204-03,2S,9,C,5,5,2027
67018493,67_67399_5136980,C910417-02,2S,9,C,5,5,2027
67018493,67_67399_5136980,23743,2S,9,A,5,5,2027
67018494,67_67399_5136980,2294122,1S,9,B,5,5,2027
67018494,67_67399_5136980,C8421003-22,1S,9,A,15,15,2027
67018494,67_67399_5136980,8697-18,1S,9,C,5,5,2027
67018494,67_67399_5136980,730365,1S,9,C,5,5,2027
67018494,67_67399_5136980,0062-51,1S,9,A,5,5,2027
67018494,67_67399_5136980,111126,1S,9,B,5,5,2027
67018494,67_67399_5136980,5819-34,1S,9,B,10,10,2027
67018494,67_67399_5136980,1577940,1S,9,A,5,5,2027
67018494,67_67399_5136980,C934001-04,1S,9,B,5,5,2027
67018494,67_67399_5136980,24259,1S,9,B,5,5,2027
67018494,67_67399_5136980,C922701-01,1S,9,A,10,10,2027
67018494,67_67399_5136980,C910203-04,2S,9,B,5,5,2027
67018494,67_67399_5136980,1790-20,2S,9,B,5,5,2027
67018494,67_67399_5136980,C9104009-04,2S,9,B,5,5,2027
67018495,67_67399_5136980,97157,1S,9,A,5,5,2027
67018495,67_67399_5136980,1284-03,1S,9,A,5,5,2027
67018495,67_67399_5136980,886111,1S,9,A,5,5,2027
67018495,67_67399_5136980,64437,1S,9,A,5,5,2027
67018495,67_67399_5136980,5819-32,1S,9,B,10,10,2027
67018495,67_67399_5136980,3068-53,1S,9,B,5,5,2027
67018495,67_67399_5136980,726835,1S,9,C,5,5,2027
67018495,67_67399_5136980,5992-15,1S,9,B,5,5,2027
67018495,67_67399_5136980,5980-51,1S,9,C,10,10,2027
67018495,67_67399_5136980,2272572,1S,9,A,5,5,2027
67018495,67_67399_5136980,C9104007-06,1S,9,A,5,5,2027
67018495,67_67399_5136980,C910602-50,2S,9,C,5,5,2027
67018495,67_67399_5136980,1494605,2S,9,B,5,5,2027
67018495,67_67399_5136980,1446818,2S,9,B,10,10,2027
67018496,67_67399_5136980,7708-50,1S,9,A,5,5,2027
67018496,67_67399_5136980,C924507-01,1S,9,A,5,5,2027
67018496,67_67399_5136980,2275583,1S,9,A,10,10,2027
67018496,67_67399_5136980,2075-53,1S,9,C,5,5,2027
67018496,67_67399_5136980,5819-24,1S,9,B,10,10,2027
67018496,67_67399_5136980,3064-51,1S,9,B,5,5,2027
67018496,67_67399_5136980,3123-15,1S,9,C,5,5,2027
67018496,67_67399_5136980,1494482,1S,9,B,5,5,2027
67018496,67_67399_5136980,C920003-02,1S,9,A,10,10,2027
67018496,67_67399_5136980,5793-33,1S,9,A,5,5,2027
67018496,67_67399_5136980,C795202-01,1S,9,C,5,5,2027
67018496,67_67399_5136980,1790-07,2S,9,A,5,5,2027
67018496,67_67399_5136980,C920003-01,2S,9,B,10,10,2027
67018496,67_67399_5136980,1748752,2S,9,A,5,5,2027
67018497,67_67399_5136980,6215-65,1S,9,B,5,5,2027
67018497,67_67399_5136980,5693-22,1S,9,B,5,5,2027
67018497,67_67399_5136980,445994,1S,9,A,5,5,2027
67018497,67_67399_5136980,C917305-06,1S,9,B,5,5,2027
67018497,67_67399_5136980,C925401-07,1S,9,B,5,5,2027
67018497,67_67399_5136980,C910418-13,1S,9,C,5,5,2027
67018497,67_67399_5136980,101721,1S,9,A,10,10,2027
67018497,67_67399_5136980,2076-65,1S,9,A,5,5,2027
67018497,67_67399_5136980,2281427,1S,9,A,10,10,2027
67018497,67_67399_5136980,2356546,1S,9,B,10,10,2027
67018497,67_67399_5136980,7651-79,1S,9,B,10,10,2027
67018497,67_67399_5136980,1593190,2S,9,C,5,5,2027
67018497,67_67399_5136980,1392731,2S,9,A,5,5,2027
67018497,67_67399_5136980,27791,2S,9,C,5,5,2027
67018499,67_67399_5136980,1704255,1S,9,A,10,10,2027
67018499,67_67399_5136980,C910415-51,1S,9,B,5,5,2027
67018499,67_67399_5136980,C9104007-03,1S,9,A,5,5,2027
67018499,67_67399_5136980,2151980,1S,9,C,5,5,2027
67018499,67_67399_5136980,993917,1S,9,A,5,5,2027
67018499,67_67399_5136980,3064-51,1S,9,A,5,5,2027
67018499,67_67399_5136980,217473,1S,9,B,10,10,2027
67018499,67_67399_5136980,1996783,1S,9,A,10,10,2027
67018499,67_67399_5136980,2076-58,1S,9,A,5,5,2027
67018499,67_67399_5136980,C910204-18,1S,9,A,5,5,2027
67018499,67_67399_5136980,1520627,1S,9,A,10,10,2027
67018499,67_67399_5136980,C9104012-01,2S,9,B,5,5,2027
67018499,67_67399_5136980,C922703-02,2S,9,A,10,10,2027
67018499,67_67399_5136980,1790-03,2S,9,B,5,5,2027
67018499,67_67399_5136980,1593310,2S,9,B,5,5,2027
67018500,67_67399_5136980,1691471,1S,9,B,5,5,2027
67018500,67_67399_5136980,2482768,1S,9,C,5,5,2027
67018500,67_67399_5136980,207460,1S,9,B,5,5,2027
67018500,67_67399_5136980,63979,1S,9,B,5,5,2027
67018500,67_67399_5136980,9815-50,1S,9,B,5,5,2027
67018500,67_67399_5136980,7641-53,1S,9,C,10,10,2027
67018500,67_67399_5136980,1579310,1S,9,A,5,5,2027
67018500,67_67399_5136980,725433,1S,9,A,5,5,2027
67018500,67_67399_5136980,27395,1S,9,A,5,5,2027
67018500,67_67399_5136980,0218-04,1S,9,A,10,10,2027
67018500,67_67399_5136980,1385519,1S,9,B,5,5,2027
67018500,67_67399_5136980,C910602-50,2S,9,D,5,5,2027
67018500,67_67399_5136980,1494543,2S,9,B,5,5,2027
67018500,67_67399_5136980,5980-59,2S,9,A,10,10,2027
67018501,67_67399_5136980,1254-18,1S,9,A,5,5,2027
67018501,67_67399_5136980,729877,1S,9,B,5,5,2027
67018501,67_67399_5136980,2076-63,1S,9,B,5,5,2027
67018501,67_67399_5136980,3533-19,1S,9,C,5,5,2027
67018501,67_67399_5136980,C931602-04,1S,9,B,10,10,2027
67018501,67_67399_5136980,3037-52,1S,9,A,5,5,2027
67018501,67_67399_5136980,3123-18,1S,9,A,5,5,2027
67018501,67_67399_5136980,C917305-08,1S,9,B,5,5,2027
67018501,67_67399_5136980,1226-50,1S,9,B,5,5,2027
67018501,67_67399_5136980,C910416-57,1S,9,C,5,5,2027
67018501,67_67399_5136980,2349972,1S,9,B,10,10,2027
67018501,67_67399_5136980,1254-05,2S,9,B,5,5,2027
67018501,67_67399_5136980,1710-02,2S,9,C,5,5,2027
67018501,67_67399_5136980,C902001-02,2S,9,A,10,10,2027
67018502,67_67399_5136980,0061-53,1S,9,B,5,5,2027
67018502,67_67399_5136980,C900002-50,1S,9,B,5,5,2027
67018502,67_67399_5136980,8697-52,1S,9,B,5,5,2027
67018502,67_67399_5136980,9814-26,1S,9,B,5,5,2027
67018502,67_67399_5136980,1392703,1S,9,A,5,5,2027
67018502,67_67399_5136980,C910417-06,1S,9,B,5,5,2027
67018502,67_67399_5136980,104947,1S,9,B,10,10,2027
67018502,67_67399_5136980,1431477,1S,9,A,10,10,2027
67018502,67_67399_5136980,3068-52,1S,9,B,5,5,2027
67018502,67_67399_5136980,724003,1S,9,A,5,5,2027
67018502,67_67399_5136980,7791-14,1S,9,A,5,5,2027
67018502,67_67399_5136980,2101608,2S,9,A,5,5,2027
67018502,67_67399_5136980,C920003-01,2S,9,B,10,10,2027
67018502,67_67399_5136980,C922005-02,2S,9,B,5,5,2027
67018502,67_67399_5136980,5991-16,2S,9,C,5,5,2027
67018503,67_67399_5136980,1747230,1S,9,C,5,5,2027
67018503,67_67399_5136980,C751102-02,1S,9,B,5,5,2027
67018503,67_67399_5136980,1226-52,1S,9,C,5,5,2027
67018503,67_67399_5136980,C910418-11,1S,9,B,5,5,2027
67018503,67_67399_5136980,C917305-27,1S,9,C,5,5,2027
67018503,67_67399_5136980,645417,1S,9,B,5,5,2027
67018503,67_67399_5136980,6215-51,1S,9,B,5,5,2027
67018503,67_67399_5136980,217353,1S,9,B,10,10,2027
67018503,67_67399_5136980,3533-19,1S,9,A,5,5,2027
67018503,67_67399_5136980,0061-50,1S,9,A,5,5,2027
67018503,67_67399_5136980,0918-04,1S,9,B,10,10,2027
67018503,67_67399_5136980,9104015-11,2S,9,B,5,5,2027
67018503,67_67399_5136980,2151766,2S,9,A,5,5,2027
67018503,67_67399_5136980,1256-42,2S,9,C,5,5,2027
67018504,67_67399_5136980,C910203-03,1S,9,B,5,5,2027
67018504,67_67399_5136980,64040,1S,9,A,5,5,2027
67018504,67_67399_5136980,2057-13,1S,9,C,5,5,2027
67018504,67_67399_5136980,7651-60,1S,9,A,10,10,2027
67018504,67_67399_5136980,3068-53,1S,9,B,5,5,2027
67018504,67_67399_5136980,3121-18,1S,9,A,5,5,2027
67018504,67_67399_5136980,C917305-27,1S,9,B,5,5,2027
67018504,67_67399_5136980,2593255,1S,9,A,5,5,2027
67018504,67_67399_5136980,1883-10,1S,9,A,5,5,2027
67018504,67_67399_5136980,104978,1S,9,C,10,10,2027
67018504,67_67399_5136980,C913002-52,1S,9,B,5,5,2027
67018504,67_67399_5136980,C910502-50,2S,9,A,5,5,2027
67018504,67_67399_5136980,C917304-10,2S,9,C,5,5,2027
67018504,67_67399_5136980,005693-436,2S,9,C,5,5,2027
67018504,67_67399_5136980,C910418-04,2S,9,A,5,5,2027
67018505,67_67399_5136980,1409807,1S,9,A,10,10,2027
67018505,67_67399_5136980,1576082,1S,9,C,5,5,2027
67018505,67_67399_5136980,C713102-02,1S,9,B,5,5,2027
67018505,67_67399_5136980,1710-11,1S,9,C,5,5,2027
67018505,67_67399_5136980,5693-21,1S,9,A,5,5,2027
67018505,67_67399_5136980,C910202-06,1S,9,B,5,5,2027
67018505,67_67399_5136980,C910415-55,1S,9,A,5,5,2027
67018505,67_67399_5136980,1414860,1S,9,B,10,10,2027
67018505,67_67399_5136980,C925402-01,1S,9,B,5,5,2027
67018505,67_67399_5136980,2075-67,1S,9,C,5,5,2027
67018505,67_67399_5136980,3898-50,1S,9,A,5,5,2027
67018505,67_67399_5136980,C917402-02,2S,9,A,5,5,2027
67018505,67_67399_5136980,C910203-04,2S,9,C,5,5,2027
67018505,67_67399_5136980,5980-55,2S,9,B,10,10,2027
67018506,67_67399_5136980,7651-74,1S,9,B,10,10,2027
67018506,67_67399_5136980,2281580,1S,9,A,10,10,2027
67018506,67_67399_5136980,18384,1S,9,A,5,5,2027
67018506,67_67399_5136980,05693-4311,1S,9,B,5,5,2027
67018506,67_67399_5136980,C906202-01,1S,9,C,5,5,2027
67018506,67_67399_5136980,C917305-20,1S,9,C,5,5,2027
67018506,67_67399_5136980,446114,1S,9,B,5,5,2027
67018506,67_67399_5136980,622406,1S,9,B,5,5,2027
67018506,67_67399_5136980,2890927,1S,9,A,5,5,2027
67018506,67_67399_5136980,2076-61,1S,9,B,5,5,2027
67018506,67_67399_5136980,2482556,1S,9,A,5,5,2027
67018506,67_67399_5136980,C9104007-04,2S,9,B,5,5,2027
67018506,67_67399_5136980,1206794,2S,9,B,10,10,2027
67018506,67_67399_5136980,1790-13,2S,9,A,5,5,2027
67018506,67_67399_5136980,4579-52,2S,9,B,5,5,2027
67018507,67_67399_5136980,1206794,1S,9,B,10,10,2027
67018507,67_67399_5136980,3898-50,1S,9,A,5,5,2027
67018507,67_67399_5136980,2075-60,1S,9,B,5,5,2027
67018507,67_67399_5136980,1254-19,1S,9,A,5,5,2027
67018507,67_67399_5136980,100110,1S,9,A,5,5,2027
67018507,67_67399_5136980,217353,1S,9,B,10,10,2027
67018507,67_67399_5136980,C751002-02,1S,9,B,5,5,2027
67018507,67_67399_5136980,993947,1S,9,C,5,5,2027
67018507,67_67399_5136980,2675981,1S,9,B,5,5,2027
67018507,67_67399_5136980,C910418-12,1S,9,C,5,5,2027
67018507,67_67399_5136980,5432-65,1S,9,B,5,5,2027
67018507,67_67399_5136980,5693-41,2S,9,A,5,5,2027
67018507,67_67399_5136980,1385549,2S,9,C,5,5,2027
67018507,67_67399_5136980,1494543,2S,9,C,5,5,2027
67018507,67_67399_5136980,6683-16,2S,9,A,5,5,2027
67018508,67_67399_5136980,0062-54,1S,9,D,5,5,2027
67018508,67_67399_5136980,1276-52,1S,9,B,5,5,2027
67018508,67_67399_5136980,C900002-50,1S,9,C,5,5,2027
67018508,67_67399_5136980,1693297,1S,9,B,5,5,2027
67018508,67_67399_5136980,9104015-11,1S,9,C,5,5,2027
67018508,67_67399_5136980,C923204-01,1S,9,A,5,5,2027
67018508,67_67399_5136980,C917305-24,1S,9,A,5,5,2027
67018508,67_67399_5136980,446297,1S,9,B,5,5,2027
67018508,67_67399_5136980,6215-63,1S,9,C,5,5,2027
67018508,67_67399_5136980,1409532,1S,9,C,10,10,2027
67018508,67_67399_5136980,596502,1S,9,A,5,5,2027
67018508,67_67399_5136980,C910201-01,2S,9,A,5,5,2027
67018508,67_67399_5136980,005693-436,2S,9,B,5,5,2027
67018508,67_67399_5136980,2294272,2S,9,B,5,5,2027
67018508,67_67399_5136980,1494329,2S,9,B,5,5,2027
67018509,67_67399_5136980,1414587,1S,9,C,10,10,2027
67018509,67_67399_5136980,9104015-21,1S,9,C,5,5,2027
67018509,67_67399_5136980,1421892,1S,9,B,5,5,2027
67018509,67_67399_5136980,1494574,1S,9,B,5,5,2027
67018509,67_67399_5136980,446206,1S,9,B,5,5,2027
67018509,67_67399_5136980,C7171002-02,1S,9,B,5,5,2027
67018509,67_67399_5136980,5819-17,1S,9,A,10,10,2027
67018509,67_67399_5136980,C925402-05,1S,9,A,5,5,2027
67018509,67_67399_5136980,2076-67,1S,9,B,5,5,2027
67018509,67_67399_5136980,107443,1S,9,A,5,5,2027
67018509,67_67399_5136980,C910204-01,1S,9,C,5,5,2027
67018509,67_67399_5136980,C910416-50,2S,9,A,5,5,2027
67018509,67_67399_5136980,1859,2S,9,B,5,5,2027
67018509,67_67399_5136980,C910204-20,2S,9,C,5,5,2027
67018510,67_67399_5136980,729392,1S,9,A,5,5,2027
67018510,67_67399_5136980,2076-67,1S,9,C,5,5,2027
67018510,67_67399_5136980,C925402-07,1S,9,F,5,0,2027
67018510,67_67399_5136980,1431691,1S,9,C,10,10,2027
67018510,67_67399_5136980,7708-57,1S,9,C,5,5,2027
67018510,67_67399_5136980,3068-53,1S,9,B,5,5,2027
67018510,67_67399_5136980,C934001-01,1S,9,C,5,5,2027
67018510,67_67399_5136980,1710-06,1S,9,B,5,5,2027
67018510,67_67399_5136980,5980-51,1S,9,A,10,10,2027
67018510,67_67399_5136980,2273302,1S,9,C,5,5,2027
67018510,67_67399_5136980,C9104006-01,1S,9,C,5,5,2027
67018510,67_67399_5136980,1256-012,2S,9,B,5,5,2027
67018510,67_67399_5136980,1494421,2S,9,B,5,5,2027
67018510,67_67399_5136980,05693-2310,2S,9,C,5,5,2027
67018510,67_67399_5136980,2294211,2S,9,B,5,5,2027
67018511,67_67399_5136980,C910418-01,1S,9,A,5,5,2027
67018511,67_67399_5136980,C932301-50,1S,9,A,5,5,2027
67018511,67_67399_5136980,5432-58,1S,9,B,5,5,2027
67018511,67_67399_5136980,C931602-02,1S,9,B,10,10,2027
67018511,67_67399_5136980,2891047,1S,9,C,5,5,2027
67018511,67_67399_5136980,2076-60,1S,9,B,5,5,2027
67018511,67_67399_5136980,655733,1S,9,A,10,10,2027
67018511,67_67399_5136980,1414921,1S,9,A,10,10,2027
67018511,67_67399_5136980,8364-50,1S,9,A,10,10,2027
67018511,67_67399_5136980,1790-01,1S,9,B,5,5,2027
67018511,67_67399_5136980,C9104006-05,1S,9,A,5,5,2027
67018511,67_67399_5136980,C9104009-05,2S,9,A,5,5,2027
67018511,67_67399_5136980,1256-11,2S,9,C,5,5,2027
67018511,67_67399_5136980,2676042,2S,9,C,5,5,2027
67018511,67_67399_5136980,C922003-01,2S,9,C,5,5,2027
67018512,67_67399_5136980,C900002-51,1S,9,A,5,5,2027
67018512,67_67399_5136980,C8421003-42,1S,9,A,15,15,2027
67018512,67_67399_5136980,C922703-01,1S,9,C,10,10,2027
67018512,67_67399_5136980,C9104012-01,1S,9,A,5,5,2027
67018512,67_67399_5136980,7791-21,1S,9,A,5,5,2027
67018512,67_67399_5136980,C910204-02,1S,9,A,5,5,2027
67018512,67_67399_5136980,2076-55,1S,9,A,5,5,2027
67018512,67_67399_5136980,57497,1S,9,A,5,5,2027
67018512,67_67399_5136980,5819-13,1S,9,A,10,10,2027
67018512,67_67399_5136980,1579401,1S,9,B,5,5,2027
67018512,67_67399_5136980,726835,1S,9,C,5,5,2027
67018512,67_67399_5136980,1883-10,2S,9,A,5,5,2027
67018512,67_67399_5136980,5980-53,2S,9,B,10,10,2027
67018512,67_67399_5136980,27454,2S,9,B,5,5,2027
67018512,67_67399_5136980,C910202-03,2S,9,B,5,5,2027
67018513,67_67399_5136980,726104,1S,9,A,5,5,2027
67018513,67_67399_5136980,C910429-03,1S,9,A,5,5,2027
67018513,67_67399_5136980,C923202-01,1S,9,C,5,5,2027
67018513,67_67399_5136980,3068-54,1S,9,A,5,5,2027
67018513,67_67399_5136980,C917304-05,1S,9,C,5,5,2027
67018513,67_67399_5136980,7651-77,1S,9,B,10,10,2027
67018513,67_67399_5136980,C925401-07,1S,9,A,5,5,2027
67018513,67_67399_5136980,1691499,1S,9,B,5,5,2027
67018513,67_67399_5136980,1284-04,1S,9,B,5,5,2027
67018513,67_67399_5136980,3899-50,1S,9,C,5,5,2027
67018513,67_67399_5136980,2075-62,1S,9,B,5,5,2027
67018513,67_67399_5136980,005693-234,2S,9,A,5,5,2027
67018513,67_67399_5136980,1710-11,2S,9,B,5,5,2027
67018513,67_67399_5136980,C910701-01,2S,9,A,5,5,2027
67018514,67_67399_5136980,1093294,1S,9,A,10,10,2027
67018514,67_67399_5136980,1256-12,1S,9,C,5,5,2027
67018514,67_67399_5136980,C900001-03,1S,9,B,5,5,2027
67018514,67_67399_5136980,0062-53,1S,9,A,5,5,2027
67018514,67_67399_5136980,1882-02,1S,9,C,5,5,2027
67018514,67_67399_5136980,5819-18,1S,9,A,10,10,2027
67018514,67_67399_5136980,1577970,1S,9,B,5,5,2027
67018514,67_67399_5136980,3123-20,1S,9,A,5,5,2027
67018514,67_67399_5136980,1710-13,1S,9,C,5,5,2027
67018514,67_67399_5136980,C910417-03,1S,9,B,5,5,2027
67018514,67_67399_5136980,2293725,1S,9,B,5,5,2027
67018514,67_67399_5136980,C910202-05,2S,9,C,5,5,2027
67018514,67_67399_5136980,23833,2S,9,A,5,5,2027
67018514,67_67399_5136980,C920006-02,2S,9,A,10,10,2027
67018514,67_67399_5136980,1206763,2S,9,C,10,10,2027
67018515,67_67399_5136980,1746743,1S,9,C,5,5,2027
67018515,67_67399_5136980,0915-03,1S,9,C,10,10,2027
67018515,67_67399_5136980,2075-53,1S,9,B,5,5,2027
67018515,67_67399_5136980,111432,1S,9,C,5,5,2027
67018515,67_67399_5136980,1414738,1S,9,A,10,10,2027
67018515,67_67399_5136980,1409532,1S,9,B,10,10,2027
67018515,67_67399_5136980,3064-50,1S,9,B,5,5,2027
67018515,67_67399_5136980,1850-06,1S,9,A,5,5,2027
67018515,67_67399_5136980,C910417-03,1S,9,C,5,5,2027
67018515,67_67399_5136980,9226-16,1S,9,C,5,5,2027
67018515,67_67399_5136980,446997,1S,9,A,5,5,2027
67018515,67_67399_5136980,C910203-11,2S,9,B,5,5,2027
67018515,67_67399_5136980,C923202-01,2S,9,A,5,5,2027
67018515,67_67399_5136980,1790-03,2S,9,B,5,5,2027
67018516,67_67399_5136980,2349972,1S,9,A,10,10,2027
67018516,67_67399_5136980,C9104009-01,1S,9,A,5,5,2027
67018516,67_67399_5136980,C9104006-03,1S,9,C,5,5,2027
67018516,67_67399_5136980,5992-32,1S,9,B,5,5,2027
67018516,67_67399_5136980,1765584,1S,9,B,5,5,2027
67018516,67_67399_5136980,5432-61,1S,9,C,5,5,2027
67018516,67_67399_5136980,217412,1S,9,A,10,10,2027
67018516,67_67399_5136980,9815-32,1S,9,B,5,5,2027
67018516,67_67399_5136980,2076-52,1S,9,D,5,5,2027
67018516,67_67399_5136980,2275522,1S,9,B,10,10,2027
67018516,67_67399_5136980,C910203-12,1S,9,F,5,0,2027
67018516,67_67399_5136980,C9104010-01,2S,9,C,5,5,2027
67018516,67_67399_5136980,C910418-03,2S,9,B,5,5,2027
67018516,67_67399_5136980,27454,2S,9,C,5,5,2027
67018516,67_67399_5136980,C910204-13,2S,9,D,5,5,2027
67018517,67_67399_5136980,1414618,1S,9,A,10,10,2027
67018517,67_67399_5136980,C910417-07,1S,9,B,5,5,2027
67018517,67_67399_5136980,1056649,1S,9,B,5,5,2027
67018517,67_67399_5136980,C910203-08,1S,9,A,5,5,2027
67018517,67_67399_5136980,C906202-02,1S,9,B,5,5,2027
67018517,67_67399_5136980,C917305-21,1S,9,A,5,5,2027
67018517,67_67399_5136980,3123-22,1S,9,F,5,0,2027
67018517,67_67399_5136980,6215-65,1S,9,A,5,5,2027
67018517,67_67399_5136980,5819-17,1S,9,B,10,10,2027
67018517,67_67399_5136980,9814-25,1S,9,C,5,5,2027
67018517,67_67399_5136980,2075-63,1S,9,C,5,5,2027
67018517,67_67399_5136980,1883-07,2S,9,A,5,5,2027
67018517,67_67399_5136980,7791-17,2S,9,B,5,5,2027
67018517,67_67399_5136980,7702-60,2S,9,C,5,5,2027
67018518,67_67399_5136980,1494605,1S,9,C,5,5,2027
67018518,67_67399_5136980,723972,1S,9,A,5,5,2027
67018518,67_67399_5136980,5432-62,1S,9,C,5,5,2027
67018518,67_67399_5136980,1409624,1S,9,D,10,10,2027
67018518,67_67399_5136980,2075-56,1S,9,C,5,5,2027
67018518,67_67399_5136980,774713,1S,9,D,5,5,2027
67018518,67_67399_5136980,980344,1S,9,A,5,5,2027
67018518,67_67399_5136980,005693-136,1S,9,C,5,5,2027
67018518,67_67399_5136980,C922705-02,1S,9,B,10,10,2027
67018518,67_67399_5136980,884285,1S,9,F,10,0,2027
67018518,67_67399_5136980,100809,1S,9,B,5,5,2027
67018518,67_67399_5136980,2151858,2S,9,A,5,5,2027
67018518,67_67399_5136980,1748418,2S,9,B,5,5,2027
67018518,67_67399_5136980,C920005-02,2S,9,A,10,10,2027
67018519,67_67399_5136980,57527,1S,9,D,5,5,2027
67018519,67_67399_5136980,64406,1S,9,B,5,5,2027
67018519,67_67399_5136980,729938,1S,9,A,5,5,2027
67018519,67_67399_5136980,7651-58,1S,9,F,10,0,2027
67018519,67_67399_5136980,C932202-01,1S,9,A,5,5,2027
67018519,67_67399_5136980,446083,1S,9,B,5,5,2027
67018519,67_67399_5136980,5991-15,1S,9,D,5,5,2027
67018519,67_67399_5136980,980679,1S,9,B,5,5,2027
67018519,67_67399_5136980,2274763,1S,9,B,5,5,2027
67018519,67_67399_5136980,C922002-51,1S,9,F,5,0,2027
67018519,67_67399_5136980,7708-55,2S,9,A,5,5,2027
67018520,67_67399_5136980,C910416-51,1S,9,B,5,5,2027
67018520,67_67399_5136980,6683-14,1S,9,C,5,5,2027
67018520,67_67399_5136980,2281488,1S,9,B,10,10,2027
67018520,67_67399_5136980,64406,1S,9,B,5,5,2027
67018520,67_67399_5136980,3533-14,1S,9,B,5,5,2027
67018520,67_67399_5136980,1431387,1S,9,A,10,10,2027
67018520,67_67399_5136980,5432-63,1S,9,A,5,5,2027
67018520,67_67399_5136980,723913,1S,9,A,5,5,2027
67018520,67_67399_5136980,2224,1S,9,A,5,5,2027
67018520,67_67399_5136980,2294030,1S,9,B,5,5,2027
67018520,67_67399_5136980,C810002-01,1S,9,A,5,5,2027
67018520,67_67399_5136980,1593341,2S,9,A,5,5,2027
67018520,67_67399_5136980,1710-04,2S,9,B,5,5,2027
67018520,67_67399_5136980,C922005-01,2S,9,B,5,5,2027
67018520,67_67399_5136980,5693-042,2S,9,C,5,5,2027
67018521,67_67399_5136980,1520750,1S,9,B,10,10,2027
67018521,67_67399_5136980,101721,1S,9,A,10,10,2027
67018521,67_67399_5136980,C9104007-04,1S,9,F,5,0,2027
67018521,67_67399_5136980,C9104006-01,1S,9,C,5,5,2027
67018521,67_67399_5136980,C917303-01,1S,9,A,5,5,2027
67018521,67_67399_5136980,C932301-50,1S,9,C,5,5,2027
67018521,67_67399_5136980,6215-57,1S,9,A,5,5,2027
67018521,67_67399_5136980,4578-52,1S,9,B,5,5,2027
67018521,67_67399_5136980,2075-58,1S,9,B,5,5,2027
67018521,67_67399_5136980,596594,1S,9,B,5,5,2027
67018521,67_67399_5136980,C931602-02,1S,9,B,10,10,2027
67018521,67_67399_5136980,8180-54,2S,9,D,5,5,2027
67018521,67_67399_5136980,C917303-01,2S,9,A,5,5,2027
67018521,67_67399_5136980,1286-05,2S,9,B,5,5,2027
67018522,67_67399_5136980,980404,1S,9,B,5,5,2027
67018522,67_67399_5136980,729026,1S,9,B,5,5,2027
67018522,67_67399_5136980,1790-02,1S,9,B,5,5,2027
67018522,67_67399_5136980,C924502-02,1S,9,C,5,5,2027
67018522,67_67399_5136980,7651-52,1S,9,D,10,10,2027
67018522,67_67399_5136980,3038-52,1S,9,B,5,5,2027
67018522,67_67399_5136980,446752,1S,9,A,5,5,2027
67018522,67_67399_5136980,1458536,1S,9,B,5,5,2027
67018522,67_67399_5136980,2294242,1S,9,A,5,5,2027
67018522,67_67399_5136980,C740002-01,1S,9,C,5,5,2027
67018522,67_67399_5136980,2076-65,1S,9,C,5,5,2027
67018522,67_67399_5136980,C910204-09,2S,9,B,5,5,2027
67018522,67_67399_5136980,1494634,2S,9,B,5,5,2027
67018522,67_67399_5136980,05693-1311,2S,9,A,5,5,2027
67018522,67_67399_5136980,5980-51,2S,9,A,10,10,2027
67018523,67_67399_5136980,C922805-01,1S,9,A,5,5,2027
67018523,67_67399_5136980,1746712,1S,9,A,5,5,2027
67018523,67_67399_5136980,0915-63,1S,9,B,10,10,2027
67018523,67_67399_5136980,2076-63,1S,9,A,5,5,2027
67018523,67_67399_5136980,596502,1S,9,B,5,5,2027
67018523,67_67399_5136980,7651-69,1S,9,B,10,10,2027
67018523,67_67399_5136980,5432-58,1S,9,A,5,5,2027
67018523,67_67399_5136980,3121-19,1S,9,B,5,5,2027
67018523,67_67399_5136980,C917305-27,1S,9,C,5,5,2027
67018523,67_67399_5136980,2294150,1S,9,A,5,5,2027
67018523,67_67399_5136980,C810001-01,1S,9,C,5,5,2027
67018523,67_67399_5136980,9226-17,2S,9,A,5,5,2027
67018523,67_67399_5136980,2293999,2S,9,A,5,5,2027
67018523,67_67399_5136980,5693-41,2S,9,B,5,5,2027
67018523,67_67399_5136980,C910204-06,2S,9,A,5,5,2027
67018524,67_67399_5136980,C713404-01,1S,9,B,5,5,2027
67018524,67_67399_5136980,C910203-11,1S,9,B,5,5,2027
67018524,67_67399_5136980,9226-18,1S,9,A,5,5,2027
67018524,67_67399_5136980,C932301-50,1S,9,A,5,5,2027
67018524,67_67399_5136980,C922003-02,1S,9,B,5,5,2027
67018524,67_67399_5136980,623137,1S,9,A,5,5,2027
67018524,67_67399_5136980,2098411,1S,9,A,10,10,2027
67018524,67_67399_5136980,57497,1S,9,C,5,5,2027
67018524,67_67399_5136980,2075-51,1S,9,B,5,5,2027
67018524,67_67399_5136980,1446728,1S,9,C,10,10,2027
67018524,67_67399_5136980,C900301-01,1S,9,A,5,5,2027
67018524,67_67399_5136980,1448978,2S,9,A,10,10,2027
67018524,67_67399_5136980,2676073,2S,9,A,5,5,2027
67018524,67_67399_5136980,2293756,2S,9,B,5,5,2027
67018524,67_67399_5136980,6687-51,2S,9,C,5,5,2027
67018525,67_67399_5136980,27820,1S,9,A,5,5,2027
67018525,67_67399_5136980,C934002-09,1S,9,B,5,5,2027
67018525,67_67399_5136980,3068-54,1S,9,A,5,5,2027
67018525,67_67399_5136980,7651-79,1S,9,C,10,10,2027
67018525,67_67399_5136980,2890865,1S,9,B,5,5,2027
67018525,67_67399_5136980,2075-51,1S,9,B,5,5,2027
67018525,67_67399_5136980,206730,1S,9,A,5,5,2027
67018525,67_67399_5136980,1256-14,1S,9,A,5,5,2027
67018525,67_67399_5136980,C922205-01,1S,9,B,5,5,2027
67018525,67_67399_5136980,2274763,1S,9,B,5,5,2027
67018525,67_67399_5136980,1850-01,1S,9,A,5,5,2027
67018525,67_67399_5136980,1748722,2S,9,B,5,5,2027
67018525,67_67399_5136980,005693-534,2S,9,B,5,5,2027
67018525,67_67399_5136980,5991-20,2S,9,A,5,5,2027
67018526,67_67399_5136980,1254-10,1S,9,C,5,5,2027
67018526,67_67399_5136980,3121-19,1S,9,A,5,5,2027
67018526,67_67399_5136980,0915-03,1S,9,B,10,10,2027
67018526,67_67399_5136980,2076-56,1S,9,B,5,5,2027
67018526,67_67399_5136980,9815-18,1S,9,B,5,5,2027
67018526,67_67399_5136980,2493-51,1S,9,B,10,10,2027
67018526,67_67399_5136980,3064-54,1S,9,A,5,5,2027
67018526,67_67399_5136980,7791-14,1S,9,B,5,5,2027
67018526,67_67399_5136980,1385488,1S,9,B,5,5,2027
67018526,67_67399_5136980,1206794,1S,9,C,10,10,2027
67018526,67_67399_5136980,2380319,1S,9,A,10,10,2027
67018526,67_67399_5136980,7708-54,2S,9,A,5,5,2027
67018526,67_67399_5136980,1494574,2S,9,B,5,5,2027
67018526,67_67399_5136980,1458475,2S,9,B,5,5,2027
67018526,67_67399_5136980,9104015-51,2S,9,B,5,5,2027
67018527,67_67399_5136980,C910418-06,1S,9,B,5,5,2027
67018527,67_67399_5136980,C8421003-52,1S,9,B,15,15,2027
67018527,67_67399_5136980,2281580,1S,9,C,10,10,2027
67018527,67_67399_5136980,2076-50,1S,9,A,5,5,2027
67018527,67_67399_5136980,9815-34,1S,9,B,5,5,2027
67018527,67_67399_5136980,5819-28,1S,9,C,10,10,2027
67018527,67_67399_5136980,3068-53,1S,9,B,5,5,2027
67018527,67_67399_5136980,3121-14,1S,9,B,5,5,2027
67018527,67_67399_5136980,1790-42,1S,9,A,5,5,2027
67018527,67_67399_5136980,C910416-57,1S,9,B,5,5,2027
67018527,67_67399_5136980,980313,1S,9,B,5,5,2027
67018527,67_67399_5136980,7702-59,2S,9,B,5,5,2027
67018527,67_67399_5136980,1494421,2S,9,B,5,5,2027
67018527,67_67399_5136980,1883-01,2S,9,B,5,5,2027
67018528,67_67399_5136980,9104016-53,1S,9,B,5,5,2027
67018528,67_67399_5136980,729847,1S,9,B,5,5,2027
67018528,67_67399_5136980,2075-55,1S,9,A,5,5,2027
67018528,67_67399_5136980,111066,1S,9,B,5,5,2027
67018528,67_67399_5136980,1883-07,1S,9,B,5,5,2027
67018528,67_67399_5136980,102361,1S,9,C,10,10,2027
67018528,67_67399_5136980,5992-13,1S,9,B,5,5,2027
67018528,67_67399_5136980,449250,1S,9,A,5,5,2027
67018528,67_67399_5136980,3037-51,1S,9,A,5,5,2027
67018528,67_67399_5136980,7651-54,1S,9,B,10,10,2027
67018528,67_67399_5136980,2139471,1S,9,A,5,5,2027
67018528,67_67399_5136980,C922002-51,2S,9,B,5,5,2027
67018528,67_67399_5136980,0218-05,2S,9,A,10,10,2027
67018528,67_67399_5136980,1494909,2S,9,B,5,5,2027
67018528,67_67399_5136980,1746743,2S,9,B,5,5,2027
67018529,67_67399_5136980,C924501-01,1S,9,C,5,5,2027
67018529,67_67399_5136980,2482676,1S,9,A,5,5,2027
67018529,67_67399_5136980,2097164,1S,9,B,10,10,2027
67018529,67_67399_5136980,6215-52,1S,9,A,5,5,2027
67018529,67_67399_5136980,2046121,1S,9,B,5,5,2027
67018529,67_67399_5136980,725433,1S,9,A,5,5,2027
67018529,67_67399_5136980,2151980,1S,9,B,5,5,2027
67018529,67_67399_5136980,1850-02,1S,9,A,5,5,2027
67018529,67_67399_5136980,1392731,1S,9,B,5,5,2027
67018529,67_67399_5136980,1093174,1S,9,B,10,10,2027
67018529,67_67399_5136980,2075-55,1S,9,A,5,5,2027
67018529,67_67399_5136980,4578-52,2S,9,A,5,5,2027
67018529,67_67399_5136980,1494634,2S,9,A,5,5,2027
67018529,67_67399_5136980,C922712-02,2S,9,C,10,10,2027
67018529,67_67399_5136980,C910415-53,2S,9,A,5,5,2027
67018530,67_67399_5136980,1579341,1S,9,A,5,5,2027
67018530,67_67399_5136980,C934002-04,1S,9,A,5,5,2027
67018530,67_67399_5136980,1790-02,1S,9,B,5,5,2027
67018530,67_67399_5136980,1226-50,1S,9,C,5,5,2027
67018530,67_67399_5136980,1385580,1S,9,A,5,5,2027
67018530,67_67399_5136980,1431418,1S,9,C,10,10,2027
67018530,67_67399_5136980,2348631,1S,9,B,10,10,2027
67018530,67_67399_5136980,111460,1S,9,C,5,5,2027
67018530,67_67399_5136980,2076-59,1S,9,B,5,5,2027
67018530,67_67399_5136980,0915-54,1S,9,A,10,10,2027
67018530,67_67399_5136980,980769,1S,9,A,5,5,2027
67018530,67_67399_5136980,1710-12,2S,9,A,5,5,2027
67018530,67_67399_5136980,5980-53,2S,9,B,10,10,2027
67018530,67_67399_5136980,0215-02,2S,9,A,10,10,2027
67018530,67_67399_5136980,7702-61,2S,9,C,5,5,2027
67018531,67_67399_5136980,0218-02,1S,9,A,10,10,2027
67018531,67_67399_5136980,5432-61,1S,9,A,5,5,2027
67018531,67_67399_5136980,736696,1S,9,B,10,10,2027
67018531,67_67399_5136980,730153,1S,9,B,5,5,2027
67018531,67_67399_5136980,2482646,1S,9,A,5,5,2027
67018531,67_67399_5136980,5693-52,1S,9,A,5,5,2027
67018531,67_67399_5136980,1790-20,1S,9,A,5,5,2027
67018531,67_67399_5136980,3121-00,1S,9,C,5,5,2027
67018531,67_67399_5136980,2493-51,1S,9,B,10,10,2027
67018531,67_67399_5136980,97887,1S,9,B,5,5,2027
67018531,67_67399_5136980,64010,1S,9,A,5,5,2027
67018531,67_67399_5136980,6687-51,2S,9,C,5,5,2027
67018531,67_67399_5136980,1392762,2S,9,C,5,5,2027
67018531,67_67399_5136980,1494329,2S,9,C,5,5,2027
67018532,67_67399_5136980,C923201-01,1S,9,C,5,5,2027
67018532,67_67399_5136980,C751102-02,1S,9,A,5,5,2027
67018532,67_67399_5136980,1494513,1S,9,C,5,5,2027
67018532,67_67399_5136980,C910418-10,1S,9,B,5,5,2027
67018532,67_67399_5136980,726104,1S,9,C,5,5,2027
67018532,67_67399_5136980,6215-54,1S,9,C,5,5,2027
67018532,67_67399_5136980,216682,1S,9,B,10,10,2027
67018532,67_67399_5136980,C925401-04,1S,9,B,5,5,2027
67018532,67_67399_5136980,2076-67,1S,9,C,5,5,2027
67018532,67_67399_5136980,729057,1S,9,B,5,5,2027
67018532,67_67399_5136980,1256-15,1S,9,B,5,5,2027
67018532,67_67399_5136980,005693-135,2S,9,C,5,5,2027
67018532,67_67399_5136980,1746988,2S,9,A,5,5,2027
67018533,67_67399_5136980,9815-29,1S,9,B,5,5,2027
67018533,67_67399_5136980,2076-50,1S,9,B,5,5,2027
67018533,67_67399_5136980,C910203-14,1S,9,B,5,5,2027
67018533,67_67399_5136980,1717007,1S,9,A,5,5,2027
67018533,67_67399_5136980,2097741,1S,9,C,10,10,2027
67018533,67_67399_5136980,3068-52,1S,9,C,5,5,2027
67018533,67_67399_5136980,C934002-04,1S,9,A,5,5,2027
67018533,67_67399_5136980,C917305-08,1S,9,B,5,5,2027
67018533,67_67399_5136980,C902001-01,1S,9,C,10,10,2027
67018533,67_67399_5136980,1421892,1S,9,C,5,5,2027
67018533,67_67399_5136980,C740001-01,1S,9,C,5,5,2027
67018533,67_67399_5136980,1280-53,2S,9,C,5,5,2027
67018533,67_67399_5136980,C917305-10,2S,9,A,5,5,2027
67018533,67_67399_5136980,C922204-51,2S,9,B,5,5,2027
67018534,67_67399_5136980,993917,1S,9,C,5,5,2027
67018534,67_67399_5136980,8364-50,1S,9,A,10,10,2027
67018534,67_67399_5136980,1458567,1S,9,A,5,5,2027
67018534,67_67399_5136980,1093264,1S,9,B,10,10,2027
67018534,67_67399_5136980,7383-50,1S,9,B,10,10,2027
67018534,67_67399_5136980,2076-52,1S,9,A,5,5,2027
67018534,67_67399_5136980,57589,1S,9,A,5,5,2027
67018534,67_67399_5136980,C910417-02,1S,9,A,5,5,2027
67018534,67_67399_5136980,1887,1S,9,A,5,5,2027
67018534,67_67399_5136980,7651-58,1S,9,A,10,10,2027
67018534,67_67399_5136980,1576054,1S,9,A,5,5,2027
67018534,67_67399_5136980,7708-59,2S,9,C,5,5,2027
67018534,67_67399_5136980,1464683,2S,9,A,10,10,2027
67018534,67_67399_5136980,C922805-01,2S,9,A,5,5,2027
67018534,67_67399_5136980,2675981,2S,9,C,5,5,2027
67018535,67_67399_5136980,3533-18,1S,9,C,5,5,2027
67018535,67_67399_5136980,C910701-01,1S,9,B,5,5,2027
67018535,67_67399_5136980,3898-53,1S,9,B,5,5,2027
67018535,67_67399_5136980,2076-52,1S,9,A,5,5,2027
67018535,67_67399_5136980,1431538,1S,9,A,10,10,2027
67018535,67_67399_5136980,5432-61,1S,9,A,5,5,2027
67018535,67_67399_5136980,C717202-01,1S,9,A,5,5,2027
67018535,67_67399_5136980,0218-11,1S,9,B,10,10,2027
67018535,67_67399_5136980,446053,1S,9,B,5,5,2027
67018535,67_67399_5136980,C917402-02,1S,9,B,5,5,2027
67018535,67_67399_5136980,C910429-01,1S,9,A,5,5,2027
67018535,67_67399_5136980,1286-04,2S,9,A,5,5,2027
67018535,67_67399_5136980,1790-21,2S,9,B,5,5,2027
67018535,67_67399_5136980,1446848,2S,9,C,10,10,2027
67018536,67_67399_5136980,1726-01,1S,9,C,5,5,2027
67018536,67_67399_5136980,7708-54,1S,9,B,5,5,2027
67018536,67_67399_5136980,729117,1S,9,C,5,5,2027
67018536,67_67399_5136980,2076-63,1S,9,C,5,5,2027
67018536,67_67399_5136980,596686,1S,9,B,5,5,2027
67018536,67_67399_5136980,2098380,1S,9,B,10,10,2027
67018536,67_67399_5136980,3037-51,1S,9,B,5,5,2027
67018536,67_67399_5136980,994282,1S,9,B,5,5,2027
67018536,67_67399_5136980,1414891,1S,9,C,10,10,2027
67018536,67_67399_5136980,5980-58,1S,9,D,10,10,2027
67018536,67_67399_5136980,C9104007-12,1S,9,F,5,0,2027
67018536,67_67399_5136980,1726-01,2S,9,A,5,5,2027
67018536,67_67399_5136980,C910201-08,2S,9,A,5,5,2027
67018536,67_67399_5136980,1421982,2S,9,F,5,0,2027
67018537,67_67399_5136980,C740002-01,1S,9,C,5,5,2027
67018537,67_67399_5136980,C910204-02,1S,9,A,5,5,2027
67018537,67_67399_5136980,205359,1S,9,A,5,5,2027
67018537,67_67399_5136980,0062-54,1S,9,B,5,5,2027
67018537,67_67399_5136980,9815-33,1S,9,C,5,5,2027
67018537,67_67399_5136980,C931601-01,1S,9,B,10,10,2027
67018537,67_67399_5136980,1577940,1S,9,A,5,5,2027
67018537,67_67399_5136980,446053,1S,9,C,5,5,2027
67018537,67_67399_5136980,C917305-21,1S,9,A,5,5,2027
67018537,67_67399_5136980,C9104008-01,1S,9,A,5,5,2027
67018537,67_67399_5136980,5693-52,1S,9,A,5,5,2027
67018537,67_67399_5136980,C910202-15,2S,9,A,5,5,2027
67018537,67_67399_5136980,C9104009-50,2S,9,A,5,5,2027
67018537,67_67399_5136980,C917305-28,2S,9,B,5,5,2027
67018537,67_67399_5136980,1850-08,2S,9,A,5,5,2027
67018538,67_67399_5136980,884405,1S,9,C,10,10,2027
67018538,67_67399_5136980,5980-58,1S,9,B,10,10,2027
67018538,67_67399_5136980,005693-436,1S,9,A,5,5,2027
67018538,67_67399_5136980,2675800,1S,9,A,5,5,2027
67018538,67_67399_5136980,Apr-86,1S,9,A,5,5,2027
67018538,67_67399_5136980,3038-51,1S,9,B,5,5,2027
67018538,67_67399_5136980,7651-70,1S,9,A,10,10,2027
67018538,67_67399_5136980,9815-29,1S,9,A,5,5,2027
67018538,67_67399_5136980,2076-67,1S,9,B,5,5,2027
67018538,67_67399_5136980,1056680,1S,9,A,5,5,2027
67018538,67_67399_5136980,C910202-03,1S,9,C,5,5,2027
67018538,67_67399_5136980,C922805-01,2S,9,B,5,5,2027
67018538,67_67399_5136980,0215-03,2S,9,A,10,10,2027
67018538,67_67399_5136980,27395,2S,9,C,5,5,2027
67018538,67_67399_5136980,1747200,2S,9,A,5,5,2027
67018539,67_67399_5136980,C700002-52,1S,9,A,5,5,2027
67018539,67_67399_5136980,C910204-17,1S,9,A,5,5,2027
67018539,67_67399_5136980,3896-52,1S,9,A,5,5,2027
67018539,67_67399_5136980,2075-64,1S,9,B,5,5,2027
67018539,67_67399_5136980,111491,1S,9,B,5,5,2027
67018539,67_67399_5136980,1431477,1S,9,A,10,10,2027
67018539,67_67399_5136980,1290159,1S,9,C,5,5,2027
67018539,67_67399_5136980,C934001-02,1S,9,B,5,5,2027
67018539,67_67399_5136980,1710-01,1S,9,A,5,5,2027
67018539,67_67399_5136980,1458506,1S,9,C,5,5,2027
67018539,67_67399_5136980,1446879,1S,9,C,10,10,2027
67018539,67_67399_5136980,C910204-20,2S,9,A,5,5,2027
67018539,67_67399_5136980,1494909,2S,9,B,5,5,2027
67018539,67_67399_5136980,C910417-07,2S,9,B,5,5,2027
67018539,67_67399_5136980,9104015-21,2S,9,C,5,5,2027
67018540,67_67399_5136980,2482676,1S,9,A,5,5,2027
67018540,67_67399_5136980,107443,1S,9,B,5,5,2027
67018540,67_67399_5136980,64285,1S,9,C,5,5,2027
67018540,67_67399_5136980,C925401-09,1S,9,B,5,5,2027
67018540,67_67399_5136980,5432-54,1S,9,A,5,5,2027
67018540,67_67399_5136980,994251,1S,9,C,5,5,2027
67018540,67_67399_5136980,1790-18,1S,9,B,5,5,2027
67018540,67_67399_5136980,C910415-51,1S,9,B,5,5,2027
67018540,67_67399_5136980,C922703-02,1S,9,B,10,10,2027
67018540,67_67399_5136980,C717202-02,1S,9,A,5,5,2027
67018540,67_67399_5136980,5819-22,1S,9,B,10,10,2027
67018540,67_67399_5136980,7702-59,2S,9,B,5,5,2027
67018540,67_67399_5136980,1710-02,2S,9,B,5,5,2027
67018540,67_67399_5136980,C922704-02,2S,9,A,10,10,2027
67018541,67_67399_5136980,1431387,1S,9,A,10,10,2027
67018541,67_67399_5136980,1256-12,1S,9,A,5,5,2027
67018541,67_67399_5136980,2275522,1S,9,A,10,10,2027
67018541,67_67399_5136980,2075-31,1S,9,C,5,5,2027
67018541,67_67399_5136980,596686,1S,9,B,5,5,2027
67018541,67_67399_5136980,C932202-03,1S,9,B,5,5,2027
67018541,67_67399_5136980,C934002-04,1S,9,C,5,5,2027
67018541,67_67399_5136980,9226-18,1S,9,B,5,5,2027
67018541,67_67399_5136980,C910400601,1S,9,B,5,5,2027
67018541,67_67399_5136980,C910418-09,1S,9,A,5,5,2027
67018541,67_67399_5136980,C810001-01,1S,9,C,5,5,2027
67018541,67_67399_5136980,C910203-10,2S,9,B,5,5,2027
67018541,67_67399_5136980,2151677,2S,9,A,5,5,2027
67018541,67_67399_5136980,0218-03,2S,9,C,10,10,2027
67018541,67_67399_5136980,2294181,2S,9,B,5,5,2027
67018542,67_67399_5136980,C910203-01,1S,9,D,5,5,2027
67018542,67_67399_5136980,2002686,1S,9,A,10,10,2027
67018542,67_67399_5136980,64071,1S,9,B,5,5,2027
67018542,67_67399_5136980,2891200,1S,9,D,5,5,2027
67018542,67_67399_5136980,1409563,1S,9,C,10,10,2027
67018542,67_67399_5136980,5432-51,1S,9,A,5,5,2027
67018542,67_67399_5136980,993917,1S,9,A,5,5,2027
67018542,67_67399_5136980,1735665,1S,9,B,5,5,2027
67018542,67_67399_5136980,C906201-01,1S,9,A,5,5,2027
67018542,67_67399_5136980,C713404-01,1S,9,A,5,5,2027
67018542,67_67399_5136980,1458567,1S,9,C,5,5,2027
67018542,67_67399_5136980,4578-52,2S,9,C,5,5,2027
67018542,67_67399_5136980,C917304-07,2S,9,C,5,5,2027
67018542,67_67399_5136980,C910415-54,2S,9,A,5,5,2027
67018542,67_67399_5136980,C920006-02,2S,9,B,10,10,2027
67018543,67_67399_5136980,C8421003-32,1S,9,C,15,15,2027
67018543,67_67399_5136980,1593951,1S,9,A,5,5,2027
67018543,67_67399_5136980,C922712-02,1S,9,B,10,10,2027
67018543,67_67399_5136980,1883-08,1S,9,C,5,5,2027
67018543,67_67399_5136980,1520658,1S,9,B,10,10,2027
67018543,67_67399_5136980,2076-67,1S,9,A,5,5,2027
67018543,67_67399_5136980,3533-15,1S,9,C,5,5,2027
67018543,67_67399_5136980,1431418,1S,9,A,10,10,2027
67018543,67_67399_5136980,3038-53,1S,9,C,5,5,2027
67018543,67_67399_5136980,3121-21,1S,9,A,5,5,2027
67018543,67_67399_5136980,1198057,1S,9,B,5,5,2027
67018543,67_67399_5136980,05693-4311,2S,9,C,5,5,2027
67018543,67_67399_5136980,1385641,2S,9,A,5,5,2027
67018543,67_67399_5136980,1494209,2S,9,B,5,5,2027
67018543,67_67399_5136980,1256-18,2S,9,B,5,5,2027
67018544,67_67399_5136980,C925402-09,1S,9,B,5,5,2027
67018544,67_67399_5136980,101571,1S,9,A,10,10,2027
67018544,67_67399_5136980,7702-63,1S,9,B,5,5,2027
67018544,67_67399_5136980,56281,1S,9,B,10,10,2027
67018544,67_67399_5136980,0062-51,1S,9,A,5,5,2027
67018544,67_67399_5136980,1409716,1S,9,B,10,10,2027
67018544,67_67399_5136980,3068-52,1S,9,B,5,5,2027
67018544,67_67399_5136980,994223,1S,9,B,5,5,2027
67018544,67_67399_5136980,1197997,1S,9,C,5,5,2027
67018544,67_67399_5136980,005693-137,1S,9,A,5,5,2027
67018544,67_67399_5136980,C906201-01,1S,9,C,5,5,2027
67018544,67_67399_5136980,1747230,2S,9,A,5,5,2027
67018544,67_67399_5136980,C917401-03,2S,9,B,5,5,2027
67018544,67_67399_5136980,C9104006-01,2S,9,B,5,5,2027
67018545,67_67399_5136980,2890986,1S,9,B,5,5,2027
67018545,67_67399_5136980,1431691,1S,9,B,10,10,2027
67018545,67_67399_5136980,6215-52,1S,9,A,5,5,2027
67018545,67_67399_5136980,3123-18,1S,9,C,5,5,2027
67018545,67_67399_5136980,1790-12,1S,9,B,5,5,2027
67018545,67_67399_5136980,104917,1S,9,A,10,10,2027
67018545,67_67399_5136980,C906202-02,1S,9,B,5,5,2027
67018545,67_67399_5136980,1422043,1S,9,B,5,5,2027
67018545,67_67399_5136980,1593920,1S,9,B,5,5,2027
67018545,67_67399_5136980,2076-42,1S,9,A,5,5,2027
67018545,67_67399_5136980,0915-50,1S,9,C,10,10,2027
67018545,67_67399_5136980,C917304-25,2S,9,B,5,5,2027
67018545,67_67399_5136980,1224-51,2S,9,A,5,5,2027
67018545,67_67399_5136980,1746835,2S,9,B,5,5,2027
67018546,67_67399_5136980,2593255,1S,9,B,5,5,2027
67018546,67_67399_5136980,729938,1S,9,C,5,5,2027
67018546,67_67399_5136980,C917305-24,1S,9,C,5,5,2027
67018546,67_67399_5136980,C713102-02,1S,9,A,5,5,2027
67018546,67_67399_5136980,5432-58,1S,9,B,5,5,2027
67018546,67_67399_5136980,7651-65,1S,9,C,10,10,2027
67018546,67_67399_5136980,C925402-09,1S,9,B,5,5,2027
67018546,67_67399_5136980,2076-52,1S,9,B,5,5,2027
67018546,67_67399_5136980,4579-53,1S,9,B,5,5,2027
67018546,67_67399_5136980,C920002-01,1S,9,B,10,10,2027
67018546,67_67399_5136980,1691471,1S,9,B,5,5,2027
67018546,67_67399_5136980,7791-20,2S,9,C,5,5,2027
67018546,67_67399_5136980,C910418-04,2S,9,A,5,5,2027
67018546,67_67399_5136980,C910201-12,2S,9,C,5,5,2027
67018547,67_67399_5136980,1790-07,1S,9,B,5,5,2027
67018547,67_67399_5136980,446874,1S,9,A,5,5,2027
67018547,67_67399_5136980,6215-54,1S,9,A,5,5,2027
67018547,67_67399_5136980,5819-23,1S,9,A,10,10,2027
67018547,67_67399_5136980,C910430-02,1S,9,B,5,5,2027
67018547,67_67399_5136980,C925402-04,1S,9,F,5,0,2027
67018547,67_67399_5136980,63951,1S,9,B,5,5,2027
67018547,67_67399_5136980,C913301-01,1S,9,B,5,5,2027
67018547,67_67399_5136980,1748569,1S,9,C,5,5,2027
67018547,67_67399_5136980,1414860,1S,9,A,10,10,2027
67018547,67_67399_5136980,0218-02,1S,9,B,10,10,2027
67018547,67_67399_5136980,1790-20,2S,9,A,5,5,2027
67018547,67_67399_5136980,1254-13,2S,9,C,5,5,2027
67018547,67_67399_5136980,C910418-06,2S,9,C,5,5,2027
67018548,67_67399_5136980,1790-10,1S,9,B,5,5,2027
67018548,67_67399_5136980,446206,1S,9,B,5,5,2027
67018548,67_67399_5136980,5432-65,1S,9,B,5,5,2027
67018548,67_67399_5136980,1431538,1S,9,A,10,10,2027
67018548,67_67399_5136980,C925401-08,1S,9,A,5,5,2027
67018548,67_67399_5136980,2076-68,1S,9,A,5,5,2027
67018548,67_67399_5136980,3898-55,1S,9,B,5,5,2027
67018548,67_67399_5136980,6682-15,1S,9,C,5,5,2027
67018548,67_67399_5136980,C910416-56,1S,9,B,5,5,2027
67018548,67_67399_5136980,C853001-03,1S,9,B,5,5,2027
67018548,67_67399_5136980,5693-33,1S,9,B,5,5,2027
67018548,67_67399_5136980,C917304-17,2S,9,A,5,5,2027
67018548,67_67399_5136980,1883-04,2S,9,A,5,5,2027
67018548,67_67399_5136980,1746988,2S,9,C,5,5,2027
67018549,67_67399_5136980,1883-04,1S,9,B,5,5,2027
67018549,67_67399_5136980,2098411,1S,9,B,10,10,2027
67018549,67_67399_5136980,1494543,1S,9,A,5,5,2027
67018549,67_67399_5136980,C934002-05,1S,9,B,5,5,2027
67018549,67_67399_5136980,1577880,1S,9,B,5,5,2027
67018549,67_67399_5136980,9814-13,1S,9,A,5,5,2027
67018549,67_67399_5136980,2272572,1S,9,C,5,5,2027
67018549,67_67399_5136980,4578-52,1S,9,A,5,5,2027
67018549,67_67399_5136980,0915-04,1S,9,C,10,10,2027
67018549,67_67399_5136980,2076-61,1S,9,B,5,5,2027
67018549,67_67399_5136980,C9104008-01,1S,9,C,5,5,2027
67018549,67_67399_5136980,4579-52,2S,9,B,5,5,2027
67018549,67_67399_5136980,0215-03,2S,9,C,10,10,2027
67018549,67_67399_5136980,05693-2310,2S,9,A,5,5,2027
67018549,67_67399_5136980,1494268,2S,9,C,5,5,2027
67018550,67_67399_5136980,C910802-03,1S,9,B,5,5,2027
67018550,67_67399_5136980,2281397,1S,9,B,10,10,2027
67018550,67_67399_5136980,2075-54,1S,9,A,5,5,2027
67018550,67_67399_5136980,2890774,1S,9,A,5,5,2027
67018550,67_67399_5136980,5819-22,1S,9,B,10,10,2027
67018550,67_67399_5136980,6215-59,1S,9,A,5,5,2027
67018550,67_67399_5136980,446206,1S,9,C,5,5,2027
67018550,67_67399_5136980,1790-10,1S,9,A,5,5,2027
67018550,67_67399_5136980,C922704-01,1S,9,C,10,10,2027
67018550,67_67399_5136980,1093294,1S,9,C,10,10,2027
67018550,67_67399_5136980,C922712-01,1S,9,B,10,10,2027
67018550,67_67399_5136980,C910202-01,2S,9,B,5,5,2027
67018550,67_67399_5136980,24198,2S,9,A,5,5,2027
67018550,67_67399_5136980,C906201-02,2S,9,B,5,5,2027
67018551,67_67399_5136980,C922701-01,1S,9,A,10,10,2027
67018551,67_67399_5136980,1494818,1S,9,C,5,5,2027
67018551,67_67399_5136980,446844,1S,9,A,5,5,2027
67018551,67_67399_5136980,1578215,1S,9,B,5,5,2027
67018551,67_67399_5136980,5819-23,1S,9,B,10,10,2027
67018551,67_67399_5136980,2891139,1S,9,A,5,5,2027
67018551,67_67399_5136980,0062-51,1S,9,B,5,5,2027
67018551,67_67399_5136980,C900001-01,1S,9,B,5,5,2027
67018551,67_67399_5136980,1280-56,1S,9,B,5,5,2027
67018551,67_67399_5136980,C910417-02,1S,9,B,5,5,2027
67018551,67_67399_5136980,1693297,1S,9,A,5,5,2027
67018551,67_67399_5136980,C923203-01,2S,9,B,5,5,2027
67018551,67_67399_5136980,C922001-53,2S,9,A,5,5,2027
67018551,67_67399_5136980,C910204-01,2S,9,A,5,5,2027
67018551,67_67399_5136980,C923204-02,2S,9,A,5,5,2027
67018552,67_67399_5136980,1284-02,1S,9,B,5,5,2027
67018552,67_67399_5136980,206030,1S,9,D,5,5,2027
67018552,67_67399_5136980,9815-50,1S,9,C,5,5,2027
67018552,67_67399_5136980,217412,1S,9,D,10,10,2027
67018552,67_67399_5136980,3038-54,1S,9,B,5,5,2027
67018552,67_67399_5136980,3121-15,1S,9,C,5,5,2027
67018552,67_67399_5136980,2676073,1S,9,B,5,5,2027
67018552,67_67399_5136980,2293756,1S,9,C,5,5,2027
67018552,67_67399_5136980,105070,1S,9,A,10,10,2027
67018552,67_67399_5136980,9104016-22,1S,9,C,5,5,2027
67018552,67_67399_5136980,2076-52,1S,9,D,5,5,2027
67018552,67_67399_5136980,1421892,2S,9,B,5,5,2027
67018552,67_67399_5136980,5991-15,2S,9,A,5,5,2027
67018552,67_67399_5136980,1284-04,2S,9,A,5,5,2027
67018552,67_67399_5136980,C910400803,2S,9,A,5,5,2027
67018553,67_67399_5136980,2274732,1S,9,B,5,5,2027
67018553,67_67399_5136980,C922705-02,1S,9,B,10,10,2027
67018553,67_67399_5136980,05693-3310,1S,9,B,5,5,2027
67018553,67_67399_5136980,1790-09,1S,9,A,5,5,2027
67018553,67_67399_5136980,446053,1S,9,C,5,5,2027
67018553,67_67399_5136980,1577940,1S,9,A,5,5,2027
67018553,67_67399_5136980,7651-77,1S,9,B,10,10,2027
67018553,67_67399_5136980,98039,1S,9,B,5,5,2027
67018553,67_67399_5136980,2076-62,1S,9,B,5,5,2027
67018553,67_67399_5136980,108174,1S,9,B,5,5,2027
67018553,67_67399_5136980,4578-52,1S,9,C,5,5,2027
67018553,67_67399_5136980,C920005-02,2S,9,A,10,10,2027
67018553,67_67399_5136980,1790-13,2S,9,A,5,5,2027
67018553,67_67399_5136980,7708-64,2S,9,B,5,5,2027
67018554,67_67399_5136980,9104016-33,1S,9,B,5,5,2027
67018554,67_67399_5136980,389382,1S,9,A,10,10,2027
67018554,67_67399_5136980,C910415-55,1S,9,A,5,5,2027
67018554,67_67399_5136980,2675950,1S,9,F,5,0,2027
67018554,67_67399_5136980,C934001-07,1S,9,D,5,5,2027
67018554,67_67399_5136980,C7171002-02,1S,9,A,5,5,2027
67018554,67_67399_5136980,217473,1S,9,B,10,10,2027
67018554,67_67399_5136980,C924507-01,1S,9,B,5,5,2027
67018554,67_67399_5136980,2075-52,1S,9,A,5,5,2027
67018554,67_67399_5136980,655733,1S,9,A,10,10,2027
67018554,67_67399_5136980,C910203-17,1S,9,A,5,5,2027
67018554,67_67399_5136980,2294181,2S,9,B,5,5,2027
67018554,67_67399_5136980,5693-31,2S,9,A,5,5,2027
67018554,67_67399_5136980,C910203-05,2S,9,C,5,5,2027
67018555,67_67399_5136980,C910201-18,1S,9,A,5,5,2027
67018555,67_67399_5136980,C795202-01,1S,9,C,5,5,2027
67018555,67_67399_5136980,0915-51,1S,9,C,10,10,2027
67018555,67_67399_5136980,2076-55,1S,9,A,5,5,2027
67018555,67_67399_5136980,C924507-01,1S,9,B,5,5,2027
67018555,67_67399_5136980,1409624,1S,9,C,10,10,2027
67018555,67_67399_5136980,623137,1S,9,A,5,5,2027
67018555,67_67399_5136980,C934002-09,1S,9,A,5,5,2027
67018555,67_67399_5136980,1494818,1S,9,B,5,5,2027
67018555,67_67399_5136980,1464624,1S,9,B,10,10,2027
67018555,67_67399_5136980,C920005-02,1S,9,C,10,10,2027
67018555,67_67399_5136980,C910203-03,2S,9,A,5,5,2027
67018555,67_67399_5136980,1710-07,2S,9,B,5,5,2027
67018555,67_67399_5136980,1392672,2S,9,C,5,5,2027
67018555,67_67399_5136980,1850-01,2S,9,B,5,5,2027
67018556,67_67399_5136980,445963,1S,9,C,5,5,2027
67018556,67_67399_5136980,C910430-01,1S,9,C,5,5,2027
67018556,67_67399_5136980,9226-19,1S,9,A,5,5,2027
67018556,67_67399_5136980,1414587,1S,9,B,10,10,2027
67018556,67_67399_5136980,5432-56,1S,9,A,5,5,2027
67018556,67_67399_5136980,5819-29,1S,9,C,10,10,2027
67018556,67_67399_5136980,1882-01,1S,9,A,5,5,2027
67018556,67_67399_5136980,2076-50,1S,9,D,5,5,2027
67018556,67_67399_5136980,1520627,1S,9,A,10,10,2027
67018556,67_67399_5136980,C910201-05,1S,9,B,5,5,2027
67018556,67_67399_5136980,0215-05,1S,9,B,10,10,2027
67018556,67_67399_5136980,C917304-06,2S,9,C,5,5,2027
67018556,67_67399_5136980,1746804,2S,9,B,5,5,2027
67018556,67_67399_5136980,005693-534,2S,9,B,5,5,2027
67018557,67_67399_5136980,2675920,1S,9,A,5,5,2027
67018557,67_67399_5136980,446752,1S,9,B,5,5,2027
67018557,67_67399_5136980,1577970,1S,9,C,5,5,2027
67018557,67_67399_5136980,217381,1S,9,A,10,10,2027
67018557,67_67399_5136980,C925402-07,1S,9,A,5,5,2027
67018557,67_67399_5136980,2075-31,1S,9,B,5,5,2027
67018557,67_67399_5136980,1520597,1S,9,A,10,10,2027
67018557,67_67399_5136980,C910202-09,1S,9,B,5,5,2027
67018557,67_67399_5136980,005693-236,1S,9,A,5,5,2027
67018557,67_67399_5136980,105039,1S,9,B,10,10,2027
67018557,67_67399_5136980,C9104007-11,1S,9,C,5,5,2027
67018557,67_67399_5136980,5992-14,2S,9,C,5,5,2027
67018557,67_67399_5136980,2356546,2S,9,C,10,10,2027
67018557,67_67399_5136980,1464714,2S,9,B,10,10,2027
67018558,67_67399_5136980,1691440,1S,9,B,5,5,2027
67018558,67_67399_5136980,1747230,1S,9,A,5,5,2027
67018558,67_67399_5136980,2281488,1S,9,C,10,10,2027
67018558,67_67399_5136980,2075-64,1S,9,A,5,5,2027
67018558,67_67399_5136980,2890621,1S,9,A,5,5,2027
67018558,67_67399_5136980,217473,1S,9,A,10,10,2027
67018558,67_67399_5136980,3064-50,1S,9,B,5,5,2027
67018558,67_67399_5136980,448519,1S,9,A,5,5,2027
67018558,67_67399_5136980,C917304-06,1S,9,B,5,5,2027
67018558,67_67399_5136980,C930302-02,1S,9,B,10,10,2027
67018558,67_67399_5136980,C922002-51,1S,9,B,5,5,2027
67018558,67_67399_5136980,7708-64,2S,9,C,5,5,2027
67018558,67_67399_5136980,1710-14,2S,9,A,5,5,2027
67018558,67_67399_5136980,C922005-01,2S,9,A,5,5,2027
67018558,67_67399_5136980,C910400701,2S,9,B,5,5,2027
67018559,67_67399_5136980,9814-22,1S,9,C,5,5,2027
67018559,67_67399_5136980,1431387,1S,9,D,10,10,2027
67018559,67_67399_5136980,C7171002-01,1S,9,C,5,5,2027
67018559,67_67399_5136980,446297,1S,9,F,5,0,2027
67018559,67_67399_5136980,C917304-14,1S,9,F,5,0,2027
67018559,67_67399_5136980,C910418-09,1S,9,B,5,5,2027
67018559,67_67399_5136980,2075-55,1S,9,A,5,5,2027
67018559,67_67399_5136980,0215-07,1S,9,B,10,10,2027
67018559,67_67399_5136980,1414921,1S,9,B,10,10,2027
67018559,67_67399_5136980,1254-04,1S,9,B,5,5,2027
67018559,67_67399_5136980,C913002-52,1S,9,C,5,5,2027
67018559,67_67399_5136980,1224-52,2S,9,A,5,5,2027
67018559,67_67399_5136980,C922002-50,2S,9,A,5,5,2027
67018559,67_67399_5136980,C910201-18,2S,9,B,5,5,2027
67018560,67_67399_5136980,7702-50,1S,9,F,5,0,2027
67018560,67_67399_5136980,0915-69,1S,9,A,10,10,2027
67018560,67_67399_5136980,0061-50,1S,9,D,5,5,2027
67018560,67_67399_5136980,2890955,1S,9,B,5,5,2027
67018560,67_67399_5136980,1409624,1S,9,D,10,10,2027
67018560,67_67399_5136980,1290129,1S,9,A,5,5,2027
67018560,67_67399_5136980,446083,1S,9,A,5,5,2027
67018560,67_67399_5136980,C917305-24,1S,9,B,5,5,2027
67018560,67_67399_5136980,1883-09,1S,9,F,5,0,2027
67018560,67_67399_5136980,2348631,1S,9,A,10,10,2027
67018560,67_67399_5136980,2675769,2S,9,C,5,5,2027
67018560,67_67399_5136980,1883-10,2S,9,D,5,5,2027
67018561,67_67399_5136980,2075-67,1S,9,A,5,5,2027
67018561,67_67399_5136980,005693--33,1S,9,B,5,5,2027
67018561,67_67399_5136980,C925402-06,1S,9,C,5,5,2027
67018561,67_67399_5136980,105039,1S,9,B,10,10,2027
67018561,67_67399_5136980,5819-30,1S,9,A,10,10,2027
67018561,67_67399_5136980,4792-51,1S,9,A,5,5,2027
67018561,67_67399_5136980,1576054,1S,9,A,5,5,2027
67018561,67_67399_5136980,C910201-15,1S,9,B,5,5,2027
67018561,67_67399_5136980,C9104006-03,1S,9,B,5,5,2027
67018561,67_67399_5136980,C934002-01,1S,9,B,5,5,2027
67018561,67_67399_5136980,C917305-06,1S,9,B,5,5,2027
67018561,67_67399_5136980,5980-58,2S,9,B,10,10,2027
67018561,67_67399_5136980,1254-16,2S,9,B,5,5,2027
67018561,67_67399_5136980,1790-08,2S,9,B,5,5,2027
67018562,67_67399_5136980,5819-28,1S,9,C,10,10,2027
67018562,67_67399_5136980,3898-55,1S,9,A,5,5,2027
67018562,67_67399_5136980,1746957,1S,9,A,5,5,2027
67018562,67_67399_5136980,2075-58,1S,9,A,5,5,2027
67018562,67_67399_5136980,9815-20,1S,9,B,5,5,2027
67018562,67_67399_5136980,1290159,1S,9,B,5,5,2027
67018562,67_67399_5136980,645386,1S,9,B,5,5,2027
67018562,67_67399_5136980,2151858,1S,9,A,5,5,2027
67018562,67_67399_5136980,2350031,1S,9,A,10,10,2027
67018562,67_67399_5136980,C910418-09,1S,9,C,5,5,2027
67018562,67_67399_5136980,1392703,1S,9,D,5,5,2027
67018562,67_67399_5136980,5693-31,2S,9,F,5,0,2027
67018562,67_67399_5136980,1592884,2S,9,A,5,5,2027
67018562,67_67399_5136980,C917305-23,2S,9,B,5,5,2027
67018563,67_67399_5136980,C9104009-50,1S,9,B,5,5,2027
67018563,67_67399_5136980,7791-21,1S,9,B,5,5,2027
67018563,67_67399_5136980,C922204-50,1S,9,A,5,5,2027
67018563,67_67399_5136980,102301,1S,9,C,10,10,2027
67018563,67_67399_5136980,C910802-02,1S,9,B,5,5,2027
67018563,67_67399_5136980,0061-51,1S,9,A,5,5,2027
67018563,67_67399_5136980,C922402-01,1S,9,A,5,5,2027
67018563,67_67399_5136980,446997,1S,9,A,5,5,2027
67018563,67_67399_5136980,1290129,1S,9,B,5,5,2027
67018563,67_67399_5136980,1431630,1S,9,C,10,10,2027
67018563,67_67399_5136980,57346,1S,9,B,5,5,2027
67018563,67_67399_5136980,980710,2S,9,A,5,5,2027
67018563,67_67399_5136980,1206794,2S,9,C,10,10,2027
67018563,67_67399_5136980,1458416,2S,9,B,5,5,2027
67018563,67_67399_5136980,1790-20,2S,9,B,5,5,2027
67018564,67_67399_5136980,240728,1S,9,C,5,5,2027
67018564,67_67399_5136980,5693-31,1S,9,C,5,5,2027
67018564,67_67399_5136980,2151919,1S,9,A,5,5,2027
67018564,67_67399_5136980,C713102-03,1S,9,C,5,5,2027
67018564,67_67399_5136980,623137,1S,9,A,5,5,2027
67018564,67_67399_5136980,7651-61,1S,9,A,10,10,2027
67018564,67_67399_5136980,111460,1S,9,A,5,5,2027
67018564,67_67399_5136980,2076-50,1S,9,B,5,5,2027
67018564,67_67399_5136980,3899-55,1S,9,A,5,5,2027
67018564,67_67399_5136980,1746896,1S,9,B,5,5,2027
67018564,67_67399_5136980,C820001-01,1S,9,B,5,5,2027
67018564,67_67399_5136980,0215-02,2S,9,B,10,10,2027
67018564,67_67399_5136980,5793-32,2S,9,A,5,5,2027
67018564,67_67399_5136980,C917305-28,2S,9,C,5,5,2027
67018564,67_67399_5136980,1280-53,2S,9,A,5,5,2027
67018565,67_67399_5136980,994192,1S,9,C,5,5,2027
67018565,67_67399_5136980,C9104008-03,1S,9,A,5,5,2027
67018565,67_67399_5136980,1385427,1S,9,B,5,5,2027
67018565,67_67399_5136980,1691836,1S,9,A,5,5,2027
67018565,67_67399_5136980,1286-04,1S,9,B,5,5,2027
67018565,67_67399_5136980,4793-50,1S,9,B,5,5,2027
67018565,67_67399_5136980,2075-54,1S,9,C,5,5,2027
67018565,67_67399_5136980,9814-15,1S,9,D,5,5,2027
67018565,67_67399_5136980,217381,1S,9,D,10,10,2027
67018565,67_67399_5136980,3038-51,1S,9,D,5,5,2027
67018565,67_67399_5136980,C917305-09,1S,9,C,5,5,2027
67018565,67_67399_5136980,C922806-01,2S,9,A,5,5,2027
67018565,67_67399_5136980,C910415-55,2S,9,A,5,5,2027
67018565,67_67399_5136980,1254-20,2S,9,A,5,5,2027
67018565,67_67399_5136980,1494360,2S,9,A,5,5,2027
67018566,67_67399_5136980,6683-14,1S,9,A,5,5,2027
67018566,67_67399_5136980,C900001-51,1S,9,A,5,5,2027
67018566,67_67399_5136980,2076-57,1S,9,A,5,5,2027
67018566,67_67399_5136980,C925401-07,1S,9,B,5,5,2027
67018566,67_67399_5136980,7641-57,1S,9,B,10,10,2027
67018566,67_67399_5136980,3038-54,1S,9,A,5,5,2027
67018566,67_67399_5136980,446175,1S,9,B,5,5,2027
67018566,67_67399_5136980,27760,1S,9,B,5,5,2027
67018566,67_67399_5136980,240728,1S,9,B,5,5,2027
67018566,67_67399_5136980,2294272,1S,9,A,5,5,2027
67018566,67_67399_5136980,105039,1S,9,B,10,10,2027
67018566,67_67399_5136980,5992-20,2S,9,A,5,5,2027
67018566,67_67399_5136980,C922703-01,2S,9,A,10,10,2027
67018566,67_67399_5136980,2293756,2S,9,A,5,5,2027
67018566,67_67399_5136980,4578-54,2S,9,C,5,5,2027
67018567,67_67399_5136980,C910204-12,1S,9,A,5,5,2027
67018567,67_67399_5136980,3898-56,1S,9,B,5,5,2027
67018567,67_67399_5136980,0062-52,1S,9,A,5,5,2027
67018567,67_67399_5136980,596594,1S,9,A,5,5,2027
67018567,67_67399_5136980,7651-62,1S,9,C,10,10,2027
67018567,67_67399_5136980,3064-53,1S,9,C,5,5,2027
67018567,67_67399_5136980,3123-16,1S,9,A,5,5,2027
67018567,67_67399_5136980,C917305-17,1S,9,A,5,5,2027
67018567,67_67399_5136980,0218-01,1S,9,A,10,10,2027
67018567,67_67399_5136980,C9104009-03,1S,9,A,5,5,2027
67018567,67_67399_5136980,C8421003-52,1S,9,B,15,15,2027
67018567,67_67399_5136980,C917304-16,2S,9,B,5,5,2027
67018567,67_67399_5136980,2293756,2S,9,A,5,5,2027
67018567,67_67399_5136980,1748418,2S,9,A,5,5,2027
67018568,67_67399_5136980,2075-62,1S,9,B,5,5,2027
67018568,67_67399_5136980,596443,1S,9,B,5,5,2027
67018568,67_67399_5136980,7651-70,1S,9,B,10,10,2027
67018568,67_67399_5136980,C910204-07,1S,9,C,5,5,2027
67018568,67_67399_5136980,3899-55,1S,9,B,5,5,2027
67018568,67_67399_5136980,5432-57,1S,9,A,5,5,2027
67018568,67_67399_5136980,446966,1S,9,B,5,5,2027
67018568,67_67399_5136980,7791-17,1S,9,A,5,5,2027
67018568,67_67399_5136980,5793-33,1S,9,A,5,5,2027
67018568,67_67399_5136980,C910418-08,1S,9,B,5,5,2027
67018568,67_67399_5136980,101691,1S,9,B,10,10,2027
67018568,67_67399_5136980,7702-58,2S,9,A,5,5,2027
67018568,67_67399_5136980,5992-13,2S,9,B,5,5,2027
67018568,67_67399_5136980,C910418-07,2S,9,A,5,5,2027
67018568,67_67399_5136980,1392731,2S,9,A,5,5,2027
67018569,67_67399_5136980,3068-52,1S,9,A,5,5,2027
67018569,67_67399_5136980,2099051,1S,9,C,10,10,2027
67018569,67_67399_5136980,1276-53,1S,9,B,5,5,2027
67018569,67_67399_5136980,9295002-52,1S,9,C,5,5,2027
67018569,67_67399_5136980,0061-53,1S,9,A,5,5,2027
67018569,67_67399_5136980,C924507-01,1S,9,C,5,5,2027
67018569,67_67399_5136980,2273302,1S,9,B,5,5,2027
67018569,67_67399_5136980,5910-022,1S,9,C,10,10,2027
67018569,67_67399_5136980,C920003-01,1S,9,A,10,10,2027
67018569,67_67399_5136980,1710-41,1S,9,B,5,5,2027
67018569,67_67399_5136980,C934001-01,1S,9,B,5,5,2027
67018569,67_67399_5136980,8364-50,2S,9,B,10,10,2027
67018569,67_67399_5136980,298464,2S,9,A,10,10,2027
67018569,67_67399_5136980,C922703-02,2S,9,B,10,10,2027
67018569,67_67399_5136980,5991-20,2S,9,C,5,5,2027
67018570,67_67399_5136980,1385368,1S,9,B,5,5,2027
67018570,67_67399_5136980,C910417-05,1S,9,B,5,5,2027
67018570,67_67399_5136980,645751,1S,9,A,10,10,2027
67018570,67_67399_5136980,1726-02,1S,9,A,5,5,2027
67018570,67_67399_5136980,C713102-02,1S,9,C,5,5,2027
67018570,67_67399_5136980,1290098,1S,9,C,5,5,2027
67018570,67_67399_5136980,7651-70,1S,9,A,10,10,2027
67018570,67_67399_5136980,2890712,1S,9,C,5,5,2027
67018570,67_67399_5136980,0061-54,1S,9,C,5,5,2027
67018570,67_67399_5136980,2281550,1S,9,C,10,10,2027
67018570,67_67399_5136980,7702-59,1S,9,B,5,5,2027
67018570,67_67399_5136980,1458567,2S,9,A,5,5,2027
67018570,67_67399_5136980,C910415-55,2S,9,C,5,5,2027
67018570,67_67399_5136980,24108,2S,9,B,5,5,2027
67018570,67_67399_5136980,1593920,2S,9,A,5,5,2027
67018571,67_67399_5136980,1790-51,1S,9,A,5,5,2027
67018571,67_67399_5136980,3121-41,1S,9,B,5,5,2027
67018571,67_67399_5136980,5432-54,1S,9,B,5,5,2027
67018571,67_67399_5136980,2097621,1S,9,A,10,10,2027
67018571,67_67399_5136980,C924502-02,1S,9,C,5,5,2027
67018571,67_67399_5136980,2076-60,1S,9,C,5,5,2027
67018571,67_67399_5136980,Dec-97,1S,9,C,5,5,2027
67018571,67_67399_5136980,1276-51,1S,9,A,5,5,2027
67018571,67_67399_5136980,1883-10,1S,9,A,5,5,2027
67018571,67_67399_5136980,C910417-04,1S,9,A,5,5,2027
67018571,67_67399_5136980,101752,1S,9,C,10,10,2027
67018571,67_67399_5136980,1790-17,2S,9,B,5,5,2027
67018571,67_67399_5136980,C910201-09,2S,9,A,5,5,2027
67018571,67_67399_5136980,C910418-11,2S,9,C,5,5,2027
67018571,67_67399_5136980,005693-436,2S,9,B,5,5,2027
67018572,67_67399_5136980,C910415-50,1S,9,A,5,5,2027
67018572,67_67399_5136980,101660,1S,9,B,10,10,2027
67018572,67_67399_5136980,4579-50,1S,9,A,5,5,2027
67018572,67_67399_5136980,729482,1S,9,C,5,5,2027
67018572,67_67399_5136980,2075-59,1S,9,A,5,5,2027
67018572,67_67399_5136980,2890743,1S,9,D,5,5,2027
67018572,67_67399_5136980,7641-51,1S,9,C,10,10,2027
67018572,67_67399_5136980,5432-50,1S,9,B,5,5,2027
67018572,67_67399_5136980,3123-17,1S,9,B,5,5,2027
67018572,67_67399_5136980,1494574,1S,9,B,5,5,2027
67018572,67_67399_5136980,C922005-02,1S,9,A,5,5,2027
67018572,67_67399_5136980,1710-22,2S,9,A,5,5,2027
67018572,67_67399_5136980,9000-51,2S,9,C,5,5,2027
67018572,67_67399_5136980,1883-01,2S,9,A,5,5,2027
67018572,67_67399_5136980,1254-21,2S,9,A,5,5,2027
67018573,67_67399_5136980,C713102-02,1S,9,C,5,5,2027
67018573,67_67399_5136980,1790-19,1S,9,A,5,5,2027
67018573,67_67399_5136980,C910416-51,1S,9,C,5,5,2027
67018573,67_67399_5136980,0218-05,1S,9,A,10,10,2027
67018573,67_67399_5136980,1431691,1S,9,C,10,10,2027
67018573,67_67399_5136980,9814-24,1S,9,A,5,5,2027
67018573,67_67399_5136980,2075-63,1S,9,A,5,5,2027
67018573,67_67399_5136980,3064-50,1S,9,D,5,5,2027
67018573,67_67399_5136980,1022316,1S,9,B,10,10,2027
67018573,67_67399_5136980,1748661,1S,9,D,5,5,2027
67018573,67_67399_5136980,C700001-51,1S,9,D,5,5,2027
67018573,67_67399_5136980,27395,2S,9,B,5,5,2027
67018573,67_67399_5136980,C920004-02,2S,9,B,10,10,2027
67018573,67_67399_5136980,C910415-54,2S,9,A,5,5,2027
67018574,67_67399_5136980,7651-77,1S,9,B,10,10,2027
67018574,67_67399_5136980,1254-07,1S,9,B,5,5,2027
67018574,67_67399_5136980,Dec-97,1S,9,A,5,5,2027
67018574,67_67399_5136980,64437,1S,9,B,5,5,2027
67018574,67_67399_5136980,2890955,1S,9,B,5,5,2027
67018574,67_67399_5136980,C932202-03,1S,9,A,5,5,2027
67018574,67_67399_5136980,993827,1S,9,A,5,5,2027
67018574,67_67399_5136980,C917304-16,1S,9,B,5,5,2027
67018574,67_67399_5136980,0215-02,1S,9,B,10,10,2027
67018574,67_67399_5136980,C920002-01,1S,9,B,10,10,2027
67018574,67_67399_5136980,2348601,1S,9,A,10,10,2027
67018574,67_67399_5136980,5991-18,2S,9,A,5,5,2027
67018574,67_67399_5136980,C9104007-03,2S,9,C,5,5,2027
67018574,67_67399_5136980,C910201-12,2S,9,C,5,5,2027
67018575,67_67399_5136980,645751,1S,9,A,10,10,2027
67018575,67_67399_5136980,C910202-05,1S,9,B,5,5,2027
67018575,67_67399_5136980,729086,1S,9,B,5,5,2027
67018575,67_67399_5136980,2076-59,1S,9,A,5,5,2027
67018575,67_67399_5136980,2057-14,1S,9,B,5,5,2027
67018575,67_67399_5136980,5819-23,1S,9,A,10,10,2027
67018575,67_67399_5136980,5432-52,1S,9,B,5,5,2027
67018575,67_67399_5136980,725433,1S,9,A,5,5,2027
67018575,67_67399_5136980,C917304-21,1S,9,B,5,5,2027
67018575,67_67399_5136980,C922003-01,1S,9,C,5,5,2027
67018575,67_67399_5136980,1883-10,1S,9,A,5,5,2027
67018575,67_67399_5136980,1288-05,2S,9,C,5,5,2027
67018575,67_67399_5136980,1790-18,2S,9,A,5,5,2027
67018575,67_67399_5136980,1883-03,2S,9,A,5,5,2027
67018576,67_67399_5136980,C910417-07,1S,9,C,5,5,2027
67018576,67_67399_5136980,9226-41,1S,9,C,5,5,2027
67018576,67_67399_5136980,446693,1S,9,B,5,5,2027
67018576,67_67399_5136980,1579370,1S,9,B,5,5,2027
67018576,67_67399_5136980,7651-60,1S,9,A,10,10,2027
67018576,67_67399_5136980,9814-18,1S,9,B,5,5,2027
67018576,67_67399_5136980,2075-64,1S,9,A,5,5,2027
67018576,67_67399_5136980,1918286,1S,9,A,10,10,2027
67018576,67_67399_5136980,C910201-16,1S,9,A,5,5,2027
67018576,67_67399_5136980,9104016-32,1S,9,C,5,5,2027
67018576,67_67399_5136980,C820002-01,1S,9,C,5,5,2027
67018576,67_67399_5136980,2151736,2S,9,A,5,5,2027
67018576,67_67399_5136980,2360929,2S,9,B,10,10,2027
67018576,67_67399_5136980,1224-51,2S,9,A,5,5,2027
67018577,67_67399_5136980,May-53,1S,9,C,5,5,2027
67018577,67_67399_5136980,C9104009-05,1S,9,B,5,5,2027
67018577,67_67399_5136980,C9104007-13,1S,9,A,5,5,2027
67018577,67_67399_5136980,1254-41,1S,9,C,5,5,2027
67018577,67_67399_5136980,5992-15,1S,9,A,5,5,2027
67018577,67_67399_5136980,C934001-07,1S,9,D,5,5,2027
67018577,67_67399_5136980,3037-51,1S,9,B,5,5,2027
67018577,67_67399_5136980,5819-13,1S,9,C,10,10,2027
67018577,67_67399_5136980,9815-34,1S,9,A,5,5,2027
67018577,67_67399_5136980,2075-52,1S,9,A,5,5,2027
67018577,67_67399_5136980,1918286,1S,9,A,10,10,2027
67018577,67_67399_5136980,240756,2S,9,A,5,5,2027
67018577,67_67399_5136980,C910602-50,2S,9,A,5,5,2027
67018577,67_67399_5136980,1768961,2S,9,B,5,5,2027
67018578,67_67399_5136980,1458447,1S,9,A,5,5,2027
67018578,67_67399_5136980,C8421003-32,1S,9,A,15,15,2027
67018578,67_67399_5136980,7651-58,1S,9,B,10,10,2027
67018578,67_67399_5136980,C9104006-04,1S,9,A,5,5,2027
67018578,67_67399_5136980,27760,1S,9,A,5,5,2027
67018578,67_67399_5136980,111401,1S,9,B,5,5,2027
67018578,67_67399_5136980,1746773,1S,9,C,5,5,2027
67018578,67_67399_5136980,2281397,1S,9,A,10,10,2027
67018578,67_67399_5136980,64010,1S,9,B,5,5,2027
67018578,67_67399_5136980,C932201-50,1S,9,B,5,5,2027
67018578,67_67399_5136980,3123-17,1S,9,A,5,5,2027
67018578,67_67399_5136980,C917303-02,2S,9,A,5,5,2027
67018578,67_67399_5136980,C922206-01,2S,9,A,5,5,2027
67018578,67_67399_5136980,9104016-23,2S,9,B,5,5,2027
67018578,67_67399_5136980,1746712,2S,9,A,5,5,2027
67018579,67_67399_5136980,C9104007-12,1S,9,C,5,5,2027
67018579,67_67399_5136980,C917305-06,1S,9,A,5,5,2027
67018579,67_67399_5136980,C934002-05,1S,9,B,5,5,2027
67018579,67_67399_5136980,3037-51,1S,9,C,5,5,2027
67018579,67_67399_5136980,2097710,1S,9,B,10,10,2027
67018579,67_67399_5136980,3533-17,1S,9,A,5,5,2027
67018579,67_67399_5136980,2076-64,1S,9,B,5,5,2027
67018579,67_67399_5136980,C717202-02,1S,9,B,5,5,2027
67018579,67_67399_5136980,1520750,1S,9,A,10,10,2027
67018579,67_67399_5136980,7708-52,1S,9,B,5,5,2027
67018579,67_67399_5136980,C910430-04,1S,9,B,5,5,2027
67018579,67_67399_5136980,C910415-50,2S,9,A,5,5,2027
67018579,67_67399_5136980,1494329,2S,9,B,5,5,2027
67018579,67_67399_5136980,4579-51,2S,9,B,5,5,2027
67018580,67_67399_5136980,1520507,1S,9,A,10,10,2027
67018580,67_67399_5136980,6215-65,1S,9,B,5,5,2027
67018580,67_67399_5136980,723913,1S,9,B,5,5,2027
67018580,67_67399_5136980,9226-13,1S,9,B,5,5,2027
67018580,67_67399_5136980,5980-58,1S,9,B,10,10,2027
67018580,67_67399_5136980,1883-10,1S,9,C,5,5,2027
67018580,67_67399_5136980,1747291,1S,9,B,5,5,2027
67018580,67_67399_5136980,1414646,1S,9,A,10,10,2027
67018580,67_67399_5136980,1409777,1S,9,C,10,10,2027
67018580,67_67399_5136980,596443,1S,9,B,5,5,2027
67018580,67_67399_5136980,2075-63,1S,9,B,5,5,2027
67018580,67_67399_5136980,2151705,2S,9,B,5,5,2027
67018580,67_67399_5136980,2593224,2S,9,C,5,5,2027
67018580,67_67399_5136980,4578-54,2S,9,B,5,5,2027
67018581,67_67399_5136980,1385549,1S,9,C,5,5,2027
67018581,67_67399_5136980,27454,1S,9,C,5,5,2027
67018581,67_67399_5136980,C934001-03,1S,9,C,5,5,2027
67018581,67_67399_5136980,3037-52,1S,9,A,5,5,2027
67018581,67_67399_5136980,C931602-04,1S,9,C,10,10,2027
67018581,67_67399_5136980,9814-51,1S,9,A,5,5,2027
67018581,67_67399_5136980,9104016-22,1S,9,B,5,5,2027
67018581,67_67399_5136980,2273271,1S,9,A,5,5,2027
67018581,67_67399_5136980,2076-57,1S,9,B,5,5,2027
67018581,67_67399_5136980,C913002-50,1S,9,A,5,5,2027
67018581,67_67399_5136980,1254-15,1S,9,C,5,5,2027
67018581,67_67399_5136980,298556,2S,9,A,10,10,2027
67018581,67_67399_5136980,C922002-53,2S,9,A,5,5,2027
67018581,67_67399_5136980,1256-01,2S,9,C,5,5,2027
67018581,67_67399_5136980,C917305-24,2S,9,A,5,5,2027
67018582,67_67399_5136980,C920006-02,1S,9,B,10,10,2027
67018582,67_67399_5136980,1747169,1S,9,B,5,5,2027
67018582,67_67399_5136980,C910430-02,1S,9,C,5,5,2027
67018582,67_67399_5136980,2350062,1S,9,F,10,0,2027
67018582,67_67399_5136980,23833,1S,9,B,5,5,2027
67018582,67_67399_5136980,2076-59,1S,9,A,5,5,2027
67018582,67_67399_5136980,C930301-01,1S,9,A,10,10,2027
67018582,67_67399_5136980,C934002-05,1S,9,B,5,5,2027
67018582,67_67399_5136980,2098380,1S,9,B,10,10,2027
67018582,67_67399_5136980,C924502-53,1S,9,C,5,5,2027
67018582,67_67399_5136980,6215-53,1S,9,A,5,5,2027
67018582,67_67399_5136980,9104016-12,2S,9,B,5,5,2027
67018582,67_67399_5136980,1728-03,2S,9,A,5,5,2027
67018582,67_67399_5136980,2099416,2S,9,B,5,5,2027
67018583,67_67399_5136980,5819-18,1S,9,D,10,10,2027
67018583,67_67399_5136980,1093174,1S,9,A,10,10,2027
67018583,67_67399_5136980,298525,1S,9,B,10,10,2027
67018583,67_67399_5136980,C9104009-02,1S,9,A,5,5,2027
67018583,67_67399_5136980,5991-13,1S,9,B,5,5,2027
67018583,67_67399_5136980,Apr-86,1S,9,A,5,5,2027
67018583,67_67399_5136980,3038-50,1S,9,D,5,5,2027
67018583,67_67399_5136980,9815-21,1S,9,A,5,5,2027
67018583,67_67399_5136980,2076-61,1S,9,B,5,5,2027
67018583,67_67399_5136980,729117,1S,9,B,5,5,2027
67018583,67_67399_5136980,7708-60,1S,9,A,5,5,2027
67018583,67_67399_5136980,C9104006-04,2S,9,B,5,5,2027
67018583,67_67399_5136980,1790-03,2S,9,A,5,5,2027
67018583,67_67399_5136980,1748661,2S,9,A,5,5,2027
67018584,67_67399_5136980,1254-03,1S,9,F,5,0,2027
67018584,67_67399_5136980,2275583,1S,9,A,10,10,2027
67018584,67_67399_5136980,0062-53,1S,9,C,5,5,2027
67018584,67_67399_5136980,2891108,1S,9,B,5,5,2027
67018584,67_67399_5136980,1693632,1S,9,F,5,0,2027
67018584,67_67399_5136980,05693-1311,1S,9,C,5,5,2027
67018584,67_67399_5136980,C910418-12,1S,9,A,5,5,2027
67018584,67_67399_5136980,5819-24,1S,9,C,10,10,2027
67018584,67_67399_5136980,6215-52,1S,9,D,5,5,2027
67018584,67_67399_5136980,3121-18,1S,9,C,5,5,2027
67018584,67_67399_5136980,2675981,1S,9,A,5,5,2027
67018584,67_67399_5136980,C9104006-04,2S,9,A,5,5,2027
67018584,67_67399_5136980,C917305-25,2S,9,A,5,5,2027
67018585,67_67399_5136980,1254-04,1S,9,A,5,5,2027
67018585,67_67399_5136980,C900002-52,1S,9,A,5,5,2027
67018585,67_67399_5136980,2076-65,1S,9,B,5,5,2027
67018585,67_67399_5136980,C925402-04,1S,9,C,5,5,2027
67018585,67_67399_5136980,1409624,1S,9,B,10,10,2027
67018585,67_67399_5136980,3038-54,1S,9,A,5,5,2027
67018585,67_67399_5136980,725464,1S,9,A,5,5,2027
67018585,67_67399_5136980,1710-52,1S,9,B,5,5,2027
67018585,67_67399_5136980,C9104007-13,1S,9,C,5,5,2027
67018585,67_67399_5136980,C910418-06,1S,9,A,5,5,2027
67018585,67_67399_5136980,644746,1S,9,C,10,10,2027
67018585,67_67399_5136980,1385519,2S,9,B,5,5,2027
67018585,67_67399_5136980,C910430-04,2S,9,B,5,5,2027
67018585,67_67399_5136980,2675859,2S,9,A,5,5,2027
67018585,67_67399_5136980,8697-18,2S,9,C,5,5,2027
67018586,67_67399_5136980,1385580,1S,9,A,5,5,2027
67018586,67_67399_5136980,1286-05,1S,9,C,5,5,2027
67018586,67_67399_5136980,1422073,1S,9,C,5,5,2027
67018586,67_67399_5136980,C8421003-52,1S,9,A,15,15,2027
67018586,67_67399_5136980,1494605,1S,9,B,5,5,2027
67018586,67_67399_5136980,3123-19,1S,9,A,5,5,2027
67018586,67_67399_5136980,3898-53,1S,9,B,5,5,2027
67018586,67_67399_5136980,64345,1S,9,B,5,5,2027
67018586,67_67399_5136980,596747,1S,9,A,5,5,2027
67018586,67_67399_5136980,216623,1S,9,B,10,10,2027
67018586,67_67399_5136980,6215-57,1S,9,A,5,5,2027
67018586,67_67399_5136980,9104015-31,2S,9,A,5,5,2027
67018586,67_67399_5136980,9226-13,2S,9,B,5,5,2027
67018586,67_67399_5136980,1288-05,2S,9,A,5,5,2027
67018586,67_67399_5136980,0215-08,2S,9,A,10,10,2027
67018587,67_67399_5136980,C924508-01,1S,9,B,5,5,2027
67018587,67_67399_5136980,7641-51,1S,9,B,10,10,2027
67018587,67_67399_5136980,1576023,1S,9,A,5,5,2027
67018587,67_67399_5136980,2076-57,1S,9,C,5,5,2027
67018587,67_67399_5136980,3123-13,1S,9,A,5,5,2027
67018587,67_67399_5136980,23774,1S,9,C,5,5,2027
67018587,67_67399_5136980,C910417-05,1S,9,C,5,5,2027
67018587,67_67399_5136980,1520750,1S,9,B,10,10,2027
67018587,67_67399_5136980,C910501-50,1S,9,B,5,5,2027
67018587,67_67399_5136980,C910429-02,1S,9,B,5,5,2027
67018587,67_67399_5136980,May-52,1S,9,B,5,5,2027
67018587,67_67399_5136980,C917304-12,2S,9,A,5,5,2027
67018587,67_67399_5136980,5980-54,2S,9,A,10,10,2027
67018587,67_67399_5136980,1593586,2S,9,B,5,5,2027
67018588,67_67399_5136980,C8421003-52,1S,9,A,15,15,2027
67018588,67_67399_5136980,C910202-09,1S,9,B,5,5,2027
67018588,67_67399_5136980,774682,1S,9,A,5,5,2027
67018588,67_67399_5136980,2076-50,1S,9,B,5,5,2027
67018588,67_67399_5136980,9814-25,1S,9,B,5,5,2027
67018588,67_67399_5136980,5819-14,1S,9,C,10,10,2027
67018588,67_67399_5136980,6215-56,1S,9,B,5,5,2027
67018588,67_67399_5136980,993827,1S,9,A,5,5,2027
67018588,67_67399_5136980,1710-19,1S,9,C,5,5,2027
67018588,67_67399_5136980,C910430-50,1S,9,B,5,5,2027
67018588,67_67399_5136980,0215-08,1S,9,A,10,10,2027
67018588,67_67399_5136980,C910201-04,2S,9,B,5,5,2027
67018588,67_67399_5136980,24139,2S,9,B,5,5,2027
67018588,67_67399_5136980,C922805-01,2S,9,A,5,5,2027
67018588,67_67399_5136980,C910429-03,2S,9,C,5,5,2027
67018589,67_67399_5136980,7651-57,1S,9,A,10,10,2027
67018589,67_67399_5136980,6215-52,1S,9,B,5,5,2027
67018589,67_67399_5136980,993827,1S,9,C,5,5,2027
67018589,67_67399_5136980,1710-21,1S,9,A,5,5,2027
67018589,67_67399_5136980,C924502-53,1S,9,B,5,5,2027
67018589,67_67399_5136980,C920004-01,1S,9,B,10,10,2027
67018589,67_67399_5136980,2076-50,1S,9,C,5,5,2027
67018589,67_67399_5136980,0915-52,1S,9,C,10,10,2027
67018589,67_67399_5136980,1746651,1S,9,C,5,5,2027
67018589,67_67399_5136980,C906201-01,1S,9,C,5,5,2027
67018589,67_67399_5136980,2348570,1S,9,A,10,10,2027
67018589,67_67399_5136980,1494268,2S,9,B,5,5,2027
67018589,67_67399_5136980,C910201-07,2S,9,C,5,5,2027
67018589,67_67399_5136980,C922203-51,2S,9,A,5,5,2027
67018589,67_67399_5136980,5693-13,2S,9,C,5,5,2027
67018590,67_67399_5136980,7702-63,1S,9,D,5,5,2027
67018590,67_67399_5136980,C795201-01,1S,9,A,5,5,2027
67018590,67_67399_5136980,005693-537,1S,9,A,5,5,2027
67018590,67_67399_5136980,C922003-01,1S,9,C,5,5,2027
67018590,67_67399_5136980,1710-52,1S,9,A,5,5,2027
67018590,67_67399_5136980,C934002-06,1S,9,C,5,5,2027
67018590,67_67399_5136980,6215-53,1S,9,D,5,5,2027
67018590,67_67399_5136980,2098380,1S,9,B,10,10,2027
67018590,67_67399_5136980,9814-26,1S,9,A,5,5,2027
67018590,67_67399_5136980,63951,1S,9,D,5,5,2027
67018590,67_67399_5136980,0915-65,1S,9,A,10,10,2027
67018590,67_67399_5136980,1421951,2S,9,A,5,5,2027
67018590,67_67399_5136980,C9104008-02,2S,9,B,5,5,2027
67018590,67_67399_5136980,1726-02,2S,9,C,5,5,2027
67018592,67_67399_5136980,7708-62,1S,9,A,5,5,2027
67018592,67_67399_5136980,56250,1S,9,A,10,10,2027
67018592,67_67399_5136980,63951,1S,9,A,5,5,2027
67018592,67_67399_5136980,C925402-04,1S,9,B,5,5,2027
67018592,67_67399_5136980,7651-75,1S,9,B,10,10,2027
67018592,67_67399_5136980,6215-64,1S,9,B,5,5,2027
67018592,67_67399_5136980,3123-19,1S,9,A,5,5,2027
67018592,67_67399_5136980,24198,1S,9,C,5,5,2027
67018592,67_67399_5136980,1850-02,1S,9,C,5,5,2027
67018592,67_67399_5136980,C910418-06,1S,9,A,5,5,2027
67018592,67_67399_5136980,C8421003-33,1S,9,B,15,15,2027
67018592,67_67399_5136980,1256-11,2S,9,B,5,5,2027
67018592,67_67399_5136980,1850-02,2S,9,A,5,5,2027
67018592,67_67399_5136980,C917305-15,2S,9,C,5,5,2027
67018593,67_67399_5136980,1691836,1S,9,A,5,5,2027
67018593,67_67399_5136980,C910204-06,1S,9,A,5,5,2027
67018593,67_67399_5136980,642464,1S,9,C,5,5,2027
67018593,67_67399_5136980,2076-52,1S,9,A,5,5,2027
67018593,67_67399_5136980,596533,1S,9,A,5,5,2027
67018593,67_67399_5136980,0005910-33,1S,9,C,10,10,2027
67018593,67_67399_5136980,9104015-31,1S,9,A,5,5,2027
67018593,67_67399_5136980,27395,1S,9,B,5,5,2027
67018593,67_67399_5136980,C934001-10,1S,9,A,5,5,2027
67018593,67_67399_5136980,1577880,1S,9,A,5,5,2027
67018593,67_67399_5136980,5819-21,1S,9,A,10,10,2027
67018593,67_67399_5136980,C910501-50,2S,9,A,5,5,2027
67018593,67_67399_5136980,05693-1311,2S,9,B,5,5,2027
67018593,67_67399_5136980,1710-41,2S,9,B,5,5,2027
67018594,67_67399_5136980,884285,1S,9,B,10,10,2027
67018594,67_67399_5136980,05693-4311,1S,9,A,5,5,2027
67018594,67_67399_5136980,C920002-02,1S,9,C,10,10,2027
67018594,67_67399_5136980,1710-01,1S,9,A,5,5,2027
67018594,67_67399_5136980,C934002-05,1S,9,B,5,5,2027
67018594,67_67399_5136980,C932202-50,1S,9,A,5,5,2027
67018594,67_67399_5136980,111460,1S,9,A,5,5,2027
67018594,67_67399_5136980,2076-67,1S,9,A,5,5,2027
67018594,67_67399_5136980,3896-53,1S,9,A,5,5,2027
67018594,67_67399_5136980,2101608,1S,9,B,5,5,2027
67018594,67_67399_5136980,7651-72,1S,9,B,10,10,2027
67018594,67_67399_5136980,5793-13,2S,9,B,5,5,2027
67018594,67_67399_5136980,1790-09,2S,9,C,5,5,2027
67018594,67_67399_5136980,C910701-01,2S,9,B,5,5,2027
67018595,67_67399_5136980,389351,1S,9,B,10,10,2027
67018595,67_67399_5136980,9814-14,1S,9,C,5,5,2027
67018595,67_67399_5136980,5693-33,1S,9,A,5,5,2027
67018595,67_67399_5136980,C906201-03,1S,9,A,5,5,2027
67018595,67_67399_5136980,1494879,1S,9,A,5,5,2027
67018595,67_67399_5136980,446693,1S,9,B,5,5,2027
67018595,67_67399_5136980,3038-50,1S,9,A,5,5,2027
67018595,67_67399_5136980,5819-15,1S,9,B,10,10,2027
67018595,67_67399_5136980,2075-64,1S,9,C,5,5,2027
67018595,67_67399_5136980,0915-62,1S,9,C,10,10,2027
67018595,67_67399_5136980,C910802-02,1S,9,A,5,5,2027
67018595,67_67399_5136980,C906202-02,2S,9,A,5,5,2027
67018595,67_67399_5136980,C9104010-01,2S,9,B,5,5,2027
67018595,67_67399_5136980,1710-12,2S,9,A,5,5,2027
67018595,67_67399_5136980,1284-01,2S,9,A,5,5,2027
67018596,67_67399_5136980,1226-52,1S,9,A,5,5,2027
67018596,67_67399_5136980,5980-55,1S,9,C,10,10,2027
67018596,67_67399_5136980,1790-13,1S,9,C,5,5,2027
67018596,67_67399_5136980,C934001-03,1S,9,A,5,5,2027
67018596,67_67399_5136980,3068-52,1S,9,B,5,5,2027
67018596,67_67399_5136980,2097741,1S,9,B,10,10,2027
67018596,67_67399_5136980,100110,1S,9,A,5,5,2027
67018596,67_67399_5136980,0061-52,1S,9,B,5,5,2027
67018596,67_67399_5136980,730334,1S,9,B,5,5,2027
67018596,67_67399_5136980,1748722,1S,9,B,5,5,2027
67018596,67_67399_5136980,104917,1S,9,B,10,10,2027
67018596,67_67399_5136980,1385549,2S,9,A,5,5,2027
67018596,67_67399_5136980,C917305-08,2S,9,C,5,5,2027
67018596,67_67399_5136980,7708-59,2S,9,A,5,5,2027
67018597,67_67399_5136980,5793-13,1S,9,B,5,5,2027
67018597,67_67399_5136980,101599,1S,9,C,10,10,2027
67018597,67_67399_5136980,C910418-06,1S,9,A,5,5,2027
67018597,67_67399_5136980,6683-16,1S,9,B,5,5,2027
67018597,67_67399_5136980,2275522,1S,9,B,10,10,2027
67018597,67_67399_5136980,2076-53,1S,9,C,5,5,2027
67018597,67_67399_5136980,C925401-05,1S,9,A,5,5,2027
67018597,67_67399_5136980,C931602-01,1S,9,C,10,10,2027
67018597,67_67399_5136980,3037-50,1S,9,B,5,5,2027
67018597,67_67399_5136980,C713102-05,1S,9,B,5,5,2027
67018597,67_67399_5136980,1790-15,1S,9,B,5,5,2027
67018597,67_67399_5136980,C910416-50,2S,9,A,5,5,2027
67018597,67_67399_5136980,8697-18,2S,9,B,5,5,2027
67018597,67_67399_5136980,1494756,2S,9,B,5,5,2027
67018598,67_67399_5136980,0915-11,1S,9,B,10,10,2027
67018598,67_67399_5136980,1276-56,1S,9,C,5,5,2027
67018598,67_67399_5136980,2076-60,1S,9,C,5,5,2027
67018598,67_67399_5136980,57527,1S,9,C,5,5,2027
67018598,67_67399_5136980,1409746,1S,9,B,10,10,2027
67018598,67_67399_5136980,1576023,1S,9,B,5,5,2027
67018598,67_67399_5136980,3123-15,1S,9,A,5,5,2027
67018598,67_67399_5136980,1790-10,1S,9,A,5,5,2027
67018598,67_67399_5136980,C910417-06,1S,9,C,5,5,2027
67018598,67_67399_5136980,C8421003-43,1S,9,B,15,15,2027
67018598,67_67399_5136980,9104016-23,1S,9,A,5,5,2027
67018598,67_67399_5136980,1254-07,2S,9,B,5,5,2027
67018598,67_67399_5136980,1494756,2S,9,B,5,5,2027
67018598,67_67399_5136980,9104015-21,2S,9,C,5,5,2027
67018598,67_67399_5136980,1883-04,2S,9,B,5,5,2027
67018599,67_67399_5136980,C910203-06,1S,9,D,5,5,2027
67018599,67_67399_5136980,206120,1S,9,B,5,5,2027
67018599,67_67399_5136980,1693266,1S,9,A,5,5,2027
67018599,67_67399_5136980,1464624,1S,9,A,10,10,2027
67018599,67_67399_5136980,C922704-01,1S,9,A,10,10,2027
67018599,67_67399_5136980,1790-02,1S,9,A,5,5,2027
67018599,67_67399_5136980,64437,1S,9,A,5,5,2027
67018599,67_67399_5136980,9815-29,1S,9,A,5,5,2027
67018599,67_67399_5136980,7641-58,1S,9,B,10,10,2027
67018599,67_67399_5136980,1290159,1S,9,B,5,5,2027
67018599,67_67399_5136980,C713102-04,1S,9,B,5,5,2027
67018599,67_67399_5136980,1280-54,2S,9,D,5,5,2027
67018599,67_67399_5136980,9104016-13,2S,9,B,5,5,2027
67018599,67_67399_5136980,C917402-02,2S,9,B,5,5,2027
67018600,67_67399_5136980,1206794,1S,9,A,10,10,2027
67018600,67_67399_5136980,2356606,1S,9,A,10,10,2027
67018600,67_67399_5136980,4792-51,1S,9,B,5,5,2027
67018600,67_67399_5136980,0061-53,1S,9,B,5,5,2027
67018600,67_67399_5136980,9815-50,1S,9,A,5,5,2027
67018600,67_67399_5136980,7651-74,1S,9,C,10,10,2027
67018600,67_67399_5136980,5432-51,1S,9,B,5,5,2027
67018600,67_67399_5136980,726104,1S,9,C,5,5,2027
67018600,67_67399_5136980,1710-17,1S,9,C,5,5,2027
67018600,67_67399_5136980,C922203-51,1S,9,C,5,5,2027
67018600,67_67399_5136980,C751001-01,1S,9,B,5,5,2027
67018600,67_67399_5136980,6687-18,2S,9,A,5,5,2027
67018600,67_67399_5136980,1710-17,2S,9,A,5,5,2027
67018600,67_67399_5136980,C9104006-01,2S,9,A,5,5,2027
67018600,67_67399_5136980,1883-03,2S,9,B,5,5,2027
67018601,67_67399_5136980,1254-06,1S,9,A,5,5,2027
67018601,67_67399_5136980,729026,1S,9,A,5,5,2027
67018601,67_67399_5136980,2076-57,1S,9,A,5,5,2027
67018601,67_67399_5136980,111126,1S,9,A,5,5,2027
67018601,67_67399_5136980,7641-59,1S,9,B,10,10,2027
67018601,67_67399_5136980,1576113,1S,9,C,5,5,2027
67018601,67_67399_5136980,447027,1S,9,C,5,5,2027
67018601,67_67399_5136980,1710-41,1S,9,C,5,5,2027
67018601,67_67399_5136980,2293999,1S,9,B,5,5,2027
67018601,67_67399_5136980,298495,1S,9,B,10,10,2027
67018601,67_67399_5136980,C820001-01,1S,9,A,5,5,2027
67018601,67_67399_5136980,2675889,2S,9,C,5,5,2027
67018601,67_67399_5136980,C922711-01,2S,9,B,10,10,2027
67018601,67_67399_5136980,1224-50,2S,9,B,5,5,2027
67018601,67_67399_5136980,C910502-03,2S,9,B,5,5,2027
67018602,67_67399_5136980,2380319,1S,9,C,10,10,2027
67018602,67_67399_5136980,C922805-01,1S,9,C,5,5,2027
67018602,67_67399_5136980,C910418-12,1S,9,C,5,5,2027
67018602,67_67399_5136980,1790-18,1S,9,A,5,5,2027
67018602,67_67399_5136980,446844,1S,9,B,5,5,2027
67018602,67_67399_5136980,3068-52,1S,9,B,5,5,2027
67018602,67_67399_5136980,7651-78,1S,9,D,10,10,2027
67018602,67_67399_5136980,9814-25,1S,9,C,5,5,2027
67018602,67_67399_5136980,0062-52,1S,9,C,5,5,2027
67018602,67_67399_5136980,2281427,1S,9,C,10,10,2027
67018602,67_67399_5136980,4578-51,1S,9,A,5,5,2027
67018602,67_67399_5136980,240728,2S,9,F,5,0,2027
67018602,67_67399_5136980,1790-07,2S,9,A,5,5,2027
67018602,67_67399_5136980,7702-63,2S,9,A,5,5,2027
67018603,67_67399_5136980,1710-15,1S,9,C,5,5,2027
67018603,67_67399_5136980,C713101-03,1S,9,C,5,5,2027
67018603,67_67399_5136980,3038-50,1S,9,B,5,5,2027
67018603,67_67399_5136980,1409654,1S,9,B,10,10,2027
67018603,67_67399_5136980,57466,1S,9,C,5,5,2027
67018603,67_67399_5136980,2075-52,1S,9,C,5,5,2027
67018603,67_67399_5136980,642464,1S,9,B,5,5,2027
67018603,67_67399_5136980,C910203-16,1S,9,C,5,5,2027
67018603,67_67399_5136980,101540,1S,9,D,10,10,2027
67018603,67_67399_5136980,C9104007-10,1S,9,A,5,5,2027
67018603,67_67399_5136980,C923202-01,1S,9,B,5,5,2027
67018603,67_67399_5136980,2151646,2S,9,A,5,5,2027
67018603,67_67399_5136980,7708-58,2S,9,B,5,5,2027
67018603,67_67399_5136980,1883-01,2S,9,A,5,5,2027
67018604,67_67399_5136980,Jul-99,1S,9,A,5,5,2027
67018604,67_67399_5136980,C910204-03,1S,9,B,5,5,2027
67018604,67_67399_5136980,736696,1S,9,C,10,10,2027
67018604,67_67399_5136980,1850-05,1S,9,C,5,5,2027
67018604,67_67399_5136980,C9104006-01,1S,9,B,5,5,2027
67018604,67_67399_5136980,27791,1S,9,C,5,5,2027
67018604,67_67399_5136980,C934001-05,1S,9,A,5,5,2027
67018604,67_67399_5136980,1577940,1S,9,C,5,5,2027
67018604,67_67399_5136980,1409563,1S,9,B,10,10,2027
67018604,67_67399_5136980,C925401-05,1S,9,A,5,5,2027
67018604,67_67399_5136980,2075-63,1S,9,B,5,5,2027
67018604,67_67399_5136980,1254-08,2S,9,B,5,5,2027
67018604,67_67399_5136980,5693-52,2S,9,A,5,5,2027
67018604,67_67399_5136980,1883-06,2S,9,A,5,5,2027
67018604,67_67399_5136980,2675769,2S,9,C,5,5,2027
67018605,67_67399_5136980,C910203-17,1S,9,C,5,5,2027
67018605,67_67399_5136980,1056283,1S,9,A,5,5,2027
67018605,67_67399_5136980,2075-64,1S,9,B,5,5,2027
67018605,67_67399_5136980,9815-21,1S,9,A,5,5,2027
67018605,67_67399_5136980,2493-51,1S,9,B,10,10,2027
67018605,67_67399_5136980,1576113,1S,9,A,5,5,2027
67018605,67_67399_5136980,3121-17,1S,9,A,5,5,2027
67018605,67_67399_5136980,C917305-10,1S,9,A,5,5,2027
67018605,67_67399_5136980,005693-337,1S,9,C,5,5,2027
67018605,67_67399_5136980,101599,1S,9,A,10,10,2027
67018605,67_67399_5136980,1883-01,1S,9,C,5,5,2027
67018605,67_67399_5136980,1746865,2S,9,A,5,5,2027
67018605,67_67399_5136980,1494879,2S,9,A,5,5,2027
67018605,67_67399_5136980,5980-56,2S,9,A,10,10,2027
67018606,67_67399_5136980,1746988,1S,9,C,5,5,2027
67018606,67_67399_5136980,206059,1S,9,B,5,5,2027
67018606,67_67399_5136980,2076-54,1S,9,C,5,5,2027
67018606,67_67399_5136980,596533,1S,9,B,5,5,2027
67018606,67_67399_5136980,216592,1S,9,B,10,10,2027
67018606,67_67399_5136980,6215-53,1S,9,B,5,5,2027
67018606,67_67399_5136980,446053,1S,9,A,5,5,2027
67018606,67_67399_5136980,1790-42,1S,9,B,5,5,2027
67018606,67_67399_5136980,C9104008-02,1S,9,A,5,5,2027
67018606,67_67399_5136980,C922005-02,1S,9,C,5,5,2027
67018606,67_67399_5136980,C700001-50,1S,9,B,5,5,2027
67018606,67_67399_5136980,2360929,2S,9,A,10,10,2027
67018606,67_67399_5136980,C917304-16,2S,9,A,5,5,2027
67018606,67_67399_5136980,1883-09,2S,9,B,5,5,2027
67018607,67_67399_5136980,1747261,1S,9,C,5,5,2027
67018607,67_67399_5136980,2076-42,1S,9,A,5,5,2027
67018607,67_67399_5136980,2891230,1S,9,B,5,5,2027
67018607,67_67399_5136980,C931602-01,1S,9,C,10,10,2027
67018607,67_67399_5136980,622375,1S,9,B,5,5,2027
67018607,67_67399_5136980,3121-19,1S,9,B,5,5,2027
67018607,67_67399_5136980,1710-16,1S,9,B,5,5,2027
67018607,67_67399_5136980,05693-1311,1S,9,C,5,5,2027
67018607,67_67399_5136980,1850-08,1S,9,A,5,5,2027
67018607,67_67399_5136980,389351,1S,9,B,10,10,2027
67018607,67_67399_5136980,3897-53,1S,9,B,5,5,2027
67018607,67_67399_5136980,C9104009-03,2S,9,A,5,5,2027
67018607,67_67399_5136980,1254-31,2S,9,B,5,5,2027
67018607,67_67399_5136980,1197997,2S,9,A,5,5,2027
67018607,67_67399_5136980,1448978,2S,9,B,10,10,2027
67018608,67_67399_5136980,1850-01,1S,9,C,5,5,2027
67018608,67_67399_5136980,C910416-53,1S,9,A,5,5,2027
67018608,67_67399_5136980,5819-25,1S,9,B,10,10,2027
67018608,67_67399_5136980,1691440,1S,9,A,5,5,2027
67018608,67_67399_5136980,1768930,1S,9,C,5,5,2027
67018608,67_67399_5136980,445963,1S,9,B,5,5,2027
67018608,67_67399_5136980,9814-51,1S,9,A,5,5,2027
67018608,67_67399_5136980,0062-50,1S,9,C,5,5,2027
67018608,67_67399_5136980,3037-52,1S,9,A,5,5,2027
67018608,67_67399_5136980,205300,1S,9,A,5,5,2027
67018608,67_67399_5136980,1284-06,1S,9,A,5,5,2027
67018608,67_67399_5136980,1206763,2S,9,B,10,10,2027
67018608,67_67399_5136980,1206794,2S,9,A,10,10,2027
67018608,67_67399_5136980,1198028,2S,9,C,5,5,2027
67018608,67_67399_5136980,C910502-01,2S,9,B,5,5,2027
67018609,67_67399_5136980,2356577,1S,9,B,10,10,2027
67018609,67_67399_5136980,C934001-04,1S,9,F,5,0,2027
67018609,67_67399_5136980,3064-50,1S,9,A,5,5,2027
67018609,67_67399_5136980,1431721,1S,9,A,10,10,2027
67018609,67_67399_5136980,9814-25,1S,9,B,5,5,2027
67018609,67_67399_5136980,2076-68,1S,9,C,5,5,2027
67018609,67_67399_5136980,657863,1S,9,A,10,10,2027
67018609,67_67399_5136980,644687,1S,9,C,10,10,2027
67018609,67_67399_5136980,C922002-52,1S,9,A,5,5,2027
67018609,67_67399_5136980,0215-07,1S,9,B,10,10,2027
67018609,67_67399_5136980,5991-17,1S,9,B,5,5,2027
67018609,67_67399_5136980,7708-58,2S,9,A,5,5,2027
67018609,67_67399_5136980,C910400605,2S,9,A,5,5,2027
67018609,67_67399_5136980,1850-09,2S,9,C,5,5,2027
67018609,67_67399_5136980,1494695,2S,9,A,5,5,2027
67018610,67_67399_5136980,980404,1S,9,C,5,5,2027
67018610,67_67399_5136980,19115,1S,9,A,5,5,2027
67018610,67_67399_5136980,5693-52,1S,9,A,5,5,2027
67018610,67_67399_5136980,C922007-02,1S,9,C,5,5,2027
67018610,67_67399_5136980,1790-04,1S,9,D,5,5,2027
67018610,67_67399_5136980,446083,1S,9,A,5,5,2027
67018610,67_67399_5136980,C932201-50,1S,9,C,5,5,2027
67018610,67_67399_5136980,7651-72,1S,9,B,10,10,2027
67018610,67_67399_5136980,57377,1S,9,B,5,5,2027
67018610,67_67399_5136980,2076-65,1S,9,A,5,5,2027
67018610,67_67399_5136980,729908,1S,9,A,5,5,2027
67018610,67_67399_5136980,1385549,2S,9,A,5,5,2027
67018610,67_67399_5136980,C910204-01,2S,9,C,5,5,2027
67018611,67_67399_5136980,980344,1S,9,B,5,5,2027
67018611,67_67399_5136980,729877,1S,9,A,5,5,2027
67018611,67_67399_5136980,2076-67,1S,9,B,5,5,2027
67018611,67_67399_5136980,C910429-01,1S,9,B,5,5,2027
67018611,67_67399_5136980,C713404-01,1S,9,A,5,5,2027
67018611,67_67399_5136980,1464714,1S,9,B,10,10,2027
67018611,67_67399_5136980,1710-18,1S,9,C,5,5,2027
67018611,67_67399_5136980,446966,1S,9,C,5,5,2027
67018611,67_67399_5136980,1576054,1S,9,B,5,5,2027
67018611,67_67399_5136980,7651-65,1S,9,B,10,10,2027
67018611,67_67399_5136980,2057-16,1S,9,A,5,5,2027
67018611,67_67399_5136980,1385427,2S,9,A,5,5,2027
67018611,67_67399_5136980,6687-15,2S,9,A,5,5,2027
67018611,67_67399_5136980,C917304-20,2S,9,A,5,5,2027
67018612,67_67399_5136980,2348511,1S,9,C,10,10,2027
67018612,67_67399_5136980,5980-51,1S,9,B,10,10,2027
67018612,67_67399_5136980,1464655,1S,9,B,10,10,2027
67018612,67_67399_5136980,24198,1S,9,B,5,5,2027
67018612,67_67399_5136980,446297,1S,9,C,5,5,2027
67018612,67_67399_5136980,1577880,1S,9,C,5,5,2027
67018612,67_67399_5136980,4578-52,1S,9,A,5,5,2027
67018612,67_67399_5136980,1409473,1S,9,B,10,10,2027
67018612,67_67399_5136980,2890804,1S,9,B,5,5,2027
67018612,67_67399_5136980,0062-51,1S,9,B,5,5,2027
67018612,67_67399_5136980,0915-12,1S,9,C,10,10,2027
67018612,67_67399_5136980,2482829,2S,9,A,5,5,2027
67018612,67_67399_5136980,2294272,2S,9,C,5,5,2027
67018612,67_67399_5136980,1226-50,2S,9,C,5,5,2027
67018612,67_67399_5136980,C917304-17,2S,9,B,5,5,2027
67018613,67_67399_5136980,1276-50,1S,9,A,5,5,2027
67018613,67_67399_5136980,2281458,1S,9,B,10,10,2027
67018613,67_67399_5136980,2076-66,1S,9,A,5,5,2027
67018613,67_67399_5136980,9814-17,1S,9,A,5,5,2027
67018613,67_67399_5136980,1409716,1S,9,C,10,10,2027
67018613,67_67399_5136980,6215-60,1S,9,B,5,5,2027
67018613,67_67399_5136980,3123-19,1S,9,B,5,5,2027
67018613,67_67399_5136980,C917402-01,1S,9,A,5,5,2027
67018613,67_67399_5136980,8180-54,1S,9,A,5,5,2027
67018613,67_67399_5136980,1422012,1S,9,A,5,5,2027
67018613,67_67399_5136980,389382,1S,9,B,10,10,2027
67018613,67_67399_5136980,1284-05,2S,9,A,5,5,2027
67018613,67_67399_5136980,1887,2S,9,A,5,5,2027
67018613,67_67399_5136980,1458506,2S,9,C,5,5,2027
67018613,67_67399_5136980,C910416-54,2S,9,B,5,5,2027
67018614,67_67399_5136980,1385611,1S,9,C,5,5,2027
67018614,67_67399_5136980,9814-17,1S,9,B,5,5,2027
67018614,67_67399_5136980,1431630,1S,9,F,10,0,2027
67018614,67_67399_5136980,5432-56,1S,9,A,5,5,2027
67018614,67_67399_5136980,3123-18,1S,9,A,5,5,2027
67018614,67_67399_5136980,2676103,1S,9,D,5,5,2027
67018614,67_67399_5136980,1624-01,1S,9,B,10,10,2027
67018614,67_67399_5136980,1746835,1S,9,A,5,5,2027
67018614,67_67399_5136980,657894,1S,9,A,10,10,2027
67018614,67_67399_5136980,2076-53,1S,9,B,5,5,2027
67018614,67_67399_5136980,C8421003-33,1S,9,C,15,15,2027
67018614,67_67399_5136980,1392703,2S,9,A,5,5,2027
67018614,67_67399_5136980,C910418-04,2S,9,A,5,5,2027
67018614,67_67399_5136980,2360960,2S,9,B,10,10,2027
67018615,67_67399_5136980,641734,1S,9,A,5,5,2027
67018615,67_67399_5136980,994282,1S,9,B,5,5,2027
67018615,67_67399_5136980,9226-15,1S,9,C,5,5,2027
67018615,67_67399_5136980,9104016-23,1S,9,C,5,5,2027
67018615,67_67399_5136980,C910415-56,1S,9,C,5,5,2027
67018615,67_67399_5136980,1691805,1S,9,B,5,5,2027
67018615,67_67399_5136980,6215-65,1S,9,B,5,5,2027
67018615,67_67399_5136980,C931601-02,1S,9,A,10,10,2027
67018615,67_67399_5136980,C925402-02,1S,9,B,5,5,2027
67018615,67_67399_5136980,2076-62,1S,9,C,5,5,2027
67018615,67_67399_5136980,C910502-50,1S,9,B,5,5,2027
67018615,67_67399_5136980,7791-13,2S,9,B,5,5,2027
67018615,67_67399_5136980,0215-05,2S,9,C,10,10,2027
67018615,67_67399_5136980,6683-16,2S,9,B,5,5,2027
67018616,67_67399_5136980,1431660,1S,9,B,10,10,2027
67018616,67_67399_5136980,C900002-50,1S,9,C,5,5,2027
67018616,67_67399_5136980,1748661,1S,9,C,5,5,2027
67018616,67_67399_5136980,2075-65,1S,9,A,5,5,2027
67018616,67_67399_5136980,2891200,1S,9,A,5,5,2027
67018616,67_67399_5136980,May-52,1S,9,B,5,5,2027
67018616,67_67399_5136980,9104016-32,1S,9,C,5,5,2027
67018616,67_67399_5136980,5980-50,1S,9,A,10,10,2027
67018616,67_67399_5136980,2151980,1S,9,A,5,5,2027
67018616,67_67399_5136980,C934001-03,1S,9,B,5,5,2027
67018616,67_67399_5136980,6215-56,1S,9,A,5,5,2027
67018616,67_67399_5136980,1748691,2S,9,A,5,5,2027
67018616,67_67399_5136980,C9104009-50,2S,9,A,5,5,2027
67018616,67_67399_5136980,5992-15,2S,9,A,5,5,2027
67018617,67_67399_5136980,1850-04,1S,9,A,5,5,2027
67018617,67_67399_5136980,C922003-01,1S,9,A,5,5,2027
67018617,67_67399_5136980,2151950,1S,9,B,5,5,2027
67018617,67_67399_5136980,C713102-05,1S,9,A,5,5,2027
67018617,67_67399_5136980,C7171001-01,1S,9,B,5,5,2027
67018617,67_67399_5136980,1409807,1S,9,C,10,10,2027
67018617,67_67399_5136980,9814-17,1S,9,A,5,5,2027
67018617,67_67399_5136980,2274763,1S,9,A,5,5,2027
67018617,67_67399_5136980,2075-66,1S,9,B,5,5,2027
67018617,67_67399_5136980,2275522,1S,9,A,10,10,2027
67018617,67_67399_5136980,1256-09,1S,9,C,5,5,2027
67018617,67_67399_5136980,1883-09,2S,9,B,5,5,2027
67018617,67_67399_5136980,5992-14,2S,9,B,5,5,2027
67018617,67_67399_5136980,7708-60,2S,9,B,5,5,2027
67018618,67_67399_5136980,7702-51,1S,9,A,5,5,2027
67018618,67_67399_5136980,3121-41,1S,9,B,5,5,2027
67018618,67_67399_5136980,5432-64,1S,9,B,5,5,2027
67018618,67_67399_5136980,1431418,1S,9,B,10,10,2027
67018618,67_67399_5136980,C924502-50,1S,9,C,5,5,2027
67018618,67_67399_5136980,2076-53,1S,9,B,5,5,2027
67018618,67_67399_5136980,2275522,1S,9,B,10,10,2027
67018618,67_67399_5136980,2151766,1S,9,B,5,5,2027
67018618,67_67399_5136980,C906201-04,1S,9,C,5,5,2027
67018618,67_67399_5136980,C922704-01,1S,9,A,10,10,2027
67018618,67_67399_5136980,C751102-02,1S,9,C,5,5,2027
67018618,67_67399_5136980,1256-04,2S,9,A,5,5,2027
67018618,67_67399_5136980,1710-01,2S,9,B,5,5,2027
67018618,67_67399_5136980,2294030,2S,9,A,5,5,2027
67018619,67_67399_5136980,6687-17,1S,9,B,5,5,2027
67018619,67_67399_5136980,3899-50,1S,9,B,5,5,2027
67018619,67_67399_5136980,2075-63,1S,9,C,5,5,2027
67018619,67_67399_5136980,596563,1S,9,B,5,5,2027
67018619,67_67399_5136980,7641-52,1S,9,F,10,0,2027
67018619,67_67399_5136980,5432-65,1S,9,A,5,5,2027
67018619,67_67399_5136980,3123-16,1S,9,B,5,5,2027
67018619,67_67399_5136980,1494452,1S,9,D,5,5,2027
67018619,67_67399_5136980,C910415-50,1S,9,C,5,5,2027
67018619,67_67399_5136980,9000-51,1S,9,B,5,5,2027
67018619,67_67399_5136980,C740002-01,1S,9,A,5,5,2027
67018619,67_67399_5136980,C922004-02,2S,9,B,5,5,2027
67018619,67_67399_5136980,2482587,2S,9,B,5,5,2027
67018620,67_67399_5136980,9295002-52,1S,9,A,5,5,2027
67018620,67_67399_5136980,C910204-12,1S,9,A,5,5,2027
67018620,67_67399_5136980,0062-53,1S,9,A,5,5,2027
67018620,67_67399_5136980,3533-15,1S,9,B,5,5,2027
67018620,67_67399_5136980,217412,1S,9,A,10,10,2027
67018620,67_67399_5136980,C7171002-01,1S,9,A,5,5,2027
67018620,67_67399_5136980,446114,1S,9,A,5,5,2027
67018620,67_67399_5136980,1710-21,1S,9,A,5,5,2027
67018620,67_67399_5136980,0005910-33,1S,9,A,10,10,2027
67018620,67_67399_5136980,C923202-01,1S,9,A,5,5,2027
67018620,67_67399_5136980,105008,1S,9,F,10,0,2027
67018620,67_67399_5136980,6683-17,2S,9,B,5,5,2027
67018620,67_67399_5136980,1790-13,2S,9,B,5,5,2027
67018620,67_67399_5136980,5693-032,2S,9,C,5,5,2027
67018620,67_67399_5136980,9104016-12,2S,9,C,5,5,2027
67018621,67_67399_5136980,C910201-11,1S,9,A,5,5,2027
67018621,67_67399_5136980,2281550,1S,9,C,10,10,2027
67018621,67_67399_5136980,64040,1S,9,A,5,5,2027
67018621,67_67399_5136980,2890955,1S,9,B,5,5,2027
67018621,67_67399_5136980,7651-55,1S,9,B,10,10,2027
67018621,67_67399_5136980,6215-53,1S,9,A,5,5,2027
67018621,67_67399_5136980,446966,1S,9,B,5,5,2027
67018621,67_67399_5136980,5991-13,1S,9,B,5,5,2027
67018621,67_67399_5136980,1226-50,1S,9,B,5,5,2027
67018621,67_67399_5136980,1883-07,1S,9,B,5,5,2027
67018621,67_67399_5136980,1414646,1S,9,B,10,10,2027
67018621,67_67399_5136980,C910202-04,2S,9,A,5,5,2027
67018621,67_67399_5136980,C922204-51,2S,9,A,5,5,2027
67018621,67_67399_5136980,2675889,2S,9,B,5,5,2027
67018622,67_67399_5136980,2076-59,1S,9,D,5,5,2027
67018622,67_67399_5136980,100110,1S,9,A,5,5,2027
67018622,67_67399_5136980,1409746,1S,9,B,10,10,2027
67018622,67_67399_5136980,5432-55,1S,9,B,5,5,2027
67018622,67_67399_5136980,3123-42,1S,9,F,5,0,2027
67018622,67_67399_5136980,9226-20,1S,9,B,5,5,2027
67018622,67_67399_5136980,298405,1S,9,D,10,10,2027
67018622,67_67399_5136980,C820001-01,1S,9,D,5,5,2027
67018622,67_67399_5136980,3897-52,1S,9,A,5,5,2027
67018622,67_67399_5136980,8697-17,1S,9,A,5,5,2027
67018622,67_67399_5136980,1768961,2S,9,A,5,5,2027
67018622,67_67399_5136980,1448978,2S,9,F,10,0,2027
67018622,67_67399_5136980,C910204-09,2S,9,A,5,5,2027
67018623,67_67399_5136980,1579401,1S,9,B,5,5,2027
67018623,67_67399_5136980,C922705-02,1S,9,A,10,10,2027
67018623,67_67399_5136980,C922701-01,1S,9,A,10,10,2027
67018623,67_67399_5136980,24259,1S,9,C,5,5,2027
67018623,67_67399_5136980,C713102-04,1S,9,B,5,5,2027
67018623,67_67399_5136980,217473,1S,9,A,10,10,2027
67018623,67_67399_5136980,1996814,1S,9,A,10,10,2027
67018623,67_67399_5136980,2075-57,1S,9,D,5,5,2027
67018623,67_67399_5136980,0915-59,1S,9,B,10,10,2027
67018623,67_67399_5136980,1254-16,1S,9,C,5,5,2027
67018623,67_67399_5136980,1414618,1S,9,D,10,10,2027
67018623,67_67399_5136980,C9104007-10,2S,9,B,5,5,2027
67018623,67_67399_5136980,C923204-03,2S,9,A,5,5,2027
67018624,67_67399_5136980,5992-17,1S,9,C,5,5,2027
67018624,67_67399_5136980,655613,1S,9,C,10,10,2027
67018624,67_67399_5136980,C910203-17,1S,9,A,5,5,2027
67018624,67_67399_5136980,2075-61,1S,9,B,5,5,2027
67018624,67_67399_5136980,100079,1S,9,A,5,5,2027
67018624,67_67399_5136980,7641-55,1S,9,A,10,10,2027
67018624,67_67399_5136980,3038-54,1S,9,C,5,5,2027
67018624,67_67399_5136980,994223,1S,9,A,5,5,2027
67018624,67_67399_5136980,2348631,1S,9,F,10,0,2027
67018624,67_67399_5136980,C923201-01,1S,9,B,5,5,2027
67018624,67_67399_5136980,C930302-02,1S,9,B,10,10,2027
67018624,67_67399_5136980,C910204-16,2S,9,B,5,5,2027
67018624,67_67399_5136980,C922712-02,2S,9,B,10,10,2027
67018624,67_67399_5136980,5980-53,2S,9,C,10,10,2027
67018625,67_67399_5136980,5432-59,1S,9,B,5,5,2027
67018625,67_67399_5136980,5819-23,1S,9,A,10,10,2027
67018625,67_67399_5136980,97188,1S,9,C,5,5,2027
67018625,67_67399_5136980,0061-52,1S,9,B,5,5,2027
67018625,67_67399_5136980,1422012,1S,9,C,5,5,2027
67018625,67_67399_5136980,1414618,1S,9,A,10,10,2027
67018625,67_67399_5136980,774741,1S,9,B,5,5,2027
67018625,67_67399_5136980,1748722,1S,9,B,5,5,2027
67018625,67_67399_5136980,993827,1S,9,B,5,5,2027
67018625,67_67399_5136980,23743,1S,9,B,5,5,2027
67018625,67_67399_5136980,C910416-54,1S,9,B,5,5,2027
67018625,67_67399_5136980,1464683,2S,9,C,10,10,2027
67018625,67_67399_5136980,0215-02,2S,9,A,10,10,2027
67018625,67_67399_5136980,C910202-01,2S,9,B,5,5,2027
67018625,67_67399_5136980,7791-20,2S,9,B,5,5,2027
67018626,67_67399_5136980,C923202-01,1S,9,B,5,5,2027
67018626,67_67399_5136980,5793-21,1S,9,B,5,5,2027
67018626,67_67399_5136980,C910203-13,1S,9,A,5,5,2027
67018626,67_67399_5136980,1520750,1S,9,B,10,10,2027
67018626,67_67399_5136980,63920,1S,9,A,5,5,2027
67018626,67_67399_5136980,9815-29,1S,9,A,5,5,2027
67018626,67_67399_5136980,644776,1S,9,C,10,10,2027
67018626,67_67399_5136980,7641-55,1S,9,A,10,10,2027
67018626,67_67399_5136980,3068-52,1S,9,B,5,5,2027
67018626,67_67399_5136980,C917305-20,1S,9,A,5,5,2027
67018626,67_67399_5136980,446693,1S,9,B,5,5,2027
67018626,67_67399_5136980,C910201-04,2S,9,B,5,5,2027
67018626,67_67399_5136980,C910418-14,2S,9,B,5,5,2027
67018626,67_67399_5136980,1828,2S,9,A,5,5,2027
67018627,67_67399_5136980,May-52,1S,9,B,5,5,2027
67018627,67_67399_5136980,C910802-03,1S,9,C,5,5,2027
67018627,67_67399_5136980,2002686,1S,9,B,10,10,2027
67018627,67_67399_5136980,2075-57,1S,9,C,5,5,2027
67018627,67_67399_5136980,1996814,1S,9,C,10,10,2027
67018627,67_67399_5136980,7641-53,1S,9,C,10,10,2027
67018627,67_67399_5136980,1577970,1S,9,B,5,5,2027
67018627,67_67399_5136980,C934001-03,1S,9,B,5,5,2027
67018627,67_67399_5136980,1494421,1S,9,C,5,5,2027
67018627,67_67399_5136980,C910417-06,1S,9,B,5,5,2027
67018627,67_67399_5136980,0215-08,1S,9,B,10,10,2027
67018627,67_67399_5136980,7708-60,2S,9,A,5,5,2027
67018627,67_67399_5136980,1494543,2S,9,A,5,5,2027
67018627,67_67399_5136980,C910416-57,2S,9,B,5,5,2027
67018627,67_67399_5136980,298525,2S,9,A,10,10,2027
67018628,67_67399_5136980,1290098,1S,9,A,5,5,2027
67018628,67_67399_5136980,4579-51,1S,9,A,5,5,2027
67018628,67_67399_5136980,729938,1S,9,C,5,5,2027
67018628,67_67399_5136980,101599,1S,9,C,10,10,2027
67018628,67_67399_5136980,5793-31,1S,9,A,5,5,2027
67018628,67_67399_5136980,5693-13,1S,9,A,5,5,2027
67018628,67_67399_5136980,9226-15,1S,9,D,5,5,2027
67018628,67_67399_5136980,2075-63,1S,9,B,5,5,2027
67018628,67_67399_5136980,9814-25,1S,9,C,5,5,2027
67018628,67_67399_5136980,5819-33,1S,9,B,10,10,2027
67018628,67_67399_5136980,C713101-02,1S,9,A,5,5,2027
67018628,67_67399_5136980,1392731,2S,9,A,5,5,2027
67018628,67_67399_5136980,C910201-05,2S,9,C,5,5,2027
67018628,67_67399_5136980,1224-50,2S,9,B,5,5,2027
67018629,67_67399_5136980,5819-23,1S,9,A,10,10,2027
67018629,67_67399_5136980,6215-58,1S,9,B,5,5,2027
67018629,67_67399_5136980,105039,1S,9,B,10,10,2027
67018629,67_67399_5136980,C923203-03,1S,9,B,5,5,2027
67018629,67_67399_5136980,005693--33,1S,9,B,5,5,2027
67018629,67_67399_5136980,1768961,1S,9,B,5,5,2027
67018629,67_67399_5136980,C934001-09,1S,9,A,5,5,2027
67018629,67_67399_5136980,2891077,1S,9,A,5,5,2027
67018629,67_67399_5136980,0062-50,1S,9,B,5,5,2027
67018629,67_67399_5136980,1520719,1S,9,A,10,10,2027
67018629,67_67399_5136980,1747291,1S,9,A,5,5,2027
67018629,67_67399_5136980,1850-03,2S,9,A,5,5,2027
67018629,67_67399_5136980,27791,2S,9,A,5,5,2027
67018629,67_67399_5136980,C910601-50,2S,9,C,5,5,2027
67018630,67_67399_5136980,1254-31,1S,9,B,5,5,2027
67018630,67_67399_5136980,C700001-53,1S,9,C,5,5,2027
67018630,67_67399_5136980,C910418-13,1S,9,A,5,5,2027
67018630,67_67399_5136980,2293999,1S,9,A,5,5,2027
67018630,67_67399_5136980,1494390,1S,9,B,5,5,2027
67018630,67_67399_5136980,446844,1S,9,A,5,5,2027
67018630,67_67399_5136980,3037-54,1S,9,C,5,5,2027
67018630,67_67399_5136980,1431568,1S,9,C,10,10,2027
67018630,67_67399_5136980,C925402-07,1S,9,B,5,5,2027
67018630,67_67399_5136980,2076-66,1S,9,B,5,5,2027
67018630,67_67399_5136980,729847,1S,9,A,5,5,2027
67018630,67_67399_5136980,4578-52,2S,9,B,5,5,2027
67018630,67_67399_5136980,C906202-01,2S,9,A,5,5,2027
67018630,67_67399_5136980,C923203-01,2S,9,C,5,5,2027
67018630,67_67399_5136980,2151919,2S,9,A,5,5,2027
67018631,67_67399_5136980,1256-21,1S,9,A,5,5,2027
67018631,67_67399_5136980,C930301-01,1S,9,B,10,10,2027
67018631,67_67399_5136980,2076-60,1S,9,B,5,5,2027
67018631,67_67399_5136980,57527,1S,9,C,5,5,2027
67018631,67_67399_5136980,1579401,1S,9,B,5,5,2027
67018631,67_67399_5136980,726835,1S,9,A,5,5,2027
67018631,67_67399_5136980,2675859,1S,9,C,5,5,2027
67018631,67_67399_5136980,1385580,1S,9,B,5,5,2027
67018631,67_67399_5136980,5693-31,1S,9,B,5,5,2027
67018631,67_67399_5136980,736786,1S,9,C,10,10,2027
67018631,67_67399_5136980,1409624,1S,9,B,10,10,2027
67018631,67_67399_5136980,C910204-13,2S,9,C,5,5,2027
67018631,67_67399_5136980,2676103,2S,9,B,5,5,2027
67018631,67_67399_5136980,1850-06,2S,9,B,5,5,2027
67018631,67_67399_5136980,C910418-04,2S,9,A,5,5,2027
67018632,67_67399_5136980,1458597,1S,9,B,5,5,2027
67018632,67_67399_5136980,9104015-11,1S,9,A,5,5,2027
67018632,67_67399_5136980,C8421003-22,1S,9,B,15,15,2027
67018632,67_67399_5136980,3064-53,1S,9,C,5,5,2027
67018632,67_67399_5136980,2057-16,1S,9,A,5,5,2027
67018632,67_67399_5136980,217442,1S,9,B,10,10,2027
67018632,67_67399_5136980,C930301-02,1S,9,A,10,10,2027
67018632,67_67399_5136980,2075-63,1S,9,B,5,5,2027
67018632,67_67399_5136980,2676103,1S,9,A,5,5,2027
67018632,67_67399_5136980,2360929,1S,9,B,10,10,2027
67018632,67_67399_5136980,446175,1S,9,B,5,5,2027
67018632,67_67399_5136980,240728,2S,9,B,5,5,2027
67018632,67_67399_5136980,1710-13,2S,9,A,5,5,2027
67018632,67_67399_5136980,1748599,2S,9,C,5,5,2027
67018633,67_67399_5136980,1850-07,1S,9,C,5,5,2027
67018633,67_67399_5136980,102270,1S,9,B,10,10,2027
67018633,67_67399_5136980,2482676,1S,9,C,5,5,2027
67018633,67_67399_5136980,C913002-01,1S,9,C,5,5,2027
67018633,67_67399_5136980,0062-51,1S,9,D,5,5,2027
67018633,67_67399_5136980,9815-29,1S,9,A,5,5,2027
67018633,67_67399_5136980,5819-21,1S,9,A,10,10,2027
67018633,67_67399_5136980,5432-56,1S,9,A,5,5,2027
67018633,67_67399_5136980,446936,1S,9,A,5,5,2027
67018633,67_67399_5136980,7791-13,1S,9,C,5,5,2027
67018633,67_67399_5136980,1422073,1S,9,A,5,5,2027
67018633,67_67399_5136980,2294150,2S,9,B,5,5,2027
67018633,67_67399_5136980,C910202-01,2S,9,C,5,5,2027
67018633,67_67399_5136980,9226-14,2S,9,B,5,5,2027
67018633,67_67399_5136980,1458536,2S,9,B,5,5,2027
67018634,67_67399_5136980,C910204-08,1S,9,A,5,5,2027
67018634,67_67399_5136980,C908002-01,1S,9,A,5,5,2027
67018634,67_67399_5136980,2076-55,1S,9,A,5,5,2027
67018634,67_67399_5136980,2890865,1S,9,B,5,5,2027
67018634,67_67399_5136980,7651-65,1S,9,A,10,10,2027
67018634,67_67399_5136980,3123-22,1S,9,B,5,5,2027
67018634,67_67399_5136980,0218-06,1S,9,B,10,10,2027
67018634,67_67399_5136980,C922004-02,1S,9,A,5,5,2027
67018634,67_67399_5136980,C820002-01,1S,9,B,5,5,2027
67018634,67_67399_5136980,9226-41,1S,9,B,5,5,2027
67018634,67_67399_5136980,6215-51,1S,9,B,5,5,2027
67018634,67_67399_5136980,1256-01,2S,9,B,5,5,2027
67018634,67_67399_5136980,C922001-52,2S,9,C,5,5,2027
67018634,67_67399_5136980,005693-234,2S,9,B,5,5,2027
67018634,67_67399_5136980,1726-01,2S,9,A,5,5,2027
67018635,67_67399_5136980,2482707,1S,9,B,5,5,2027
67018635,67_67399_5136980,0918-04,1S,9,A,10,10,2027
67018635,67_67399_5136980,2076-52,1S,9,C,5,5,2027
67018635,67_67399_5136980,3533-14,1S,9,A,5,5,2027
67018635,67_67399_5136980,2097649,1S,9,C,10,10,2027
67018635,67_67399_5136980,1290098,1S,9,A,5,5,2027
67018635,67_67399_5136980,C934001-03,1S,9,A,5,5,2027
67018635,67_67399_5136980,1494513,1S,9,B,5,5,2027
67018635,67_67399_5136980,C910418-07,1S,9,B,5,5,2027
67018635,67_67399_5136980,C910430-50,1S,9,B,5,5,2027
67018635,67_67399_5136980,884374,1S,9,A,10,10,2027
67018635,67_67399_5136980,C923204-03,2S,9,C,5,5,2027
67018635,67_67399_5136980,4578-51,2S,9,A,5,5,2027
67018635,67_67399_5136980,1494726,2S,9,A,5,5,2027
67018635,67_67399_5136980,5693-31,2S,9,A,5,5,2027
67018636,67_67399_5136980,105008,1S,9,A,10,10,2027
67018636,67_67399_5136980,C9104009-50,1S,9,F,5,0,2027
67018636,67_67399_5136980,5991-19,1S,9,B,5,5,2027
67018636,67_67399_5136980,C934001-12,1S,9,A,5,5,2027
67018636,67_67399_5136980,623106,1S,9,C,5,5,2027
67018636,67_67399_5136980,1431721,1S,9,F,10,0,2027
67018636,67_67399_5136980,596716,1S,9,C,5,5,2027
67018636,67_67399_5136980,2075-31,1S,9,A,5,5,2027
67018636,67_67399_5136980,1520658,1S,9,B,10,10,2027
67018636,67_67399_5136980,7702-53,1S,9,B,5,5,2027
67018636,67_67399_5136980,C9104008-02,2S,9,D,5,5,2027
67018636,67_67399_5136980,5991-15,2S,9,C,5,5,2027
67018636,67_67399_5136980,C910204-19,2S,9,B,5,5,2027
67018637,67_67399_5136980,1414768,1S,9,B,10,10,2027
67018637,67_67399_5136980,1385580,1S,9,A,5,5,2027
67018637,67_67399_5136980,2482860,1S,9,A,5,5,2027
67018637,67_67399_5136980,C913001-50,1S,9,A,5,5,2027
67018637,67_67399_5136980,2076-65,1S,9,B,5,5,2027
67018637,67_67399_5136980,596443,1S,9,B,5,5,2027
67018637,67_67399_5136980,5819-13,1S,9,C,10,10,2027
67018637,67_67399_5136980,6215-56,1S,9,B,5,5,2027
67018637,67_67399_5136980,445963,1S,9,A,5,5,2027
67018637,67_67399_5136980,05693-1311,1S,9,B,5,5,2027
67018637,67_67399_5136980,1198057,1S,9,A,5,5,2027
67018637,67_67399_5136980,1746651,2S,9,C,5,5,2027
67018637,67_67399_5136980,C906201-01,2S,9,B,5,5,2027
67018637,67_67399_5136980,1710-21,2S,9,B,5,5,2027
67018637,67_67399_5136980,1226-52,2S,9,A,5,5,2027
67018638,67_67399_5136980,104827,1S,9,B,10,10,2027
67018638,67_67399_5136980,C920002-01,1S,9,A,10,10,2027
67018638,67_67399_5136980,C910418-01,1S,9,B,5,5,2027
67018638,67_67399_5136980,5992-13,1S,9,B,5,5,2027
67018638,67_67399_5136980,Jan-88,1S,9,A,5,5,2027
67018638,67_67399_5136980,6215-61,1S,9,A,5,5,2027
67018638,67_67399_5136980,2098321,1S,9,A,10,10,2027
67018638,67_67399_5136980,596594,1S,9,B,5,5,2027
67018638,67_67399_5136980,64437,1S,9,A,5,5,2027
67018638,67_67399_5136980,2046090,1S,9,A,5,5,2027
67018638,67_67399_5136980,1748449,1S,9,B,5,5,2027
67018638,67_67399_5136980,0218-04,2S,9,A,10,10,2027
67018638,67_67399_5136980,C917305-12,2S,9,B,5,5,2027
67018638,67_67399_5136980,C910202-11,2S,9,B,5,5,2027
67018639,67_67399_5136980,C910429-01,1S,9,A,5,5,2027
67018639,67_67399_5136980,C922205-01,1S,9,A,5,5,2027
67018639,67_67399_5136980,Feb-21,1S,9,C,10,10,2027
67018639,67_67399_5136980,1494390,1S,9,A,5,5,2027
67018639,67_67399_5136980,C713101-01,1S,9,A,5,5,2027
67018639,67_67399_5136980,5432-58,1S,9,A,5,5,2027
67018639,67_67399_5136980,7641-56,1S,9,B,10,10,2027
67018639,67_67399_5136980,2890621,1S,9,B,5,5,2027
67018639,67_67399_5136980,2075-62,1S,9,A,5,5,2027
67018639,67_67399_5136980,C922402-01,1S,9,B,5,5,2027
67018639,67_67399_5136980,2137798,1S,9,A,5,5,2027
67018639,67_67399_5136980,1710-13,2S,9,C,5,5,2027
67018639,67_67399_5136980,1256-14,2S,9,A,5,5,2027
67018639,67_67399_5136980,1883-06,2S,9,B,5,5,2027
67018640,67_67399_5136980,884374,1S,9,A,10,10,2027
67018640,67_67399_5136980,C910502-50,1S,9,C,5,5,2027
67018640,67_67399_5136980,3899-50,1S,9,C,5,5,2027
67018640,67_67399_5136980,2075-66,1S,9,A,5,5,2027
67018640,67_67399_5136980,111460,1S,9,A,5,5,2027
67018640,67_67399_5136980,1409593,1S,9,A,10,10,2027
67018640,67_67399_5136980,6215-54,1S,9,A,5,5,2027
67018640,67_67399_5136980,C713101-01,1S,9,B,5,5,2027
67018640,67_67399_5136980,C917305-17,1S,9,B,5,5,2027
67018640,67_67399_5136980,05693-2311,1S,9,A,5,5,2027
67018640,67_67399_5136980,0215-03,1S,9,A,10,10,2027
67018640,67_67399_5136980,1746682,2S,9,A,5,5,2027
67018640,67_67399_5136980,C917304-26,2S,9,A,5,5,2027
67018640,67_67399_5136980,5793-32,2S,9,A,5,5,2027
67018641,67_67399_5136980,3123-42,1S,9,C,5,5,2027
67018641,67_67399_5136980,6682-14,1S,9,A,5,5,2027
67018641,67_67399_5136980,2271810,1S,9,B,5,5,2027
67018641,67_67399_5136980,C922001-52,1S,9,C,5,5,2027
67018641,67_67399_5136980,9104015-31,1S,9,B,5,5,2027
67018641,67_67399_5136980,0915-60,1S,9,B,10,10,2027
67018641,67_67399_5136980,1197997,1S,9,A,5,5,2027
67018641,67_67399_5136980,2075-41,1S,9,B,5,5,2027
67018641,67_67399_5136980,2891169,1S,9,A,5,5,2027
67018641,67_67399_5136980,7651-74,1S,9,A,10,10,2027
67018641,67_67399_5136980,1577880,1S,9,C,5,5,2027
67018641,67_67399_5136980,8697-13,2S,9,B,5,5,2027
67018641,67_67399_5136980,C922204-51,2S,9,B,5,5,2027
67018641,67_67399_5136980,1494818,2S,9,A,5,5,2027
67018642,67_67399_5136980,3038-52,1S,9,B,5,5,2027
67018642,67_67399_5136980,725405,1S,9,C,5,5,2027
67018642,67_67399_5136980,C917303-01,1S,9,B,5,5,2027
67018642,67_67399_5136980,2294150,1S,9,B,5,5,2027
67018642,67_67399_5136980,1256-11,1S,9,B,5,5,2027
67018642,67_67399_5136980,3533-17,1S,9,B,5,5,2027
67018642,67_67399_5136980,0062-53,1S,9,C,5,5,2027
67018642,67_67399_5136980,5819-25,1S,9,C,10,10,2027
67018642,67_67399_5136980,1414738,1S,9,B,10,10,2027
67018642,67_67399_5136980,C9104006-04,1S,9,B,5,5,2027
67018642,67_67399_5136980,642495,1S,9,B,5,5,2027
67018642,67_67399_5136980,1494848,2S,9,C,5,5,2027
67018642,67_67399_5136980,2293999,2S,9,A,5,5,2027
67018642,67_67399_5136980,1593310,2S,9,A,5,5,2027
67018642,67_67399_5136980,C910416-50,2S,9,A,5,5,2027
67018643,67_67399_5136980,C910202-11,1S,9,D,5,5,2027
67018643,67_67399_5136980,C900001-03,1S,9,A,5,5,2027
67018643,67_67399_5136980,2076-55,1S,9,F,5,0,2027
67018643,67_67399_5136980,C924502-50,1S,9,A,5,5,2027
67018643,67_67399_5136980,2097649,1S,9,B,10,10,2027
67018643,67_67399_5136980,102270,1S,9,B,10,10,2027
67018643,67_67399_5136980,1577880,1S,9,A,5,5,2027
67018643,67_67399_5136980,446844,1S,9,A,5,5,2027
67018643,67_67399_5136980,1494909,1S,9,C,5,5,2027
67018643,67_67399_5136980,5793-23,1S,9,A,5,5,2027
67018643,67_67399_5136980,2294091,1S,9,A,5,5,2027
67018643,67_67399_5136980,1850-07,2S,9,A,5,5,2027
67018644,67_67399_5136980,5693-41,1S,9,A,5,5,2027
67018644,67_67399_5136980,1276-56,1S,9,C,5,5,2027
67018644,67_67399_5136980,1458536,1S,9,A,5,5,2027
67018644,67_67399_5136980,2350003,1S,9,B,10,10,2027
67018644,67_67399_5136980,C917305-25,1S,9,A,5,5,2027
67018644,67_67399_5136980,446783,1S,9,A,5,5,2027
67018644,67_67399_5136980,6215-60,1S,9,A,5,5,2027
67018644,67_67399_5136980,7641-58,1S,9,B,10,10,2027
67018644,67_67399_5136980,C924502-03,1S,9,A,5,5,2027
67018644,67_67399_5136980,2076-42,1S,9,A,5,5,2027
67018644,67_67399_5136980,0915-02,1S,9,A,10,10,2027
67018644,67_67399_5136980,C906202-01,2S,9,C,5,5,2027
67018644,67_67399_5136980,C923202-01,2S,9,A,5,5,2027
67018644,67_67399_5136980,27395,2S,9,B,5,5,2027
67018644,67_67399_5136980,7702-52,2S,9,C,5,5,2027
67018645,67_67399_5136980,6215-64,1S,9,A,5,5,2027
67018645,67_67399_5136980,C910418-07,1S,9,B,5,5,2027
67018645,67_67399_5136980,C9104007-03,1S,9,C,5,5,2027
67018645,67_67399_5136980,2151736,1S,9,A,5,5,2027
67018645,67_67399_5136980,448519,1S,9,A,5,5,2027
67018645,67_67399_5136980,C931602-02,1S,9,B,10,10,2027
67018645,67_67399_5136980,2890621,1S,9,A,5,5,2027
67018645,67_67399_5136980,2075-52,1S,9,C,5,5,2027
67018645,67_67399_5136980,C913002-50,1S,9,C,5,5,2027
67018645,67_67399_5136980,1254-19,1S,9,C,5,5,2027
67018645,67_67399_5136980,C713403-02,1S,9,B,5,5,2027
67018645,67_67399_5136980,005693-434,2S,9,B,5,5,2027
67018645,67_67399_5136980,5693-32,2S,9,B,5,5,2027
67018645,67_67399_5136980,1710-18,2S,9,C,5,5,2027
67018645,67_67399_5136980,2482860,2S,9,B,5,5,2027
67018646,67_67399_5136980,2076-52,1S,9,B,5,5,2027
67018646,67_67399_5136980,1553044,1S,9,B,5,5,2027
67018646,67_67399_5136980,C9104008-03,1S,9,C,5,5,2027
67018646,67_67399_5136980,C910418-01,1S,9,A,5,5,2027
67018646,67_67399_5136980,1728-03,1S,9,A,5,5,2027
67018646,67_67399_5136980,446053,1S,9,A,5,5,2027
67018646,67_67399_5136980,1577970,1S,9,C,5,5,2027
67018646,67_67399_5136980,2097590,1S,9,B,10,10,2027
67018646,67_67399_5136980,9815-32,1S,9,B,5,5,2027
67018646,67_67399_5136980,3899-55,1S,9,D,5,5,2027
67018646,67_67399_5136980,1276-50,1S,9,B,5,5,2027
67018646,67_67399_5136980,9104016-53,2S,9,B,5,5,2027
67018646,67_67399_5136980,1883-10,2S,9,B,5,5,2027
67018646,67_67399_5136980,C917304-26,2S,9,C,5,5,2027
67018646,67_67399_5136980,C910203-08,2S,9,C,5,5,2027
67018647,67_67399_5136980,C934002-05,1S,9,A,5,5,2027
67018647,67_67399_5136980,7708-52,1S,9,A,5,5,2027
67018647,67_67399_5136980,0915-60,1S,9,A,10,10,2027
67018647,67_67399_5136980,2075-63,1S,9,B,5,5,2027
67018647,67_67399_5136980,9815-32,1S,9,B,5,5,2027
67018647,67_67399_5136980,7651-52,1S,9,A,10,10,2027
67018647,67_67399_5136980,623106,1S,9,B,5,5,2027
67018647,67_67399_5136980,C917304-14,1S,9,B,5,5,2027
67018647,67_67399_5136980,1226-52,1S,9,B,5,5,2027
67018647,67_67399_5136980,C9104009-05,1S,9,B,5,5,2027
67018647,67_67399_5136980,C751002-03,1S,9,B,5,5,2027
67018647,67_67399_5136980,1746926,2S,9,C,5,5,2027
67018647,67_67399_5136980,27454,2S,9,B,5,5,2027
67018647,67_67399_5136980,5980-54,2S,9,B,10,10,2027
67018647,67_67399_5136980,C910415-56,2S,9,B,5,5,2027
67018648,67_67399_5136980,2890865,1S,9,C,5,5,2027
67018648,67_67399_5136980,2151889,1S,9,B,5,5,2027
67018648,67_67399_5136980,446236,1S,9,B,5,5,2027
67018648,67_67399_5136980,C932202-50,1S,9,A,5,5,2027
67018648,67_67399_5136980,5990-53,1S,9,A,10,10,2027
67018648,67_67399_5136980,05693-3310,1S,9,A,5,5,2027
67018648,67_67399_5136980,C9104007-11,1S,9,C,5,5,2027
67018648,67_67399_5136980,C8421003-42,1S,9,A,15,15,2027
67018648,67_67399_5136980,2076-67,1S,9,C,5,5,2027
67018648,67_67399_5136980,3898-55,1S,9,B,5,5,2027
67018648,67_67399_5136980,1748661,1S,9,A,5,5,2027
67018648,67_67399_5136980,5992-13,2S,9,A,5,5,2027
67018648,67_67399_5136980,C910400803,2S,9,A,5,5,2027
67018648,67_67399_5136980,C922203-50,2S,9,C,5,5,2027
67018648,67_67399_5136980,7708-58,2S,9,A,5,5,2027
67018649,67_67399_5136980,729086,1S,9,B,5,5,2027
67018649,67_67399_5136980,63920,1S,9,C,5,5,2027
67018649,67_67399_5136980,111401,1S,9,C,5,5,2027
67018649,67_67399_5136980,1409777,1S,9,B,10,10,2027
67018649,67_67399_5136980,5432-54,1S,9,B,5,5,2027
67018649,67_67399_5136980,448519,1S,9,B,5,5,2027
67018649,67_67399_5136980,C917203-50,1S,9,A,5,5,2027
67018649,67_67399_5136980,102270,1S,9,B,10,10,2027
67018649,67_67399_5136980,C910204-04,1S,9,C,5,5,2027
67018649,67_67399_5136980,C9104009-05,1S,9,C,5,5,2027
67018649,67_67399_5136980,C9104007-05,1S,9,C,5,5,2027
67018649,67_67399_5136980,24259,2S,9,A,5,5,2027
67018649,67_67399_5136980,C922002-53,2S,9,A,5,5,2027
67018649,67_67399_5136980,4578-52,2S,9,A,5,5,2027
67018650,67_67399_5136980,2076-56,1S,9,A,5,5,2027
67018650,67_67399_5136980,2350003,1S,9,A,10,10,2027
67018650,67_67399_5136980,C906202-01,1S,9,B,5,5,2027
67018650,67_67399_5136980,1284-05,1S,9,C,5,5,2027
67018650,67_67399_5136980,C922403-02,1S,9,B,5,5,2027
67018650,67_67399_5136980,C910400605,1S,9,A,5,5,2027
67018650,67_67399_5136980,111401,1S,9,D,5,5,2027
67018650,67_67399_5136980,5819-29,1S,9,A,10,10,2027
67018650,67_67399_5136980,3037-51,1S,9,A,5,5,2027
67018650,67_67399_5136980,724003,1S,9,B,5,5,2027
67018650,67_67399_5136980,1494482,1S,9,A,5,5,2027
67018650,67_67399_5136980,C910418-03,2S,9,A,5,5,2027
67018650,67_67399_5136980,C922005-01,2S,9,A,5,5,2027
67018650,67_67399_5136980,1748691,2S,9,C,5,5,2027
67018650,67_67399_5136980,5991-16,2S,9,A,5,5,2027
67018651,67_67399_5136980,5990-53,1S,9,F,10,0,2027
67018651,67_67399_5136980,1790-09,1S,9,D,5,5,2027
67018651,67_67399_5136980,111126,1S,9,D,5,5,2027
67018651,67_67399_5136980,2075-58,1S,9,B,5,5,2027
67018651,67_67399_5136980,655733,1S,9,B,10,10,2027
67018651,67_67399_5136980,C910204-12,1S,9,B,5,5,2027
67018651,67_67399_5136980,1577909,1S,9,C,5,5,2027
67018651,67_67399_5136980,C934001-05,1S,9,B,5,5,2027
67018651,67_67399_5136980,101540,1S,9,A,10,10,2027
67018651,67_67399_5136980,298495,1S,9,C,10,10,2027
67018651,67_67399_5136980,1593221,2S,9,C,5,5,2027
67018652,67_67399_5136980,1448978,1S,9,C,10,10,2027
67018652,67_67399_5136980,C917305-23,1S,9,C,5,5,2027
67018652,67_67399_5136980,C713102-04,1S,9,C,5,5,2027
67018652,67_67399_5136980,5432-52,1S,9,B,5,5,2027
67018652,67_67399_5136980,7651-61,1S,9,A,10,10,2027
67018652,67_67399_5136980,2057-15,1S,9,C,5,5,2027
67018652,67_67399_5136980,101752,1S,9,B,10,10,2027
67018652,67_67399_5136980,2076-42,1S,9,B,5,5,2027
67018652,67_67399_5136980,1873727,1S,9,A,5,5,2027
67018652,67_67399_5136980,C910204-07,1S,9,B,5,5,2027
67018652,67_67399_5136980,C910416-54,1S,9,A,5,5,2027
67018652,67_67399_5136980,C922001-53,2S,9,B,5,5,2027
67018652,67_67399_5136980,9226-16,2S,9,C,5,5,2027
67018652,67_67399_5136980,1458597,2S,9,C,5,5,2027
67018652,67_67399_5136980,C910201-16,2S,9,C,5,5,2027
67018653,67_67399_5136980,C923203-03,1S,9,A,5,5,2027
67018653,67_67399_5136980,C910417-02,1S,9,C,5,5,2027
67018653,67_67399_5136980,1593221,1S,9,B,5,5,2027
67018653,67_67399_5136980,C900002-51,1S,9,C,5,5,2027
67018653,67_67399_5136980,2076-61,1S,9,A,5,5,2027
67018653,67_67399_5136980,C925402-09,1S,9,B,5,5,2027
67018653,67_67399_5136980,5819-30,1S,9,C,10,10,2027
67018653,67_67399_5136980,C932202-01,1S,9,A,5,5,2027
67018653,67_67399_5136980,C934002-09,1S,9,C,5,5,2027
67018653,67_67399_5136980,1494209,1S,9,B,5,5,2027
67018653,67_67399_5136980,19115,1S,9,B,5,5,2027
67018653,67_67399_5136980,C922704-01,2S,9,A,10,10,2027
67018653,67_67399_5136980,1883-10,2S,9,B,5,5,2027
67018653,67_67399_5136980,7708-51,2S,9,B,5,5,2027
67018653,67_67399_5136980,7791-17,2S,9,A,5,5,2027
67018654,67_67399_5136980,C8410003-21,1S,9,A,15,15,2027
67018654,67_67399_5136980,C910204-03,1S,9,A,5,5,2027
67018654,67_67399_5136980,0915-51,1S,9,C,10,10,2027
67018654,67_67399_5136980,0061-54,1S,9,B,5,5,2027
67018654,67_67399_5136980,98039,1S,9,A,5,5,2027
67018654,67_67399_5136980,216592,1S,9,B,10,10,2027
67018654,67_67399_5136980,3068-54,1S,9,B,5,5,2027
67018654,67_67399_5136980,446813,1S,9,B,5,5,2027
67018654,67_67399_5136980,2151797,1S,9,B,5,5,2027
67018654,67_67399_5136980,C922001-53,1S,9,B,5,5,2027
67018654,67_67399_5136980,5793-13,1S,9,A,5,5,2027
67018654,67_67399_5136980,C922001-50,2S,9,B,5,5,2027
67018654,67_67399_5136980,1768961,2S,9,A,5,5,2027
67018654,67_67399_5136980,8697-14,2S,9,A,5,5,2027
67018655,67_67399_5136980,623137,1S,9,B,5,5,2027
67018655,67_67399_5136980,3533-19,1S,9,B,5,5,2027
67018655,67_67399_5136980,64437,1S,9,C,5,5,2027
67018655,67_67399_5136980,1874426,1S,9,B,5,5,2027
67018655,67_67399_5136980,C910203-17,1S,9,A,5,5,2027
67018655,67_67399_5136980,736755,1S,9,A,10,10,2027
67018655,67_67399_5136980,C931602-04,1S,9,B,10,10,2027
67018655,67_67399_5136980,C9104007-05,1S,9,B,5,5,2027
67018655,67_67399_5136980,0215-03,1S,9,A,10,10,2027
67018655,67_67399_5136980,1494482,1S,9,B,5,5,2027
67018655,67_67399_5136980,3121-00,1S,9,A,5,5,2027
67018655,67_67399_5136980,980313,2S,9,B,5,5,2027
67018655,67_67399_5136980,1385641,2S,9,A,5,5,2027
67018655,67_67399_5136980,5992-14,2S,9,A,5,5,2027
67018656,67_67399_5136980,64437,1S,9,A,5,5,2027
67018656,67_67399_5136980,4578-52,1S,9,B,5,5,2027
67018656,67_67399_5136980,C925401-02,1S,9,B,5,5,2027
67018656,67_67399_5136980,2493-50,1S,9,B,10,10,2027
67018656,67_67399_5136980,3038-53,1S,9,C,5,5,2027
67018656,67_67399_5136980,C934001-06,1S,9,B,5,5,2027
67018656,67_67399_5136980,1494848,1S,9,A,5,5,2027
67018656,67_67399_5136980,005693--33,1S,9,A,5,5,2027
67018656,67_67399_5136980,C906201-02,1S,9,B,5,5,2027
67018656,67_67399_5136980,1414891,1S,9,B,10,10,2027
67018656,67_67399_5136980,0915-12,1S,9,A,10,10,2027
67018656,67_67399_5136980,1746773,2S,9,B,5,5,2027
67018656,67_67399_5136980,1790-07,2S,9,A,5,5,2027
67018656,67_67399_5136980,C9104007-11,2S,9,A,5,5,2027
67018657,67_67399_5136980,05693-4311,1S,9,D,5,5,2027
67018657,67_67399_5136980,2271810,1S,9,A,5,5,2027
67018657,67_67399_5136980,005693-234,1S,9,D,5,5,2027
67018657,67_67399_5136980,1748661,1S,9,B,5,5,2027
67018657,67_67399_5136980,1056649,1S,9,A,5,5,2027
67018657,67_67399_5136980,2076-56,1S,9,B,5,5,2027
67018657,67_67399_5136980,2891016,1S,9,A,5,5,2027
67018657,67_67399_5136980,7651-58,1S,9,C,10,10,2027
67018657,67_67399_5136980,6215-54,1S,9,B,5,5,2027
67018657,67_67399_5136980,446236,1S,9,B,5,5,2027
67018657,67_67399_5136980,1710-19,1S,9,B,5,5,2027
67018657,67_67399_5136980,8697-17,2S,9,A,5,5,2027
67018657,67_67399_5136980,C917305-09,2S,9,C,5,5,2027
67018657,67_67399_5136980,C906201-03,2S,9,D,5,5,2027
67018658,67_67399_5136980,1409563,1S,9,B,10,10,2027
67018658,67_67399_5136980,2273302,1S,9,B,5,5,2027
67018658,67_67399_5136980,C910418-11,1S,9,C,5,5,2027
67018658,67_67399_5136980,9000-50,1S,9,D,5,5,2027
67018658,67_67399_5136980,1710-19,1S,9,A,5,5,2027
67018658,67_67399_5136980,643226,1S,9,C,5,5,2027
67018658,67_67399_5136980,3038-53,1S,9,B,5,5,2027
67018658,67_67399_5136980,57497,1S,9,F,5,0,2027
67018658,67_67399_5136980,2075-59,1S,9,C,5,5,2027
67018658,67_67399_5136980,205389,1S,9,A,5,5,2027
67018658,67_67399_5136980,1256-05,1S,9,B,5,5,2027
67018658,67_67399_5136980,1385458,2S,9,D,5,5,2027
67018658,67_67399_5136980,1494482,2S,9,A,5,5,2027
67018658,67_67399_5136980,1746773,2S,9,C,5,5,2027
67018659,67_67399_5136980,3897-52,1S,9,A,5,5,2027
67018659,67_67399_5136980,0061-50,1S,9,B,5,5,2027
67018659,67_67399_5136980,C925402-05,1S,9,C,5,5,2027
67018659,67_67399_5136980,5819-17,1S,9,A,10,10,2027
67018659,67_67399_5136980,3038-52,1S,9,B,5,5,2027
67018659,67_67399_5136980,446844,1S,9,B,5,5,2027
67018659,67_67399_5136980,1850-02,1S,9,A,5,5,2027
67018659,67_67399_5136980,C910415-53,1S,9,B,5,5,2027
67018659,67_67399_5136980,645842,1S,9,C,10,10,2027
67018659,67_67399_5136980,7702-55,1S,9,A,5,5,2027
67018659,67_67399_5136980,5991-20,1S,9,A,5,5,2027
67018659,67_67399_5136980,1748418,2S,9,B,5,5,2027
67018659,67_67399_5136980,5991-17,2S,9,B,5,5,2027
67018659,67_67399_5136980,C9104009-01,2S,9,A,5,5,2027
67018660,67_67399_5136980,2482587,1S,9,B,5,5,2027
67018660,67_67399_5136980,2002686,1S,9,B,10,10,2027
67018660,67_67399_5136980,2075-50,1S,9,C,5,5,2027
67018660,67_67399_5136980,9814-17,1S,9,D,5,5,2027
67018660,67_67399_5136980,7651-69,1S,9,A,10,10,2027
67018660,67_67399_5136980,6215-54,1S,9,B,5,5,2027
67018660,67_67399_5136980,645476,1S,9,D,5,5,2027
67018660,67_67399_5136980,1198028,1S,9,A,5,5,2027
67018660,67_67399_5136980,1883-03,1S,9,C,5,5,2027
67018660,67_67399_5136980,C910416-56,1S,9,B,5,5,2027
67018660,67_67399_5136980,C820002-01,1S,9,C,5,5,2027
67018660,67_67399_5136980,1286-04,2S,9,B,5,5,2027
67018660,67_67399_5136980,1710-07,2S,9,B,5,5,2027
67018660,67_67399_5136980,1446728,2S,9,C,10,10,2027
67018660,67_67399_5136980,5793-32,2S,9,B,5,5,2027
67018661,67_67399_5136980,C934001-10,1S,9,B,5,5,2027
67018661,67_67399_5136980,1746865,1S,9,C,5,5,2027
67018661,67_67399_5136980,3899-52,1S,9,A,5,5,2027
67018661,67_67399_5136980,2075-63,1S,9,C,5,5,2027
67018661,67_67399_5136980,2890986,1S,9,B,5,5,2027
67018661,67_67399_5136980,216682,1S,9,B,10,10,2027
67018661,67_67399_5136980,622406,1S,9,A,5,5,2027
67018661,67_67399_5136980,C917305-09,1S,9,C,5,5,2027
67018661,67_67399_5136980,5980-58,1S,9,B,10,10,2027
67018661,67_67399_5136980,C923201-01,1S,9,C,5,5,2027
67018661,67_67399_5136980,645811,1S,9,B,10,10,2027
67018661,67_67399_5136980,C910201-06,2S,9,B,5,5,2027
67018661,67_67399_5136980,1790-20,2S,9,C,5,5,2027
67018661,67_67399_5136980,C906202-03,2S,9,C,5,5,2027
67018662,67_67399_5136980,7708-63,1S,9,A,5,5,2027
67018662,67_67399_5136980,27426,1S,9,C,5,5,2027
67018662,67_67399_5136980,C913002-50,1S,9,A,5,5,2027
67018662,67_67399_5136980,2076-57,1S,9,A,5,5,2027
67018662,67_67399_5136980,596655,1S,9,A,5,5,2027
67018662,67_67399_5136980,C931602-01,1S,9,C,10,10,2027
67018662,67_67399_5136980,3068-53,1S,9,A,5,5,2027
67018662,67_67399_5136980,05693-3310,1S,9,C,5,5,2027
67018662,67_67399_5136980,2272541,1S,9,D,5,5,2027
67018662,67_67399_5136980,C934002-08,1S,9,A,5,5,2027
67018662,67_67399_5136980,0215-03,1S,9,A,10,10,2027
67018662,67_67399_5136980,7708-60,2S,9,B,5,5,2027
67018662,67_67399_5136980,1226-51,2S,9,C,5,5,2027
67018663,67_67399_5136980,104827,1S,9,B,10,10,2027
67018663,67_67399_5136980,298556,1S,9,B,10,10,2027
67018663,67_67399_5136980,2076-58,1S,9,A,5,5,2027
67018663,67_67399_5136980,C913302-02,1S,9,C,5,5,2027
67018663,67_67399_5136980,C910201-07,1S,9,A,5,5,2027
67018663,67_67399_5136980,5793-13,1S,9,C,5,5,2027
67018663,67_67399_5136980,C917304-13,1S,9,C,5,5,2027
67018663,67_67399_5136980,C934002-08,1S,9,A,5,5,2027
67018663,67_67399_5136980,1579401,1S,9,B,5,5,2027
67018663,67_67399_5136980,7641-53,1S,9,A,10,10,2027
67018663,67_67399_5136980,100079,1S,9,C,5,5,2027
67018663,67_67399_5136980,298464,2S,9,B,10,10,2027
67018663,67_67399_5136980,C910802-03,2S,9,A,5,5,2027
67018663,67_67399_5136980,7791-13,2S,9,C,5,5,2027
67018664,67_67399_5136980,C913001-01,1S,9,B,5,5,2027
67018664,67_67399_5136980,2348662,1S,9,B,10,10,2027
67018664,67_67399_5136980,1735665,1S,9,A,5,5,2027
67018664,67_67399_5136980,1224-51,1S,9,A,5,5,2027
67018664,67_67399_5136980,1392731,1S,9,A,5,5,2027
67018664,67_67399_5136980,1256-06,1S,9,C,5,5,2027
67018664,67_67399_5136980,2076-56,1S,9,C,5,5,2027
67018664,67_67399_5136980,C924502-03,1S,9,B,5,5,2027
67018664,67_67399_5136980,645476,1S,9,C,5,5,2027
67018664,67_67399_5136980,6215-57,1S,9,A,5,5,2027
67018664,67_67399_5136980,7651-70,1S,9,C,10,10,2027
67018664,67_67399_5136980,C910429-03,2S,9,A,5,5,2027
67018664,67_67399_5136980,1256-32,2S,9,B,5,5,2027
67018664,67_67399_5136980,05693-4311,2S,9,B,5,5,2027
67018664,67_67399_5136980,27791,2S,9,A,5,5,2027
67018665,67_67399_5136980,104827,1S,9,A,10,10,2027
67018665,67_67399_5136980,C910416-50,1S,9,B,5,5,2027
67018665,67_67399_5136980,C910417-03,1S,9,A,5,5,2027
67018665,67_67399_5136980,1735634,1S,9,A,5,5,2027
67018665,67_67399_5136980,C934001-03,1S,9,C,5,5,2027
67018665,67_67399_5136980,C932202-52,1S,9,B,5,5,2027
67018665,67_67399_5136980,4578-51,1S,9,B,5,5,2027
67018665,67_67399_5136980,5819-20,1S,9,A,10,10,2027
67018665,67_67399_5136980,205328,1S,9,B,5,5,2027
67018665,67_67399_5136980,2076-55,1S,9,B,5,5,2027
67018665,67_67399_5136980,C925402-05,1S,9,B,5,5,2027
67018665,67_67399_5136980,C910204-17,2S,9,B,5,5,2027
67018665,67_67399_5136980,9226-14,2S,9,B,5,5,2027
67018665,67_67399_5136980,1446728,2S,9,B,10,10,2027
67018666,67_67399_5136980,C910204-02,1S,9,B,5,5,2027
67018666,67_67399_5136980,C925401-06,1S,9,B,5,5,2027
67018666,67_67399_5136980,1431568,1S,9,C,10,10,2027
67018666,67_67399_5136980,623106,1S,9,A,5,5,2027
67018666,67_67399_5136980,3121-15,1S,9,C,5,5,2027
67018666,67_67399_5136980,1790-12,1S,9,C,5,5,2027
67018666,67_67399_5136980,C8421003-42,1S,9,B,15,15,2027
67018666,67_67399_5136980,2076-66,1S,9,A,5,5,2027
67018666,67_67399_5136980,729392,1S,9,D,5,5,2027
67018666,67_67399_5136980,2294030,1S,9,B,5,5,2027
67018666,67_67399_5136980,1421923,1S,9,A,5,5,2027
67018666,67_67399_5136980,24139,2S,9,C,5,5,2027
67018666,67_67399_5136980,1256-42,2S,9,B,5,5,2027
67018666,67_67399_5136980,5693-31,2S,9,A,5,5,2027
67018667,67_67399_5136980,7708-59,1S,9,A,5,5,2027
67018667,67_67399_5136980,C934002-05,1S,9,B,5,5,2027
67018667,67_67399_5136980,7791-20,1S,9,A,5,5,2027
67018667,67_67399_5136980,1579341,1S,9,C,5,5,2027
67018667,67_67399_5136980,C922005-01,1S,9,A,5,5,2027
67018667,67_67399_5136980,7651-75,1S,9,A,10,10,2027
67018667,67_67399_5136980,2593224,1S,9,B,5,5,2027
67018667,67_67399_5136980,102301,1S,9,B,10,10,2027
67018667,67_67399_5136980,C925401-05,1S,9,A,5,5,2027
67018667,67_67399_5136980,2076-51,1S,9,A,5,5,2027
67018667,67_67399_5136980,3897-53,1S,9,B,5,5,2027
67018667,67_67399_5136980,1710-14,2S,9,B,5,5,2027
67018667,67_67399_5136980,1385519,2S,9,C,5,5,2027
67018667,67_67399_5136980,6682-13,2S,9,A,5,5,2027
67018668,67_67399_5136980,1767045,1S,9,B,5,5,2027
67018668,67_67399_5136980,24108,1S,9,A,5,5,2027
67018668,67_67399_5136980,104947,1S,9,B,10,10,2027
67018668,67_67399_5136980,C922703-02,1S,9,C,10,10,2027
67018668,67_67399_5136980,5793-22,1S,9,A,5,5,2027
67018668,67_67399_5136980,7708-54,1S,9,A,5,5,2027
67018668,67_67399_5136980,0915-58,1S,9,A,10,10,2027
67018668,67_67399_5136980,2076-58,1S,9,C,5,5,2027
67018668,67_67399_5136980,596533,1S,9,A,5,5,2027
67018668,67_67399_5136980,C932302-50,1S,9,B,5,5,2027
67018668,67_67399_5136980,3038-51,1S,9,A,5,5,2027
67018668,67_67399_5136980,C910430-04,2S,9,B,5,5,2027
67018668,67_67399_5136980,23833,2S,9,B,5,5,2027
67018668,67_67399_5136980,980404,2S,9,B,5,5,2027
67018669,67_67399_5136980,C910416-52,1S,9,A,5,5,2027
67018669,67_67399_5136980,C910418-13,1S,9,B,5,5,2027
67018669,67_67399_5136980,C917305-13,1S,9,B,5,5,2027
67018669,67_67399_5136980,C934002-04,1S,9,A,5,5,2027
67018669,67_67399_5136980,C932201-01,1S,9,A,5,5,2027
67018669,67_67399_5136980,7651-73,1S,9,B,10,10,2027
67018669,67_67399_5136980,111095,1S,9,C,5,5,2027
67018669,67_67399_5136980,2076-50,1S,9,A,5,5,2027
67018669,67_67399_5136980,C913301-01,1S,9,A,5,5,2027
67018669,67_67399_5136980,7708-58,1S,9,A,5,5,2027
67018669,67_67399_5136980,C8421003-53,1S,9,B,15,15,2027
67018669,67_67399_5136980,C922001-51,2S,9,A,5,5,2027
67018669,67_67399_5136980,5992-32,2S,9,B,5,5,2027
67018669,67_67399_5136980,1746623,2S,9,B,5,5,2027
67018670,67_67399_5136980,730365,1S,9,A,5,5,2027
67018670,67_67399_5136980,1592825,1S,9,D,5,5,2027
67018670,67_67399_5136980,2076-65,1S,9,C,5,5,2027
67018670,67_67399_5136980,9814-19,1S,9,F,5,0,2027
67018670,67_67399_5136980,1431477,1S,9,A,10,10,2027
67018670,67_67399_5136980,5432-62,1S,9,A,5,5,2027
67018670,67_67399_5136980,446236,1S,9,C,5,5,2027
67018670,67_67399_5136980,1735665,1S,9,A,5,5,2027
67018670,67_67399_5136980,5980-56,1S,9,A,10,10,2027
67018670,67_67399_5136980,C751101-02,1S,9,B,5,5,2027
67018670,67_67399_5136980,C910417-06,1S,9,B,5,5,2027
67018670,67_67399_5136980,1790-20,2S,9,A,5,5,2027
67018670,67_67399_5136980,2293756,2S,9,B,5,5,2027
67018671,67_67399_5136980,1748722,1S,9,A,5,5,2027
67018671,67_67399_5136980,0915-57,1S,9,A,10,10,2027
67018671,67_67399_5136980,2076-67,1S,9,B,5,5,2027
67018671,67_67399_5136980,9815-50,1S,9,B,5,5,2027
67018671,67_67399_5136980,5990-53,1S,9,A,10,10,2027
67018671,67_67399_5136980,5432-50,1S,9,A,5,5,2027
67018671,67_67399_5136980,C934002-06,1S,9,C,5,5,2027
67018671,67_67399_5136980,1728-04,1S,9,B,5,5,2027
67018671,67_67399_5136980,1385580,1S,9,A,5,5,2027
67018671,67_67399_5136980,C920002-01,1S,9,B,10,10,2027
67018671,67_67399_5136980,884285,1S,9,C,10,10,2027
67018671,67_67399_5136980,C910201-13,2S,9,C,5,5,2027
67018671,67_67399_5136980,1494634,2S,9,A,5,5,2027
67018671,67_67399_5136980,1421923,2S,9,C,5,5,2027
67018672,67_67399_5136980,2002717,1S,9,A,10,10,2027
67018672,67_67399_5136980,2380288,1S,9,B,10,10,2027
67018672,67_67399_5136980,1392731,1S,9,A,5,5,2027
67018672,67_67399_5136980,C910418-11,1S,9,A,5,5,2027
67018672,67_67399_5136980,2151797,1S,9,C,5,5,2027
67018672,67_67399_5136980,3123-16,1S,9,C,5,5,2027
67018672,67_67399_5136980,3064-53,1S,9,B,5,5,2027
67018672,67_67399_5136980,6687-17,1S,9,B,5,5,2027
67018672,67_67399_5136980,5819-33,1S,9,A,10,10,2027
67018672,67_67399_5136980,9814-17,1S,9,B,5,5,2027
67018672,67_67399_5136980,2076-56,1S,9,B,5,5,2027
67018672,67_67399_5136980,C910400601,2S,9,A,5,5,2027
67018672,67_67399_5136980,5992-17,2S,9,B,5,5,2027
67018672,67_67399_5136980,1010-50,2S,9,B,10,10,2027
67018673,67_67399_5136980,2099447,1S,9,C,5,5,2027
67018673,67_67399_5136980,657985,1S,9,C,10,10,2027
67018673,67_67399_5136980,0062-53,1S,9,A,5,5,2027
67018673,67_67399_5136980,C924502-02,1S,9,C,5,5,2027
67018673,67_67399_5136980,2097164,1S,9,B,10,10,2027
67018673,67_67399_5136980,1577909,1S,9,B,5,5,2027
67018673,67_67399_5136980,3123-17,1S,9,A,5,5,2027
67018673,67_67399_5136980,1710-17,1S,9,F,5,0,2027
67018673,67_67399_5136980,005693-436,1S,9,A,5,5,2027
67018673,67_67399_5136980,C923204-01,1S,9,C,5,5,2027
67018673,67_67399_5136980,C8421003-53,1S,9,D,15,15,2027
67018673,67_67399_5136980,1385580,2S,9,C,5,5,2027
67018674,67_67399_5136980,63951,1S,9,A,5,5,2027
67018674,67_67399_5136980,0915-11,1S,9,A,10,10,2027
67018674,67_67399_5136980,C700001-50,1S,9,B,5,5,2027
67018674,67_67399_5136980,C922205-01,1S,9,A,5,5,2027
67018674,67_67399_5136980,C922001-53,1S,9,A,5,5,2027
67018674,67_67399_5136980,27760,1S,9,A,5,5,2027
67018674,67_67399_5136980,C934001-04,1S,9,B,5,5,2027
67018674,67_67399_5136980,3064-54,1S,9,B,5,5,2027
67018674,67_67399_5136980,7651-59,1S,9,A,10,10,2027
67018674,67_67399_5136980,C925401-08,1S,9,C,5,5,2027
67018674,67_67399_5136980,C910203-03,1S,9,C,5,5,2027
67018674,67_67399_5136980,C910203-07,2S,9,B,5,5,2027
67018674,67_67399_5136980,1710-17,2S,9,B,5,5,2027
67018674,67_67399_5136980,005693-134,2S,9,B,5,5,2027
67018675,67_67399_5136980,5693-31,1S,9,B,5,5,2027
67018675,67_67399_5136980,C8421003-43,1S,9,C,15,15,2027
67018675,67_67399_5136980,1385580,1S,9,C,5,5,2027
67018675,67_67399_5136980,9226-16,1S,9,A,5,5,2027
67018675,67_67399_5136980,C934001-03,1S,9,B,5,5,2027
67018675,67_67399_5136980,1576113,1S,9,A,5,5,2027
67018675,67_67399_5136980,5819-32,1S,9,A,10,10,2027
67018675,67_67399_5136980,100110,1S,9,A,5,5,2027
67018675,67_67399_5136980,2075-61,1S,9,B,5,5,2027
67018675,67_67399_5136980,205389,1S,9,A,5,5,2027
67018675,67_67399_5136980,1280-51,1S,9,B,5,5,2027
67018675,67_67399_5136980,298436,2S,9,A,10,10,2027
67018675,67_67399_5136980,1790-01,2S,9,A,5,5,2027
67018675,67_67399_5136980,1748722,2S,9,C,5,5,2027
67018676,67_67399_5136980,1494482,1S,9,B,5,5,2027
67018676,67_67399_5136980,C9104009-05,1S,9,A,5,5,2027
67018676,67_67399_5136980,5793-13,1S,9,A,5,5,2027
67018676,67_67399_5136980,C751002-03,1S,9,A,5,5,2027
67018676,67_67399_5136980,3123-13,1S,9,C,5,5,2027
67018676,67_67399_5136980,3068-53,1S,9,B,5,5,2027
67018676,67_67399_5136980,7641-51,1S,9,B,10,10,2027
67018676,67_67399_5136980,57377,1S,9,B,5,5,2027
67018676,67_67399_5136980,2075-51,1S,9,C,5,5,2027
67018676,67_67399_5136980,4792-51,1S,9,A,5,5,2027
67018676,67_67399_5136980,C910202-21,1S,9,B,5,5,2027
67018676,67_67399_5136980,1790-11,2S,9,B,5,5,2027
67018676,67_67399_5136980,005693-134,2S,9,C,5,5,2027
67018676,67_67399_5136980,1286-04,2S,9,C,5,5,2027
67018677,67_67399_5136980,3064-53,1S,9,B,5,5,2027
67018677,67_67399_5136980,C910203-09,1S,9,A,5,5,2027
67018677,67_67399_5136980,101630,1S,9,B,10,10,2027
67018677,67_67399_5136980,1877348,1S,9,A,5,5,2027
67018677,67_67399_5136980,2076-55,1S,9,C,5,5,2027
67018677,67_67399_5136980,596474,1S,9,B,5,5,2027
67018677,67_67399_5136980,1409807,1S,9,A,10,10,2027
67018677,67_67399_5136980,1464714,1S,9,B,10,10,2027
67018677,67_67399_5136980,C934002-04,1S,9,A,5,5,2027
67018677,67_67399_5136980,C917305-21,1S,9,B,5,5,2027
67018677,67_67399_5136980,C9104009-5,1S,9,A,5,5,2027
67018677,67_67399_5136980,27395,2S,9,B,5,5,2027
67018677,67_67399_5136980,C910418-14,2S,9,C,5,5,2027
67018677,67_67399_5136980,C910204-06,2S,9,A,5,5,2027
67018678,67_67399_5136980,May-54,1S,9,B,5,5,2027
67018678,67_67399_5136980,1385580,1S,9,C,5,5,2027
67018678,67_67399_5136980,1464683,1S,9,A,10,10,2027
67018678,67_67399_5136980,C917305-08,1S,9,B,5,5,2027
67018678,67_67399_5136980,725374,1S,9,B,5,5,2027
67018678,67_67399_5136980,6215-60,1S,9,B,5,5,2027
67018678,67_67399_5136980,7651-71,1S,9,B,10,10,2027
67018678,67_67399_5136980,111401,1S,9,B,5,5,2027
67018678,67_67399_5136980,2075-51,1S,9,B,5,5,2027
67018678,67_67399_5136980,0915-04,1S,9,B,10,10,2027
67018678,67_67399_5136980,7708-64,1S,9,B,5,5,2027
67018678,67_67399_5136980,1593614,2S,9,B,5,5,2027
67018678,67_67399_5136980,1883-02,2S,9,C,5,5,2027
67018678,67_67399_5136980,1790-01,2S,9,B,5,5,2027
67018679,67_67399_5136980,C922002-50,1S,9,B,5,5,2027
67018679,67_67399_5136980,3037-52,1S,9,C,5,5,2027
67018679,67_67399_5136980,446206,1S,9,A,5,5,2027
67018679,67_67399_5136980,1748508,1S,9,B,5,5,2027
67018679,67_67399_5136980,2151919,1S,9,B,5,5,2027
67018679,67_67399_5136980,2350031,1S,9,B,10,10,2027
67018679,67_67399_5136980,1448978,1S,9,C,10,10,2027
67018679,67_67399_5136980,2275463,1S,9,B,10,10,2027
67018679,67_67399_5136980,64345,1S,9,A,5,5,2027
67018679,67_67399_5136980,111460,1S,9,B,5,5,2027
67018679,67_67399_5136980,1431446,1S,9,B,10,10,2027
67018679,67_67399_5136980,2151766,2S,9,A,5,5,2027
67018679,67_67399_5136980,1746835,2S,9,B,5,5,2027
67018679,67_67399_5136980,C922206-01,2S,9,C,5,5,2027
67018680,67_67399_5136980,7708-61,1S,9,A,5,5,2027
67018680,67_67399_5136980,774741,1S,9,B,5,5,2027
67018680,67_67399_5136980,0061-51,1S,9,A,5,5,2027
67018680,67_67399_5136980,1693663,1S,9,B,5,5,2027
67018680,67_67399_5136980,C930302-02,1S,9,A,10,10,2027
67018680,67_67399_5136980,005693--33,1S,9,A,5,5,2027
67018680,67_67399_5136980,2151766,1S,9,C,5,5,2027
67018680,67_67399_5136980,645386,1S,9,B,5,5,2027
67018680,67_67399_5136980,623106,1S,9,B,5,5,2027
67018680,67_67399_5136980,2098321,1S,9,B,10,10,2027
67018680,67_67399_5136980,9815-37,1S,9,B,5,5,2027
67018680,67_67399_5136980,1747169,2S,9,A,5,5,2027
67018680,67_67399_5136980,C9104008-02,2S,9,B,5,5,2027
67018680,67_67399_5136980,1494848,2S,9,A,5,5,2027
67018681,67_67399_5136980,9104016-22,1S,9,B,5,5,2027
67018681,67_67399_5136980,C910203-06,1S,9,C,5,5,2027
67018681,67_67399_5136980,729847,1S,9,A,5,5,2027
67018681,67_67399_5136980,64345,1S,9,B,5,5,2027
67018681,67_67399_5136980,9815-51,1S,9,A,5,5,2027
67018681,67_67399_5136980,101660,1S,9,B,10,10,2027
67018681,67_67399_5136980,622406,1S,9,C,5,5,2027
67018681,67_67399_5136980,446905,1S,9,B,5,5,2027
67018681,67_67399_5136980,1726-02,1S,9,A,5,5,2027
67018681,67_67399_5136980,C910400701,1S,9,A,5,5,2027
67018681,67_67399_5136980,C931602-04,1S,9,A,10,10,2027
67018681,67_67399_5136980,9104015-11,2S,9,C,5,5,2027
67018681,67_67399_5136980,C917304-26,2S,9,A,5,5,2027
67018681,67_67399_5136980,1593310,2S,9,B,5,5,2027
67018682,67_67399_5136980,729877,1S,9,B,5,5,2027
67018682,67_67399_5136980,645811,1S,9,A,10,10,2027
67018682,67_67399_5136980,C930302-02,1S,9,A,10,10,2027
67018682,67_67399_5136980,9104016-32,1S,9,A,5,5,2027
67018682,67_67399_5136980,1494787,1S,9,A,5,5,2027
67018682,67_67399_5136980,645386,1S,9,B,5,5,2027
67018682,67_67399_5136980,5432-54,1S,9,A,5,5,2027
67018682,67_67399_5136980,2097194,1S,9,B,10,10,2027
67018682,67_67399_5136980,9815-21,1S,9,B,5,5,2027
67018682,67_67399_5136980,2075-54,1S,9,C,5,5,2027
67018682,67_67399_5136980,980344,1S,9,C,5,5,2027
67018682,67_67399_5136980,C910417-07,2S,9,A,5,5,2027
67018682,67_67399_5136980,2293756,2S,9,B,5,5,2027
67018682,67_67399_5136980,5991-17,2S,9,A,5,5,2027
67018682,67_67399_5136980,1288-05,2S,9,A,5,5,2027
67018683,67_67399_5136980,C700001-53,1S,9,B,5,5,2027
67018683,67_67399_5136980,C910416-51,1S,9,A,5,5,2027
67018683,67_67399_5136980,1254-41,1S,9,B,5,5,2027
67018683,67_67399_5136980,1022316,1S,9,C,10,10,2027
67018683,67_67399_5136980,2076-51,1S,9,B,5,5,2027
67018683,67_67399_5136980,9814-24,1S,9,C,5,5,2027
67018683,67_67399_5136980,1409807,1S,9,A,10,10,2027
67018683,67_67399_5136980,C932202-01,1S,9,C,5,5,2027
67018683,67_67399_5136980,723944,1S,9,A,5,5,2027
67018683,67_67399_5136980,1710-16,1S,9,B,5,5,2027
67018683,67_67399_5136980,5793-23,1S,9,A,5,5,2027
67018683,67_67399_5136980,1385368,2S,9,A,5,5,2027
67018683,67_67399_5136980,1883-01,2S,9,A,5,5,2027
67018683,67_67399_5136980,4579-51,2S,9,A,5,5,2027
67018683,67_67399_5136980,1768961,2S,9,B,5,5,2027
67018684,67_67399_5136980,994192,1S,9,B,5,5,2027
67018684,67_67399_5136980,C8421003-33,1S,9,B,15,15,2027
67018684,67_67399_5136980,1464624,1S,9,A,10,10,2027
67018684,67_67399_5136980,5432-62,1S,9,A,5,5,2027
67018684,67_67399_5136980,217412,1S,9,C,10,10,2027
67018684,67_67399_5136980,9814-21,1S,9,A,5,5,2027
67018684,67_67399_5136980,64376,1S,9,B,5,5,2027
67018684,67_67399_5136980,206120,1S,9,A,5,5,2027
67018684,67_67399_5136980,1385399,1S,9,B,5,5,2027
67018684,67_67399_5136980,C910202-01,1S,9,A,5,5,2027
67018684,67_67399_5136980,1494360,1S,9,C,5,5,2027
67018684,67_67399_5136980,C906201-01,2S,9,A,5,5,2027
67018684,67_67399_5136980,8362-50,2S,9,B,10,10,2027
67018685,67_67399_5136980,2075-66,1S,9,B,5,5,2027
67018685,67_67399_5136980,104858,1S,9,C,10,10,2027
67018685,67_67399_5136980,C924507-51,1S,9,B,5,5,2027
67018685,67_67399_5136980,240728,1S,9,A,5,5,2027
67018685,67_67399_5136980,6215-64,1S,9,D,5,5,2027
67018685,67_67399_5136980,2098321,1S,9,C,10,10,2027
67018685,67_67399_5136980,5793-31,1S,9,A,5,5,2027
67018685,67_67399_5136980,5991-20,1S,9,B,5,5,2027
67018685,67_67399_5136980,886111,1S,9,C,5,5,2027
67018685,67_67399_5136980,1767045,1S,9,C,5,5,2027
67018685,67_67399_5136980,1748661,1S,9,C,5,5,2027
67018685,67_67399_5136980,1850-07,2S,9,A,5,5,2027
67018685,67_67399_5136980,C917305-28,2S,9,B,5,5,2027
67018685,67_67399_5136980,1747261,2S,9,A,5,5,2027
67018686,67_67399_5136980,3064-50,1S,9,C,5,5,2027
67018686,67_67399_5136980,C820001-01,1S,9,B,5,5,2027
67018686,67_67399_5136980,C9104007-10,1S,9,D,5,5,2027
67018686,67_67399_5136980,C910430-01,1S,9,F,5,0,2027
67018686,67_67399_5136980,5992-20,1S,9,A,5,5,2027
67018686,67_67399_5136980,725464,1S,9,A,5,5,2027
67018686,67_67399_5136980,7702-50,1S,9,B,5,5,2027
67018686,67_67399_5136980,7651-61,1S,9,C,10,10,2027
67018686,67_67399_5136980,111156,1S,9,A,5,5,2027
67018686,67_67399_5136980,2075-31,1S,9,A,5,5,2027
67018686,67_67399_5136980,1520507,1S,9,A,10,10,2027
67018686,67_67399_5136980,2294122,2S,9,D,5,5,2027
67018686,67_67399_5136980,C917203-50,2S,9,A,5,5,2027
67018686,67_67399_5136980,8364-50,2S,9,C,10,10,2027
67018687,67_67399_5136980,C910429-01,1S,9,C,5,5,2027
67018687,67_67399_5136980,May-51,1S,9,A,5,5,2027
67018687,67_67399_5136980,7708-53,1S,9,C,5,5,2027
67018687,67_67399_5136980,1206763,1S,9,B,10,10,2027
67018687,67_67399_5136980,C917402-01,1S,9,F,5,0,2027
67018687,67_67399_5136980,Apr-86,1S,9,D,5,5,2027
67018687,67_67399_5136980,6215-55,1S,9,C,5,5,2027
67018687,67_67399_5136980,5819-24,1S,9,A,10,10,2027
67018687,67_67399_5136980,111156,1S,9,C,5,5,2027
67018687,67_67399_5136980,2075-60,1S,9,C,5,5,2027
67018687,67_67399_5136980,7502-50,1S,9,B,5,5,2027
67018687,67_67399_5136980,1421923,2S,9,A,5,5,2027
67018687,67_67399_5136980,1446879,2S,9,B,10,10,2027
67018687,67_67399_5136980,2099447,2S,9,A,5,5,2027
67018688,67_67399_5136980,C910502-02,1S,9,B,5,5,2027
67018688,67_67399_5136980,C751002-02,1S,9,C,5,5,2027
67018688,67_67399_5136980,1464683,1S,9,A,10,10,2027
67018688,67_67399_5136980,7791-17,1S,9,A,5,5,2027
67018688,67_67399_5136980,C713101-04,1S,9,C,5,5,2027
67018688,67_67399_5136980,5432-59,1S,9,B,5,5,2027
67018688,67_67399_5136980,7641-59,1S,9,C,10,10,2027
67018688,67_67399_5136980,1996783,1S,9,C,10,10,2027
67018688,67_67399_5136980,2075-64,1S,9,C,5,5,2027
67018688,67_67399_5136980,C930301-01,1S,9,B,10,10,2027
67018688,67_67399_5136980,C910203-17,1S,9,B,5,5,2027
67018688,67_67399_5136980,1883-06,2S,9,B,5,5,2027
67018688,67_67399_5136980,1790-19,2S,9,A,5,5,2027
67018688,67_67399_5136980,C910201-06,2S,9,B,5,5,2027
67018689,67_67399_5136980,446997,1S,9,B,5,5,2027
67018689,67_67399_5136980,1290129,1S,9,A,5,5,2027
67018689,67_67399_5136980,7651-70,1S,9,C,10,10,2027
67018689,67_67399_5136980,C924501-50,1S,9,A,5,5,2027
67018689,67_67399_5136980,64345,1S,9,C,5,5,2027
67018689,67_67399_5136980,7500-51,1S,9,B,5,5,2027
67018689,67_67399_5136980,2137798,1S,9,C,5,5,2027
67018689,67_67399_5136980,0215-07,1S,9,C,10,10,2027
67018689,67_67399_5136980,C922806-01,1S,9,B,5,5,2027
67018689,67_67399_5136980,C853002-02,1S,9,A,5,5,2027
67018689,67_67399_5136980,C917305-27,1S,9,C,5,5,2027
67018689,67_67399_5136980,C910201-17,2S,9,B,5,5,2027
67018689,67_67399_5136980,23833,2S,9,A,5,5,2027
67018689,67_67399_5136980,5980-53,2S,9,A,10,10,2027
67018689,67_67399_5136980,C906202-03,2S,9,A,5,5,2027
67018690,67_67399_5136980,1256-14,1S,9,A,5,5,2027
67018690,67_67399_5136980,105070,1S,9,A,10,10,2027
67018690,67_67399_5136980,1421982,1S,9,B,5,5,2027
67018690,67_67399_5136980,298436,1S,9,B,10,10,2027
67018690,67_67399_5136980,1494787,1S,9,B,5,5,2027
67018690,67_67399_5136980,726104,1S,9,B,5,5,2027
67018690,67_67399_5136980,1579341,1S,9,C,5,5,2027
67018690,67_67399_5136980,C931602-04,1S,9,B,10,10,2027
67018690,67_67399_5136980,2075-61,1S,9,C,5,5,2027
67018690,67_67399_5136980,C922402-01,1S,9,B,5,5,2027
67018690,67_67399_5136980,596533,1S,9,C,5,5,2027
67018690,67_67399_5136980,1226-52,2S,9,B,5,5,2027
67018690,67_67399_5136980,5980-51,2S,9,B,10,10,2027
67018690,67_67399_5136980,5991-17,2S,9,B,5,5,2027
67018690,67_67399_5136980,1280-53,2S,9,A,5,5,2027
67018691,67_67399_5136980,C740002-02,1S,9,B,5,5,2027
67018691,67_67399_5136980,C910415-55,1S,9,B,5,5,2027
67018691,67_67399_5136980,C917303-02,1S,9,B,5,5,2027
67018691,67_67399_5136980,3121-14,1S,9,A,5,5,2027
67018691,67_67399_5136980,5432-50,1S,9,A,5,5,2027
67018691,67_67399_5136980,1409563,1S,9,B,10,10,2027
67018691,67_67399_5136980,C924507-01,1S,9,A,5,5,2027
67018691,67_67399_5136980,2076-59,1S,9,A,5,5,2027
67018691,67_67399_5136980,4792-51,1S,9,B,5,5,2027
67018691,67_67399_5136980,1458597,1S,9,A,5,5,2027
67018691,67_67399_5136980,1746623,1S,9,B,5,5,2027
67018691,67_67399_5136980,9000-51,2S,9,B,5,5,2027
67018691,67_67399_5136980,C917304-25,2S,9,A,5,5,2027
67018691,67_67399_5136980,1280-55,2S,9,A,5,5,2027
67018691,67_67399_5136980,C922204-51,2S,9,A,5,5,2027
67018692,67_67399_5136980,C8410003-41,1S,9,C,15,15,2027
67018692,67_67399_5136980,0218-04,1S,9,B,10,10,2027
67018692,67_67399_5136980,C910201-14,1S,9,C,5,5,2027
67018692,67_67399_5136980,C923203-01,1S,9,B,5,5,2027
67018692,67_67399_5136980,2151766,1S,9,A,5,5,2027
67018692,67_67399_5136980,446936,1S,9,A,5,5,2027
67018692,67_67399_5136980,6215-57,1S,9,B,5,5,2027
67018692,67_67399_5136980,1409473,1S,9,C,10,10,2027
67018692,67_67399_5136980,C924507-52,1S,9,B,5,5,2027
67018692,67_67399_5136980,63979,1S,9,D,5,5,2027
67018692,67_67399_5136980,3897-50,1S,9,B,5,5,2027
67018692,67_67399_5136980,6683-21,2S,9,B,5,5,2027
67018692,67_67399_5136980,0215-02,2S,9,A,10,10,2027
67018692,67_67399_5136980,C922002-51,2S,9,B,5,5,2027
67018692,67_67399_5136980,1710-41,2S,9,B,5,5,2027
67018693,67_67399_5136980,446783,1S,9,B,5,5,2027
67018693,67_67399_5136980,1254-11,1S,9,B,5,5,2027
67018693,67_67399_5136980,0915-53,1S,9,A,10,10,2027
67018693,67_67399_5136980,2075-63,1S,9,A,5,5,2027
67018693,67_67399_5136980,596655,1S,9,A,5,5,2027
67018693,67_67399_5136980,5819-22,1S,9,B,10,10,2027
67018693,67_67399_5136980,1577940,1S,9,B,5,5,2027
67018693,67_67399_5136980,2380319,1S,9,B,10,10,2027
67018693,67_67399_5136980,2294150,1S,9,A,5,5,2027
67018693,67_67399_5136980,1421923,1S,9,B,5,5,2027
67018693,67_67399_5136980,1494421,1S,9,A,5,5,2027
67018693,67_67399_5136980,1746623,2S,9,C,5,5,2027
67018693,67_67399_5136980,1458416,2S,9,A,5,5,2027
67018693,67_67399_5136980,C917305-17,2S,9,C,5,5,2027
67018694,67_67399_5136980,1577880,1S,9,B,5,5,2027
67018694,67_67399_5136980,C700001-50,1S,9,C,5,5,2027
67018694,67_67399_5136980,1624-01,1S,9,F,10,0,2027
67018694,67_67399_5136980,1887,1S,9,A,5,5,2027
67018694,67_67399_5136980,C910204-19,1S,9,B,5,5,2027
67018694,67_67399_5136980,3896-53,1S,9,D,5,5,2027
67018694,67_67399_5136980,726104,1S,9,D,5,5,2027
67018694,67_67399_5136980,64040,1S,9,B,5,5,2027
67018694,67_67399_5136980,9815-42,1S,9,A,5,5,2027
67018694,67_67399_5136980,5819-14,1S,9,B,10,10,2027
67018694,67_67399_5136980,C923203-03,2S,9,F,5,0,2027
67018694,67_67399_5136980,27454,2S,9,B,5,5,2027
67018694,67_67399_5136980,C910203-03,2S,9,B,5,5,2027
67018695,67_67399_5136980,1284-06,1S,9,A,5,5,2027
67018695,67_67399_5136980,C913002-50,1S,9,F,5,0,2027
67018695,67_67399_5136980,2076-51,1S,9,D,5,5,2027
67018695,67_67399_5136980,596686,1S,9,B,5,5,2027
67018695,67_67399_5136980,1409716,1S,9,B,10,10,2027
67018695,67_67399_5136980,C932202-52,1S,9,A,5,5,2027
67018695,67_67399_5136980,643254,1S,9,A,5,5,2027
67018695,67_67399_5136980,9226-41,1S,9,C,5,5,2027
67018695,67_67399_5136980,1446879,1S,9,C,10,10,2027
67018695,67_67399_5136980,5693-042,1S,9,C,5,5,2027
67018695,67_67399_5136980,1691499,1S,9,B,5,5,2027
67018695,67_67399_5136980,1748538,2S,9,B,5,5,2027
67018695,67_67399_5136980,5992-15,2S,9,B,5,5,2027
67018695,67_67399_5136980,2293999,2S,9,B,5,5,2027
67018696,67_67399_5136980,1422012,1S,9,A,5,5,2027
67018696,67_67399_5136980,101571,1S,9,C,10,10,2027
67018696,67_67399_5136980,9104016-22,1S,9,B,5,5,2027
67018696,67_67399_5136980,7651-79,1S,9,B,10,10,2027
67018696,67_67399_5136980,118371,1S,9,C,5,5,2027
67018696,67_67399_5136980,C932202-02,1S,9,A,5,5,2027
67018696,67_67399_5136980,3123-13,1S,9,B,5,5,2027
67018696,67_67399_5136980,9226-18,1S,9,C,5,5,2027
67018696,67_67399_5136980,C910202-04,1S,9,A,5,5,2027
67018696,67_67399_5136980,655703,1S,9,A,10,10,2027
67018696,67_67399_5136980,2075-59,1S,9,A,5,5,2027
67018696,67_67399_5136980,9104016-33,2S,9,A,5,5,2027
67018696,67_67399_5136980,C917401-03,2S,9,B,5,5,2027
67018696,67_67399_5136980,7708-64,2S,9,A,5,5,2027
67018697,67_67399_5136980,C924501-01,1S,9,B,5,5,2027
67018697,67_67399_5136980,216623,1S,9,C,10,10,2027
67018697,67_67399_5136980,1290098,1S,9,B,5,5,2027
67018697,67_67399_5136980,3121-16,1S,9,B,5,5,2027
67018697,67_67399_5136980,1710-12,1S,9,A,5,5,2027
67018697,67_67399_5136980,1464655,1S,9,B,10,10,2027
67018697,67_67399_5136980,C922005-02,1S,9,C,5,5,2027
67018697,67_67399_5136980,C853002-02,1S,9,A,5,5,2027
67018697,67_67399_5136980,2075-50,1S,9,A,5,5,2027
67018697,67_67399_5136980,C908001-01,1S,9,B,5,5,2027
67018697,67_67399_5136980,C910502-04,1S,9,B,5,5,2027
67018697,67_67399_5136980,C917305-06,2S,9,A,5,5,2027
67018697,67_67399_5136980,9000-50,2S,9,A,5,5,2027
67018697,67_67399_5136980,1254-13,2S,9,C,5,5,2027
67018698,67_67399_5136980,596443,1S,9,B,5,5,2027
67018698,67_67399_5136980,1431507,1S,9,A,10,10,2027
67018698,67_67399_5136980,64406,1S,9,A,5,5,2027
67018698,67_67399_5136980,C922401-01,1S,9,B,5,5,2027
67018698,67_67399_5136980,1790-01,1S,9,C,5,5,2027
67018698,67_67399_5136980,C713101-01,1S,9,B,5,5,2027
67018698,67_67399_5136980,6683-18,1S,9,A,5,5,2027
67018698,67_67399_5136980,0215-07,1S,9,C,10,10,2027
67018698,67_67399_5136980,3037-53,1S,9,A,5,5,2027
67018698,67_67399_5136980,1464655,1S,9,A,10,10,2027
67018698,67_67399_5136980,C740002-03,1S,9,C,5,5,2027
67018698,67_67399_5136980,7708-57,2S,9,A,5,5,2027
67018698,67_67399_5136980,1710-19,2S,9,A,5,5,2027
67018698,67_67399_5136980,05693-3310,2S,9,B,5,5,2027
67018698,67_67399_5136980,298556,2S,9,A,10,10,2027
67018699,67_67399_5136980,7500-51,1S,9,C,5,5,2027
67018699,67_67399_5136980,2891139,1S,9,C,5,5,2027
67018699,67_67399_5136980,2076-51,1S,9,B,5,5,2027
67018699,67_67399_5136980,7641-59,1S,9,B,10,10,2027
67018699,67_67399_5136980,623137,1S,9,A,5,5,2027
67018699,67_67399_5136980,3123-17,1S,9,A,5,5,2027
67018699,67_67399_5136980,C917305-08,1S,9,A,5,5,2027
67018699,67_67399_5136980,C910416-59,1S,9,B,5,5,2027
67018699,67_67399_5136980,005693-435,1S,9,B,5,5,2027
67018699,67_67399_5136980,736755,1S,9,C,10,10,2027
67018699,67_67399_5136980,2482829,1S,9,A,5,5,2027
67018699,67_67399_5136980,1256-18,2S,9,B,5,5,2027
67018699,67_67399_5136980,2252,2S,9,A,5,5,2027
67018699,67_67399_5136980,C910416-55,2S,9,B,5,5,2027
67018699,67_67399_5136980,C920003-02,2S,9,A,10,10,2027
67018700,67_67399_5136980,1693663,1S,9,B,5,5,2027
67018700,67_67399_5136980,1746712,1S,9,B,5,5,2027
67018700,67_67399_5136980,2275553,1S,9,B,10,10,2027
67018700,67_67399_5136980,64285,1S,9,B,5,5,2027
67018700,67_67399_5136980,2891169,1S,9,B,5,5,2027
67018700,67_67399_5136980,7651-72,1S,9,A,10,10,2027
67018700,67_67399_5136980,C7171002-02,1S,9,B,5,5,2027
67018700,67_67399_5136980,446844,1S,9,C,5,5,2027
67018700,67_67399_5136980,1198057,1S,9,A,5,5,2027
67018700,67_67399_5136980,005693-135,1S,9,A,5,5,2027
67018700,67_67399_5136980,C922005-02,1S,9,C,5,5,2027
67018700,67_67399_5136980,C910416-50,2S,9,A,5,5,2027
67018700,67_67399_5136980,7708-52,2S,9,A,5,5,2027
67018700,67_67399_5136980,1726-01,2S,9,C,5,5,2027
67018701,67_67399_5136980,7791-23,1S,9,A,5,5,2027
67018701,67_67399_5136980,101691,1S,9,B,10,10,2027
67018701,67_67399_5136980,1206794,1S,9,A,10,10,2027
67018701,67_67399_5136980,C906201-03,1S,9,A,5,5,2027
67018701,67_67399_5136980,1254-41,1S,9,A,5,5,2027
67018701,67_67399_5136980,1990605,1S,9,A,10,10,2027
67018701,67_67399_5136980,2076-68,1S,9,B,5,5,2027
67018701,67_67399_5136980,3533-18,1S,9,C,5,5,2027
67018701,67_67399_5136980,1409532,1S,9,A,10,10,2027
67018701,67_67399_5136980,6215-57,1S,9,B,5,5,2027
67018701,67_67399_5136980,726835,1S,9,A,5,5,2027
67018701,67_67399_5136980,C9104012-01,2S,9,B,5,5,2027
67018701,67_67399_5136980,5991-21,2S,9,B,5,5,2027
67018701,67_67399_5136980,2099416,2S,9,B,5,5,2027
67018702,67_67399_5136980,7500-51,1S,9,F,5,0,2027
67018702,67_67399_5136980,C910203-02,1S,9,A,5,5,2027
67018702,67_67399_5136980,9814-14,1S,9,C,5,5,2027
67018702,67_67399_5136980,7651-57,1S,9,F,10,0,2027
67018702,67_67399_5136980,1576023,1S,9,C,5,5,2027
67018702,67_67399_5136980,C934002-06,1S,9,B,5,5,2027
67018702,67_67399_5136980,1790-01,1S,9,B,5,5,2027
67018702,67_67399_5136980,1392703,1S,9,A,5,5,2027
67018702,67_67399_5136980,C922004-02,1S,9,B,5,5,2027
67018702,67_67399_5136980,C751002-01,1S,9,B,5,5,2027
67018702,67_67399_5136980,2076-68,1S,9,F,5,0,2027
67018702,67_67399_5136980,4579-52,2S,9,C,5,5,2027
67018702,67_67399_5136980,1790-09,2S,9,B,5,5,2027
67018702,67_67399_5136980,1883-08,2S,9,A,5,5,2027
67018702,67_67399_5136980,298556,2S,9,A,10,10,2027
67018703,67_67399_5136980,1284-02,1S,9,A,5,5,2027
67018703,67_67399_5136980,730334,1S,9,B,5,5,2027
67018703,67_67399_5136980,2075-67,1S,9,B,5,5,2027
67018703,67_67399_5136980,9814-14,1S,9,A,5,5,2027
67018703,67_67399_5136980,7651-59,1S,9,B,10,10,2027
67018703,67_67399_5136980,3037-50,1S,9,C,5,5,2027
67018703,67_67399_5136980,3123-14,1S,9,C,5,5,2027
67018703,67_67399_5136980,1494818,1S,9,C,5,5,2027
67018703,67_67399_5136980,0215-08,1S,9,B,10,10,2027
67018703,67_67399_5136980,1448978,1S,9,B,10,10,2027
67018703,67_67399_5136980,1691836,1S,9,A,5,5,2027
67018703,67_67399_5136980,C910201-06,2S,9,C,5,5,2027
67018703,67_67399_5136980,C917305-09,2S,9,C,5,5,2027
67018703,67_67399_5136980,005693-337,2S,9,A,5,5,2027
67018704,67_67399_5136980,7651-77,1S,9,B,10,10,2027
67018704,67_67399_5136980,C920005-02,1S,9,C,10,10,2027
67018704,67_67399_5136980,1421982,1S,9,B,5,5,2027
67018704,67_67399_5136980,C8421003-32,1S,9,C,15,15,2027
67018704,67_67399_5136980,C934002-08,1S,9,B,5,5,2027
67018704,67_67399_5136980,1290098,1S,9,B,5,5,2027
67018704,67_67399_5136980,C917304-21,1S,9,A,5,5,2027
67018704,67_67399_5136980,1748508,1S,9,B,5,5,2027
67018704,67_67399_5136980,3897-53,1S,9,A,5,5,2027
67018704,67_67399_5136980,2075-61,1S,9,A,5,5,2027
67018704,67_67399_5136980,2891200,1S,9,A,5,5,2027
67018704,67_67399_5136980,1494818,2S,9,A,5,5,2027
67018704,67_67399_5136980,C910415-54,2S,9,A,5,5,2027
67018704,67_67399_5136980,1458416,2S,9,B,5,5,2027
67018704,67_67399_5136980,1746896,2S,9,B,5,5,2027
67018705,67_67399_5136980,1494574,1S,9,B,5,5,2027
67018705,67_67399_5136980,104827,1S,9,B,10,10,2027
67018705,67_67399_5136980,C922004-01,1S,9,C,5,5,2027
67018705,67_67399_5136980,C9104007-03,1S,9,B,5,5,2027
67018705,67_67399_5136980,3121-41,1S,9,C,5,5,2027
67018705,67_67399_5136980,5432-64,1S,9,B,5,5,2027
67018705,67_67399_5136980,7641-53,1S,9,C,10,10,2027
67018705,67_67399_5136980,C925402-03,1S,9,A,5,5,2027
67018705,67_67399_5136980,2076-55,1S,9,A,5,5,2027
67018705,67_67399_5136980,C900002-01,1S,9,B,5,5,2027
67018705,67_67399_5136980,C910204-09,1S,9,C,5,5,2027
67018705,67_67399_5136980,5793-32,2S,9,C,5,5,2027
67018705,67_67399_5136980,2151705,2S,9,C,5,5,2027
67018705,67_67399_5136980,C910201-05,2S,9,A,5,5,2027
67018706,67_67399_5136980,1494818,1S,9,B,5,5,2027
67018706,67_67399_5136980,1226-50,1S,9,C,5,5,2027
67018706,67_67399_5136980,1576023,1S,9,B,5,5,2027
67018706,67_67399_5136980,2272572,1S,9,A,5,5,2027
67018706,67_67399_5136980,C713102-01,1S,9,A,5,5,2027
67018706,67_67399_5136980,7641-51,1S,9,A,10,10,2027
67018706,67_67399_5136980,729057,1S,9,C,5,5,2027
67018706,67_67399_5136980,C910802-02,1S,9,B,5,5,2027
67018706,67_67399_5136980,2076-59,1S,9,C,5,5,2027
67018706,67_67399_5136980,C925402-09,1S,9,C,5,5,2027
67018706,67_67399_5136980,C910416-56,1S,9,A,5,5,2027
67018706,67_67399_5136980,4579-52,2S,9,A,5,5,2027
67018706,67_67399_5136980,2252,2S,9,A,5,5,2027
67018706,67_67399_5136980,5693-032,2S,9,A,5,5,2027
67018706,67_67399_5136980,C922712-02,2S,9,A,10,10,2027
67018707,67_67399_5136980,1691499,1S,9,A,5,5,2027
67018707,67_67399_5136980,C910203-11,1S,9,D,5,5,2027
67018707,67_67399_5136980,3898-56,1S,9,F,5,0,2027
67018707,67_67399_5136980,2075-55,1S,9,C,5,5,2027
67018707,67_67399_5136980,2890865,1S,9,A,5,5,2027
67018707,67_67399_5136980,5819-21,1S,9,B,10,10,2027
67018707,67_67399_5136980,3038-52,1S,9,C,5,5,2027
67018707,67_67399_5136980,643285,1S,9,A,5,5,2027
67018707,67_67399_5136980,C917304-19,1S,9,C,5,5,2027
67018707,67_67399_5136980,1850-03,1S,9,C,5,5,2027
67018707,67_67399_5136980,C910502-02,1S,9,A,5,5,2027
67018707,67_67399_5136980,5793-31,2S,9,B,5,5,2027
67018708,67_67399_5136980,2076-57,1S,9,C,5,5,2027
67018708,67_67399_5136980,0918-04,1S,9,A,10,10,2027
67018708,67_67399_5136980,4578-54,1S,9,C,5,5,2027
67018708,67_67399_5136980,57346,1S,9,C,5,5,2027
67018708,67_67399_5136980,7651-67,1S,9,B,10,10,2027
67018708,67_67399_5136980,C932202-52,1S,9,A,5,5,2027
67018708,67_67399_5136980,May-52,1S,9,A,5,5,2027
67018708,67_67399_5136980,298436,1S,9,B,10,10,2027
67018708,67_67399_5136980,1421892,1S,9,C,5,5,2027
67018708,67_67399_5136980,1710-07,1S,9,D,5,5,2027
67018708,67_67399_5136980,3121-18,1S,9,A,5,5,2027
67018708,67_67399_5136980,2482860,2S,9,C,5,5,2027
67018708,67_67399_5136980,C910415-52,2S,9,A,5,5,2027
67018709,67_67399_5136980,3899-54,1S,9,D,5,5,2027
67018709,67_67399_5136980,0062-51,1S,9,C,5,5,2027
67018709,67_67399_5136980,111066,1S,9,A,5,5,2027
67018709,67_67399_5136980,C910204-03,1S,9,B,5,5,2027
67018709,67_67399_5136980,5819-29,1S,9,A,10,10,2027
67018709,67_67399_5136980,1578215,1S,9,B,5,5,2027
67018709,67_67399_5136980,Jan-88,1S,9,A,5,5,2027
67018709,67_67399_5136980,C917304-20,1S,9,B,5,5,2027
67018709,67_67399_5136980,C922203-51,1S,9,C,5,5,2027
67018709,67_67399_5136980,C751101-01,1S,9,A,5,5,2027
67018709,67_67399_5136980,1385399,1S,9,B,5,5,2027
67018709,67_67399_5136980,C910201-03,2S,9,B,5,5,2027
67018709,67_67399_5136980,C917304-13,2S,9,A,5,5,2027
67018709,67_67399_5136980,2593224,2S,9,B,5,5,2027
67018709,67_67399_5136980,5693-31,2S,9,C,5,5,2027
67018710,67_67399_5136980,5991-20,1S,9,C,5,5,2027
67018710,67_67399_5136980,5432-54,1S,9,C,5,5,2027
67018710,67_67399_5136980,1624-01,1S,9,B,10,10,2027
67018710,67_67399_5136980,C9104007-11,1S,9,A,5,5,2027
67018710,67_67399_5136980,C713403-02,1S,9,B,5,5,2027
67018710,67_67399_5136980,446874,1S,9,B,5,5,2027
67018710,67_67399_5136980,1409777,1S,9,A,10,10,2027
67018710,67_67399_5136980,2890865,1S,9,B,5,5,2027
67018710,67_67399_5136980,2075-60,1S,9,A,5,5,2027
67018710,67_67399_5136980,C910204-05,1S,9,A,5,5,2027
67018710,67_67399_5136980,1520658,1S,9,A,10,10,2027
67018710,67_67399_5136980,1254-41,2S,9,A,5,5,2027
67018710,67_67399_5136980,9000-50,2S,9,B,5,5,2027
67018710,67_67399_5136980,1198057,2S,9,B,5,5,2027
67018711,67_67399_5136980,111156,1S,9,A,5,5,2027
67018711,67_67399_5136980,1431387,1S,9,B,10,10,2027
67018711,67_67399_5136980,6215-59,1S,9,A,5,5,2027
67018711,67_67399_5136980,446083,1S,9,A,5,5,2027
67018711,67_67399_5136980,C917304-26,1S,9,C,5,5,2027
67018711,67_67399_5136980,5693-31,1S,9,C,5,5,2027
67018711,67_67399_5136980,C910416-57,1S,9,C,5,5,2027
67018711,67_67399_5136980,2274732,1S,9,B,5,5,2027
67018711,67_67399_5136980,8697-13,1S,9,C,5,5,2027
67018711,67_67399_5136980,9295002-52,1S,9,A,5,5,2027
67018711,67_67399_5136980,2075-60,1S,9,A,5,5,2027
67018711,67_67399_5136980,C917401-03,2S,9,B,5,5,2027
67018711,67_67399_5136980,C920006-02,2S,9,B,10,10,2027
67018711,67_67399_5136980,C910429-50,2S,9,A,5,5,2027
67018711,67_67399_5136980,4578-52,2S,9,B,5,5,2027
67018712,67_67399_5136980,3121-41,1S,9,B,5,5,2027
67018712,67_67399_5136980,7702-51,1S,9,B,5,5,2027
67018712,67_67399_5136980,658016,1S,9,A,10,10,2027
67018712,67_67399_5136980,2075-63,1S,9,B,5,5,2027
67018712,67_67399_5136980,C924508-01,1S,9,B,5,5,2027
67018712,67_67399_5136980,C931601-02,1S,9,C,10,10,2027
67018712,67_67399_5136980,6215-58,1S,9,C,5,5,2027
67018712,67_67399_5136980,1728-03,1S,9,B,5,5,2027
67018712,67_67399_5136980,C922703-01,1S,9,B,10,10,2027
67018712,67_67399_5136980,2272541,1S,9,B,5,5,2027
67018712,67_67399_5136980,1850-09,1S,9,A,5,5,2027
67018712,67_67399_5136980,1593586,2S,9,C,5,5,2027
67018712,67_67399_5136980,C906202-04,2S,9,B,5,5,2027
67018712,67_67399_5136980,1198028,2S,9,A,5,5,2027
67018713,67_67399_5136980,645445,1S,9,A,5,5,2027
67018713,67_67399_5136980,1790-08,1S,9,B,5,5,2027
67018713,67_67399_5136980,3037-51,1S,9,A,5,5,2027
67018713,67_67399_5136980,216682,1S,9,B,10,10,2027
67018713,67_67399_5136980,57527,1S,9,A,5,5,2027
67018713,67_67399_5136980,2075-50,1S,9,A,5,5,2027
67018713,67_67399_5136980,1458475,1S,9,C,5,5,2027
67018713,67_67399_5136980,1385488,1S,9,B,5,5,2027
67018713,67_67399_5136980,1554474,1S,9,A,5,5,2027
67018713,67_67399_5136980,729969,1S,9,A,5,5,2027
67018713,67_67399_5136980,7702-58,1S,9,C,5,5,2027
67018713,67_67399_5136980,9226-19,2S,9,B,5,5,2027
67018713,67_67399_5136980,C9104009-01,2S,9,C,5,5,2027
67018713,67_67399_5136980,1254-19,2S,9,A,5,5,2027
67018714,67_67399_5136980,1494209,1S,9,A,5,5,2027
67018714,67_67399_5136980,C9104007-03,1S,9,C,5,5,2027
67018714,67_67399_5136980,C910418-07,1S,9,A,5,5,2027
67018714,67_67399_5136980,C717201-01,1S,9,C,5,5,2027
67018714,67_67399_5136980,C910204-17,1S,9,A,5,5,2027
67018714,67_67399_5136980,774682,1S,9,C,5,5,2027
67018714,67_67399_5136980,C934002-03,1S,9,B,5,5,2027
67018714,67_67399_5136980,63951,1S,9,A,5,5,2027
67018714,67_67399_5136980,1577909,1S,9,A,5,5,2027
67018714,67_67399_5136980,2097741,1S,9,A,10,10,2027
67018714,67_67399_5136980,C925402-09,1S,9,C,5,5,2027
67018714,67_67399_5136980,27395,2S,9,C,5,5,2027
67018714,67_67399_5136980,C9104009-50,2S,9,B,5,5,2027
67018714,67_67399_5136980,5793-13,2S,9,C,5,5,2027
67018714,67_67399_5136980,C910202-01,2S,9,A,5,5,2027
67018715,67_67399_5136980,2075-62,1S,9,C,5,5,2027
67018715,67_67399_5136980,3533-14,1S,9,A,5,5,2027
67018715,67_67399_5136980,1409716,1S,9,B,10,10,2027
67018715,67_67399_5136980,C932202-50,1S,9,B,5,5,2027
67018715,67_67399_5136980,C934002-05,1S,9,C,5,5,2027
67018715,67_67399_5136980,9226-13,1S,9,A,5,5,2027
67018715,67_67399_5136980,1850-08,1S,9,C,5,5,2027
67018715,67_67399_5136980,C910429-03,1S,9,C,5,5,2027
67018715,67_67399_5136980,2350003,1S,9,B,10,10,2027
67018715,67_67399_5136980,C900002-03,1S,9,B,5,5,2027
67018715,67_67399_5136980,1746957,1S,9,B,5,5,2027
67018715,67_67399_5136980,7791-42,2S,9,B,5,5,2027
67018715,67_67399_5136980,1464624,2S,9,B,10,10,2027
67018715,67_67399_5136980,2294181,2S,9,A,5,5,2027
67018715,67_67399_5136980,4579-51,2S,9,C,5,5,2027
67018717,67_67399_5136980,C910202-20,1S,9,C,5,5,2027
67018717,67_67399_5136980,729757,1S,9,B,5,5,2027
67018717,67_67399_5136980,0061-53,1S,9,A,5,5,2027
67018717,67_67399_5136980,2890712,1S,9,A,5,5,2027
67018717,67_67399_5136980,7641-54,1S,9,A,10,10,2027
67018717,67_67399_5136980,3038-51,1S,9,B,5,5,2027
67018717,67_67399_5136980,446236,1S,9,B,5,5,2027
67018717,67_67399_5136980,C917305-17,1S,9,D,5,5,2027
67018717,67_67399_5136980,C910416-53,1S,9,A,5,5,2027
67018717,67_67399_5136980,9104015-11,1S,9,B,5,5,2027
67018717,67_67399_5136980,102301,1S,9,A,10,10,2027
67018717,67_67399_5136980,6687-51,2S,9,A,5,5,2027
67018717,67_67399_5136980,C922204-51,2S,9,B,5,5,2027
67018718,67_67399_5136980,C917303-02,1S,9,B,5,5,2027
67018718,67_67399_5136980,C910502-01,1S,9,C,5,5,2027
67018718,67_67399_5136980,1385488,1S,9,C,5,5,2027
67018718,67_67399_5136980,C9104007-12,1S,9,B,5,5,2027
67018718,67_67399_5136980,1414830,1S,9,A,10,10,2027
67018718,67_67399_5136980,2076-51,1S,9,A,5,5,2027
67018718,67_67399_5136980,723944,1S,9,B,5,5,2027
67018718,67_67399_5136980,6215-59,1S,9,A,5,5,2027
67018718,67_67399_5136980,1431418,1S,9,C,10,10,2027
67018718,67_67399_5136980,1990605,1S,9,C,10,10,2027
67018718,67_67399_5136980,57589,1S,9,A,5,5,2027
67018718,67_67399_5136980,1494513,2S,9,A,5,5,2027
67018718,67_67399_5136980,298495,2S,9,C,10,10,2027
67018718,67_67399_5136980,7708-55,2S,9,F,5,0,2027
67018719,67_67399_5136980,C795202-01,1S,9,A,5,5,2027
67018719,67_67399_5136980,2057-18,1S,9,C,5,5,2027
67018719,67_67399_5136980,7651-71,1S,9,B,10,10,2027
67018719,67_67399_5136980,3037-52,1S,9,A,5,5,2027
67018719,67_67399_5136980,C934002-09,1S,9,B,5,5,2027
67018719,67_67399_5136980,C917305-23,1S,9,B,5,5,2027
67018719,67_67399_5136980,0215-07,1S,9,C,10,10,2027
67018719,67_67399_5136980,1392731,1S,9,B,5,5,2027
67018719,67_67399_5136980,2076-65,1S,9,B,5,5,2027
67018719,67_67399_5136980,C900002-50,1S,9,C,5,5,2027
67018719,67_67399_5136980,C910202-07,1S,9,B,5,5,2027
67018719,67_67399_5136980,1710-09,2S,9,A,5,5,2027
67018719,67_67399_5136980,298525,2S,9,B,10,10,2027
67018719,67_67399_5136980,4579-54,2S,9,A,5,5,2027
67018720,67_67399_5136980,2275522,1S,9,B,10,10,2027
67018720,67_67399_5136980,C910204-19,1S,9,B,5,5,2027
67018720,67_67399_5136980,C925402-04,1S,9,B,5,5,2027
67018720,67_67399_5136980,2076-60,1S,9,A,5,5,2027
67018720,67_67399_5136980,1579676,1S,9,B,5,5,2027
67018720,67_67399_5136980,C934002-06,1S,9,B,5,5,2027
67018720,67_67399_5136980,5992-22,1S,9,B,5,5,2027
67018720,67_67399_5136980,C910418-12,1S,9,A,5,5,2027
67018720,67_67399_5136980,0218-04,1S,9,B,10,10,2027
67018720,67_67399_5136980,1691471,1S,9,B,5,5,2027
67018720,67_67399_5136980,7651-57,1S,9,B,10,10,2027
67018720,67_67399_5136980,5992-14,2S,9,B,5,5,2027
67018720,67_67399_5136980,5980-59,2S,9,A,10,10,2027
67018720,67_67399_5136980,1284-04,2S,9,B,5,5,2027
67018721,67_67399_5136980,19845,1S,9,C,5,5,2027
67018721,67_67399_5136980,9104016-22,1S,9,B,5,5,2027
67018721,67_67399_5136980,5693-22,1S,9,B,5,5,2027
67018721,67_67399_5136980,1790-19,1S,9,B,5,5,2027
67018721,67_67399_5136980,Apr-86,1S,9,A,5,5,2027
67018721,67_67399_5136980,3037-50,1S,9,B,5,5,2027
67018721,67_67399_5136980,1431507,1S,9,B,10,10,2027
67018721,67_67399_5136980,1746835,1S,9,A,5,5,2027
67018721,67_67399_5136980,4326-51,1S,9,A,5,5,2027
67018721,67_67399_5136980,0062-54,1S,9,A,5,5,2027
67018721,67_67399_5136980,2890621,1S,9,B,5,5,2027
67018721,67_67399_5136980,C9104012-01,2S,9,A,5,5,2027
67018721,67_67399_5136980,C917304-09,2S,9,B,5,5,2027
67018721,67_67399_5136980,1254-18,2S,9,C,5,5,2027
67018722,67_67399_5136980,1256-06,1S,9,B,5,5,2027
67018722,67_67399_5136980,0062-51,1S,9,B,5,5,2027
67018722,67_67399_5136980,1421982,1S,9,A,5,5,2027
67018722,67_67399_5136980,2294122,1S,9,B,5,5,2027
67018722,67_67399_5136980,1414738,1S,9,C,10,10,2027
67018722,67_67399_5136980,23833,1S,9,B,5,5,2027
67018722,67_67399_5136980,C934001-12,1S,9,A,5,5,2027
67018722,67_67399_5136980,C7171002-01,1S,9,F,5,0,2027
67018722,67_67399_5136980,886111,1S,9,C,5,5,2027
67018722,67_67399_5136980,9814-50,1S,9,A,5,5,2027
67018722,67_67399_5136980,1431599,1S,9,B,10,10,2027
67018722,67_67399_5136980,1286-07,2S,9,A,5,5,2027
67018722,67_67399_5136980,1494421,2S,9,A,5,5,2027
67018722,67_67399_5136980,1458536,2S,9,B,5,5,2027
67018722,67_67399_5136980,0005910-33,2S,9,A,10,10,2027
67018723,67_67399_5136980,C8410003-21,1S,9,B,15,15,2027
67018723,67_67399_5136980,1280-52,1S,9,A,5,5,2027
67018723,67_67399_5136980,1918255,1S,9,C,10,10,2027
67018723,67_67399_5136980,64040,1S,9,C,5,5,2027
67018723,67_67399_5136980,2890743,1S,9,B,5,5,2027
67018723,67_67399_5136980,7651-60,1S,9,C,10,10,2027
67018723,67_67399_5136980,6215-64,1S,9,B,5,5,2027
67018723,67_67399_5136980,446997,1S,9,B,5,5,2027
67018723,67_67399_5136980,1197997,1S,9,C,5,5,2027
67018723,67_67399_5136980,1224-50,1S,9,B,5,5,2027
67018723,67_67399_5136980,5693-042,1S,9,A,5,5,2027
67018723,67_67399_5136980,C910502-03,2S,9,C,5,5,2027
67018723,67_67399_5136980,1494605,2S,9,A,5,5,2027
67018723,67_67399_5136980,1850-02,2S,9,C,5,5,2027
67018724,67_67399_5136980,446114,1S,9,A,5,5,2027
67018724,67_67399_5136980,1710-05,1S,9,B,5,5,2027
67018724,67_67399_5136980,1392672,1S,9,A,5,5,2027
67018724,67_67399_5136980,5980-51,1S,9,A,10,10,2027
67018724,67_67399_5136980,2273302,1S,9,A,5,5,2027
67018724,67_67399_5136980,1409777,1S,9,B,10,10,2027
67018724,67_67399_5136980,57619,1S,9,B,5,5,2027
67018724,67_67399_5136980,64345,1S,9,C,5,5,2027
67018724,67_67399_5136980,886170,1S,9,A,5,5,2027
67018724,67_67399_5136980,1592825,1S,9,A,5,5,2027
67018724,67_67399_5136980,6215-60,1S,9,A,5,5,2027
67018724,67_67399_5136980,1790-21,2S,9,A,5,5,2027
67018724,67_67399_5136980,C910418-12,2S,9,C,5,5,2027
67018724,67_67399_5136980,1254-18,2S,9,A,5,5,2027
67018725,67_67399_5136980,C934001-11,1S,9,A,5,5,2027
67018725,67_67399_5136980,6215-52,1S,9,A,5,5,2027
67018725,67_67399_5136980,2099082,1S,9,A,10,10,2027
67018725,67_67399_5136980,100809,1S,9,C,5,5,2027
67018725,67_67399_5136980,2075-53,1S,9,A,5,5,2027
67018725,67_67399_5136980,2281519,1S,9,A,10,10,2027
67018725,67_67399_5136980,1746835,1S,9,A,5,5,2027
67018725,67_67399_5136980,240756,1S,9,A,5,5,2027
67018725,67_67399_5136980,1422043,1S,9,A,5,5,2027
67018725,67_67399_5136980,C917305-23,1S,9,A,5,5,2027
67018725,67_67399_5136980,101630,1S,9,C,10,10,2027
67018725,67_67399_5136980,7702-60,2S,9,B,5,5,2027
67018725,67_67399_5136980,1790-06,2S,9,A,5,5,2027
67018725,67_67399_5136980,1422043,2S,9,B,5,5,2027
67018726,67_67399_5136980,05693-2311,1S,9,C,5,5,2027
67018726,67_67399_5136980,1414738,1S,9,A,10,10,2027
67018726,67_67399_5136980,1883-02,1S,9,B,5,5,2027
67018726,67_67399_5136980,7791-24,1S,9,C,5,5,2027
67018726,67_67399_5136980,7702-58,1S,9,D,5,5,2027
67018726,67_67399_5136980,C908001-01,1S,9,F,5,0,2027
67018726,67_67399_5136980,0062-52,1S,9,B,5,5,2027
67018726,67_67399_5136980,57466,1S,9,B,5,5,2027
67018726,67_67399_5136980,216651,1S,9,C,10,10,2027
67018726,67_67399_5136980,622375,1S,9,A,5,5,2027
67018726,67_67399_5136980,C934001-05,1S,9,C,5,5,2027
67018726,67_67399_5136980,1385519,2S,9,A,5,5,2027
67018726,67_67399_5136980,1422012,2S,9,A,5,5,2027
67018727,67_67399_5136980,1414646,1S,9,C,10,10,2027
67018727,67_67399_5136980,9104015-51,1S,9,B,5,5,2027
67018727,67_67399_5136980,C910418-07,1S,9,A,5,5,2027
67018727,67_67399_5136980,1494574,1S,9,A,5,5,2027
67018727,67_67399_5136980,446905,1S,9,C,5,5,2027
67018727,67_67399_5136980,C932202-50,1S,9,B,5,5,2027
67018727,67_67399_5136980,217381,1S,9,F,10,0,2027
67018727,67_67399_5136980,C924502-01,1S,9,A,5,5,2027
67018727,67_67399_5136980,2076-51,1S,9,A,5,5,2027
67018727,67_67399_5136980,107565,1S,9,D,5,5,2027
67018727,67_67399_5136980,2482556,1S,9,D,5,5,2027
67018727,67_67399_5136980,1385368,2S,9,C,5,5,2027
67018727,67_67399_5136980,C917305-13,2S,9,B,5,5,2027
67018728,67_67399_5136980,63951,1S,9,B,5,5,2027
67018728,67_67399_5136980,C910201-13,1S,9,A,5,5,2027
67018728,67_67399_5136980,1458536,1S,9,B,5,5,2027
67018728,67_67399_5136980,5793-13,1S,9,A,5,5,2027
67018728,67_67399_5136980,7791-24,1S,9,A,5,5,2027
67018728,67_67399_5136980,3123-16,1S,9,B,5,5,2027
67018728,67_67399_5136980,6215-62,1S,9,C,5,5,2027
67018728,67_67399_5136980,C932302-50,1S,9,B,5,5,2027
67018728,67_67399_5136980,9815-42,1S,9,A,5,5,2027
67018728,67_67399_5136980,1520841,1S,9,C,10,10,2027
67018728,67_67399_5136980,101752,1S,9,B,10,10,2027
67018728,67_67399_5136980,2137798,2S,9,B,5,5,2027
67018728,67_67399_5136980,C917304-07,2S,9,B,5,5,2027
67018728,67_67399_5136980,C920004-02,2S,9,B,10,10,2027
67018729,67_67399_5136980,5990-52,1S,9,A,10,10,2027
67018729,67_67399_5136980,C910203-16,1S,9,A,5,5,2027
67018729,67_67399_5136980,C908002-01,1S,9,A,5,5,2027
67018729,67_67399_5136980,6215-60,1S,9,B,5,5,2027
67018729,67_67399_5136980,725405,1S,9,C,5,5,2027
67018729,67_67399_5136980,2675889,1S,9,B,5,5,2027
67018729,67_67399_5136980,005693-537,1S,9,C,5,5,2027
67018729,67_67399_5136980,C910418-12,1S,9,C,5,5,2027
67018729,67_67399_5136980,May-52,1S,9,A,5,5,2027
67018729,67_67399_5136980,0062-50,1S,9,B,5,5,2027
67018729,67_67399_5136980,3533-14,1S,9,A,5,5,2027
67018729,67_67399_5136980,C910203-10,2S,9,C,5,5,2027
67018729,67_67399_5136980,C917304-11,2S,9,B,5,5,2027
67018729,67_67399_5136980,1446848,2S,9,A,10,10,2027
67018730,67_67399_5136980,C910418-08,1S,9,B,5,5,2027
67018730,67_67399_5136980,9226-13,1S,9,C,5,5,2027
67018730,67_67399_5136980,643195,1S,9,A,5,5,2027
67018730,67_67399_5136980,1577909,1S,9,D,5,5,2027
67018730,67_67399_5136980,1409654,1S,9,B,10,10,2027
67018730,67_67399_5136980,C925401-05,1S,9,A,5,5,2027
67018730,67_67399_5136980,2076-58,1S,9,B,5,5,2027
67018730,67_67399_5136980,C913002-02,1S,9,B,5,5,2027
67018730,67_67399_5136980,6682-14,1S,9,A,5,5,2027
67018730,67_67399_5136980,C717201-01,1S,9,A,5,5,2027
67018730,67_67399_5136980,298556,1S,9,A,10,10,2027
67018730,67_67399_5136980,1710-21,2S,9,A,5,5,2027
67018730,67_67399_5136980,C910204-14,2S,9,A,5,5,2027
67018730,67_67399_5136980,0215-05,2S,9,B,10,10,2027
67018730,67_67399_5136980,C910418-09,2S,9,B,5,5,2027
67018731,67_67399_5136980,7702-50,1S,9,C,5,5,2027
67018731,67_67399_5136980,005693--33,1S,9,C,5,5,2027
67018731,67_67399_5136980,1579310,1S,9,B,5,5,2027
67018731,67_67399_5136980,5990-52,1S,9,B,10,10,2027
67018731,67_67399_5136980,596443,1S,9,A,5,5,2027
67018731,67_67399_5136980,2076-32,1S,9,A,5,5,2027
67018731,67_67399_5136980,C900002-50,1S,9,A,5,5,2027
67018731,67_67399_5136980,C917304-26,1S,9,C,5,5,2027
67018731,67_67399_5136980,C910415-52,1S,9,C,5,5,2027
67018731,67_67399_5136980,725464,1S,9,C,5,5,2027
67018731,67_67399_5136980,736727,1S,9,A,10,10,2027
67018731,67_67399_5136980,1850-08,2S,9,A,5,5,2027
67018731,67_67399_5136980,1494879,2S,9,B,5,5,2027
67018731,67_67399_5136980,C910801-03,2S,9,B,5,5,2027
67018732,67_67399_5136980,3123-14,1S,9,B,5,5,2027
67018732,67_67399_5136980,5432-59,1S,9,B,5,5,2027
67018732,67_67399_5136980,0005910-33,1S,9,A,10,10,2027
67018732,67_67399_5136980,5819-31,1S,9,B,10,10,2027
67018732,67_67399_5136980,1882-02,1S,9,C,5,5,2027
67018732,67_67399_5136980,2076-65,1S,9,C,5,5,2027
67018732,67_67399_5136980,C917304-06,1S,9,B,5,5,2027
67018732,67_67399_5136980,C910418-05,1S,9,C,5,5,2027
67018732,67_67399_5136980,730000,1S,9,B,5,5,2027
67018732,67_67399_5136980,C717202-01,1S,9,B,5,5,2027
67018732,67_67399_5136980,7702-51,1S,9,C,5,5,2027
67018732,67_67399_5136980,1494329,2S,9,B,5,5,2027
67018732,67_67399_5136980,C923204-01,2S,9,B,5,5,2027
67018732,67_67399_5136980,1458447,2S,9,A,5,5,2027
67018732,67_67399_5136980,C910202-15,2S,9,C,5,5,2027
67018733,67_67399_5136980,C853001-02,1S,9,C,5,5,2027
67018733,67_67399_5136980,1494240,1S,9,D,5,5,2027
67018733,67_67399_5136980,1276-51,1S,9,A,5,5,2027
67018733,67_67399_5136980,C900001-50,1S,9,C,5,5,2027
67018733,67_67399_5136980,1224-51,1S,9,C,5,5,2027
67018733,67_67399_5136980,2075-52,1S,9,B,5,5,2027
67018733,67_67399_5136980,9104016-33,1S,9,B,5,5,2027
67018733,67_67399_5136980,2891016,1S,9,B,5,5,2027
67018733,67_67399_5136980,1409593,1S,9,B,10,10,2027
67018733,67_67399_5136980,1579341,1S,9,B,5,5,2027
67018733,67_67399_5136980,C934001-07,1S,9,C,5,5,2027
67018733,67_67399_5136980,1385427,2S,9,B,5,5,2027
67018733,67_67399_5136980,1746651,2S,9,A,5,5,2027
67018733,67_67399_5136980,C910400605,2S,9,C,5,5,2027
67018734,67_67399_5136980,0915-65,1S,9,A,10,10,2027
67018734,67_67399_5136980,2075-51,1S,9,C,5,5,2027
67018734,67_67399_5136980,100809,1S,9,A,5,5,2027
67018734,67_67399_5136980,5819-23,1S,9,B,10,10,2027
67018734,67_67399_5136980,6215-57,1S,9,C,5,5,2027
67018734,67_67399_5136980,3123-20,1S,9,A,5,5,2027
67018734,67_67399_5136980,27760,1S,9,A,5,5,2027
67018734,67_67399_5136980,1392703,1S,9,B,5,5,2027
67018734,67_67399_5136980,C906201-03,1S,9,A,5,5,2027
67018734,67_67399_5136980,1691836,1S,9,B,5,5,2027
67018734,67_67399_5136980,1254-20,1S,9,A,5,5,2027
67018734,67_67399_5136980,7791-14,2S,9,C,5,5,2027
67018734,67_67399_5136980,05693-2310,2S,9,A,5,5,2027
67018734,67_67399_5136980,C910203-09,2S,9,B,5,5,2027
67018735,67_67399_5136980,C910203-05,1S,9,A,5,5,2027
67018735,67_67399_5136980,7383-50,1S,9,A,10,10,2027
67018735,67_67399_5136980,2075-63,1S,9,B,5,5,2027
67018735,67_67399_5136980,2057-18,1S,9,A,5,5,2027
67018735,67_67399_5136980,1409473,1S,9,A,10,10,2027
67018735,67_67399_5136980,1414646,1S,9,B,10,10,2027
67018735,67_67399_5136980,1576113,1S,9,C,5,5,2027
67018735,67_67399_5136980,C902001-02,1S,9,A,10,10,2027
67018735,67_67399_5136980,643226,1S,9,B,5,5,2027
67018735,67_67399_5136980,1883-03,1S,9,B,5,5,2027
67018735,67_67399_5136980,2675769,1S,9,B,5,5,2027
67018735,67_67399_5136980,C917402-01,2S,9,C,5,5,2027
67018735,67_67399_5136980,1458597,2S,9,A,5,5,2027
67018735,67_67399_5136980,C902001-02,2S,9,A,10,10,2027
67018735,67_67399_5136980,1254-19,2S,9,A,5,5,2027
67018736,67_67399_5136980,7702-56,1S,9,A,5,5,2027
67018736,67_67399_5136980,1022375,1S,9,C,10,10,2027
67018736,67_67399_5136980,64010,1S,9,A,5,5,2027
67018736,67_67399_5136980,2890835,1S,9,B,5,5,2027
67018736,67_67399_5136980,1431446,1S,9,B,10,10,2027
67018736,67_67399_5136980,1579676,1S,9,C,5,5,2027
67018736,67_67399_5136980,726104,1S,9,B,5,5,2027
67018736,67_67399_5136980,1790-01,1S,9,C,5,5,2027
67018736,67_67399_5136980,1385549,1S,9,A,5,5,2027
67018736,67_67399_5136980,C810002-01,1S,9,C,5,5,2027
67018736,67_67399_5136980,C9104007-06,1S,9,B,5,5,2027
67018736,67_67399_5136980,980313,2S,9,A,5,5,2027
67018736,67_67399_5136980,C917305-21,2S,9,C,5,5,2027
67018736,67_67399_5136980,C906202-01,2S,9,A,5,5,2027
67018736,67_67399_5136980,C9104006-06,2S,9,B,5,5,2027
67018737,67_67399_5136980,5432-58,1S,9,B,5,5,2027
67018737,67_67399_5136980,5819-15,1S,9,A,10,10,2027
67018737,67_67399_5136980,7702-58,1S,9,B,5,5,2027
67018737,67_67399_5136980,2294150,1S,9,B,5,5,2027
67018737,67_67399_5136980,2891047,1S,9,A,5,5,2027
67018737,67_67399_5136980,993917,1S,9,B,5,5,2027
67018737,67_67399_5136980,2075-50,1S,9,B,5,5,2027
67018737,67_67399_5136980,2555636,1S,9,B,5,5,2027
67018737,67_67399_5136980,1494240,1S,9,A,5,5,2027
67018737,67_67399_5136980,1693297,1S,9,C,5,5,2027
67018737,67_67399_5136980,90948,1S,9,C,5,5,2027
67018737,67_67399_5136980,9226-13,2S,9,B,5,5,2027
67018737,67_67399_5136980,4579-52,2S,9,C,5,5,2027
67018737,67_67399_5136980,1883-04,2S,9,C,5,5,2027
67018737,67_67399_5136980,1446879,2S,9,C,10,10,2027
67018738,67_67399_5136980,1256-07,1S,9,A,5,5,2027
67018738,67_67399_5136980,2348662,1S,9,A,10,10,2027
67018738,67_67399_5136980,C910418-03,1S,9,B,5,5,2027
67018738,67_67399_5136980,C906201-03,1S,9,C,5,5,2027
67018738,67_67399_5136980,1887,1S,9,C,5,5,2027
67018738,67_67399_5136980,C934002-02,1S,9,A,5,5,2027
67018738,67_67399_5136980,1579310,1S,9,A,5,5,2027
67018738,67_67399_5136980,1409685,1S,9,B,10,10,2027
67018738,67_67399_5136980,2891200,1S,9,B,5,5,2027
67018738,67_67399_5136980,2076-51,1S,9,A,5,5,2027
67018738,67_67399_5136980,C913001-02,1S,9,A,5,5,2027
67018738,67_67399_5136980,1624-01,2S,9,C,10,10,2027
67018738,67_67399_5136980,1790-09,2S,9,C,5,5,2027
67018738,67_67399_5136980,C910204-19,2S,9,B,5,5,2027
67018739,67_67399_5136980,2097590,1S,9,B,10,10,2027
67018739,67_67399_5136980,102391,1S,9,B,10,10,2027
67018739,67_67399_5136980,1850-09,1S,9,C,5,5,2027
67018739,67_67399_5136980,C910418-01,1S,9,B,5,5,2027
67018739,67_67399_5136980,2676012,1S,9,A,5,5,2027
67018739,67_67399_5136980,C934002-07,1S,9,B,5,5,2027
67018739,67_67399_5136980,3037-50,1S,9,A,5,5,2027
67018739,67_67399_5136980,9815-50,1S,9,A,5,5,2027
67018739,67_67399_5136980,2076-53,1S,9,A,5,5,2027
67018739,67_67399_5136980,6682-13,1S,9,C,5,5,2027
67018739,67_67399_5136980,3896-53,1S,9,B,5,5,2027
67018739,67_67399_5136980,6683-15,2S,9,B,5,5,2027
67018739,67_67399_5136980,C917304-08,2S,9,C,5,5,2027
67018739,67_67399_5136980,9000-51,2S,9,C,5,5,2027
67018739,67_67399_5136980,1850-02,2S,9,C,5,5,2027
67018740,67_67399_5136980,C810002-01,1S,9,B,5,5,2027
67018740,67_67399_5136980,2482556,1S,9,B,5,5,2027
67018740,67_67399_5136980,729757,1S,9,C,5,5,2027
67018740,67_67399_5136980,2075-50,1S,9,B,5,5,2027
67018740,67_67399_5136980,C924502-02,1S,9,A,5,5,2027
67018740,67_67399_5136980,1431446,1S,9,B,10,10,2027
67018740,67_67399_5136980,5432-65,1S,9,B,5,5,2027
67018740,67_67399_5136980,446724,1S,9,B,5,5,2027
67018740,67_67399_5136980,1710-09,1S,9,B,5,5,2027
67018740,67_67399_5136980,C910429-01,1S,9,A,5,5,2027
67018740,67_67399_5136980,5693-41,1S,9,A,5,5,2027
67018740,67_67399_5136980,1254-17,2S,9,A,5,5,2027
67018740,67_67399_5136980,C923201-01,2S,9,B,5,5,2027
67018740,67_67399_5136980,C906202-01,2S,9,A,5,5,2027
67018740,67_67399_5136980,C917304-05,2S,9,B,5,5,2027
67018741,67_67399_5136980,1691440,1S,9,B,5,5,2027
67018741,67_67399_5136980,298405,1S,9,A,10,10,2027
67018741,67_67399_5136980,0215-07,1S,9,A,10,10,2027
67018741,67_67399_5136980,9226-13,1S,9,B,5,5,2027
67018741,67_67399_5136980,3123-17,1S,9,A,5,5,2027
67018741,67_67399_5136980,C910202-14,1S,9,A,5,5,2027
67018741,67_67399_5136980,1022347,1S,9,C,10,10,2027
67018741,67_67399_5136980,63920,1S,9,B,5,5,2027
67018741,67_67399_5136980,2891200,1S,9,C,5,5,2027
67018741,67_67399_5136980,5819-24,1S,9,B,10,10,2027
67018741,67_67399_5136980,1577880,1S,9,B,5,5,2027
67018741,67_67399_5136980,5793-13,2S,9,B,5,5,2027
67018741,67_67399_5136980,2151950,2S,9,A,5,5,2027
67018741,67_67399_5136980,1256-09,2S,9,A,5,5,2027
67018742,67_67399_5136980,6683-14,1S,9,C,5,5,2027
67018742,67_67399_5136980,2555636,1S,9,C,5,5,2027
67018742,67_67399_5136980,2075-55,1S,9,A,5,5,2027
67018742,67_67399_5136980,111521,1S,9,C,5,5,2027
67018742,67_67399_5136980,7651-54,1S,9,B,10,10,2027
67018742,67_67399_5136980,6215-61,1S,9,A,5,5,2027
67018742,67_67399_5136980,724003,1S,9,B,5,5,2027
67018742,67_67399_5136980,1710-19,1S,9,A,5,5,2027
67018742,67_67399_5136980,C910415-56,1S,9,B,5,5,2027
67018742,67_67399_5136980,1458506,1S,9,B,5,5,2027
67018742,67_67399_5136980,1554474,1S,9,B,5,5,2027
67018742,67_67399_5136980,8697-14,2S,9,A,5,5,2027
67018742,67_67399_5136980,C917305-06,2S,9,A,5,5,2027
67018742,67_67399_5136980,C922205-01,2S,9,A,5,5,2027
67018743,67_67399_5136980,0218-02,1S,9,A,10,10,2027
67018743,67_67399_5136980,C910204-08,1S,9,C,5,5,2027
67018743,67_67399_5136980,2281338,1S,9,A,10,10,2027
67018743,67_67399_5136980,2075-55,1S,9,C,5,5,2027
67018743,67_67399_5136980,2890986,1S,9,B,5,5,2027
67018743,67_67399_5136980,7651-62,1S,9,A,10,10,2027
67018743,67_67399_5136980,5432-60,1S,9,A,5,5,2027
67018743,67_67399_5136980,C932301-50,1S,9,B,5,5,2027
67018743,67_67399_5136980,5992-19,1S,9,C,5,5,2027
67018743,67_67399_5136980,5980-56,1S,9,A,10,10,2027
67018743,67_67399_5136980,884254,1S,9,A,10,10,2027
67018743,67_67399_5136980,298495,2S,9,B,10,10,2027
67018743,67_67399_5136980,2482707,2S,9,B,5,5,2027
67018743,67_67399_5136980,1735665,2S,9,C,5,5,2027
67018744,67_67399_5136980,C9104006-07,1S,9,B,5,5,2027
67018744,67_67399_5136980,1448978,1S,9,A,10,10,2027
67018744,67_67399_5136980,1726-01,1S,9,A,5,5,2027
67018744,67_67399_5136980,C934001-05,1S,9,C,5,5,2027
67018744,67_67399_5136980,C932202-52,1S,9,B,5,5,2027
67018744,67_67399_5136980,7641-52,1S,9,B,10,10,2027
67018744,67_67399_5136980,2891169,1S,9,B,5,5,2027
67018744,67_67399_5136980,2076-56,1S,9,A,5,5,2027
67018744,67_67399_5136980,3896-50,1S,9,C,5,5,2027
67018744,67_67399_5136980,C910203-02,1S,9,B,5,5,2027
67018744,67_67399_5136980,104886,1S,9,C,10,10,2027
67018744,67_67399_5136980,7702-57,2S,9,A,5,5,2027
67018744,67_67399_5136980,C917304-07,2S,9,B,5,5,2027
67018744,67_67399_5136980,C922001-51,2S,9,A,5,5,2027
67018745,67_67399_5136980,2076-52,1S,9,A,5,5,2027
67018745,67_67399_5136980,5432-54,1S,9,B,5,5,2027
67018745,67_67399_5136980,446236,1S,9,B,5,5,2027
67018745,67_67399_5136980,9226-18,1S,9,B,5,5,2027
67018745,67_67399_5136980,1022406,1S,9,A,10,10,2027
67018745,67_67399_5136980,1883-08,1S,9,B,5,5,2027
67018745,67_67399_5136980,C910201-18,1S,9,A,5,5,2027
67018745,67_67399_5136980,97887,1S,9,C,5,5,2027
67018745,67_67399_5136980,2098411,1S,9,A,10,10,2027
67018745,67_67399_5136980,389351,1S,9,A,10,10,2027
67018745,67_67399_5136980,2293999,1S,9,C,5,5,2027
67018745,67_67399_5136980,1494513,2S,9,A,5,5,2027
67018745,67_67399_5136980,1276-50,2S,9,C,5,5,2027
67018745,67_67399_5136980,5693-13,2S,9,B,5,5,2027
67018746,67_67399_5136980,5693-53,1S,9,A,5,5,2027
67018746,67_67399_5136980,05693-1311,1S,9,A,5,5,2027
67018746,67_67399_5136980,1494329,1S,9,B,5,5,2027
67018746,67_67399_5136980,C934001-11,1S,9,B,5,5,2027
67018746,67_67399_5136980,C931602-02,1S,9,B,10,10,2027
67018746,67_67399_5136980,1593980,1S,9,A,5,5,2027
67018746,67_67399_5136980,1918255,1S,9,C,10,10,2027
67018746,67_67399_5136980,2076-53,1S,9,B,5,5,2027
67018746,67_67399_5136980,9814-51,1S,9,B,5,5,2027
67018746,67_67399_5136980,C853001-03,1S,9,A,5,5,2027
67018746,67_67399_5136980,1577880,1S,9,C,5,5,2027
67018746,67_67399_5136980,5693-22,2S,9,C,5,5,2027
67018746,67_67399_5136980,2224,2S,9,C,5,5,2027
67018746,67_67399_5136980,7708-59,2S,9,A,5,5,2027
67018747,67_67399_5136980,27791,1S,9,B,5,5,2027
67018747,67_67399_5136980,3121-18,1S,9,A,5,5,2027
67018747,67_67399_5136980,5432-53,1S,9,A,5,5,2027
67018747,67_67399_5136980,5819-33,1S,9,B,10,10,2027
67018747,67_67399_5136980,2057-13,1S,9,B,5,5,2027
67018747,67_67399_5136980,2075-53,1S,9,C,5,5,2027
67018747,67_67399_5136980,0915-53,1S,9,A,10,10,2027
67018747,67_67399_5136980,4579-51,1S,9,B,5,5,2027
67018747,67_67399_5136980,1421923,1S,9,A,5,5,2027
67018747,67_67399_5136980,5693-33,1S,9,B,5,5,2027
67018747,67_67399_5136980,736816,1S,9,A,10,10,2027
67018747,67_67399_5136980,2101639,2S,9,B,5,5,2027
67018747,67_67399_5136980,90948,2S,9,A,5,5,2027
67018747,67_67399_5136980,1422073,2S,9,A,5,5,2027
67018747,67_67399_5136980,1790-14,2S,9,B,5,5,2027
67018748,67_67399_5136980,2099082,1S,9,C,10,10,2027
67018748,67_67399_5136980,C700002-51,1S,9,B,5,5,2027
67018748,67_67399_5136980,2294272,1S,9,A,5,5,2027
67018748,67_67399_5136980,0218-02,1S,9,B,10,10,2027
67018748,67_67399_5136980,C923204-02,1S,9,A,5,5,2027
67018748,67_67399_5136980,C934001-08,1S,9,C,5,5,2027
67018748,67_67399_5136980,C925401-03,1S,9,B,5,5,2027
67018748,67_67399_5136980,0061-52,1S,9,C,5,5,2027
67018748,67_67399_5136980,2002717,1S,9,B,10,10,2027
67018748,67_67399_5136980,4579-52,1S,9,C,5,5,2027
67018748,67_67399_5136980,C932202-50,1S,9,A,5,5,2027
67018748,67_67399_5136980,C9104006-05,2S,9,A,5,5,2027
67018748,67_67399_5136980,1850-04,2S,9,A,5,5,2027
67018748,67_67399_5136980,1710-20,2S,9,B,5,5,2027
67018748,67_67399_5136980,C910202-11,2S,9,C,5,5,2027
67018749,67_67399_5136980,0215-08,1S,9,D,10,10,2027
67018749,67_67399_5136980,C9104007-04,1S,9,F,5,0,2027
67018749,67_67399_5136980,24259,1S,9,A,5,5,2027
67018749,67_67399_5136980,104886,1S,9,B,10,10,2027
67018749,67_67399_5136980,6215-56,1S,9,C,5,5,2027
67018749,67_67399_5136980,217381,1S,9,C,10,10,2027
67018749,67_67399_5136980,111460,1S,9,B,5,5,2027
67018749,67_67399_5136980,2075-31,1S,9,A,5,5,2027
67018749,67_67399_5136980,C900002-01,1S,9,A,5,5,2027
67018749,67_67399_5136980,C910203-13,1S,9,B,5,5,2027
67018749,67_67399_5136980,726104,1S,9,B,5,5,2027
67018749,67_67399_5136980,0218-04,2S,9,C,10,10,2027
67018749,67_67399_5136980,C917304-06,2S,9,B,5,5,2027
67018749,67_67399_5136980,1748661,2S,9,B,5,5,2027
67018750,67_67399_5136980,7500-50,1S,9,B,5,5,2027
67018750,67_67399_5136980,2076-52,1S,9,B,5,5,2027
67018750,67_67399_5136980,005693-534,1S,9,C,5,5,2027
67018750,67_67399_5136980,1414799,1S,9,A,10,10,2027
67018750,67_67399_5136980,C922001-51,1S,9,B,5,5,2027
67018750,67_67399_5136980,C917305-24,1S,9,B,5,5,2027
67018750,67_67399_5136980,C934002-02,1S,9,B,5,5,2027
67018750,67_67399_5136980,1578215,1S,9,A,5,5,2027
67018750,67_67399_5136980,5990-52,1S,9,B,10,10,2027
67018750,67_67399_5136980,596563,1S,9,A,5,5,2027
67018750,67_67399_5136980,7708-60,1S,9,A,5,5,2027
67018750,67_67399_5136980,1593951,2S,9,A,5,5,2027
67018750,67_67399_5136980,C922704-02,2S,9,A,10,10,2027
67018750,67_67399_5136980,2193,2S,9,B,5,5,2027
67018751,67_67399_5136980,8697-20,1S,9,F,5,0,2027
67018751,67_67399_5136980,642495,1S,9,A,5,5,2027
67018751,67_67399_5136980,2076-65,1S,9,B,5,5,2027
67018751,67_67399_5136980,C924502-02,1S,9,A,5,5,2027
67018751,67_67399_5136980,1409593,1S,9,D,10,10,2027
67018751,67_67399_5136980,5432-61,1S,9,A,5,5,2027
67018751,67_67399_5136980,643285,1S,9,B,5,5,2027
67018751,67_67399_5136980,1494574,1S,9,F,5,0,2027
67018751,67_67399_5136980,C910430-50,1S,9,A,5,5,2027
67018751,67_67399_5136980,91313,1S,9,B,5,5,2027
67018751,67_67399_5136980,C740002-04,1S,9,C,5,5,2027
67018751,67_67399_5136980,005693-435,2S,9,C,5,5,2027
67018752,67_67399_5136980,005693-434,1S,9,B,5,5,2027
67018752,67_67399_5136980,101783,1S,9,A,10,10,2027
67018752,67_67399_5136980,0218-04,1S,9,B,10,10,2027
67018752,67_67399_5136980,C917402-02,1S,9,A,5,5,2027
67018752,67_67399_5136980,C934002-02,1S,9,A,5,5,2027
67018752,67_67399_5136980,1254-18,1S,9,A,5,5,2027
67018752,67_67399_5136980,0915-53,1S,9,A,10,10,2027
67018752,67_67399_5136980,0061-52,1S,9,A,5,5,2027
67018752,67_67399_5136980,C924507-51,1S,9,A,5,5,2027
67018752,67_67399_5136980,5819-28,1S,9,B,10,10,2027
67018752,67_67399_5136980,3064-51,1S,9,B,5,5,2027
67018752,67_67399_5136980,240756,2S,9,A,5,5,2027
67018752,67_67399_5136980,5793-21,2S,9,B,5,5,2027
67018752,67_67399_5136980,C917304-17,2S,9,B,5,5,2027
67018752,67_67399_5136980,1593920,2S,9,B,5,5,2027
67018753,67_67399_5136980,1385611,1S,9,B,5,5,2027
67018753,67_67399_5136980,1790-07,1S,9,A,5,5,2027
67018753,67_67399_5136980,643226,1S,9,D,5,5,2027
67018753,67_67399_5136980,623137,1S,9,B,5,5,2027
67018753,67_67399_5136980,7651-55,1S,9,C,10,10,2027
67018753,67_67399_5136980,111491,1S,9,F,5,0,2027
67018753,67_67399_5136980,0061-54,1S,9,D,5,5,2027
67018753,67_67399_5136980,1520750,1S,9,A,10,10,2027
67018753,67_67399_5136980,1280-51,1S,9,B,5,5,2027
67018753,67_67399_5136980,5693-31,1S,9,A,5,5,2027
67018753,67_67399_5136980,C740002-03,1S,9,B,5,5,2027
67018753,67_67399_5136980,4578-54,2S,9,B,5,5,2027
67018753,67_67399_5136980,C910418-09,2S,9,A,5,5,2027
67018753,67_67399_5136980,C917305-09,2S,9,A,5,5,2027
67018754,67_67399_5136980,7641-50,1S,9,A,10,10,2027
67018754,67_67399_5136980,9814-51,1S,9,C,5,5,2027
67018754,67_67399_5136980,2075-65,1S,9,B,5,5,2027
67018754,67_67399_5136980,7500-50,1S,9,A,5,5,2027
67018754,67_67399_5136980,C910202-10,1S,9,A,5,5,2027
67018754,67_67399_5136980,C934001-10,1S,9,C,5,5,2027
67018754,67_67399_5136980,C917304-06,1S,9,C,5,5,2027
67018754,67_67399_5136980,005693-135,1S,9,A,5,5,2027
67018754,67_67399_5136980,C922203-51,1S,9,B,5,5,2027
67018754,67_67399_5136980,2274732,1S,9,A,5,5,2027
67018754,67_67399_5136980,3038-53,1S,9,A,5,5,2027
67018754,67_67399_5136980,7702-54,2S,9,A,5,5,2027
67018754,67_67399_5136980,1224-52,2S,9,A,5,5,2027
67018755,67_67399_5136980,3123-18,1S,9,A,5,5,2027
67018755,67_67399_5136980,5432-64,1S,9,A,5,5,2027
67018755,67_67399_5136980,5990-52,1S,9,B,10,10,2027
67018755,67_67399_5136980,2890804,1S,9,B,5,5,2027
67018755,67_67399_5136980,2076-60,1S,9,B,5,5,2027
67018755,67_67399_5136980,730242,1S,9,A,5,5,2027
67018755,67_67399_5136980,5693-43,1S,9,A,5,5,2027
67018755,67_67399_5136980,C910201-03,1S,9,B,5,5,2027
67018755,67_67399_5136980,5991-21,1S,9,C,5,5,2027
67018755,67_67399_5136980,9104016-23,1S,9,C,5,5,2027
67018755,67_67399_5136980,C700001-50,1S,9,A,5,5,2027
67018755,67_67399_5136980,1710-01,2S,9,A,5,5,2027
67018755,67_67399_5136980,C906201-03,2S,9,C,5,5,2027
67018755,67_67399_5136980,C910418-07,2S,9,A,5,5,2027
67018755,67_67399_5136980,980710,2S,9,B,5,5,2027
67018756,67_67399_5136980,101540,1S,9,B,10,10,2027
67018756,67_67399_5136980,005693-137,1S,9,A,5,5,2027
67018756,67_67399_5136980,1385549,1S,9,C,5,5,2027
67018756,67_67399_5136980,1710-06,1S,9,B,5,5,2027
67018756,67_67399_5136980,994312,1S,9,A,5,5,2027
67018756,67_67399_5136980,6215-62,1S,9,A,5,5,2027
67018756,67_67399_5136980,7651-62,1S,9,B,10,10,2027
67018756,67_67399_5136980,2076-55,1S,9,C,5,5,2027
67018756,67_67399_5136980,0915-01,1S,9,B,10,10,2027
67018756,67_67399_5136980,7702-56,1S,9,A,5,5,2027
67018756,67_67399_5136980,57346,1S,9,C,5,5,2027
67018756,67_67399_5136980,1385641,2S,9,A,5,5,2027
67018756,67_67399_5136980,C917304-06,2S,9,A,5,5,2027
67018756,67_67399_5136980,C9104006-06,2S,9,C,5,5,2027
67018756,67_67399_5136980,C910202-13,2S,9,C,5,5,2027
67018757,67_67399_5136980,4793-50,1S,9,C,5,5,2027
67018757,67_67399_5136980,1280-53,1S,9,A,5,5,2027
67018757,67_67399_5136980,2075-66,1S,9,A,5,5,2027
67018757,67_67399_5136980,2891200,1S,9,A,5,5,2027
67018757,67_67399_5136980,6215-61,1S,9,C,5,5,2027
67018757,67_67399_5136980,3121-13,1S,9,A,5,5,2027
67018757,67_67399_5136980,1790-06,1S,9,B,5,5,2027
67018757,67_67399_5136980,0215-03,1S,9,A,10,10,2027
67018757,67_67399_5136980,1421982,1S,9,A,5,5,2027
67018757,67_67399_5136980,Feb-21,1S,9,A,10,10,2027
67018757,67_67399_5136980,2097194,1S,9,A,10,10,2027
67018757,67_67399_5136980,1593341,2S,9,B,5,5,2027
67018757,67_67399_5136980,C920003-01,2S,9,B,10,10,2027
67018757,67_67399_5136980,C910429-50,2S,9,B,5,5,2027
67018757,67_67399_5136980,1494787,2S,9,C,5,5,2027
67018758,67_67399_5136980,726104,1S,9,A,5,5,2027
67018758,67_67399_5136980,C910415-54,1S,9,B,5,5,2027
67018758,67_67399_5136980,1790-07,1S,9,B,5,5,2027
67018758,67_67399_5136980,4579-52,1S,9,B,5,5,2027
67018758,67_67399_5136980,0915-13,1S,9,C,10,10,2027
67018758,67_67399_5136980,2076-59,1S,9,C,5,5,2027
67018758,67_67399_5136980,2057-15,1S,9,C,5,5,2027
67018758,67_67399_5136980,9104015-11,1S,9,C,5,5,2027
67018758,67_67399_5136980,884254,1S,9,B,10,10,2027
67018758,67_67399_5136980,5990-51,1S,9,C,10,10,2027
67018758,67_67399_5136980,3068-53,1S,9,B,5,5,2027
67018758,67_67399_5136980,1446728,2S,9,A,10,10,2027
67018758,67_67399_5136980,1593341,2S,9,C,5,5,2027
67018758,67_67399_5136980,1790-07,2S,9,B,5,5,2027
67018758,67_67399_5136980,9104016-53,2S,9,B,5,5,2027
67018759,67_67399_5136980,2294181,1S,9,B,5,5,2027
67018759,67_67399_5136980,C700001-51,1S,9,A,5,5,2027
67018759,67_67399_5136980,1280-56,1S,9,B,5,5,2027
67018759,67_67399_5136980,C922007-01,1S,9,A,5,5,2027
67018759,67_67399_5136980,730365,1S,9,A,5,5,2027
67018759,67_67399_5136980,2075-63,1S,9,B,5,5,2027
67018759,67_67399_5136980,57346,1S,9,C,5,5,2027
67018759,67_67399_5136980,2493-50,1S,9,B,10,10,2027
67018759,67_67399_5136980,3038-51,1S,9,A,5,5,2027
67018759,67_67399_5136980,C713101-01,1S,9,A,5,5,2027
67018759,67_67399_5136980,C917304-07,1S,9,A,5,5,2027
67018759,67_67399_5136980,C910204-10,2S,9,B,5,5,2027
67018759,67_67399_5136980,C917304-24,2S,9,B,5,5,2027
67018759,67_67399_5136980,C9104007-12,2S,9,A,5,5,2027
67018760,67_67399_5136980,2274732,1S,9,A,5,5,2027
67018760,67_67399_5136980,C910415-50,1S,9,A,5,5,2027
67018760,67_67399_5136980,0218-02,1S,9,B,10,10,2027
67018760,67_67399_5136980,1494390,1S,9,A,5,5,2027
67018760,67_67399_5136980,446022,1S,9,B,5,5,2027
67018760,67_67399_5136980,3064-54,1S,9,A,5,5,2027
67018760,67_67399_5136980,9814-26,1S,9,C,5,5,2027
67018760,67_67399_5136980,2075-67,1S,9,A,5,5,2027
67018760,67_67399_5136980,1990605,1S,9,C,10,10,2027
67018760,67_67399_5136980,2482646,1S,9,A,5,5,2027
67018760,67_67399_5136980,2098411,1S,9,A,10,10,2027
67018760,67_67399_5136980,0218-05,2S,9,A,10,10,2027
67018760,67_67399_5136980,1790-02,2S,9,C,5,5,2027
67018760,67_67399_5136980,C910418-07,2S,9,B,5,5,2027
67018760,67_67399_5136980,C910201-12,2S,9,A,5,5,2027
67018761,67_67399_5136980,1254-20,1S,9,C,5,5,2027
67018761,67_67399_5136980,108296,1S,9,A,5,5,2027
67018761,67_67399_5136980,2075-31,1S,9,A,5,5,2027
67018761,67_67399_5136980,9814-17,1S,9,A,5,5,2027
67018761,67_67399_5136980,2097194,1S,9,C,10,10,2027
67018761,67_67399_5136980,5432-52,1S,9,B,5,5,2027
67018761,67_67399_5136980,723944,1S,9,C,5,5,2027
67018761,67_67399_5136980,1710-20,1S,9,B,5,5,2027
67018761,67_67399_5136980,C920005-02,1S,9,A,10,10,2027
67018761,67_67399_5136980,C910417-03,1S,9,B,5,5,2027
67018761,67_67399_5136980,1414587,1S,9,B,10,10,2027
67018761,67_67399_5136980,1254-04,2S,9,B,5,5,2027
67018761,67_67399_5136980,1828,2S,9,C,5,5,2027
67018761,67_67399_5136980,C910415-52,2S,9,A,5,5,2027
67018762,67_67399_5136980,1256-04,2S,10,B,5,5,2027
67018762,67_67399_5136980,1422012,2S,10,B,5,5,2027
67018762,67_67399_5136980,C910418-09,2S,10,B,5,5,2027
67018762,67_67399_5136980,2294181,2S,10,B,5,5,2027
67018762,67_67399_5136980,7708-53,2S,10,C,5,5,2027
67018762,67_67399_5136980,1197997,2S,10,B,5,5,2027
67018762,67_67399_5136980,7641-53,2S,10,A,10,10,2027
67018762,67_67399_5136980,2890682,2S,10,B,5,5,2027
67018763,67_67399_5136980,1224-50,2S,10,A,5,5,2027
67018763,67_67399_5136980,1592856,2S,10,B,5,5,2027
67018763,67_67399_5136980,1254-21,2S,10,A,5,5,2027
67018763,67_67399_5136980,9814-20,2S,10,A,5,5,2027
67018763,67_67399_5136980,2097741,2S,10,C,10,10,2027
67018763,67_67399_5136980,C910400701,2S,10,C,5,5,2027
67018763,67_67399_5136980,5980-52,2S,10,C,10,10,2027
67018763,67_67399_5136980,5991-19,2S,10,A,5,5,2027
67018764,67_67399_5136980,C922203-51,2S,10,B,5,5,2027
67018764,67_67399_5136980,5693-53,2S,10,B,5,5,2027
67018764,67_67399_5136980,9104015-51,2S,10,A,5,5,2027
67018764,67_67399_5136980,1790-42,2S,10,C,5,5,2027
67018764,67_67399_5136980,1431599,2S,10,B,10,10,2027
67018764,67_67399_5136980,97157,2S,10,A,5,5,2027
67018764,67_67399_5136980,6683-14,2S,10,B,5,5,2027
67018764,67_67399_5136980,8697-16,2S,10,A,5,5,2027
67018765,67_67399_5136980,4579-54,2S,10,B,5,5,2027
67018765,67_67399_5136980,C910202-15,2S,10,C,5,5,2027
67018765,67_67399_5136980,2890682,2S,10,B,5,5,2027
67018765,67_67399_5136980,7641-54,2S,10,B,10,10,2027
67018765,67_67399_5136980,23743,2S,10,A,5,5,2027
67018765,67_67399_5136980,C9104007-07,2S,10,B,5,5,2027
67018765,67_67399_5136980,2294211,2S,10,C,5,5,2027
67018765,67_67399_5136980,C920002-01,2S,10,A,10,10,2027
67018766,67_67399_5136980,7651-79,2S,10,C,10,10,2027
67018766,67_67399_5136980,C917305-26,2S,10,A,5,5,2027
67018766,67_67399_5136980,0215-07,2S,10,C,10,10,2027
67018766,67_67399_5136980,1385611,2S,10,A,5,5,2027
67018766,67_67399_5136980,298405,2S,10,B,10,10,2027
67018766,67_67399_5136980,111095,2S,10,C,5,5,2027
67018766,67_67399_5136980,1276-55,2S,10,B,5,5,2027
67018766,67_67399_5136980,1746682,2S,10,A,5,5,2027
67018767,67_67399_5136980,C922703-01,2S,10,B,10,10,2027
67018767,67_67399_5136980,C910418-13,2S,10,A,5,5,2027
67018767,67_67399_5136980,1284-01,2S,10,A,5,5,2027
67018767,67_67399_5136980,C910802-03,2S,10,B,5,5,2027
67018767,67_67399_5136980,2293999,2S,10,B,5,5,2027
67018767,67_67399_5136980,1790-16,2S,10,A,5,5,2027
67018767,67_67399_5136980,97887,2S,10,C,5,5,2027
67018767,67_67399_5136980,1409777,2S,10,B,10,10,2027
67018768,67_67399_5136980,1593586,2S,10,B,5,5,2027
67018768,67_67399_5136980,7708-63,2S,10,B,5,5,2027
67018768,67_67399_5136980,C923202-03,2S,10,A,5,5,2027
67018768,67_67399_5136980,9814-15,2S,10,B,5,5,2027
67018768,67_67399_5136980,2099082,2S,10,B,10,10,2027
67018768,67_67399_5136980,1710-08,2S,10,B,5,5,2027
67018768,67_67399_5136980,0218-03,2S,10,B,10,10,2027
67018768,67_67399_5136980,C910418-07,2S,10,B,5,5,2027
67018769,67_67399_5136980,2097194,2S,10,B,10,10,2027
67018769,67_67399_5136980,980738,2S,10,C,5,5,2027
67018769,67_67399_5136980,C910802-01,2S,10,A,5,5,2027
67018769,67_67399_5136980,C922001-52,2S,10,A,5,5,2027
67018769,67_67399_5136980,C925401-01,2S,10,B,5,5,2027
67018769,67_67399_5136980,5693-52,2S,10,A,5,5,2027
67018769,67_67399_5136980,9104016-53,2S,10,A,5,5,2027
67018769,67_67399_5136980,5991-13,2S,10,C,5,5,2027
67018770,67_67399_5136980,C9104007-06,2S,10,B,5,5,2027
67018770,67_67399_5136980,0218-04,2S,10,B,10,10,2027
67018770,67_67399_5136980,C925401-02,2S,10,B,5,5,2027
67018770,67_67399_5136980,C910203-13,2S,10,C,5,5,2027
67018770,67_67399_5136980,5990-53,2S,10,A,10,10,2027
67018770,67_67399_5136980,2676012,2S,10,B,5,5,2027
67018770,67_67399_5136980,C922203-51,2S,10,A,5,5,2027
67018770,67_67399_5136980,1286-05,2S,10,B,5,5,2027
67018771,67_67399_5136980,7791-22,2S,10,B,5,5,2027
67018771,67_67399_5136980,100079,2S,10,B,5,5,2027
67018771,67_67399_5136980,1431660,2S,10,A,10,10,2027
67018771,67_67399_5136980,2482707,2S,10,A,5,5,2027
67018771,67_67399_5136980,1280-50,2S,10,A,5,5,2027
67018771,67_67399_5136980,5910-022,2S,10,B,10,10,2027
67018771,67_67399_5136980,C923201-01,2S,10,C,5,5,2027
67018771,67_67399_5136980,C9104008-03,2S,10,C,5,5,2027
67018773,67_67399_5136980,C922002-51,2S,10,A,5,5,2027
67018773,67_67399_5136980,5793-22,2S,10,A,5,5,2027
67018773,67_67399_5136980,2293725,2S,10,B,5,5,2027
67018773,67_67399_5136980,1593310,2S,10,B,5,5,2027
67018773,67_67399_5136980,2137826,2S,10,B,5,5,2027
67018773,67_67399_5136980,C924507-51,2S,10,B,5,5,2027
67018773,67_67399_5136980,5990-51,2S,10,B,10,10,2027
67018773,67_67399_5136980,5991-18,2S,10,B,5,5,2027
67018774,67_67399_5136980,1728-04,2S,10,B,5,5,2027
67018774,67_67399_5136980,7651-59,2S,10,B,10,10,2027
67018774,67_67399_5136980,C925402-01,2S,10,A,5,5,2027
67018774,67_67399_5136980,1883-02,2S,10,B,5,5,2027
67018774,67_67399_5136980,1392672,2S,10,A,5,5,2027
67018774,67_67399_5136980,1748449,2S,10,B,5,5,2027
67018774,67_67399_5136980,1592856,2S,10,A,5,5,2027
67018774,67_67399_5136980,C902001-01,2S,10,A,10,10,2027
67018775,67_67399_5136980,1385427,2S,10,C,5,5,2027
67018775,67_67399_5136980,C9104007-04,2S,10,B,5,5,2027
67018775,67_67399_5136980,97188,2S,10,A,5,5,2027
67018775,67_67399_5136980,7651-68,2S,10,A,10,10,2027
67018775,67_67399_5136980,2593224,2S,10,B,5,5,2027
67018775,67_67399_5136980,7702-58,2S,10,C,5,5,2027
67018775,67_67399_5136980,2482587,2S,10,A,5,5,2027
67018775,67_67399_5136980,5992-14,2S,10,B,5,5,2027
67018776,67_67399_5136980,596686,2S,10,B,5,5,2027
67018776,67_67399_5136980,7651-72,2S,10,A,10,10,2027
67018776,67_67399_5136980,C910417-03,2S,10,A,5,5,2027
67018776,67_67399_5136980,C920005-02,2S,10,B,10,10,2027
67018776,67_67399_5136980,9104015-31,2S,10,B,5,5,2027
67018776,67_67399_5136980,1256-10,2S,10,B,5,5,2027
67018776,67_67399_5136980,1254-09,2S,10,B,5,5,2027
67018777,67_67399_5136980,1254-06,2S,10,C,5,5,2027
67018777,67_67399_5136980,8697-18,2S,10,A,5,5,2027
67018777,67_67399_5136980,2097649,2S,10,B,10,10,2027
67018777,67_67399_5136980,1710-22,2S,10,C,5,5,2027
67018777,67_67399_5136980,C922001-51,2S,10,B,5,5,2027
67018777,67_67399_5136980,5980-55,2S,10,A,10,10,2027
67018777,67_67399_5136980,C910400803,2S,10,B,5,5,2027
67018777,67_67399_5136980,57466,2S,10,B,5,5,2027
67018778,67_67399_5136980,C920006-02,2S,10,A,10,10,2027
67018778,67_67399_5136980,1593920,2S,10,B,5,5,2027
67018778,67_67399_5136980,C922005-01,2S,10,A,5,5,2027
67018778,67_67399_5136980,2294150,2S,10,A,5,5,2027
67018778,67_67399_5136980,C917305-21,2S,10,A,5,5,2027
67018778,67_67399_5136980,2097649,2S,10,C,10,10,2027
67018778,67_67399_5136980,C925401-09,2S,10,C,5,5,2027
67018778,67_67399_5136980,C910201-09,2S,10,A,5,5,2027
67018779,67_67399_5136980,C910203-02,2S,10,A,5,5,2027
67018779,67_67399_5136980,1790-09,2S,10,C,5,5,2027
67018779,67_67399_5136980,C922007-01,2S,10,A,5,5,2027
67018779,67_67399_5136980,0215-08,2S,10,B,10,10,2027
67018779,67_67399_5136980,C910429-02,2S,10,B,5,5,2027
67018779,67_67399_5136980,C910201-07,2S,10,C,5,5,2027
67018779,67_67399_5136980,7651-58,2S,10,A,10,10,2027
67018779,67_67399_5136980,57589,2S,10,A,5,5,2027
67018780,67_67399_5136980,4578-54,2S,10,A,5,5,2027
67018780,67_67399_5136980,7708-61,2S,10,B,5,5,2027
67018780,67_67399_5136980,2890682,2S,10,A,5,5,2027
67018780,67_67399_5136980,217381,2S,10,B,10,10,2027
67018780,67_67399_5136980,9104016-23,2S,10,B,5,5,2027
67018780,67_67399_5136980,1728-03,2S,10,A,5,5,2027
67018780,67_67399_5136980,1458447,2S,10,C,5,5,2027
67018780,67_67399_5136980,0215-06,2S,10,B,10,10,2027
67018781,67_67399_5136980,C920005-01,2S,10,C,10,10,2027
67018781,67_67399_5136980,1280-56,2S,10,B,5,5,2027
67018781,67_67399_5136980,C910202-04,2S,10,B,5,5,2027
67018781,67_67399_5136980,7651-51,2S,10,A,10,10,2027
67018781,67_67399_5136980,1790-04,2S,10,A,5,5,2027
67018781,67_67399_5136980,005693-437,2S,10,B,5,5,2027
67018781,67_67399_5136980,1385519,2S,10,C,5,5,2027
67018781,67_67399_5136980,57377,2S,10,D,5,5,2027
67018782,67_67399_5136980,4578-53,2S,10,A,5,5,2027
67018782,67_67399_5136980,C902001-01,2S,10,A,10,10,2027
67018782,67_67399_5136980,C910418-13,2S,10,A,5,5,2027
67018782,67_67399_5136980,1790-05,2S,10,A,5,5,2027
67018782,67_67399_5136980,7651-54,2S,10,A,10,10,2027
67018782,67_67399_5136980,9815-33,2S,10,A,5,5,2027
67018782,67_67399_5136980,1256-22,2S,10,A,5,5,2027
67018782,67_67399_5136980,C923202-03,2S,10,A,5,5,2027
67018783,67_67399_5136980,C910502-04,2S,10,B,5,5,2027
67018783,67_67399_5136980,C922003-02,2S,10,A,5,5,2027
67018783,67_67399_5136980,5793-31,2S,10,C,5,5,2027
67018783,67_67399_5136980,1256-04,2S,10,B,5,5,2027
67018783,67_67399_5136980,005693-435,2S,10,B,5,5,2027
67018783,67_67399_5136980,1494665,2S,10,A,5,5,2027
67018783,67_67399_5136980,217412,2S,10,F,10,0,2027
67018783,67_67399_5136980,111156,2S,10,C,5,5,2027
67018784,67_67399_5136980,5693-032,2S,10,B,5,5,2027
67018784,67_67399_5136980,9104016-33,2S,10,A,5,5,2027
67018784,67_67399_5136980,1224-51,2S,10,B,5,5,2027
67018784,67_67399_5136980,2151797,2S,10,A,5,5,2027
67018784,67_67399_5136980,9814-15,2S,10,A,5,5,2027
67018784,67_67399_5136980,C910201-13,2S,10,D,5,5,2027
67018784,67_67399_5136980,1409685,2S,10,A,10,10,2027
67018785,67_67399_5136980,C922002-51,2S,10,B,5,5,2027
67018785,67_67399_5136980,C917304-26,2S,10,B,5,5,2027
67018785,67_67399_5136980,7641-59,2S,10,C,10,10,2027
67018785,67_67399_5136980,C924502-01,2S,10,B,5,5,2027
67018785,67_67399_5136980,1746712,2S,10,A,5,5,2027
67018785,67_67399_5136980,5693-41,2S,10,B,5,5,2027
67018785,67_67399_5136980,4578-54,2S,10,C,5,5,2027
67018785,67_67399_5136980,1421982,2S,10,B,5,5,2027
67018786,67_67399_5136980,C922007-01,2S,10,C,5,5,2027
67018786,67_67399_5136980,C923202-03,2S,10,B,5,5,2027
67018786,67_67399_5136980,5693-032,2S,10,B,5,5,2027
67018786,67_67399_5136980,5991-20,2S,10,A,5,5,2027
67018786,67_67399_5136980,1431599,2S,10,B,10,10,2027
67018786,67_67399_5136980,9814-51,2S,10,B,5,5,2027
67018786,67_67399_5136980,C910204-14,2S,10,A,5,5,2027
67018786,67_67399_5136980,6683-15,2S,10,A,5,5,2027
67018787,67_67399_5136980,C9104006-06,2S,10,B,5,5,2027
67018787,67_67399_5136980,1850-02,2S,10,A,5,5,2027
67018787,67_67399_5136980,C906202-03,2S,10,B,5,5,2027
67018787,67_67399_5136980,C917304-07,2S,10,B,5,5,2027
67018787,67_67399_5136980,5819-24,2S,10,A,10,10,2027
67018787,67_67399_5136980,57377,2S,10,A,5,5,2027
67018787,67_67399_5136980,7708-61,2S,10,A,5,5,2027
67018787,67_67399_5136980,C910202-17,2S,10,C,5,5,2027
67018788,67_67399_5136980,7708-61,2S,10,A,5,5,2027
67018788,67_67399_5136980,C910702-01,2S,10,A,5,5,2027
67018788,67_67399_5136980,1859,2S,10,A,5,5,2027
67018788,67_67399_5136980,5980-54,2S,10,A,10,10,2027
67018788,67_67399_5136980,5980-53,2S,10,B,10,10,2027
67018788,67_67399_5136980,C922001-51,2S,10,B,5,5,2027
67018788,67_67399_5136980,7651-71,2S,10,B,10,10,2027
67018788,67_67399_5136980,9815-22,2S,10,C,5,5,2027
67018789,67_67399_5136980,57558,2S,10,B,5,5,2027
67018789,67_67399_5136980,1409624,2S,10,B,10,10,2027
67018789,67_67399_5136980,1385458,2S,10,C,5,5,2027
67018789,67_67399_5136980,1494543,2S,10,C,5,5,2027
67018789,67_67399_5136980,C922205-01,2S,10,B,5,5,2027
67018789,67_67399_5136980,C920003-01,2S,10,A,10,10,2027
67018790,67_67399_5136980,6683-18,2S,10,B,5,5,2027
67018790,67_67399_5136980,1593951,2S,10,A,5,5,2027
67018790,67_67399_5136980,C910400601,2S,10,B,5,5,2027
67018790,67_67399_5136980,9814-15,2S,10,C,5,5,2027
67018790,67_67399_5136980,1431507,2S,10,B,10,10,2027
67018790,67_67399_5136980,1494299,2S,10,A,5,5,2027
67018790,67_67399_5136980,C910416-52,2S,10,B,5,5,2027
67018790,67_67399_5136980,1422043,2S,10,C,5,5,2027
67018791,67_67399_5136980,7651-65,2S,10,B,10,10,2027
67018791,67_67399_5136980,27454,2S,10,A,5,5,2027
67018791,67_67399_5136980,5693-32,2S,10,C,5,5,2027
67018791,67_67399_5136980,5693-53,2S,10,B,5,5,2027
67018791,67_67399_5136980,1850-05,2S,10,A,5,5,2027
67018791,67_67399_5136980,2099476,2S,10,C,5,5,2027
67018791,67_67399_5136980,2356577,2S,10,B,10,10,2027
67018791,67_67399_5136980,C924501-01,2S,10,C,5,5,2027
67018792,67_67399_5136980,57436,2S,10,B,5,5,2027
67018792,67_67399_5136980,0215-04,2S,10,A,10,10,2027
67018792,67_67399_5136980,5819-30,2S,10,B,10,10,2027
67018792,67_67399_5136980,1464683,2S,10,B,10,10,2027
67018792,67_67399_5136980,1392762,2S,10,C,5,5,2027
67018792,67_67399_5136980,C910202-07,2S,10,B,5,5,2027
67018792,67_67399_5136980,C917305-08,2S,10,A,5,5,2027
67018792,67_67399_5136980,6682-15,2S,10,C,5,5,2027
67018793,67_67399_5136980,C910204-03,2S,10,F,5,0,2027
67018793,67_67399_5136980,1385580,2S,10,B,5,5,2027
67018793,67_67399_5136980,5980-58,2S,10,C,10,10,2027
67018793,67_67399_5136980,C910417-06,2S,10,B,5,5,2027
67018793,67_67399_5136980,C917203-50,2S,10,D,5,5,2027
67018793,67_67399_5136980,7651-67,2S,10,A,10,10,2027
67018793,67_67399_5136980,2891200,2S,10,A,5,5,2027
67018793,67_67399_5136980,1280-53,2S,10,F,5,0,2027
67018794,67_67399_5136980,1409532,2S,10,A,10,10,2027
67018794,67_67399_5136980,5793-13,2S,10,C,5,5,2027
67018794,67_67399_5136980,1850-05,2S,10,A,5,5,2027
67018794,67_67399_5136980,C917305-21,2S,10,C,5,5,2027
67018794,67_67399_5136980,2890865,2S,10,C,5,5,2027
67018794,67_67399_5136980,5693-032,2S,10,A,5,5,2027
67018794,67_67399_5136980,C910502-50,2S,10,B,5,5,2027
67018794,67_67399_5136980,C910202-05,2S,10,C,5,5,2027
67018795,67_67399_5136980,7651-62,2S,10,B,10,10,2027
67018795,67_67399_5136980,57589,2S,10,A,5,5,2027
67018795,67_67399_5136980,1746592,2S,10,A,5,5,2027
67018795,67_67399_5136980,C917305-20,2S,10,A,5,5,2027
67018795,67_67399_5136980,C910416-56,2S,10,A,5,5,2027
67018795,67_67399_5136980,C910202-05,2S,10,C,5,5,2027
67018795,67_67399_5136980,0218-05,2S,10,A,10,10,2027
67018795,67_67399_5136980,05693-1311,2S,10,A,5,5,2027
67018796,67_67399_5136980,27791,2S,10,C,5,5,2027
67018796,67_67399_5136980,7702-55,2S,10,A,5,5,2027
67018796,67_67399_5136980,6683-17,2S,10,A,5,5,2027
67018796,67_67399_5136980,C925401-03,2S,10,B,5,5,2027
67018796,67_67399_5136980,C910416-53,2S,10,A,5,5,2027
67018796,67_67399_5136980,9104016-22,2S,10,B,5,5,2027
67018796,67_67399_5136980,0215-04,2S,10,B,10,10,2027
67018796,67_67399_5136980,1431599,2S,10,C,10,10,2027
67018797,67_67399_5136980,005693-236,2S,10,A,5,5,2027
67018797,67_67399_5136980,C910400803,2S,10,B,5,5,2027
67018797,67_67399_5136980,C920004-02,2S,10,A,10,10,2027
67018797,67_67399_5136980,1409563,2S,10,A,10,10,2027
67018797,67_67399_5136980,1284-05,2S,10,C,5,5,2027
67018797,67_67399_5136980,4579-53,2S,10,A,5,5,2027
67018797,67_67399_5136980,9814-20,2S,10,C,5,5,2027
67018797,67_67399_5136980,24198,2S,10,A,5,5,2027
67018798,67_67399_5136980,C9104007-05,2S,10,A,5,5,2027
67018798,67_67399_5136980,5819-21,2S,10,B,10,10,2027
67018798,67_67399_5136980,57346,2S,10,B,5,5,2027
67018798,67_67399_5136980,2293725,2S,10,C,5,5,2027
67018798,67_67399_5136980,1748691,2S,10,A,5,5,2027
67018798,67_67399_5136980,1593586,2S,10,C,5,5,2027
67018798,67_67399_5136980,C910418-01,2S,10,C,5,5,2027
67018798,67_67399_5136980,1710-19,2S,10,B,5,5,2027
67018799,67_67399_5136980,C925402-06,2S,10,B,5,5,2027
67018799,67_67399_5136980,1409777,2S,10,A,10,10,2027
67018799,67_67399_5136980,7791-15,2S,10,B,5,5,2027
67018799,67_67399_5136980,9104015-31,2S,10,B,5,5,2027
67018799,67_67399_5136980,C922001-53,2S,10,B,5,5,2027
67018799,67_67399_5136980,7708-63,2S,10,A,5,5,2027
67018799,67_67399_5136980,C906202-03,2S,10,A,5,5,2027
67018799,67_67399_5136980,1593249,2S,10,A,5,5,2027
67018800,67_67399_5136980,27454,2S,10,B,5,5,2027
67018800,67_67399_5136980,216682,2S,10,C,10,10,2027
67018800,67_67399_5136980,1996814,2S,10,C,10,10,2027
67018800,67_67399_5136980,1256-06,2S,10,B,5,5,2027
67018800,67_67399_5136980,1276-53,2S,10,A,5,5,2027
67018800,67_67399_5136980,C910415-55,2S,10,B,5,5,2027
67018800,67_67399_5136980,C922705-02,2S,10,C,10,10,2027
67018800,67_67399_5136980,2294150,2S,10,B,5,5,2027
67018801,67_67399_5136980,0218-01,2S,10,A,10,10,2027
67018801,67_67399_5136980,C922705-02,2S,10,A,10,10,2027
67018801,67_67399_5136980,C910201-02,2S,10,C,5,5,2027
67018801,67_67399_5136980,1256-20,2S,10,C,5,5,2027
67018801,67_67399_5136980,C920002-01,2S,10,B,10,10,2027
67018801,67_67399_5136980,2057-18,2S,10,B,5,5,2027
67018801,67_67399_5136980,5819-27,2S,10,C,10,10,2027
67018801,67_67399_5136980,1710-14,2S,10,B,5,5,2027
67018802,67_67399_5136980,C910203-02,2S,10,B,5,5,2027
67018802,67_67399_5136980,7651-69,2S,10,B,10,10,2027
67018802,67_67399_5136980,C925401-08,2S,10,B,5,5,2027
67018802,67_67399_5136980,7702-54,2S,10,A,5,5,2027
67018802,67_67399_5136980,2151889,2S,10,C,5,5,2027
67018802,67_67399_5136980,C923202-03,2S,10,B,5,5,2027
67018802,67_67399_5136980,C922001-50,2S,10,B,5,5,2027
67018802,67_67399_5136980,1850-06,2S,10,B,5,5,2027
67018803,67_67399_5136980,1284-05,2S,10,A,5,5,2027
67018803,67_67399_5136980,7651-55,2S,10,A,10,10,2027
67018803,67_67399_5136980,1226-52,2S,10,A,5,5,2027
67018803,67_67399_5136980,C910429-01,2S,10,B,5,5,2027
67018803,67_67399_5136980,5793-32,2S,10,A,5,5,2027
67018803,67_67399_5136980,2675950,2S,10,B,5,5,2027
67018803,67_67399_5136980,C910502-04,2S,10,B,5,5,2027
67018803,67_67399_5136980,9815-29,2S,10,C,5,5,2027
67018804,67_67399_5136980,1422012,2S,10,A,5,5,2027
67018804,67_67399_5136980,C910201-07,2S,10,B,5,5,2027
67018804,67_67399_5136980,2482737,2S,10,B,5,5,2027
67018804,67_67399_5136980,1996814,2S,10,B,10,10,2027
67018804,67_67399_5136980,1431599,2S,10,A,10,10,2027
67018804,67_67399_5136980,1198028,2S,10,A,5,5,2027
67018804,67_67399_5136980,9104015-11,2S,10,C,5,5,2027
67018804,67_67399_5136980,C922005-01,2S,10,A,5,5,2027
67018805,67_67399_5136980,1850-01,2S,10,B,5,5,2027
67018805,67_67399_5136980,C910203-16,2S,10,B,5,5,2027
67018805,67_67399_5136980,1748691,2S,10,A,5,5,2027
67018805,67_67399_5136980,C925402-09,2S,10,A,5,5,2027
67018805,67_67399_5136980,C931601-02,2S,10,B,10,10,2027
67018805,67_67399_5136980,2151705,2S,10,B,5,5,2027
67018805,67_67399_5136980,C906201-03,2S,10,C,5,5,2027
67018805,67_67399_5136980,1883-06,2S,10,A,5,5,2027
67018806,67_67399_5136980,7651-58,2S,10,B,10,10,2027
67018806,67_67399_5136980,C910202-17,2S,10,C,5,5,2027
67018806,67_67399_5136980,C910203-15,2S,10,B,5,5,2027
67018806,67_67399_5136980,C925401-04,2S,10,A,5,5,2027
67018806,67_67399_5136980,8180-54,2S,10,B,5,5,2027
67018806,67_67399_5136980,005693-437,2S,10,B,5,5,2027
67018806,67_67399_5136980,C9104008-02,2S,10,A,5,5,2027
67018806,67_67399_5136980,9226-19,2S,10,B,5,5,2027
67018807,67_67399_5136980,005693-534,2S,10,C,5,5,2027
67018807,67_67399_5136980,596716,2S,10,A,5,5,2027
67018807,67_67399_5136980,C910418-05,2S,10,A,5,5,2027
67018807,67_67399_5136980,1446728,2S,10,A,10,10,2027
67018807,67_67399_5136980,1254-12,2S,10,B,5,5,2027
67018807,67_67399_5136980,C917305-08,2S,10,C,5,5,2027
67018807,67_67399_5136980,2139440,2S,10,A,5,5,2027
67018807,67_67399_5136980,C931602-04,2S,10,C,10,10,2027
67018808,67_67399_5136980,1421892,2S,10,C,5,5,2027
67018808,67_67399_5136980,C922204-50,2S,10,A,5,5,2027
67018808,67_67399_5136980,0218-01,2S,10,B,10,10,2027
67018808,67_67399_5136980,C910204-19,2S,10,B,5,5,2027
67018808,67_67399_5136980,C910802-02,2S,10,C,5,5,2027
67018808,67_67399_5136980,C917401-03,2S,10,A,5,5,2027
67018808,67_67399_5136980,57527,2S,10,A,5,5,2027
67018808,67_67399_5136980,5819-15,2S,10,B,10,10,2027
67018809,67_67399_5136980,5693-43,2S,10,C,5,5,2027
67018809,67_67399_5136980,C922003-02,2S,10,C,5,5,2027
67018809,67_67399_5136980,240728,2S,10,B,5,5,2027
67018809,67_67399_5136980,C917304-21,2S,10,B,5,5,2027
67018809,67_67399_5136980,7651-75,2S,10,A,10,10,2027
67018809,67_67399_5136980,2891230,2S,10,A,5,5,2027
67018809,67_67399_5136980,2482587,2S,10,A,5,5,2027
67018809,67_67399_5136980,1284-05,2S,10,A,5,5,2027
67018810,67_67399_5136980,C910201-18,2S,10,C,5,5,2027
67018810,67_67399_5136980,7708-55,2S,10,A,5,5,2027
67018810,67_67399_5136980,57680,2S,10,B,5,5,2027
67018810,67_67399_5136980,1431599,2S,10,B,10,10,2027
67018810,67_67399_5136980,C923204-02,2S,10,C,5,5,2027
67018810,67_67399_5136980,C910430-02,2S,10,A,5,5,2027
67018810,67_67399_5136980,5980-51,2S,10,A,10,10,2027
67018810,67_67399_5136980,C920005-01,2S,10,A,10,10,2027
67018811,67_67399_5136980,1883-09,2S,10,A,5,5,2027
67018811,67_67399_5136980,0215-04,2S,10,A,10,10,2027
67018811,67_67399_5136980,C910416-50,2S,10,A,5,5,2027
67018811,67_67399_5136980,C917304-24,2S,10,D,5,5,2027
67018811,67_67399_5136980,1431446,2S,10,A,10,10,2027
67018811,67_67399_5136980,2890835,2S,10,B,5,5,2027
67018811,67_67399_5136980,C910203-05,2S,10,F,5,0,2027
67018812,67_67399_5136980,1748752,2S,10,A,5,5,2027
67018812,67_67399_5136980,C910418-04,2S,10,A,5,5,2027
67018812,67_67399_5136980,C9104007-12,2S,10,A,5,5,2027
67018812,67_67399_5136980,C910802-03,2S,10,A,5,5,2027
67018812,67_67399_5136980,0218-02,2S,10,A,10,10,2027
67018812,67_67399_5136980,9226-20,2S,10,C,5,5,2027
67018812,67_67399_5136980,596563,2S,10,A,5,5,2027
67018812,67_67399_5136980,5819-30,2S,10,C,10,10,2027
67018813,67_67399_5136980,7702-53,2S,10,C,5,5,2027
67018813,67_67399_5136980,1276-51,2S,10,A,5,5,2027
67018813,67_67399_5136980,C922805-01,2S,10,C,5,5,2027
67018813,67_67399_5136980,1206763,2S,10,B,10,10,2027
67018813,67_67399_5136980,1882-02,2S,10,C,5,5,2027
67018813,67_67399_5136980,216592,2S,10,A,10,10,2027
67018813,67_67399_5136980,1790-12,2S,10,B,5,5,2027
67018813,67_67399_5136980,5793-13,2S,10,C,5,5,2027
67018814,67_67399_5136980,1224-52,2S,10,B,5,5,2027
67018814,67_67399_5136980,1458567,2S,10,B,5,5,2027
67018814,67_67399_5136980,C910415-51,2S,10,C,5,5,2027
67018814,67_67399_5136980,C917305-13,2S,10,B,5,5,2027
67018814,67_67399_5136980,1409654,2S,10,B,10,10,2027
67018814,67_67399_5136980,9815-51,2S,10,B,5,5,2027
67018814,67_67399_5136980,7708-51,2S,10,B,5,5,2027
67018814,67_67399_5136980,7708-57,2S,10,B,5,5,2027
67018815,67_67399_5136980,1392762,2S,10,D,5,5,2027
67018815,67_67399_5136980,2675920,2S,10,A,5,5,2027
67018815,67_67399_5136980,C910204-11,2S,10,D,5,5,2027
67018815,67_67399_5136980,1882-01,2S,10,B,5,5,2027
67018815,67_67399_5136980,7651-76,2S,10,C,10,10,2027
67018815,67_67399_5136980,1850-03,2S,10,F,5,0,2027
67018816,67_67399_5136980,C906201-04,2S,10,A,5,5,2027
67018816,67_67399_5136980,1431507,2S,10,B,10,10,2027
67018816,67_67399_5136980,C920004-01,2S,10,B,10,10,2027
67018816,67_67399_5136980,C910203-01,2S,10,A,5,5,2027
67018816,67_67399_5136980,005693-137,2S,10,A,5,5,2027
67018816,67_67399_5136980,980313,2S,10,B,5,5,2027
67018816,67_67399_5136980,C917305-25,2S,10,A,5,5,2027
67018816,67_67399_5136980,2057-18,2S,10,A,5,5,2027
67018817,67_67399_5136980,C920003-02,2S,10,A,10,10,2027
67018817,67_67399_5136980,6687-51,2S,10,A,5,5,2027
67018817,67_67399_5136980,C910203-02,2S,10,B,5,5,2027
67018817,67_67399_5136980,1206763,2S,10,C,10,10,2027
67018817,67_67399_5136980,C9104007-12,2S,10,A,5,5,2027
67018817,67_67399_5136980,C917401-01,2S,10,B,5,5,2027
67018817,67_67399_5136980,7651-74,2S,10,B,10,10,2027
67018817,67_67399_5136980,C924508-01,2S,10,A,5,5,2027
67018818,67_67399_5136980,C910202-06,2S,10,B,5,5,2027
67018818,67_67399_5136980,2891047,2S,10,B,5,5,2027
67018818,67_67399_5136980,7708-59,2S,10,A,5,5,2027
67018818,67_67399_5136980,1790-13,2S,10,B,5,5,2027
67018818,67_67399_5136980,5693-33,2S,10,B,5,5,2027
67018818,67_67399_5136980,C910418-05,2S,10,C,5,5,2027
67018818,67_67399_5136980,C922002-51,2S,10,B,5,5,2027
67018818,67_67399_5136980,5819-17,2S,10,C,10,10,2027
67018819,67_67399_5136980,1254-05,2S,10,A,5,5,2027
67018819,67_67399_5136980,1256-18,2S,10,A,5,5,2027
67018819,67_67399_5136980,596594,2S,10,A,5,5,2027
67018819,67_67399_5136980,2097741,2S,10,A,10,10,2027
67018819,67_67399_5136980,2224,2S,10,B,5,5,2027
67018819,67_67399_5136980,1385611,2S,10,B,5,5,2027
67018819,67_67399_5136980,1422012,2S,10,A,5,5,2027
67018819,67_67399_5136980,1446879,2S,10,A,10,10,2027
67018820,67_67399_5136980,3533-15,2S,10,A,5,5,2027
67018820,67_67399_5136980,7702-56,2S,10,A,5,5,2027
67018820,67_67399_5136980,1276-56,2S,10,B,5,5,2027
67018820,67_67399_5136980,1431446,2S,10,B,10,10,2027
67018820,67_67399_5136980,1494543,2S,10,A,5,5,2027
67018820,67_67399_5136980,C910430-02,2S,10,A,5,5,2027
67018820,67_67399_5136980,05693-4311,2S,10,B,5,5,2027
67018820,67_67399_5136980,9104015-21,2S,10,B,5,5,2027
67018821,67_67399_5136980,0215-07,2S,10,A,10,10,2027
67018821,67_67399_5136980,9000-50,2S,10,B,5,5,2027
67018821,67_67399_5136980,C9104010-01,2S,10,A,5,5,2027
67018821,67_67399_5136980,1790-17,2S,10,B,5,5,2027
67018821,67_67399_5136980,980404,2S,10,B,5,5,2027
67018821,67_67399_5136980,1256-07,2S,10,B,5,5,2027
67018821,67_67399_5136980,7651-57,2S,10,B,10,10,2027
67018821,67_67399_5136980,C925402-05,2S,10,C,5,5,2027
67018822,67_67399_5136980,1850-04,2S,10,A,5,5,2027
67018822,67_67399_5136980,C9104007-10,2S,10,B,5,5,2027
67018822,67_67399_5136980,1385549,2S,10,A,5,5,2027
67018822,67_67399_5136980,9814-19,2S,10,C,5,5,2027
67018822,67_67399_5136980,1593249,2S,10,A,5,5,2027
67018822,67_67399_5136980,4579-54,2S,10,A,5,5,2027
67018822,67_67399_5136980,7651-78,2S,10,C,10,10,2027
67018822,67_67399_5136980,1494574,2S,10,A,5,5,2027
67018823,67_67399_5136980,9814-41,2S,10,B,5,5,2027
67018823,67_67399_5136980,1710-21,2S,10,F,5,0,2027
67018823,67_67399_5136980,C920002-02,2S,10,A,10,10,2027
67018823,67_67399_5136980,C9104007-07,2S,10,C,5,5,2027
67018823,67_67399_5136980,C910201-17,2S,10,B,5,5,2027
67018823,67_67399_5136980,1286-06,2S,10,A,5,5,2027
67018823,67_67399_5136980,1206763,2S,10,B,10,10,2027
67018824,67_67399_5136980,0218-02,2S,10,B,10,10,2027
67018824,67_67399_5136980,0215-01,2S,10,A,10,10,2027
67018824,67_67399_5136980,2294030,2S,10,B,5,5,2027
67018824,67_67399_5136980,2151736,2S,10,B,5,5,2027
67018824,67_67399_5136980,7651-62,2S,10,A,10,10,2027
67018824,67_67399_5136980,1593980,2S,10,A,5,5,2027
67018824,67_67399_5136980,7708-63,2S,10,B,5,5,2027
67018824,67_67399_5136980,2890804,2S,10,A,5,5,2027
67018825,67_67399_5136980,C906202-01,2S,10,A,5,5,2027
67018825,67_67399_5136980,C9104007-12,2S,10,B,5,5,2027
67018825,67_67399_5136980,C906201-02,2S,10,A,5,5,2027
67018825,67_67399_5136980,1710-13,2S,10,B,5,5,2027
67018825,67_67399_5136980,217322,2S,10,B,10,10,2027
67018825,67_67399_5136980,C925401-08,2S,10,A,5,5,2027
67018825,67_67399_5136980,8364-50,2S,10,A,10,10,2027
67018825,67_67399_5136980,980373,2S,10,A,5,5,2027
67018826,67_67399_5136980,1883-08,2S,10,B,5,5,2027
67018826,67_67399_5136980,1883-08,2S,10,A,5,5,2027
67018826,67_67399_5136980,7708-61,2S,10,B,5,5,2027
67018826,67_67399_5136980,0215-07,2S,10,A,10,10,2027
67018826,67_67399_5136980,C910203-02,2S,10,B,5,5,2027
67018826,67_67399_5136980,C925402-01,2S,10,A,5,5,2027
67018826,67_67399_5136980,1710-15,2S,10,B,5,5,2027
67018826,67_67399_5136980,5819-33,2S,10,A,10,10,2027
67018827,67_67399_5136980,1409593,2S,10,A,10,10,2027
67018827,67_67399_5136980,596594,2S,10,B,5,5,2027
67018827,67_67399_5136980,0005693-23,2S,10,A,5,5,2027
67018827,67_67399_5136980,1710-18,2S,10,C,5,5,2027
67018827,67_67399_5136980,C910501-50,2S,10,B,5,5,2027
67018827,67_67399_5136980,C910203-10,2S,10,B,5,5,2027
67018827,67_67399_5136980,9104016-53,2S,10,A,5,5,2027
67018827,67_67399_5136980,C906202-04,2S,10,C,5,5,2027
67018828,67_67399_5136980,980373,2S,10,A,5,5,2027
67018828,67_67399_5136980,6682-13,2S,10,A,5,5,2027
67018828,67_67399_5136980,2891016,2S,10,B,5,5,2027
67018828,67_67399_5136980,7651-55,2S,10,B,10,10,2027
67018828,67_67399_5136980,C917304-13,2S,10,A,5,5,2027
67018828,67_67399_5136980,C910415-53,2S,10,B,5,5,2027
67018828,67_67399_5136980,C910429-03,2S,10,A,5,5,2027
67018828,67_67399_5136980,1392762,2S,10,C,5,5,2027
67018829,67_67399_5136980,1850-06,2S,10,C,5,5,2027
67018829,67_67399_5136980,1421982,2S,10,B,5,5,2027
67018829,67_67399_5136980,1385519,2S,10,B,5,5,2027
67018829,67_67399_5136980,7791-14,2S,10,C,5,5,2027
67018829,67_67399_5136980,7651-68,2S,10,C,10,10,2027
67018829,67_67399_5136980,97157,2S,10,B,5,5,2027
67018829,67_67399_5136980,C910201-16,2S,10,A,5,5,2027
67018829,67_67399_5136980,1746773,2S,10,B,5,5,2027
67018830,67_67399_5136980,97157,2S,10,B,5,5,2027
67018830,67_67399_5136980,7708-51,2S,10,A,5,5,2027
67018830,67_67399_5136980,7702-51,2S,10,B,5,5,2027
67018830,67_67399_5136980,5819-34,2S,10,B,10,10,2027
67018830,67_67399_5136980,1790-16,2S,10,A,5,5,2027
67018830,67_67399_5136980,C910418-13,2S,10,B,5,5,2027
67018830,67_67399_5136980,C910429-02,2S,10,A,5,5,2027
67018830,67_67399_5136980,1385641,2S,10,B,5,5,2027
67018831,67_67399_5136980,1254-07,2S,10,A,5,5,2027
67018831,67_67399_5136980,1280-52,2S,10,A,5,5,2027
67018831,67_67399_5136980,2890865,2S,10,B,5,5,2027
67018831,67_67399_5136980,216592,2S,10,B,10,10,2027
67018831,67_67399_5136980,C910418-08,2S,10,C,5,5,2027
67018831,67_67399_5136980,5991-21,2S,10,B,5,5,2027
67018831,67_67399_5136980,C910400803,2S,10,A,5,5,2027
67018831,67_67399_5136980,C920002-01,2S,10,A,10,10,2027
67018832,67_67399_5136980,2593224,2S,10,C,5,5,2027
67018832,67_67399_5136980,1883-07,2S,10,C,5,5,2027
67018832,67_67399_5136980,2294122,2S,10,A,5,5,2027
67018832,67_67399_5136980,2151736,2S,10,B,5,5,2027
67018832,67_67399_5136980,5990-52,2S,10,A,10,10,2027
67018832,67_67399_5136980,117610,2S,10,C,5,5,2027
67018832,67_67399_5136980,1748722,2S,10,A,5,5,2027
67018832,67_67399_5136980,2101667,2S,10,B,5,5,2027
67018833,67_67399_5136980,9104016-53,2S,10,C,5,5,2027
67018833,67_67399_5136980,2139501,2S,10,A,5,5,2027
67018833,67_67399_5136980,2482768,2S,10,C,5,5,2027
67018833,67_67399_5136980,117610,2S,10,B,5,5,2027
67018833,67_67399_5136980,1850-05,2S,10,A,5,5,2027
67018833,67_67399_5136980,5819-24,2S,10,B,10,10,2027
67018833,67_67399_5136980,1790-05,2S,10,B,5,5,2027
67018833,67_67399_5136980,2294211,2S,10,B,5,5,2027
67018834,67_67399_5136980,005693-437,2S,10,C,5,5,2027
67018834,67_67399_5136980,C910201-05,2S,10,C,5,5,2027
67018834,67_67399_5136980,C910502-01,2S,10,B,5,5,2027
67018834,67_67399_5136980,5980-52,2S,10,A,10,10,2027
67018834,67_67399_5136980,C910415-56,2S,10,B,5,5,2027
67018834,67_67399_5136980,9814-21,2S,10,A,5,5,2027
67018834,67_67399_5136980,7651-68,2S,10,C,10,10,2027
67018834,67_67399_5136980,1790-15,2S,10,A,5,5,2027
67018835,67_67399_5136980,C922002-51,2S,10,A,5,5,2027
67018835,67_67399_5136980,9104015-31,2S,10,B,5,5,2027
67018835,67_67399_5136980,1392731,2S,10,A,5,5,2027
67018835,67_67399_5136980,1286-01,2S,10,C,5,5,2027
67018835,67_67399_5136980,2356606,2S,10,A,10,10,2027
67018835,67_67399_5136980,9814-26,2S,10,B,5,5,2027
67018835,67_67399_5136980,7651-56,2S,10,C,10,10,2027
67018835,67_67399_5136980,5991-16,2S,10,A,5,5,2027
67018836,67_67399_5136980,C910204-19,2S,10,C,5,5,2027
67018836,67_67399_5136980,C922006-01,2S,10,A,5,5,2027
67018836,67_67399_5136980,9814-16,2S,10,B,5,5,2027
67018836,67_67399_5136980,C910400850,2S,10,C,5,5,2027
67018836,67_67399_5136980,7651-76,2S,10,A,10,10,2027
67018836,67_67399_5136980,1883-06,2S,10,A,5,5,2027
67018836,67_67399_5136980,1592825,2S,10,A,5,5,2027
67018836,67_67399_5136980,1790-06,2S,10,A,5,5,2027
67018837,67_67399_5136980,2890682,2S,10,C,5,5,2027
67018837,67_67399_5136980,1254-07,2S,10,A,5,5,2027
67018837,67_67399_5136980,2098352,2S,10,C,10,10,2027
67018837,67_67399_5136980,5991-19,2S,10,C,5,5,2027
67018837,67_67399_5136980,C923203-03,2S,10,B,5,5,2027
67018837,67_67399_5136980,0005910-33,2S,10,C,10,10,2027
67018837,67_67399_5136980,C910430-50,2S,10,A,5,5,2027
67018837,67_67399_5136980,C910204-14,2S,10,A,5,5,2027
67018838,67_67399_5136980,C917305-15,2S,10,C,5,5,2027
67018838,67_67399_5136980,C931601-01,2S,10,C,10,10,2027
67018838,67_67399_5136980,C925402-03,2S,10,A,5,5,2027
67018838,67_67399_5136980,C906202-01,2S,10,A,5,5,2027
67018838,67_67399_5136980,C9104007-12,2S,10,C,5,5,2027
67018838,67_67399_5136980,C922204-51,2S,10,A,5,5,2027
67018838,67_67399_5136980,7708-63,2S,10,A,5,5,2027
67018838,67_67399_5136980,7702-59,2S,10,C,5,5,2027
67018839,67_67399_5136980,2482860,2S,10,B,5,5,2027
67018839,67_67399_5136980,C910418-01,2S,10,C,5,5,2027
67018839,67_67399_5136980,0218-03,2S,10,A,10,10,2027
67018839,67_67399_5136980,5819-27,2S,10,A,10,10,2027
67018839,67_67399_5136980,1850-08,2S,10,A,5,5,2027
67018839,67_67399_5136980,5992-20,2S,10,B,5,5,2027
67018839,67_67399_5136980,C910502-04,2S,10,A,5,5,2027
67018839,67_67399_5136980,9815-42,2S,10,C,5,5,2027
67018840,67_67399_5136980,1748508,2S,10,B,5,5,2027
67018840,67_67399_5136980,5980-52,2S,10,B,10,10,2027
67018840,67_67399_5136980,5980-50,2S,10,A,10,10,2027
67018840,67_67399_5136980,2482615,2S,10,A,5,5,2027
67018840,67_67399_5136980,005693-136,2S,10,B,5,5,2027
67018840,67_67399_5136980,7791-15,2S,10,A,5,5,2027
67018840,67_67399_5136980,7651-70,2S,10,A,10,10,2027
67018840,67_67399_5136980,111066,2S,10,B,5,5,2027
67018841,67_67399_5136980,7651-55,2S,10,A,10,10,2027
67018841,67_67399_5136980,1790-18,2S,10,B,5,5,2027
67018841,67_67399_5136980,C925401-03,2S,10,A,5,5,2027
67018841,67_67399_5136980,C910202-10,2S,10,A,5,5,2027
67018841,67_67399_5136980,C910201-04,2S,10,A,5,5,2027
67018841,67_67399_5136980,0218-11,2S,10,C,10,10,2027
67018841,67_67399_5136980,C910418-12,2S,10,C,5,5,2027
67018841,67_67399_5136980,5980-52,2S,10,A,10,10,2027
67018842,67_67399_5136980,1593920,2S,10,B,5,5,2027
67018842,67_67399_5136980,C922205-01,2S,10,B,5,5,2027
67018842,67_67399_5136980,C910418-06,2S,10,B,5,5,2027
67018842,67_67399_5136980,C9104006-05,2S,10,B,5,5,2027
67018842,67_67399_5136980,C917304-18,2S,10,C,5,5,2027
67018842,67_67399_5136980,2097741,2S,10,A,10,10,2027
67018842,67_67399_5136980,1256-14,2S,10,A,5,5,2027
67018842,67_67399_5136980,9815-19,2S,10,B,5,5,2027
67018843,67_67399_5136980,0005910-33,2S,10,A,10,10,2027
67018843,67_67399_5136980,9104016-22,2S,10,B,5,5,2027
67018843,67_67399_5136980,C910430-04,2S,10,B,5,5,2027
67018843,67_67399_5136980,5992-22,2S,10,A,5,5,2027
67018843,67_67399_5136980,2890804,2S,10,C,5,5,2027
67018843,67_67399_5136980,C910201-01,2S,10,A,5,5,2027
67018843,67_67399_5136980,1286-03,2S,10,A,5,5,2027
67018843,67_67399_5136980,1409473,2S,10,A,10,10,2027
67018844,67_67399_5136980,1790-15,2S,10,B,5,5,2027
67018844,67_67399_5136980,1276-51,2S,10,A,5,5,2027
67018844,67_67399_5136980,980313,2S,10,A,5,5,2027
67018844,67_67399_5136980,C925402-07,2S,10,B,5,5,2027
67018844,67_67399_5136980,5990-52,2S,10,C,10,10,2027
67018844,67_67399_5136980,298525,2S,10,B,10,10,2027
67018844,67_67399_5136980,5793-13,2S,10,B,5,5,2027
67018844,67_67399_5136980,C920003-02,2S,10,A,10,10,2027
67018845,67_67399_5136980,5980-58,2S,10,B,10,10,2027
67018845,67_67399_5136980,C922004-01,2S,10,B,5,5,2027
67018845,67_67399_5136980,23833,2S,10,B,5,5,2027
67018845,67_67399_5136980,2493-50,2S,10,A,10,10,2027
67018845,67_67399_5136980,111491,2S,10,A,5,5,2027
67018845,67_67399_5136980,1010-50,2S,10,A,10,10,2027
67018845,67_67399_5136980,1254-20,2S,10,C,5,5,2027
67018845,67_67399_5136980,1392762,2S,10,A,5,5,2027
67018846,67_67399_5136980,C910418-13,2S,10,B,5,5,2027
67018846,67_67399_5136980,7702-62,2S,10,B,5,5,2027
67018846,67_67399_5136980,4579-54,2S,10,B,5,5,2027
67018846,67_67399_5136980,2890562,2S,10,B,5,5,2027
67018846,67_67399_5136980,1431721,2S,10,B,10,10,2027
67018846,67_67399_5136980,1494421,2S,10,B,5,5,2027
67018846,67_67399_5136980,C9104008-02,2S,10,C,5,5,2027
67018846,67_67399_5136980,5693-032,2S,10,C,5,5,2027
67018847,67_67399_5136980,7708-50,2S,10,B,5,5,2027
67018847,67_67399_5136980,C9104009-03,2S,10,C,5,5,2027
67018847,67_67399_5136980,1286-03,2S,10,A,5,5,2027
67018847,67_67399_5136980,57558,2S,10,B,5,5,2027
67018847,67_67399_5136980,2294091,2S,10,C,5,5,2027
67018847,67_67399_5136980,1409654,2S,10,B,10,10,2027
67018847,67_67399_5136980,1422012,2S,10,A,5,5,2027
67018847,67_67399_5136980,2676103,2S,10,A,5,5,2027
67018848,67_67399_5136980,2097741,2S,10,B,10,10,2027
67018848,67_67399_5136980,2890986,2S,10,B,5,5,2027
67018848,67_67399_5136980,C910202-07,2S,10,A,5,5,2027
67018848,67_67399_5136980,6683-15,2S,10,B,5,5,2027
67018848,67_67399_5136980,C920006-02,2S,10,A,10,10,2027
67018848,67_67399_5136980,C917304-16,2S,10,C,5,5,2027
67018848,67_67399_5136980,9000-50,2S,10,A,5,5,2027
67018848,67_67399_5136980,5980-52,2S,10,A,10,10,2027
67018849,67_67399_5136980,2493-51,2S,10,A,10,10,2027
67018849,67_67399_5136980,C902001-01,2S,10,C,10,10,2027
67018849,67_67399_5136980,1728-04,2S,10,C,5,5,2027
67018849,67_67399_5136980,6683-21,2S,10,B,5,5,2027
67018849,67_67399_5136980,2137826,2S,10,A,5,5,2027
67018849,67_67399_5136980,C924507-51,2S,10,A,5,5,2027
67018849,67_67399_5136980,5980-52,2S,10,B,10,10,2027
67018849,67_67399_5136980,C910418-12,2S,10,A,5,5,2027
67018850,67_67399_5136980,1790-07,2S,10,B,5,5,2027
67018850,67_67399_5136980,C9104006-06,2S,10,B,5,5,2027
67018850,67_67399_5136980,5793-32,2S,10,B,5,5,2027
67018850,67_67399_5136980,C922204-51,2S,10,C,5,5,2027
67018850,67_67399_5136980,57619,2S,10,A,5,5,2027
67018850,67_67399_5136980,7651-66,2S,10,C,10,10,2027
67018850,67_67399_5136980,2482707,2S,10,A,5,5,2027
67018850,67_67399_5136980,1254-17,2S,10,A,5,5,2027
67018851,67_67399_5136980,1593614,2S,10,B,5,5,2027
67018851,67_67399_5136980,111401,2S,10,C,5,5,2027
67018851,67_67399_5136980,5990-51,2S,10,C,10,10,2027
67018851,67_67399_5136980,C917304-19,2S,10,B,5,5,2027
67018851,67_67399_5136980,05693-2311,2S,10,C,5,5,2027
67018851,67_67399_5136980,C910418-12,2S,10,B,5,5,2027
67018851,67_67399_5136980,C910201-18,2S,10,B,5,5,2027
67018851,67_67399_5136980,C9104008-50,2S,10,A,5,5,2027
67018852,67_67399_5136980,9104016-33,2S,10,A,5,5,2027
67018852,67_67399_5136980,1458567,2S,10,C,5,5,2027
67018852,67_67399_5136980,C902001-02,2S,10,B,10,10,2027
67018852,67_67399_5136980,7702-60,2S,10,B,5,5,2027
67018852,67_67399_5136980,5991-20,2S,10,A,5,5,2027
67018852,67_67399_5136980,2493-50,2S,10,B,10,10,2027
67018852,67_67399_5136980,9815-34,2S,10,B,5,5,2027
67018852,67_67399_5136980,C910801-03,2S,10,B,5,5,2027
67018853,67_67399_5136980,1206794,2S,10,B,10,10,2027
67018853,67_67399_5136980,1422073,2S,10,A,5,5,2027
67018853,67_67399_5136980,C922001-52,2S,10,A,5,5,2027
67018853,67_67399_5136980,2675800,2S,10,C,5,5,2027
67018853,67_67399_5136980,C910203-13,2S,10,B,5,5,2027
67018853,67_67399_5136980,C910204-01,2S,10,C,5,5,2027
67018853,67_67399_5136980,596686,2S,10,A,5,5,2027
67018853,67_67399_5136980,7641-56,2S,10,C,10,10,2027
67018854,67_67399_5136980,5819-34,2S,10,C,10,10,2027
67018854,67_67399_5136980,9815-36,2S,10,A,5,5,2027
67018854,67_67399_5136980,5910-022,2S,10,D,10,10,2027
67018854,67_67399_5136980,8697-13,2S,10,B,5,5,2027
67018854,67_67399_5136980,9104015-11,2S,10,C,5,5,2027
67018854,67_67399_5136980,8697-16,2S,10,B,5,5,2027
67018854,67_67399_5136980,7791-21,2S,10,B,5,5,2027
67018855,67_67399_5136980,C924508-01,2S,10,B,5,5,2027
67018855,67_67399_5136980,1748477,2S,10,C,5,5,2027
67018855,67_67399_5136980,C931601-01,2S,10,A,10,10,2027
67018855,67_67399_5136980,1746623,2S,10,C,5,5,2027
67018855,67_67399_5136980,C917305-25,2S,10,C,5,5,2027
67018855,67_67399_5136980,C910416-52,2S,10,B,5,5,2027
67018855,67_67399_5136980,1850-09,2S,10,C,5,5,2027
67018855,67_67399_5136980,C922003-01,2S,10,A,5,5,2027
67018856,67_67399_5136980,57558,2S,10,A,5,5,2027
67018856,67_67399_5136980,1409777,2S,10,C,10,10,2027
67018856,67_67399_5136980,C917303-01,2S,10,C,5,5,2027
67018856,67_67399_5136980,9000-51,2S,10,B,5,5,2027
67018856,67_67399_5136980,C9104007-05,2S,10,B,5,5,2027
67018856,67_67399_5136980,9104015-31,2S,10,B,5,5,2027
67018856,67_67399_5136980,C910202-21,2S,10,B,5,5,2027
67018856,67_67399_5136980,C910204-18,2S,10,B,5,5,2027
67018857,67_67399_5136980,C925401-02,2S,10,B,5,5,2027
67018857,67_67399_5136980,C910202-10,2S,10,B,5,5,2027
67018857,67_67399_5136980,6687-17,2S,10,B,5,5,2027
67018857,67_67399_5136980,2098321,2S,10,A,10,10,2027
67018857,67_67399_5136980,2151889,2S,10,A,5,5,2027
67018857,67_67399_5136980,C910418-14,2S,10,A,5,5,2027
67018857,67_67399_5136980,C922007-01,2S,10,B,5,5,2027
67018857,67_67399_5136980,1206763,2S,10,C,10,10,2027
67018858,67_67399_5136980,C931602-04,2S,10,B,10,10,2027
67018858,67_67399_5136980,C922002-53,2S,10,A,5,5,2027
67018858,67_67399_5136980,C922001-52,2S,10,C,5,5,2027
67018858,67_67399_5136980,005693-435,2S,10,C,5,5,2027
67018858,67_67399_5136980,1790-12,2S,10,A,5,5,2027
67018858,67_67399_5136980,1280-54,2S,10,B,5,5,2027
67018858,67_67399_5136980,1996814,2S,10,C,10,10,2027
67018858,67_67399_5136980,1288-05,2S,10,B,5,5,2027
67018859,67_67399_5136980,1850-01,2S,10,B,5,5,2027
67018859,67_67399_5136980,C910418-09,2S,10,A,5,5,2027
67018859,67_67399_5136980,1768961,2S,10,B,5,5,2027
67018859,67_67399_5136980,217412,2S,10,B,10,10,2027
67018859,67_67399_5136980,111401,2S,10,C,5,5,2027
67018859,67_67399_5136980,C910204-09,2S,10,C,5,5,2027
67018859,67_67399_5136980,C910204-20,2S,10,A,5,5,2027
67018859,67_67399_5136980,C910415-51,2S,10,C,5,5,2027
67018860,67_67399_5136980,C922806-01,2S,10,C,5,5,2027
67018860,67_67399_5136980,C910418-11,2S,10,C,5,5,2027
67018860,67_67399_5136980,C910202-17,2S,10,B,5,5,2027
67018860,67_67399_5136980,1254-11,2S,10,B,5,5,2027
67018860,67_67399_5136980,0218-06,2S,10,C,10,10,2027
67018861,67_67399_5136980,23802,2S,10,B,5,5,2027
67018861,67_67399_5136980,C910203-02,2S,10,B,5,5,2027
67018861,67_67399_5136980,C9104010-01,2S,10,B,5,5,2027
67018861,67_67399_5136980,C922003-02,2S,10,C,5,5,2027
67018861,67_67399_5136980,C9104007-10,2S,10,C,5,5,2027
67018861,67_67399_5136980,216592,2S,10,A,10,10,2027
67018861,67_67399_5136980,C910204-09,2S,10,A,5,5,2027
67018861,67_67399_5136980,C925401-02,2S,10,C,5,5,2027
67018862,67_67399_5136980,1592825,2S,10,A,5,5,2027
67018862,67_67399_5136980,C910201-18,2S,10,A,5,5,2027
67018862,67_67399_5136980,9814-21,2S,10,B,5,5,2027
67018862,67_67399_5136980,5819-28,2S,10,A,10,10,2027
67018862,67_67399_5136980,C9104008-01,2S,10,F,5,0,2027
67018862,67_67399_5136980,C922002-50,2S,10,D,5,5,2027
67018863,67_67399_5136980,2482860,2S,10,A,5,5,2027
67018863,67_67399_5136980,5991-21,2S,10,C,5,5,2027
67018863,67_67399_5136980,C920003-01,2S,10,A,10,10,2027
67018863,67_67399_5136980,1458506,2S,10,B,5,5,2027
67018863,67_67399_5136980,5793-13,2S,10,C,5,5,2027
67018863,67_67399_5136980,2890590,2S,10,B,5,5,2027
67018863,67_67399_5136980,C910201-07,2S,10,B,5,5,2027
67018864,67_67399_5136980,C910202-01,2S,10,A,5,5,2027
67018864,67_67399_5136980,1592915,2S,10,A,5,5,2027
67018864,67_67399_5136980,C925401-02,2S,10,A,5,5,2027
67018864,67_67399_5136980,2099051,2S,10,A,10,10,2027
67018864,67_67399_5136980,7791-20,2S,10,C,5,5,2027
67018864,67_67399_5136980,5693-21,2S,10,A,5,5,2027
67018864,67_67399_5136980,C923202-01,2S,10,A,5,5,2027
67018864,67_67399_5136980,5793-31,2S,10,B,5,5,2027
67018865,67_67399_5136980,005693-337,2S,10,C,5,5,2027
67018865,67_67399_5136980,C910201-04,2S,10,B,5,5,2027
67018865,67_67399_5136980,1284-03,2S,10,C,5,5,2027
67018865,67_67399_5136980,2593224,2S,10,C,5,5,2027
67018865,67_67399_5136980,C922805-01,2S,10,C,5,5,2027
67018866,67_67399_5136980,C922204-51,2S,10,A,5,5,2027
67018866,67_67399_5136980,C917305-24,2S,10,B,5,5,2027
67018866,67_67399_5136980,2493-51,2S,10,B,10,10,2027
67018866,67_67399_5136980,5910-022,2S,10,C,10,10,2027
67018866,67_67399_5136980,596747,2S,10,B,5,5,2027
67018866,67_67399_5136980,5910-022,2S,10,A,10,10,2027
67018866,67_67399_5136980,C910204-05,2S,10,B,5,5,2027
67018866,67_67399_5136980,8697-52,2S,10,B,5,5,2027
67018867,67_67399_5136980,9814-50,2S,10,B,5,5,2027
67018867,67_67399_5136980,C910204-20,2S,10,C,5,5,2027
67018867,67_67399_5136980,7651-65,2S,10,A,10,10,2027
67018867,67_67399_5136980,1494360,2S,10,A,5,5,2027
67018867,67_67399_5136980,C910801-03,2S,10,A,5,5,2027
67018867,67_67399_5136980,C910416-50,2S,10,C,5,5,2027
67018867,67_67399_5136980,C9104007-04,2S,10,C,5,5,2027
67018867,67_67399_5136980,2294150,2S,10,A,5,5,2027
67018868,67_67399_5136980,C917305-11,2S,10,A,5,5,2027
67018868,67_67399_5136980,1409624,2S,10,A,10,10,2027
67018868,67_67399_5136980,596655,2S,10,A,5,5,2027
67018868,67_67399_5136980,2139501,2S,10,A,5,5,2027
67018868,67_67399_5136980,1254-31,2S,10,A,5,5,2027
67018868,67_67399_5136980,C906202-04,2S,10,A,5,5,2027
67018868,67_67399_5136980,C910429-50,2S,10,B,5,5,2027
67018868,67_67399_5136980,5980-53,2S,10,C,10,10,2027
67018869,67_67399_5136980,C910203-11,2S,10,A,5,5,2027
67018869,67_67399_5136980,2099416,2S,10,B,5,5,2027
67018869,67_67399_5136980,3533-13,2S,10,B,5,5,2027
67018869,67_67399_5136980,C9104006-01,2S,10,A,5,5,2027
67018869,67_67399_5136980,5819-29,2S,10,A,10,10,2027
67018869,67_67399_5136980,298495,2S,10,B,10,10,2027
67018869,67_67399_5136980,C910429-03,2S,10,A,5,5,2027
67018869,67_67399_5136980,1735665,2S,10,C,5,5,2027
67018870,67_67399_5136980,05693-2310,2S,10,B,5,5,2027
67018870,67_67399_5136980,0215-04,2S,10,C,10,10,2027
67018870,67_67399_5136980,C910202-03,2S,10,A,5,5,2027
67018870,67_67399_5136980,C9104006-02,2S,10,B,5,5,2027
67018870,67_67399_5136980,24198,2S,10,B,5,5,2027
67018870,67_67399_5136980,5990-51,2S,10,A,10,10,2027
67018870,67_67399_5136980,57405,2S,10,C,5,5,2027
67018870,67_67399_5136980,2099447,2S,10,B,5,5,2027
67018871,67_67399_5136980,7641-53,2S,10,A,10,10,2027
67018871,67_67399_5136980,117610,2S,10,B,5,5,2027
67018871,67_67399_5136980,2675981,2S,10,A,5,5,2027
67018871,67_67399_5136980,05693-3310,2S,10,B,5,5,2027
67018871,67_67399_5136980,1592825,2S,10,B,5,5,2027
67018871,67_67399_5136980,2293725,2S,10,A,5,5,2027
67018871,67_67399_5136980,1286-06,2S,10,B,5,5,2027
67018871,67_67399_5136980,C9104009-03,2S,10,A,5,5,2027
67018872,67_67399_5136980,C917304-07,2S,10,C,5,5,2027
67018872,67_67399_5136980,1254-20,2S,10,B,5,5,2027
67018872,67_67399_5136980,C910202-21,2S,10,B,5,5,2027
67018872,67_67399_5136980,C924501-50,2S,10,B,5,5,2027
67018872,67_67399_5136980,2098321,2S,10,A,10,10,2027
67018872,67_67399_5136980,5793-23,2S,10,B,5,5,2027
67018872,67_67399_5136980,8180-54,2S,10,A,5,5,2027
67018872,67_67399_5136980,298405,2S,10,B,10,10,2027
67018873,67_67399_5136980,7651-69,2S,10,A,10,10,2027
67018873,67_67399_5136980,5992-32,2S,10,A,5,5,2027
67018873,67_67399_5136980,5980-55,2S,10,A,10,10,2027
67018873,67_67399_5136980,6687-15,2S,10,B,5,5,2027
67018873,67_67399_5136980,05693-2310,2S,10,B,5,5,2027
67018873,67_67399_5136980,1276-52,2S,10,A,5,5,2027
67018873,67_67399_5136980,C922805-01,2S,10,B,5,5,2027
67018873,67_67399_5136980,2890774,2S,10,A,5,5,2027
67018875,67_67399_5136980,C9104009-01,2S,10,A,5,5,2027
67018875,67_67399_5136980,005693-534,2S,10,C,5,5,2027
67018875,67_67399_5136980,0215-06,2S,10,B,10,10,2027
67018875,67_67399_5136980,1728-03,2S,10,B,5,5,2027
67018875,67_67399_5136980,5819-31,2S,10,B,10,10,2027
67018875,67_67399_5136980,C925401-09,2S,10,C,5,5,2027
67018875,67_67399_5136980,980769,2S,10,A,5,5,2027
67018875,67_67399_5136980,1593586,2S,10,B,5,5,2027
67018876,67_67399_5136980,C910203-17,2S,10,B,5,5,2027
67018876,67_67399_5136980,005693-434,2S,10,A,5,5,2027
67018876,67_67399_5136980,C910417-02,2S,10,B,5,5,2027
67018876,67_67399_5136980,C906201-03,2S,10,B,5,5,2027
67018876,67_67399_5136980,1494756,2S,10,A,5,5,2027
67018876,67_67399_5136980,5819-23,2S,10,A,10,10,2027
67018876,67_67399_5136980,97887,2S,10,B,5,5,2027
67018876,67_67399_5136980,C910204-07,2S,10,A,5,5,2027
67018877,67_67399_5136980,217381,2S,10,B,10,10,2027
67018877,67_67399_5136980,C917305-10,2S,10,A,5,5,2027
67018877,67_67399_5136980,C923201-01,2S,10,A,5,5,2027
67018877,67_67399_5136980,C9104008-01,2S,10,B,5,5,2027
67018877,67_67399_5136980,05693-1311,2S,10,A,5,5,2027
67018877,67_67399_5136980,6687-17,2S,10,B,5,5,2027
67018877,67_67399_5136980,1882-02,2S,10,B,5,5,2027
67018877,67_67399_5136980,1280-54,2S,10,B,5,5,2027
67018878,67_67399_5136980,C910430-50,2S,10,B,5,5,2027
67018878,67_67399_5136980,C910701-01,2S,10,A,5,5,2027
67018878,67_67399_5136980,1206763,2S,10,B,10,10,2027
67018878,67_67399_5136980,C906201-04,2S,10,A,5,5,2027
67018878,67_67399_5136980,2676042,2S,10,A,5,5,2027
67018878,67_67399_5136980,C931602-02,2S,10,B,10,10,2027
67018878,67_67399_5136980,57589,2S,10,A,5,5,2027
67018878,67_67399_5136980,7702-58,2S,10,B,5,5,2027
67018879,67_67399_5136980,7702-58,2S,10,C,5,5,2027
67018879,67_67399_5136980,C910201-15,2S,10,B,5,5,2027
67018879,67_67399_5136980,2057-16,2S,10,C,5,5,2027
67018879,67_67399_5136980,9226-20,2S,10,B,5,5,2027
67018879,67_67399_5136980,C906201-04,2S,10,B,5,5,2027
67018879,67_67399_5136980,5980-56,2S,10,B,10,10,2027
67018879,67_67399_5136980,0215-07,2S,10,B,10,10,2027
67018880,67_67399_5136980,2293756,2S,10,B,5,5,2027
67018880,67_67399_5136980,5793-22,2S,10,A,5,5,2027
67018880,67_67399_5136980,005693-534,2S,10,C,5,5,2027
67018880,67_67399_5136980,27760,2S,10,A,5,5,2027
67018880,67_67399_5136980,7641-53,2S,10,A,10,10,2027
67018880,67_67399_5136980,C910204-03,2S,10,B,5,5,2027
67018880,67_67399_5136980,6683-15,2S,10,B,5,5,2027
67018880,67_67399_5136980,111521,2S,10,A,5,5,2027
67018881,67_67399_5136980,7641-53,2S,10,A,10,10,2027
67018881,67_67399_5136980,9815-31,2S,10,B,5,5,2027
67018881,67_67399_5136980,1728-03,2S,10,A,5,5,2027
67018881,67_67399_5136980,1850-05,2S,10,C,5,5,2027
67018881,67_67399_5136980,5980-53,2S,10,B,10,10,2027
67018881,67_67399_5136980,1385580,2S,10,B,5,5,2027
67018881,67_67399_5136980,1592915,2S,10,A,5,5,2027
67018881,67_67399_5136980,C910502-52,2S,10,A,5,5,2027
67018882,67_67399_5136980,C917304-13,2S,10,C,5,5,2027
67018882,67_67399_5136980,1421892,2S,10,B,5,5,2027
67018882,67_67399_5136980,1409654,2S,10,B,10,10,2027
67018882,67_67399_5136980,005693-136,2S,10,B,5,5,2027
67018882,67_67399_5136980,C924502-02,2S,10,A,5,5,2027
67018882,67_67399_5136980,1254-02,2S,10,A,5,5,2027
67018882,67_67399_5136980,C910416-50,2S,10,B,5,5,2027
67018882,67_67399_5136980,C910204-03,2S,10,B,5,5,2027
67018883,67_67399_5136980,298556,2S,10,A,10,10,2027
67018883,67_67399_5136980,C910416-53,2S,10,B,5,5,2027
67018883,67_67399_5136980,C910416-51,2S,10,A,5,5,2027
67018883,67_67399_5136980,C910203-18,2S,10,B,5,5,2027
67018883,67_67399_5136980,111095,2S,10,B,5,5,2027
67018883,67_67399_5136980,1276-51,2S,10,B,5,5,2027
67018883,67_67399_5136980,2097649,2S,10,A,10,10,2027
67018883,67_67399_5136980,1710-16,2S,10,B,5,5,2027
67018884,67_67399_5136980,1748630,2S,10,B,5,5,2027
67018884,67_67399_5136980,6683-14,2S,10,C,5,5,2027
67018884,67_67399_5136980,C925402-03,2S,10,C,5,5,2027
67018884,67_67399_5136980,C922806-01,2S,10,C,5,5,2027
67018884,67_67399_5136980,1458447,2S,10,B,5,5,2027
67018884,67_67399_5136980,1206763,2S,10,B,10,10,2027
67018884,67_67399_5136980,1710-20,2S,10,A,5,5,2027
67018884,67_67399_5136980,1431538,2S,10,B,10,10,2027
67018885,67_67399_5136980,C917304-18,2S,10,B,5,5,2027
67018885,67_67399_5136980,5693-042,2S,10,C,5,5,2027
67018885,67_67399_5136980,7651-54,2S,10,A,10,10,2027
67018885,67_67399_5136980,9104016-13,2S,10,C,5,5,2027
67018885,67_67399_5136980,C910202-20,2S,10,B,5,5,2027
67018885,67_67399_5136980,C910202-09,2S,10,C,5,5,2027
67018886,67_67399_5136980,1224-52,2S,10,B,5,5,2027
67018886,67_67399_5136980,4579-52,2S,10,B,5,5,2027
67018886,67_67399_5136980,1256-012,2S,10,A,5,5,2027
67018886,67_67399_5136980,5980-52,2S,10,C,10,10,2027
67018886,67_67399_5136980,596747,2S,10,A,5,5,2027
67018886,67_67399_5136980,7651-72,2S,10,A,10,10,2027
67018886,67_67399_5136980,C910418-10,2S,10,A,5,5,2027
67018886,67_67399_5136980,C917304-25,2S,10,B,5,5,2027
67018887,67_67399_5136980,1256-07,2S,10,B,5,5,2027
67018887,67_67399_5136980,7702-63,2S,10,A,5,5,2027
67018887,67_67399_5136980,9815-37,2S,10,A,5,5,2027
67018887,67_67399_5136980,5819-29,2S,10,A,10,10,2027
67018887,67_67399_5136980,C917305-08,2S,10,A,5,5,2027
67018887,67_67399_5136980,005693-234,2S,10,A,5,5,2027
67018887,67_67399_5136980,0215-05,2S,10,B,10,10,2027
67018887,67_67399_5136980,C922002-51,2S,10,B,5,5,2027
67018888,67_67399_5136980,1710-02,2S,10,C,5,5,2027
67018888,67_67399_5136980,5819-15,2S,10,B,10,10,2027
67018888,67_67399_5136980,9815-32,2S,10,A,5,5,2027
67018888,67_67399_5136980,1254-14,2S,10,F,5,0,2027
67018888,67_67399_5136980,7708-62,2S,10,D,5,5,2027
67018888,67_67399_5136980,0218-11,2S,10,B,10,10,2027
67018888,67_67399_5136980,C906202-03,2S,10,A,5,5,2027
67018888,67_67399_5136980,C910415-54,2S,10,A,5,5,2027
67018889,67_67399_5136980,C910204-20,2S,10,A,5,5,2027
67018889,67_67399_5136980,C9104007-05,2S,10,C,5,5,2027
67018889,67_67399_5136980,298405,2S,10,A,10,10,2027
67018889,67_67399_5136980,5693-31,2S,10,B,5,5,2027
67018889,67_67399_5136980,5992-17,2S,10,B,5,5,2027
67018889,67_67399_5136980,5819-24,2S,10,C,10,10,2027
67018889,67_67399_5136980,98039,2S,10,B,5,5,2027
67018889,67_67399_5136980,1280-50,2S,10,A,5,5,2027
67018890,67_67399_5136980,005693-136,2S,10,A,5,5,2027
67018890,67_67399_5136980,8697-18,2S,10,A,5,5,2027
67018890,67_67399_5136980,C910203-12,2S,10,B,5,5,2027
67018890,67_67399_5136980,C924501-01,2S,10,A,5,5,2027
67018890,67_67399_5136980,7651-78,2S,10,B,10,10,2027
67018890,67_67399_5136980,1494879,2S,10,C,5,5,2027
67018890,67_67399_5136980,C906201-03,2S,10,C,5,5,2027
67018890,67_67399_5136980,1421923,2S,10,B,5,5,2027
67018891,67_67399_5136980,2675800,2S,10,B,5,5,2027
67018891,67_67399_5136980,2097194,2S,10,A,10,10,2027
67018891,67_67399_5136980,1422012,2S,10,A,5,5,2027
67018891,67_67399_5136980,980344,2S,10,B,5,5,2027
67018891,67_67399_5136980,1421923,2S,10,B,5,5,2027
67018891,67_67399_5136980,C9104010-01,2S,10,A,5,5,2027
67018891,67_67399_5136980,4579-54,2S,10,B,5,5,2027
67018891,67_67399_5136980,596443,2S,10,B,5,5,2027
67018892,67_67399_5136980,1276-56,2S,10,A,5,5,2027
67018892,67_67399_5136980,1883-08,2S,10,B,5,5,2027
67018892,67_67399_5136980,C922805-01,2S,10,A,5,5,2027
67018892,67_67399_5136980,C9104012-01,2S,10,B,5,5,2027
67018892,67_67399_5136980,C917304-18,2S,10,B,5,5,2027
67018892,67_67399_5136980,2493-51,2S,10,C,10,10,2027
67018892,67_67399_5136980,C910501-50,2S,10,C,5,5,2027
67018892,67_67399_5136980,2890562,2S,10,B,5,5,2027
67018893,67_67399_5136980,1850-04,2S,10,C,5,5,2027
67018893,67_67399_5136980,1883-01,2S,10,B,5,5,2027
67018893,67_67399_5136980,1385399,2S,10,A,5,5,2027
67018893,67_67399_5136980,C917304-07,2S,10,C,5,5,2027
67018893,67_67399_5136980,5819-27,2S,10,C,10,10,2027
67018893,67_67399_5136980,C925401-09,2S,10,C,5,5,2027
67018893,67_67399_5136980,C910201-11,2S,10,A,5,5,2027
67018893,67_67399_5136980,1592884,2S,10,A,5,5,2027
67018894,67_67399_5136980,C906202-04,2S,10,A,5,5,2027
67018894,67_67399_5136980,1458506,2S,10,A,5,5,2027
67018894,67_67399_5136980,9104015-11,2S,10,A,5,5,2027
67018894,67_67399_5136980,7791-24,2S,10,A,5,5,2027
67018894,67_67399_5136980,1280-56,2S,10,B,5,5,2027
67018894,67_67399_5136980,2098352,2S,10,B,10,10,2027
67018894,67_67399_5136980,111095,2S,10,A,5,5,2027
67018894,67_67399_5136980,1256-06,2S,10,A,5,5,2027
67018895,67_67399_5136980,C9104006-04,2S,10,C,5,5,2027
67018895,67_67399_5136980,5980-50,2S,10,B,10,10,2027
67018895,67_67399_5136980,7702-53,2S,10,B,5,5,2027
67018895,67_67399_5136980,4579-54,2S,10,A,5,5,2027
67018895,67_67399_5136980,118371,2S,10,A,5,5,2027
67018895,67_67399_5136980,2098380,2S,10,A,10,10,2027
67018895,67_67399_5136980,005693-337,2S,10,A,5,5,2027
67018895,67_67399_5136980,1494268,2S,10,A,5,5,2027
67018896,67_67399_5136980,2356546,2S,10,A,10,10,2027
67018896,67_67399_5136980,9815-31,2S,10,A,5,5,2027
67018896,67_67399_5136980,5819-30,2S,10,B,10,10,2027
67018896,67_67399_5136980,C910201-06,2S,10,A,5,5,2027
67018896,67_67399_5136980,05693-2310,2S,10,A,5,5,2027
67018896,67_67399_5136980,1790-02,2S,10,C,5,5,2027
67018896,67_67399_5136980,C922711-02,2S,10,C,10,10,2027
67018896,67_67399_5136980,C922805-01,2S,10,A,5,5,2027
67018897,67_67399_5136980,57650,2S,10,A,5,5,2027
67018897,67_67399_5136980,2137798,2S,10,B,5,5,2027
67018897,67_67399_5136980,8364-50,2S,10,A,10,10,2027
67018897,67_67399_5136980,7651-73,2S,10,C,10,10,2027
67018897,67_67399_5136980,1494848,2S,10,B,5,5,2027
67018897,67_67399_5136980,1883-03,2S,10,C,5,5,2027
67018897,67_67399_5136980,C923201-01,2S,10,A,5,5,2027
67018897,67_67399_5136980,2593255,2S,10,C,5,5,2027
67018898,67_67399_5136980,C9104009-02,2S,10,C,5,5,2027
67018898,67_67399_5136980,9104016-22,2S,10,C,5,5,2027
67018898,67_67399_5136980,0215-01,2S,10,B,10,10,2027
67018898,67_67399_5136980,1593614,2S,10,B,5,5,2027
67018898,67_67399_5136980,1790-05,2S,10,B,5,5,2027
67018898,67_67399_5136980,7651-61,2S,10,B,10,10,2027
67018898,67_67399_5136980,596443,2S,10,B,5,5,2027
67018898,67_67399_5136980,C910201-06,2S,10,B,5,5,2027
67018899,67_67399_5136980,C922002-53,2S,10,B,5,5,2027
67018899,67_67399_5136980,1385611,2S,10,B,5,5,2027
67018899,67_67399_5136980,2293999,2S,10,B,5,5,2027
67018899,67_67399_5136980,1790-51,2S,10,B,5,5,2027
67018899,67_67399_5136980,C910502-03,2S,10,A,5,5,2027
67018899,67_67399_5136980,8697-52,2S,10,C,5,5,2027
67018899,67_67399_5136980,3533-18,2S,10,A,5,5,2027
67018899,67_67399_5136980,217473,2S,10,A,10,10,2027
67018900,67_67399_5136980,1710-20,2S,10,A,5,5,2027
67018900,67_67399_5136980,5980-58,2S,10,C,10,10,2027
67018900,67_67399_5136980,1431446,2S,10,A,10,10,2027
67018900,67_67399_5136980,298405,2S,10,B,10,10,2027
67018900,67_67399_5136980,980404,2S,10,C,5,5,2027
67018900,67_67399_5136980,1850-01,2S,10,B,5,5,2027
67018900,67_67399_5136980,9815-50,2S,10,B,5,5,2027
67018900,67_67399_5136980,6687-14,2S,10,B,5,5,2027
67018901,67_67399_5136980,9815-35,2S,10,B,5,5,2027
67018901,67_67399_5136980,C931602-01,2S,10,B,10,10,2027
67018901,67_67399_5136980,C917305-09,2S,10,B,5,5,2027
67018901,67_67399_5136980,1385611,2S,10,A,5,5,2027
67018901,67_67399_5136980,5693-042,2S,10,A,5,5,2027
67018901,67_67399_5136980,2294030,2S,10,B,5,5,2027
67018901,67_67399_5136980,C910204-13,2S,10,A,5,5,2027
67018901,67_67399_5136980,1593221,2S,10,A,5,5,2027
67018902,67_67399_5136980,1790-15,2S,10,C,5,5,2027
67018902,67_67399_5136980,1226-51,2S,10,A,5,5,2027
67018902,67_67399_5136980,9104015-11,2S,10,B,5,5,2027
67018902,67_67399_5136980,C920005-02,2S,10,B,10,10,2027
67018902,67_67399_5136980,1593190,2S,10,B,5,5,2027
67018902,67_67399_5136980,1010-50,2S,10,B,10,10,2027
67018902,67_67399_5136980,98039,2S,10,B,5,5,2027
67018902,67_67399_5136980,216592,2S,10,A,10,10,2027
67018903,67_67399_5136980,57650,2S,10,B,5,5,2027
67018903,67_67399_5136980,2224,2S,10,B,5,5,2027
67018903,67_67399_5136980,C910429-02,2S,10,A,5,5,2027
67018903,67_67399_5136980,5819-28,2S,10,A,10,10,2027
67018903,67_67399_5136980,1254-14,2S,10,A,5,5,2027
67018903,67_67399_5136980,2139471,2S,10,A,5,5,2027
67018903,67_67399_5136980,C910429-01,2S,10,C,5,5,2027
67018903,67_67399_5136980,C922001-52,2S,10,B,5,5,2027
67018904,67_67399_5136980,005693-236,2S,10,C,5,5,2027
67018904,67_67399_5136980,9000-51,2S,10,B,5,5,2027
67018904,67_67399_5136980,1254-19,2S,10,C,5,5,2027
67018904,67_67399_5136980,5693-32,2S,10,C,5,5,2027
67018904,67_67399_5136980,C917304-20,2S,10,A,5,5,2027
67018904,67_67399_5136980,216623,2S,10,A,10,10,2027
67018904,67_67399_5136980,4579-50,2S,10,B,5,5,2027
67018904,67_67399_5136980,100809,2S,10,C,5,5,2027
67018905,67_67399_5136980,1593951,2S,10,B,5,5,2027
67018905,67_67399_5136980,1280-55,2S,10,B,5,5,2027
67018905,67_67399_5136980,1882-01,2S,10,B,5,5,2027
67018905,67_67399_5136980,7651-70,2S,10,B,10,10,2027
67018905,67_67399_5136980,C923203-03,2S,10,D,5,5,2027
67018906,67_67399_5136980,3533-18,2S,10,B,5,5,2027
67018906,67_67399_5136980,7702-56,2S,10,A,5,5,2027
67018906,67_67399_5136980,1280-55,2S,10,B,5,5,2027
67018906,67_67399_5136980,5819-32,2S,10,A,10,10,2027
67018906,67_67399_5136980,1710-11,2S,10,C,5,5,2027
67018906,67_67399_5136980,C922002-52,2S,10,A,5,5,2027
67018906,67_67399_5136980,C910502-02,2S,10,B,5,5,2027
67018906,67_67399_5136980,1850-06,2S,10,A,5,5,2027
67018907,67_67399_5136980,1593614,2S,10,B,5,5,2027
67018907,67_67399_5136980,7708-58,2S,10,B,5,5,2027
67018907,67_67399_5136980,9104016-13,2S,10,C,5,5,2027
67018907,67_67399_5136980,2891169,2S,10,A,5,5,2027
67018907,67_67399_5136980,1409654,2S,10,C,10,10,2027
67018907,67_67399_5136980,1850-08,2S,10,C,5,5,2027
67018907,67_67399_5136980,5693-042,2S,10,B,5,5,2027
67018907,67_67399_5136980,9226-17,2S,10,C,5,5,2027
67018908,67_67399_5136980,7708-52,2S,10,A,5,5,2027
67018908,67_67399_5136980,1748691,2S,10,B,5,5,2027
67018908,67_67399_5136980,3533-18,2S,10,B,5,5,2027
67018908,67_67399_5136980,7641-59,2S,10,B,10,10,2027
67018908,67_67399_5136980,C917305-22,2S,10,B,5,5,2027
67018908,67_67399_5136980,1385641,2S,10,A,5,5,2027
67018908,67_67399_5136980,1464655,2S,10,B,10,10,2027
67018908,67_67399_5136980,C923204-03,2S,10,B,5,5,2027
67018909,67_67399_5136980,1206763,2S,10,A,10,10,2027
67018909,67_67399_5136980,C923204-03,2S,10,C,5,5,2027
67018909,67_67399_5136980,57497,2S,10,B,5,5,2027
67018909,67_67399_5136980,1409473,2S,10,A,10,10,2027
67018909,67_67399_5136980,C917304-10,2S,10,A,5,5,2027
67018909,67_67399_5136980,C910202-05,2S,10,B,5,5,2027
67018909,67_67399_5136980,7702-53,2S,10,A,5,5,2027
67018909,67_67399_5136980,1392703,2S,10,A,5,5,2027
67018910,67_67399_5136980,C910702-01,2S,10,A,5,5,2027
67018910,67_67399_5136980,C910415-50,2S,10,B,5,5,2027
67018910,67_67399_5136980,1385458,2S,10,A,5,5,2027
67018910,67_67399_5136980,C910417-07,2S,10,A,5,5,2027
67018910,67_67399_5136980,C917305-12,2S,10,B,5,5,2027
67018910,67_67399_5136980,7651-77,2S,10,C,10,10,2027
67018910,67_67399_5136980,9815-30,2S,10,A,5,5,2027
67018910,67_67399_5136980,4578-52,2S,10,B,5,5,2027
67018911,67_67399_5136980,C9104006-07,2S,10,A,5,5,2027
67018911,67_67399_5136980,5819-29,2S,10,B,10,10,2027
67018911,67_67399_5136980,C925402-01,2S,10,A,5,5,2027
67018911,67_67399_5136980,1276-55,2S,10,A,5,5,2027
67018911,67_67399_5136980,7702-51,2S,10,A,5,5,2027
67018911,67_67399_5136980,27426,2S,10,B,5,5,2027
67018911,67_67399_5136980,1883-02,2S,10,A,5,5,2027
67018911,67_67399_5136980,1883-08,2S,10,C,5,5,2027
67018912,67_67399_5136980,C910415-55,2S,10,A,5,5,2027
67018912,67_67399_5136980,C9104006-07,2S,10,B,5,5,2027
67018912,67_67399_5136980,C910204-12,2S,10,B,5,5,2027
67018912,67_67399_5136980,05693-3310,2S,10,B,5,5,2027
67018912,67_67399_5136980,7708-64,2S,10,A,5,5,2027
67018912,67_67399_5136980,C925402-05,2S,10,B,5,5,2027
67018912,67_67399_5136980,5992-22,2S,10,B,5,5,2027
67018913,67_67399_5136980,1254-05,2S,10,B,5,5,2027
67018913,67_67399_5136980,1768930,2S,10,B,5,5,2027
67018913,67_67399_5136980,6682-14,2S,10,A,5,5,2027
67018913,67_67399_5136980,1409716,2S,10,A,10,10,2027
67018913,67_67399_5136980,9814-17,2S,10,C,5,5,2027
67018913,67_67399_5136980,0218-03,2S,10,B,10,10,2027
67018913,67_67399_5136980,1385580,2S,10,B,5,5,2027
67018913,67_67399_5136980,1458416,2S,10,B,5,5,2027
67018914,67_67399_5136980,C922203-51,2S,10,A,5,5,2027
67018914,67_67399_5136980,C922007-01,2S,10,A,5,5,2027
67018914,67_67399_5136980,C917304-25,2S,10,C,5,5,2027
67018914,67_67399_5136980,C910204-12,2S,10,B,5,5,2027
67018914,67_67399_5136980,C910204-20,2S,10,B,5,5,2027
67018914,67_67399_5136980,2890651,2S,10,B,5,5,2027
67018914,67_67399_5136980,C910400803,2S,10,B,5,5,2027
67018914,67_67399_5136980,1431660,2S,10,B,10,10,2027
67018915,67_67399_5136980,2890682,2S,10,C,5,5,2027
67018915,67_67399_5136980,1409504,2S,10,A,10,10,2027
67018915,67_67399_5136980,C917305-21,2S,10,B,5,5,2027
67018915,67_67399_5136980,5793-13,2S,10,B,5,5,2027
67018915,67_67399_5136980,C910415-53,2S,10,A,5,5,2027
67018915,67_67399_5136980,5980-58,2S,10,B,10,10,2027
67018915,67_67399_5136980,2101667,2S,10,A,5,5,2027
67018915,67_67399_5136980,1280-54,2S,10,C,5,5,2027
67018916,67_67399_5136980,C906201-04,2S,10,B,5,5,2027
67018916,67_67399_5136980,1746712,2S,10,B,5,5,2027
67018916,67_67399_5136980,7708-61,2S,10,C,5,5,2027
67018916,67_67399_5136980,1996783,2S,10,C,10,10,2027
67018916,67_67399_5136980,5819-25,2S,10,A,10,10,2027
67018916,67_67399_5136980,5992-13,2S,10,A,5,5,2027
67018916,67_67399_5136980,C922204-51,2S,10,A,5,5,2027
67018916,67_67399_5136980,C910416-51,2S,10,B,5,5,2027
67018917,67_67399_5136980,298556,2S,10,B,10,10,2027
67018917,67_67399_5136980,5793-21,2S,10,A,5,5,2027
67018917,67_67399_5136980,C910418-10,2S,10,A,5,5,2027
67018917,67_67399_5136980,596594,2S,10,C,5,5,2027
67018917,67_67399_5136980,1256-05,2S,10,A,5,5,2027
67018917,67_67399_5136980,6682-14,2S,10,A,5,5,2027
67018917,67_67399_5136980,1710-41,2S,10,B,5,5,2027
67018917,67_67399_5136980,7641-51,2S,10,C,10,10,2027
67018918,67_67399_5136980,7702-56,2S,10,A,5,5,2027
67018918,67_67399_5136980,8697-18,2S,10,A,5,5,2027
67018918,67_67399_5136980,0215-04,2S,10,A,10,10,2027
67018918,67_67399_5136980,1458597,2S,10,B,5,5,2027
67018918,67_67399_5136980,1385399,2S,10,A,5,5,2027
67018918,67_67399_5136980,2890682,2S,10,B,5,5,2027
67018918,67_67399_5136980,2097649,2S,10,B,10,10,2027
67018918,67_67399_5136980,C917305-10,2S,10,B,5,5,2027
67018919,67_67399_5136980,C920003-01,2S,10,B,10,10,2027
67018919,67_67399_5136980,7651-73,2S,10,B,10,10,2027
67018919,67_67399_5136980,57466,2S,10,C,5,5,2027
67018919,67_67399_5136980,C922005-01,2S,10,A,5,5,2027
67018919,67_67399_5136980,980679,2S,10,B,5,5,2027
67018919,67_67399_5136980,C910418-01,2S,10,B,5,5,2027
67018919,67_67399_5136980,1710-13,2S,10,B,5,5,2027
67018919,67_67399_5136980,7708-50,2S,10,A,5,5,2027
67018920,67_67399_5136980,7702-63,2S,10,B,5,5,2027
67018920,67_67399_5136980,C910201-04,2S,10,A,5,5,2027
67018920,67_67399_5136980,7651-76,2S,10,B,10,10,2027
67018920,67_67399_5136980,C917304-11,2S,10,B,5,5,2027
67018920,67_67399_5136980,9104016-12,2S,10,B,5,5,2027
67018920,67_67399_5136980,1883-10,2S,10,B,5,5,2027
67018920,67_67399_5136980,1850-03,2S,10,B,5,5,2027
67018921,67_67399_5136980,57405,2S,10,B,5,5,2027
67018921,67_67399_5136980,C910202-17,2S,10,A,5,5,2027
67018921,67_67399_5136980,2097590,2S,10,C,10,10,2027
67018921,67_67399_5136980,C922203-51,2S,10,C,5,5,2027
67018921,67_67399_5136980,C922001-50,2S,10,B,5,5,2027
67018921,67_67399_5136980,1746896,2S,10,B,5,5,2027
67018921,67_67399_5136980,C910502-02,2S,10,C,5,5,2027
67018921,67_67399_5136980,1768930,2S,10,C,5,5,2027
67018922,67_67399_5136980,C923201-01,2S,10,C,5,5,2027
67018922,67_67399_5136980,C917202-50,2S,10,A,5,5,2027
67018922,67_67399_5136980,C910502-03,2S,10,A,5,5,2027
67018922,67_67399_5136980,6687-15,2S,10,B,5,5,2027
67018922,67_67399_5136980,2891169,2S,10,B,5,5,2027
67018922,67_67399_5136980,2294272,2S,10,A,5,5,2027
67018922,67_67399_5136980,C922007-02,2S,10,B,5,5,2027
67018922,67_67399_5136980,1431568,2S,10,B,10,10,2027
67018923,67_67399_5136980,7702-59,2S,10,C,5,5,2027
67018923,67_67399_5136980,1747291,2S,10,B,5,5,2027
67018923,67_67399_5136980,3533-14,2S,10,A,5,5,2027
67018923,67_67399_5136980,7641-58,2S,10,A,10,10,2027
67018923,67_67399_5136980,C9104006-04,2S,10,A,5,5,2027
67018923,67_67399_5136980,C923204-02,2S,10,A,5,5,2027
67018923,67_67399_5136980,C922712-02,2S,10,A,10,10,2027
67018923,67_67399_5136980,005693-136,2S,10,B,5,5,2027
67018924,67_67399_5136980,1256-13,2S,10,C,5,5,2027
67018924,67_67399_5136980,6683-18,2S,10,C,5,5,2027
67018924,67_67399_5136980,C925402-02,2S,10,B,5,5,2027
67018924,67_67399_5136980,1431538,2S,10,A,10,10,2027
67018924,67_67399_5136980,1494879,2S,10,B,5,5,2027
67018924,67_67399_5136980,C922006-01,2S,10,B,5,5,2027
67018924,67_67399_5136980,C922711-01,2S,10,C,10,10,2027
67018924,67_67399_5136980,C9104008-50,2S,10,B,5,5,2027
67018925,67_67399_5136980,C910802-03,2S,10,B,5,5,2027
67018925,67_67399_5136980,2482799,2S,10,A,5,5,2027
67018925,67_67399_5136980,9814-50,2S,10,B,5,5,2027
67018925,67_67399_5136980,C917305-27,2S,10,A,5,5,2027
67018925,67_67399_5136980,1883-04,2S,10,A,5,5,2027
67018925,67_67399_5136980,C910415-50,2S,10,C,5,5,2027
67018925,67_67399_5136980,0005693-23,2S,10,C,5,5,2027
67018926,67_67399_5136980,C922006-01,2S,10,F,5,0,2027
67018926,67_67399_5136980,C910418-12,2S,10,F,5,0,2027
67018926,67_67399_5136980,7708-61,2S,10,B,5,5,2027
67018926,67_67399_5136980,C910201-18,2S,10,B,5,5,2027
67018926,67_67399_5136980,1446848,2S,10,D,10,10,2027
67018926,67_67399_5136980,1494360,2S,10,A,5,5,2027
67018926,67_67399_5136980,2099082,2S,10,A,10,10,2027
67018926,67_67399_5136980,C925401-09,2S,10,B,5,5,2027
67018927,67_67399_5136980,C9104006-02,2S,10,A,5,5,2027
67018927,67_67399_5136980,C910430-50,2S,10,A,5,5,2027
67018927,67_67399_5136980,1748538,2S,10,B,5,5,2027
67018927,67_67399_5136980,1256-02,2S,10,B,5,5,2027
67018927,67_67399_5136980,97887,2S,10,A,5,5,2027
67018927,67_67399_5136980,217381,2S,10,B,10,10,2027
67018927,67_67399_5136980,C910418-03,2S,10,B,5,5,2027
67018927,67_67399_5136980,2675950,2S,10,C,5,5,2027
67018928,67_67399_5136980,2151797,2S,10,A,5,5,2027
67018928,67_67399_5136980,2493-51,2S,10,C,10,10,2027
67018928,67_67399_5136980,C9104007-10,2S,10,B,5,5,2027
67018928,67_67399_5136980,C924502-50,2S,10,C,5,5,2027
67018928,67_67399_5136980,2482676,2S,10,C,5,5,2027
67018928,67_67399_5136980,7702-59,2S,10,A,5,5,2027
67018928,67_67399_5136980,2294030,2S,10,A,5,5,2027
67018928,67_67399_5136980,1385519,2S,10,B,5,5,2027
67018929,67_67399_5136980,C917305-27,2S,10,B,5,5,2027
67018929,67_67399_5136980,216651,2S,10,B,10,10,2027
67018929,67_67399_5136980,57680,2S,10,A,5,5,2027
67018929,67_67399_5136980,1254-18,2S,10,B,5,5,2027
67018929,67_67399_5136980,C910701-01,2S,10,A,5,5,2027
67018929,67_67399_5136980,1850-07,2S,10,A,5,5,2027
67018929,67_67399_5136980,1883-08,2S,10,B,5,5,2027
67018929,67_67399_5136980,2294030,2S,10,B,5,5,2027
67018930,67_67399_5136980,596777,2S,10,B,5,5,2027
67018930,67_67399_5136980,2493-50,2S,10,A,10,10,2027
67018930,67_67399_5136980,5980-59,2S,10,C,10,10,2027
67018930,67_67399_5136980,C9104006-03,2S,10,F,5,0,2027
67018930,67_67399_5136980,1710-15,2S,10,B,5,5,2027
67018930,67_67399_5136980,C910802-02,2S,10,B,5,5,2027
67018930,67_67399_5136980,4578-52,2S,10,A,5,5,2027
67018931,67_67399_5136980,C910203-14,2S,10,B,5,5,2027
67018931,67_67399_5136980,6687-51,2S,10,A,5,5,2027
67018931,67_67399_5136980,9814-20,2S,10,B,5,5,2027
67018931,67_67399_5136980,5819-29,2S,10,A,10,10,2027
67018931,67_67399_5136980,C917402-02,2S,10,B,5,5,2027
67018931,67_67399_5136980,005693-536,2S,10,A,5,5,2027
67018931,67_67399_5136980,1464714,2S,10,A,10,10,2027
67018931,67_67399_5136980,C910430-04,2S,10,B,5,5,2027
67018932,67_67399_5136980,0215-05,2S,10,A,10,10,2027
67018932,67_67399_5136980,1226-50,2S,10,A,5,5,2027
67018932,67_67399_5136980,1883-06,2S,10,A,5,5,2027
67018932,67_67399_5136980,C917202-50,2S,10,A,5,5,2027
67018932,67_67399_5136980,7641-50,2S,10,B,10,10,2027
67018932,67_67399_5136980,596502,2S,10,B,5,5,2027
67018932,67_67399_5136980,1592825,2S,10,A,5,5,2027
67018932,67_67399_5136980,1746835,2S,10,A,5,5,2027
67018933,67_67399_5136980,1593221,2S,10,A,5,5,2027
67018933,67_67399_5136980,1254-07,2S,10,B,5,5,2027
67018933,67_67399_5136980,1882-02,2S,10,A,5,5,2027
67018933,67_67399_5136980,1431691,2S,10,A,10,10,2027
67018933,67_67399_5136980,24108,2S,10,A,5,5,2027
67018933,67_67399_5136980,0218-01,2S,10,B,10,10,2027
67018933,67_67399_5136980,0215-06,2S,10,B,10,10,2027
67018933,67_67399_5136980,298495,2S,10,A,10,10,2027
67018934,67_67399_5136980,57619,2S,10,B,5,5,2027
67018934,67_67399_5136980,5980-53,2S,10,B,10,10,2027
67018934,67_67399_5136980,2675920,2S,10,B,5,5,2027
67018934,67_67399_5136980,1409654,2S,10,C,10,10,2027
67018934,67_67399_5136980,1385427,2S,10,A,5,5,2027
67018934,67_67399_5136980,C910202-21,2S,10,A,5,5,2027
67018934,67_67399_5136980,1850-09,2S,10,B,5,5,2027
67018934,67_67399_5136980,C910201-03,2S,10,C,5,5,2027
67018935,67_67399_5136980,5990-53,2S,10,B,10,10,2027
67018935,67_67399_5136980,C910418-03,2S,10,A,5,5,2027
67018935,67_67399_5136980,5980-59,2S,10,B,10,10,2027
67018935,67_67399_5136980,C910430-01,2S,10,A,5,5,2027
67018935,67_67399_5136980,C917304-26,2S,10,A,5,5,2027
67018935,67_67399_5136980,1256-13,2S,10,A,5,5,2027
67018935,67_67399_5136980,2482768,2S,10,B,5,5,2027
67018935,67_67399_5136980,596747,2S,10,A,5,5,2027
67018936,67_67399_5136980,C910202-11,2S,10,B,5,5,2027
67018936,67_67399_5136980,298436,2S,10,C,10,10,2027
67018936,67_67399_5136980,2098352,2S,10,A,10,10,2027
67018936,67_67399_5136980,0215-03,2S,10,A,10,10,2027
67018936,67_67399_5136980,C910203-04,2S,10,A,5,5,2027
67018936,67_67399_5136980,C910416-50,2S,10,A,5,5,2027
67018936,67_67399_5136980,1710-06,2S,10,A,5,5,2027
67018936,67_67399_5136980,596502,2S,10,A,5,5,2027
67018937,67_67399_5136980,1850-04,2S,10,A,5,5,2027
67018937,67_67399_5136980,C917303-02,2S,10,B,5,5,2027
67018937,67_67399_5136980,1254-03,2S,10,B,5,5,2027
67018937,67_67399_5136980,5990-51,2S,10,B,10,10,2027
67018937,67_67399_5136980,1458567,2S,10,C,5,5,2027
67018937,67_67399_5136980,9814-16,2S,10,A,5,5,2027
67018937,67_67399_5136980,0218-01,2S,10,B,10,10,2027
67018937,67_67399_5136980,1748630,2S,10,A,5,5,2027
67018938,67_67399_5136980,1748477,2S,10,F,5,0,2027
67018938,67_67399_5136980,1883-10,2S,10,C,5,5,2027
67018938,67_67399_5136980,5693-53,2S,10,C,5,5,2027
67018938,67_67399_5136980,9104016-23,2S,10,A,5,5,2027
67018938,67_67399_5136980,5991-13,2S,10,A,5,5,2027
67018938,67_67399_5136980,C931602-02,2S,10,C,10,10,2027
67018938,67_67399_5136980,111460,2S,10,C,5,5,2027
67018938,67_67399_5136980,8697-18,2S,10,D,5,5,2027
67018939,67_67399_5136980,1746896,2S,10,B,5,5,2027
67018939,67_67399_5136980,1224-50,2S,10,B,5,5,2027
67018939,67_67399_5136980,C910417-05,2S,10,C,5,5,2027
67018939,67_67399_5136980,C9104006-05,2S,10,C,5,5,2027
67018939,67_67399_5136980,1728-03,2S,10,B,5,5,2027
67018939,67_67399_5136980,5819-22,2S,10,B,10,10,2027
67018939,67_67399_5136980,1748630,2S,10,A,5,5,2027
67018940,67_67399_5136980,C902001-02,2S,10,C,10,10,2027
67018940,67_67399_5136980,C930302-02,2S,10,C,10,10,2027
67018940,67_67399_5136980,1883-03,2S,10,B,5,5,2027
67018940,67_67399_5136980,C917304-09,2S,10,A,5,5,2027
67018940,67_67399_5136980,7651-60,2S,10,C,10,10,2027
67018940,67_67399_5136980,3533-19,2S,10,A,5,5,2027
67018940,67_67399_5136980,2482737,2S,10,A,5,5,2027
67018940,67_67399_5136980,1593586,2S,10,B,5,5,2027
67018941,67_67399_5136980,7791-42,2S,10,A,5,5,2027
67018941,67_67399_5136980,1431477,2S,10,B,10,10,2027
67018941,67_67399_5136980,005693-136,2S,10,B,5,5,2027
67018941,67_67399_5136980,C924502-50,2S,10,A,5,5,2027
67018941,67_67399_5136980,C922203-51,2S,10,C,5,5,2027
67018941,67_67399_5136980,C910801-01,2S,10,B,5,5,2027
67018941,67_67399_5136980,980344,2S,10,C,5,5,2027
67018941,67_67399_5136980,1883-10,2S,10,B,5,5,2027
67018942,67_67399_5136980,1592915,2S,10,B,5,5,2027
67018942,67_67399_5136980,6687-15,2S,10,A,5,5,2027
67018942,67_67399_5136980,57558,2S,10,B,5,5,2027
67018942,67_67399_5136980,5819-25,2S,10,A,10,10,2027
67018942,67_67399_5136980,2151677,2S,10,A,5,5,2027
67018942,67_67399_5136980,C910416-57,2S,10,B,5,5,2027
67018942,67_67399_5136980,005693-536,2S,10,A,5,5,2027
67018942,67_67399_5136980,C9104009-5,2S,10,B,5,5,2027
67018943,67_67399_5136980,8697-20,2S,10,B,5,5,2027
67018943,67_67399_5136980,1458567,2S,10,A,5,5,2027
67018943,67_67399_5136980,C922004-01,2S,10,A,5,5,2027
67018943,67_67399_5136980,C910418-14,2S,10,A,5,5,2027
67018943,67_67399_5136980,5819-14,2S,10,B,10,10,2027
67018943,67_67399_5136980,1746682,2S,10,B,5,5,2027
67018944,67_67399_5136980,7702-58,2S,10,B,5,5,2027
67018944,67_67399_5136980,9814-22,2S,10,B,5,5,2027
67018944,67_67399_5136980,4579-54,2S,10,C,5,5,2027
67018944,67_67399_5136980,7651-63,2S,10,B,10,10,2027
67018944,67_67399_5136980,C910418-09,2S,10,B,5,5,2027
67018944,67_67399_5136980,1392703,2S,10,A,5,5,2027
67018944,67_67399_5136980,C9104006-04,2S,10,B,5,5,2027
67018944,67_67399_5136980,1494726,2S,10,C,5,5,2027
67018945,67_67399_5136980,91313,2S,10,C,5,5,2027
67018945,67_67399_5136980,C9104007-03,2S,10,C,5,5,2027
67018945,67_67399_5136980,C923204-03,2S,10,B,5,5,2027
67018945,67_67399_5136980,C917304-17,2S,10,C,5,5,2027
67018945,67_67399_5136980,2097741,2S,10,B,10,10,2027
67018945,67_67399_5136980,C925402-05,2S,10,B,5,5,2027
67018945,67_67399_5136980,2137767,2S,10,B,5,5,2027
67018945,67_67399_5136980,6687-16,2S,10,C,5,5,2027
67018946,67_67399_5136980,C917304-18,2S,10,A,5,5,2027
67018946,67_67399_5136980,5980-50,2S,10,C,10,10,2027
67018946,67_67399_5136980,C910418-04,2S,10,B,5,5,2027
67018946,67_67399_5136980,C922701-01,2S,10,A,10,10,2027
67018946,67_67399_5136980,1284-01,2S,10,A,5,5,2027
67018946,67_67399_5136980,2482587,2S,10,A,5,5,2027
67018946,67_67399_5136980,9814-41,2S,10,C,5,5,2027
67018946,67_67399_5136980,5819-34,2S,10,A,10,10,2027
67018947,67_67399_5136980,C932302-50,2S,10,B,5,5,2027
67018947,67_67399_5136980,C917401-03,2S,10,B,5,5,2027
67018947,67_67399_5136980,5793-13,2S,10,D,5,5,2027
67018947,67_67399_5136980,980710,2S,10,C,5,5,2027
67018947,67_67399_5136980,1256-21,2S,10,B,5,5,2027
67018948,67_67399_5136980,5819-27,2S,10,A,10,10,2027
67018948,67_67399_5136980,1256-02,2S,10,A,5,5,2027
67018948,67_67399_5136980,1224-51,2S,10,B,5,5,2027
67018948,67_67399_5136980,1256-42,2S,10,A,5,5,2027
67018948,67_67399_5136980,1446879,2S,10,B,10,10,2027
67018948,67_67399_5136980,C9104008-50,2S,10,B,5,5,2027
67018948,67_67399_5136980,C925401-09,2S,10,B,5,5,2027
67018948,67_67399_5136980,1198057,2S,10,C,5,5,2027
67018949,67_67399_5136980,9814-18,2S,10,A,5,5,2027
67018949,67_67399_5136980,1431630,2S,10,A,10,10,2027
67018949,67_67399_5136980,C917304-16,2S,10,B,5,5,2027
67018949,67_67399_5136980,C9104009-02,2S,10,B,5,5,2027
67018949,67_67399_5136980,C9104007-03,2S,10,A,5,5,2027
67018949,67_67399_5136980,C922203-50,2S,10,A,5,5,2027
67018949,67_67399_5136980,7702-57,2S,10,C,5,5,2027
67018949,67_67399_5136980,1256-04,2S,10,B,5,5,2027
67018950,67_67399_5136980,5693-31,2S,10,C,5,5,2027
67018950,67_67399_5136980,5793-23,2S,10,B,5,5,2027
67018950,67_67399_5136980,5793-32,2S,10,A,5,5,2027
67018950,67_67399_5136980,111432,2S,10,A,5,5,2027
67018950,67_67399_5136980,1494665,2S,10,B,5,5,2027
67018950,67_67399_5136980,6687-14,2S,10,A,5,5,2027
67018950,67_67399_5136980,5819-34,2S,10,B,10,10,2027
67018950,67_67399_5136980,C910202-21,2S,10,C,5,5,2027
67018951,67_67399_5136980,1385641,2S,10,B,5,5,2027
67018951,67_67399_5136980,C910418-13,2S,10,C,5,5,2027
67018951,67_67399_5136980,1392731,2S,10,A,5,5,2027
67018951,67_67399_5136980,2675769,2S,10,A,5,5,2027
67018951,67_67399_5136980,7651-52,2S,10,B,10,10,2027
67018951,67_67399_5136980,57377,2S,10,A,5,5,2027
67018951,67_67399_5136980,1746743,2S,10,B,5,5,2027
67018951,67_67399_5136980,1593614,2S,10,A,5,5,2027
67018952,67_67399_5136980,7651-51,2S,10,B,10,10,2027
67018952,67_67399_5136980,2676103,2S,10,C,5,5,2027
67018952,67_67399_5136980,5693-21,2S,10,C,5,5,2027
67018952,67_67399_5136980,C910429-01,2S,10,A,5,5,2027
67018952,67_67399_5136980,C923203-01,2S,10,A,5,5,2027
67018952,67_67399_5136980,1254-06,2S,10,B,5,5,2027
67018952,67_67399_5136980,1748599,2S,10,C,5,5,2027
67018952,67_67399_5136980,596777,2S,10,C,5,5,2027
67018953,67_67399_5136980,100809,2S,10,B,5,5,2027
67018953,67_67399_5136980,C910201-09,2S,10,C,5,5,2027
67018953,67_67399_5136980,2098352,2S,10,A,10,10,2027
67018953,67_67399_5136980,1710-16,2S,10,B,5,5,2027
67018953,67_67399_5136980,2294150,2S,10,C,5,5,2027
67018953,67_67399_5136980,5693-41,2S,10,B,5,5,2027
67018953,67_67399_5136980,1850-05,2S,10,A,5,5,2027
67018953,67_67399_5136980,7702-50,2S,10,C,5,5,2027
67018954,67_67399_5136980,1206794,2S,10,A,10,10,2027
67018954,67_67399_5136980,C910202-15,2S,10,B,5,5,2027
67018954,67_67399_5136980,C910201-11,2S,10,A,5,5,2027
67018954,67_67399_5136980,2891139,2S,10,C,5,5,2027
67018954,67_67399_5136980,1409593,2S,10,B,10,10,2027
67018954,67_67399_5136980,C917304-14,2S,10,A,5,5,2027
67018954,67_67399_5136980,5980-57,2S,10,C,10,10,2027
67018954,67_67399_5136980,298464,2S,10,C,10,10,2027
67018955,67_67399_5136980,1385427,2S,10,A,5,5,2027
67018955,67_67399_5136980,5793-21,2S,10,B,5,5,2027
67018955,67_67399_5136980,C9104006-02,2S,10,B,5,5,2027
67018955,67_67399_5136980,2675800,2S,10,A,5,5,2027
67018955,67_67399_5136980,1409532,2S,10,B,10,10,2027
67018955,67_67399_5136980,1747016,2S,10,D,5,5,2027
67018956,67_67399_5136980,1458506,2S,10,C,5,5,2027
67018956,67_67399_5136980,C910418-13,2S,10,C,5,5,2027
67018956,67_67399_5136980,2294122,2S,10,B,5,5,2027
67018956,67_67399_5136980,C917305-15,2S,10,B,5,5,2027
67018956,67_67399_5136980,5819-15,2S,10,B,10,10,2027
67018956,67_67399_5136980,2891169,2S,10,A,5,5,2027
67018956,67_67399_5136980,4579-51,2S,10,B,5,5,2027
67018956,67_67399_5136980,C910502-01,2S,10,B,5,5,2027
67018957,67_67399_5136980,91313,2S,10,C,5,5,2027
67018957,67_67399_5136980,8180-54,2S,10,C,5,5,2027
67018957,67_67399_5136980,1254-14,2S,10,B,5,5,2027
67018957,67_67399_5136980,1748752,2S,10,B,5,5,2027
67018957,67_67399_5136980,9815-50,2S,10,A,5,5,2027
67018957,67_67399_5136980,2151736,2S,10,B,5,5,2027
67018957,67_67399_5136980,298464,2S,10,C,10,10,2027
67018958,67_67399_5136980,1256-05,2S,10,C,5,5,2027
67018958,67_67399_5136980,C910201-07,2S,10,B,5,5,2027
67018958,67_67399_5136980,596747,2S,10,A,5,5,2027
67018958,67_67399_5136980,5819-13,2S,10,B,10,10,2027
67018958,67_67399_5136980,C917305-17,2S,10,B,5,5,2027
67018958,67_67399_5136980,C910416-53,2S,10,A,5,5,2027
67018958,67_67399_5136980,C910418-05,2S,10,C,5,5,2027
67018958,67_67399_5136980,C910417-05,2S,10,C,5,5,2027
67018959,67_67399_5136980,2593255,2S,10,B,5,5,2027
67018959,67_67399_5136980,1850-02,2S,10,A,5,5,2027
67018959,67_67399_5136980,1883-06,2S,10,B,5,5,2027
67018959,67_67399_5136980,2360960,2S,10,C,10,10,2027
67018959,67_67399_5136980,1254-07,2S,10,B,5,5,2027
67018959,67_67399_5136980,C924501-01,2S,10,C,5,5,2027
67018959,67_67399_5136980,1431507,2S,10,A,10,10,2027
67018959,67_67399_5136980,C917305-15,2S,10,A,5,5,2027
67018960,67_67399_5136980,90948,2S,10,B,5,5,2027
67018960,67_67399_5136980,C9104008-50,2S,10,A,5,5,2027
67018960,67_67399_5136980,1385427,2S,10,A,5,5,2027
67018960,67_67399_5136980,2151705,2S,10,B,5,5,2027
67018960,67_67399_5136980,1409654,2S,10,C,10,10,2027
67018960,67_67399_5136980,9814-26,2S,10,A,5,5,2027
67018960,67_67399_5136980,1748599,2S,10,A,5,5,2027
67018960,67_67399_5136980,C910203-16,2S,10,B,5,5,2027
67018961,67_67399_5136980,2891077,2S,10,B,5,5,2027
67018961,67_67399_5136980,5819-23,2S,10,A,10,10,2027
67018961,67_67399_5136980,1790-18,2S,10,B,5,5,2027
67018961,67_67399_5136980,1385368,2S,10,B,5,5,2027
67018961,67_67399_5136980,005693-536,2S,10,C,5,5,2027
67018961,67_67399_5136980,1883-09,2S,10,B,5,5,2027
67018961,67_67399_5136980,1748691,2S,10,B,5,5,2027
67018961,67_67399_5136980,C910203-13,2S,10,A,5,5,2027
67018962,67_67399_5136980,2139440,2S,10,C,5,5,2027
67018962,67_67399_5136980,C910400803,2S,10,A,5,5,2027
67018962,67_67399_5136980,1422012,2S,10,B,5,5,2027
67018962,67_67399_5136980,C9104007-03,2S,10,B,5,5,2027
67018962,67_67399_5136980,C910202-06,2S,10,B,5,5,2027
67018962,67_67399_5136980,1494848,2S,10,C,5,5,2027
67018962,67_67399_5136980,9814-51,2S,10,A,5,5,2027
67018962,67_67399_5136980,1409654,2S,10,C,10,10,2027
67018963,67_67399_5136980,1254-14,2S,10,C,5,5,2027
67018963,67_67399_5136980,C922204-51,2S,10,A,5,5,2027
67018963,67_67399_5136980,1385458,2S,10,C,5,5,2027
67018963,67_67399_5136980,C922002-51,2S,10,B,5,5,2027
67018963,67_67399_5136980,1494605,2S,10,C,5,5,2027
67018963,67_67399_5136980,7641-57,2S,10,B,10,10,2027
67018963,67_67399_5136980,57405,2S,10,A,5,5,2027
67018963,67_67399_5136980,7708-58,2S,10,B,5,5,2027
67018964,67_67399_5136980,7702-50,2S,10,A,5,5,2027
67018964,67_67399_5136980,C910201-06,2S,10,A,5,5,2027
67018964,67_67399_5136980,97887,2S,10,B,5,5,2027
67018964,67_67399_5136980,7651-53,2S,10,C,10,10,2027
67018964,67_67399_5136980,9226-18,2S,10,A,5,5,2027
67018964,67_67399_5136980,0215-04,2S,10,C,10,10,2027
67018964,67_67399_5136980,1448978,2S,10,A,10,10,2027
67018964,67_67399_5136980,1392703,2S,10,C,5,5,2027
67018965,67_67399_5136980,C925402-07,2S,10,D,5,5,2027
67018965,67_67399_5136980,1747016,2S,10,A,5,5,2027
67018965,67_67399_5136980,27791,2S,10,B,5,5,2027
67018965,67_67399_5136980,1226-51,2S,10,B,5,5,2027
67018965,67_67399_5136980,1254-02,2S,10,A,5,5,2027
67018965,67_67399_5136980,005693-137,2S,10,A,5,5,2027
67018965,67_67399_5136980,2294030,2S,10,A,5,5,2027
67018965,67_67399_5136980,7651-69,2S,10,A,10,10,2027
67018966,67_67399_5136980,2097590,2S,10,B,10,10,2027
67018966,67_67399_5136980,2224,2S,10,C,5,5,2027
67018966,67_67399_5136980,C910418-03,2S,10,A,5,5,2027
67018966,67_67399_5136980,005693-534,2S,10,C,5,5,2027
67018966,67_67399_5136980,C910416-54,2S,10,A,5,5,2027
67018966,67_67399_5136980,3533-18,2S,10,A,5,5,2027
67018966,67_67399_5136980,C910204-16,2S,10,A,5,5,2027
67018966,67_67399_5136980,7702-54,2S,10,A,5,5,2027
67018967,67_67399_5136980,C910418-11,2S,10,C,5,5,2027
67018967,67_67399_5136980,C910802-02,2S,10,B,5,5,2027
67018967,67_67399_5136980,C910201-09,2S,10,C,5,5,2027
67018967,67_67399_5136980,1421892,2S,10,C,5,5,2027
67018967,67_67399_5136980,C9104006-04,2S,10,B,5,5,2027
67018967,67_67399_5136980,1710-21,2S,10,B,5,5,2027
67018967,67_67399_5136980,117610,2S,10,B,5,5,2027
67018967,67_67399_5136980,5819-33,2S,10,A,10,10,2027
67018968,67_67399_5136980,1206763,2S,10,B,10,10,2027
67018968,67_67399_5136980,C910417-07,2S,10,C,5,5,2027
67018968,67_67399_5136980,1385641,2S,10,C,5,5,2027
67018968,67_67399_5136980,C917305-08,2S,10,C,5,5,2027
67018968,67_67399_5136980,2099082,2S,10,B,10,10,2027
67018968,67_67399_5136980,100809,2S,10,A,5,5,2027
67018968,67_67399_5136980,1593920,2S,10,A,5,5,2027
67018968,67_67399_5136980,C910201-12,2S,10,B,5,5,2027
67018969,67_67399_5136980,57497,2S,10,A,5,5,2027
67018969,67_67399_5136980,C910201-15,2S,10,A,5,5,2027
67018969,67_67399_5136980,1748630,2S,10,A,5,5,2027
67018969,67_67399_5136980,1385519,2S,10,B,5,5,2027
67018969,67_67399_5136980,C923204-01,2S,10,C,5,5,2027
67018969,67_67399_5136980,298495,2S,10,B,10,10,2027
67018969,67_67399_5136980,1494634,2S,10,B,5,5,2027
67018969,67_67399_5136980,5819-23,2S,10,B,10,10,2027
67018970,67_67399_5136980,24259,2S,10,B,5,5,2027
67018970,67_67399_5136980,C9104007-12,2S,10,B,5,5,2027
67018970,67_67399_5136980,C922003-02,2S,10,B,5,5,2027
67018970,67_67399_5136980,1431721,2S,10,A,10,10,2027
67018970,67_67399_5136980,57558,2S,10,A,5,5,2027
67018970,67_67399_5136980,8697-20,2S,10,B,5,5,2027
67018970,67_67399_5136980,C910801-03,2S,10,B,5,5,2027
67018970,67_67399_5136980,C922704-02,2S,10,A,10,10,2027
67018971,67_67399_5136980,C910430-01,2S,10,A,5,5,2027
67018971,67_67399_5136980,C922001-53,2S,10,C,5,5,2027
67018971,67_67399_5136980,5793-22,2S,10,B,5,5,2027
67018971,67_67399_5136980,9226-16,2S,10,A,5,5,2027
67018971,67_67399_5136980,1254-13,2S,10,A,5,5,2027
67018971,67_67399_5136980,6683-21,2S,10,A,5,5,2027
67018971,67_67399_5136980,7651-52,2S,10,B,10,10,2027
67018971,67_67399_5136980,C925402-06,2S,10,B,5,5,2027
67018972,67_67399_5136980,C910201-03,2S,10,B,5,5,2027
67018972,67_67399_5136980,6682-14,2S,10,A,5,5,2027
67018972,67_67399_5136980,2890651,2S,10,A,5,5,2027
67018972,67_67399_5136980,2493-50,2S,10,B,10,10,2027
67018972,67_67399_5136980,1494209,2S,10,B,5,5,2027
67018972,67_67399_5136980,1385611,2S,10,B,5,5,2027
67018972,67_67399_5136980,C910415-52,2S,10,C,5,5,2027
67018972,67_67399_5136980,C902001-02,2S,10,A,10,10,2027
67018973,67_67399_5136980,C910202-13,2S,10,B,5,5,2027
67018973,67_67399_5136980,1593586,2S,10,B,5,5,2027
67018973,67_67399_5136980,2097621,2S,10,B,10,10,2027
67018973,67_67399_5136980,9815-33,2S,10,A,5,5,2027
67018973,67_67399_5136980,1710-13,2S,10,A,5,5,2027
67018973,67_67399_5136980,C922703-02,2S,10,B,10,10,2027
67018973,67_67399_5136980,C910418-08,2S,10,B,5,5,2027
67018973,67_67399_5136980,0218-01,2S,10,B,10,10,2027
67018974,67_67399_5136980,298495,2S,10,B,10,10,2027
67018974,67_67399_5136980,2890682,2S,10,B,5,5,2027
67018974,67_67399_5136980,2676103,2S,10,A,5,5,2027
67018974,67_67399_5136980,C910400605,2S,10,B,5,5,2027
67018974,67_67399_5136980,2098352,2S,10,A,10,10,2027
67018974,67_67399_5136980,1592915,2S,10,A,5,5,2027
67018974,67_67399_5136980,1286-05,2S,10,B,5,5,2027
67018974,67_67399_5136980,9104016-53,2S,10,B,5,5,2027
67018975,67_67399_5136980,2482587,2S,10,A,5,5,2027
67018975,67_67399_5136980,1710-16,2S,10,A,5,5,2027
67018975,67_67399_5136980,C9104007-12,2S,10,B,5,5,2027
67018975,67_67399_5136980,C922001-50,2S,10,C,5,5,2027
67018975,67_67399_5136980,C9104008-50,2S,10,A,5,5,2027
67018975,67_67399_5136980,C910201-01,2S,10,B,5,5,2027
67018975,67_67399_5136980,7651-55,2S,10,C,10,10,2027
67018975,67_67399_5136980,596777,2S,10,A,5,5,2027
67018976,67_67399_5136980,1256-01,2S,10,A,5,5,2027
67018976,67_67399_5136980,C910802-03,2S,10,A,5,5,2027
67018976,67_67399_5136980,C9104009-03,2S,10,C,5,5,2027
67018976,67_67399_5136980,1790-02,2S,10,B,5,5,2027
67018976,67_67399_5136980,C922712-02,2S,10,B,10,10,2027
67018976,67_67399_5136980,1446848,2S,10,A,10,10,2027
67018977,67_67399_5136980,1790-42,2S,10,B,5,5,2027
67018977,67_67399_5136980,1431660,2S,10,C,10,10,2027
67018977,67_67399_5136980,C922001-52,2S,10,C,5,5,2027
67018977,67_67399_5136980,9815-32,2S,10,B,5,5,2027
67018977,67_67399_5136980,7708-60,2S,10,B,5,5,2027
67018977,67_67399_5136980,1256-13,2S,10,B,5,5,2027
67018977,67_67399_5136980,5693-33,2S,10,A,5,5,2027
67018977,67_67399_5136980,C910400803,2S,10,C,5,5,2027
67018978,67_67399_5136980,980769,2S,10,B,5,5,2027
67018978,67_67399_5136980,C910417-01,2S,10,A,5,5,2027
67018978,67_67399_5136980,1593310,2S,10,B,5,5,2027
67018978,67_67399_5136980,9814-13,2S,10,A,5,5,2027
67018978,67_67399_5136980,7651-77,2S,10,A,10,10,2027
67018978,67_67399_5136980,2224,2S,10,A,5,5,2027
67018978,67_67399_5136980,1883-01,2S,10,B,5,5,2027
67018978,67_67399_5136980,C922703-02,2S,10,C,10,10,2027
67018979,67_67399_5136980,7708-57,2S,10,B,5,5,2027
67018979,67_67399_5136980,2890682,2S,10,A,5,5,2027
67018979,67_67399_5136980,7651-57,2S,10,A,10,10,2027
67018979,67_67399_5136980,C917304-14,2S,10,B,5,5,2027
67018979,67_67399_5136980,1421892,2S,10,B,5,5,2027
67018979,67_67399_5136980,C906202-03,2S,10,A,5,5,2027
67018979,67_67399_5136980,2294242,2S,10,A,5,5,2027
67018979,67_67399_5136980,1254-09,2S,10,A,5,5,2027
67018980,67_67399_5136980,05693-2310,2S,10,C,5,5,2027
67018980,67_67399_5136980,2294030,2S,10,B,5,5,2027
67018980,67_67399_5136980,C906202-02,2S,10,B,5,5,2027
67018980,67_67399_5136980,1790-51,2S,10,C,5,5,2027
67018980,67_67399_5136980,1280-53,2S,10,B,5,5,2027
67018980,67_67399_5136980,C910502-03,2S,10,B,5,5,2027
67018980,67_67399_5136980,2890835,2S,10,B,5,5,2027
67018980,67_67399_5136980,7651-55,2S,10,B,10,10,2027
67018981,67_67399_5136980,C910203-04,2S,10,B,5,5,2027
67018981,67_67399_5136980,005693-436,2S,10,A,5,5,2027
67018981,67_67399_5136980,298405,2S,10,B,10,10,2027
67018981,67_67399_5136980,0215-04,2S,10,A,10,10,2027
67018981,67_67399_5136980,1790-05,2S,10,A,5,5,2027
67018981,67_67399_5136980,7651-57,2S,10,A,10,10,2027
67018981,67_67399_5136980,57558,2S,10,B,5,5,2027
67018981,67_67399_5136980,1593249,2S,10,B,5,5,2027
67018982,67_67399_5136980,1385488,2S,10,B,5,5,2027
67018982,67_67399_5136980,5693-51,2S,10,B,5,5,2027
67018982,67_67399_5136980,5980-50,2S,10,B,10,10,2027
67018982,67_67399_5136980,1494605,2S,10,A,5,5,2027
67018982,67_67399_5136980,217353,2S,10,C,10,10,2027
67018982,67_67399_5136980,9815-20,2S,10,B,5,5,2027
67018982,67_67399_5136980,2101667,2S,10,A,5,5,2027
67018982,67_67399_5136980,1284-04,2S,10,B,5,5,2027
67018983,67_67399_5136980,C910418-03,2S,10,A,5,5,2027
67018983,67_67399_5136980,C9104009-04,2S,10,B,5,5,2027
67018983,67_67399_5136980,2675859,2S,10,A,5,5,2027
67018983,67_67399_5136980,7708-57,2S,10,B,5,5,2027
67018983,67_67399_5136980,1883-06,2S,10,B,5,5,2027
67018983,67_67399_5136980,4579-50,2S,10,A,5,5,2027
67018983,67_67399_5136980,C925402-03,2S,10,C,5,5,2027
67018983,67_67399_5136980,1431599,2S,10,C,10,10,2027
67018984,67_67399_5136980,7651-78,2S,10,C,10,10,2027
67018984,67_67399_5136980,2890682,2S,10,B,5,5,2027
67018984,67_67399_5136980,5992-13,2S,10,C,5,5,2027
67018984,67_67399_5136980,7702-54,2S,10,B,5,5,2027
67018984,67_67399_5136980,C910416-54,2S,10,C,5,5,2027
67018984,67_67399_5136980,1446848,2S,10,A,10,10,2027
67018984,67_67399_5136980,1592915,2S,10,A,5,5,2027
67018984,67_67399_5136980,5693-53,2S,10,A,5,5,2027
67018985,67_67399_5136980,1747016,2S,10,B,5,5,2027
67018985,67_67399_5136980,C910202-02,2S,10,A,5,5,2027
67018985,67_67399_5136980,57346,2S,10,C,5,5,2027
67018985,67_67399_5136980,1409473,2S,10,A,10,10,2027
67018985,67_67399_5136980,1710-19,2S,10,A,5,5,2027
67018985,67_67399_5136980,5693-13,2S,10,B,5,5,2027
67018985,67_67399_5136980,C9104007-12,2S,10,A,5,5,2027
67018985,67_67399_5136980,C922806-01,2S,10,B,5,5,2027
67018986,67_67399_5136980,C922711-01,2S,10,B,10,10,2027
67018986,67_67399_5136980,1385368,2S,10,B,5,5,2027
67018986,67_67399_5136980,C922806-01,2S,10,A,5,5,2027
67018986,67_67399_5136980,1790-13,2S,10,B,5,5,2027
67018986,67_67399_5136980,7651-66,2S,10,B,10,10,2027
67018986,67_67399_5136980,97887,2S,10,B,5,5,2027
67018987,67_67399_5136980,1226-51,2S,10,A,5,5,2027
67018987,67_67399_5136980,C906201-02,2S,10,A,5,5,2027
67018987,67_67399_5136980,2099416,2S,10,A,5,5,2027
67018987,67_67399_5136980,7708-59,2S,10,B,5,5,2027
67018987,67_67399_5136980,2890590,2S,10,A,5,5,2027
67018987,67_67399_5136980,1431387,2S,10,B,10,10,2027
67018987,67_67399_5136980,2676073,2S,10,A,5,5,2027
67018987,67_67399_5136980,9104015-31,2S,10,A,5,5,2027
67018988,67_67399_5136980,C910418-08,2S,10,C,5,5,2027
67018988,67_67399_5136980,C910204-18,2S,10,C,5,5,2027
67018988,67_67399_5136980,C922703-02,2S,10,B,10,10,2027
67018988,67_67399_5136980,C910202-21,2S,10,A,5,5,2027
67018988,67_67399_5136980,1790-18,2S,10,C,5,5,2027
67018988,67_67399_5136980,1392672,2S,10,B,5,5,2027
67018988,67_67399_5136980,7641-53,2S,10,B,10,10,2027
67018988,67_67399_5136980,1996814,2S,10,B,10,10,2027
67018989,67_67399_5136980,9226-15,2S,10,C,5,5,2027
67018989,67_67399_5136980,5793-21,2S,10,A,5,5,2027
67018989,67_67399_5136980,2097649,2S,10,C,10,10,2027
67018989,67_67399_5136980,C925401-05,2S,10,B,5,5,2027
67018989,67_67399_5136980,6687-15,2S,10,A,5,5,2027
67018989,67_67399_5136980,1850-02,2S,10,B,5,5,2027
67018989,67_67399_5136980,2294242,2S,10,B,5,5,2027
67018989,67_67399_5136980,1747230,2S,10,A,5,5,2027
67018990,67_67399_5136980,7708-50,2S,10,B,5,5,2027
67018990,67_67399_5136980,980313,2S,10,B,5,5,2027
67018990,67_67399_5136980,C924502-03,2S,10,B,5,5,2027
67018990,67_67399_5136980,C910416-57,2S,10,C,5,5,2027
67018990,67_67399_5136980,05693-2311,2S,10,F,5,0,2027
67018990,67_67399_5136980,C910415-50,2S,10,D,5,5,2027
67018990,67_67399_5136980,2675800,2S,10,B,5,5,2027
67018990,67_67399_5136980,1409716,2S,10,A,10,10,2027
67018991,67_67399_5136980,1288-05,2S,10,A,5,5,2027
67018991,67_67399_5136980,C910502-01,2S,10,A,5,5,2027
67018991,67_67399_5136980,5910-022,2S,10,A,10,10,2027
67018991,67_67399_5136980,7651-71,2S,10,A,10,10,2027
67018991,67_67399_5136980,298495,2S,10,C,10,10,2027
67018991,67_67399_5136980,0215-05,2S,10,B,10,10,2027
67018992,67_67399_5136980,5819-21,2S,10,C,10,10,2027
67018992,67_67399_5136980,9815-32,2S,10,B,5,5,2027
67018992,67_67399_5136980,1735634,2S,10,B,5,5,2027
67018992,67_67399_5136980,C923201-01,2S,10,A,5,5,2027
67018992,67_67399_5136980,C922002-51,2S,10,C,5,5,2027
67018992,67_67399_5136980,C910601-50,2S,10,C,5,5,2027
67018992,67_67399_5136980,C910416-57,2S,10,A,5,5,2027
67018992,67_67399_5136980,1256-06,2S,10,C,5,5,2027
67018993,67_67399_5136980,5693-43,2S,10,C,5,5,2027
67018993,67_67399_5136980,0218-04,2S,10,A,10,10,2027
67018993,67_67399_5136980,9104016-33,2S,10,A,5,5,2027
67018993,67_67399_5136980,5992-32,2S,10,A,5,5,2027
67018993,67_67399_5136980,C931601-01,2S,10,B,10,10,2027
67018993,67_67399_5136980,57589,2S,10,B,5,5,2027
67018993,67_67399_5136980,1254-14,2S,10,B,5,5,2027
67018993,67_67399_5136980,4579-52,2S,10,B,5,5,2027
67018994,67_67399_5136980,5990-51,2S,10,A,10,10,2027
67018994,67_67399_5136980,5693-53,2S,10,A,5,5,2027
67018994,67_67399_5136980,C922204-50,2S,10,B,5,5,2027
67018994,67_67399_5136980,C910429-03,2S,10,C,5,5,2027
67018994,67_67399_5136980,8697-52,2S,10,B,5,5,2027
67018994,67_67399_5136980,6683-17,2S,10,A,5,5,2027
67018994,67_67399_5136980,111521,2S,10,B,5,5,2027
67018994,67_67399_5136980,1726-01,2S,10,A,5,5,2027
67018995,67_67399_5136980,1464655,2S,10,C,10,10,2027
67018995,67_67399_5136980,C910502-02,2S,10,B,5,5,2027
67018995,67_67399_5136980,C910416-53,2S,10,A,5,5,2027
67018995,67_67399_5136980,1494513,2S,10,B,5,5,2027
67018995,67_67399_5136980,C931602-04,2S,10,A,10,10,2027
67018995,67_67399_5136980,57589,2S,10,A,5,5,2027
67018995,67_67399_5136980,1256-21,2S,10,B,5,5,2027
67018995,67_67399_5136980,1256-13,2S,10,B,5,5,2027
67018996,67_67399_5136980,2482646,2S,10,B,5,5,2027
67018996,67_67399_5136980,5980-51,2S,10,A,10,10,2027
67018996,67_67399_5136980,1254-13,2S,10,C,5,5,2027
67018996,67_67399_5136980,111432,2S,10,A,5,5,2027
67018996,67_67399_5136980,05693-3310,2S,10,B,5,5,2027
67018996,67_67399_5136980,5819-28,2S,10,C,10,10,2027
67018996,67_67399_5136980,C922711-01,2S,10,B,10,10,2027
67018996,67_67399_5136980,1710-20,2S,10,B,5,5,2027
67018997,67_67399_5136980,117610,2S,10,A,5,5,2027
67018997,67_67399_5136980,1431691,2S,10,C,10,10,2027
67018997,67_67399_5136980,4578-51,2S,10,B,5,5,2027
67018997,67_67399_5136980,1256-02,2S,10,B,5,5,2027
67018997,67_67399_5136980,1790-02,2S,10,B,5,5,2027
67018997,67_67399_5136980,C910418-08,2S,10,C,5,5,2027
67018997,67_67399_5136980,05693-2311,2S,10,B,5,5,2027
67018997,67_67399_5136980,1385611,2S,10,A,5,5,2027
67018998,67_67399_5136980,1458536,2S,10,B,5,5,2027
67018998,67_67399_5136980,5819-22,2S,10,B,10,10,2027
67018998,67_67399_5136980,111035,2S,10,B,5,5,2027
67018998,67_67399_5136980,C917402-01,2S,10,A,5,5,2027
67018998,67_67399_5136980,1883-07,2S,10,A,5,5,2027
67018998,67_67399_5136980,C922805-01,2S,10,C,5,5,2027
67018998,67_67399_5136980,1256-11,2S,10,B,5,5,2027
67018998,67_67399_5136980,1748449,2S,10,A,5,5,2027
67018999,67_67399_5136980,1458475,2S,10,B,5,5,2027
67018999,67_67399_5136980,1385549,2S,10,A,5,5,2027
67018999,67_67399_5136980,9104016-23,2S,10,B,5,5,2027
67018999,67_67399_5136980,1494695,2S,10,B,5,5,2027
67018999,67_67399_5136980,7651-74,2S,10,B,10,10,2027
67018999,67_67399_5136980,9814-16,2S,10,A,5,5,2027
67018999,67_67399_5136980,1286-06,2S,10,A,5,5,2027
67018999,67_67399_5136980,1256-12,2S,10,A,5,5,2027
67019000,67_67399_5136980,2676073,2S,10,B,5,5,2027
67019000,67_67399_5136980,1592825,2S,10,C,5,5,2027
67019000,67_67399_5136980,1448978,2S,10,D,10,10,2027
67019000,67_67399_5136980,7641-54,2S,10,C,10,10,2027
67019001,67_67399_5136980,5819-29,2S,10,B,10,10,2027
67019001,67_67399_5136980,C910201-03,2S,10,B,5,5,2027
67019001,67_67399_5136980,7708-50,2S,10,B,5,5,2027
67019001,67_67399_5136980,9814-17,2S,10,A,5,5,2027
67019001,67_67399_5136980,1710-02,2S,10,A,5,5,2027
67019001,67_67399_5136980,C9104008-03,2S,10,A,5,5,2027
67019001,67_67399_5136980,C922712-02,2S,10,B,10,10,2027
67019001,67_67399_5136980,05693-3310,2S,10,B,5,5,2027
67019002,67_67399_5136980,C9104009-05,2S,10,B,5,5,2027
67019002,67_67399_5136980,C922203-50,2S,10,A,5,5,2027
67019002,67_67399_5136980,1392731,2S,10,C,5,5,2027
67019002,67_67399_5136980,1280-53,2S,10,C,5,5,2027
67019002,67_67399_5136980,1748599,2S,10,A,5,5,2027
67019002,67_67399_5136980,C917304-05,2S,10,B,5,5,2027
67019002,67_67399_5136980,5819-14,2S,10,C,10,10,2027
67019002,67_67399_5136980,C925402-05,2S,10,B,5,5,2027
67019003,67_67399_5136980,1254-14,2S,10,B,5,5,2027
67019003,67_67399_5136980,C910501-50,2S,10,C,5,5,2027
67019003,67_67399_5136980,2890955,2S,10,C,5,5,2027
67019003,67_67399_5136980,2098411,2S,10,A,10,10,2027
67019003,67_67399_5136980,5992-17,2S,10,A,5,5,2027
67019003,67_67399_5136980,C910400803,2S,10,B,5,5,2027
67019003,67_67399_5136980,0218-01,2S,10,A,10,10,2027
67019003,67_67399_5136980,1385519,2S,10,B,5,5,2027
67019004,67_67399_5136980,2101639,2S,10,B,5,5,2027
67019004,67_67399_5136980,5980-55,2S,10,A,10,10,2027
67019004,67_67399_5136980,C910417-07,2S,10,B,5,5,2027
67019004,67_67399_5136980,0215-08,2S,10,A,10,10,2027
67019004,67_67399_5136980,7651-57,2S,10,A,10,10,2027
67019004,67_67399_5136980,2057-15,2S,10,A,5,5,2027
67019004,67_67399_5136980,7708-63,2S,10,B,5,5,2027
67019004,67_67399_5136980,1198057,2S,10,A,5,5,2027
67019005,67_67399_5136980,C9104008-03,2S,10,A,5,5,2027
67019005,67_67399_5136980,C910202-21,2S,10,C,5,5,2027
67019005,67_67399_5136980,7708-61,2S,10,B,5,5,2027
67019005,67_67399_5136980,9815-19,2S,10,B,5,5,2027
67019005,67_67399_5136980,2099051,2S,10,A,10,10,2027
67019005,67_67399_5136980,C917202-50,2S,10,A,5,5,2027
67019005,67_67399_5136980,C910416-54,2S,10,B,5,5,2027
67019005,67_67399_5136980,005693-137,2S,10,B,5,5,2027
67019006,67_67399_5136980,90948,2S,10,A,5,5,2027
67019006,67_67399_5136980,7702-53,2S,10,C,5,5,2027
67019006,67_67399_5136980,9815-18,2S,10,B,5,5,2027
67019006,67_67399_5136980,7641-59,2S,10,A,10,10,2027
67019006,67_67399_5136980,C917305-23,2S,10,A,5,5,2027
67019006,67_67399_5136980,005693-136,2S,10,A,5,5,2027
67019006,67_67399_5136980,C910416-59,2S,10,A,5,5,2027
67019008,67_67399_5136980,C910203-18,2S,10,B,5,5,2027
67019008,67_67399_5136980,1494452,2S,10,B,5,5,2027
67019008,67_67399_5136980,C925401-07,2S,10,A,5,5,2027
67019008,67_67399_5136980,1446728,2S,10,B,10,10,2027
67019008,67_67399_5136980,C922003-02,2S,10,B,5,5,2027
67019008,67_67399_5136980,7651-69,2S,10,A,10,10,2027
67019008,67_67399_5136980,005693-536,2S,10,B,5,5,2027
67019008,67_67399_5136980,C910201-17,2S,10,B,5,5,2027
67019009,67_67399_5136980,C922712-01,2S,10,B,10,10,2027
67019009,67_67399_5136980,1226-51,2S,10,B,5,5,2027
67019009,67_67399_5136980,2151980,2S,10,B,5,5,2027
67019009,67_67399_5136980,1256-03,2S,10,C,5,5,2027
67019009,67_67399_5136980,298495,2S,10,A,10,10,2027
67019009,67_67399_5136980,2137826,2S,10,A,5,5,2027
67019009,67_67399_5136980,216651,2S,10,A,10,10,2027
67019009,67_67399_5136980,9814-16,2S,10,B,5,5,2027
67019010,67_67399_5136980,C9104006-01,2S,10,B,5,5,2027
67019010,67_67399_5136980,8697-20,2S,10,C,5,5,2027
67019010,67_67399_5136980,C910203-04,2S,10,B,5,5,2027
67019010,67_67399_5136980,9815-37,2S,10,A,5,5,2027
67019010,67_67399_5136980,2493-51,2S,10,A,10,10,2027
67019010,67_67399_5136980,1790-15,2S,10,A,5,5,2027
67019010,67_67399_5136980,1458597,2S,10,C,5,5,2027
67019010,67_67399_5136980,C910400850,2S,10,B,5,5,2027
67019011,67_67399_5136980,5992-14,2S,10,B,5,5,2027
67019011,67_67399_5136980,4579-52,2S,10,B,5,5,2027
67019011,67_67399_5136980,8697-14,2S,10,B,5,5,2027
67019011,67_67399_5136980,1882-02,2S,10,B,5,5,2027
67019011,67_67399_5136980,C9104006-07,2S,10,A,5,5,2027
67019011,67_67399_5136980,7651-72,2S,10,B,10,10,2027
67019011,67_67399_5136980,C906201-04,2S,10,C,5,5,2027
67019011,67_67399_5136980,C922002-50,2S,10,A,5,5,2027
67019012,67_67399_5136980,6687-51,2S,10,D,5,5,2027
67019012,67_67399_5136980,005693-134,2S,10,B,5,5,2027
67019012,67_67399_5136980,27791,2S,10,C,5,5,2027
67019012,67_67399_5136980,2293999,2S,10,B,5,5,2027
67019012,67_67399_5136980,005693-537,2S,10,B,5,5,2027
67019013,67_67399_5136980,2593224,2S,10,A,5,5,2027
67019013,67_67399_5136980,7641-56,2S,10,C,10,10,2027
67019013,67_67399_5136980,1593555,2S,10,B,5,5,2027
67019013,67_67399_5136980,C910418-05,2S,10,B,5,5,2027
67019013,67_67399_5136980,1748477,2S,10,C,5,5,2027
67019013,67_67399_5136980,0215-01,2S,10,C,10,10,2027
67019013,67_67399_5136980,9814-14,2S,10,B,5,5,2027
67019013,67_67399_5136980,1790-07,2S,10,A,5,5,2027
67019014,67_67399_5136980,1276-54,2S,10,A,5,5,2027
67019014,67_67399_5136980,C910202-14,2S,10,B,5,5,2027
67019014,67_67399_5136980,9815-37,2S,10,A,5,5,2027
67019014,67_67399_5136980,1790-20,2S,10,B,5,5,2027
67019014,67_67399_5136980,0218-02,2S,10,C,10,10,2027
67019014,67_67399_5136980,1458475,2S,10,A,5,5,2027
67019014,67_67399_5136980,5793-22,2S,10,B,5,5,2027
67019014,67_67399_5136980,7651-53,2S,10,C,10,10,2027
67019015,67_67399_5136980,0005910-33,2S,10,B,10,10,2027
67019015,67_67399_5136980,C922001-51,2S,10,A,5,5,2027
67019015,67_67399_5136980,C9104006-04,2S,10,C,5,5,2027
67019015,67_67399_5136980,2252,2S,10,B,5,5,2027
67019015,67_67399_5136980,7651-56,2S,10,B,10,10,2027
67019015,67_67399_5136980,97216,2S,10,A,5,5,2027
67019015,67_67399_5136980,C910204-07,2S,10,B,5,5,2027
67019015,67_67399_5136980,1256-22,2S,10,A,5,5,2027
67019016,67_67399_5136980,9814-13,2S,10,A,5,5,2027
67019016,67_67399_5136980,5819-18,2S,10,A,10,10,2027
67019016,67_67399_5136980,C9104007-07,2S,10,B,5,5,2027
67019016,67_67399_5136980,1256-12,2S,10,B,5,5,2027
67019016,67_67399_5136980,1464683,2S,10,B,10,10,2027
67019016,67_67399_5136980,1256-21,2S,10,B,5,5,2027
67019016,67_67399_5136980,005693-136,2S,10,B,5,5,2027
67019016,67_67399_5136980,1710-11,2S,10,B,5,5,2027
67019017,67_67399_5136980,C910602-50,2S,10,A,5,5,2027
67019017,67_67399_5136980,7702-51,2S,10,B,5,5,2027
67019017,67_67399_5136980,57405,2S,10,B,5,5,2027
67019017,67_67399_5136980,7651-54,2S,10,C,10,10,2027
67019017,67_67399_5136980,5991-20,2S,10,B,5,5,2027
67019017,67_67399_5136980,1458447,2S,10,B,5,5,2027
67019017,67_67399_5136980,298525,2S,10,A,10,10,2027
67019017,67_67399_5136980,C922204-50,2S,10,B,5,5,2027
67019018,67_67399_5136980,2890896,2S,10,B,5,5,2027
67019018,67_67399_5136980,4578-54,2S,10,C,5,5,2027
67019018,67_67399_5136980,2482615,2S,10,C,5,5,2027
67019018,67_67399_5136980,5819-27,2S,10,C,10,10,2027
67019018,67_67399_5136980,0218-04,2S,10,A,10,10,2027
67019018,67_67399_5136980,5980-51,2S,10,B,10,10,2027
67019018,67_67399_5136980,C9104008-03,2S,10,B,5,5,2027
67019018,67_67399_5136980,1735665,2S,10,A,5,5,2027
67019019,67_67399_5136980,8697-52,2S,10,B,5,5,2027
67019019,67_67399_5136980,1746623,2S,10,A,5,5,2027
67019019,67_67399_5136980,3533-13,2S,10,F,5,0,2027
67019019,67_67399_5136980,7651-60,2S,10,B,10,10,2027
67019019,67_67399_5136980,1790-15,2S,10,C,5,5,2027
67019019,67_67399_5136980,1458475,2S,10,B,5,5,2027
67019019,67_67399_5136980,005693-234,2S,10,A,5,5,2027
67019019,67_67399_5136980,C922703-01,2S,10,B,10,10,2027
67019020,67_67399_5136980,7651-59,2S,10,A,10,10,2027
67019020,67_67399_5136980,C925401-04,2S,10,B,5,5,2027
67019020,67_67399_5136980,7702-61,2S,10,B,5,5,2027
67019020,67_67399_5136980,C910502-04,2S,10,A,5,5,2027
67019020,67_67399_5136980,1494909,2S,10,B,5,5,2027
67019020,67_67399_5136980,C9104007-06,2S,10,A,5,5,2027
67019020,67_67399_5136980,C910416-51,2S,10,A,5,5,2027
67019020,67_67399_5136980,5693-32,2S,10,C,5,5,2027
67019021,67_67399_5136980,7702-51,2S,10,A,5,5,2027
67019021,67_67399_5136980,1280-54,2S,10,B,5,5,2027
67019021,67_67399_5136980,57436,2S,10,A,5,5,2027
67019021,67_67399_5136980,7641-59,2S,10,A,10,10,2027
67019021,67_67399_5136980,2151980,2S,10,B,5,5,2027
67019021,67_67399_5136980,C923203-01,2S,10,A,5,5,2027
67019021,67_67399_5136980,2593255,2S,10,A,5,5,2027
67019021,67_67399_5136980,C910417-06,2S,10,B,5,5,2027
67019022,67_67399_5136980,C906202-03,2S,10,C,5,5,2027
67019022,67_67399_5136980,1392672,2S,10,D,5,5,2027
67019022,67_67399_5136980,C910400605,2S,10,D,5,5,2027
67019022,67_67399_5136980,2151705,2S,10,B,5,5,2027
67019022,67_67399_5136980,2098411,2S,10,C,10,10,2027
67019022,67_67399_5136980,8697-17,2S,10,B,5,5,2027
67019022,67_67399_5136980,C910204-01,2S,10,C,5,5,2027
67019022,67_67399_5136980,3533-19,2S,10,A,5,5,2027
67019023,67_67399_5136980,C910430-01,2S,10,A,5,5,2027
67019023,67_67399_5136980,1593951,2S,10,A,5,5,2027
67019023,67_67399_5136980,1593951,2S,10,A,5,5,2027
67019023,67_67399_5136980,57497,2S,10,A,5,5,2027
67019023,67_67399_5136980,216682,2S,10,A,10,10,2027
67019023,67_67399_5136980,5991-14,2S,10,B,5,5,2027
67019023,67_67399_5136980,0215-02,2S,10,C,10,10,2027
67019023,67_67399_5136980,C910415-54,2S,10,A,5,5,2027
67019024,67_67399_5136980,7651-78,2S,10,B,10,10,2027
67019024,67_67399_5136980,C917305-24,2S,10,B,5,5,2027
67019024,67_67399_5136980,1254-21,2S,10,C,5,5,2027
67019024,67_67399_5136980,1850-06,2S,10,C,5,5,2027
67019024,67_67399_5136980,2482890,2S,10,B,5,5,2027
67019025,67_67399_5136980,1256-09,2S,10,A,5,5,2027
67019025,67_67399_5136980,1735665,2S,10,B,5,5,2027
67019025,67_67399_5136980,C906201-03,2S,10,B,5,5,2027
67019025,67_67399_5136980,216682,2S,10,B,10,10,2027
67019025,67_67399_5136980,C910417-05,2S,10,B,5,5,2027
67019025,67_67399_5136980,9814-25,2S,10,A,5,5,2027
67019025,67_67399_5136980,005693-136,2S,10,B,5,5,2027
67019025,67_67399_5136980,7702-57,2S,10,A,5,5,2027
67019026,67_67399_5136980,C9104009-50,2S,10,B,5,5,2027
67019026,67_67399_5136980,C922704-01,2S,10,C,10,10,2027
67019026,67_67399_5136980,2675859,2S,10,C,5,5,2027
67019026,67_67399_5136980,2098411,2S,10,C,10,10,2027
67019026,67_67399_5136980,C925402-01,2S,10,B,5,5,2027
67019026,67_67399_5136980,1286-06,2S,10,A,5,5,2027
67019026,67_67399_5136980,7702-51,2S,10,A,5,5,2027
67019026,67_67399_5136980,1883-10,2S,10,C,5,5,2027
67019027,67_67399_5136980,1746712,2S,10,B,5,5,2027
67019027,67_67399_5136980,7708-60,2S,10,A,5,5,2027
67019027,67_67399_5136980,2891077,2S,10,A,5,5,2027
67019027,67_67399_5136980,1409654,2S,10,C,10,10,2027
67019027,67_67399_5136980,7791-23,2S,10,A,5,5,2027
67019027,67_67399_5136980,C923204-03,2S,10,B,5,5,2027
67019027,67_67399_5136980,C910430-02,2S,10,B,5,5,2027
67019027,67_67399_5136980,298464,2S,10,A,10,10,2027
67019028,67_67399_5136980,1710-21,2S,10,A,5,5,2027
67019028,67_67399_5136980,7651-65,2S,10,A,10,10,2027
67019028,67_67399_5136980,C910429-50,2S,10,A,5,5,2027
67019028,67_67399_5136980,C910415-54,2S,10,A,5,5,2027
67019028,67_67399_5136980,9104015-51,2S,10,A,5,5,2027
67019028,67_67399_5136980,7702-63,2S,10,A,5,5,2027
67019028,67_67399_5136980,C925401-08,2S,10,B,5,5,2027
67019028,67_67399_5136980,C910201-07,2S,10,A,5,5,2027
67019029,67_67399_5136980,5991-21,2S,10,A,5,5,2027
67019029,67_67399_5136980,0218-11,2S,10,B,10,10,2027
67019029,67_67399_5136980,2097710,2S,10,A,10,10,2027
67019029,67_67399_5136980,9104016-12,2S,10,A,5,5,2027
67019029,67_67399_5136980,9814-17,2S,10,A,5,5,2027
67019029,67_67399_5136980,2293756,2S,10,B,5,5,2027
67019029,67_67399_5136980,1593586,2S,10,B,5,5,2027
67019029,67_67399_5136980,1280-55,2S,10,C,5,5,2027
67019030,67_67399_5136980,7791-17,2S,10,C,5,5,2027
67019030,67_67399_5136980,1850-09,2S,10,B,5,5,2027
67019030,67_67399_5136980,5980-56,2S,10,C,10,10,2027
67019030,67_67399_5136980,5990-53,2S,10,A,10,10,2027
67019030,67_67399_5136980,1276-55,2S,10,A,5,5,2027
67019030,67_67399_5136980,596747,2S,10,C,5,5,2027
67019030,67_67399_5136980,C910202-14,2S,10,A,5,5,2027
67019030,67_67399_5136980,9104015-11,2S,10,B,5,5,2027
67019031,67_67399_5136980,5980-51,2S,10,D,10,10,2027
67019031,67_67399_5136980,117610,2S,10,A,5,5,2027
67019031,67_67399_5136980,1494543,2S,10,C,5,5,2027
67019031,67_67399_5136980,0215-02,2S,10,C,10,10,2027
67019031,67_67399_5136980,217381,2S,10,B,10,10,2027
67019031,67_67399_5136980,C910204-18,2S,10,B,5,5,2027
67019031,67_67399_5136980,1464624,2S,10,C,10,10,2027
67019031,67_67399_5136980,6683-16,2S,10,A,5,5,2027
67019032,67_67399_5136980,1850-03,2S,10,A,5,5,2027
67019032,67_67399_5136980,05693-2311,2S,10,B,5,5,2027
67019032,67_67399_5136980,C917305-09,2S,10,C,5,5,2027
67019032,67_67399_5136980,1284-01,2S,10,A,5,5,2027
67019032,67_67399_5136980,7651-63,2S,10,C,10,10,2027
67019032,67_67399_5136980,C910201-01,2S,10,B,5,5,2027
67019032,67_67399_5136980,2293725,2S,10,A,5,5,2027
67019033,67_67399_5136980,2482860,2S,10,C,5,5,2027
67019033,67_67399_5136980,1747291,2S,10,B,5,5,2027
67019033,67_67399_5136980,97947,2S,10,B,5,5,2027
67019033,67_67399_5136980,C931602-03,2S,10,A,10,10,2027
67019033,67_67399_5136980,2293756,2S,10,A,5,5,2027
67019033,67_67399_5136980,C922711-02,2S,10,A,10,10,2027
67019033,67_67399_5136980,2151736,2S,10,B,5,5,2027
67019033,67_67399_5136980,C9104006-01,2S,10,B,5,5,2027
67019034,67_67399_5136980,5819-33,2S,10,A,10,10,2027
67019034,67_67399_5136980,2890896,2S,10,B,5,5,2027
67019034,67_67399_5136980,005693-135,2S,10,B,5,5,2027
67019034,67_67399_5136980,C910429-02,2S,10,B,5,5,2027
67019034,67_67399_5136980,2294122,2S,10,C,5,5,2027
67019034,67_67399_5136980,980373,2S,10,B,5,5,2027
67019034,67_67399_5136980,1276-53,2S,10,C,5,5,2027
67019034,67_67399_5136980,C917304-11,2S,10,B,5,5,2027
67019035,67_67399_5136980,1254-06,2S,10,B,5,5,2027
67019035,67_67399_5136980,1256-14,2S,10,A,5,5,2027
67019035,67_67399_5136980,5991-16,2S,10,B,5,5,2027
67019035,67_67399_5136980,C9104006-03,2S,10,A,5,5,2027
67019035,67_67399_5136980,216623,2S,10,A,10,10,2027
67019035,67_67399_5136980,596533,2S,10,B,5,5,2027
67019035,67_67399_5136980,1883-07,2S,10,A,5,5,2027
67019035,67_67399_5136980,1464624,2S,10,A,10,10,2027
67019036,67_67399_5136980,C9104009-50,2S,10,A,5,5,2027
67019036,67_67399_5136980,5793-13,2S,10,A,5,5,2027
67019036,67_67399_5136980,C920005-02,2S,10,A,10,10,2027
67019036,67_67399_5136980,216682,2S,10,B,10,10,2027
67019036,67_67399_5136980,596655,2S,10,B,5,5,2027
67019036,67_67399_5136980,4579-51,2S,10,B,5,5,2027
67019036,67_67399_5136980,2482707,2S,10,C,5,5,2027
67019036,67_67399_5136980,1790-16,2S,10,B,5,5,2027
67019037,67_67399_5136980,1256-32,2S,10,A,5,5,2027
67019037,67_67399_5136980,1746896,2S,10,B,5,5,2027
67019037,67_67399_5136980,3533-14,2S,10,B,5,5,2027
67019037,67_67399_5136980,2098352,2S,10,A,10,10,2027
67019037,67_67399_5136980,C9104007-11,2S,10,D,5,5,2027
67019037,67_67399_5136980,C910418-05,2S,10,D,5,5,2027
67019037,67_67399_5136980,C910415-50,2S,10,D,5,5,2027
67019037,67_67399_5136980,1790-10,2S,10,C,5,5,2027
67019038,67_67399_5136980,C925402-05,2S,10,A,5,5,2027
67019038,67_67399_5136980,1284-04,2S,10,A,5,5,2027
67019038,67_67399_5136980,1286-04,2S,10,B,5,5,2027
67019038,67_67399_5136980,2151919,2S,10,A,5,5,2027
67019038,67_67399_5136980,7651-63,2S,10,A,10,10,2027
67019038,67_67399_5136980,2294242,2S,10,C,5,5,2027
67019038,67_67399_5136980,C922705-02,2S,10,A,10,10,2027
67019038,67_67399_5136980,1883-01,2S,10,A,5,5,2027
67019039,67_67399_5136980,9104016-12,2S,10,B,5,5,2027
67019039,67_67399_5136980,C922204-50,2S,10,C,5,5,2027
67019039,67_67399_5136980,C9104008-03,2S,10,C,5,5,2027
67019039,67_67399_5136980,2482829,2S,10,B,5,5,2027
67019039,67_67399_5136980,1254-18,2S,10,C,5,5,2027
67019039,67_67399_5136980,2099082,2S,10,F,10,0,2027
67019039,67_67399_5136980,9226-14,2S,10,C,5,5,2027
67019039,67_67399_5136980,C925402-07,2S,10,B,5,5,2027
67019040,67_67399_5136980,7708-50,2S,10,C,5,5,2027
67019040,67_67399_5136980,C910201-14,2S,10,B,5,5,2027
67019040,67_67399_5136980,9814-22,2S,10,A,5,5,2027
67019040,67_67399_5136980,7791-15,2S,10,B,5,5,2027
67019040,67_67399_5136980,1624-01,2S,10,A,10,10,2027
67019040,67_67399_5136980,005693-136,2S,10,C,5,5,2027
67019040,67_67399_5136980,005693-534,2S,10,B,5,5,2027
67019040,67_67399_5136980,7641-58,2S,10,A,10,10,2027
67019041,67_67399_5136980,7791-20,2S,10,A,5,5,2027
67019041,67_67399_5136980,100079,2S,10,B,5,5,2027
67019041,67_67399_5136980,5819-15,2S,10,C,10,10,2027
67019041,67_67399_5136980,C9104008-03,2S,10,A,5,5,2027
67019041,67_67399_5136980,C923201-01,2S,10,B,5,5,2027
67019041,67_67399_5136980,1256-07,2S,10,A,5,5,2027
67019041,67_67399_5136980,C910204-07,2S,10,C,5,5,2027
67019041,67_67399_5136980,0215-05,2S,10,A,10,10,2027
67019042,67_67399_5136980,1710-10,2S,10,A,5,5,2027
67019042,67_67399_5136980,1409685,2S,10,B,10,10,2027
67019042,67_67399_5136980,9815-20,2S,10,B,5,5,2027
67019042,67_67399_5136980,1256-21,2S,10,F,5,0,2027
67019042,67_67399_5136980,0218-03,2S,10,C,10,10,2027
67019042,67_67399_5136980,005693-236,2S,10,C,5,5,2027
67019043,67_67399_5136980,7791-21,2S,10,B,5,5,2027
67019043,67_67399_5136980,7651-67,2S,10,A,10,10,2027
67019043,67_67399_5136980,C924501-50,2S,10,B,5,5,2027
67019043,67_67399_5136980,7708-62,2S,10,B,5,5,2027
67019043,67_67399_5136980,2356546,2S,10,A,10,10,2027
67019043,67_67399_5136980,5793-13,2S,10,A,5,5,2027
67019043,67_67399_5136980,1883-07,2S,10,C,5,5,2027
67019043,67_67399_5136980,C922005-01,2S,10,C,5,5,2027
67019044,67_67399_5136980,1458597,2S,10,B,5,5,2027
67019044,67_67399_5136980,C930302-02,2S,10,C,10,10,2027
67019044,67_67399_5136980,5693-032,2S,10,B,5,5,2027
67019044,67_67399_5136980,2676103,2S,10,D,5,5,2027
67019044,67_67399_5136980,C931602-03,2S,10,A,10,10,2027
67019044,67_67399_5136980,596594,2S,10,A,5,5,2027
67019044,67_67399_5136980,7702-52,2S,10,C,5,5,2027
67019045,67_67399_5136980,980313,2S,10,A,5,5,2027
67019045,67_67399_5136980,5980-54,2S,10,C,10,10,2027
67019045,67_67399_5136980,C910203-13,2S,10,A,5,5,2027
67019045,67_67399_5136980,0218-02,2S,10,A,10,10,2027
67019045,67_67399_5136980,C910418-13,2S,10,A,5,5,2027
67019045,67_67399_5136980,C917304-20,2S,10,C,5,5,2027
67019045,67_67399_5136980,2890804,2S,10,C,5,5,2027
67019045,67_67399_5136980,1409777,2S,10,C,10,10,2027
67019046,67_67399_5136980,C9104007-07,2S,10,B,5,5,2027
67019046,67_67399_5136980,1883-10,2S,10,B,5,5,2027
67019046,67_67399_5136980,8180-54,2S,10,A,5,5,2027
67019046,67_67399_5136980,23802,2S,10,B,5,5,2027
67019046,67_67399_5136980,7651-65,2S,10,C,10,10,2027
67019046,67_67399_5136980,9814-24,2S,10,C,5,5,2027
67019046,67_67399_5136980,1593586,2S,10,A,5,5,2027
67019046,67_67399_5136980,C910201-03,2S,10,A,5,5,2027
67019047,67_67399_5136980,2482556,2S,10,B,5,5,2027
67019047,67_67399_5136980,2097194,2S,10,B,10,10,2027
67019047,67_67399_5136980,C917304-05,2S,10,A,5,5,2027
67019047,67_67399_5136980,1458567,2S,10,B,5,5,2027
67019047,67_67399_5136980,C922001-53,2S,10,B,5,5,2027
67019047,67_67399_5136980,C910502-03,2S,10,A,5,5,2027
67019047,67_67399_5136980,005693-534,2S,10,B,5,5,2027
67019049,67_67399_5136980,1284-06,2S,10,B,5,5,2027
67019049,67_67399_5136980,C9104007-11,2S,10,C,5,5,2027
67019049,67_67399_5136980,C910417-02,2S,10,A,5,5,2027
67019049,67_67399_5136980,5793-22,2S,10,C,5,5,2027
67019049,67_67399_5136980,C910802-02,2S,10,C,5,5,2027
67019049,67_67399_5136980,5992-22,2S,10,C,5,5,2027
67019050,67_67399_5136980,1280-56,2S,10,B,5,5,2027
67019050,67_67399_5136980,C910201-18,2S,10,B,5,5,2027
67019050,67_67399_5136980,9815-33,2S,10,B,5,5,2027
67019050,67_67399_5136980,2097710,2S,10,A,10,10,2027
67019050,67_67399_5136980,5991-17,2S,10,B,5,5,2027
67019050,67_67399_5136980,C9104008-03,2S,10,A,5,5,2027
67019050,67_67399_5136980,1883-02,2S,10,A,5,5,2027
67019050,67_67399_5136980,C906202-03,2S,10,A,5,5,2027
67019051,67_67399_5136980,005693-236,2S,10,A,5,5,2027
67019051,67_67399_5136980,C910418-14,2S,10,B,5,5,2027
67019051,67_67399_5136980,C9104007-13,2S,10,B,5,5,2027
67019051,67_67399_5136980,0008364-04,2S,10,A,10,10,2027
67019051,67_67399_5136980,1790-21,2S,10,C,5,5,2027
67019051,67_67399_5136980,7641-51,2S,10,C,10,10,2027
67019051,67_67399_5136980,C910201-06,2S,10,B,5,5,2027
67019051,67_67399_5136980,111491,2S,10,C,5,5,2027
67019052,67_67399_5136980,7651-71,2S,10,A,10,10,2027
67019052,67_67399_5136980,1276-54,2S,10,B,5,5,2027
67019052,67_67399_5136980,8697-13,2S,10,B,5,5,2027
67019052,67_67399_5136980,5693-33,2S,10,B,5,5,2027
67019052,67_67399_5136980,9815-34,2S,10,B,5,5,2027
67019052,67_67399_5136980,C922006-02,2S,10,A,5,5,2027
67019052,67_67399_5136980,05693-1311,2S,10,B,5,5,2027
67019052,67_67399_5136980,1710-08,2S,10,A,5,5,2027
67019053,67_67399_5136980,5992-14,2S,10,A,5,5,2027
67019053,67_67399_5136980,5819-26,2S,10,A,10,10,2027
67019053,67_67399_5136980,1224-51,2S,10,B,5,5,2027
67019053,67_67399_5136980,005693-536,2S,10,A,5,5,2027
67019053,67_67399_5136980,1206763,2S,10,B,10,10,2027
67019053,67_67399_5136980,3533-15,2S,10,A,5,5,2027
67019053,67_67399_5136980,7708-53,2S,10,A,5,5,2027
67019053,67_67399_5136980,980404,2S,10,B,5,5,2027
67019054,67_67399_5136980,298436,2S,10,B,10,10,2027
67019054,67_67399_5136980,C910418-07,2S,10,A,5,5,2027
67019054,67_67399_5136980,1790-17,2S,10,B,5,5,2027
67019054,67_67399_5136980,2098411,2S,10,A,10,10,2027
67019054,67_67399_5136980,596747,2S,10,A,5,5,2027
67019054,67_67399_5136980,C910201-16,2S,10,B,5,5,2027
67019054,67_67399_5136980,6687-18,2S,10,C,5,5,2027
67019054,67_67399_5136980,05693-2310,2S,10,A,5,5,2027
67019055,67_67399_5136980,1710-01,2S,10,D,5,5,2027
67019055,67_67399_5136980,1385611,2S,10,A,5,5,2027
67019055,67_67399_5136980,0215-05,2S,10,B,10,10,2027
67019055,67_67399_5136980,C910430-01,2S,10,A,5,5,2027
67019055,67_67399_5136980,1409593,2S,10,B,10,10,2027
67019055,67_67399_5136980,2890743,2S,10,A,5,5,2027
67019055,67_67399_5136980,C910204-12,2S,10,D,5,5,2027
67019055,67_67399_5136980,C910204-01,2S,10,C,5,5,2027
67019056,67_67399_5136980,5693-52,2S,10,A,5,5,2027
67019056,67_67399_5136980,1746896,2S,10,C,5,5,2027
67019056,67_67399_5136980,6683-13,2S,10,B,5,5,2027
67019056,67_67399_5136980,C906202-02,2S,10,A,5,5,2027
67019056,67_67399_5136980,9814-41,2S,10,C,5,5,2027
67019056,67_67399_5136980,5693-22,2S,10,C,5,5,2027
67019056,67_67399_5136980,9226-13,2S,10,C,5,5,2027
67019056,67_67399_5136980,7651-76,2S,10,C,10,10,2027
67019057,67_67399_5136980,4579-52,2S,10,B,5,5,2027
67019057,67_67399_5136980,C910416-52,2S,10,A,5,5,2027
67019057,67_67399_5136980,C923201-01,2S,10,C,5,5,2027
67019057,67_67399_5136980,C910204-10,2S,10,A,5,5,2027
67019057,67_67399_5136980,2891230,2S,10,B,5,5,2027
67019057,67_67399_5136980,C922007-02,2S,10,B,5,5,2027
67019057,67_67399_5136980,5819-13,2S,10,C,10,10,2027
67019057,67_67399_5136980,1494482,2S,10,B,5,5,2027
67019058,67_67399_5136980,C910203-09,2S,10,B,5,5,2027
67019058,67_67399_5136980,1286-07,2S,10,A,5,5,2027
67019058,67_67399_5136980,C925401-08,2S,10,B,5,5,2027
67019058,67_67399_5136980,1409807,2S,10,A,10,10,2027
67019058,67_67399_5136980,7791-15,2S,10,B,5,5,2027
67019058,67_67399_5136980,5693-042,2S,10,B,5,5,2027
67019058,67_67399_5136980,1385399,2S,10,B,5,5,2027
67019058,67_67399_5136980,5980-56,2S,10,C,10,10,2027
67019059,67_67399_5136980,5990-52,2S,10,B,10,10,2027
67019059,67_67399_5136980,2151889,2S,10,C,5,5,2027
67019059,67_67399_5136980,0218-02,2S,10,B,10,10,2027
67019059,67_67399_5136980,C925402-06,2S,10,B,5,5,2027
67019059,67_67399_5136980,C920003-02,2S,10,B,10,10,2027
67019059,67_67399_5136980,1883-04,2S,10,B,5,5,2027
67019059,67_67399_5136980,1256-04,2S,10,C,5,5,2027
67019059,67_67399_5136980,C910802-03,2S,10,C,5,5,2027
67019060,67_67399_5136980,0218-01,2S,10,C,10,10,2027
67019060,67_67399_5136980,9226-13,2S,10,A,5,5,2027
67019060,67_67399_5136980,7651-63,2S,10,B,10,10,2027
67019060,67_67399_5136980,2890651,2S,10,B,5,5,2027
67019060,67_67399_5136980,C910415-56,2S,10,C,5,5,2027
67019060,67_67399_5136980,8364-50,2S,10,A,10,10,2027
67019060,67_67399_5136980,C910802-02,2S,10,B,5,5,2027
67019060,67_67399_5136980,C906201-02,2S,10,B,5,5,2027
67019061,67_67399_5136980,1431660,2S,10,A,10,10,2027
67019061,67_67399_5136980,C910430-02,2S,10,B,5,5,2027
67019061,67_67399_5136980,C910203-13,2S,10,B,5,5,2027
67019061,67_67399_5136980,980738,2S,10,A,5,5,2027
67019061,67_67399_5136980,C917304-24,2S,10,B,5,5,2027
67019061,67_67399_5136980,9104016-22,2S,10,B,5,5,2027
67019061,67_67399_5136980,C910430-50,2S,10,B,5,5,2027
67019062,67_67399_5136980,1592884,2S,10,C,5,5,2027
67019062,67_67399_5136980,C910417-01,2S,10,D,5,5,2027
67019062,67_67399_5136980,3533-19,2S,10,A,5,5,2027
67019063,67_67399_5136980,C910203-03,2S,10,A,5,5,2027
67019063,67_67399_5136980,1882-02,2S,10,B,5,5,2027
67019063,67_67399_5136980,2137767,2S,10,B,5,5,2027
67019063,67_67399_5136980,5819-33,2S,10,B,10,10,2027
67019063,67_67399_5136980,C922001-53,2S,10,A,5,5,2027
67019063,67_67399_5136980,C910502-02,2S,10,C,5,5,2027
67019063,67_67399_5136980,C922003-01,2S,10,C,5,5,2027
67019063,67_67399_5136980,5991-20,2S,10,C,5,5,2027
67019064,67_67399_5136980,C9104012-01,2S,10,B,5,5,2027
67019064,67_67399_5136980,5793-22,2S,10,B,5,5,2027
67019064,67_67399_5136980,C910416-52,2S,10,B,5,5,2027
67019064,67_67399_5136980,2482860,2S,10,A,5,5,2027
67019064,67_67399_5136980,C910202-17,2S,10,C,5,5,2027
67019064,67_67399_5136980,C917305-25,2S,10,B,5,5,2027
67019064,67_67399_5136980,9815-22,2S,10,C,5,5,2027
67019064,67_67399_5136980,1431477,2S,10,B,10,10,2027
67019065,67_67399_5136980,C9104009-50,2S,10,A,5,5,2027
67019065,67_67399_5136980,5992-15,2S,10,B,5,5,2027
67019065,67_67399_5136980,1883-01,2S,10,B,5,5,2027
67019065,67_67399_5136980,2097194,2S,10,B,10,10,2027
67019065,67_67399_5136980,2891139,2S,10,C,5,5,2027
67019065,67_67399_5136980,C910418-07,2S,10,A,5,5,2027
67019065,67_67399_5136980,C910204-04,2S,10,B,5,5,2027
67019065,67_67399_5136980,C910501-01,2S,10,B,5,5,2027
67019066,67_67399_5136980,C910417-01,2S,10,C,5,5,2027
67019066,67_67399_5136980,C910417-01,2S,10,A,5,5,2027
67019066,67_67399_5136980,2097649,2S,10,B,10,10,2027
67019066,67_67399_5136980,1422012,2S,10,A,5,5,2027
67019066,67_67399_5136980,1790-04,2S,10,C,5,5,2027
67019066,67_67399_5136980,111035,2S,10,B,5,5,2027
67019066,67_67399_5136980,1280-56,2S,10,A,5,5,2027
67019066,67_67399_5136980,C910203-12,2S,10,B,5,5,2027
67019067,67_67399_5136980,980344,2S,10,C,5,5,2027
67019067,67_67399_5136980,111491,2S,10,B,5,5,2027
67019067,67_67399_5136980,7651-71,2S,10,A,10,10,2027
67019067,67_67399_5136980,2675981,2S,10,B,5,5,2027
67019067,67_67399_5136980,1883-08,2S,10,A,5,5,2027
67019067,67_67399_5136980,C922005-01,2S,10,B,5,5,2027
67019067,67_67399_5136980,C920004-02,2S,10,A,10,10,2027
67019067,67_67399_5136980,C910201-11,2S,10,A,5,5,2027
67019068,67_67399_5136980,5819-28,2S,10,B,10,10,2027
67019068,67_67399_5136980,57436,2S,10,C,5,5,2027
67019068,67_67399_5136980,7702-63,2S,10,B,5,5,2027
67019068,67_67399_5136980,C917305-10,2S,10,B,5,5,2027
67019068,67_67399_5136980,8697-16,2S,10,A,5,5,2027
67019068,67_67399_5136980,1883-02,2S,10,A,5,5,2027
67019068,67_67399_5136980,C922003-02,2S,10,A,5,5,2027
67019068,67_67399_5136980,1850-05,2S,10,B,5,5,2027
67019069,67_67399_5136980,C922004-02,2S,10,B,5,5,2027
67019069,67_67399_5136980,C910400701,2S,10,B,5,5,2027
67019069,67_67399_5136980,1421923,2S,10,A,5,5,2027
67019069,67_67399_5136980,1276-53,2S,10,B,5,5,2027
67019069,67_67399_5136980,C910203-14,2S,10,A,5,5,2027
67019069,67_67399_5136980,9815-18,2S,10,A,5,5,2027
67019069,67_67399_5136980,5990-52,2S,10,A,10,10,2027
67019069,67_67399_5136980,C917305-28,2S,10,B,5,5,2027
67019070,67_67399_5136980,1748477,2S,10,A,5,5,2027
67019070,67_67399_5136980,C910202-01,2S,10,B,5,5,2027
67019070,67_67399_5136980,2097590,2S,10,C,10,10,2027
67019070,67_67399_5136980,2675859,2S,10,B,5,5,2027
67019070,67_67399_5136980,1385549,2S,10,C,5,5,2027
67019070,67_67399_5136980,1850-07,2S,10,A,5,5,2027
67019070,67_67399_5136980,C910430-02,2S,10,B,5,5,2027
67019070,67_67399_5136980,97947,2S,10,F,5,0,2027
67019071,67_67399_5136980,2139501,2S,10,F,5,0,2027
67019071,67_67399_5136980,1768961,2S,10,B,5,5,2027
67019071,67_67399_5136980,0218-02,2S,10,A,10,10,2027
67019071,67_67399_5136980,C9104009-02,2S,10,B,5,5,2027
67019071,67_67399_5136980,C910801-01,2S,10,C,5,5,2027
67019071,67_67399_5136980,100110,2S,10,A,5,5,2027
67019071,67_67399_5136980,1421951,2S,10,B,5,5,2027
67019071,67_67399_5136980,1431477,2S,10,A,10,10,2027
67019072,67_67399_5136980,1883-09,2S,10,B,5,5,2027
67019072,67_67399_5136980,1883-09,2S,10,A,5,5,2027
67019072,67_67399_5136980,C910417-07,2S,10,B,5,5,2027
67019072,67_67399_5136980,5991-19,2S,10,B,5,5,2027
67019072,67_67399_5136980,9815-18,2S,10,A,5,5,2027
67019072,67_67399_5136980,4578-52,2S,10,B,5,5,2027
67019072,67_67399_5136980,1592884,2S,10,A,5,5,2027
67019073,67_67399_5136980,C910702-01,2S,10,B,5,5,2027
67019073,67_67399_5136980,C910201-02,2S,10,C,5,5,2027
67019073,67_67399_5136980,98039,2S,10,A,5,5,2027
67019073,67_67399_5136980,7641-51,2S,10,A,10,10,2027
67019073,67_67399_5136980,1790-16,2S,10,A,5,5,2027
67019073,67_67399_5136980,C9104006-05,2S,10,A,5,5,2027
67019073,67_67399_5136980,C910417-06,2S,10,B,5,5,2027
67019073,67_67399_5136980,C910416-59,2S,10,B,5,5,2027
67019074,67_67399_5136980,C920003-02,2S,10,A,10,10,2027
67019074,67_67399_5136980,7708-51,2S,10,F,5,0,2027
67019074,67_67399_5136980,2098380,2S,10,B,10,10,2027
67019074,67_67399_5136980,2151889,2S,10,F,5,0,2027
67019074,67_67399_5136980,C9104007-06,2S,10,A,5,5,2027
67019074,67_67399_5136980,C922002-53,2S,10,B,5,5,2027
67019075,67_67399_5136980,C910415-54,2S,10,B,5,5,2027
67019075,67_67399_5136980,C922007-02,2S,10,B,5,5,2027
67019075,67_67399_5136980,1421923,2S,10,A,5,5,2027
67019075,67_67399_5136980,1746804,2S,10,C,5,5,2027
67019075,67_67399_5136980,1790-51,2S,10,A,5,5,2027
67019075,67_67399_5136980,1746623,2S,10,B,5,5,2027
67019075,67_67399_5136980,7651-57,2S,10,B,10,10,2027
67019075,67_67399_5136980,2890865,2S,10,A,5,5,2027
67019076,67_67399_5136980,C917305-15,2S,10,A,5,5,2027
67019076,67_67399_5136980,0215-01,2S,10,C,10,10,2027
67019076,67_67399_5136980,C923201-01,2S,10,B,5,5,2027
67019076,67_67399_5136980,0218-06,2S,10,A,10,10,2027
67019076,67_67399_5136980,5819-28,2S,10,B,10,10,2027
67019076,67_67399_5136980,596594,2S,10,C,5,5,2027
67019076,67_67399_5136980,1593221,2S,10,B,5,5,2027
67019076,67_67399_5136980,4579-54,2S,10,B,5,5,2027
67019077,67_67399_5136980,5793-33,2S,10,B,5,5,2027
67019077,67_67399_5136980,C902001-01,2S,10,C,10,10,2027
67019077,67_67399_5136980,1747230,2S,10,A,5,5,2027
67019077,67_67399_5136980,9814-24,2S,10,B,5,5,2027
67019077,67_67399_5136980,217412,2S,10,A,10,10,2027
67019077,67_67399_5136980,1746988,2S,10,A,5,5,2027
67019077,67_67399_5136980,C917305-14,2S,10,D,5,5,2027
67019077,67_67399_5136980,1464714,2S,10,B,10,10,2027
67019078,67_67399_5136980,C910418-07,2S,10,C,5,5,2027
67019078,67_67399_5136980,1883-01,2S,10,C,5,5,2027
67019078,67_67399_5136980,005693-236,2S,10,A,5,5,2027
67019078,67_67399_5136980,5991-18,2S,10,B,5,5,2027
67019078,67_67399_5136980,7651-61,2S,10,B,10,10,2027
67019078,67_67399_5136980,97188,2S,10,C,5,5,2027
67019078,67_67399_5136980,1276-54,2S,10,C,5,5,2027
67019078,67_67399_5136980,4579-51,2S,10,A,5,5,2027
67019079,67_67399_5136980,7708-54,2S,10,C,5,5,2027
67019079,67_67399_5136980,C910417-05,2S,10,A,5,5,2027
67019079,67_67399_5136980,7702-59,2S,10,C,5,5,2027
67019079,67_67399_5136980,C9104007-10,2S,10,C,5,5,2027
67019079,67_67399_5136980,5793-13,2S,10,B,5,5,2027
67019079,67_67399_5136980,2151797,2S,10,A,5,5,2027
67019079,67_67399_5136980,2097590,2S,10,B,10,10,2027
67019079,67_67399_5136980,2890835,2S,10,C,5,5,2027
67019080,67_67399_5136980,2675920,2S,10,A,5,5,2027
67019080,67_67399_5136980,1883-07,2S,10,C,5,5,2027
67019080,67_67399_5136980,217473,2S,10,C,10,10,2027
67019080,67_67399_5136980,C910418-14,2S,10,A,5,5,2027
67019080,67_67399_5136980,9814-17,2S,10,A,5,5,2027
67019080,67_67399_5136980,6683-16,2S,10,C,5,5,2027
67019080,67_67399_5136980,C910201-13,2S,10,A,5,5,2027
67019080,67_67399_5136980,C923203-03,2S,10,A,5,5,2027
67019081,67_67399_5136980,1735634,2S,10,C,5,5,2027
67019081,67_67399_5136980,1431538,2S,10,C,10,10,2027
67019081,67_67399_5136980,9000-50,2S,10,A,5,5,2027
67019081,67_67399_5136980,C910418-12,2S,10,A,5,5,2027
67019081,67_67399_5136980,0215-06,2S,10,B,10,10,2027
67019081,67_67399_5136980,1256-16,2S,10,B,5,5,2027
67019081,67_67399_5136980,2139440,2S,10,A,5,5,2027
67019081,67_67399_5136980,57405,2S,10,C,5,5,2027
67019082,67_67399_5136980,C922001-53,2S,10,C,5,5,2027
67019082,67_67399_5136980,C910201-11,2S,10,B,5,5,2027
67019082,67_67399_5136980,C9104007-11,2S,10,A,5,5,2027
67019082,67_67399_5136980,C910416-50,2S,10,B,5,5,2027
67019082,67_67399_5136980,9226-14,2S,10,A,5,5,2027
67019082,67_67399_5136980,7651-75,2S,10,A,10,10,2027
67019082,67_67399_5136980,2890927,2S,10,A,5,5,2027
67019082,67_67399_5136980,1256-13,2S,10,B,5,5,2027
67019083,67_67399_5136980,C923204-01,2S,10,A,5,5,2027
67019083,67_67399_5136980,5793-31,2S,10,B,5,5,2027
67019083,67_67399_5136980,1850-04,2S,10,A,5,5,2027
67019083,67_67399_5136980,2356577,2S,10,B,10,10,2027
67019083,67_67399_5136980,C910201-18,2S,10,A,5,5,2027
67019083,67_67399_5136980,9815-50,2S,10,A,5,5,2027
67019084,67_67399_5136980,1280-54,2S,10,B,5,5,2027
67019084,67_67399_5136980,1276-55,2S,10,C,5,5,2027
67019084,67_67399_5136980,C924501-01,2S,10,A,5,5,2027
67019084,67_67399_5136980,1409624,2S,10,A,10,10,2027
67019084,67_67399_5136980,1710-10,2S,10,C,5,5,2027
67019084,67_67399_5136980,5793-22,2S,10,A,5,5,2027
67019084,67_67399_5136980,C922005-02,2S,10,C,5,5,2027
67019084,67_67399_5136980,1464683,2S,10,A,10,10,2027
67019085,67_67399_5136980,C922006-02,2S,10,A,5,5,2027
67019085,67_67399_5136980,5980-53,2S,10,C,10,10,2027
67019085,67_67399_5136980,9104016-32,2S,10,A,5,5,2027
67019085,67_67399_5136980,5991-17,2S,10,B,5,5,2027
67019085,67_67399_5136980,5819-24,2S,10,A,10,10,2027
67019085,67_67399_5136980,111521,2S,10,B,5,5,2027
67019085,67_67399_5136980,2482829,2S,10,B,5,5,2027
67019085,67_67399_5136980,C910202-03,2S,10,B,5,5,2027
67019086,67_67399_5136980,1256-11,2S,10,B,5,5,2027
67019086,67_67399_5136980,9814-25,2S,10,A,5,5,2027
67019086,67_67399_5136980,C917401-03,2S,10,F,5,0,2027
67019086,67_67399_5136980,2099447,2S,10,C,5,5,2027
67019086,67_67399_5136980,C910416-51,2S,10,B,5,5,2027
67019086,67_67399_5136980,C910418-11,2S,10,B,5,5,2027
67019086,67_67399_5136980,C922204-50,2S,10,C,5,5,2027
67019086,67_67399_5136980,5819-34,2S,10,B,10,10,2027
67019087,67_67399_5136980,5991-15,2S,10,A,5,5,2027
67019087,67_67399_5136980,298405,2S,10,A,10,10,2027
67019087,67_67399_5136980,C910415-56,2S,10,A,5,5,2027
67019087,67_67399_5136980,2593224,2S,10,A,5,5,2027
67019087,67_67399_5136980,8697-17,2S,10,B,5,5,2027
67019087,67_67399_5136980,2493-50,2S,10,A,10,10,2027
67019087,67_67399_5136980,C910802-02,2S,10,B,5,5,2027
67019087,67_67399_5136980,C925402-08,2S,10,A,5,5,2027
67019088,67_67399_5136980,C925401-06,2S,10,B,5,5,2027
67019088,67_67399_5136980,4579-54,2S,10,B,5,5,2027
67019088,67_67399_5136980,1431507,2S,10,B,10,10,2027
67019088,67_67399_5136980,1254-19,2S,10,A,5,5,2027
67019088,67_67399_5136980,C917402-02,2S,10,B,5,5,2027
67019088,67_67399_5136980,9104015-21,2S,10,B,5,5,2027
67019088,67_67399_5136980,1458536,2S,10,A,5,5,2027
67019088,67_67399_5136980,9000-50,2S,10,C,5,5,2027
67019089,67_67399_5136980,1593920,2S,10,B,5,5,2027
67019089,67_67399_5136980,1748508,2S,10,A,5,5,2027
67019089,67_67399_5136980,2057-16,2S,10,C,5,5,2027
67019089,67_67399_5136980,5819-27,2S,10,D,10,10,2027
67019089,67_67399_5136980,9104016-12,2S,10,B,5,5,2027
67019089,67_67399_5136980,9104016-53,2S,10,B,5,5,2027
67019089,67_67399_5136980,5980-53,2S,10,B,10,10,2027
67019089,67_67399_5136980,1494299,2S,10,C,5,5,2027
67019090,67_67399_5136980,1494879,2S,10,A,5,5,2027
67019090,67_67399_5136980,5819-27,2S,10,A,10,10,2027
67019090,67_67399_5136980,C910201-15,2S,10,B,5,5,2027
67019090,67_67399_5136980,C910203-15,2S,10,A,5,5,2027
67019090,67_67399_5136980,C922711-02,2S,10,B,10,10,2027
67019090,67_67399_5136980,0218-06,2S,10,A,10,10,2027
67019090,67_67399_5136980,1226-50,2S,10,A,5,5,2027
67019090,67_67399_5136980,596563,2S,10,B,5,5,2027
67019091,67_67399_5136980,005693-137,2S,10,A,5,5,2027
67019091,67_67399_5136980,1256-07,2S,10,B,5,5,2027
67019091,67_67399_5136980,C920002-02,2S,10,B,10,10,2027
67019091,67_67399_5136980,1624-01,2S,10,B,10,10,2027
67019091,67_67399_5136980,9226-13,2S,10,C,5,5,2027
67019091,67_67399_5136980,7651-66,2S,10,A,10,10,2027
67019091,67_67399_5136980,596443,2S,10,B,5,5,2027
67019091,67_67399_5136980,1746957,2S,10,A,5,5,2027
67019092,67_67399_5136980,596777,2S,10,C,5,5,2027
67019092,67_67399_5136980,1254-05,2S,10,A,5,5,2027
67019092,67_67399_5136980,2360989,2S,10,A,10,10,2027
67019092,67_67399_5136980,9104016-33,2S,10,A,5,5,2027
67019092,67_67399_5136980,C910417-03,2S,10,B,5,5,2027
67019092,67_67399_5136980,2097621,2S,10,B,10,10,2027
67019092,67_67399_5136980,C922002-52,2S,10,A,5,5,2027
67019092,67_67399_5136980,2675889,2S,10,A,5,5,2027
67019093,67_67399_5136980,1747200,2S,10,D,5,5,2027
67019093,67_67399_5136980,2099447,2S,10,D,5,5,2027
67019093,67_67399_5136980,C925401-05,2S,10,B,5,5,2027
67019093,67_67399_5136980,7641-51,2S,10,C,10,10,2027
67019093,67_67399_5136980,1494787,2S,10,A,5,5,2027
67019093,67_67399_5136980,2294181,2S,10,A,5,5,2027
67019093,67_67399_5136980,5980-58,2S,10,A,10,10,2027
67019093,67_67399_5136980,5793-23,2S,10,B,5,5,2027
67019094,67_67399_5136980,C9104009-03,2S,10,D,5,5,2027
67019094,67_67399_5136980,8697-012,2S,10,C,5,5,2027
67019094,67_67399_5136980,9814-26,2S,10,B,5,5,2027
67019094,67_67399_5136980,1409563,2S,10,C,10,10,2027
67019094,67_67399_5136980,24259,2S,10,A,5,5,2027
67019094,67_67399_5136980,1422012,2S,10,D,5,5,2027
67019094,67_67399_5136980,5980-52,2S,10,C,10,10,2027
67019095,67_67399_5136980,C906201-03,2S,10,C,5,5,2027
67019095,67_67399_5136980,005693-136,2S,10,B,5,5,2027
67019095,67_67399_5136980,298525,2S,10,A,10,10,2027
67019095,67_67399_5136980,C917305-14,2S,10,A,5,5,2027
67019095,67_67399_5136980,5819-29,2S,10,B,10,10,2027
67019095,67_67399_5136980,2890865,2S,10,B,5,5,2027
67019095,67_67399_5136980,C910502-03,2S,10,B,5,5,2027
67019095,67_67399_5136980,1746804,2S,10,A,5,5,2027
67019096,67_67399_5136980,5819-31,2S,10,B,10,10,2027
67019096,67_67399_5136980,5991-13,2S,10,C,5,5,2027
67019096,67_67399_5136980,C9104006-05,2S,10,B,5,5,2027
67019096,67_67399_5136980,1224-52,2S,10,C,5,5,2027
67019096,67_67399_5136980,57405,2S,10,A,5,5,2027
67019096,67_67399_5136980,C906201-02,2S,10,B,5,5,2027
67019096,67_67399_5136980,1746682,2S,10,A,5,5,2027
67019096,67_67399_5136980,C910203-05,2S,10,B,5,5,2027
67019097,67_67399_5136980,2482615,2S,10,A,5,5,2027
67019097,67_67399_5136980,1254-20,2S,10,C,5,5,2027
67019097,67_67399_5136980,2890531,2S,10,C,5,5,2027
67019097,67_67399_5136980,2098321,2S,10,A,10,10,2027
67019097,67_67399_5136980,C9104009-03,2S,10,C,5,5,2027
67019097,67_67399_5136980,005693-436,2S,10,A,5,5,2027
67019097,67_67399_5136980,1446759,2S,10,B,10,10,2027
67019097,67_67399_5136980,1710-08,2S,10,B,5,5,2027
67019098,67_67399_5136980,2482587,2S,10,A,5,5,2027
67019098,67_67399_5136980,1392672,2S,10,C,5,5,2027
67019098,67_67399_5136980,C910201-16,2S,10,B,5,5,2027
67019098,67_67399_5136980,2057-13,2S,10,A,5,5,2027
67019098,67_67399_5136980,1790-02,2S,10,A,5,5,2027
67019098,67_67399_5136980,1883-10,2S,10,A,5,5,2027
67019098,67_67399_5136980,1850-08,2S,10,A,5,5,2027
67019098,67_67399_5136980,7651-54,2S,10,B,10,10,2027
67019099,67_67399_5136980,2482860,2S,10,B,5,5,2027
67019099,67_67399_5136980,5693-32,2S,10,A,5,5,2027
67019099,67_67399_5136980,5693-13,2S,10,A,5,5,2027
67019099,67_67399_5136980,C910502-02,2S,10,B,5,5,2027
67019099,67_67399_5136980,C910201-13,2S,10,B,5,5,2027
67019099,67_67399_5136980,27820,2S,10,A,5,5,2027
67019099,67_67399_5136980,2097680,2S,10,C,10,10,2027
67019099,67_67399_5136980,C924508-01,2S,10,A,5,5,2027
67019100,67_67399_5136980,1385368,2S,10,F,5,0,2027
67019100,67_67399_5136980,C920004-01,2S,10,C,10,10,2027
67019100,67_67399_5136980,1288-05,2S,10,A,5,5,2027
67019100,67_67399_5136980,2356577,2S,10,C,10,10,2027
67019100,67_67399_5136980,9814-13,2S,10,A,5,5,2027
67019101,67_67399_5136980,1392703,2S,10,B,5,5,2027
67019101,67_67399_5136980,C910415-51,2S,10,B,5,5,2027
67019101,67_67399_5136980,2139501,2S,10,C,5,5,2027
67019101,67_67399_5136980,117610,2S,10,C,5,5,2027
67019101,67_67399_5136980,1431721,2S,10,C,10,10,2027
67019101,67_67399_5136980,C917402-01,2S,10,B,5,5,2027
67019101,67_67399_5136980,C922703-01,2S,10,B,10,10,2027
67019101,67_67399_5136980,1254-19,2S,10,C,5,5,2027
67019102,67_67399_5136980,7651-78,2S,10,A,10,10,2027
67019102,67_67399_5136980,1726-01,2S,10,B,5,5,2027
67019102,67_67399_5136980,8362-50,2S,10,A,10,10,2027
67019102,67_67399_5136980,2137826,2S,10,A,5,5,2027
67019102,67_67399_5136980,0218-06,2S,10,A,10,10,2027
67019102,67_67399_5136980,05693-3310,2S,10,B,5,5,2027
67019102,67_67399_5136980,9815-35,2S,10,A,5,5,2027
67019102,67_67399_5136980,1224-51,2S,10,B,5,5,2027
67019103,67_67399_5136980,1256-20,2S,10,B,5,5,2027
67019103,67_67399_5136980,1850-04,2S,10,F,5,0,2027
67019103,67_67399_5136980,C917305-17,2S,10,A,5,5,2027
67019103,67_67399_5136980,1431418,2S,10,A,10,10,2027
67019103,67_67399_5136980,C910202-03,2S,10,A,5,5,2027
67019104,67_67399_5136980,2099476,2S,10,B,5,5,2027
67019104,67_67399_5136980,2057-15,2S,10,A,5,5,2027
67019104,67_67399_5136980,1409807,2S,10,B,10,10,2027
67019104,67_67399_5136980,1421951,2S,10,B,5,5,2027
67019104,67_67399_5136980,5980-52,2S,10,B,10,10,2027
67019104,67_67399_5136980,005693-537,2S,10,C,5,5,2027
67019104,67_67399_5136980,2151980,2S,10,B,5,5,2027
67019104,67_67399_5136980,7702-63,2S,10,B,5,5,2027
67019105,67_67399_5136980,C922206-01,2S,10,A,5,5,2027
67019105,67_67399_5136980,C910430-01,2S,10,B,5,5,2027
67019105,67_67399_5136980,5980-54,2S,10,B,10,10,2027
67019105,67_67399_5136980,2482556,2S,10,B,5,5,2027
67019105,67_67399_5136980,1254-06,2S,10,A,5,5,2027
67019105,67_67399_5136980,3533-14,2S,10,B,5,5,2027
67019105,67_67399_5136980,5819-33,2S,10,A,10,10,2027
67019105,67_67399_5136980,1710-13,2S,10,A,5,5,2027
67019106,67_67399_5136980,C910416-56,2S,10,C,5,5,2027
67019106,67_67399_5136980,7702-51,2S,10,A,5,5,2027
67019106,67_67399_5136980,0008364-04,2S,10,A,10,10,2027
67019106,67_67399_5136980,97887,2S,10,B,5,5,2027
67019106,67_67399_5136980,216682,2S,10,A,10,10,2027
67019106,67_67399_5136980,1710-14,2S,10,B,5,5,2027
67019106,67_67399_5136980,1850-02,2S,10,B,5,5,2027
67019106,67_67399_5136980,C9104007-03,2S,10,A,5,5,2027
67019107,67_67399_5136980,1226-52,2S,10,B,5,5,2027
67019107,67_67399_5136980,2890621,2S,10,A,5,5,2027
67019107,67_67399_5136980,C910430-02,2S,10,B,5,5,2027
67019107,67_67399_5136980,2294150,2S,10,C,5,5,2027
67019107,67_67399_5136980,1748752,2S,10,A,5,5,2027
67019107,67_67399_5136980,2101639,2S,10,C,5,5,2027
67019107,67_67399_5136980,1431660,2S,10,A,10,10,2027
67019107,67_67399_5136980,1197997,2S,10,C,5,5,2027
67019108,67_67399_5136980,2097164,2S,10,B,10,10,2027
67019108,67_67399_5136980,2890743,2S,10,A,5,5,2027
67019108,67_67399_5136980,1284-06,2S,10,B,5,5,2027
67019108,67_67399_5136980,1276-50,2S,10,A,5,5,2027
67019108,67_67399_5136980,C920004-01,2S,10,B,10,10,2027
67019108,67_67399_5136980,1392762,2S,10,B,5,5,2027
67019108,67_67399_5136980,C917304-19,2S,10,A,5,5,2027
67019108,67_67399_5136980,1421951,2S,10,A,5,5,2027
67019109,67_67399_5136980,C910416-53,2S,10,A,5,5,2027
67019109,67_67399_5136980,C923203-01,2S,10,C,5,5,2027
67019109,67_67399_5136980,1790-13,2S,10,A,5,5,2027
67019109,67_67399_5136980,0215-08,2S,10,B,10,10,2027
67019109,67_67399_5136980,217442,2S,10,A,10,10,2027
67019109,67_67399_5136980,C924502-53,2S,10,A,5,5,2027
67019109,67_67399_5136980,C910201-03,2S,10,C,5,5,2027
67019109,67_67399_5136980,C910203-08,2S,10,A,5,5,2027
67019110,67_67399_5136980,6687-13,2S,10,B,5,5,2027
67019110,67_67399_5136980,1254-08,2S,10,A,5,5,2027
67019110,67_67399_5136980,111432,2S,10,A,5,5,2027
67019110,67_67399_5136980,1431418,2S,10,C,10,10,2027
67019110,67_67399_5136980,C917203-50,2S,10,B,5,5,2027
67019110,67_67399_5136980,C910400850,2S,10,A,5,5,2027
67019110,67_67399_5136980,C920003-01,2S,10,B,10,10,2027
67019110,67_67399_5136980,1883-10,2S,10,B,5,5,2027
67019111,67_67399_5136980,1593221,2S,10,B,5,5,2027
67019111,67_67399_5136980,1710-18,2S,10,B,5,5,2027
67019111,67_67399_5136980,1747261,2S,10,A,5,5,2027
67019111,67_67399_5136980,1883-07,2S,10,B,5,5,2027
67019111,67_67399_5136980,C922712-01,2S,10,A,10,10,2027
67019111,67_67399_5136980,C920003-01,2S,10,B,10,10,2027
67019111,67_67399_5136980,1409777,2S,10,C,10,10,2027
67019111,67_67399_5136980,C925401-03,2S,10,A,5,5,2027
67019112,67_67399_5136980,1446728,2S,10,B,10,10,2027
67019112,67_67399_5136980,7702-57,2S,10,D,5,5,2027
67019112,67_67399_5136980,2356606,2S,10,C,10,10,2027
67019112,67_67399_5136980,2890651,2S,10,B,5,5,2027
67019112,67_67399_5136980,C932302-50,2S,10,A,5,5,2027
67019112,67_67399_5136980,1494329,2S,10,C,5,5,2027
67019112,67_67399_5136980,1385549,2S,10,A,5,5,2027
67019112,67_67399_5136980,5910-022,2S,10,A,10,10,2027
67019113,67_67399_5136980,C9104007-05,2S,10,B,5,5,2027
67019113,67_67399_5136980,24139,2S,10,A,5,5,2027
67019113,67_67399_5136980,C910430-02,2S,10,B,5,5,2027
67019113,67_67399_5136980,C910418-05,2S,10,C,5,5,2027
67019113,67_67399_5136980,5819-32,2S,10,A,10,10,2027
67019113,67_67399_5136980,2057-15,2S,10,A,5,5,2027
67019113,67_67399_5136980,1280-55,2S,10,B,5,5,2027
67019113,67_67399_5136980,7708-61,2S,10,B,5,5,2027
67019114,67_67399_5136980,C910400605,2S,10,B,5,5,2027
67019114,67_67399_5136980,9815-34,2S,10,C,5,5,2027
67019114,67_67399_5136980,6683-13,2S,10,B,5,5,2027
67019114,67_67399_5136980,5819-20,2S,10,A,10,10,2027
67019114,67_67399_5136980,C910203-12,2S,10,B,5,5,2027
67019114,67_67399_5136980,5991-18,2S,10,C,5,5,2027
67019114,67_67399_5136980,C923203-01,2S,10,B,5,5,2027
67019114,67_67399_5136980,0218-05,2S,10,B,10,10,2027
67019115,67_67399_5136980,7702-53,2S,10,B,5,5,2027
67019115,67_67399_5136980,C910501-50,2S,10,B,5,5,2027
67019115,67_67399_5136980,9814-20,2S,10,B,5,5,2027
67019115,67_67399_5136980,2099051,2S,10,B,10,10,2027
67019115,67_67399_5136980,1710-13,2S,10,C,5,5,2027
67019115,67_67399_5136980,C910417-05,2S,10,C,5,5,2027
67019115,67_67399_5136980,C922203-50,2S,10,B,5,5,2027
67019115,67_67399_5136980,1206794,2S,10,C,10,10,2027
67019116,67_67399_5136980,1768930,2S,10,A,5,5,2027
67019116,67_67399_5136980,005693-337,2S,10,B,5,5,2027
67019116,67_67399_5136980,1392762,2S,10,C,5,5,2027
67019116,67_67399_5136980,C920002-01,2S,10,B,10,10,2027
67019116,67_67399_5136980,5819-22,2S,10,A,10,10,2027
67019116,67_67399_5136980,2057-15,2S,10,B,5,5,2027
67019116,67_67399_5136980,7702-57,2S,10,A,5,5,2027
67019116,67_67399_5136980,1254-07,2S,10,C,5,5,2027
67019117,67_67399_5136980,C922701-01,2S,10,B,10,10,2027
67019117,67_67399_5136980,8697-18,2S,10,B,5,5,2027
67019117,67_67399_5136980,980710,2S,10,A,5,5,2027
67019117,67_67399_5136980,9814-13,2S,10,A,5,5,2027
67019117,67_67399_5136980,1710-14,2S,10,D,5,5,2027
67019117,67_67399_5136980,1883-03,2S,10,B,5,5,2027
67019117,67_67399_5136980,C910418-14,2S,10,A,5,5,2027
67019118,67_67399_5136980,1284-04,2S,10,A,5,5,2027
67019118,67_67399_5136980,57680,2S,10,A,5,5,2027
67019118,67_67399_5136980,7651-78,2S,10,A,10,10,2027
67019118,67_67399_5136980,2151705,2S,10,B,5,5,2027
67019118,67_67399_5136980,C910415-51,2S,10,B,5,5,2027
67019118,67_67399_5136980,5980-57,2S,10,C,10,10,2027
67019118,67_67399_5136980,8362-50,2S,10,A,10,10,2027
67019118,67_67399_5136980,9104016-32,2S,10,A,5,5,2027
67019119,67_67399_5136980,1464655,2S,10,A,10,10,2027
67019119,67_67399_5136980,1883-06,2S,10,B,5,5,2027
67019119,67_67399_5136980,C910203-12,2S,10,A,5,5,2027
67019119,67_67399_5136980,C906201-02,2S,10,A,5,5,2027
67019119,67_67399_5136980,4579-52,2S,10,B,5,5,2027
67019119,67_67399_5136980,596474,2S,10,C,5,5,2027
67019119,67_67399_5136980,5819-32,2S,10,A,10,10,2027
67019119,67_67399_5136980,1790-15,2S,10,A,5,5,2027
67019120,67_67399_5136980,05693-1311,2S,10,A,5,5,2027
67019120,67_67399_5136980,2294242,2S,10,C,5,5,2027
67019120,67_67399_5136980,9104016-13,2S,10,B,5,5,2027
67019120,67_67399_5136980,C917304-20,2S,10,A,5,5,2027
67019120,67_67399_5136980,5819-17,2S,10,B,10,10,2027
67019120,67_67399_5136980,111066,2S,10,B,5,5,2027
67019120,67_67399_5136980,6687-18,2S,10,A,5,5,2027
67019120,67_67399_5136980,1256-03,2S,10,B,5,5,2027
67019121,67_67399_5136980,1850-06,2S,10,A,5,5,2027
67019121,67_67399_5136980,9104015-51,2S,10,A,5,5,2027
67019121,67_67399_5136980,C920002-02,2S,10,C,10,10,2027
67019121,67_67399_5136980,5991-13,2S,10,B,5,5,2027
67019121,67_67399_5136980,2098380,2S,10,A,10,10,2027
67019121,67_67399_5136980,57377,2S,10,C,5,5,2027
67019121,67_67399_5136980,1276-55,2S,10,A,5,5,2027
67019121,67_67399_5136980,7702-63,2S,10,A,5,5,2027
67019122,67_67399_5136980,C910202-06,2S,10,C,5,5,2027
67019122,67_67399_5136980,1280-56,2S,10,B,5,5,2027
67019122,67_67399_5136980,9814-41,2S,10,B,5,5,2027
67019122,67_67399_5136980,7651-73,2S,10,B,10,10,2027
67019122,67_67399_5136980,1494695,2S,10,A,5,5,2027
67019122,67_67399_5136980,1464683,2S,10,C,10,10,2027
67019122,67_67399_5136980,C922711-02,2S,10,B,10,10,2027
67019122,67_67399_5136980,C922004-02,2S,10,B,5,5,2027
67019123,67_67399_5136980,C917305-09,2S,10,A,5,5,2027
67019123,67_67399_5136980,C9104006-05,2S,10,A,5,5,2027
67019123,67_67399_5136980,C9104007-06,2S,10,C,5,5,2027
67019123,67_67399_5136980,1746804,2S,10,B,5,5,2027
67019123,67_67399_5136980,9104015-51,2S,10,B,5,5,2027
67019123,67_67399_5136980,7651-54,2S,10,B,10,10,2027
67019123,67_67399_5136980,C910203-02,2S,10,C,5,5,2027
67019123,67_67399_5136980,C925402-08,2S,10,A,5,5,2027
67019124,67_67399_5136980,5819-14,2S,10,B,10,10,2027
67019124,67_67399_5136980,24139,2S,10,A,5,5,2027
67019124,67_67399_5136980,596533,2S,10,B,5,5,2027
67019124,67_67399_5136980,0218-11,2S,10,A,10,10,2027
67019124,67_67399_5136980,9000-50,2S,10,A,5,5,2027
67019124,67_67399_5136980,2293756,2S,10,A,5,5,2027
67019124,67_67399_5136980,4578-51,2S,10,B,5,5,2027
67019124,67_67399_5136980,C910201-13,2S,10,B,5,5,2027
67019125,67_67399_5136980,C910415-54,2S,10,B,5,5,2027
67019125,67_67399_5136980,C910415-56,2S,10,C,5,5,2027
67019125,67_67399_5136980,C922712-02,2S,10,B,10,10,2027
67019125,67_67399_5136980,1197997,2S,10,A,5,5,2027
67019125,67_67399_5136980,5819-27,2S,10,A,10,10,2027
67019125,67_67399_5136980,2482707,2S,10,C,5,5,2027
67019125,67_67399_5136980,1748722,2S,10,A,5,5,2027
67019126,67_67399_5136980,111035,2S,10,A,5,5,2027
67019126,67_67399_5136980,5819-31,2S,10,C,10,10,2027
67019126,67_67399_5136980,2675769,2S,10,A,5,5,2027
67019126,67_67399_5136980,1458506,2S,10,A,5,5,2027
67019126,67_67399_5136980,1254-19,2S,10,B,5,5,2027
67019126,67_67399_5136980,9104016-13,2S,10,A,5,5,2027
67019126,67_67399_5136980,C910201-06,2S,10,A,5,5,2027
67019126,67_67399_5136980,C910418-09,2S,10,A,5,5,2027
67019127,67_67399_5136980,C910201-03,2S,10,A,5,5,2027
67019127,67_67399_5136980,1996783,2S,10,A,10,10,2027
67019127,67_67399_5136980,5693-032,2S,10,B,5,5,2027
67019127,67_67399_5136980,C910418-12,2S,10,B,5,5,2027
67019127,67_67399_5136980,005693-236,2S,10,A,5,5,2027
67019127,67_67399_5136980,1494909,2S,10,B,5,5,2027
67019127,67_67399_5136980,216651,2S,10,A,10,10,2027
67019127,67_67399_5136980,7708-50,2S,10,C,5,5,2027
67019128,67_67399_5136980,5980-56,2S,10,A,10,10,2027
67019128,67_67399_5136980,298464,2S,10,A,10,10,2027
67019128,67_67399_5136980,7702-58,2S,10,A,5,5,2027
67019128,67_67399_5136980,7708-56,2S,10,B,5,5,2027
67019128,67_67399_5136980,C910417-01,2S,10,A,5,5,2027
67019128,67_67399_5136980,1198057,2S,10,A,5,5,2027
67019128,67_67399_5136980,7641-52,2S,10,B,10,10,2027
67019129,67_67399_5136980,C9104009-04,2S,10,C,5,5,2027
67019129,67_67399_5136980,C9104008-02,2S,10,B,5,5,2027
67019129,67_67399_5136980,1446759,2S,10,A,10,10,2027
67019129,67_67399_5136980,5992-22,2S,10,A,5,5,2027
67019129,67_67399_5136980,5819-23,2S,10,C,10,10,2027
67019129,67_67399_5136980,9814-24,2S,10,A,5,5,2027
67019129,67_67399_5136980,7702-59,2S,10,C,5,5,2027
67019129,67_67399_5136980,1746926,2S,10,A,5,5,2027
67019130,67_67399_5136980,0218-05,2S,10,A,10,10,2027
67019130,67_67399_5136980,C922007-02,2S,10,A,5,5,2027
67019130,67_67399_5136980,C910429-01,2S,10,A,5,5,2027
67019130,67_67399_5136980,1494513,2S,10,B,5,5,2027
67019130,67_67399_5136980,1593221,2S,10,B,5,5,2027
67019130,67_67399_5136980,7651-51,2S,10,B,10,10,2027
67019130,67_67399_5136980,57527,2S,10,B,5,5,2027
67019130,67_67399_5136980,1276-54,2S,10,C,5,5,2027
67019131,67_67399_5136980,2891200,2S,10,B,5,5,2027
67019131,67_67399_5136980,2097680,2S,10,B,10,10,2027
67019131,67_67399_5136980,2101667,2S,10,C,5,5,2027
67019131,67_67399_5136980,1746592,2S,10,A,5,5,2027
67019131,67_67399_5136980,0215-06,2S,10,A,10,10,2027
67019131,67_67399_5136980,C9104008-50,2S,10,A,5,5,2027
67019131,67_67399_5136980,C910415-54,2S,10,A,5,5,2027
67019132,67_67399_5136980,C910202-12,2S,10,A,5,5,2027
67019132,67_67399_5136980,1748599,2S,10,B,5,5,2027
67019132,67_67399_5136980,C9104007-12,2S,10,B,5,5,2027
67019132,67_67399_5136980,C9104007-13,2S,10,C,5,5,2027
67019132,67_67399_5136980,0218-03,2S,10,B,10,10,2027
67019132,67_67399_5136980,1494695,2S,10,B,5,5,2027
67019132,67_67399_5136980,7641-55,2S,10,A,10,10,2027
67019132,67_67399_5136980,2890865,2S,10,A,5,5,2027
67019133,67_67399_5136980,C910415-51,2S,10,A,5,5,2027
67019133,67_67399_5136980,1850-09,2S,10,C,5,5,2027
67019133,67_67399_5136980,27791,2S,10,C,5,5,2027
67019133,67_67399_5136980,7651-72,2S,10,A,10,10,2027
67019133,67_67399_5136980,2057-15,2S,10,B,5,5,2027
67019133,67_67399_5136980,C910202-09,2S,10,A,5,5,2027
67019133,67_67399_5136980,C910204-02,2S,10,A,5,5,2027
67019133,67_67399_5136980,1883-04,2S,10,A,5,5,2027
67019134,67_67399_5136980,2293756,2S,10,A,5,5,2027
67019134,67_67399_5136980,1464714,2S,10,A,10,10,2027
67019134,67_67399_5136980,C910203-08,2S,10,C,5,5,2027
67019134,67_67399_5136980,C910204-11,2S,10,B,5,5,2027
67019134,67_67399_5136980,2151889,2S,10,B,5,5,2027
67019134,67_67399_5136980,7641-56,2S,10,B,10,10,2027
67019134,67_67399_5136980,9815-34,2S,10,B,5,5,2027
67019134,67_67399_5136980,C910418-04,2S,10,A,5,5,2027
67019135,67_67399_5136980,9000-51,2S,10,B,5,5,2027
67019135,67_67399_5136980,C917305-06,2S,10,B,5,5,2027
67019135,67_67399_5136980,C922806-01,2S,10,B,5,5,2027
67019135,67_67399_5136980,1421923,2S,10,B,5,5,2027
67019135,67_67399_5136980,7651-73,2S,10,B,10,10,2027
67019135,67_67399_5136980,C925402-03,2S,10,A,5,5,2027
67019135,67_67399_5136980,2482799,2S,10,C,5,5,2027
67019135,67_67399_5136980,7702-59,2S,10,A,5,5,2027
67019136,67_67399_5136980,57558,2S,10,B,5,5,2027
67019136,67_67399_5136980,5980-58,2S,10,A,10,10,2027
67019136,67_67399_5136980,C9104007-06,2S,10,B,5,5,2027
67019136,67_67399_5136980,7641-59,2S,10,A,10,10,2027
67019136,67_67399_5136980,8697-13,2S,10,A,5,5,2027
67019136,67_67399_5136980,5992-19,2S,10,B,5,5,2027
67019136,67_67399_5136980,7708-52,2S,10,A,5,5,2027
67019136,67_67399_5136980,0215-06,2S,10,B,10,10,2027
67019137,67_67399_5136980,2098352,2S,10,B,10,10,2027
67019137,67_67399_5136980,111460,2S,10,A,5,5,2027
67019137,67_67399_5136980,4579-54,2S,10,B,5,5,2027
67019137,67_67399_5136980,1284-04,2S,10,A,5,5,2027
67019137,67_67399_5136980,7791-42,2S,10,A,5,5,2027
67019137,67_67399_5136980,C910429-02,2S,10,A,5,5,2027
67019137,67_67399_5136980,1226-50,2S,10,C,5,5,2027
67019137,67_67399_5136980,C902001-02,2S,10,C,10,10,2027
67019138,67_67399_5136980,1385580,2S,10,B,5,5,2027
67019138,67_67399_5136980,9815-36,2S,10,C,5,5,2027
67019138,67_67399_5136980,C910502-04,2S,10,B,5,5,2027
67019138,67_67399_5136980,1284-01,2S,10,C,5,5,2027
67019138,67_67399_5136980,1422043,2S,10,C,5,5,2027
67019138,67_67399_5136980,2097194,2S,10,B,10,10,2027
67019138,67_67399_5136980,2294272,2S,10,B,5,5,2027
67019138,67_67399_5136980,7791-17,2S,10,C,5,5,2027
67019139,67_67399_5136980,5991-19,2S,10,C,5,5,2027
67019139,67_67399_5136980,C920003-02,2S,10,A,10,10,2027
67019139,67_67399_5136980,0215-08,2S,10,B,10,10,2027
67019139,67_67399_5136980,5819-15,2S,10,B,10,10,2027
67019139,67_67399_5136980,C910202-12,2S,10,A,5,5,2027
67019139,67_67399_5136980,C910418-14,2S,10,C,5,5,2027
67019139,67_67399_5136980,2139471,2S,10,A,5,5,2027
67019139,67_67399_5136980,3533-19,2S,10,B,5,5,2027
67019140,67_67399_5136980,1746651,2S,10,B,5,5,2027
67019140,67_67399_5136980,5693-51,2S,10,A,5,5,2027
67019140,67_67399_5136980,240728,2S,10,C,5,5,2027
67019140,67_67399_5136980,298495,2S,10,B,10,10,2027
67019140,67_67399_5136980,1710-02,2S,10,C,5,5,2027
67019140,67_67399_5136980,5819-31,2S,10,B,10,10,2027
67019140,67_67399_5136980,9814-22,2S,10,B,5,5,2027
67019140,67_67399_5136980,1746773,2S,10,A,5,5,2027
67019141,67_67399_5136980,9104016-53,2S,10,B,5,5,2027
67019141,67_67399_5136980,C930302-02,2S,10,A,10,10,2027
67019141,67_67399_5136980,5980-52,2S,10,C,10,10,2027
67019141,67_67399_5136980,1710-15,2S,10,A,5,5,2027
67019141,67_67399_5136980,1431507,2S,10,B,10,10,2027
67019141,67_67399_5136980,2890804,2S,10,A,5,5,2027
67019141,67_67399_5136980,980738,2S,10,A,5,5,2027
67019141,67_67399_5136980,7708-60,2S,10,B,5,5,2027
67019142,67_67399_5136980,C9104006-01,2S,10,A,5,5,2027
67019142,67_67399_5136980,C910400605,2S,10,B,5,5,2027
67019142,67_67399_5136980,C922005-02,2S,10,B,5,5,2027
67019142,67_67399_5136980,1254-19,2S,10,A,5,5,2027
67019142,67_67399_5136980,5992-32,2S,10,B,5,5,2027
67019142,67_67399_5136980,6682-15,2S,10,A,5,5,2027
67019142,67_67399_5136980,9814-14,2S,10,B,5,5,2027
67019142,67_67399_5136980,1431477,2S,10,B,10,10,2027
67019143,67_67399_5136980,1385488,2S,10,A,5,5,2027
67019143,67_67399_5136980,6687-15,2S,10,B,5,5,2027
67019143,67_67399_5136980,1746804,2S,10,A,5,5,2027
67019143,67_67399_5136980,C9104009-5,2S,10,B,5,5,2027
67019143,67_67399_5136980,9815-51,2S,10,A,5,5,2027
67019143,67_67399_5136980,C910417-01,2S,10,A,5,5,2027
67019143,67_67399_5136980,5819-24,2S,10,C,10,10,2027
67019143,67_67399_5136980,C917304-13,2S,10,A,5,5,2027
67019144,67_67399_5136980,C922711-01,2S,10,A,10,10,2027
67019144,67_67399_5136980,C910418-05,2S,10,B,5,5,2027
67019144,67_67399_5136980,240756,2S,10,A,5,5,2027
67019144,67_67399_5136980,27791,2S,10,A,5,5,2027
67019144,67_67399_5136980,1256-10,2S,10,A,5,5,2027
67019144,67_67399_5136980,C910202-09,2S,10,C,5,5,2027
67019145,67_67399_5136980,7702-56,2S,10,C,5,5,2027
67019145,67_67399_5136980,C923204-03,2S,10,B,5,5,2027
67019145,67_67399_5136980,C906202-04,2S,10,B,5,5,2027
67019145,67_67399_5136980,1747169,2S,10,B,5,5,2027
67019145,67_67399_5136980,C922006-02,2S,10,B,5,5,2027
67019145,67_67399_5136980,2057-18,2S,10,B,5,5,2027
67019145,67_67399_5136980,C917305-06,2S,10,A,5,5,2027
67019145,67_67399_5136980,217412,2S,10,B,10,10,2027
67019146,67_67399_5136980,C910430-02,2S,10,C,5,5,2027
67019146,67_67399_5136980,05693-2310,2S,10,D,5,5,2027
67019146,67_67399_5136980,C910415-53,2S,10,C,5,5,2027
67019146,67_67399_5136980,9226-41,2S,10,C,5,5,2027
67019146,67_67399_5136980,5819-34,2S,10,B,10,10,2027
67019146,67_67399_5136980,C925402-04,2S,10,C,5,5,2027
67019146,67_67399_5136980,7702-56,2S,10,A,5,5,2027
67019146,67_67399_5136980,1254-13,2S,10,B,5,5,2027
67019147,67_67399_5136980,7708-52,2S,10,A,5,5,2027
67019147,67_67399_5136980,1431660,2S,10,B,10,10,2027
67019147,67_67399_5136980,57680,2S,10,B,5,5,2027
67019147,67_67399_5136980,C917304-09,2S,10,A,5,5,2027
67019147,67_67399_5136980,5693-52,2S,10,B,5,5,2027
67019147,67_67399_5136980,005693-436,2S,10,A,5,5,2027
67019147,67_67399_5136980,C910203-07,2S,10,A,5,5,2027
67019147,67_67399_5136980,C922205-01,2S,10,B,5,5,2027
67019148,67_67399_5136980,0215-01,2S,10,A,10,10,2027
67019148,67_67399_5136980,1746773,2S,10,B,5,5,2027
67019148,67_67399_5136980,C910203-06,2S,10,C,5,5,2027
67019148,67_67399_5136980,9815-30,2S,10,B,5,5,2027
67019148,67_67399_5136980,7651-68,2S,10,A,10,10,2027
67019148,67_67399_5136980,C917304-13,2S,10,B,5,5,2027
67019148,67_67399_5136980,C910415-54,2S,10,C,5,5,2027
67019148,67_67399_5136980,C922001-51,2S,10,B,5,5,2027
67019149,67_67399_5136980,1276-54,2S,10,D,5,5,2027
67019149,67_67399_5136980,7651-78,2S,10,B,10,10,2027
67019149,67_67399_5136980,5793-23,2S,10,D,5,5,2027
67019149,67_67399_5136980,9815-51,2S,10,A,5,5,2027
67019150,67_67399_5136980,2097194,2S,10,A,10,10,2027
67019150,67_67399_5136980,C910418-06,2S,10,B,5,5,2027
67019150,67_67399_5136980,2294122,2S,10,A,5,5,2027
67019150,67_67399_5136980,6687-15,2S,10,B,5,5,2027
67019150,67_67399_5136980,1254-19,2S,10,B,5,5,2027
67019150,67_67399_5136980,9814-18,2S,10,A,5,5,2027
67019150,67_67399_5136980,C922001-53,2S,10,B,5,5,2027
67019150,67_67399_5136980,2151889,2S,10,B,5,5,2027
67019151,67_67399_5136980,C922705-02,2S,10,B,10,10,2027
67019151,67_67399_5136980,2101608,2S,10,B,5,5,2027
67019151,67_67399_5136980,C910201-08,2S,10,A,5,5,2027
67019151,67_67399_5136980,C925401-09,2S,10,C,5,5,2027
67019151,67_67399_5136980,2098321,2S,10,A,10,10,2027
67019151,67_67399_5136980,1710-12,2S,10,A,5,5,2027
67019151,67_67399_5136980,C9104007-06,2S,10,B,5,5,2027
67019151,67_67399_5136980,05693-1311,2S,10,C,5,5,2027
67019152,67_67399_5136980,1256-09,2S,10,A,5,5,2027
67019152,67_67399_5136980,C920002-01,2S,10,B,10,10,2027
67019152,67_67399_5136980,C910201-04,2S,10,A,5,5,2027
67019152,67_67399_5136980,C924507-52,2S,10,A,5,5,2027
67019152,67_67399_5136980,1883-10,2S,10,A,5,5,2027
67019152,67_67399_5136980,5819-33,2S,10,B,10,10,2027
67019152,67_67399_5136980,1385580,2S,10,C,5,5,2027
67019152,67_67399_5136980,2676042,2S,10,C,5,5,2027
67019153,67_67399_5136980,C910415-50,2S,10,A,5,5,2027
67019153,67_67399_5136980,9104016-52,2S,10,C,5,5,2027
67019153,67_67399_5136980,C910418-01,2S,10,A,5,5,2027
67019153,67_67399_5136980,1790-16,2S,10,A,5,5,2027
67019153,67_67399_5136980,C910201-03,2S,10,B,5,5,2027
67019153,67_67399_5136980,1280-53,2S,10,B,5,5,2027
67019153,67_67399_5136980,596686,2S,10,A,5,5,2027
67019153,67_67399_5136980,1431507,2S,10,D,10,10,2027
67019154,67_67399_5136980,5793-32,2S,10,A,5,5,2027
67019154,67_67399_5136980,1746957,2S,10,C,5,5,2027
67019154,67_67399_5136980,C910415-54,2S,10,A,5,5,2027
67019154,67_67399_5136980,9226-17,2S,10,B,5,5,2027
67019154,67_67399_5136980,C910201-05,2S,10,C,5,5,2027
67019154,67_67399_5136980,C922704-01,2S,10,A,10,10,2027
67019154,67_67399_5136980,3533-14,2S,10,A,5,5,2027
67019154,67_67399_5136980,5819-18,2S,10,B,10,10,2027
67019155,67_67399_5136980,596716,2S,10,B,5,5,2027
67019155,67_67399_5136980,2293756,2S,10,A,5,5,2027
67019155,67_67399_5136980,005693-234,2S,10,B,5,5,2027
67019155,67_67399_5136980,5693-22,2S,10,A,5,5,2027
67019155,67_67399_5136980,27454,2S,10,A,5,5,2027
67019155,67_67399_5136980,1284-06,2S,10,C,5,5,2027
67019155,67_67399_5136980,C910801-01,2S,10,A,5,5,2027
67019155,67_67399_5136980,2098321,2S,10,B,10,10,2027
67019156,67_67399_5136980,1726-02,2S,10,A,5,5,2027
67019156,67_67399_5136980,9815-18,2S,10,B,5,5,2027
67019156,67_67399_5136980,C9104006-05,2S,10,A,5,5,2027
67019156,67_67399_5136980,C922001-52,2S,10,C,5,5,2027
67019156,67_67399_5136980,5819-27,2S,10,B,10,10,2027
67019156,67_67399_5136980,0215-07,2S,10,A,10,10,2027
67019156,67_67399_5136980,2101667,2S,10,A,5,5,2027
67019156,67_67399_5136980,1746926,2S,10,B,5,5,2027
67019157,67_67399_5136980,57405,2S,10,A,5,5,2027
67019157,67_67399_5136980,2097649,2S,10,B,10,10,2027
67019157,67_67399_5136980,C910203-15,2S,10,B,5,5,2027
67019157,67_67399_5136980,2151950,2S,10,A,5,5,2027
67019157,67_67399_5136980,005693-136,2S,10,A,5,5,2027
67019157,67_67399_5136980,C922002-52,2S,10,C,5,5,2027
67019157,67_67399_5136980,5980-58,2S,10,C,10,10,2027
67019157,67_67399_5136980,1286-07,2S,10,A,5,5,2027
67019158,67_67399_5136980,1746957,2S,10,A,5,5,2027
67019158,67_67399_5136980,8362-50,2S,10,C,10,10,2027
67019158,67_67399_5136980,1448978,2S,10,B,10,10,2027
67019158,67_67399_5136980,2293756,2S,10,A,5,5,2027
67019158,67_67399_5136980,C920003-01,2S,10,B,10,10,2027
67019158,67_67399_5136980,C917305-25,2S,10,B,5,5,2027
67019158,67_67399_5136980,7651-69,2S,10,A,10,10,2027
67019158,67_67399_5136980,97947,2S,10,B,5,5,2027
67019159,67_67399_5136980,1446848,2S,10,A,10,10,2027
67019159,67_67399_5136980,1746896,2S,10,C,5,5,2027
67019159,67_67399_5136980,1593341,2S,10,A,5,5,2027
67019159,67_67399_5136980,111521,2S,10,A,5,5,2027
67019159,67_67399_5136980,7651-53,2S,10,B,10,10,2027
67019159,67_67399_5136980,1494360,2S,10,B,5,5,2027
67019159,67_67399_5136980,0215-07,2S,10,B,10,10,2027
67019159,67_67399_5136980,1446728,2S,10,A,10,10,2027
67019160,67_67399_5136980,1256-21,2S,10,A,5,5,2027
67019160,67_67399_5136980,1850-03,2S,10,B,5,5,2027
67019160,67_67399_5136980,005693-537,2S,10,B,5,5,2027
67019160,67_67399_5136980,C910418-01,2S,10,A,5,5,2027
67019160,67_67399_5136980,2097590,2S,10,D,10,10,2027
67019160,67_67399_5136980,C924502-03,2S,10,C,5,5,2027
67019160,67_67399_5136980,7791-15,2S,10,A,5,5,2027
67019160,67_67399_5136980,1256-04,2S,10,A,5,5,2027
67019161,67_67399_5136980,C910204-17,2S,10,B,5,5,2027
67019161,67_67399_5136980,C910204-19,2S,10,B,5,5,2027
67019161,67_67399_5136980,C917304-12,2S,10,A,5,5,2027
67019161,67_67399_5136980,C910415-51,2S,10,B,5,5,2027
67019161,67_67399_5136980,C910430-01,2S,10,B,5,5,2027
67019161,67_67399_5136980,0215-05,2S,10,A,10,10,2027
67019161,67_67399_5136980,100809,2S,10,A,5,5,2027
67019161,67_67399_5136980,5819-32,2S,10,B,10,10,2027
67019162,67_67399_5136980,1735634,2S,10,B,5,5,2027
67019162,67_67399_5136980,C906201-02,2S,10,B,5,5,2027
67019162,67_67399_5136980,C922806-01,2S,10,B,5,5,2027
67019162,67_67399_5136980,C9104009-05,2S,10,C,5,5,2027
67019162,67_67399_5136980,7702-55,2S,10,C,5,5,2027
67019162,67_67399_5136980,7651-58,2S,10,B,10,10,2027
67019163,67_67399_5136980,1458597,2S,10,B,5,5,2027
67019163,67_67399_5136980,9226-13,2S,10,C,5,5,2027
67019163,67_67399_5136980,7651-77,2S,10,A,10,10,2027
67019163,67_67399_5136980,9814-23,2S,10,A,5,5,2027
67019163,67_67399_5136980,C910502-50,2S,10,A,5,5,2027
67019163,67_67399_5136980,980738,2S,10,B,5,5,2027
67019163,67_67399_5136980,5980-53,2S,10,A,10,10,2027
67019163,67_67399_5136980,1850-07,2S,10,C,5,5,2027
67019164,67_67399_5136980,C910400850,2S,10,A,5,5,2027
67019164,67_67399_5136980,C9104009-04,2S,10,B,5,5,2027
67019164,67_67399_5136980,1286-07,2S,10,A,5,5,2027
67019164,67_67399_5136980,1280-55,2S,10,B,5,5,2027
67019164,67_67399_5136980,596563,2S,10,A,5,5,2027
67019164,67_67399_5136980,5819-14,2S,10,B,10,10,2027
67019164,67_67399_5136980,C917304-13,2S,10,B,5,5,2027
67019164,67_67399_5136980,C922001-53,2S,10,A,5,5,2027
67019165,67_67399_5136980,C906201-03,2S,10,B,5,5,2027
67019165,67_67399_5136980,1728-04,2S,10,A,5,5,2027
67019165,67_67399_5136980,1464683,2S,10,C,10,10,2027
67019165,67_67399_5136980,C910204-07,2S,10,A,5,5,2027
67019165,67_67399_5136980,4579-50,2S,10,C,5,5,2027
67019165,67_67399_5136980,9815-37,2S,10,B,5,5,2027
67019165,67_67399_5136980,2098411,2S,10,A,10,10,2027
67019165,67_67399_5136980,0218-06,2S,10,A,10,10,2027
67019166,67_67399_5136980,C910201-03,2S,10,B,5,5,2027
67019166,67_67399_5136980,7708-62,2S,10,C,5,5,2027
67019166,67_67399_5136980,3533-18,2S,10,B,5,5,2027
67019166,67_67399_5136980,7651-55,2S,10,A,10,10,2027
67019166,67_67399_5136980,C917304-12,2S,10,A,5,5,2027
67019166,67_67399_5136980,C922701-01,2S,10,C,10,10,2027
67019166,67_67399_5136980,C9104008-01,2S,10,C,5,5,2027
67019167,67_67399_5136980,C910418-08,2S,10,B,5,5,2027
67019167,67_67399_5136980,1710-06,2S,10,B,5,5,2027
67019167,67_67399_5136980,C922704-02,2S,10,A,10,10,2027
67019167,67_67399_5136980,7651-65,2S,10,C,10,10,2027
67019167,67_67399_5136980,2890621,2S,10,A,5,5,2027
67019167,67_67399_5136980,C9104009-5,2S,10,A,5,5,2027
67019167,67_67399_5136980,C910202-09,2S,10,A,5,5,2027
67019167,67_67399_5136980,1288-05,2S,10,C,5,5,2027
67019168,67_67399_5136980,C910204-04,2S,10,C,5,5,2027
67019168,67_67399_5136980,4579-52,2S,10,A,5,5,2027
67019168,67_67399_5136980,1850-09,2S,10,A,5,5,2027
67019168,67_67399_5136980,005693-434,2S,10,A,5,5,2027
67019168,67_67399_5136980,9814-19,2S,10,C,5,5,2027
67019168,67_67399_5136980,1710-04,2S,10,A,5,5,2027
67019168,67_67399_5136980,2097164,2S,10,C,10,10,2027
67019168,67_67399_5136980,C920005-01,2S,10,A,10,10,2027
67019169,67_67399_5136980,C910202-14,2S,10,B,5,5,2027
67019169,67_67399_5136980,C922704-01,2S,10,A,10,10,2027
67019169,67_67399_5136980,2252,2S,10,C,5,5,2027
67019169,67_67399_5136980,1409777,2S,10,A,10,10,2027
67019169,67_67399_5136980,2890865,2S,10,B,5,5,2027
67019169,67_67399_5136980,005693--33,2S,10,A,5,5,2027
67019169,67_67399_5136980,C9104007-13,2S,10,A,5,5,2027
67019169,67_67399_5136980,C910203-18,2S,10,A,5,5,2027
67019170,67_67399_5136980,4578-51,2S,10,A,5,5,2027
67019170,67_67399_5136980,C910203-02,2S,10,B,5,5,2027
67019170,67_67399_5136980,9814-20,2S,10,B,5,5,2027
67019170,67_67399_5136980,5819-31,2S,10,A,10,10,2027
67019170,67_67399_5136980,C920004-02,2S,10,D,10,10,2027
67019170,67_67399_5136980,C9104012-01,2S,10,F,5,0,2027
67019171,67_67399_5136980,1254-19,2S,10,C,5,5,2027
67019171,67_67399_5136980,9815-21,2S,10,A,5,5,2027
67019171,67_67399_5136980,5819-21,2S,10,A,10,10,2027
67019171,67_67399_5136980,2676073,2S,10,A,5,5,2027
67019171,67_67399_5136980,C9104010-01,2S,10,A,5,5,2027
67019171,67_67399_5136980,C910501-50,2S,10,B,5,5,2027
67019171,67_67399_5136980,1385488,2S,10,A,5,5,2027
67019171,67_67399_5136980,C9104006-03,2S,10,A,5,5,2027
67019172,67_67399_5136980,1748449,2S,10,A,5,5,2027
67019172,67_67399_5136980,6687-13,2S,10,A,5,5,2027
67019172,67_67399_5136980,57589,2S,10,D,5,5,2027
67019172,67_67399_5136980,2097741,2S,10,B,10,10,2027
67019172,67_67399_5136980,C917305-10,2S,10,B,5,5,2027
67019172,67_67399_5136980,C922005-02,2S,10,A,5,5,2027
67019172,67_67399_5136980,005693-337,2S,10,B,5,5,2027
67019172,67_67399_5136980,1385611,2S,10,B,5,5,2027
67019173,67_67399_5136980,C910201-02,2S,10,C,5,5,2027
67019173,67_67399_5136980,C917304-12,2S,10,B,5,5,2027
67019173,67_67399_5136980,1592915,2S,10,A,5,5,2027
67019173,67_67399_5136980,C922703-02,2S,10,C,10,10,2027
67019173,67_67399_5136980,9104015-31,2S,10,C,5,5,2027
67019173,67_67399_5136980,9104015-11,2S,10,C,5,5,2027
67019173,67_67399_5136980,7641-54,2S,10,A,10,10,2027
67019173,67_67399_5136980,C924507-51,2S,10,B,5,5,2027
67019174,67_67399_5136980,C917305-11,2S,10,B,5,5,2027
67019174,67_67399_5136980,C9104009-05,2S,10,A,5,5,2027
67019174,67_67399_5136980,C910201-03,2S,10,A,5,5,2027
67019174,67_67399_5136980,1458597,2S,10,B,5,5,2027
67019174,67_67399_5136980,596502,2S,10,B,5,5,2027
67019174,67_67399_5136980,1850-07,2S,10,A,5,5,2027
67019174,67_67399_5136980,5819-14,2S,10,A,10,10,2027
67019174,67_67399_5136980,1254-03,2S,10,B,5,5,2027
67019175,67_67399_5136980,C920003-02,2S,10,A,10,10,2027
67019175,67_67399_5136980,C923204-03,2S,10,A,5,5,2027
67019175,67_67399_5136980,2224,2S,10,A,5,5,2027
67019175,67_67399_5136980,1431387,2S,10,A,10,10,2027
67019175,67_67399_5136980,C925402-07,2S,10,A,5,5,2027
67019175,67_67399_5136980,4578-52,2S,10,A,5,5,2027
67019175,67_67399_5136980,C910202-06,2S,10,B,5,5,2027
67019175,67_67399_5136980,C922005-02,2S,10,C,5,5,2027
67019176,67_67399_5136980,1883-03,2S,10,B,5,5,2027
67019176,67_67399_5136980,240728,2S,10,C,5,5,2027
67019176,67_67399_5136980,23743,2S,10,C,5,5,2027
67019176,67_67399_5136980,C9104009-01,2S,10,B,5,5,2027
67019176,67_67399_5136980,5819-20,2S,10,A,10,10,2027
67019176,67_67399_5136980,1882-01,2S,10,C,5,5,2027
67019176,67_67399_5136980,1280-55,2S,10,A,5,5,2027
67019176,67_67399_5136980,1254-09,2S,10,B,5,5,2027
67019177,67_67399_5136980,1748599,2S,10,B,5,5,2027
67019177,67_67399_5136980,C910416-53,2S,10,B,5,5,2027
67019177,67_67399_5136980,5819-24,2S,10,B,10,10,2027
67019177,67_67399_5136980,1446818,2S,10,A,10,10,2027
67019177,67_67399_5136980,1790-42,2S,10,C,5,5,2027
67019177,67_67399_5136980,C925402-03,2S,10,C,5,5,2027
67019177,67_67399_5136980,05693-1311,2S,10,A,5,5,2027
67019177,67_67399_5136980,8364-50,2S,10,A,10,10,2027
67019178,67_67399_5136980,9815-51,2S,10,B,5,5,2027
67019178,67_67399_5136980,C910202-09,2S,10,B,5,5,2027
67019178,67_67399_5136980,C910203-09,2S,10,A,5,5,2027
67019178,67_67399_5136980,1850-05,2S,10,A,5,5,2027
67019178,67_67399_5136980,1458506,2S,10,A,5,5,2027
67019178,67_67399_5136980,5793-33,2S,10,A,5,5,2027
67019178,67_67399_5136980,1494695,2S,10,A,5,5,2027
67019178,67_67399_5136980,5819-23,2S,10,A,10,10,2027
67019179,67_67399_5136980,1256-03,2S,10,A,5,5,2027
67019179,67_67399_5136980,1284-03,2S,10,C,5,5,2027
67019179,67_67399_5136980,596747,2S,10,A,5,5,2027
67019179,67_67399_5136980,2097741,2S,10,B,10,10,2027
67019179,67_67399_5136980,24259,2S,10,A,5,5,2027
67019179,67_67399_5136980,C9104009-5,2S,10,C,5,5,2027
67019179,67_67399_5136980,C9104012-01,2S,10,A,5,5,2027
67019179,67_67399_5136980,C922002-52,2S,10,B,5,5,2027
67019180,67_67399_5136980,1256-20,2S,10,B,5,5,2027
67019180,67_67399_5136980,C910203-10,2S,10,A,5,5,2027
67019180,67_67399_5136980,111066,2S,10,D,5,5,2027
67019180,67_67399_5136980,7651-69,2S,10,B,10,10,2027
67019180,67_67399_5136980,5992-32,2S,10,B,5,5,2027
67019180,67_67399_5136980,C9104008-02,2S,10,B,5,5,2027
67019180,67_67399_5136980,005693-137,2S,10,B,5,5,2027
67019180,67_67399_5136980,5980-56,2S,10,C,10,10,2027
67019181,67_67399_5136980,5819-32,2S,10,B,10,10,2027
67019181,67_67399_5136980,C923204-02,2S,10,A,5,5,2027
67019181,67_67399_5136980,C924507-52,2S,10,A,5,5,2027
67019181,67_67399_5136980,C910430-02,2S,10,C,5,5,2027
67019181,67_67399_5136980,1746592,2S,10,A,5,5,2027
67019181,67_67399_5136980,C906202-02,2S,10,C,5,5,2027
67019181,67_67399_5136980,C910201-02,2S,10,A,5,5,2027
67019181,67_67399_5136980,0005693-23,2S,10,B,5,5,2027
67019182,67_67399_5136980,1464655,2S,10,A,10,10,2027
67019182,67_67399_5136980,298525,2S,10,A,10,10,2027
67019182,67_67399_5136980,2099447,2S,10,A,5,5,2027
67019182,67_67399_5136980,1446728,2S,10,A,10,10,2027
67019182,67_67399_5136980,8697-18,2S,10,B,5,5,2027
67019182,67_67399_5136980,23802,2S,10,A,5,5,2027
67019183,67_67399_5136980,1748630,2S,10,A,5,5,2027
67019183,67_67399_5136980,7702-61,2S,10,A,5,5,2027
67019183,67_67399_5136980,C922712-01,2S,10,C,10,10,2027
67019183,67_67399_5136980,C922203-50,2S,10,B,5,5,2027
67019183,67_67399_5136980,1464683,2S,10,A,10,10,2027
67019183,67_67399_5136980,1710-20,2S,10,A,5,5,2027
67019183,67_67399_5136980,2097680,2S,10,B,10,10,2027
67019183,67_67399_5136980,9814-18,2S,10,A,5,5,2027
67019184,67_67399_5136980,C910203-01,2S,10,B,5,5,2027
67019184,67_67399_5136980,C910201-12,2S,10,A,5,5,2027
67019184,67_67399_5136980,2097590,2S,10,B,10,10,2027
67019184,67_67399_5136980,97157,2S,10,B,5,5,2027
67019184,67_67399_5136980,1768930,2S,10,C,5,5,2027
67019184,67_67399_5136980,005693--33,2S,10,B,5,5,2027
67019184,67_67399_5136980,C910416-57,2S,10,B,5,5,2027
67019184,67_67399_5136980,C910429-50,2S,10,B,5,5,2027
67019185,67_67399_5136980,2294122,2S,10,A,5,5,2027
67019185,67_67399_5136980,1494726,2S,10,A,5,5,2027
67019185,67_67399_5136980,1746865,2S,10,B,5,5,2027
67019185,67_67399_5136980,C910204-02,2S,10,B,5,5,2027
67019185,67_67399_5136980,2890927,2S,10,B,5,5,2027
67019185,67_67399_5136980,1431477,2S,10,A,10,10,2027
67019185,67_67399_5136980,C910416-53,2S,10,B,5,5,2027
67019185,67_67399_5136980,1422043,2S,10,C,5,5,2027
67019186,67_67399_5136980,C910416-59,2S,10,B,5,5,2027
67019186,67_67399_5136980,1494268,2S,10,A,5,5,2027
67019186,67_67399_5136980,2098411,2S,10,B,10,10,2027
67019186,67_67399_5136980,2891108,2S,10,C,5,5,2027
67019186,67_67399_5136980,1747016,2S,10,A,5,5,2027
67019186,67_67399_5136980,6683-15,2S,10,A,5,5,2027
67019186,67_67399_5136980,1850-03,2S,10,A,5,5,2027
67019186,67_67399_5136980,C9104007-03,2S,10,B,5,5,2027
67019187,67_67399_5136980,2293999,2S,10,B,5,5,2027
67019187,67_67399_5136980,C922712-02,2S,10,B,10,10,2027
67019187,67_67399_5136980,5793-21,2S,10,B,5,5,2027
67019187,67_67399_5136980,24139,2S,10,A,5,5,2027
67019187,67_67399_5136980,7651-58,2S,10,A,10,10,2027
67019187,67_67399_5136980,2057-15,2S,10,C,5,5,2027
67019187,67_67399_5136980,C910202-13,2S,10,A,5,5,2027
67019187,67_67399_5136980,1280-53,2S,10,B,5,5,2027
67019188,67_67399_5136980,C910204-05,2S,10,A,5,5,2027
67019188,67_67399_5136980,9814-16,2S,10,A,5,5,2027
67019188,67_67399_5136980,2097710,2S,10,A,10,10,2027
67019188,67_67399_5136980,0215-08,2S,10,A,10,10,2027
67019188,67_67399_5136980,C910202-21,2S,10,A,5,5,2027
67019188,67_67399_5136980,C910429-50,2S,10,B,5,5,2027
67019188,67_67399_5136980,C922005-01,2S,10,B,5,5,2027
67019188,67_67399_5136980,1710-02,2S,10,B,5,5,2027
67019189,67_67399_5136980,8180-54,2S,10,C,5,5,2027
67019189,67_67399_5136980,C922205-01,2S,10,B,5,5,2027
67019189,67_67399_5136980,5693-41,2S,10,C,5,5,2027
67019189,67_67399_5136980,1494726,2S,10,B,5,5,2027
67019189,67_67399_5136980,2097710,2S,10,A,10,10,2027
67019189,67_67399_5136980,1748599,2S,10,C,5,5,2027
67019189,67_67399_5136980,1748569,2S,10,B,5,5,2027
67019189,67_67399_5136980,9815-42,2S,10,C,5,5,2027
67019190,67_67399_5136980,5693-042,2S,10,A,5,5,2027
67019190,67_67399_5136980,C910417-03,2S,10,B,5,5,2027
67019190,67_67399_5136980,27791,2S,10,C,5,5,2027
67019190,67_67399_5136980,7651-51,2S,10,C,10,10,2027
67019190,67_67399_5136980,05693-2311,2S,10,B,5,5,2027
67019190,67_67399_5136980,3533-14,2S,10,B,5,5,2027
67019190,67_67399_5136980,1254-19,2S,10,A,5,5,2027
67019190,67_67399_5136980,1254-21,2S,10,B,5,5,2027
67019191,67_67399_5136980,C917304-06,2S,10,C,5,5,2027
67019191,67_67399_5136980,C910201-06,2S,10,C,5,5,2027
67019191,67_67399_5136980,C910802-03,2S,10,A,5,5,2027
67019191,67_67399_5136980,9814-50,2S,10,C,5,5,2027
67019191,67_67399_5136980,7651-65,2S,10,C,10,10,2027
67019191,67_67399_5136980,9104015-11,2S,10,A,5,5,2027
67019191,67_67399_5136980,0005910-33,2S,10,A,10,10,2027
67019191,67_67399_5136980,C9104007-03,2S,10,A,5,5,2027
67019192,67_67399_5136980,C910203-13,2S,10,B,5,5,2027
67019192,67_67399_5136980,C9104009-04,2S,10,A,5,5,2027
67019192,67_67399_5136980,C922005-02,2S,10,A,5,5,2027
67019192,67_67399_5136980,C922711-01,2S,10,A,10,10,2027
67019192,67_67399_5136980,2151677,2S,10,A,5,5,2027
67019192,67_67399_5136980,7651-59,2S,10,B,10,10,2027
67019192,67_67399_5136980,9814-25,2S,10,B,5,5,2027
67019192,67_67399_5136980,1256-16,2S,10,A,5,5,2027
67019193,67_67399_5136980,1746988,2S,10,A,5,5,2027
67019193,67_67399_5136980,C910416-50,2S,10,C,5,5,2027
67019193,67_67399_5136980,1254-21,2S,10,A,5,5,2027
67019193,67_67399_5136980,3533-15,2S,10,B,5,5,2027
67019193,67_67399_5136980,7651-57,2S,10,A,10,10,2027
67019193,67_67399_5136980,1710-20,2S,10,B,5,5,2027
67019193,67_67399_5136980,1883-06,2S,10,B,5,5,2027
67019193,67_67399_5136980,0215-03,2S,10,B,10,10,2027
67019194,67_67399_5136980,C910430-04,2S,10,B,5,5,2027
67019194,67_67399_5136980,C922701-01,2S,10,A,10,10,2027
67019194,67_67399_5136980,5693-13,2S,10,B,5,5,2027
67019194,67_67399_5136980,C910204-07,2S,10,A,5,5,2027
67019194,67_67399_5136980,C910203-09,2S,10,A,5,5,2027
67019194,67_67399_5136980,57405,2S,10,C,5,5,2027
67019194,67_67399_5136980,5990-51,2S,10,A,10,10,2027
67019194,67_67399_5136980,1859,2S,10,A,5,5,2027
67019195,67_67399_5136980,2294150,2S,10,B,5,5,2027
67019195,67_67399_5136980,1883-02,2S,10,B,5,5,2027
67019195,67_67399_5136980,2099447,2S,10,A,5,5,2027
67019195,67_67399_5136980,7702-56,2S,10,B,5,5,2027
67019195,67_67399_5136980,2890927,2S,10,B,5,5,2027
67019195,67_67399_5136980,217353,2S,10,C,10,10,2027
67019195,67_67399_5136980,1790-02,2S,10,A,5,5,2027
67019195,67_67399_5136980,1883-07,2S,10,B,5,5,2027
67019196,67_67399_5136980,005693-135,2S,10,B,5,5,2027
67019196,67_67399_5136980,C922003-01,2S,10,B,5,5,2027
67019196,67_67399_5136980,5980-52,2S,10,C,10,10,2027
67019196,67_67399_5136980,2675769,2S,10,A,5,5,2027
67019196,67_67399_5136980,6683-16,2S,10,A,5,5,2027
67019196,67_67399_5136980,C925402-06,2S,10,C,5,5,2027
67019196,67_67399_5136980,2482829,2S,10,B,5,5,2027
67019196,67_67399_5136980,216682,2S,10,A,10,10,2027
67019197,67_67399_5136980,7702-54,2S,10,C,5,5,2027
67019197,67_67399_5136980,2139471,2S,10,A,5,5,2027
67019197,67_67399_5136980,C922806-01,2S,10,B,5,5,2027
67019197,67_67399_5136980,9814-41,2S,10,B,5,5,2027
67019197,67_67399_5136980,C922002-50,2S,10,A,5,5,2027
67019197,67_67399_5136980,C920004-02,2S,10,A,10,10,2027
67019198,67_67399_5136980,5693-21,2S,10,A,5,5,2027
67019198,67_67399_5136980,2294211,2S,10,A,5,5,2027
67019198,67_67399_5136980,2482707,2S,10,A,5,5,2027
67019198,67_67399_5136980,8697-18,2S,10,B,5,5,2027
67019198,67_67399_5136980,C917304-09,2S,10,A,5,5,2027
67019198,67_67399_5136980,1431418,2S,10,A,10,10,2027
67019198,67_67399_5136980,9814-19,2S,10,A,5,5,2027
67019198,67_67399_5136980,0215-07,2S,10,B,10,10,2027
67019199,67_67399_5136980,1458416,2S,10,C,5,5,2027
67019199,67_67399_5136980,C910400803,2S,10,A,5,5,2027
67019199,67_67399_5136980,C922001-53,2S,10,B,5,5,2027
67019199,67_67399_5136980,1254-06,2S,10,C,5,5,2027
67019199,67_67399_5136980,1790-19,2S,10,B,5,5,2027
67019199,67_67399_5136980,1254-06,2S,10,B,5,5,2027
67019199,67_67399_5136980,5819-31,2S,10,A,10,10,2027
67019199,67_67399_5136980,2057-14,2S,10,B,5,5,2027
67019200,67_67399_5136980,1254-17,2S,10,B,5,5,2027
67019200,67_67399_5136980,C924508-01,2S,10,B,5,5,2027
67019200,67_67399_5136980,5819-31,2S,10,B,10,10,2027
67019200,67_67399_5136980,1790-11,2S,10,A,5,5,2027
67019200,67_67399_5136980,7708-54,2S,10,B,5,5,2027
67019200,67_67399_5136980,C906201-04,2S,10,A,5,5,2027
67019200,67_67399_5136980,0215-04,2S,10,A,10,10,2027
67019200,67_67399_5136980,C9104006-05,2S,10,B,5,5,2027
67019201,67_67399_5136980,C917305-14,2S,10,B,5,5,2027
67019201,67_67399_5136980,90948,2S,10,A,5,5,2027
67019201,67_67399_5136980,C920002-02,2S,10,C,10,10,2027
67019201,67_67399_5136980,C910418-13,2S,10,B,5,5,2027
67019201,67_67399_5136980,C910202-17,2S,10,F,5,0,2027
67019201,67_67399_5136980,9814-14,2S,10,A,5,5,2027
67019201,67_67399_5136980,7641-54,2S,10,A,10,10,2027
67019202,67_67399_5136980,298405,2S,10,C,10,10,2027
67019202,67_67399_5136980,C910416-59,2S,10,B,5,5,2027
67019202,67_67399_5136980,C906201-03,2S,10,A,5,5,2027
67019202,67_67399_5136980,5991-21,2S,10,C,5,5,2027
67019202,67_67399_5136980,7651-77,2S,10,B,10,10,2027
67019202,67_67399_5136980,596716,2S,10,A,5,5,2027
67019202,67_67399_5136980,C910201-02,2S,10,B,5,5,2027
67019202,67_67399_5136980,C910801-03,2S,10,B,5,5,2027
67019203,67_67399_5136980,1010-50,2S,10,B,10,10,2027
67019203,67_67399_5136980,C910601-50,2S,10,C,5,5,2027
67019203,67_67399_5136980,596686,2S,10,C,5,5,2027
67019203,67_67399_5136980,7641-54,2S,10,A,10,10,2027
67019203,67_67399_5136980,1494268,2S,10,D,5,5,2027
67019203,67_67399_5136980,0218-02,2S,10,A,10,10,2027
67019203,67_67399_5136980,C922203-51,2S,10,A,5,5,2027
67019203,67_67399_5136980,C920004-01,2S,10,B,10,10,2027
67019204,67_67399_5136980,C910203-08,2S,10,B,5,5,2027
67019204,67_67399_5136980,6687-16,2S,10,B,5,5,2027
67019204,67_67399_5136980,9814-16,2S,10,A,5,5,2027
67019204,67_67399_5136980,7641-57,2S,10,B,10,10,2027
67019204,67_67399_5136980,1710-20,2S,10,D,5,5,2027
67019204,67_67399_5136980,1421892,2S,10,C,5,5,2027
67019204,67_67399_5136980,C922204-50,2S,10,A,5,5,2027
67019204,67_67399_5136980,5693-13,2S,10,C,5,5,2027
67019205,67_67399_5136980,C922002-50,2S,10,A,5,5,2027
67019205,67_67399_5136980,005693-136,2S,10,C,5,5,2027
67019205,67_67399_5136980,5980-57,2S,10,B,10,10,2027
67019205,67_67399_5136980,1790-16,2S,10,A,5,5,2027
67019205,67_67399_5136980,1431507,2S,10,C,10,10,2027
67019205,67_67399_5136980,9814-18,2S,10,C,5,5,2027
67019205,67_67399_5136980,7702-53,2S,10,B,5,5,2027
67019205,67_67399_5136980,2482646,2S,10,A,5,5,2027
67019206,67_67399_5136980,C910501-50,2S,10,A,5,5,2027
67019206,67_67399_5136980,7708-57,2S,10,B,5,5,2027
67019206,67_67399_5136980,C910417-06,2S,10,B,5,5,2027
67019206,67_67399_5136980,C922204-50,2S,10,A,5,5,2027
67019206,67_67399_5136980,C922007-01,2S,10,C,5,5,2027
67019206,67_67399_5136980,5992-14,2S,10,A,5,5,2027
67019206,67_67399_5136980,596594,2S,10,A,5,5,2027
67019206,67_67399_5136980,2493-51,2S,10,B,10,10,2027
67019207,67_67399_5136980,9815-19,2S,10,B,5,5,2027
67019207,67_67399_5136980,7651-60,2S,10,B,10,10,2027
67019207,67_67399_5136980,C910203-16,2S,10,B,5,5,2027
67019207,67_67399_5136980,1280-56,2S,10,A,5,5,2027
67019207,67_67399_5136980,24139,2S,10,B,5,5,2027
67019207,67_67399_5136980,C910418-09,2S,10,B,5,5,2027
67019207,67_67399_5136980,C910418-04,2S,10,B,5,5,2027
67019207,67_67399_5136980,2294030,2S,10,B,5,5,2027
67019208,67_67399_5136980,1494513,2S,10,A,5,5,2027
67019208,67_67399_5136980,9814-21,2S,10,A,5,5,2027
67019208,67_67399_5136980,7651-76,2S,10,B,10,10,2027
67019208,67_67399_5136980,7708-61,2S,10,A,5,5,2027
67019208,67_67399_5136980,C910400850,2S,10,A,5,5,2027
67019208,67_67399_5136980,1385488,2S,10,A,5,5,2027
67019208,67_67399_5136980,5693-31,2S,10,B,5,5,2027
67019208,67_67399_5136980,1254-15,2S,10,B,5,5,2027
67019209,67_67399_5136980,0215-07,2S,10,A,10,10,2027
67019209,67_67399_5136980,C910415-50,2S,10,C,5,5,2027
67019209,67_67399_5136980,1385458,2S,10,B,5,5,2027
67019209,67_67399_5136980,C910204-12,2S,10,C,5,5,2027
67019209,67_67399_5136980,2891077,2S,10,B,5,5,2027
67019209,67_67399_5136980,1286-06,2S,10,A,5,5,2027
67019209,67_67399_5136980,5992-20,2S,10,A,5,5,2027
67019209,67_67399_5136980,217353,2S,10,C,10,10,2027
67019210,67_67399_5136980,1254-14,2S,10,B,5,5,2027
67019210,67_67399_5136980,C9104009-05,2S,10,A,5,5,2027
67019210,67_67399_5136980,5693-13,2S,10,B,5,5,2027
67019210,67_67399_5136980,C910415-56,2S,10,A,5,5,2027
67019210,67_67399_5136980,C917305-21,2S,10,B,5,5,2027
67019210,67_67399_5136980,2099082,2S,10,A,10,10,2027
67019210,67_67399_5136980,C910204-10,2S,10,B,5,5,2027
67019210,67_67399_5136980,596655,2S,10,C,5,5,2027
67019211,67_67399_5136980,C910417-06,2S,10,A,5,5,2027
67019211,67_67399_5136980,005693-134,2S,10,A,5,5,2027
67019211,67_67399_5136980,240728,2S,10,B,5,5,2027
67019211,67_67399_5136980,2151889,2S,10,A,5,5,2027
67019211,67_67399_5136980,7641-53,2S,10,A,10,10,2027
67019211,67_67399_5136980,111095,2S,10,A,5,5,2027
67019211,67_67399_5136980,1284-06,2S,10,B,5,5,2027
67019211,67_67399_5136980,C910201-06,2S,10,A,5,5,2027
67019212,67_67399_5136980,596443,2S,10,B,5,5,2027
67019212,67_67399_5136980,7651-59,2S,10,B,10,10,2027
67019212,67_67399_5136980,C910204-20,2S,10,C,5,5,2027
67019212,67_67399_5136980,9104016-13,2S,10,A,5,5,2027
67019212,67_67399_5136980,C910203-14,2S,10,C,5,5,2027
67019212,67_67399_5136980,1790-19,2S,10,A,5,5,2027
67019212,67_67399_5136980,9000-50,2S,10,A,5,5,2027
67019212,67_67399_5136980,C9104009-5,2S,10,B,5,5,2027
67019213,67_67399_5136980,100809,2S,10,A,5,5,2027
67019213,67_67399_5136980,1276-53,2S,10,B,5,5,2027
67019213,67_67399_5136980,1276-52,2S,10,B,5,5,2027
67019213,67_67399_5136980,1624-01,2S,10,A,10,10,2027
67019213,67_67399_5136980,C910418-11,2S,10,C,5,5,2027
67019213,67_67399_5136980,5819-15,2S,10,C,10,10,2027
67019213,67_67399_5136980,1446848,2S,10,A,10,10,2027
67019213,67_67399_5136980,2151766,2S,10,A,5,5,2027
67019214,67_67399_5136980,9104016-52,2S,10,B,5,5,2027
67019214,67_67399_5136980,005693-536,2S,10,A,5,5,2027
67019214,67_67399_5136980,C917401-01,2S,10,A,5,5,2027
67019214,67_67399_5136980,2294181,2S,10,A,5,5,2027
67019214,67_67399_5136980,1746592,2S,10,C,5,5,2027
67019214,67_67399_5136980,C910801-03,2S,10,B,5,5,2027
67019214,67_67399_5136980,9814-25,2S,10,A,5,5,2027
67019214,67_67399_5136980,7651-71,2S,10,A,10,10,2027
67019215,67_67399_5136980,9226-15,2S,10,B,5,5,2027
67019215,67_67399_5136980,C910204-06,2S,10,B,5,5,2027
67019215,67_67399_5136980,C922001-53,2S,10,C,5,5,2027
67019215,67_67399_5136980,C924502-02,2S,10,A,5,5,2027
67019215,67_67399_5136980,05693-2311,2S,10,D,5,5,2027
67019215,67_67399_5136980,C910204-17,2S,10,A,5,5,2027
67019216,67_67399_5136980,1254-18,2S,10,A,5,5,2027
67019216,67_67399_5136980,298464,2S,10,B,10,10,2027
67019216,67_67399_5136980,5991-19,2S,10,B,5,5,2027
67019216,67_67399_5136980,216682,2S,10,B,10,10,2027
67019216,67_67399_5136980,2891077,2S,10,C,5,5,2027
67019216,67_67399_5136980,05693-3310,2S,10,A,5,5,2027
67019216,67_67399_5136980,C910203-05,2S,10,B,5,5,2027
67019216,67_67399_5136980,90948,2S,10,B,5,5,2027
67019217,67_67399_5136980,980738,2S,10,B,5,5,2027
67019217,67_67399_5136980,8697-20,2S,10,B,5,5,2027
67019217,67_67399_5136980,1494268,2S,10,A,5,5,2027
67019217,67_67399_5136980,C923203-01,2S,10,B,5,5,2027
67019217,67_67399_5136980,1458506,2S,10,C,5,5,2027
67019217,67_67399_5136980,9815-21,2S,10,B,5,5,2027
67019217,67_67399_5136980,C910416-57,2S,10,A,5,5,2027
67019217,67_67399_5136980,7651-72,2S,10,B,10,10,2027
67019218,67_67399_5136980,9814-22,2S,10,A,5,5,2027
67019218,67_67399_5136980,1409473,2S,10,A,10,10,2027
67019218,67_67399_5136980,C910204-11,2S,10,A,5,5,2027
67019218,67_67399_5136980,C910400850,2S,10,B,5,5,2027
67019218,67_67399_5136980,1226-50,2S,10,A,5,5,2027
67019218,67_67399_5136980,90948,2S,10,A,5,5,2027
67019218,67_67399_5136980,1592915,2S,10,A,5,5,2027
67019218,67_67399_5136980,23833,2S,10,A,5,5,2027
67019219,67_67399_5136980,1286-05,2S,10,B,5,5,2027
67019219,67_67399_5136980,7702-57,2S,10,B,5,5,2027
67019219,67_67399_5136980,57589,2S,10,A,5,5,2027
67019219,67_67399_5136980,2099051,2S,10,C,10,10,2027
67019219,67_67399_5136980,C917305-28,2S,10,C,5,5,2027
67019219,67_67399_5136980,1883-04,2S,10,A,5,5,2027
67019219,67_67399_5136980,1458536,2S,10,A,5,5,2027
67019219,67_67399_5136980,C910415-53,2S,10,C,5,5,2027
67019220,67_67399_5136980,C910202-05,2S,10,C,5,5,2027
67019220,67_67399_5136980,1385519,2S,10,B,5,5,2027
67019220,67_67399_5136980,298525,2S,10,B,10,10,2027
67019220,67_67399_5136980,1883-06,2S,10,A,5,5,2027
67019220,67_67399_5136980,1494240,2S,10,A,5,5,2027
67019220,67_67399_5136980,5819-15,2S,10,C,10,10,2027
67019220,67_67399_5136980,57346,2S,10,A,5,5,2027
67019220,67_67399_5136980,1746773,2S,10,A,5,5,2027
67019221,67_67399_5136980,5693-53,2S,10,A,5,5,2027
67019221,67_67399_5136980,C910400803,2S,10,A,5,5,2027
67019221,67_67399_5136980,C9104006-05,2S,10,A,5,5,2027
67019221,67_67399_5136980,1710-13,2S,10,B,5,5,2027
67019221,67_67399_5136980,7651-55,2S,10,B,10,10,2027
67019221,67_67399_5136980,2890865,2S,10,C,5,5,2027
67019221,67_67399_5136980,C910201-13,2S,10,A,5,5,2027
67019221,67_67399_5136980,2137826,2S,10,C,5,5,2027
67019222,67_67399_5136980,1256-09,2S,10,B,5,5,2027
67019222,67_67399_5136980,1256-14,2S,10,B,5,5,2027
67019222,67_67399_5136980,1385641,2S,10,A,5,5,2027
67019222,67_67399_5136980,005693-536,2S,10,B,5,5,2027
67019222,67_67399_5136980,9814-50,2S,10,B,5,5,2027
67019222,67_67399_5136980,5819-28,2S,10,C,10,10,2027
67019222,67_67399_5136980,7791-17,2S,10,B,5,5,2027
67019222,67_67399_5136980,C923203-03,2S,10,C,5,5,2027
67019223,67_67399_5136980,1256-42,2S,10,C,5,5,2027
67019223,67_67399_5136980,2293756,2S,10,B,5,5,2027
67019223,67_67399_5136980,1385458,2S,10,A,5,5,2027
67019223,67_67399_5136980,C922002-50,2S,10,B,5,5,2027
67019223,67_67399_5136980,C910802-03,2S,10,C,5,5,2027
67019223,67_67399_5136980,57650,2S,10,B,5,5,2027
67019223,67_67399_5136980,7651-71,2S,10,A,10,10,2027
67019223,67_67399_5136980,1790-19,2S,10,C,5,5,2027
67019224,67_67399_5136980,1284-03,2S,10,C,5,5,2027
67019224,67_67399_5136980,4579-54,2S,10,B,5,5,2027
67019224,67_67399_5136980,C925401-01,2S,10,B,5,5,2027
67019224,67_67399_5136980,2097164,2S,10,A,10,10,2027
67019224,67_67399_5136980,C917304-12,2S,10,A,5,5,2027
67019224,67_67399_5136980,C922203-51,2S,10,B,5,5,2027
67019224,67_67399_5136980,5980-59,2S,10,A,10,10,2027
67019224,67_67399_5136980,0218-03,2S,10,A,10,10,2027
67019225,67_67399_5136980,C910203-10,2S,10,C,5,5,2027
67019225,67_67399_5136980,1593249,2S,10,A,5,5,2027
67019225,67_67399_5136980,57589,2S,10,B,5,5,2027
67019225,67_67399_5136980,7651-57,2S,10,C,10,10,2027
67019225,67_67399_5136980,1790-09,2S,10,B,5,5,2027
67019225,67_67399_5136980,C923203-01,2S,10,B,5,5,2027
67019225,67_67399_5136980,1883-10,2S,10,B,5,5,2027
67019225,67_67399_5136980,1883-08,2S,10,B,5,5,2027
67019226,67_67399_5136980,C910602-50,2S,10,B,5,5,2027
67019226,67_67399_5136980,57466,2S,10,B,5,5,2027
67019226,67_67399_5136980,C922007-02,2S,10,B,5,5,2027
67019226,67_67399_5136980,9104015-51,2S,10,A,5,5,2027
67019226,67_67399_5136980,298525,2S,10,B,10,10,2027
67019226,67_67399_5136980,7651-72,2S,10,C,10,10,2027
67019226,67_67399_5136980,7791-24,2S,10,A,5,5,2027
67019226,67_67399_5136980,C910202-02,2S,10,A,5,5,2027
67019227,67_67399_5136980,05693-3310,2S,10,A,5,5,2027
67019227,67_67399_5136980,C930302-02,2S,10,B,10,10,2027
67019227,67_67399_5136980,C9104009-5,2S,10,C,5,5,2027
67019227,67_67399_5136980,C917304-14,2S,10,C,5,5,2027
67019227,67_67399_5136980,C931602-03,2S,10,B,10,10,2027
67019227,67_67399_5136980,9814-20,2S,10,A,5,5,2027
67019227,67_67399_5136980,1748691,2S,10,A,5,5,2027
67019227,67_67399_5136980,C910204-12,2S,10,C,5,5,2027
67019228,67_67399_5136980,1710-05,2S,10,A,5,5,2027
67019228,67_67399_5136980,C910400701,2S,10,B,5,5,2027
67019228,67_67399_5136980,9104016-13,2S,10,A,5,5,2027
67019228,67_67399_5136980,240756,2S,10,B,5,5,2027
67019228,67_67399_5136980,1254-20,2S,10,A,5,5,2027
67019228,67_67399_5136980,8697-18,2S,10,B,5,5,2027
67019228,67_67399_5136980,118371,2S,10,A,5,5,2027
67019228,67_67399_5136980,1409593,2S,10,C,10,10,2027
67019229,67_67399_5136980,9814-22,2S,10,B,5,5,2027
67019229,67_67399_5136980,1409716,2S,10,F,10,0,2027
67019229,67_67399_5136980,C917304-06,2S,10,A,5,5,2027
67019229,67_67399_5136980,1850-06,2S,10,A,5,5,2027
67019229,67_67399_5136980,C910416-56,2S,10,C,5,5,2027
67019229,67_67399_5136980,C922705-02,2S,10,A,10,10,2027
67019229,67_67399_5136980,1256-12,2S,10,B,5,5,2027
67019229,67_67399_5136980,1747230,2S,10,C,5,5,2027
67019230,67_67399_5136980,C910429-01,2S,10,B,5,5,2027
67019230,67_67399_5136980,8697-16,2S,10,A,5,5,2027
67019230,67_67399_5136980,C910202-12,2S,10,A,5,5,2027
67019230,67_67399_5136980,2891139,2S,10,A,5,5,2027
67019230,67_67399_5136980,1409504,2S,10,C,10,10,2027
67019230,67_67399_5136980,2151858,2S,10,A,5,5,2027
67019230,67_67399_5136980,1385519,2S,10,A,5,5,2027
67019230,67_67399_5136980,9104015-21,2S,10,A,5,5,2027
67019231,67_67399_5136980,1883-09,2S,10,A,5,5,2027
67019231,67_67399_5136980,1710-06,2S,10,A,5,5,2027
67019231,67_67399_5136980,2890743,2S,10,A,5,5,2027
67019231,67_67399_5136980,980344,2S,10,A,5,5,2027
67019231,67_67399_5136980,C920005-01,2S,10,A,10,10,2027
67019231,67_67399_5136980,C9104010-01,2S,10,A,5,5,2027
67019231,67_67399_5136980,8364-50,2S,10,C,10,10,2027
67019231,67_67399_5136980,2097649,2S,10,C,10,10,2027
67019232,67_67399_5136980,2151980,2S,10,C,5,5,2027
67019232,67_67399_5136980,7651-55,2S,10,A,10,10,2027
67019232,67_67399_5136980,7702-50,2S,10,A,5,5,2027
67019232,67_67399_5136980,6687-13,2S,10,C,5,5,2027
67019232,67_67399_5136980,C925401-02,2S,10,C,5,5,2027
67019232,67_67399_5136980,C9104007-06,2S,10,A,5,5,2027
67019232,67_67399_5136980,1464683,2S,10,A,10,10,2027
67019232,67_67399_5136980,C910415-56,2S,10,C,5,5,2027
67019233,67_67399_5136980,3533-18,2S,10,A,5,5,2027
67019233,67_67399_5136980,1494513,2S,10,A,5,5,2027
67019233,67_67399_5136980,2293999,2S,10,D,5,5,2027
67019233,67_67399_5136980,5980-51,2S,10,D,10,10,2027
67019233,67_67399_5136980,1746743,2S,10,A,5,5,2027
67019233,67_67399_5136980,7708-60,2S,10,C,5,5,2027
67019234,67_67399_5136980,9814-21,2S,10,B,5,5,2027
67019234,67_67399_5136980,7651-65,2S,10,A,10,10,2027
67019234,67_67399_5136980,C917305-13,2S,10,A,5,5,2027
67019234,67_67399_5136980,C920004-02,2S,10,A,10,10,2027
67019234,67_67399_5136980,0218-03,2S,10,A,10,10,2027
67019234,67_67399_5136980,1448978,2S,10,B,10,10,2027
67019234,67_67399_5136980,7702-57,2S,10,A,5,5,2027
67019234,67_67399_5136980,1746926,2S,10,B,5,5,2027
67019235,67_67399_5136980,9814-24,2S,10,F,5,0,2027
67019235,67_67399_5136980,8697-52,2S,10,A,5,5,2027
67019235,67_67399_5136980,0215-05,2S,10,B,10,10,2027
67019235,67_67399_5136980,1226-52,2S,10,B,5,5,2027
67019235,67_67399_5136980,C922805-01,2S,10,C,5,5,2027
67019235,67_67399_5136980,24259,2S,10,F,5,0,2027
67019235,67_67399_5136980,216651,2S,10,A,10,10,2027
67019235,67_67399_5136980,7702-59,2S,10,A,5,5,2027
67019236,67_67399_5136980,6687-16,2S,10,B,5,5,2027
67019236,67_67399_5136980,C910418-14,2S,10,C,5,5,2027
67019236,67_67399_5136980,1254-12,2S,10,B,5,5,2027
67019236,67_67399_5136980,2891200,2S,10,C,5,5,2027
67019236,67_67399_5136980,0215-04,2S,10,A,10,10,2027
67019236,67_67399_5136980,C910430-50,2S,10,A,5,5,2027
67019236,67_67399_5136980,C917304-24,2S,10,A,5,5,2027
67019236,67_67399_5136980,217322,2S,10,C,10,10,2027
67019237,67_67399_5136980,9815-50,2S,10,B,5,5,2027
67019237,67_67399_5136980,C910201-06,2S,10,C,5,5,2027
67019237,67_67399_5136980,1494787,2S,10,A,5,5,2027
67019237,67_67399_5136980,0215-08,2S,10,B,10,10,2027
67019237,67_67399_5136980,C922004-02,2S,10,B,5,5,2027
67019237,67_67399_5136980,C920003-02,2S,10,C,10,10,2027
67019237,67_67399_5136980,1284-03,2S,10,C,5,5,2027
67019237,67_67399_5136980,217442,2S,10,A,10,10,2027
67019238,67_67399_5136980,1710-13,2S,10,B,5,5,2027
67019238,67_67399_5136980,7651-56,2S,10,A,10,10,2027
67019238,67_67399_5136980,C9104006-01,2S,10,C,5,5,2027
67019238,67_67399_5136980,C925401-02,2S,10,C,5,5,2027
67019238,67_67399_5136980,1850-06,2S,10,B,5,5,2027
67019238,67_67399_5136980,0218-04,2S,10,A,10,10,2027
67019238,67_67399_5136980,7708-57,2S,10,B,5,5,2027
67019238,67_67399_5136980,1254-41,2S,10,A,5,5,2027
67019239,67_67399_5136980,0218-05,2S,10,B,10,10,2027
67019239,67_67399_5136980,240756,2S,10,C,5,5,2027
67019239,67_67399_5136980,C9104009-50,2S,10,A,5,5,2027
67019239,67_67399_5136980,7702-59,2S,10,A,5,5,2027
67019239,67_67399_5136980,1746804,2S,10,C,5,5,2027
67019239,67_67399_5136980,C925401-04,2S,10,B,5,5,2027
67019239,67_67399_5136980,5819-33,2S,10,B,10,10,2027
67019239,67_67399_5136980,9226-16,2S,10,A,5,5,2027
67019240,67_67399_5136980,05693-2310,2S,10,A,5,5,2027
67019240,67_67399_5136980,1421923,2S,10,B,5,5,2027
67019240,67_67399_5136980,1422043,2S,10,B,5,5,2027
67019240,67_67399_5136980,C917304-09,2S,10,C,5,5,2027
67019240,67_67399_5136980,C931602-02,2S,10,A,10,10,2027
67019240,67_67399_5136980,2057-18,2S,10,A,5,5,2027
67019240,67_67399_5136980,1254-01,2S,10,A,5,5,2027
67019240,67_67399_5136980,7702-60,2S,10,B,5,5,2027
67019241,67_67399_5136980,005693-437,2S,10,A,5,5,2027
67019241,67_67399_5136980,1446879,2S,10,A,10,10,2027
67019241,67_67399_5136980,C910400605,2S,10,B,5,5,2027
67019241,67_67399_5136980,1790-17,2S,10,C,5,5,2027
67019241,67_67399_5136980,5819-28,2S,10,A,10,10,2027
67019241,67_67399_5136980,1276-51,2S,10,B,5,5,2027
67019241,67_67399_5136980,2482676,2S,10,B,5,5,2027
67019241,67_67399_5136980,C924502-01,2S,10,A,5,5,2027
67019242,67_67399_5136980,1446728,2S,10,D,10,10,2027
67019242,67_67399_5136980,C917305-11,2S,10,C,5,5,2027
67019242,67_67399_5136980,1431387,2S,10,B,10,10,2027
67019242,67_67399_5136980,1593310,2S,10,A,5,5,2027
67019242,67_67399_5136980,980769,2S,10,A,5,5,2027
67019243,67_67399_5136980,C910204-08,2S,10,B,5,5,2027
67019243,67_67399_5136980,C910203-18,2S,10,B,5,5,2027
67019243,67_67399_5136980,C925401-03,2S,10,A,5,5,2027
67019243,67_67399_5136980,7651-61,2S,10,B,10,10,2027
67019243,67_67399_5136980,7791-13,2S,10,B,5,5,2027
67019243,67_67399_5136980,2294211,2S,10,B,5,5,2027
67019243,67_67399_5136980,C920004-02,2S,10,A,10,10,2027
67019243,67_67399_5136980,C922002-53,2S,10,A,5,5,2027
67019244,67_67399_5136980,1747138,2S,10,B,5,5,2027
67019244,67_67399_5136980,1256-09,2S,10,B,5,5,2027
67019244,67_67399_5136980,596777,2S,10,B,5,5,2027
67019244,67_67399_5136980,7651-66,2S,10,C,10,10,2027
67019244,67_67399_5136980,1494909,2S,10,A,5,5,2027
67019244,67_67399_5136980,5693-32,2S,10,A,5,5,2027
67019244,67_67399_5136980,1850-04,2S,10,A,5,5,2027
67019244,67_67399_5136980,C922005-01,2S,10,B,5,5,2027
67019245,67_67399_5136980,C9104008-02,2S,10,A,5,5,2027
67019245,67_67399_5136980,1710-17,2S,10,B,5,5,2027
67019245,67_67399_5136980,240756,2S,10,B,5,5,2027
67019245,67_67399_5136980,2097680,2S,10,C,10,10,2027
67019245,67_67399_5136980,100809,2S,10,B,5,5,2027
67019245,67_67399_5136980,C910502-50,2S,10,C,5,5,2027
67019245,67_67399_5136980,C910417-06,2S,10,A,5,5,2027
67019245,67_67399_5136980,1276-51,2S,10,B,5,5,2027
67019246,67_67399_5136980,1284-03,2S,10,C,5,5,2027
67019246,67_67399_5136980,2890955,2S,10,A,5,5,2027
67019246,67_67399_5136980,1276-51,2S,10,B,5,5,2027
67019246,67_67399_5136980,7651-72,2S,10,A,10,10,2027
67019246,67_67399_5136980,0218-04,2S,10,C,10,10,2027
67019246,67_67399_5136980,C930302-02,2S,10,C,10,10,2027
67019246,67_67399_5136980,5980-51,2S,10,C,10,10,2027
67019246,67_67399_5136980,7791-17,2S,10,A,5,5,2027
67019247,67_67399_5136980,C910501-50,2S,10,A,5,5,2027
67019247,67_67399_5136980,4579-51,2S,10,C,5,5,2027
67019247,67_67399_5136980,596563,2S,10,D,5,5,2027
67019247,67_67399_5136980,1409654,2S,10,B,10,10,2027
67019247,67_67399_5136980,27426,2S,10,F,5,0,2027
67019247,67_67399_5136980,1224-51,2S,10,B,5,5,2027
67019247,67_67399_5136980,0218-01,2S,10,B,10,10,2027
67019247,67_67399_5136980,1850-02,2S,10,C,5,5,2027
67019248,67_67399_5136980,2057-15,2S,10,B,5,5,2027
67019248,67_67399_5136980,1286-07,2S,10,A,5,5,2027
67019248,67_67399_5136980,5819-33,2S,10,A,10,10,2027
67019248,67_67399_5136980,1276-54,2S,10,B,5,5,2027
67019248,67_67399_5136980,2151677,2S,10,B,5,5,2027
67019248,67_67399_5136980,C922001-50,2S,10,B,5,5,2027
67019248,67_67399_5136980,005693-435,2S,10,B,5,5,2027
67019248,67_67399_5136980,298436,2S,10,B,10,10,2027
67019249,67_67399_5136980,9226-13,2S,10,C,5,5,2027
67019249,67_67399_5136980,1256-22,2S,10,C,5,5,2027
67019249,67_67399_5136980,C9104009-03,2S,10,C,5,5,2027
67019249,67_67399_5136980,90948,2S,10,C,5,5,2027
67019249,67_67399_5136980,8697-14,2S,10,B,5,5,2027
67019249,67_67399_5136980,C910418-03,2S,10,A,5,5,2027
67019249,67_67399_5136980,5990-51,2S,10,A,10,10,2027
67019249,67_67399_5136980,9815-31,2S,10,B,5,5,2027
67019250,67_67399_5136980,C931601-01,2S,10,B,10,10,2027
67019250,67_67399_5136980,1256-10,2S,10,B,5,5,2027
67019250,67_67399_5136980,C917304-21,2S,10,C,5,5,2027
67019250,67_67399_5136980,298495,2S,10,A,10,10,2027
67019250,67_67399_5136980,9814-25,2S,10,C,5,5,2027
67019250,67_67399_5136980,C9104007-11,2S,10,B,5,5,2027
67019250,67_67399_5136980,C910204-02,2S,10,A,5,5,2027
67019250,67_67399_5136980,5793-21,2S,10,B,5,5,2027
67019251,67_67399_5136980,1735665,2S,10,C,5,5,2027
67019251,67_67399_5136980,C910204-19,2S,10,A,5,5,2027
67019251,67_67399_5136980,C932302-50,2S,10,B,5,5,2027
67019251,67_67399_5136980,1392672,2S,10,B,5,5,2027
67019251,67_67399_5136980,2139501,2S,10,C,5,5,2027
67019251,67_67399_5136980,9814-25,2S,10,A,5,5,2027
67019251,67_67399_5136980,C922203-50,2S,10,A,5,5,2027
67019251,67_67399_5136980,9104016-12,2S,10,B,5,5,2027
67019252,67_67399_5136980,C910204-11,2S,10,C,5,5,2027
67019252,67_67399_5136980,7702-60,2S,10,A,5,5,2027
67019252,67_67399_5136980,596502,2S,10,B,5,5,2027
67019252,67_67399_5136980,7651-51,2S,10,C,10,10,2027
67019252,67_67399_5136980,C917304-20,2S,10,C,5,5,2027
67019252,67_67399_5136980,C906202-04,2S,10,A,5,5,2027
67019252,67_67399_5136980,C9104007-11,2S,10,A,5,5,2027
67019252,67_67399_5136980,C910416-54,2S,10,A,5,5,2027
67019253,67_67399_5136980,1883-04,2S,10,B,5,5,2027
67019253,67_67399_5136980,C9104006-05,2S,10,B,5,5,2027
67019253,67_67399_5136980,C922701-01,2S,10,B,10,10,2027
67019253,67_67399_5136980,C910203-15,2S,10,B,5,5,2027
67019253,67_67399_5136980,980344,2S,10,A,5,5,2027
67019253,67_67399_5136980,9815-21,2S,10,C,5,5,2027
67019253,67_67399_5136980,5819-30,2S,10,B,10,10,2027
67019253,67_67399_5136980,1790-51,2S,10,A,5,5,2027
67019254,67_67399_5136980,7651-72,2S,10,B,10,10,2027
67019254,67_67399_5136980,C910417-03,2S,10,B,5,5,2027
67019254,67_67399_5136980,C9104008-02,2S,10,C,5,5,2027
67019254,67_67399_5136980,5793-31,2S,10,B,5,5,2027
67019254,67_67399_5136980,2482768,2S,10,C,5,5,2027
67019254,67_67399_5136980,1254-07,2S,10,B,5,5,2027
67019254,67_67399_5136980,7791-24,2S,10,B,5,5,2027
67019254,67_67399_5136980,97216,2S,10,A,5,5,2027
67019255,67_67399_5136980,7708-61,2S,10,A,5,5,2027
67019255,67_67399_5136980,C910202-14,2S,10,B,5,5,2027
67019255,67_67399_5136980,9814-24,2S,10,C,5,5,2027
67019255,67_67399_5136980,2097649,2S,10,C,10,10,2027
67019255,67_67399_5136980,005693-236,2S,10,B,5,5,2027
67019255,67_67399_5136980,91313,2S,10,A,5,5,2027
67019255,67_67399_5136980,1385427,2S,10,A,5,5,2027
67019255,67_67399_5136980,C917304-12,2S,10,B,5,5,2027
67019256,67_67399_5136980,005693-537,2S,10,C,5,5,2027
67019256,67_67399_5136980,1385641,2S,10,C,5,5,2027
67019256,67_67399_5136980,1494240,2S,10,C,5,5,2027
67019256,67_67399_5136980,7651-74,2S,10,B,10,10,2027
67019256,67_67399_5136980,C910202-07,2S,10,B,5,5,2027
67019256,67_67399_5136980,C9104006-03,2S,10,C,5,5,2027
67019256,67_67399_5136980,57650,2S,10,A,5,5,2027
67019256,67_67399_5136980,1254-41,2S,10,B,5,5,2027
67019257,67_67399_5136980,C910416-53,2S,10,A,5,5,2027
67019257,67_67399_5136980,C922701-01,2S,10,A,10,10,2027
67019257,67_67399_5136980,1385580,2S,10,A,5,5,2027
67019257,67_67399_5136980,1790-08,2S,10,A,5,5,2027
67019257,67_67399_5136980,C931601-02,2S,10,A,10,10,2027
67019257,67_67399_5136980,C925401-08,2S,10,A,5,5,2027
67019257,67_67399_5136980,1254-31,2S,10,A,5,5,2027
67019257,67_67399_5136980,1254-06,2S,10,C,5,5,2027
67019258,67_67399_5136980,2097590,2S,10,B,10,10,2027
67019258,67_67399_5136980,C924507-52,2S,10,A,5,5,2027
67019258,67_67399_5136980,C922007-01,2S,10,A,5,5,2027
67019258,67_67399_5136980,C9104007-05,2S,10,C,5,5,2027
67019258,67_67399_5136980,6683-16,2S,10,B,5,5,2027
67019258,67_67399_5136980,C930302-02,2S,10,A,10,10,2027
67019258,67_67399_5136980,1710-21,2S,10,A,5,5,2027
67019258,67_67399_5136980,1286-07,2S,10,A,5,5,2027
67019259,67_67399_5136980,9000-51,2S,10,B,5,5,2027
67019259,67_67399_5136980,5693-52,2S,10,A,5,5,2027
67019259,67_67399_5136980,1728-04,2S,10,C,5,5,2027
67019259,67_67399_5136980,1421892,2S,10,A,5,5,2027
67019259,67_67399_5136980,2098321,2S,10,B,10,10,2027
67019259,67_67399_5136980,8352-50,2S,10,A,10,10,2027
67019259,67_67399_5136980,1996814,2S,10,F,10,0,2027
67019259,67_67399_5136980,C910203-14,2S,10,A,5,5,2027
67019260,67_67399_5136980,1446879,2S,10,A,10,10,2027
67019260,67_67399_5136980,1592884,2S,10,A,5,5,2027
67019260,67_67399_5136980,1464683,2S,10,C,10,10,2027
67019260,67_67399_5136980,005693-435,2S,10,B,5,5,2027
67019260,67_67399_5136980,C917304-25,2S,10,A,5,5,2027
67019260,67_67399_5136980,1409807,2S,10,A,10,10,2027
67019260,67_67399_5136980,9814-18,2S,10,A,5,5,2027
67019260,67_67399_5136980,7708-57,2S,10,B,5,5,2027
67019261,67_67399_5136980,1256-15,2S,10,B,5,5,2027
67019261,67_67399_5136980,117610,2S,10,A,5,5,2027
67019261,67_67399_5136980,1409624,2S,10,A,10,10,2027
67019261,67_67399_5136980,C906201-04,2S,10,C,5,5,2027
67019261,67_67399_5136980,C922712-01,2S,10,A,10,10,2027
67019261,67_67399_5136980,2675828,2S,10,A,5,5,2027
67019261,67_67399_5136980,1883-04,2S,10,C,5,5,2027
67019261,67_67399_5136980,1254-11,2S,10,B,5,5,2027
67019262,67_67399_5136980,596443,2S,10,A,5,5,2027
67019262,67_67399_5136980,5819-28,2S,10,A,10,10,2027
67019262,67_67399_5136980,27454,2S,10,A,5,5,2027
67019262,67_67399_5136980,1458567,2S,10,B,5,5,2027
67019262,67_67399_5136980,C922006-01,2S,10,B,5,5,2027
67019262,67_67399_5136980,1254-04,2S,10,B,5,5,2027
67019262,67_67399_5136980,1254-19,2S,10,A,5,5,2027
67019262,67_67399_5136980,1421951,2S,10,B,5,5,2027
67019263,67_67399_5136980,1747200,2S,10,C,5,5,2027
67019263,67_67399_5136980,1254-41,2S,10,B,5,5,2027
67019263,67_67399_5136980,9104016-33,2S,10,A,5,5,2027
67019263,67_67399_5136980,C9104006-02,2S,10,A,5,5,2027
67019263,67_67399_5136980,2593255,2S,10,B,5,5,2027
67019263,67_67399_5136980,C917304-21,2S,10,A,5,5,2027
67019263,67_67399_5136980,1996814,2S,10,B,10,10,2027
67019264,67_67399_5136980,C910415-52,2S,10,A,5,5,2027
67019264,67_67399_5136980,C910416-59,2S,10,B,5,5,2027
67019264,67_67399_5136980,C9104008-02,2S,10,B,5,5,2027
67019264,67_67399_5136980,1790-15,2S,10,C,5,5,2027
67019264,67_67399_5136980,1431660,2S,10,B,10,10,2027
67019264,67_67399_5136980,C924502-03,2S,10,C,5,5,2027
67019264,67_67399_5136980,1256-22,2S,10,C,5,5,2027
67019264,67_67399_5136980,C910203-02,2S,10,B,5,5,2027
67019265,67_67399_5136980,7651-68,2S,10,C,10,10,2027
67019265,67_67399_5136980,C924507-52,2S,10,A,5,5,2027
67019265,67_67399_5136980,C917305-10,2S,10,D,5,5,2027
67019265,67_67399_5136980,1224-50,2S,10,A,5,5,2027
67019265,67_67399_5136980,1464624,2S,10,B,10,10,2027
67019265,67_67399_5136980,5980-53,2S,10,B,10,10,2027
67019266,67_67399_5136980,1256-11,2S,10,A,5,5,2027
67019266,67_67399_5136980,C910203-07,2S,10,A,5,5,2027
67019266,67_67399_5136980,9815-34,2S,10,B,5,5,2027
67019266,67_67399_5136980,7651-56,2S,10,B,10,10,2027
67019266,67_67399_5136980,5991-15,2S,10,A,5,5,2027
67019266,67_67399_5136980,C910418-13,2S,10,B,5,5,2027
67019266,67_67399_5136980,C910429-02,2S,10,A,5,5,2027
67019266,67_67399_5136980,C910418-04,2S,10,A,5,5,2027
67019267,67_67399_5136980,C922204-50,2S,10,A,5,5,2027
67019267,67_67399_5136980,C925401-05,2S,10,C,5,5,2027
67019267,67_67399_5136980,6683-21,2S,10,A,5,5,2027
67019267,67_67399_5136980,1256-32,2S,10,B,5,5,2027
67019267,67_67399_5136980,C922711-01,2S,10,B,10,10,2027
67019267,67_67399_5136980,1790-17,2S,10,A,5,5,2027
67019267,67_67399_5136980,7651-60,2S,10,B,10,10,2027
67019267,67_67399_5136980,5693-31,2S,10,B,5,5,2027
67019268,67_67399_5136980,C922712-02,2S,10,B,10,10,2027
67019268,67_67399_5136980,005693-537,2S,10,B,5,5,2027
67019268,67_67399_5136980,2137767,2S,10,C,5,5,2027
67019268,67_67399_5136980,1286-03,2S,10,A,5,5,2027
67019268,67_67399_5136980,C920003-01,2S,10,A,10,10,2027
67019268,67_67399_5136980,9815-20,2S,10,B,5,5,2027
67019268,67_67399_5136980,5819-17,2S,10,C,10,10,2027
67019268,67_67399_5136980,9226-17,2S,10,A,5,5,2027
67019269,67_67399_5136980,2891016,2S,10,B,5,5,2027
67019269,67_67399_5136980,7702-61,2S,10,B,5,5,2027
67019269,67_67399_5136980,1421951,2S,10,A,5,5,2027
67019269,67_67399_5136980,C922002-50,2S,10,A,5,5,2027
67019269,67_67399_5136980,9104015-21,2S,10,B,5,5,2027
67019269,67_67399_5136980,C917304-16,2S,10,A,5,5,2027
67019269,67_67399_5136980,C931602-02,2S,10,A,10,10,2027
67019269,67_67399_5136980,2101639,2S,10,A,5,5,2027
67019270,67_67399_5136980,0215-06,2S,10,A,10,10,2027
67019270,67_67399_5136980,7702-57,2S,10,B,5,5,2027
67019270,67_67399_5136980,C924507-51,2S,10,B,5,5,2027
67019270,67_67399_5136980,217381,2S,10,B,10,10,2027
67019270,67_67399_5136980,C917402-01,2S,10,C,5,5,2027
67019270,67_67399_5136980,2294122,2S,10,B,5,5,2027
67019270,67_67399_5136980,1464624,2S,10,C,10,10,2027
67019270,67_67399_5136980,C910201-16,2S,10,C,5,5,2027
67019271,67_67399_5136980,C9104006-03,2S,10,B,5,5,2027
67019271,67_67399_5136980,0215-01,2S,10,B,10,10,2027
67019271,67_67399_5136980,C910416-52,2S,10,A,5,5,2027
67019271,67_67399_5136980,2675769,2S,10,A,5,5,2027
67019271,67_67399_5136980,1431387,2S,10,B,10,10,2027
67019271,67_67399_5136980,C924501-01,2S,10,B,5,5,2027
67019271,67_67399_5136980,2482587,2S,10,B,5,5,2027
67019271,67_67399_5136980,980404,2S,10,B,5,5,2027
67019272,67_67399_5136980,C910202-12,2S,10,C,5,5,2027
67019272,67_67399_5136980,1254-18,2S,10,A,5,5,2027
67019272,67_67399_5136980,596777,2S,10,A,5,5,2027
67019272,67_67399_5136980,2493-51,2S,10,B,10,10,2027
67019272,67_67399_5136980,C917304-19,2S,10,C,5,5,2027
67019272,67_67399_5136980,1850-05,2S,10,B,5,5,2027
67019272,67_67399_5136980,005693-134,2S,10,A,5,5,2027
67019272,67_67399_5136980,C902001-01,2S,10,C,10,10,2027
67019273,67_67399_5136980,5819-33,2S,10,A,10,10,2027
67019273,67_67399_5136980,C902001-02,2S,10,C,10,10,2027
67019273,67_67399_5136980,1748599,2S,10,B,5,5,2027
67019273,67_67399_5136980,005693--33,2S,10,B,5,5,2027
67019273,67_67399_5136980,8697-16,2S,10,C,5,5,2027
67019273,67_67399_5136980,9104016-53,2S,10,B,5,5,2027
67019273,67_67399_5136980,118371,2S,10,C,5,5,2027
67019273,67_67399_5136980,1710-52,2S,10,A,5,5,2027
67019274,67_67399_5136980,596686,2S,10,A,5,5,2027
67019274,67_67399_5136980,7651-62,2S,10,B,10,10,2027
67019274,67_67399_5136980,C917202-50,2S,10,A,5,5,2027
67019274,67_67399_5136980,C922003-01,2S,10,B,5,5,2027
67019274,67_67399_5136980,1276-55,2S,10,A,5,5,2027
67019274,67_67399_5136980,C922703-02,2S,10,A,10,10,2027
67019274,67_67399_5136980,2482860,2S,10,C,5,5,2027
67019274,67_67399_5136980,1385458,2S,10,C,5,5,2027
67019275,67_67399_5136980,1850-03,2S,10,C,5,5,2027
67019275,67_67399_5136980,C9104006-01,2S,10,B,5,5,2027
67019275,67_67399_5136980,C917305-11,2S,10,A,5,5,2027
67019275,67_67399_5136980,5819-32,2S,10,A,10,10,2027
67019275,67_67399_5136980,2890804,2S,10,C,5,5,2027
67019275,67_67399_5136980,2360989,2S,10,A,10,10,2027
67019275,67_67399_5136980,C910702-01,2S,10,B,5,5,2027
67019275,67_67399_5136980,9104016-33,2S,10,A,5,5,2027
67019276,67_67399_5136980,57377,2S,10,B,5,5,2027
67019276,67_67399_5136980,217353,2S,10,A,10,10,2027
67019276,67_67399_5136980,1790-05,2S,10,A,5,5,2027
67019276,67_67399_5136980,0215-06,2S,10,B,10,10,2027
67019276,67_67399_5136980,C910202-14,2S,10,B,5,5,2027
67019276,67_67399_5136980,7702-57,2S,10,B,5,5,2027
67019276,67_67399_5136980,5980-53,2S,10,B,10,10,2027
67019276,67_67399_5136980,C910418-12,2S,10,B,5,5,2027
67019277,67_67399_5136980,5910-022,2S,10,A,10,10,2027
67019277,67_67399_5136980,9000-50,2S,10,B,5,5,2027
67019277,67_67399_5136980,1422012,2S,10,A,5,5,2027
67019277,67_67399_5136980,1790-13,2S,10,F,5,0,2027
67019277,67_67399_5136980,C925402-04,2S,10,B,5,5,2027
67019278,67_67399_5136980,C910201-06,2S,10,B,5,5,2027
67019278,67_67399_5136980,240728,2S,10,A,5,5,2027
67019278,67_67399_5136980,C9104009-50,2S,10,C,5,5,2027
67019278,67_67399_5136980,9104015-21,2S,10,C,5,5,2027
67019278,67_67399_5136980,1494695,2S,10,C,5,5,2027
67019278,67_67399_5136980,5819-30,2S,10,A,10,10,2027
67019278,67_67399_5136980,97887,2S,10,A,5,5,2027
67019278,67_67399_5136980,2482615,2S,10,C,5,5,2027
67019279,67_67399_5136980,57405,2S,10,B,5,5,2027
67019279,67_67399_5136980,1593980,2S,10,C,5,5,2027
67019279,67_67399_5136980,1409777,2S,10,A,10,10,2027
67019279,67_67399_5136980,1790-16,2S,10,A,5,5,2027
67019279,67_67399_5136980,C910417-03,2S,10,C,5,5,2027
67019279,67_67399_5136980,0218-05,2S,10,A,10,10,2027
67019279,67_67399_5136980,005693--33,2S,10,B,5,5,2027
67019279,67_67399_5136980,6687-18,2S,10,C,5,5,2027
67019280,67_67399_5136980,7641-58,2S,10,B,10,10,2027
67019280,67_67399_5136980,C920002-02,2S,10,A,10,10,2027
67019280,67_67399_5136980,1710-06,2S,10,C,5,5,2027
67019280,67_67399_5136980,1458447,2S,10,B,5,5,2027
67019280,67_67399_5136980,05693-3310,2S,10,A,5,5,2027
67019280,67_67399_5136980,7702-60,2S,10,B,5,5,2027
67019280,67_67399_5136980,C910204-05,2S,10,A,5,5,2027
67019280,67_67399_5136980,9814-17,2S,10,A,5,5,2027
67019281,67_67399_5136980,8180-54,2S,10,B,5,5,2027
67019281,67_67399_5136980,23802,2S,10,C,5,5,2027
67019281,67_67399_5136980,5819-17,2S,10,A,10,10,2027
67019281,67_67399_5136980,3533-18,2S,10,B,5,5,2027
67019281,67_67399_5136980,C910204-19,2S,10,A,5,5,2027
67019281,67_67399_5136980,1421892,2S,10,B,5,5,2027
67019281,67_67399_5136980,2356546,2S,10,B,10,10,2027
67019281,67_67399_5136980,9104016-53,2S,10,C,5,5,2027
67019282,67_67399_5136980,5910-022,2S,10,A,10,10,2027
67019282,67_67399_5136980,1224-51,2S,10,A,5,5,2027
67019282,67_67399_5136980,9226-41,2S,10,B,5,5,2027
67019282,67_67399_5136980,7708-53,2S,10,A,5,5,2027
67019282,67_67399_5136980,1276-50,2S,10,B,5,5,2027
67019282,67_67399_5136980,C924507-52,2S,10,C,5,5,2027
67019282,67_67399_5136980,7651-58,2S,10,A,10,10,2027
67019282,67_67399_5136980,2294242,2S,10,B,5,5,2027
67019283,67_67399_5136980,C922711-01,2S,10,B,10,10,2027
67019283,67_67399_5136980,C910429-50,2S,10,A,5,5,2027
67019283,67_67399_5136980,C902001-02,2S,10,C,10,10,2027
67019283,67_67399_5136980,C917305-09,2S,10,B,5,5,2027
67019283,67_67399_5136980,5819-22,2S,10,A,10,10,2027
67019283,67_67399_5136980,C925402-05,2S,10,B,5,5,2027
67019283,67_67399_5136980,C910203-08,2S,10,B,5,5,2027
67019283,67_67399_5136980,4579-51,2S,10,A,5,5,2027
67019284,67_67399_5136980,C923204-01,2S,10,B,5,5,2027
67019284,67_67399_5136980,C922712-01,2S,10,A,10,10,2027
67019284,67_67399_5136980,C922206-01,2S,10,C,5,5,2027
67019284,67_67399_5136980,C910502-50,2S,10,A,5,5,2027
67019284,67_67399_5136980,7708-51,2S,10,A,5,5,2027
67019284,67_67399_5136980,2676012,2S,10,A,5,5,2027
67019284,67_67399_5136980,97887,2S,10,A,5,5,2027
67019284,67_67399_5136980,217442,2S,10,B,10,10,2027
67019285,67_67399_5136980,1850-06,2S,10,A,5,5,2027
67019285,67_67399_5136980,0215-02,2S,10,B,10,10,2027
67019285,67_67399_5136980,2139501,2S,10,C,5,5,2027
67019285,67_67399_5136980,1710-16,2S,10,A,5,5,2027
67019285,67_67399_5136980,C910417-07,2S,10,B,5,5,2027
67019286,67_67399_5136980,C9104007-04,2S,10,F,5,0,2027
67019286,67_67399_5136980,5693-042,2S,10,C,5,5,2027
67019286,67_67399_5136980,2293725,2S,10,D,5,5,2027
67019286,67_67399_5136980,2151677,2S,10,A,5,5,2027
67019286,67_67399_5136980,5819-32,2S,10,F,10,0,2027
67019286,67_67399_5136980,C924507-52,2S,10,A,5,5,2027
67019286,67_67399_5136980,C910204-14,2S,10,A,5,5,2027
67019286,67_67399_5136980,1593586,2S,10,B,5,5,2027
67019287,67_67399_5136980,C920003-02,2S,10,B,10,10,2027
67019287,67_67399_5136980,C925402-03,2S,10,A,5,5,2027
67019287,67_67399_5136980,1458416,2S,10,B,5,5,2027
67019287,67_67399_5136980,9226-20,2S,10,B,5,5,2027
67019287,67_67399_5136980,1593555,2S,10,A,5,5,2027
67019287,67_67399_5136980,1431660,2S,10,C,10,10,2027
67019287,67_67399_5136980,6683-16,2S,10,B,5,5,2027
67019287,67_67399_5136980,005693-136,2S,10,C,5,5,2027
67019288,67_67399_5136980,2099476,2S,10,B,5,5,2027
67019288,67_67399_5136980,1593586,2S,10,A,5,5,2027
67019288,67_67399_5136980,2890896,2S,10,B,5,5,2027
67019288,67_67399_5136980,5819-34,2S,10,A,10,10,2027
67019288,67_67399_5136980,1710-14,2S,10,B,5,5,2027
67019288,67_67399_5136980,C910400850,2S,10,C,5,5,2027
67019288,67_67399_5136980,C910415-55,2S,10,C,5,5,2027
67019288,67_67399_5136980,C910417-03,2S,10,C,5,5,2027
67019289,67_67399_5136980,7702-58,2S,10,A,5,5,2027
67019289,67_67399_5136980,111521,2S,10,C,5,5,2027
67019289,67_67399_5136980,2098380,2S,10,A,10,10,2027
67019289,67_67399_5136980,5992-20,2S,10,B,5,5,2027
67019289,67_67399_5136980,005693-536,2S,10,B,5,5,2027
67019289,67_67399_5136980,C920003-02,2S,10,A,10,10,2027
67019289,67_67399_5136980,298464,2S,10,B,10,10,2027
67019289,67_67399_5136980,2482860,2S,10,B,5,5,2027
67019290,67_67399_5136980,C910202-14,2S,10,A,5,5,2027
67019290,67_67399_5136980,C922711-02,2S,10,C,10,10,2027
67019290,67_67399_5136980,C922712-02,2S,10,C,10,10,2027
67019290,67_67399_5136980,7791-22,2S,10,A,5,5,2027
67019290,67_67399_5136980,7641-56,2S,10,B,10,10,2027
67019290,67_67399_5136980,C924502-53,2S,10,C,5,5,2027
67019290,67_67399_5136980,C910203-16,2S,10,B,5,5,2027
67019290,67_67399_5136980,1458447,2S,10,F,5,0,2027
67019291,67_67399_5136980,9104016-53,2S,10,B,5,5,2027
67019291,67_67399_5136980,C910418-11,2S,10,A,5,5,2027
67019291,67_67399_5136980,5819-28,2S,10,C,10,10,2027
67019291,67_67399_5136980,9814-16,2S,10,A,5,5,2027
67019291,67_67399_5136980,1746773,2S,10,B,5,5,2027
67019291,67_67399_5136980,2482587,2S,10,C,5,5,2027
67019291,67_67399_5136980,05693-2310,2S,10,A,5,5,2027
67019291,67_67399_5136980,C917305-10,2S,10,A,5,5,2027
67019292,67_67399_5136980,1748569,2S,10,C,5,5,2027
67019292,67_67399_5136980,7702-57,2S,10,C,5,5,2027
67019292,67_67399_5136980,C910415-50,2S,10,B,5,5,2027
67019292,67_67399_5136980,C910416-57,2S,10,B,5,5,2027
67019292,67_67399_5136980,1790-20,2S,10,A,5,5,2027
67019292,67_67399_5136980,5819-20,2S,10,B,10,10,2027
67019292,67_67399_5136980,111156,2S,10,C,5,5,2027
67019292,67_67399_5136980,C9104006-02,2S,10,A,5,5,2027
67019293,67_67399_5136980,5819-20,2S,10,B,10,10,2027
67019293,67_67399_5136980,C925401-02,2S,10,B,5,5,2027
67019293,67_67399_5136980,1710-13,2S,10,A,5,5,2027
67019293,67_67399_5136980,C922005-01,2S,10,B,5,5,2027
67019293,67_67399_5136980,C910418-13,2S,10,A,5,5,2027
67019293,67_67399_5136980,C910203-15,2S,10,A,5,5,2027
67019293,67_67399_5136980,C922004-01,2S,10,C,5,5,2027
67019293,67_67399_5136980,1256-03,2S,10,C,5,5,2027
67019294,67_67399_5136980,1768961,2S,10,C,5,5,2027
67019294,67_67399_5136980,1458536,2S,10,D,5,5,2027
67019294,67_67399_5136980,C910204-04,2S,10,B,5,5,2027
67019294,67_67399_5136980,91313,2S,10,F,5,0,2027
67019294,67_67399_5136980,1385368,2S,10,D,5,5,2027
67019294,67_67399_5136980,1254-01,2S,10,B,5,5,2027
67019294,67_67399_5136980,1882-01,2S,10,B,5,5,2027
67019294,67_67399_5136980,7651-77,2S,10,B,10,10,2027
67019295,67_67399_5136980,C910418-03,2S,10,A,5,5,2027
67019295,67_67399_5136980,5980-54,2S,10,B,10,10,2027
67019295,67_67399_5136980,C931601-01,2S,10,C,10,10,2027
67019295,67_67399_5136980,2057-15,2S,10,C,5,5,2027
67019295,67_67399_5136980,1284-02,2S,10,C,5,5,2027
67019295,67_67399_5136980,1286-06,2S,10,B,5,5,2027
67019295,67_67399_5136980,C910415-52,2S,10,B,5,5,2027
67019296,67_67399_5136980,C920002-02,2S,10,A,10,10,2027
67019296,67_67399_5136980,1421982,2S,10,A,5,5,2027
67019296,67_67399_5136980,0215-05,2S,10,B,10,10,2027
67019296,67_67399_5136980,5992-19,2S,10,A,5,5,2027
67019296,67_67399_5136980,6687-13,2S,10,A,5,5,2027
67019296,67_67399_5136980,1593190,2S,10,A,5,5,2027
67019297,67_67399_5136980,1284-02,2S,10,B,5,5,2027
67019297,67_67399_5136980,1256-01,2S,10,A,5,5,2027
67019297,67_67399_5136980,98039,2S,10,B,5,5,2027
67019297,67_67399_5136980,298525,2S,10,C,10,10,2027
67019297,67_67399_5136980,C922704-02,2S,10,A,10,10,2027
67019297,67_67399_5136980,5819-14,2S,10,B,10,10,2027
67019297,67_67399_5136980,2676042,2S,10,B,5,5,2027
67019297,67_67399_5136980,1392703,2S,10,B,5,5,2027
67019298,67_67399_5136980,2482556,2S,10,A,5,5,2027
67019298,67_67399_5136980,57589,2S,10,C,5,5,2027
67019298,67_67399_5136980,C931602-04,2S,10,A,10,10,2027
67019298,67_67399_5136980,7791-20,2S,10,A,5,5,2027
67019298,67_67399_5136980,1206763,2S,10,B,10,10,2027
67019298,67_67399_5136980,C910802-01,2S,10,C,5,5,2027
67019298,67_67399_5136980,C922007-02,2S,10,A,5,5,2027
67019298,67_67399_5136980,1458506,2S,10,A,5,5,2027
67019299,67_67399_5136980,C910203-06,2S,10,A,5,5,2027
67019299,67_67399_5136980,1276-50,2S,10,A,5,5,2027
67019299,67_67399_5136980,9815-34,2S,10,B,5,5,2027
67019299,67_67399_5136980,C931601-01,2S,10,A,10,10,2027
67019299,67_67399_5136980,1790-03,2S,10,A,5,5,2027
67019299,67_67399_5136980,5693-52,2S,10,A,5,5,2027
67019299,67_67399_5136980,5980-59,2S,10,B,10,10,2027
67019299,67_67399_5136980,C9104007-05,2S,10,B,5,5,2027
67019300,67_67399_5136980,9000-50,2S,10,B,5,5,2027
67019300,67_67399_5136980,2139471,2S,10,D,5,5,2027
67019300,67_67399_5136980,2057-14,2S,10,B,5,5,2027
67019300,67_67399_5136980,C9104012-01,2S,10,A,5,5,2027
67019300,67_67399_5136980,8180-54,2S,10,A,5,5,2027
67019300,67_67399_5136980,5991-15,2S,10,A,5,5,2027
67019301,67_67399_5136980,C910418-08,2S,10,C,5,5,2027
67019301,67_67399_5136980,1385519,2S,10,B,5,5,2027
67019301,67_67399_5136980,C910418-01,2S,10,A,5,5,2027
67019301,67_67399_5136980,5991-15,2S,10,B,5,5,2027
67019301,67_67399_5136980,7651-59,2S,10,B,10,10,2027
67019301,67_67399_5136980,C910201-13,2S,10,A,5,5,2027
67019301,67_67399_5136980,1747291,2S,10,A,5,5,2027
67019302,67_67399_5136980,1494818,2S,10,A,5,5,2027
67019302,67_67399_5136980,005693-435,2S,10,B,5,5,2027
67019302,67_67399_5136980,7641-54,2S,10,A,10,10,2027
67019302,67_67399_5136980,C922006-01,2S,10,A,5,5,2027
67019302,67_67399_5136980,2890774,2S,10,A,5,5,2027
67019302,67_67399_5136980,05693-4311,2S,10,B,5,5,2027
67019302,67_67399_5136980,C910802-02,2S,10,B,5,5,2027
67019302,67_67399_5136980,C910204-03,2S,10,A,5,5,2027
67019303,67_67399_5136980,2890955,2S,10,B,5,5,2027
67019303,67_67399_5136980,217381,2S,10,A,10,10,2027
67019303,67_67399_5136980,1790-10,2S,10,C,5,5,2027
67019303,67_67399_5136980,1458567,2S,10,B,5,5,2027
67019303,67_67399_5136980,C922003-02,2S,10,A,5,5,2027
67019303,67_67399_5136980,C910400601,2S,10,B,5,5,2027
67019303,67_67399_5136980,C910201-01,2S,10,B,5,5,2027
67019303,67_67399_5136980,7708-61,2S,10,C,5,5,2027
67019304,67_67399_5136980,111066,2S,10,A,5,5,2027
67019304,67_67399_5136980,1409563,2S,10,B,10,10,2027
67019304,67_67399_5136980,1746773,2S,10,B,5,5,2027
67019304,67_67399_5136980,C9104006-04,2S,10,A,5,5,2027
67019304,67_67399_5136980,1828,2S,10,B,5,5,2027
67019304,67_67399_5136980,C910201-18,2S,10,A,5,5,2027
67019304,67_67399_5136980,2294181,2S,10,B,5,5,2027
67019304,67_67399_5136980,05693-1311,2S,10,A,5,5,2027
67019305,67_67399_5136980,0215-01,2S,10,A,10,10,2027
67019305,67_67399_5136980,C910417-07,2S,10,A,5,5,2027
67019305,67_67399_5136980,C910204-18,2S,10,A,5,5,2027
67019305,67_67399_5136980,0215-02,2S,10,A,10,10,2027
67019305,67_67399_5136980,1494390,2S,10,A,5,5,2027
67019305,67_67399_5136980,7651-67,2S,10,C,10,10,2027
67019305,67_67399_5136980,1254-20,2S,10,C,5,5,2027
67019305,67_67399_5136980,2891230,2S,10,B,5,5,2027
67019306,67_67399_5136980,C9104007-11,2S,10,B,5,5,2027
67019306,67_67399_5136980,5693-032,2S,10,B,5,5,2027
67019306,67_67399_5136980,1850-08,2S,10,C,5,5,2027
67019306,67_67399_5136980,5991-14,2S,10,B,5,5,2027
67019306,67_67399_5136980,2360989,2S,10,A,10,10,2027
67019306,67_67399_5136980,6683-21,2S,10,B,5,5,2027
67019306,67_67399_5136980,57346,2S,10,A,5,5,2027
67019306,67_67399_5136980,217381,2S,10,C,10,10,2027
67019307,67_67399_5136980,1746865,2S,10,B,5,5,2027
67019307,67_67399_5136980,1422012,2S,10,A,5,5,2027
67019307,67_67399_5136980,5992-13,2S,10,A,5,5,2027
67019307,67_67399_5136980,216623,2S,10,C,10,10,2027
67019307,67_67399_5136980,C9104008-50,2S,10,B,5,5,2027
67019307,67_67399_5136980,1254-14,2S,10,A,5,5,2027
67019307,67_67399_5136980,2890531,2S,10,C,5,5,2027
67019307,67_67399_5136980,2293756,2S,10,A,5,5,2027
67019308,67_67399_5136980,C9104010-01,2S,10,B,5,5,2027
67019308,67_67399_5136980,5991-15,2S,10,B,5,5,2027
67019308,67_67399_5136980,5819-21,2S,10,C,10,10,2027
67019308,67_67399_5136980,57558,2S,10,B,5,5,2027
67019308,67_67399_5136980,1593586,2S,10,B,5,5,2027
67019308,67_67399_5136980,C910203-05,2S,10,A,5,5,2027
67019308,67_67399_5136980,C922203-50,2S,10,A,5,5,2027
67019308,67_67399_5136980,2294272,2S,10,A,5,5,2027
67019309,67_67399_5136980,1284-02,2S,10,A,5,5,2027
67019309,67_67399_5136980,7708-60,2S,10,C,5,5,2027
67019309,67_67399_5136980,9814-24,2S,10,C,5,5,2027
67019309,67_67399_5136980,5992-16,2S,10,B,5,5,2027
67019309,67_67399_5136980,C922712-01,2S,10,B,10,10,2027
67019309,67_67399_5136980,1385368,2S,10,A,5,5,2027
67019309,67_67399_5136980,7651-69,2S,10,A,10,10,2027
67019309,67_67399_5136980,1458506,2S,10,A,5,5,2027
67019310,67_67399_5136980,2294030,2S,10,A,5,5,2027
67019310,67_67399_5136980,5693-21,2S,10,A,5,5,2027
67019310,67_67399_5136980,9104016-53,2S,10,B,5,5,2027
67019310,67_67399_5136980,C917303-02,2S,10,A,5,5,2027
67019310,67_67399_5136980,1409746,2S,10,A,10,10,2027
67019310,67_67399_5136980,111066,2S,10,A,5,5,2027
67019310,67_67399_5136980,1256-04,2S,10,C,5,5,2027
67019310,67_67399_5136980,1593555,2S,10,A,5,5,2027
67019311,67_67399_5136980,C910415-53,2S,10,A,5,5,2027
67019311,67_67399_5136980,1850-09,2S,10,B,5,5,2027
67019311,67_67399_5136980,C910418-06,2S,10,B,5,5,2027
67019311,67_67399_5136980,1790-03,2S,10,B,5,5,2027
67019311,67_67399_5136980,1431691,2S,10,C,10,10,2027
67019311,67_67399_5136980,C925402-01,2S,10,A,5,5,2027
67019311,67_67399_5136980,C910701-01,2S,10,D,5,5,2027
67019312,67_67399_5136980,27760,2S,10,A,5,5,2027
67019312,67_67399_5136980,C910203-06,2S,10,A,5,5,2027
67019312,67_67399_5136980,1254-08,2S,10,B,5,5,2027
67019312,67_67399_5136980,C925402-08,2S,10,B,5,5,2027
67019312,67_67399_5136980,7651-79,2S,10,A,10,10,2027
67019312,67_67399_5136980,005693-534,2S,10,B,5,5,2027
67019312,67_67399_5136980,05693-2311,2S,10,B,5,5,2027
67019312,67_67399_5136980,C922001-52,2S,10,B,5,5,2027
67019313,67_67399_5136980,240756,2S,10,A,5,5,2027
67019313,67_67399_5136980,C920005-01,2S,10,B,10,10,2027
67019313,67_67399_5136980,1458597,2S,10,B,5,5,2027
67019313,67_67399_5136980,7791-20,2S,10,A,5,5,2027
67019313,67_67399_5136980,C931602-03,2S,10,A,10,10,2027
67019313,67_67399_5136980,9815-31,2S,10,C,5,5,2027
67019313,67_67399_5136980,1256-05,2S,10,B,5,5,2027
67019313,67_67399_5136980,2482587,2S,10,B,5,5,2027
67019314,67_67399_5136980,005693-435,2S,10,A,5,5,2027
67019314,67_67399_5136980,5693-042,2S,10,B,5,5,2027
67019314,67_67399_5136980,C910416-55,2S,10,A,5,5,2027
67019314,67_67399_5136980,C917203-50,2S,10,A,5,5,2027
67019314,67_67399_5136980,1409563,2S,10,A,10,10,2027
67019314,67_67399_5136980,9814-18,2S,10,A,5,5,2027
67019314,67_67399_5136980,4579-52,2S,10,C,5,5,2027
67019314,67_67399_5136980,1254-20,2S,10,A,5,5,2027
67019315,67_67399_5136980,C931602-03,2S,10,B,10,10,2027
67019315,67_67399_5136980,8697-14,2S,10,A,5,5,2027
67019315,67_67399_5136980,C910201-03,2S,10,A,5,5,2027
67019315,67_67399_5136980,240756,2S,10,B,5,5,2027
67019315,67_67399_5136980,596563,2S,10,A,5,5,2027
67019315,67_67399_5136980,C910418-08,2S,10,A,5,5,2027
67019315,67_67399_5136980,1883-03,2S,10,B,5,5,2027
67019315,67_67399_5136980,5992-20,2S,10,A,5,5,2027
67019316,67_67399_5136980,4579-52,2S,10,A,5,5,2027
67019316,67_67399_5136980,2482737,2S,10,C,5,5,2027
67019316,67_67399_5136980,1494513,2S,10,C,5,5,2027
67019316,67_67399_5136980,111066,2S,10,C,5,5,2027
67019316,67_67399_5136980,2098321,2S,10,C,10,10,2027
67019316,67_67399_5136980,0218-11,2S,10,A,10,10,2027
67019316,67_67399_5136980,1385549,2S,10,C,5,5,2027
67019316,67_67399_5136980,C923202-01,2S,10,B,5,5,2027
67019317,67_67399_5136980,C917305-21,2S,10,A,5,5,2027
67019317,67_67399_5136980,2482768,2S,10,C,5,5,2027
67019317,67_67399_5136980,4578-54,2S,10,A,5,5,2027
67019317,67_67399_5136980,2057-16,2S,10,A,5,5,2027
67019317,67_67399_5136980,2097680,2S,10,C,10,10,2027
67019317,67_67399_5136980,C922005-01,2S,10,B,5,5,2027
67019317,67_67399_5136980,C9104008-01,2S,10,A,5,5,2027
67019317,67_67399_5136980,C910400850,2S,10,B,5,5,2027
67019318,67_67399_5136980,C910201-16,2S,10,C,5,5,2027
67019318,67_67399_5136980,C924502-53,2S,10,C,5,5,2027
67019318,67_67399_5136980,7641-52,2S,10,B,10,10,2027
67019318,67_67399_5136980,1710-22,2S,10,B,5,5,2027
67019318,67_67399_5136980,9104016-22,2S,10,C,5,5,2027
67019318,67_67399_5136980,5693-41,2S,10,B,5,5,2027
67019318,67_67399_5136980,1226-52,2S,10,A,5,5,2027
67019318,67_67399_5136980,1748538,2S,10,F,5,0,2027
67019319,67_67399_5136980,1256-20,2S,10,A,5,5,2027
67019319,67_67399_5136980,C925401-07,2S,10,F,5,0,2027
67019319,67_67399_5136980,7651-75,2S,10,C,10,10,2027
67019319,67_67399_5136980,1494574,2S,10,A,5,5,2027
67019319,67_67399_5136980,C9104007-13,2S,10,A,5,5,2027
67019319,67_67399_5136980,C910415-51,2S,10,A,5,5,2027
67019319,67_67399_5136980,05693-2310,2S,10,B,5,5,2027
67019319,67_67399_5136980,1276-52,2S,10,B,5,5,2027
67019320,67_67399_5136980,596777,2S,10,B,5,5,2027
67019320,67_67399_5136980,C910203-11,2S,10,C,5,5,2027
67019320,67_67399_5136980,C910418-05,2S,10,A,5,5,2027
67019320,67_67399_5136980,1284-04,2S,10,A,5,5,2027
67019320,67_67399_5136980,5819-17,2S,10,D,10,10,2027
67019320,67_67399_5136980,5992-15,2S,10,A,5,5,2027
67019320,67_67399_5136980,1883-08,2S,10,A,5,5,2027
67019320,67_67399_5136980,C923202-01,2S,10,A,5,5,2027
67019321,67_67399_5136980,1593249,2S,10,A,5,5,2027
67019321,67_67399_5136980,7641-52,2S,10,B,10,10,2027
67019321,67_67399_5136980,2890531,2S,10,B,5,5,2027
67019321,67_67399_5136980,1790-06,2S,10,A,5,5,2027
67019321,67_67399_5136980,C910416-52,2S,10,A,5,5,2027
67019321,67_67399_5136980,1883-08,2S,10,B,5,5,2027
67019321,67_67399_5136980,1254-11,2S,10,B,5,5,2027
67019321,67_67399_5136980,C910418-01,2S,10,B,5,5,2027
67019322,67_67399_5136980,1746988,2S,10,B,5,5,2027
67019322,67_67399_5136980,C910202-20,2S,10,C,5,5,2027
67019322,67_67399_5136980,2891200,2S,10,A,5,5,2027
67019322,67_67399_5136980,5819-29,2S,10,B,10,10,2027
67019322,67_67399_5136980,1710-07,2S,10,A,5,5,2027
67019322,67_67399_5136980,C910429-02,2S,10,B,5,5,2027
67019322,67_67399_5136980,C910418-05,2S,10,B,5,5,2027
67019322,67_67399_5136980,298525,2S,10,C,10,10,2027
67019323,67_67399_5136980,1790-08,2S,10,C,5,5,2027
67019323,67_67399_5136980,1409777,2S,10,C,10,10,2027
67019323,67_67399_5136980,C910201-06,2S,10,B,5,5,2027
67019323,67_67399_5136980,1276-56,2S,10,C,5,5,2027
67019323,67_67399_5136980,5793-33,2S,10,B,5,5,2027
67019323,67_67399_5136980,1446759,2S,10,B,10,10,2027
67019323,67_67399_5136980,9104016-52,2S,10,A,5,5,2027
67019323,67_67399_5136980,9814-21,2S,10,B,5,5,2027
67019324,67_67399_5136980,6682-13,2S,10,C,5,5,2027
67019324,67_67399_5136980,1256-32,2S,10,B,5,5,2027
67019324,67_67399_5136980,9815-32,2S,10,B,5,5,2027
67019324,67_67399_5136980,2097194,2S,10,A,10,10,2027
67019324,67_67399_5136980,C917304-08,2S,10,A,5,5,2027
67019324,67_67399_5136980,C9104008-50,2S,10,B,5,5,2027
67019324,67_67399_5136980,C922007-02,2S,10,A,5,5,2027
67019324,67_67399_5136980,1422012,2S,10,B,5,5,2027
67019325,67_67399_5136980,1494909,2S,10,A,5,5,2027
67019325,67_67399_5136980,91313,2S,10,B,5,5,2027
67019325,67_67399_5136980,C910400605,2S,10,A,5,5,2027
67019325,67_67399_5136980,C910400850,2S,10,C,5,5,2027
67019325,67_67399_5136980,C932302-50,2S,10,A,5,5,2027
67019325,67_67399_5136980,9814-20,2S,10,C,5,5,2027
67019325,67_67399_5136980,1256-22,2S,10,B,5,5,2027
67019325,67_67399_5136980,C910201-11,2S,10,A,5,5,2027
67019326,67_67399_5136980,1226-51,2S,10,B,5,5,2027
67019326,67_67399_5136980,1494787,2S,10,B,5,5,2027
67019326,67_67399_5136980,5819-20,2S,10,C,10,10,2027
67019326,67_67399_5136980,57680,2S,10,A,5,5,2027
67019326,67_67399_5136980,7708-51,2S,10,A,5,5,2027
67019326,67_67399_5136980,1254-05,2S,10,B,5,5,2027
67019326,67_67399_5136980,2293999,2S,10,A,5,5,2027
67019326,67_67399_5136980,C9104008-02,2S,10,A,5,5,2027
67019327,67_67399_5136980,5793-13,2S,10,B,5,5,2027
67019327,67_67399_5136980,5980-53,2S,10,A,10,10,2027
67019327,67_67399_5136980,C922001-50,2S,10,C,5,5,2027
67019327,67_67399_5136980,7651-52,2S,10,B,10,10,2027
67019327,67_67399_5136980,1746773,2S,10,C,5,5,2027
67019327,67_67399_5136980,1747261,2S,10,B,5,5,2027
67019327,67_67399_5136980,57558,2S,10,A,5,5,2027
67019327,67_67399_5136980,C917304-06,2S,10,B,5,5,2027
67019328,67_67399_5136980,1224-50,2S,10,A,5,5,2027
67019328,67_67399_5136980,1206794,2S,10,A,10,10,2027
67019328,67_67399_5136980,1790-11,2S,10,C,5,5,2027
67019328,67_67399_5136980,C910400850,2S,10,A,5,5,2027
67019328,67_67399_5136980,9814-23,2S,10,A,5,5,2027
67019328,67_67399_5136980,1593221,2S,10,A,5,5,2027
67019328,67_67399_5136980,C910201-03,2S,10,C,5,5,2027
67019328,67_67399_5136980,2493-50,2S,10,A,10,10,2027
67019329,67_67399_5136980,1254-15,2S,10,B,5,5,2027
67019329,67_67399_5136980,6683-17,2S,10,B,5,5,2027
67019329,67_67399_5136980,9815-37,2S,10,A,5,5,2027
67019329,67_67399_5136980,5819-22,2S,10,A,10,10,2027
67019329,67_67399_5136980,1710-09,2S,10,B,5,5,2027
67019329,67_67399_5136980,C922806-01,2S,10,F,5,0,2027
67019329,67_67399_5136980,9104016-23,2S,10,C,5,5,2027
67019329,67_67399_5136980,C910416-54,2S,10,C,5,5,2027
67019330,67_67399_5136980,1431599,2S,10,C,10,10,2027
67019330,67_67399_5136980,980679,2S,10,A,5,5,2027
67019330,67_67399_5136980,2101608,2S,10,B,5,5,2027
67019330,67_67399_5136980,2890865,2S,10,B,5,5,2027
67019330,67_67399_5136980,5992-32,2S,10,A,5,5,2027
67019330,67_67399_5136980,2294122,2S,10,B,5,5,2027
67019330,67_67399_5136980,5693-22,2S,10,B,5,5,2027
67019330,67_67399_5136980,005693-236,2S,10,C,5,5,2027
67019331,67_67399_5136980,2151980,2S,10,A,5,5,2027
67019331,67_67399_5136980,C923201-01,2S,10,C,5,5,2027
67019331,67_67399_5136980,C9104007-03,2S,10,B,5,5,2027
67019331,67_67399_5136980,05693-2310,2S,10,C,5,5,2027
67019331,67_67399_5136980,2890590,2S,10,B,5,5,2027
67019331,67_67399_5136980,1286-06,2S,10,A,5,5,2027
67019331,67_67399_5136980,1748661,2S,10,B,5,5,2027
67019332,67_67399_5136980,1790-51,2S,10,A,5,5,2027
67019332,67_67399_5136980,C910202-06,2S,10,B,5,5,2027
67019332,67_67399_5136980,7702-55,2S,10,A,5,5,2027
67019332,67_67399_5136980,2890562,2S,10,C,5,5,2027
67019332,67_67399_5136980,C922204-51,2S,10,C,5,5,2027
67019332,67_67399_5136980,5693-33,2S,10,C,5,5,2027
67019332,67_67399_5136980,C922704-01,2S,10,B,10,10,2027
67019332,67_67399_5136980,5819-21,2S,10,B,10,10,2027
67019333,67_67399_5136980,1494268,2S,10,B,5,5,2027
67019333,67_67399_5136980,C910400601,2S,10,C,5,5,2027
67019333,67_67399_5136980,C920002-01,2S,10,B,10,10,2027
67019333,67_67399_5136980,C910415-54,2S,10,C,5,5,2027
67019333,67_67399_5136980,97947,2S,10,A,5,5,2027
67019333,67_67399_5136980,980710,2S,10,B,5,5,2027
67019333,67_67399_5136980,1746804,2S,10,A,5,5,2027
67019334,67_67399_5136980,C9104009-03,2S,10,A,5,5,2027
67019334,67_67399_5136980,298436,2S,10,A,10,10,2027
67019334,67_67399_5136980,1446728,2S,10,A,10,10,2027
67019334,67_67399_5136980,1198028,2S,10,B,5,5,2027
67019334,67_67399_5136980,C931601-02,2S,10,B,10,10,2027
67019334,67_67399_5136980,9814-50,2S,10,A,5,5,2027
67019334,67_67399_5136980,1748449,2S,10,A,5,5,2027
67019334,67_67399_5136980,1254-21,2S,10,A,5,5,2027
67019335,67_67399_5136980,C910203-03,2S,10,A,5,5,2027
67019335,67_67399_5136980,0008364-04,2S,10,A,10,10,2027
67019335,67_67399_5136980,C9104006-02,2S,10,B,5,5,2027
67019335,67_67399_5136980,1458597,2S,10,C,5,5,2027
67019335,67_67399_5136980,1883-01,2S,10,B,5,5,2027
67019335,67_67399_5136980,2151858,2S,10,A,5,5,2027
67019335,67_67399_5136980,3533-15,2S,10,C,5,5,2027
67019335,67_67399_5136980,7651-69,2S,10,A,10,10,2027
67019336,67_67399_5136980,5693-52,2S,10,A,5,5,2027
67019336,67_67399_5136980,C917305-06,2S,10,A,5,5,2027
67019336,67_67399_5136980,7651-51,2S,10,C,10,10,2027
67019336,67_67399_5136980,1464714,2S,10,A,10,10,2027
67019336,67_67399_5136980,C910416-54,2S,10,B,5,5,2027
67019336,67_67399_5136980,1256-02,2S,10,A,5,5,2027
67019336,67_67399_5136980,57466,2S,10,B,5,5,2027
67019336,67_67399_5136980,1593951,2S,10,A,5,5,2027
67019337,67_67399_5136980,2890651,2S,10,A,5,5,2027
67019337,67_67399_5136980,0215-08,2S,10,D,10,10,2027
67019337,67_67399_5136980,C9104009-5,2S,10,D,5,5,2027
67019337,67_67399_5136980,C910415-50,2S,10,F,5,0,2027
67019337,67_67399_5136980,1790-19,2S,10,A,5,5,2027
67019337,67_67399_5136980,C910701-01,2S,10,B,5,5,2027
67019337,67_67399_5136980,C910201-05,2S,10,B,5,5,2027
67019337,67_67399_5136980,7641-58,2S,10,C,10,10,2027
67019338,67_67399_5136980,1494909,2S,10,A,5,5,2027
67019338,67_67399_5136980,1409777,2S,10,A,10,10,2027
67019338,67_67399_5136980,9814-19,2S,10,A,5,5,2027
67019338,67_67399_5136980,C910202-20,2S,10,B,5,5,2027
67019338,67_67399_5136980,1748508,2S,10,C,5,5,2027
67019338,67_67399_5136980,1385549,2S,10,B,5,5,2027
67019338,67_67399_5136980,1883-04,2S,10,A,5,5,2027
67019338,67_67399_5136980,C923202-03,2S,10,A,5,5,2027
67019339,67_67399_5136980,7651-57,2S,10,A,10,10,2027
67019339,67_67399_5136980,C910417-02,2S,10,A,5,5,2027
67019339,67_67399_5136980,2890651,2S,10,A,5,5,2027
67019339,67_67399_5136980,C910430-01,2S,10,B,5,5,2027
67019339,67_67399_5136980,1746592,2S,10,A,5,5,2027
67019339,67_67399_5136980,5980-51,2S,10,B,10,10,2027
67019339,67_67399_5136980,27760,2S,10,C,5,5,2027
67019339,67_67399_5136980,C910203-06,2S,10,B,5,5,2027
67019340,67_67399_5136980,298525,2S,10,B,10,10,2027
67019340,67_67399_5136980,7702-62,2S,10,C,5,5,2027
67019340,67_67399_5136980,1883-02,2S,10,B,5,5,2027
67019340,67_67399_5136980,1790-12,2S,10,A,5,5,2027
67019340,67_67399_5136980,C910201-04,2S,10,B,5,5,2027
67019340,67_67399_5136980,C9104007-07,2S,10,A,5,5,2027
67019340,67_67399_5136980,9814-18,2S,10,A,5,5,2027
67019340,67_67399_5136980,5990-53,2S,10,C,10,10,2027
67019341,67_67399_5136980,1593341,2S,10,A,5,5,2027
67019341,67_67399_5136980,1859,2S,10,A,5,5,2027
67019341,67_67399_5136980,9104015-31,2S,10,C,5,5,2027
67019341,67_67399_5136980,0218-11,2S,10,B,10,10,2027
67019341,67_67399_5136980,1385549,2S,10,B,5,5,2027
67019341,67_67399_5136980,7708-53,2S,10,C,5,5,2027
67019342,67_67399_5136980,C910417-01,2S,10,B,5,5,2027
67019342,67_67399_5136980,C922204-51,2S,10,B,5,5,2027
67019342,67_67399_5136980,298525,2S,10,A,10,10,2027
67019342,67_67399_5136980,2675889,2S,10,B,5,5,2027
67019342,67_67399_5136980,2099082,2S,10,C,10,10,2027
67019342,67_67399_5136980,C910204-06,2S,10,A,5,5,2027
67019342,67_67399_5136980,1254-05,2S,10,B,5,5,2027
67019342,67_67399_5136980,57497,2S,10,C,5,5,2027
67019343,67_67399_5136980,1458567,2S,10,A,5,5,2027
67019343,67_67399_5136980,C9104010-01,2S,10,A,5,5,2027
67019343,67_67399_5136980,1790-14,2S,10,B,5,5,2027
67019343,67_67399_5136980,5693-032,2S,10,A,5,5,2027
67019343,67_67399_5136980,7651-68,2S,10,B,10,10,2027
67019343,67_67399_5136980,2057-15,2S,10,A,5,5,2027
67019343,67_67399_5136980,C910204-17,2S,10,C,5,5,2027
67019343,67_67399_5136980,C910203-11,2S,10,A,5,5,2027
67019344,67_67399_5136980,C910202-15,2S,10,A,5,5,2027
67019344,67_67399_5136980,6683-17,2S,10,A,5,5,2027
67019344,67_67399_5136980,C931602-01,2S,10,B,10,10,2027
67019344,67_67399_5136980,1494909,2S,10,B,5,5,2027
67019344,67_67399_5136980,C930302-02,2S,10,A,10,10,2027
67019344,67_67399_5136980,C910400850,2S,10,B,5,5,2027
67019344,67_67399_5136980,C910416-54,2S,10,A,5,5,2027
67019345,67_67399_5136980,C910204-16,2S,10,A,5,5,2027
67019345,67_67399_5136980,4579-51,2S,10,A,5,5,2027
67019345,67_67399_5136980,9815-50,2S,10,B,5,5,2027
67019345,67_67399_5136980,2097164,2S,10,A,10,10,2027
67019345,67_67399_5136980,9226-16,2S,10,B,5,5,2027
67019345,67_67399_5136980,C910417-07,2S,10,B,5,5,2027
67019345,67_67399_5136980,1226-52,2S,10,B,5,5,2027
67019345,67_67399_5136980,C910418-01,2S,10,A,5,5,2027
67019346,67_67399_5136980,1409716,2S,10,A,10,10,2027
67019346,67_67399_5136980,C922002-52,2S,10,A,5,5,2027
67019346,67_67399_5136980,C917305-08,2S,10,B,5,5,2027
67019346,67_67399_5136980,5693-41,2S,10,B,5,5,2027
67019346,67_67399_5136980,1010-50,2S,10,B,10,10,2027
67019346,67_67399_5136980,C910400601,2S,10,A,5,5,2027
67019346,67_67399_5136980,1288-05,2S,10,C,5,5,2027
67019346,67_67399_5136980,596474,2S,10,C,5,5,2027
67019347,67_67399_5136980,C917305-14,2S,10,A,5,5,2027
67019347,67_67399_5136980,2294242,2S,10,A,5,5,2027
67019347,67_67399_5136980,2294181,2S,10,B,5,5,2027
67019347,67_67399_5136980,1421892,2S,10,B,5,5,2027
67019347,67_67399_5136980,C925401-02,2S,10,A,5,5,2027
67019347,67_67399_5136980,4578-50,2S,10,B,5,5,2027
67019347,67_67399_5136980,1409654,2S,10,A,10,10,2027
67019347,67_67399_5136980,1593586,2S,10,A,5,5,2027
67019348,67_67399_5136980,C910201-11,2S,10,B,5,5,2027
67019348,67_67399_5136980,1256-09,2S,10,B,5,5,2027
67019348,67_67399_5136980,9815-22,2S,10,B,5,5,2027
67019348,67_67399_5136980,5819-29,2S,10,C,10,10,2027
67019348,67_67399_5136980,5693-21,2S,10,C,5,5,2027
67019348,67_67399_5136980,C910416-56,2S,10,C,5,5,2027
67019348,67_67399_5136980,9104016-32,2S,10,B,5,5,2027
67019348,67_67399_5136980,9226-17,2S,10,A,5,5,2027
67019349,67_67399_5136980,1746712,2S,10,C,5,5,2027
67019349,67_67399_5136980,C910202-13,2S,10,B,5,5,2027
67019349,67_67399_5136980,C922003-02,2S,10,F,5,0,2027
67019349,67_67399_5136980,C923204-02,2S,10,C,5,5,2027
67019349,67_67399_5136980,216592,2S,10,A,10,10,2027
67019350,67_67399_5136980,1280-54,2S,10,C,5,5,2027
67019350,67_67399_5136980,1256-07,2S,10,B,5,5,2027
67019350,67_67399_5136980,1458475,2S,10,C,5,5,2027
67019350,67_67399_5136980,1224-51,2S,10,B,5,5,2027
67019350,67_67399_5136980,05693-3310,2S,10,B,5,5,2027
67019350,67_67399_5136980,C917402-02,2S,10,A,5,5,2027
67019350,67_67399_5136980,2097621,2S,10,B,10,10,2027
67019350,67_67399_5136980,C924508-01,2S,10,A,5,5,2027
67019351,67_67399_5136980,5693-53,2S,10,C,5,5,2027
67019351,67_67399_5136980,9226-16,2S,10,B,5,5,2027
67019351,67_67399_5136980,C922002-51,2S,10,C,5,5,2027
67019351,67_67399_5136980,9104016-53,2S,10,B,5,5,2027
67019351,67_67399_5136980,2098352,2S,10,B,10,10,2027
67019351,67_67399_5136980,9815-33,2S,10,A,5,5,2027
67019352,67_67399_5136980,596563,2S,10,B,5,5,2027
67019352,67_67399_5136980,C910601-50,2S,10,B,5,5,2027
67019352,67_67399_5136980,1256-11,2S,10,C,5,5,2027
67019352,67_67399_5136980,2294122,2S,10,B,5,5,2027
67019352,67_67399_5136980,5693-13,2S,10,B,5,5,2027
67019352,67_67399_5136980,C920002-01,2S,10,B,10,10,2027
67019352,67_67399_5136980,5992-22,2S,10,B,5,5,2027
67019352,67_67399_5136980,217412,2S,10,A,10,10,2027
67019353,67_67399_5136980,1790-12,2S,10,C,5,5,2027
67019353,67_67399_5136980,7651-76,2S,10,A,10,10,2027
67019353,67_67399_5136980,9814-51,2S,10,A,5,5,2027
67019353,67_67399_5136980,05693-1311,2S,10,B,5,5,2027
67019353,67_67399_5136980,C922705-02,2S,10,A,10,10,2027
67019353,67_67399_5136980,240728,2S,10,B,5,5,2027
67019353,67_67399_5136980,1256-07,2S,10,A,5,5,2027
67019353,67_67399_5136980,2482707,2S,10,A,5,5,2027
67019354,67_67399_5136980,5991-18,2S,10,B,5,5,2027
67019354,67_67399_5136980,5819-28,2S,10,F,10,0,2027
67019354,67_67399_5136980,C925402-02,2S,10,A,5,5,2027
67019354,67_67399_5136980,1883-01,2S,10,A,5,5,2027
67019354,67_67399_5136980,C922204-51,2S,10,B,5,5,2027
67019354,67_67399_5136980,C910204-06,2S,10,B,5,5,2027
67019354,67_67399_5136980,1284-04,2S,10,B,5,5,2027
67019354,67_67399_5136980,C910418-05,2S,10,C,5,5,2027
67019355,67_67399_5136980,05693-3310,2S,10,A,5,5,2027
67019355,67_67399_5136980,1256-07,2S,10,C,5,5,2027
67019355,67_67399_5136980,C910203-12,2S,10,B,5,5,2027
67019355,67_67399_5136980,1726-02,2S,10,A,5,5,2027
67019355,67_67399_5136980,5793-23,2S,10,B,5,5,2027
67019355,67_67399_5136980,2890955,2S,10,B,5,5,2027
67019355,67_67399_5136980,2098352,2S,10,B,10,10,2027
67019355,67_67399_5136980,C9104008-03,2S,10,C,5,5,2027
67019356,67_67399_5136980,C910416-51,2S,10,C,5,5,2027
67019356,67_67399_5136980,C922703-02,2S,10,C,10,10,2027
67019356,67_67399_5136980,C910415-52,2S,10,B,5,5,2027
67019356,67_67399_5136980,1748538,2S,10,A,5,5,2027
67019356,67_67399_5136980,7702-56,2S,10,A,5,5,2027
67019356,67_67399_5136980,596686,2S,10,A,5,5,2027
67019356,67_67399_5136980,5819-21,2S,10,A,10,10,2027
67019356,67_67399_5136980,5992-15,2S,10,A,5,5,2027
67019357,67_67399_5136980,C917304-17,2S,10,A,5,5,2027
67019357,67_67399_5136980,5819-17,2S,10,A,10,10,2027
67019357,67_67399_5136980,C9104007-05,2S,10,A,5,5,2027
67019357,67_67399_5136980,5693-41,2S,10,B,5,5,2027
67019357,67_67399_5136980,C910203-07,2S,10,C,5,5,2027
67019357,67_67399_5136980,1254-03,2S,10,A,5,5,2027
67019357,67_67399_5136980,2294211,2S,10,B,5,5,2027
67019358,67_67399_5136980,7702-60,2S,10,B,5,5,2027
67019358,67_67399_5136980,1746926,2S,10,B,5,5,2027
67019358,67_67399_5136980,2890712,2S,10,B,5,5,2027
67019358,67_67399_5136980,7641-55,2S,10,B,10,10,2027
67019358,67_67399_5136980,1887,2S,10,C,5,5,2027
67019358,67_67399_5136980,C9104006-06,2S,10,A,5,5,2027
67019358,67_67399_5136980,C910416-51,2S,10,A,5,5,2027
67019358,67_67399_5136980,2294150,2S,10,C,5,5,2027
67019359,67_67399_5136980,2101608,2S,10,A,5,5,2027
67019359,67_67399_5136980,C910204-18,2S,10,B,5,5,2027
67019359,67_67399_5136980,9814-17,2S,10,B,5,5,2027
67019359,67_67399_5136980,2097710,2S,10,C,10,10,2027
67019359,67_67399_5136980,C917304-21,2S,10,B,5,5,2027
67019359,67_67399_5136980,C923204-01,2S,10,C,5,5,2027
67019359,67_67399_5136980,1385549,2S,10,B,5,5,2027
67019359,67_67399_5136980,C910417-03,2S,10,A,5,5,2027
67019360,67_67399_5136980,1409716,2S,10,A,10,10,2027
67019360,67_67399_5136980,9815-37,2S,10,B,5,5,2027
67019360,67_67399_5136980,4578-52,2S,10,A,5,5,2027
67019360,67_67399_5136980,1256-02,2S,10,A,5,5,2027
67019360,67_67399_5136980,1494574,2S,10,C,5,5,2027
67019360,67_67399_5136980,C910400803,2S,10,B,5,5,2027
67019360,67_67399_5136980,2293999,2S,10,C,5,5,2027
67019360,67_67399_5136980,C922005-01,2S,10,C,5,5,2027
67019361,67_67399_5136980,C910802-01,2S,10,B,5,5,2027
67019361,67_67399_5136980,1593555,2S,10,A,5,5,2027
67019361,67_67399_5136980,2890562,2S,10,B,5,5,2027
67019361,67_67399_5136980,1409777,2S,10,B,10,10,2027
67019361,67_67399_5136980,1710-20,2S,10,A,5,5,2027
67019361,67_67399_5136980,C922705-02,2S,10,A,10,10,2027
67019361,67_67399_5136980,C920002-01,2S,10,A,10,10,2027
67019361,67_67399_5136980,1226-50,2S,10,A,5,5,2027
67019362,67_67399_5136980,9814-14,2S,10,A,5,5,2027
67019362,67_67399_5136980,1409654,2S,10,B,10,10,2027
67019362,67_67399_5136980,2675859,2S,10,A,5,5,2027
67019362,67_67399_5136980,1748418,2S,10,A,5,5,2027
67019362,67_67399_5136980,7702-53,2S,10,B,5,5,2027
67019362,67_67399_5136980,1421982,2S,10,B,5,5,2027
67019362,67_67399_5136980,C910418-11,2S,10,A,5,5,2027
67019362,67_67399_5136980,C9104009-05,2S,10,C,5,5,2027
67019363,67_67399_5136980,1254-07,2S,10,C,5,5,2027
67019363,67_67399_5136980,1747261,2S,10,A,5,5,2027
67019363,67_67399_5136980,97947,2S,10,A,5,5,2027
67019363,67_67399_5136980,1494605,2S,10,B,5,5,2027
67019363,67_67399_5136980,2097741,2S,10,A,10,10,2027
67019363,67_67399_5136980,C923201-01,2S,10,C,5,5,2027
67019363,67_67399_5136980,C902001-01,2S,10,A,10,10,2027
67019363,67_67399_5136980,C910429-50,2S,10,A,5,5,2027
67019364,67_67399_5136980,1494482,2S,10,A,5,5,2027
67019364,67_67399_5136980,2137798,2S,10,C,5,5,2027
67019364,67_67399_5136980,0008364-04,2S,10,B,10,10,2027
67019364,67_67399_5136980,596594,2S,10,C,5,5,2027
67019364,67_67399_5136980,1409532,2S,10,A,10,10,2027
67019364,67_67399_5136980,1385519,2S,10,C,5,5,2027
67019364,67_67399_5136980,1850-09,2S,10,B,5,5,2027
67019364,67_67399_5136980,C910415-51,2S,10,B,5,5,2027
67019365,67_67399_5136980,C924501-50,2S,10,C,5,5,2027
67019365,67_67399_5136980,5693-43,2S,10,B,5,5,2027
67019365,67_67399_5136980,5693-43,2S,10,B,5,5,2027
67019365,67_67399_5136980,C910418-05,2S,10,A,5,5,2027
67019365,67_67399_5136980,1431691,2S,10,B,10,10,2027
67019365,67_67399_5136980,C917305-20,2S,10,C,5,5,2027
67019365,67_67399_5136980,6687-18,2S,10,C,5,5,2027
67019365,67_67399_5136980,7708-51,2S,10,B,5,5,2027
67019366,67_67399_5136980,6683-18,2S,10,A,5,5,2027
67019366,67_67399_5136980,C910502-03,2S,10,B,5,5,2027
67019366,67_67399_5136980,0218-02,2S,10,B,10,10,2027
67019366,67_67399_5136980,C910417-02,2S,10,C,5,5,2027
67019366,67_67399_5136980,C910416-55,2S,10,C,5,5,2027
67019366,67_67399_5136980,C924507-51,2S,10,B,5,5,2027
67019367,67_67399_5136980,1883-08,2S,10,A,5,5,2027
67019367,67_67399_5136980,005693-135,2S,10,C,5,5,2027
67019367,67_67399_5136980,0218-11,2S,10,B,10,10,2027
67019367,67_67399_5136980,5819-14,2S,10,C,10,10,2027
67019367,67_67399_5136980,2890743,2S,10,C,5,5,2027
67019367,67_67399_5136980,C917305-06,2S,10,A,5,5,2027
67019367,67_67399_5136980,1254-06,2S,10,A,5,5,2027
67019367,67_67399_5136980,1256-02,2S,10,C,5,5,2027
67019368,67_67399_5136980,2294030,2S,10,C,5,5,2027
67019368,67_67399_5136980,9226-14,2S,10,A,5,5,2027
67019368,67_67399_5136980,1422043,2S,10,A,5,5,2027
67019368,67_67399_5136980,1226-52,2S,10,C,5,5,2027
67019368,67_67399_5136980,C910203-16,2S,10,B,5,5,2027
67019368,67_67399_5136980,1256-06,2S,10,A,5,5,2027
67019368,67_67399_5136980,9814-23,2S,10,B,5,5,2027
67019368,67_67399_5136980,1409716,2S,10,A,10,10,2027
67019369,67_67399_5136980,1850-02,2S,10,B,5,5,2027
67019369,67_67399_5136980,1883-01,2S,10,C,5,5,2027
67019369,67_67399_5136980,1746896,2S,10,A,5,5,2027
67019369,67_67399_5136980,5693-22,2S,10,A,5,5,2027
67019369,67_67399_5136980,C925402-07,2S,10,B,5,5,2027
67019369,67_67399_5136980,1431507,2S,10,C,10,10,2027
67019369,67_67399_5136980,2482890,2S,10,A,5,5,2027
67019369,67_67399_5136980,C917303-02,2S,10,B,5,5,2027
67019370,67_67399_5136980,2890835,2S,10,C,5,5,2027
67019370,67_67399_5136980,1385458,2S,10,B,5,5,2027
67019370,67_67399_5136980,C910416-50,2S,10,B,5,5,2027
67019370,67_67399_5136980,005693-134,2S,10,B,5,5,2027
67019370,67_67399_5136980,1710-13,2S,10,C,5,5,2027
67019370,67_67399_5136980,1409473,2S,10,C,10,10,2027
67019370,67_67399_5136980,2482737,2S,10,B,5,5,2027
67019370,67_67399_5136980,C910702-01,2S,10,A,5,5,2027
67019371,67_67399_5136980,9815-42,2S,10,A,5,5,2027
67019371,67_67399_5136980,1254-12,2S,10,B,5,5,2027
67019371,67_67399_5136980,5819-24,2S,10,A,10,10,2027
67019371,67_67399_5136980,C9104008-02,2S,10,D,5,5,2027
67019371,67_67399_5136980,C910201-15,2S,10,B,5,5,2027
67019372,67_67399_5136980,C917401-03,2S,10,B,5,5,2027
67019372,67_67399_5136980,C9104007-11,2S,10,B,5,5,2027
67019372,67_67399_5136980,1409473,2S,10,B,10,10,2027
67019372,67_67399_5136980,C924502-53,2S,10,C,5,5,2027
67019372,67_67399_5136980,1385399,2S,10,C,5,5,2027
67019372,67_67399_5136980,C910502-03,2S,10,C,5,5,2027
67019372,67_67399_5136980,2294211,2S,10,B,5,5,2027
67019372,67_67399_5136980,C910201-04,2S,10,A,5,5,2027
67019373,67_67399_5136980,1010-50,2S,10,B,10,10,2027
67019373,67_67399_5136980,1385368,2S,10,D,5,5,2027
67019373,67_67399_5136980,2097194,2S,10,A,10,10,2027
67019373,67_67399_5136980,9815-22,2S,10,C,5,5,2027
67019373,67_67399_5136980,2137767,2S,10,A,5,5,2027
67019374,67_67399_5136980,C922203-50,2S,10,A,5,5,2027
67019374,67_67399_5136980,C9104008-50,2S,10,B,5,5,2027
67019374,67_67399_5136980,980313,2S,10,A,5,5,2027
67019374,67_67399_5136980,1850-08,2S,10,A,5,5,2027
67019374,67_67399_5136980,5991-17,2S,10,A,5,5,2027
67019374,67_67399_5136980,1746804,2S,10,A,5,5,2027
67019374,67_67399_5136980,9814-17,2S,10,C,5,5,2027
67019374,67_67399_5136980,1431691,2S,10,B,10,10,2027
67019375,67_67399_5136980,9815-19,2S,10,F,5,0,2027
67019375,67_67399_5136980,1431387,2S,10,D,10,10,2027
67019375,67_67399_5136980,1494360,2S,10,C,5,5,2027
67019375,67_67399_5136980,005693-135,2S,10,A,5,5,2027
67019375,67_67399_5136980,C922205-01,2S,10,B,5,5,2027
67019375,67_67399_5136980,C906201-01,2S,10,C,5,5,2027
67019375,67_67399_5136980,1256-10,2S,10,A,5,5,2027
67019375,67_67399_5136980,C910201-04,2S,10,A,5,5,2027
67019376,67_67399_5136980,2101608,2S,10,B,5,5,2027
67019376,67_67399_5136980,1288-05,2S,10,C,5,5,2027
67019376,67_67399_5136980,C9104008-02,2S,10,B,5,5,2027
67019376,67_67399_5136980,C9104008-02,2S,10,B,5,5,2027
67019376,67_67399_5136980,1385641,2S,10,B,5,5,2027
67019376,67_67399_5136980,7791-15,2S,10,B,5,5,2027
67019376,67_67399_5136980,C924508-01,2S,10,A,5,5,2027
67019376,67_67399_5136980,5819-18,2S,10,A,10,10,2027
67019377,67_67399_5136980,1458597,2S,10,C,5,5,2027
67019377,67_67399_5136980,C910203-08,2S,10,B,5,5,2027
67019377,67_67399_5136980,2890651,2S,10,C,5,5,2027
67019377,67_67399_5136980,1431568,2S,10,A,10,10,2027
67019377,67_67399_5136980,1859,2S,10,B,5,5,2027
67019377,67_67399_5136980,0005910-33,2S,10,C,10,10,2027
67019377,67_67399_5136980,1748599,2S,10,A,5,5,2027
67019378,67_67399_5136980,C9104006-02,2S,10,A,5,5,2027
67019378,67_67399_5136980,C910430-50,2S,10,A,5,5,2027
67019378,67_67399_5136980,1256-04,2S,10,B,5,5,2027
67019378,67_67399_5136980,C9104007-06,2S,10,A,5,5,2027
67019378,67_67399_5136980,C910204-20,2S,10,A,5,5,2027
67019378,67_67399_5136980,2057-15,2S,10,B,5,5,2027
67019378,67_67399_5136980,1494390,2S,10,A,5,5,2027
67019378,67_67399_5136980,217412,2S,10,B,10,10,2027
67019379,67_67399_5136980,C910201-17,2S,10,C,5,5,2027
67019379,67_67399_5136980,1385458,2S,10,A,5,5,2027
67019379,67_67399_5136980,1206794,2S,10,B,10,10,2027
67019379,67_67399_5136980,2151950,2S,10,C,5,5,2027
67019379,67_67399_5136980,7641-58,2S,10,A,10,10,2027
67019379,67_67399_5136980,2890835,2S,10,B,5,5,2027
67019379,67_67399_5136980,2482890,2S,10,A,5,5,2027
67019379,67_67399_5136980,005693-437,2S,10,A,5,5,2027
67019380,67_67399_5136980,1882-01,2S,10,A,5,5,2027
67019380,67_67399_5136980,C910204-13,2S,10,A,5,5,2027
67019380,67_67399_5136980,C910203-03,2S,10,B,5,5,2027
67019380,67_67399_5136980,C9104009-03,2S,10,D,5,5,2027
67019380,67_67399_5136980,2493-50,2S,10,C,10,10,2027
67019380,67_67399_5136980,9226-17,2S,10,A,5,5,2027
67019380,67_67399_5136980,C910400605,2S,10,D,5,5,2027
67019380,67_67399_5136980,9104016-53,2S,10,D,5,5,2027
67019381,67_67399_5136980,7651-54,2S,10,B,10,10,2027
67019381,67_67399_5136980,9104016-53,2S,10,B,5,5,2027
67019381,67_67399_5136980,1747230,2S,10,C,5,5,2027
67019381,67_67399_5136980,4579-53,2S,10,B,5,5,2027
67019381,67_67399_5136980,2890804,2S,10,A,5,5,2027
67019381,67_67399_5136980,1494543,2S,10,B,5,5,2027
67019381,67_67399_5136980,C922203-51,2S,10,B,5,5,2027
67019381,67_67399_5136980,9104016-23,2S,10,A,5,5,2027
67019382,67_67399_5136980,1446879,2S,10,B,10,10,2027
67019382,67_67399_5136980,05693-3310,2S,10,B,5,5,2027
67019382,67_67399_5136980,1883-09,2S,10,A,5,5,2027
67019382,67_67399_5136980,2151858,2S,10,B,5,5,2027
67019382,67_67399_5136980,7651-74,2S,10,A,10,10,2027
67019382,67_67399_5136980,596563,2S,10,C,5,5,2027
67019382,67_67399_5136980,6687-14,2S,10,B,5,5,2027
67019382,67_67399_5136980,2482890,2S,10,A,5,5,2027
67019383,67_67399_5136980,C910201-14,2S,10,C,5,5,2027
67019383,67_67399_5136980,5819-29,2S,10,D,10,10,2027
67019383,67_67399_5136980,C917305-10,2S,10,B,5,5,2027
67019383,67_67399_5136980,9104016-23,2S,10,B,5,5,2027
67019383,67_67399_5136980,C910400850,2S,10,A,5,5,2027
67019383,67_67399_5136980,C9104007-04,2S,10,A,5,5,2027
67019383,67_67399_5136980,97887,2S,10,C,5,5,2027
67019383,67_67399_5136980,6687-15,2S,10,A,5,5,2027
67019384,67_67399_5136980,1421923,2S,10,A,5,5,2027
67019384,67_67399_5136980,C910201-11,2S,10,C,5,5,2027
67019384,67_67399_5136980,1276-52,2S,10,B,5,5,2027
67019384,67_67399_5136980,9814-19,2S,10,B,5,5,2027
67019384,67_67399_5136980,1431477,2S,10,B,10,10,2027
67019384,67_67399_5136980,1710-17,2S,10,B,5,5,2027
67019384,67_67399_5136980,C922204-50,2S,10,C,5,5,2027
67019384,67_67399_5136980,2294030,2S,10,B,5,5,2027
67019385,67_67399_5136980,5693-032,2S,10,B,5,5,2027
67019385,67_67399_5136980,1747138,2S,10,C,5,5,2027
67019385,67_67399_5136980,C910201-15,2S,10,C,5,5,2027
67019385,67_67399_5136980,9815-33,2S,10,A,5,5,2027
67019385,67_67399_5136980,7641-52,2S,10,B,10,10,2027
67019385,67_67399_5136980,C917305-14,2S,10,A,5,5,2027
67019385,67_67399_5136980,C923204-01,2S,10,C,5,5,2027
67019385,67_67399_5136980,5980-52,2S,10,B,10,10,2027
67019386,67_67399_5136980,9814-20,2S,10,A,5,5,2027
67019386,67_67399_5136980,C931602-03,2S,10,C,10,10,2027
67019386,67_67399_5136980,1790-05,2S,10,F,5,0,2027
67019386,67_67399_5136980,9104015-31,2S,10,A,5,5,2027
67019386,67_67399_5136980,5980-58,2S,10,C,10,10,2027
67019386,67_67399_5136980,C910430-50,2S,10,C,5,5,2027
67019386,67_67399_5136980,4578-52,2S,10,B,5,5,2027
67019386,67_67399_5136980,1254-08,2S,10,A,5,5,2027
67019387,67_67399_5136980,C9104012-01,2S,10,B,5,5,2027
67019387,67_67399_5136980,0215-03,2S,10,B,10,10,2027
67019387,67_67399_5136980,C9104007-04,2S,10,B,5,5,2027
67019387,67_67399_5136980,9226-15,2S,10,C,5,5,2027
67019387,67_67399_5136980,217322,2S,10,A,10,10,2027
67019387,67_67399_5136980,97947,2S,10,A,5,5,2027
67019387,67_67399_5136980,7702-60,2S,10,B,5,5,2027
67019387,67_67399_5136980,1256-21,2S,10,C,5,5,2027
67019388,67_67399_5136980,C910418-12,2S,10,F,5,0,2027
67019388,67_67399_5136980,111156,2S,10,B,5,5,2027
67019388,67_67399_5136980,7791-17,2S,10,B,5,5,2027
67019388,67_67399_5136980,1280-55,2S,10,A,5,5,2027
67019388,67_67399_5136980,1747169,2S,10,C,5,5,2027
67019389,67_67399_5136980,1790-09,2S,10,B,5,5,2027
67019389,67_67399_5136980,5819-13,2S,10,A,10,10,2027
67019389,67_67399_5136980,1421892,2S,10,A,5,5,2027
67019389,67_67399_5136980,117610,2S,10,C,5,5,2027
67019389,67_67399_5136980,C910415-55,2S,10,C,5,5,2027
67019389,67_67399_5136980,C9104006-04,2S,10,B,5,5,2027
67019389,67_67399_5136980,1256-21,2S,10,A,5,5,2027
67019389,67_67399_5136980,C910502-04,2S,10,C,5,5,2027
67019390,67_67399_5136980,117610,2S,10,A,5,5,2027
67019390,67_67399_5136980,7651-71,2S,10,A,10,10,2027
67019390,67_67399_5136980,1883-03,2S,10,A,5,5,2027
67019390,67_67399_5136980,5980-59,2S,10,B,10,10,2027
67019390,67_67399_5136980,C922006-02,2S,10,B,5,5,2027
67019390,67_67399_5136980,C917304-24,2S,10,A,5,5,2027
67019390,67_67399_5136980,C910202-04,2S,10,A,5,5,2027
67019390,67_67399_5136980,C910502-50,2S,10,B,5,5,2027
67019391,67_67399_5136980,1254-04,2S,10,A,5,5,2027
67019391,67_67399_5136980,5992-32,2S,10,B,5,5,2027
67019391,67_67399_5136980,1254-02,2S,10,A,5,5,2027
67019391,67_67399_5136980,97157,2S,10,B,5,5,2027
67019391,67_67399_5136980,C910418-03,2S,10,A,5,5,2027
67019391,67_67399_5136980,2294091,2S,10,A,5,5,2027
67019391,67_67399_5136980,C923203-01,2S,10,B,5,5,2027
67019391,67_67399_5136980,2099051,2S,10,A,10,10,2027
67019392,67_67399_5136980,C910400850,2S,10,B,5,5,2027
67019392,67_67399_5136980,5980-53,2S,10,A,10,10,2027
67019392,67_67399_5136980,C922005-02,2S,10,A,5,5,2027
67019392,67_67399_5136980,5992-17,2S,10,B,5,5,2027
67019392,67_67399_5136980,1409716,2S,10,B,10,10,2027
67019392,67_67399_5136980,9814-20,2S,10,C,5,5,2027
67019392,67_67399_5136980,7708-59,2S,10,B,5,5,2027
67019392,67_67399_5136980,1254-05,2S,10,A,5,5,2027
67019393,67_67399_5136980,7651-52,2S,10,B,10,10,2027
67019393,67_67399_5136980,C902001-01,2S,10,A,10,10,2027
67019393,67_67399_5136980,4579-54,2S,10,B,5,5,2027
67019393,67_67399_5136980,5992-16,2S,10,C,5,5,2027
67019393,67_67399_5136980,1746712,2S,10,A,5,5,2027
67019393,67_67399_5136980,2294272,2S,10,C,5,5,2027
67019393,67_67399_5136980,117610,2S,10,C,5,5,2027
67019393,67_67399_5136980,C9104007-10,2S,10,A,5,5,2027
67019394,67_67399_5136980,9814-13,2S,10,B,5,5,2027
67019394,67_67399_5136980,2099447,2S,10,A,5,5,2027
67019394,67_67399_5136980,1254-31,2S,10,B,5,5,2027
67019394,67_67399_5136980,5693-042,2S,10,D,5,5,2027
67019394,67_67399_5136980,7791-22,2S,10,B,5,5,2027
67019395,67_67399_5136980,1431721,2S,10,B,10,10,2027
67019395,67_67399_5136980,9815-34,2S,10,B,5,5,2027
67019395,67_67399_5136980,1748418,2S,10,B,5,5,2027
67019395,67_67399_5136980,1748722,2S,10,C,5,5,2027
67019395,67_67399_5136980,1710-15,2S,10,B,5,5,2027
67019395,67_67399_5136980,5693-032,2S,10,C,5,5,2027
67019395,67_67399_5136980,C910416-59,2S,10,B,5,5,2027
67019395,67_67399_5136980,2293756,2S,10,B,5,5,2027
67019396,67_67399_5136980,C922001-51,2S,10,A,5,5,2027
67019396,67_67399_5136980,C9104010-01,2S,10,B,5,5,2027
67019396,67_67399_5136980,C922205-01,2S,10,B,5,5,2027
67019396,67_67399_5136980,23743,2S,10,B,5,5,2027
67019396,67_67399_5136980,5819-33,2S,10,C,10,10,2027
67019396,67_67399_5136980,C924502-02,2S,10,A,5,5,2027
67019396,67_67399_5136980,6683-18,2S,10,C,5,5,2027
67019396,67_67399_5136980,7708-58,2S,10,B,5,5,2027
67019397,67_67399_5136980,C910802-02,2S,10,B,5,5,2027
67019397,67_67399_5136980,2890712,2S,10,B,5,5,2027
67019397,67_67399_5136980,216682,2S,10,A,10,10,2027
67019397,67_67399_5136980,C923204-02,2S,10,C,5,5,2027
67019397,67_67399_5136980,1458536,2S,10,B,5,5,2027
67019397,67_67399_5136980,0218-04,2S,10,B,10,10,2027
67019397,67_67399_5136980,0215-03,2S,10,A,10,10,2027
67019397,67_67399_5136980,1592915,2S,10,B,5,5,2027
67019398,67_67399_5136980,7791-21,2S,10,B,5,5,2027
67019398,67_67399_5136980,C910202-09,2S,10,C,5,5,2027
67019398,67_67399_5136980,1746926,2S,10,B,5,5,2027
67019398,67_67399_5136980,9815-32,2S,10,C,5,5,2027
67019398,67_67399_5136980,5819-20,2S,10,C,10,10,2027
67019398,67_67399_5136980,9104016-12,2S,10,B,5,5,2027
67019398,67_67399_5136980,C922007-01,2S,10,B,5,5,2027
67019398,67_67399_5136980,1850-05,2S,10,A,5,5,2027
67019399,67_67399_5136980,2151858,2S,10,B,5,5,2027
67019399,67_67399_5136980,C910202-09,2S,10,B,5,5,2027
67019399,67_67399_5136980,9814-22,2S,10,C,5,5,2027
67019399,67_67399_5136980,C910201-13,2S,10,C,5,5,2027
67019399,67_67399_5136980,2099051,2S,10,C,10,10,2027
67019399,67_67399_5136980,5980-55,2S,10,B,10,10,2027
67019399,67_67399_5136980,2294242,2S,10,B,5,5,2027
67019399,67_67399_5136980,C910400601,2S,10,C,5,5,2027
67019400,67_67399_5136980,C910429-50,2S,10,B,5,5,2027
67019400,67_67399_5136980,C910204-10,2S,10,B,5,5,2027
67019400,67_67399_5136980,C910415-56,2S,10,C,5,5,2027
67019400,67_67399_5136980,5980-57,2S,10,A,10,10,2027
67019400,67_67399_5136980,2151736,2S,10,A,5,5,2027
67019400,67_67399_5136980,7651-79,2S,10,A,10,10,2027
67019400,67_67399_5136980,9814-15,2S,10,A,5,5,2027
67019400,67_67399_5136980,6683-13,2S,10,C,5,5,2027
67019401,67_67399_5136980,2493-50,2S,10,C,10,10,2027
67019401,67_67399_5136980,90948,2S,10,B,5,5,2027
67019401,67_67399_5136980,C910417-04,2S,10,C,5,5,2027
67019401,67_67399_5136980,2151980,2S,10,B,5,5,2027
67019401,67_67399_5136980,C910201-03,2S,10,B,5,5,2027
67019401,67_67399_5136980,C910203-13,2S,10,A,5,5,2027
67019401,67_67399_5136980,9814-24,2S,10,B,5,5,2027
67019401,67_67399_5136980,C922704-02,2S,10,C,10,10,2027
67019402,67_67399_5136980,2360929,2S,10,B,10,10,2027
67019402,67_67399_5136980,C931602-04,2S,10,A,10,10,2027
67019402,67_67399_5136980,1790-42,2S,10,B,5,5,2027
67019402,67_67399_5136980,C923204-01,2S,10,C,5,5,2027
67019402,67_67399_5136980,1850-05,2S,10,C,5,5,2027
67019402,67_67399_5136980,90948,2S,10,B,5,5,2027
67019402,67_67399_5136980,1593614,2S,10,A,5,5,2027
67019402,67_67399_5136980,111066,2S,10,B,5,5,2027
67019403,67_67399_5136980,9814-16,1S,9,A,5,5,2027
67019403,67_67399_5136980,2076-67,1S,9,A,5,5,2027
67019403,67_67399_5136980,994251,1S,9,B,5,5,2027
67019403,67_67399_5136980,5693-53,1S,9,A,5,5,2027
67019403,67_67399_5136980,C917401-03,1S,9,B,5,5,2027
67019403,67_67399_5136980,0915-50,1S,9,B,10,10,2027
67019403,67_67399_5136980,C9104006-07,1S,9,C,5,5,2027
67019403,67_67399_5136980,C717201-02,1S,9,B,5,5,2027
67019403,67_67399_5136980,1726-01,1S,9,B,5,5,2027
67019403,67_67399_5136980,9104015-11,1S,9,A,5,5,2027
67019403,67_67399_5136980,1409624,1S,9,D,10,10,2027
67019403,67_67399_5136980,C910417-02,1S,9,B,5,5,2027
67019403,67_67399_5136980,6215-64,1S,9,B,5,5,2027
67019403,67_67399_5136980,2139501,1S,9,A,5,5,2027
67019403,67_67399_5136980,6683-15,1S,9,A,5,5,2027
67019404,67_67399_5136980,2151889,2S,10,B,5,5,2027
67019404,67_67399_5136980,C920003-01,2S,10,F,10,0,2027
67019404,67_67399_5136980,C910203-03,2S,10,A,5,5,2027
67019404,67_67399_5136980,8362-50,2S,10,C,10,10,2027
67019404,67_67399_5136980,7651-56,2S,10,B,10,10,2027
67019404,67_67399_5136980,2294181,2S,10,C,5,5,2027
67019405,67_67399_5136980,9814-23,2S,10,A,5,5,2027
67019405,67_67399_5136980,7651-75,2S,10,A,10,10,2027
67019405,67_67399_5136980,C910204-13,2S,10,A,5,5,2027
67019405,67_67399_5136980,C910400701,2S,10,A,5,5,2027
67019405,67_67399_5136980,C917305-10,2S,10,B,5,5,2027
67019405,67_67399_5136980,C920005-01,2S,10,A,10,10,2027
67019405,67_67399_5136980,2356546,2S,10,B,10,10,2027
67019405,67_67399_5136980,C920003-02,2S,10,C,10,10,2027
67019406,67_67399_5136980,1710-10,2S,10,A,5,5,2027
67019406,67_67399_5136980,7708-58,2S,10,B,5,5,2027
67019406,67_67399_5136980,8697-012,2S,10,C,5,5,2027
67019406,67_67399_5136980,C9104008-50,2S,10,A,5,5,2027
67019406,67_67399_5136980,C932302-50,2S,10,A,5,5,2027
67019406,67_67399_5136980,C9104007-07,2S,10,A,5,5,2027
67019406,67_67399_5136980,0215-06,2S,10,C,10,10,2027
67019406,67_67399_5136980,2057-14,2S,10,B,5,5,2027
67019407,67_67399_5136980,7651-77,2S,10,A,10,10,2027
67019407,67_67399_5136980,1385399,2S,10,C,5,5,2027
67019407,67_67399_5136980,1883-03,2S,10,C,5,5,2027
67019407,67_67399_5136980,005693-137,2S,10,A,5,5,2027
67019407,67_67399_5136980,5992-17,2S,10,B,5,5,2027
67019407,67_67399_5136980,C925401-04,2S,10,C,5,5,2027
67019407,67_67399_5136980,C910204-11,2S,10,A,5,5,2027
67019407,67_67399_5136980,1286-01,2S,10,A,5,5,2027
67019408,67_67399_5136980,1421892,2S,10,C,5,5,2027
67019408,67_67399_5136980,1254-14,2S,10,B,5,5,2027
67019408,67_67399_5136980,C910202-06,2S,10,A,5,5,2027
67019408,67_67399_5136980,2891139,2S,10,C,5,5,2027
67019408,67_67399_5136980,1409777,2S,10,A,10,10,2027
67019408,67_67399_5136980,C922001-51,2S,10,B,5,5,2027
67019408,67_67399_5136980,C906201-03,2S,10,C,5,5,2027
67019408,67_67399_5136980,1710-14,2S,10,B,5,5,2027
67019409,67_67399_5136980,C910418-09,2S,10,B,5,5,2027
67019409,67_67399_5136980,7702-57,2S,10,B,5,5,2027
67019409,67_67399_5136980,240728,2S,10,B,5,5,2027
67019409,67_67399_5136980,C910201-12,2S,10,A,5,5,2027
67019409,67_67399_5136980,C924507-52,2S,10,B,5,5,2027
67019409,67_67399_5136980,1431418,2S,10,A,10,10,2027
67019409,67_67399_5136980,0215-05,2S,10,B,10,10,2027
67019409,67_67399_5136980,1710-22,2S,10,C,5,5,2027
67019410,67_67399_5136980,5693-13,2S,10,A,5,5,2027
67019410,67_67399_5136980,2293756,2S,10,B,5,5,2027
67019410,67_67399_5136980,1883-03,2S,10,A,5,5,2027
67019410,67_67399_5136980,2193,2S,10,C,5,5,2027
67019410,67_67399_5136980,5819-34,2S,10,B,10,10,2027
67019410,67_67399_5136980,9814-15,2S,10,B,5,5,2027
67019410,67_67399_5136980,C910201-14,2S,10,B,5,5,2027
67019410,67_67399_5136980,7702-58,2S,10,A,5,5,2027
67019411,67_67399_5136980,1254-07,2S,10,B,5,5,2027
67019411,67_67399_5136980,9814-18,2S,10,A,5,5,2027
67019411,67_67399_5136980,1593614,2S,10,A,5,5,2027
67019411,67_67399_5136980,7651-67,2S,10,A,10,10,2027
67019411,67_67399_5136980,005693-136,2S,10,C,5,5,2027
67019411,67_67399_5136980,9000-51,2S,10,C,5,5,2027
67019411,67_67399_5136980,C923202-01,2S,10,B,5,5,2027
67019411,67_67399_5136980,1726-02,2S,10,B,5,5,2027
67019412,67_67399_5136980,005693-534,2S,10,F,5,0,2027
67019412,67_67399_5136980,1746804,2S,10,A,5,5,2027
67019412,67_67399_5136980,97216,2S,10,B,5,5,2027
67019412,67_67399_5136980,C910802-03,2S,10,B,5,5,2027
67019412,67_67399_5136980,2097680,2S,10,B,10,10,2027
67019412,67_67399_5136980,24198,2S,10,B,5,5,2027
67019412,67_67399_5136980,C920005-01,2S,10,C,10,10,2027
67019412,67_67399_5136980,C922003-01,2S,10,D,5,5,2027
67019413,67_67399_5136980,C922004-02,2S,10,B,5,5,2027
67019413,67_67399_5136980,005693-534,2S,10,B,5,5,2027
67019413,67_67399_5136980,C923204-01,2S,10,A,5,5,2027
67019413,67_67399_5136980,7651-71,2S,10,A,10,10,2027
67019413,67_67399_5136980,9815-32,2S,10,B,5,5,2027
67019413,67_67399_5136980,C910502-01,2S,10,B,5,5,2027
67019413,67_67399_5136980,C910204-14,2S,10,A,5,5,2027
67019413,67_67399_5136980,1790-04,2S,10,A,5,5,2027
67019414,67_67399_5136980,9815-22,2S,10,B,5,5,2027
67019414,67_67399_5136980,C910204-18,2S,10,B,5,5,2027
67019414,67_67399_5136980,7702-63,2S,10,B,5,5,2027
67019414,67_67399_5136980,C910400601,2S,10,B,5,5,2027
67019414,67_67399_5136980,C910430-50,2S,10,A,5,5,2027
67019414,67_67399_5136980,2294181,2S,10,A,5,5,2027
67019414,67_67399_5136980,1197997,2S,10,A,5,5,2027
67019414,67_67399_5136980,7651-55,2S,10,B,10,10,2027
67019415,67_67399_5136980,6683-21,2S,10,A,5,5,2027
67019415,67_67399_5136980,C910802-02,2S,10,A,5,5,2027
67019415,67_67399_5136980,2890955,2S,10,A,5,5,2027
67019415,67_67399_5136980,5819-26,2S,10,B,10,10,2027
67019415,67_67399_5136980,C917304-10,2S,10,A,5,5,2027
67019415,67_67399_5136980,C922002-51,2S,10,B,5,5,2027
67019415,67_67399_5136980,0215-04,2S,10,B,10,10,2027
67019415,67_67399_5136980,5793-23,2S,10,B,5,5,2027
67019416,67_67399_5136980,2294272,2S,10,B,5,5,2027
67019416,67_67399_5136980,C910417-05,2S,10,B,5,5,2027
67019416,67_67399_5136980,1458447,2S,10,A,5,5,2027
67019416,67_67399_5136980,1494726,2S,10,B,5,5,2027
67019416,67_67399_5136980,111095,2S,10,A,5,5,2027
67019416,67_67399_5136980,7708-59,2S,10,C,5,5,2027
67019416,67_67399_5136980,5990-53,2S,10,B,10,10,2027
67019416,67_67399_5136980,C910204-10,2S,10,B,5,5,2027
67019417,67_67399_5136980,7641-54,2S,10,B,10,10,2027
67019417,67_67399_5136980,C924502-02,2S,10,C,5,5,2027
67019417,67_67399_5136980,1710-21,2S,10,A,5,5,2027
67019417,67_67399_5136980,2101667,2S,10,B,5,5,2027
67019417,67_67399_5136980,1254-04,2S,10,A,5,5,2027
67019417,67_67399_5136980,C910415-53,2S,10,B,5,5,2027
67019417,67_67399_5136980,C9104006-01,2S,10,B,5,5,2027
67019417,67_67399_5136980,005693-134,2S,10,B,5,5,2027
67019418,67_67399_5136980,C910204-12,2S,10,A,5,5,2027
67019418,67_67399_5136980,596502,2S,10,C,5,5,2027
67019418,67_67399_5136980,5693-43,2S,10,A,5,5,2027
67019418,67_67399_5136980,1276-52,2S,10,B,5,5,2027
67019418,67_67399_5136980,9226-13,2S,10,A,5,5,2027
67019418,67_67399_5136980,9104016-13,2S,10,B,5,5,2027
67019418,67_67399_5136980,005693-436,2S,10,A,5,5,2027
67019419,67_67399_5136980,C910202-06,2S,10,D,5,5,2027
67019419,67_67399_5136980,C924501-01,2S,10,A,5,5,2027
67019419,67_67399_5136980,2151980,2S,10,F,5,0,2027
67019419,67_67399_5136980,1385488,2S,10,B,5,5,2027
67019419,67_67399_5136980,C922712-02,2S,10,A,10,10,2027
67019419,67_67399_5136980,C9104009-03,2S,10,A,5,5,2027
67019420,67_67399_5136980,298556,2S,10,A,10,10,2027
67019420,67_67399_5136980,1286-06,2S,10,A,5,5,2027
67019420,67_67399_5136980,1280-51,2S,10,A,5,5,2027
67019420,67_67399_5136980,1850-05,2S,10,A,5,5,2027
67019420,67_67399_5136980,C917304-26,2S,10,C,5,5,2027
67019420,67_67399_5136980,C920003-01,2S,10,A,10,10,2027
67019420,67_67399_5136980,9814-17,2S,10,A,5,5,2027
67019420,67_67399_5136980,7651-66,2S,10,A,10,10,2027
67019421,67_67399_5136980,C910501-50,2S,10,C,5,5,2027
67019421,67_67399_5136980,1385641,2S,10,B,5,5,2027
67019421,67_67399_5136980,C910418-13,2S,10,B,5,5,2027
67019421,67_67399_5136980,1256-42,2S,10,B,5,5,2027
67019421,67_67399_5136980,90948,2S,10,A,5,5,2027
67019421,67_67399_5136980,C917304-07,2S,10,A,5,5,2027
67019421,67_67399_5136980,C924508-01,2S,10,C,5,5,2027
67019421,67_67399_5136980,7651-67,2S,10,B,10,10,2027
67019422,67_67399_5136980,7708-62,2S,10,C,5,5,2027
67019422,67_67399_5136980,5819-18,2S,10,C,10,10,2027
67019422,67_67399_5136980,1494360,2S,10,B,5,5,2027
67019422,67_67399_5136980,1458597,2S,10,A,5,5,2027
67019422,67_67399_5136980,5793-13,2S,10,C,5,5,2027
67019422,67_67399_5136980,1850-01,2S,10,A,5,5,2027
67019423,67_67399_5136980,C922711-02,2S,10,A,10,10,2027
67019423,67_67399_5136980,1254-16,2S,10,D,5,5,2027
67019423,67_67399_5136980,2099082,2S,10,C,10,10,2027
67019423,67_67399_5136980,C923204-02,2S,10,B,5,5,2027
67019423,67_67399_5136980,C922203-50,2S,10,A,5,5,2027
67019423,67_67399_5136980,C923202-03,2S,10,B,5,5,2027
67019424,67_67399_5136980,5910-022,2S,10,B,10,10,2027
67019424,67_67399_5136980,C9104007-04,2S,10,C,5,5,2027
67019424,67_67399_5136980,1385458,2S,10,B,5,5,2027
67019424,67_67399_5136980,1828,2S,10,B,5,5,2027
67019424,67_67399_5136980,5819-25,2S,10,A,10,10,2027
67019424,67_67399_5136980,2890682,2S,10,B,5,5,2027
67019424,67_67399_5136980,C910203-18,2S,10,A,5,5,2027
67019424,67_67399_5136980,8697-16,2S,10,A,5,5,2027
67019425,67_67399_5136980,C910802-02,2S,10,B,5,5,2027
67019425,67_67399_5136980,1421951,2S,10,C,5,5,2027
67019425,67_67399_5136980,4579-52,2S,10,A,5,5,2027
67019425,67_67399_5136980,9814-50,2S,10,B,5,5,2027
67019425,67_67399_5136980,7651-59,2S,10,C,10,10,2027
67019425,67_67399_5136980,1710-22,2S,10,B,5,5,2027
67019425,67_67399_5136980,1421951,2S,10,B,5,5,2027
67019425,67_67399_5136980,C910417-05,2S,10,A,5,5,2027
67019426,67_67399_5136980,7708-56,2S,10,B,5,5,2027
67019426,67_67399_5136980,C910202-02,2S,10,A,5,5,2027
67019426,67_67399_5136980,1882-01,2S,10,B,5,5,2027
67019426,67_67399_5136980,7651-56,2S,10,B,10,10,2027
67019426,67_67399_5136980,C910418-14,2S,10,C,5,5,2027
67019426,67_67399_5136980,C910415-56,2S,10,C,5,5,2027
67019426,67_67399_5136980,1710-13,2S,10,A,5,5,2027
67019427,67_67399_5136980,C910203-15,2S,10,B,5,5,2027
67019427,67_67399_5136980,C910502-03,2S,10,A,5,5,2027
67019427,67_67399_5136980,9815-42,2S,10,D,5,5,2027
67019427,67_67399_5136980,7651-72,2S,10,B,10,10,2027
67019427,67_67399_5136980,C923203-01,2S,10,A,5,5,2027
67019427,67_67399_5136980,298436,2S,10,A,10,10,2027
67019427,67_67399_5136980,C910430-50,2S,10,C,5,5,2027
67019427,67_67399_5136980,1494268,2S,10,B,5,5,2027
67019428,67_67399_5136980,7702-50,2S,10,C,5,5,2027
67019428,67_67399_5136980,111156,2S,10,B,5,5,2027
67019428,67_67399_5136980,7641-53,2S,10,B,10,10,2027
67019428,67_67399_5136980,1197997,2S,10,B,5,5,2027
67019428,67_67399_5136980,298464,2S,10,B,10,10,2027
67019428,67_67399_5136980,9104015-21,2S,10,A,5,5,2027
67019428,67_67399_5136980,1422043,2S,10,A,5,5,2027
67019428,67_67399_5136980,C910202-10,2S,10,A,5,5,2027
67019429,67_67399_5136980,1421892,2S,10,D,5,5,2027
67019429,67_67399_5136980,7791-22,2S,10,A,5,5,2027
67019429,67_67399_5136980,2098411,2S,10,B,10,10,2027
67019429,67_67399_5136980,1882-01,2S,10,B,5,5,2027
67019429,67_67399_5136980,C910701-01,2S,10,D,5,5,2027
67019430,67_67399_5136980,C922006-02,2S,10,A,5,5,2027
67019430,67_67399_5136980,C922704-02,2S,10,A,10,10,2027
67019430,67_67399_5136980,4579-50,2S,10,B,5,5,2027
67019430,67_67399_5136980,7702-52,2S,10,C,5,5,2027
67019430,67_67399_5136980,C931602-02,2S,10,C,10,10,2027
67019430,67_67399_5136980,2890651,2S,10,C,5,5,2027
67019430,67_67399_5136980,1710-02,2S,10,B,5,5,2027
67019430,67_67399_5136980,1385399,2S,10,C,5,5,2027
67019431,67_67399_5136980,0218-11,2S,10,B,10,10,2027
67019431,67_67399_5136980,1422043,2S,10,A,5,5,2027
67019431,67_67399_5136980,C917401-01,2S,10,C,5,5,2027
67019431,67_67399_5136980,1431630,2S,10,A,10,10,2027
67019431,67_67399_5136980,57497,2S,10,C,5,5,2027
67019431,67_67399_5136980,6687-15,2S,10,C,5,5,2027
67019431,67_67399_5136980,C910502-50,2S,10,C,5,5,2027
67019431,67_67399_5136980,1385458,2S,10,B,5,5,2027
67019432,67_67399_5136980,C910201-08,2S,10,B,5,5,2027
67019432,67_67399_5136980,7702-55,2S,10,C,5,5,2027
67019432,67_67399_5136980,C925401-08,2S,10,B,5,5,2027
67019432,67_67399_5136980,7651-60,2S,10,C,10,10,2027
67019432,67_67399_5136980,5992-16,2S,10,C,5,5,2027
67019432,67_67399_5136980,0215-08,2S,10,C,10,10,2027
67019432,67_67399_5136980,1206763,2S,10,B,10,10,2027
67019432,67_67399_5136980,C910418-04,2S,10,A,5,5,2027
67019433,67_67399_5136980,90948,2S,10,B,5,5,2027
67019433,67_67399_5136980,2294181,2S,10,A,5,5,2027
67019433,67_67399_5136980,C9104012-01,2S,10,A,5,5,2027
67019433,67_67399_5136980,1790-16,2S,10,C,5,5,2027
67019433,67_67399_5136980,5819-21,2S,10,B,10,10,2027
67019433,67_67399_5136980,9814-26,2S,10,C,5,5,2027
67019433,67_67399_5136980,1254-17,2S,10,A,5,5,2027
67019433,67_67399_5136980,C910202-12,2S,10,C,5,5,2027
67019434,67_67399_5136980,C910418-11,2S,10,B,5,5,2027
67019434,67_67399_5136980,C910418-09,2S,10,C,5,5,2027
67019434,67_67399_5136980,1288-05,2S,10,C,5,5,2027
67019434,67_67399_5136980,C910416-57,2S,10,A,5,5,2027
67019434,67_67399_5136980,1746773,2S,10,D,5,5,2027
67019434,67_67399_5136980,9814-14,2S,10,A,5,5,2027
67019434,67_67399_5136980,2493-50,2S,10,A,10,10,2027
67019434,67_67399_5136980,7791-13,2S,10,B,5,5,2027
67019435,67_67399_5136980,C910203-02,2S,10,B,5,5,2027
67019435,67_67399_5136980,1254-01,2S,10,B,5,5,2027
67019435,67_67399_5136980,57589,2S,10,B,5,5,2027
67019435,67_67399_5136980,216651,2S,10,A,10,10,2027
67019435,67_67399_5136980,2151797,2S,10,B,5,5,2027
67019435,67_67399_5136980,C906201-03,2S,10,A,5,5,2027
67019435,67_67399_5136980,0215-02,2S,10,B,10,10,2027
67019435,67_67399_5136980,1883-01,2S,10,A,5,5,2027
67019436,67_67399_5136980,7641-57,2S,10,A,10,10,2027
67019436,67_67399_5136980,57436,2S,10,A,5,5,2027
67019436,67_67399_5136980,1494879,2S,10,B,5,5,2027
67019436,67_67399_5136980,C9104009-01,2S,10,D,5,5,2027
67019436,67_67399_5136980,C910202-15,2S,10,A,5,5,2027
67019436,67_67399_5136980,C910418-09,2S,10,F,5,0,2027
67019436,67_67399_5136980,7708-52,2S,10,A,5,5,2027
67019436,67_67399_5136980,C910416-52,2S,10,D,5,5,2027
67019437,67_67399_5136980,2099476,2S,10,B,5,5,2027
67019437,67_67399_5136980,7702-52,2S,10,B,5,5,2027
67019437,67_67399_5136980,C910418-01,2S,10,B,5,5,2027
67019437,67_67399_5136980,2294122,2S,10,B,5,5,2027
67019437,67_67399_5136980,5980-59,2S,10,C,10,10,2027
67019437,67_67399_5136980,C917305-06,2S,10,A,5,5,2027
67019437,67_67399_5136980,5819-21,2S,10,A,10,10,2027
67019437,67_67399_5136980,9814-15,2S,10,B,5,5,2027
67019438,67_67399_5136980,C910203-12,2S,10,B,5,5,2027
67019438,67_67399_5136980,C902001-01,2S,10,B,10,10,2027
67019438,67_67399_5136980,2294122,2S,10,C,5,5,2027
67019438,67_67399_5136980,2890804,2S,10,C,5,5,2027
67019438,67_67399_5136980,005693-134,2S,10,A,5,5,2027
67019438,67_67399_5136980,C931602-03,2S,10,A,10,10,2027
67019438,67_67399_5136980,1593341,2S,10,A,5,5,2027
67019438,67_67399_5136980,C917304-26,2S,10,A,5,5,2027
67019439,67_67399_5136980,2098352,2S,10,C,10,10,2027
67019439,67_67399_5136980,C925401-03,2S,10,B,5,5,2027
67019439,67_67399_5136980,1748691,2S,10,C,5,5,2027
67019439,67_67399_5136980,1593221,2S,10,B,5,5,2027
67019439,67_67399_5136980,1790-03,2S,10,B,5,5,2027
67019439,67_67399_5136980,1385458,2S,10,A,5,5,2027
67019439,67_67399_5136980,1883-02,2S,10,B,5,5,2027
67019439,67_67399_5136980,1385399,2S,10,A,5,5,2027
67019440,67_67399_5136980,2151677,2S,10,C,5,5,2027
67019440,67_67399_5136980,C910417-07,2S,10,A,5,5,2027
67019440,67_67399_5136980,4579-51,2S,10,C,5,5,2027
67019440,67_67399_5136980,111432,2S,10,B,5,5,2027
67019440,67_67399_5136980,C910418-09,2S,10,B,5,5,2027
67019440,67_67399_5136980,7641-55,2S,10,B,10,10,2027
67019440,67_67399_5136980,7702-61,2S,10,A,5,5,2027
67019440,67_67399_5136980,90948,2S,10,C,5,5,2027
67019441,67_67399_5136980,217322,2S,10,A,10,10,2027
67019441,67_67399_5136980,23743,2S,10,A,5,5,2027
67019441,67_67399_5136980,C910415-54,2S,10,B,5,5,2027
67019441,67_67399_5136980,C922004-02,2S,10,A,5,5,2027
67019441,67_67399_5136980,C910418-11,2S,10,C,5,5,2027
67019441,67_67399_5136980,111095,2S,10,A,5,5,2027
67019441,67_67399_5136980,4578-54,2S,10,B,5,5,2027
67019441,67_67399_5136980,2482615,2S,10,B,5,5,2027
67019442,67_67399_5136980,C922711-01,2S,10,B,10,10,2027
67019442,67_67399_5136980,C9104008-02,2S,10,A,5,5,2027
67019442,67_67399_5136980,1593341,2S,10,A,5,5,2027
67019442,67_67399_5136980,C924507-51,2S,10,A,5,5,2027
67019442,67_67399_5136980,5990-51,2S,10,A,10,10,2027
67019442,67_67399_5136980,1385399,2S,10,B,5,5,2027
67019442,67_67399_5136980,1198028,2S,10,D,5,5,2027
67019442,67_67399_5136980,6683-16,2S,10,B,5,5,2027
67019443,67_67399_5136980,9226-16,2S,10,F,5,0,2027
67019443,67_67399_5136980,C922705-02,2S,10,B,10,10,2027
67019443,67_67399_5136980,5980-57,2S,10,B,10,10,2027
67019443,67_67399_5136980,1276-50,2S,10,C,5,5,2027
67019443,67_67399_5136980,C910204-04,2S,10,A,5,5,2027
67019443,67_67399_5136980,9815-33,2S,10,C,5,5,2027
67019443,67_67399_5136980,2097680,2S,10,A,10,10,2027
67019443,67_67399_5136980,C922004-01,2S,10,B,5,5,2027
67019444,67_67399_5136980,1747230,2S,10,A,5,5,2027
67019444,67_67399_5136980,005693-134,2S,10,A,5,5,2027
67019444,67_67399_5136980,C910417-02,2S,10,A,5,5,2027
67019444,67_67399_5136980,1850-06,2S,10,A,5,5,2027
67019444,67_67399_5136980,2151980,2S,10,C,5,5,2027
67019444,67_67399_5136980,5819-23,2S,10,B,10,10,2027
67019444,67_67399_5136980,C924507-51,2S,10,C,5,5,2027
67019444,67_67399_5136980,1280-52,2S,10,A,5,5,2027
67019445,67_67399_5136980,6683-18,2S,10,A,5,5,2027
67019445,67_67399_5136980,5980-52,2S,10,F,10,0,2027
67019445,67_67399_5136980,C925401-08,2S,10,B,5,5,2027
67019445,67_67399_5136980,4579-52,2S,10,A,5,5,2027
67019446,67_67399_5136980,2890927,2S,10,A,5,5,2027
67019446,67_67399_5136980,7641-59,2S,10,A,10,10,2027
67019446,67_67399_5136980,1254-31,2S,10,C,5,5,2027
67019446,67_67399_5136980,1883-06,2S,10,A,5,5,2027
67019446,67_67399_5136980,1286-03,2S,10,C,5,5,2027
67019446,67_67399_5136980,1392762,2S,10,C,5,5,2027
67019446,67_67399_5136980,1790-14,2S,10,A,5,5,2027
67019446,67_67399_5136980,C910418-13,2S,10,B,5,5,2027
67019447,67_67399_5136980,1385549,2S,10,A,5,5,2027
67019447,67_67399_5136980,1421892,2S,10,B,5,5,2027
67019447,67_67399_5136980,C917305-08,2S,10,A,5,5,2027
67019447,67_67399_5136980,C922001-50,2S,10,B,5,5,2027
67019447,67_67399_5136980,4578-52,2S,10,A,5,5,2027
67019447,67_67399_5136980,217442,2S,10,C,10,10,2027
67019447,67_67399_5136980,2099476,2S,10,A,5,5,2027
67019447,67_67399_5136980,111066,2S,10,B,5,5,2027
67019448,67_67399_5136980,C9104008-02,2S,10,A,5,5,2027
67019448,67_67399_5136980,7702-50,2S,10,B,5,5,2027
67019448,67_67399_5136980,8697-14,2S,10,B,5,5,2027
67019448,67_67399_5136980,7641-58,2S,10,A,10,10,2027
67019448,67_67399_5136980,C917304-06,2S,10,B,5,5,2027
67019448,67_67399_5136980,1392672,2S,10,C,5,5,2027
67019448,67_67399_5136980,C910418-06,2S,10,C,5,5,2027
67019449,67_67399_5136980,C922205-01,2S,10,B,5,5,2027
67019449,67_67399_5136980,1494879,2S,10,A,5,5,2027
67019449,67_67399_5136980,2137798,2S,10,C,5,5,2027
67019449,67_67399_5136980,C922002-51,2S,10,A,5,5,2027
67019449,67_67399_5136980,1593555,2S,10,B,5,5,2027
67019449,67_67399_5136980,1421982,2S,10,A,5,5,2027
67019450,67_67399_5136980,4578-52,2S,10,A,5,5,2027
67019450,67_67399_5136980,9104016-32,2S,10,B,5,5,2027
67019450,67_67399_5136980,1883-07,2S,10,B,5,5,2027
67019450,67_67399_5136980,1887,2S,10,B,5,5,2027
67019450,67_67399_5136980,1409716,2S,10,B,10,10,2027
67019450,67_67399_5136980,111491,2S,10,B,5,5,2027
67019450,67_67399_5136980,1280-54,2S,10,A,5,5,2027
67019450,67_67399_5136980,C910418-08,2S,10,A,5,5,2027
67019451,67_67399_5136980,216623,2S,10,A,10,10,2027
67019451,67_67399_5136980,0218-06,2S,10,C,10,10,2027
67019451,67_67399_5136980,5693-32,2S,10,B,5,5,2027
67019451,67_67399_5136980,C922002-50,2S,10,B,5,5,2027
67019451,67_67399_5136980,C910204-12,2S,10,C,5,5,2027
67019451,67_67399_5136980,6683-21,2S,10,A,5,5,2027
67019451,67_67399_5136980,C917401-03,2S,10,B,5,5,2027
67019451,67_67399_5136980,9815-34,2S,10,F,5,0,2027
67019452,67_67399_5136980,2293725,2S,10,B,5,5,2027
67019452,67_67399_5136980,1206794,2S,10,C,10,10,2027
67019452,67_67399_5136980,C925402-04,2S,10,B,5,5,2027
67019452,67_67399_5136980,7708-60,2S,10,C,5,5,2027
67019452,67_67399_5136980,1431446,2S,10,B,10,10,2027
67019452,67_67399_5136980,5980-56,2S,10,B,10,10,2027
67019452,67_67399_5136980,1828,2S,10,B,5,5,2027
67019452,67_67399_5136980,1254-11,2S,10,C,5,5,2027
67019453,67_67399_5136980,C910204-03,2S,10,B,5,5,2027
67019453,67_67399_5136980,8362-50,2S,10,B,10,10,2027
67019453,67_67399_5136980,C925401-02,2S,10,B,5,5,2027
67019453,67_67399_5136980,7651-59,2S,10,B,10,10,2027
67019453,67_67399_5136980,1790-42,2S,10,A,5,5,2027
67019453,67_67399_5136980,1458416,2S,10,B,5,5,2027
67019453,67_67399_5136980,1850-03,2S,10,B,5,5,2027
67019453,67_67399_5136980,C910502-02,2S,10,A,5,5,2027
67019454,67_67399_5136980,1996783,2S,10,A,10,10,2027
67019454,67_67399_5136980,7651-61,2S,10,B,10,10,2027
67019454,67_67399_5136980,C910802-03,2S,10,B,5,5,2027
67019454,67_67399_5136980,1790-05,2S,10,A,5,5,2027
67019454,67_67399_5136980,2482860,2S,10,B,5,5,2027
67019454,67_67399_5136980,5693-41,2S,10,A,5,5,2027
67019454,67_67399_5136980,1392762,2S,10,A,5,5,2027
67019454,67_67399_5136980,005693-137,2S,10,B,5,5,2027
67019455,67_67399_5136980,1385368,2S,10,B,5,5,2027
67019455,67_67399_5136980,1494879,2S,10,B,5,5,2027
67019455,67_67399_5136980,111156,2S,10,B,5,5,2027
67019455,67_67399_5136980,1256-42,2S,10,C,5,5,2027
67019455,67_67399_5136980,8697-13,2S,10,B,5,5,2027
67019455,67_67399_5136980,C9104008-03,2S,10,C,5,5,2027
67019455,67_67399_5136980,C923201-01,2S,10,A,5,5,2027
67019455,67_67399_5136980,7651-58,2S,10,A,10,10,2027
67019456,67_67399_5136980,7702-50,2S,10,B,5,5,2027
67019456,67_67399_5136980,1882-02,2S,10,C,5,5,2027
67019456,67_67399_5136980,1256-42,2S,10,B,5,5,2027
67019456,67_67399_5136980,C917304-18,2S,10,D,5,5,2027
67019456,67_67399_5136980,1458567,2S,10,B,5,5,2027
67019456,67_67399_5136980,1385519,2S,10,A,5,5,2027
67019456,67_67399_5136980,2293725,2S,10,C,5,5,2027
67019456,67_67399_5136980,5819-23,2S,10,B,10,10,2027
67019457,67_67399_5136980,C910201-07,2S,10,B,5,5,2027
67019457,67_67399_5136980,9815-42,2S,10,C,5,5,2027
67019457,67_67399_5136980,C910203-16,2S,10,C,5,5,2027
67019457,67_67399_5136980,7651-67,2S,10,B,10,10,2027
67019457,67_67399_5136980,1458416,2S,10,A,5,5,2027
67019457,67_67399_5136980,1850-03,2S,10,A,5,5,2027
67019457,67_67399_5136980,C922002-52,2S,10,A,5,5,2027
67019457,67_67399_5136980,1710-13,2S,10,A,5,5,2027
67019458,67_67399_5136980,C910204-17,2S,10,B,5,5,2027
67019458,67_67399_5136980,1254-11,2S,10,B,5,5,2027
67019458,67_67399_5136980,217381,2S,10,C,10,10,2027
67019458,67_67399_5136980,1790-12,2S,10,A,5,5,2027
67019458,67_67399_5136980,C910416-52,2S,10,A,5,5,2027
67019458,67_67399_5136980,9104015-21,2S,10,B,5,5,2027
67019458,67_67399_5136980,C925402-09,2S,10,A,5,5,2027
67019458,67_67399_5136980,C922006-01,2S,10,A,5,5,2027
67019459,67_67399_5136980,1446728,2S,10,A,10,10,2027
67019459,67_67399_5136980,57619,2S,10,A,5,5,2027
67019459,67_67399_5136980,C931601-01,2S,10,C,10,10,2027
67019459,67_67399_5136980,1254-05,2S,10,A,5,5,2027
67019459,67_67399_5136980,C917303-01,2S,10,B,5,5,2027
67019459,67_67399_5136980,C910203-01,2S,10,B,5,5,2027
67019459,67_67399_5136980,9104015-11,2S,10,B,5,5,2027
67019459,67_67399_5136980,C922203-50,2S,10,C,5,5,2027
67019460,67_67399_5136980,C910202-07,2S,10,B,5,5,2027
67019460,67_67399_5136980,1286-04,2S,10,B,5,5,2027
67019460,67_67399_5136980,111095,2S,10,B,5,5,2027
67019460,67_67399_5136980,1409504,2S,10,A,10,10,2027
67019460,67_67399_5136980,C917303-02,2S,10,B,5,5,2027
67019460,67_67399_5136980,C922002-52,2S,10,A,5,5,2027
67019460,67_67399_5136980,C910416-57,2S,10,A,5,5,2027
67019460,67_67399_5136980,1850-05,2S,10,B,5,5,2027
67019461,67_67399_5136980,1254-20,2S,10,B,5,5,2027
67019461,67_67399_5136980,C910417-02,2S,10,B,5,5,2027
67019461,67_67399_5136980,1256-42,2S,10,A,5,5,2027
67019461,67_67399_5136980,005693-437,2S,10,B,5,5,2027
67019461,67_67399_5136980,5992-17,2S,10,B,5,5,2027
67019461,67_67399_5136980,298464,2S,10,B,10,10,2027
67019461,67_67399_5136980,9815-30,2S,10,A,5,5,2027
67019461,67_67399_5136980,2097710,2S,10,B,10,10,2027
67019462,67_67399_5136980,0215-07,2S,10,A,10,10,2027
67019462,67_67399_5136980,C910418-05,2S,10,B,5,5,2027
67019462,67_67399_5136980,C902001-02,2S,10,C,10,10,2027
67019462,67_67399_5136980,C910201-12,2S,10,A,5,5,2027
67019462,67_67399_5136980,1748538,2S,10,A,5,5,2027
67019462,67_67399_5136980,2890682,2S,10,B,5,5,2027
67019462,67_67399_5136980,5819-15,2S,10,A,10,10,2027
67019462,67_67399_5136980,C917305-21,2S,10,B,5,5,2027
67019463,67_67399_5136980,7641-56,2S,10,B,10,10,2027
67019463,67_67399_5136980,2890865,2S,10,B,5,5,2027
67019463,67_67399_5136980,2482890,2S,10,C,5,5,2027
67019463,67_67399_5136980,C910418-11,2S,10,C,5,5,2027
67019463,67_67399_5136980,5693-032,2S,10,C,5,5,2027
67019463,67_67399_5136980,05693-2311,2S,10,C,5,5,2027
67019463,67_67399_5136980,4579-53,2S,10,A,5,5,2027
67019463,67_67399_5136980,C917304-10,2S,10,B,5,5,2027
67019464,67_67399_5136980,1226-52,2S,10,A,5,5,2027
67019464,67_67399_5136980,1883-06,2S,10,C,5,5,2027
67019464,67_67399_5136980,1790-01,2S,10,A,5,5,2027
67019464,67_67399_5136980,5819-29,2S,10,B,10,10,2027
67019464,67_67399_5136980,C910204-09,2S,10,B,5,5,2027
67019464,67_67399_5136980,C922006-01,2S,10,B,5,5,2027
67019464,67_67399_5136980,2890835,2S,10,B,5,5,2027
67019464,67_67399_5136980,1747138,2S,10,A,5,5,2027
67019465,67_67399_5136980,2482799,2S,10,A,5,5,2027
67019465,67_67399_5136980,C922704-02,2S,10,C,10,10,2027
67019465,67_67399_5136980,2293999,2S,10,C,5,5,2027
67019465,67_67399_5136980,5980-56,2S,10,A,10,10,2027
67019465,67_67399_5136980,5991-16,2S,10,C,5,5,2027
67019465,67_67399_5136980,111521,2S,10,B,5,5,2027
67019465,67_67399_5136980,6687-17,2S,10,A,5,5,2027
67019466,67_67399_5136980,1746926,2S,10,B,5,5,2027
67019466,67_67399_5136980,C910203-16,2S,10,A,5,5,2027
67019466,67_67399_5136980,2891139,2S,10,A,5,5,2027
67019466,67_67399_5136980,7651-53,2S,10,B,10,10,2027
67019466,67_67399_5136980,2151677,2S,10,B,5,5,2027
67019466,67_67399_5136980,1446728,2S,10,A,10,10,2027
67019466,67_67399_5136980,1224-50,2S,10,A,5,5,2027
67019466,67_67399_5136980,05693-4311,2S,10,B,5,5,2027
67019467,67_67399_5136980,9815-19,2S,10,A,5,5,2027
67019467,67_67399_5136980,2097710,2S,10,B,10,10,2027
67019467,67_67399_5136980,C910202-15,2S,10,B,5,5,2027
67019467,67_67399_5136980,5991-17,2S,10,F,5,0,2027
67019467,67_67399_5136980,C910430-02,2S,10,C,5,5,2027
67019467,67_67399_5136980,1206763,2S,10,D,10,10,2027
67019467,67_67399_5136980,1746957,2S,10,A,5,5,2027
67019468,67_67399_5136980,90948,2S,10,B,5,5,2027
67019468,67_67399_5136980,C925401-05,2S,10,B,5,5,2027
67019468,67_67399_5136980,C923204-03,2S,10,C,5,5,2027
67019468,67_67399_5136980,C917305-17,2S,10,A,5,5,2027
67019468,67_67399_5136980,1206794,2S,10,B,10,10,2027
67019468,67_67399_5136980,1431691,2S,10,A,10,10,2027
67019468,67_67399_5136980,2139471,2S,10,D,5,5,2027
67019468,67_67399_5136980,1254-04,2S,10,D,5,5,2027
67019469,67_67399_5136980,2099447,2S,10,A,5,5,2027
67019469,67_67399_5136980,1746926,2S,10,C,5,5,2027
67019469,67_67399_5136980,C925401-08,2S,10,A,5,5,2027
67019469,67_67399_5136980,7641-53,2S,10,A,10,10,2027
67019469,67_67399_5136980,C917305-28,2S,10,B,5,5,2027
67019469,67_67399_5136980,298464,2S,10,A,10,10,2027
67019469,67_67399_5136980,C923201-01,2S,10,B,5,5,2027
67019469,67_67399_5136980,9104016-32,2S,10,A,5,5,2027
67019470,67_67399_5136980,24139,2S,10,B,5,5,2027
67019470,67_67399_5136980,1256-21,2S,10,B,5,5,2027
67019470,67_67399_5136980,2101639,2S,10,B,5,5,2027
67019470,67_67399_5136980,C924501-50,2S,10,B,5,5,2027
67019470,67_67399_5136980,216651,2S,10,C,10,10,2027
67019470,67_67399_5136980,C910416-53,2S,10,A,5,5,2027
67019470,67_67399_5136980,C922004-01,2S,10,B,5,5,2027
67019470,67_67399_5136980,1850-03,2S,10,A,5,5,2027
67019471,67_67399_5136980,1464624,2S,10,B,10,10,2027
67019471,67_67399_5136980,9000-50,2S,10,A,5,5,2027
67019471,67_67399_5136980,1593249,2S,10,C,5,5,2027
67019471,67_67399_5136980,C925402-05,2S,10,A,5,5,2027
67019471,67_67399_5136980,1409563,2S,10,A,10,10,2027
67019471,67_67399_5136980,1790-02,2S,10,A,5,5,2027
67019471,67_67399_5136980,C910416-53,2S,10,A,5,5,2027
67019471,67_67399_5136980,7708-57,2S,10,A,5,5,2027
67019472,67_67399_5136980,5990-51,2S,10,D,10,10,2027
67019472,67_67399_5136980,9814-18,2S,10,B,5,5,2027
67019472,67_67399_5136980,1224-50,2S,10,A,5,5,2027
67019472,67_67399_5136980,0218-05,2S,10,A,10,10,2027
67019472,67_67399_5136980,1464683,2S,10,A,10,10,2027
67019472,67_67399_5136980,1735665,2S,10,C,5,5,2027
67019472,67_67399_5136980,1254-41,2S,10,A,5,5,2027
67019472,67_67399_5136980,7708-59,2S,10,C,5,5,2027
67019473,67_67399_5136980,C917305-11,2S,10,B,5,5,2027
67019473,67_67399_5136980,2294272,2S,10,B,5,5,2027
67019473,67_67399_5136980,1286-03,2S,10,A,5,5,2027
67019473,67_67399_5136980,4579-52,2S,10,B,5,5,2027
67019473,67_67399_5136980,C925402-05,2S,10,B,5,5,2027
67019473,67_67399_5136980,7641-51,2S,10,B,10,10,2027
67019473,67_67399_5136980,1385641,2S,10,A,5,5,2027
67019473,67_67399_5136980,0218-05,2S,10,B,10,10,2027
67019474,67_67399_5136980,C910417-05,2S,10,B,5,5,2027
67019474,67_67399_5136980,1256-04,2S,10,B,5,5,2027
67019474,67_67399_5136980,C922001-50,2S,10,B,5,5,2027
67019474,67_67399_5136980,1458567,2S,10,B,5,5,2027
67019474,67_67399_5136980,57377,2S,10,A,5,5,2027
67019474,67_67399_5136980,1593980,2S,10,A,5,5,2027
67019474,67_67399_5136980,C917305-24,2S,10,A,5,5,2027
67019475,67_67399_5136980,C9104010-01,2S,10,A,5,5,2027
67019475,67_67399_5136980,0215-03,2S,10,C,10,10,2027
67019475,67_67399_5136980,C9104008-03,2S,10,B,5,5,2027
67019475,67_67399_5136980,5992-22,2S,10,B,5,5,2027
67019475,67_67399_5136980,2890590,2S,10,A,5,5,2027
67019475,67_67399_5136980,4579-51,2S,10,C,5,5,2027
67019475,67_67399_5136980,1431660,2S,10,B,10,10,2027
67019475,67_67399_5136980,4579-52,2S,10,C,5,5,2027
67019476,67_67399_5136980,C920002-02,2S,10,C,10,10,2027
67019476,67_67399_5136980,C910416-54,2S,10,A,5,5,2027
67019476,67_67399_5136980,C910502-50,2S,10,B,5,5,2027
67019476,67_67399_5136980,1593190,2S,10,A,5,5,2027
67019476,67_67399_5136980,005693-436,2S,10,B,5,5,2027
67019476,67_67399_5136980,9815-36,2S,10,B,5,5,2027
67019476,67_67399_5136980,7651-68,2S,10,B,10,10,2027
67019476,67_67399_5136980,2151919,2S,10,A,5,5,2027
67019477,67_67399_5136980,9815-21,2S,10,A,5,5,2027
67019477,67_67399_5136980,8697-012,2S,10,C,5,5,2027
67019477,67_67399_5136980,1254-04,2S,10,C,5,5,2027
67019477,67_67399_5136980,C931601-02,2S,10,A,10,10,2027
67019477,67_67399_5136980,2676012,2S,10,C,5,5,2027
67019477,67_67399_5136980,5980-59,2S,10,A,10,10,2027
67019477,67_67399_5136980,C922704-01,2S,10,B,10,10,2027
67019477,67_67399_5136980,9104016-33,2S,10,C,5,5,2027
67019478,67_67399_5136980,C910203-13,2S,10,C,5,5,2027
67019478,67_67399_5136980,57527,2S,10,A,5,5,2027
67019478,67_67399_5136980,7651-76,2S,10,B,10,10,2027
67019478,67_67399_5136980,C9104008-02,2S,10,A,5,5,2027
67019478,67_67399_5136980,1421951,2S,10,C,5,5,2027
67019478,67_67399_5136980,5693-41,2S,10,B,5,5,2027
67019478,67_67399_5136980,1790-11,2S,10,B,5,5,2027
67019478,67_67399_5136980,1256-18,2S,10,A,5,5,2027
67019479,67_67399_5136980,C910202-21,2S,10,C,5,5,2027
67019479,67_67399_5136980,9104015-51,2S,10,A,5,5,2027
67019479,67_67399_5136980,C9104009-03,2S,10,C,5,5,2027
67019479,67_67399_5136980,005693--33,2S,10,A,5,5,2027
67019479,67_67399_5136980,2675920,2S,10,C,5,5,2027
67019479,67_67399_5136980,7641-56,2S,10,A,10,10,2027
67019479,67_67399_5136980,9815-19,2S,10,B,5,5,2027
67019479,67_67399_5136980,C910203-02,2S,10,B,5,5,2027
67019480,67_67399_5136980,05693-2310,2S,10,B,5,5,2027
67019480,67_67399_5136980,C906201-03,2S,10,C,5,5,2027
67019480,67_67399_5136980,1206794,2S,10,C,10,10,2027
67019480,67_67399_5136980,1790-08,2S,10,A,5,5,2027
67019480,67_67399_5136980,7651-59,2S,10,A,10,10,2027
67019480,67_67399_5136980,C925402-01,2S,10,A,5,5,2027
67019480,67_67399_5136980,C910203-16,2S,10,B,5,5,2027
67019480,67_67399_5136980,1748418,2S,10,A,5,5,2027
67019481,67_67399_5136980,1421892,2S,10,A,5,5,2027
67019481,67_67399_5136980,1256-07,2S,10,C,5,5,2027
67019481,67_67399_5136980,6683-13,2S,10,B,5,5,2027
67019481,67_67399_5136980,1385427,2S,10,A,5,5,2027
67019481,67_67399_5136980,9815-31,2S,10,A,5,5,2027
67019481,67_67399_5136980,7651-54,2S,10,B,10,10,2027
67019481,67_67399_5136980,5991-13,2S,10,A,5,5,2027
67019481,67_67399_5136980,C9104010-01,2S,10,A,5,5,2027
67019482,67_67399_5136980,9815-31,2S,10,B,5,5,2027
67019482,67_67399_5136980,C910418-14,2S,10,A,5,5,2027
67019482,67_67399_5136980,216682,2S,10,C,10,10,2027
67019482,67_67399_5136980,5992-17,2S,10,B,5,5,2027
67019482,67_67399_5136980,C922711-02,2S,10,B,10,10,2027
67019482,67_67399_5136980,C910203-10,2S,10,B,5,5,2027
67019482,67_67399_5136980,5693-032,2S,10,C,5,5,2027
67019482,67_67399_5136980,2482707,2S,10,B,5,5,2027
67019483,67_67399_5136980,4579-54,2S,10,B,5,5,2027
67019483,67_67399_5136980,C910400850,2S,10,B,5,5,2027
67019483,67_67399_5136980,C922005-02,2S,10,B,5,5,2027
67019483,67_67399_5136980,0215-02,2S,10,A,10,10,2027
67019483,67_67399_5136980,C917304-19,2S,10,C,5,5,2027
67019483,67_67399_5136980,7641-57,2S,10,A,10,10,2027
67019483,67_67399_5136980,57377,2S,10,C,5,5,2027
67019483,67_67399_5136980,980313,2S,10,B,5,5,2027
67019484,67_67399_5136980,7708-50,2S,10,A,5,5,2027
67019484,67_67399_5136980,1286-03,2S,10,B,5,5,2027
67019484,67_67399_5136980,9815-50,2S,10,A,5,5,2027
67019484,67_67399_5136980,1431446,2S,10,C,10,10,2027
67019484,67_67399_5136980,1494848,2S,10,B,5,5,2027
67019484,67_67399_5136980,05693-3310,2S,10,A,5,5,2027
67019484,67_67399_5136980,298405,2S,10,A,10,10,2027
67019484,67_67399_5136980,1448978,2S,10,B,10,10,2027
67019485,67_67399_5136980,2676012,2S,10,C,5,5,2027
67019485,67_67399_5136980,1431660,2S,10,B,10,10,2027
67019485,67_67399_5136980,C910417-02,2S,10,B,5,5,2027
67019485,67_67399_5136980,C9104006-02,2S,10,B,5,5,2027
67019485,67_67399_5136980,100079,2S,10,B,5,5,2027
67019485,67_67399_5136980,1850-07,2S,10,B,5,5,2027
67019485,67_67399_5136980,6682-13,2S,10,A,5,5,2027
67019485,67_67399_5136980,C910202-04,2S,10,B,5,5,2027
67019486,67_67399_5136980,C910502-04,2S,10,A,5,5,2027
67019486,67_67399_5136980,596686,2S,10,A,5,5,2027
67019486,67_67399_5136980,7651-61,2S,10,C,10,10,2027
67019486,67_67399_5136980,0215-01,2S,10,F,10,0,2027
67019486,67_67399_5136980,1254-04,2S,10,B,5,5,2027
67019486,67_67399_5136980,1392731,2S,10,C,5,5,2027
67019487,67_67399_5136980,6683-14,2S,10,A,5,5,2027
67019487,67_67399_5136980,980769,2S,10,C,5,5,2027
67019487,67_67399_5136980,9814-18,2S,10,A,5,5,2027
67019487,67_67399_5136980,5819-27,2S,10,A,10,10,2027
67019487,67_67399_5136980,23833,2S,10,B,5,5,2027
67019487,67_67399_5136980,C9104009-01,2S,10,C,5,5,2027
67019487,67_67399_5136980,05693-3310,2S,10,C,5,5,2027
67019487,67_67399_5136980,C910418-14,2S,10,B,5,5,2027
67019488,67_67399_5136980,980404,2S,10,A,5,5,2027
67019488,67_67399_5136980,9814-21,2S,10,B,5,5,2027
67019488,67_67399_5136980,7641-56,2S,10,B,10,10,2027
67019488,67_67399_5136980,2151766,2S,10,A,5,5,2027
67019488,67_67399_5136980,1883-07,2S,10,A,5,5,2027
67019488,67_67399_5136980,2294272,2S,10,C,5,5,2027
67019488,67_67399_5136980,1385641,2S,10,A,5,5,2027
67019488,67_67399_5136980,6683-15,2S,10,C,5,5,2027
67019489,67_67399_5136980,1748691,2S,10,A,5,5,2027
67019489,67_67399_5136980,3533-13,2S,10,A,5,5,2027
67019489,67_67399_5136980,1593341,2S,10,A,5,5,2027
67019489,67_67399_5136980,5819-27,2S,10,A,10,10,2027
67019489,67_67399_5136980,2675859,2S,10,B,5,5,2027
67019489,67_67399_5136980,91313,2S,10,C,5,5,2027
67019489,67_67399_5136980,2293756,2S,10,B,5,5,2027
67019489,67_67399_5136980,8180-54,2S,10,C,5,5,2027
67019490,67_67399_5136980,5991-19,2S,10,A,5,5,2027
67019490,67_67399_5136980,C922001-51,2S,10,A,5,5,2027
67019490,67_67399_5136980,2099051,2S,10,B,10,10,2027
67019490,67_67399_5136980,C922701-01,2S,10,A,10,10,2027
67019490,67_67399_5136980,9104016-13,2S,10,A,5,5,2027
67019490,67_67399_5136980,C910201-15,2S,10,B,5,5,2027
67019490,67_67399_5136980,1280-52,2S,10,C,5,5,2027
67019490,67_67399_5136980,C925401-03,2S,10,A,5,5,2027
67019491,67_67399_5136980,2293725,2S,10,C,5,5,2027
67019491,67_67399_5136980,298525,2S,10,C,10,10,2027
67019491,67_67399_5136980,1385488,2S,10,B,5,5,2027
67019491,67_67399_5136980,1494452,2S,10,B,5,5,2027
67019491,67_67399_5136980,7651-54,2S,10,B,10,10,2027
67019491,67_67399_5136980,9814-26,2S,10,A,5,5,2027
67019491,67_67399_5136980,7708-60,2S,10,B,5,5,2027
67019491,67_67399_5136980,7702-52,2S,10,B,5,5,2027
67019492,67_67399_5136980,C9104009-04,2S,10,B,5,5,2027
67019492,67_67399_5136980,1385519,2S,10,B,5,5,2027
67019492,67_67399_5136980,0005693-23,2S,10,B,5,5,2027
67019492,67_67399_5136980,C917305-23,2S,10,A,5,5,2027
67019492,67_67399_5136980,7651-62,2S,10,A,10,10,2027
67019492,67_67399_5136980,2891230,2S,10,B,5,5,2027
67019492,67_67399_5136980,2356606,2S,10,C,10,10,2027
67019492,67_67399_5136980,7702-57,2S,10,A,5,5,2027
67019493,67_67399_5136980,1458536,2S,10,B,5,5,2027
67019493,67_67399_5136980,C922004-01,2S,10,C,5,5,2027
67019493,67_67399_5136980,5980-52,2S,10,B,10,10,2027
67019493,67_67399_5136980,2252,2S,10,B,5,5,2027
67019493,67_67399_5136980,2099051,2S,10,B,10,10,2027
67019493,67_67399_5136980,2891139,2S,10,B,5,5,2027
67019493,67_67399_5136980,0008364-04,2S,10,A,10,10,2027
67019493,67_67399_5136980,7702-61,2S,10,C,5,5,2027
67019494,67_67399_5136980,111491,2S,10,A,5,5,2027
67019494,67_67399_5136980,C917401-03,2S,10,B,5,5,2027
67019494,67_67399_5136980,C910201-07,2S,10,B,5,5,2027
67019494,67_67399_5136980,C9104006-02,2S,10,A,5,5,2027
67019494,67_67399_5136980,C910203-08,2S,10,A,5,5,2027
67019494,67_67399_5136980,C922002-52,2S,10,A,5,5,2027
67019494,67_67399_5136980,5819-17,2S,10,C,10,10,2027
67019494,67_67399_5136980,C910429-01,2S,10,B,5,5,2027
67019495,67_67399_5136980,C917304-09,2S,10,B,5,5,2027
67019495,67_67399_5136980,1409504,2S,10,A,10,10,2027
67019495,67_67399_5136980,9815-32,2S,10,A,5,5,2027
67019495,67_67399_5136980,5693-032,2S,10,A,5,5,2027
67019495,67_67399_5136980,1256-07,2S,10,A,5,5,2027
67019495,67_67399_5136980,8352-50,2S,10,C,10,10,2027
67019495,67_67399_5136980,C922001-51,2S,10,C,5,5,2027
67019495,67_67399_5136980,C922004-01,2S,10,B,5,5,2027
67020930,67_67399_5136981,C842200142,1S,9,B,5,5,2027
67020930,67_67399_5136981,0218-11,1S,9,C,10,10,2027
67020930,67_67399_5136981,0218-04,1S,9,B,10,10,2027
67020930,67_67399_5136981,1790-17,1S,9,C,5,5,2027
67020930,67_67399_5136981,3121-21,1S,9,A,5,5,2027
67020930,67_67399_5136981,0006215-21,1S,9,C,5,5,2027
67020930,67_67399_5136981,5990-53,1S,9,B,10,10,2027
67020930,67_67399_5136981,2891108,1S,9,A,5,5,2027
67020930,67_67399_5136981,2075-41,1S,9,A,5,5,2027
67020930,67_67399_5136981,729635,1S,9,B,5,5,2027
67020930,67_67399_5136981,1256-22,1S,9,B,5,5,2027
67020930,67_67399_5136981,9104015-42,2S,9,C,5,5,2027
67020930,67_67399_5136981,9104016-22,2S,9,A,5,5,2027
67020930,67_67399_5136981,1790-17,2S,9,A,5,5,2027
67020930,67_67399_5136981,1254-31,2S,9,C,5,5,2027
67020931,67_67399_5136981,1254-21,2S,10,B,5,5,2027
67020931,67_67399_5136981,0008697-32,2S,10,A,5,5,2027
67020931,67_67399_5136981,0009814-31,2S,10,C,5,5,2027
67020931,67_67399_5136981,5990-51,2S,10,A,10,10,2027
67020931,67_67399_5136981,0007791-42,2S,10,C,5,5,2027
67020931,67_67399_5136981,1385672,2S,10,C,5,5,2027
67020931,67_67399_5136981,005693-435,2S,10,B,5,5,2027
67020931,67_67399_5136981,0005713-51,2S,10,A,5,5,2027
67020932,67_67399_5136981,05713-5222,2S,10,B,5,5,2027
67020932,67_67399_5136981,6687-51,2S,10,D,5,5,2027
67020932,67_67399_5136981,0009814-41,2S,10,B,5,5,2027
67020932,67_67399_5136981,5990-52,2S,10,A,10,10,2027
67020932,67_67399_5136981,0007791-42,2S,10,B,5,5,2027
67020932,67_67399_5136981,05693-2310,2S,10,B,5,5,2027
67020932,67_67399_5136981,0001254-21,2S,10,D,5,5,2027
67020932,67_67399_5136981,9104017-52,2S,10,A,5,5,2027
67020933,67_67399_5136981,005693-537,2S,10,A,5,5,2027
67020933,67_67399_5136981,1464928,2S,10,A,10,10,2027
67020933,67_67399_5136981,1790-51,2S,10,A,5,5,2027
67020933,67_67399_5136981,0005990-22,2S,10,A,10,10,2027
67020933,67_67399_5136981,9815-22,2S,10,A,5,5,2027
67020933,67_67399_5136981,0001256-52,2S,10,C,5,5,2027
67020933,67_67399_5136981,05693-4111,2S,10,A,5,5,2027
