stu_id,section_id,site_id,start_date,leave_date,schoolyr
67013019,0495-01,67_67399_5136978,8/11/26,,2026-2027
67013019,0495-02,67_67399_5136978,8/11/26,,2026-2027
67012968,6 BC-SI-18,67_67399_5136971,8/11/26,,2026-2027
67012968,6 BC-SI-19,67_67399_5136971,8/11/26,,2026-2027
67013004,0495-01,67_67399_5136978,8/11/26,,2026-2027
67013004,0495-02,67_67399_5136978,8/11/26,,2026-2027
67012841,4 BC-SI-16,67_67399_5136971,8/11/26,,2026-2027
67012841,4 BC-SI-22,67_67399_5136971,8/11/26,,2026-2027
67013056,1202746,67_67399_5136978,8/11/26,,2026-2027
67013056,1202777,67_67399_5136978,8/11/26,,2026-2027
67013095,1202746,67_67399_5136978,8/11/26,,2026-2027
67013095,1202777,67_67399_5136978,8/11/26,,2026-2027
67013087,1202746,67_67399_5136978,8/11/26,,2026-2027
67013087,1202777,67_67399_5136978,8/11/26,,2026-2027
67013036,0495-01,67_67399_5136978,8/11/26,,2026-2027
67013036,0495-02,67_67399_5136978,8/11/26,,2026-2027
67012743,2 BC-SI-06,67_67399_5136971,8/11/26,,2026-2027
67012743,2 BC-SI-07,67_67399_5136971,8/11/26,,2026-2027
67012768,3 BC-SI-5,67_67399_5136971,8/11/26,,2026-2027
67012768,3 BC-SI-8,67_67399_5136971,8/11/26,,2026-2027
67012964,6 BC-SI-18,67_67399_5136971,8/11/26,,2026-2027
67012964,6 BC-SI-19,67_67399_5136971,8/11/26,,2026-2027
67012756,3 BC-SI-5,67_67399_5136971,8/11/26,,2026-2027
67012756,3 BC-SI-8,67_67399_5136971,8/11/26,,2026-2027
67013119,1202746,67_67399_5136978,8/11/26,,2026-2027
67013119,1202777,67_67399_5136978,8/11/26,,2026-2027
67013085,1202746,67_67399_5136978,8/11/26,,2026-2027
67013085,1202777,67_67399_5136978,8/11/26,,2026-2027
67012684,1 BC-SI-03,67_67399_5136971,8/11/26,,2026-2027
67012684,1 BC-SI-04,67_67399_5136971,8/11/26,,2026-2027
67012857,4 BC-SI-16,67_67399_5136971,8/11/26,,2026-2027
67012857,4 BC-SI-22,67_67399_5136971,8/11/26,,2026-2027
67013105,1202746,67_67399_5136978,8/11/26,,2026-2027
67013105,1202777,67_67399_5136978,8/11/26,,2026-2027
67012859,5-BC-SI-17,67_67399_5136971,8/11/26,,2026-2027
67012859,5BC-SI-20,67_67399_5136971,8/11/26,,2026-2027
67012981,6 BC-SI-18,67_67399_5136971,8/11/26,,2026-2027
67012981,6 BC-SI-19,67_67399_5136971,8/11/26,,2026-2027
67013014,0495-01,67_67399_5136978,8/11/26,,2026-2027
67013014,0495-02,67_67399_5136978,8/11/26,,2026-2027
67012907,5-BC-SI-17,67_67399_5136971,8/11/26,,2026-2027
67012907,5BC-SI-20,67_67399_5136971,8/11/26,,2026-2027
67012746,2 BC-SI-06,67_67399_5136971,8/11/26,,2026-2027
67012746,2 BC-SI-07,67_67399_5136971,8/11/26,,2026-2027
67012703,2 BC-SI-06,67_67399_5136971,8/11/26,,2026-2027
67012703,2 BC-SI-07,67_67399_5136971,8/11/26,,2026-2027
67012710,2 BC-SI-06,67_67399_5136971,8/11/26,,2026-2027
67012710,2 BC-SI-07,67_67399_5136971,8/11/26,,2026-2027
67012764,3 BC-SI-5,67_67399_5136971,8/11/26,,2026-2027
67012764,3 BC-SI-8,67_67399_5136971,8/11/26,,2026-2027
67012985,0495-01,67_67399_5136978,8/11/26,,2026-2027
67012985,0495-02,67_67399_5136978,8/11/26,,2026-2027
67013089,1202746,67_67399_5136978,8/11/26,,2026-2027
67013089,1202777,67_67399_5136978,8/11/26,,2026-2027
67012858,4 BC-SI-16,67_67399_5136971,8/11/26,,2026-2027
67012858,4 BC-SI-22,67_67399_5136971,8/11/26,,2026-2027
67013080,1202746,67_67399_5136978,8/11/26,,2026-2027
67013080,1202777,67_67399_5136978,8/11/26,,2026-2027
67013023,0495-01,67_67399_5136978,8/11/26,,2026-2027
67013023,0495-02,67_67399_5136978,8/11/26,,2026-2027
67012698,2 BC-SI-06,67_67399_5136971,8/11/26,,2026-2027
67012698,2 BC-SI-07,67_67399_5136971,8/11/26,,2026-2027
67012711,2 BC-SI-06,67_67399_5136971,8/11/26,,2026-2027
67012711,2 BC-SI-07,67_67399_5136971,8/11/26,,2026-2027
67013120,1202746,67_67399_5136978,8/11/26,,2026-2027
67013120,1202777,67_67399_5136978,8/11/26,,2026-2027
67012817,4 BC-SI-16,67_67399_5136971,8/11/26,,2026-2027
67012817,4 BC-SI-22,67_67399_5136971,8/11/26,,2026-2027
67013091,1202746,67_67399_5136978,8/11/26,,2026-2027
67013091,1202777,67_67399_5136978,8/11/26,,2026-2027
67012795,3 BC-SI-5,67_67399_5136971,8/11/26,,2026-2027
67012795,3 BC-SI-8,67_67399_5136971,8/11/26,,2026-2027
67013021,0495-01,67_67399_5136978,8/11/26,,2026-2027
67013021,0495-02,67_67399_5136978,8/11/26,,2026-2027
67012730,2 BC-SI-06,67_67399_5136971,8/11/26,,2026-2027
67012730,2 BC-SI-07,67_67399_5136971,8/11/26,,2026-2027
67012937,6 BC-SI-18,67_67399_5136971,8/11/26,,2026-2027
67012937,6 BC-SI-19,67_67399_5136971,8/11/26,,2026-2027
67012878,5-BC-SI-17,67_67399_5136971,8/11/26,,2026-2027
67012878,5BC-SI-20,67_67399_5136971,8/11/26,,2026-2027
67013118,1202746,67_67399_5136978,8/11/26,,2026-2027
67013118,1202777,67_67399_5136978,8/11/26,,2026-2027
67012881,5-BC-SI-17,67_67399_5136971,8/11/26,,2026-2027
67012881,5BC-SI-20,67_67399_5136971,8/11/26,,2026-2027
67012723,2 BC-SI-06,67_67399_5136971,8/11/26,,2026-2027
67012723,2 BC-SI-07,67_67399_5136971,8/11/26,,2026-2027
67012798,3 BC-SI-5,67_67399_5136971,8/11/26,,2026-2027
67012798,3 BC-SI-8,67_67399_5136971,8/11/26,,2026-2027
67012771,3 BC-SI-5,67_67399_5136971,8/11/26,,2026-2027
67012771,3 BC-SI-8,67_67399_5136971,8/11/26,,2026-2027
67013031,0495-01,67_67399_5136978,8/11/26,,2026-2027
67013031,0495-02,67_67399_5136978,8/11/26,,2026-2027
67012809,4 BC-SI-16,67_67399_5136971,8/11/26,,2026-2027
67012809,4 BC-SI-22,67_67399_5136971,8/11/26,,2026-2027
67012982,6 BC-SI-18,67_67399_5136971,8/11/26,,2026-2027
67012982,6 BC-SI-19,67_67399_5136971,8/11/26,,2026-2027
67012799,3 BC-SI-5,67_67399_5136971,8/11/26,,2026-2027
67012799,3 BC-SI-8,67_67399_5136971,8/11/26,,2026-2027
67012737,2 BC-SI-06,67_67399_5136971,8/11/26,,2026-2027
67012737,2 BC-SI-07,67_67399_5136971,8/11/26,,2026-2027
67013068,1202746,67_67399_5136978,8/11/26,,2026-2027
67013068,1202777,67_67399_5136978,8/11/26,,2026-2027
67012901,5-BC-SI-17,67_67399_5136971,8/11/26,,2026-2027
67012901,5BC-SI-20,67_67399_5136971,8/11/26,,2026-2027
67013060,1202746,67_67399_5136978,8/11/26,,2026-2027
67013060,1202777,67_67399_5136978,8/11/26,,2026-2027
67012802,3 BC-SI-5,67_67399_5136971,8/11/26,,2026-2027
67012802,3 BC-SI-8,67_67399_5136971,8/11/26,,2026-2027
67012776,3 BC-SI-5,67_67399_5136971,8/11/26,,2026-2027
67012776,3 BC-SI-8,67_67399_5136971,8/11/26,,2026-2027
67012896,5-BC-SI-17,67_67399_5136971,8/11/26,,2026-2027
67012896,5BC-SI-20,67_67399_5136971,8/11/26,,2026-2027
67012818,4 BC-SI-16,67_67399_5136971,8/11/26,,2026-2027
67012818,4 BC-SI-22,67_67399_5136971,8/11/26,,2026-2027
67012715,2 BC-SI-06,67_67399_5136971,8/11/26,,2026-2027
67012715,2 BC-SI-07,67_67399_5136971,8/11/26,,2026-2027
67013022,0495-01,67_67399_5136978,8/11/26,,2026-2027
67013022,0495-02,67_67399_5136978,8/11/26,,2026-2027
67012816,4 BC-SI-16,67_67399_5136971,8/11/26,,2026-2027
67012816,4 BC-SI-22,67_67399_5136971,8/11/26,,2026-2027
67012752,3 BC-SI-5,67_67399_5136971,8/11/26,,2026-2027
67012752,3 BC-SI-8,67_67399_5136971,8/11/26,,2026-2027
67012797,3 BC-SI-5,67_67399_5136971,8/11/26,,2026-2027
67012797,3 BC-SI-8,67_67399_5136971,8/11/26,,2026-2027
67012928,6 BC-SI-18,67_67399_5136971,8/11/26,,2026-2027
67012928,6 BC-SI-19,67_67399_5136971,8/11/26,,2026-2027
67012759,3 BC-SI-5,67_67399_5136971,8/11/26,,2026-2027
67012759,3 BC-SI-8,67_67399_5136971,8/11/26,,2026-2027
67012979,6 BC-SI-18,67_67399_5136971,8/11/26,,2026-2027
67012979,6 BC-SI-19,67_67399_5136971,8/11/26,,2026-2027
67013053,0495-01,67_67399_5136978,8/11/26,,2026-2027
67013053,0495-02,67_67399_5136978,8/11/26,,2026-2027
67012794,3 BC-SI-5,67_67399_5136971,8/11/26,,2026-2027
67012794,3 BC-SI-8,67_67399_5136971,8/11/26,,2026-2027
67012855,4 BC-SI-16,67_67399_5136971,8/11/26,,2026-2027
67012855,4 BC-SI-22,67_67399_5136971,8/11/26,,2026-2027
67012922,6 BC-SI-18,67_67399_5136971,8/11/26,,2026-2027
67012922,6 BC-SI-19,67_67399_5136971,8/11/26,,2026-2027
67012871,5-BC-SI-17,67_67399_5136971,8/11/26,,2026-2027
67012871,5BC-SI-20,67_67399_5136971,8/11/26,,2026-2027
67012894,5-BC-SI-17,67_67399_5136971,8/11/26,,2026-2027
67012894,5BC-SI-20,67_67399_5136971,8/11/26,,2026-2027
67012742,2 BC-SI-06,67_67399_5136971,8/11/26,,2026-2027
67012742,2 BC-SI-07,67_67399_5136971,8/11/26,,2026-2027
67012766,3 BC-SI-5,67_67399_5136971,8/11/26,,2026-2027
67012766,3 BC-SI-8,67_67399_5136971,8/11/26,,2026-2027
67013082,1202746,67_67399_5136978,8/11/26,,2026-2027
67013082,1202777,67_67399_5136978,8/11/26,,2026-2027
67013117,1202746,67_67399_5136978,8/11/26,,2026-2027
67013117,1202777,67_67399_5136978,8/11/26,,2026-2027
67013079,1202746,67_67399_5136978,8/11/26,,2026-2027
67013079,1202777,67_67399_5136978,8/11/26,,2026-2027
67012781,3 BC-SI-5,67_67399_5136971,8/11/26,,2026-2027
67012781,3 BC-SI-8,67_67399_5136971,8/11/26,,2026-2027
67013096,1202746,67_67399_5136978,8/11/26,,2026-2027
67013096,1202777,67_67399_5136978,8/11/26,,2026-2027
67013078,1202746,67_67399_5136978,8/11/26,,2026-2027
67013078,1202777,67_67399_5136978,8/11/26,,2026-2027
67013038,0495-01,67_67399_5136978,8/11/26,,2026-2027
67013038,0495-02,67_67399_5136978,8/11/26,,2026-2027
67012744,2 BC-SI-06,67_67399_5136971,8/11/26,,2026-2027
67012744,2 BC-SI-07,67_67399_5136971,8/11/26,,2026-2027
67012879,5-BC-SI-17,67_67399_5136971,8/11/26,,2026-2027
67012879,5BC-SI-20,67_67399_5136971,8/11/26,,2026-2027
67012724,2 BC-SI-06,67_67399_5136971,8/11/26,,2026-2027
67012724,2 BC-SI-07,67_67399_5136971,8/11/26,,2026-2027
67012863,5-BC-SI-17,67_67399_5136971,8/11/26,,2026-2027
67012863,5BC-SI-20,67_67399_5136971,8/11/26,,2026-2027
67012700,2 BC-SI-06,67_67399_5136971,8/11/26,,2026-2027
67012700,2 BC-SI-07,67_67399_5136971,8/11/26,,2026-2027
67013017,0495-01,67_67399_5136978,8/11/26,,2026-2027
67013017,0495-02,67_67399_5136978,8/11/26,,2026-2027
67012885,5-BC-SI-17,67_67399_5136971,8/11/26,,2026-2027
67012885,5BC-SI-20,67_67399_5136971,8/11/26,,2026-2027
67012807,4 BC-SI-16,67_67399_5136971,8/11/26,,2026-2027
67012807,4 BC-SI-22,67_67399_5136971,8/11/26,,2026-2027
67012934,6 BC-SI-18,67_67399_5136971,8/11/26,,2026-2027
67012934,6 BC-SI-19,67_67399_5136971,8/11/26,,2026-2027
67012682,1 BC-SI-03,67_67399_5136971,8/11/26,,2026-2027
67012682,1 BC-SI-04,67_67399_5136971,8/11/26,,2026-2027
67013009,0495-01,67_67399_5136978,8/11/26,,2026-2027
67013009,0495-02,67_67399_5136978,8/11/26,,2026-2027
67012687,1 BC-SI-03,67_67399_5136971,8/11/26,,2026-2027
67012687,1 BC-SI-04,67_67399_5136971,8/11/26,,2026-2027
67013002,0495-01,67_67399_5136978,8/11/26,,2026-2027
67013002,0495-02,67_67399_5136978,8/11/26,,2026-2027
67012775,3 BC-SI-5,67_67399_5136971,8/11/26,,2026-2027
67012775,3 BC-SI-8,67_67399_5136971,8/11/26,,2026-2027
67013052,0495-01,67_67399_5136978,8/11/26,,2026-2027
67013052,0495-02,67_67399_5136978,8/11/26,,2026-2027
67013027,0495-01,67_67399_5136978,8/11/26,,2026-2027
67013027,0495-02,67_67399_5136978,8/11/26,,2026-2027
67013107,1202746,67_67399_5136978,8/11/26,,2026-2027
67013107,1202777,67_67399_5136978,8/11/26,,2026-2027
67012786,3 BC-SI-5,67_67399_5136971,8/11/26,,2026-2027
67012786,3 BC-SI-8,67_67399_5136971,8/11/26,,2026-2027
67012721,2 BC-SI-06,67_67399_5136971,8/11/26,,2026-2027
67012721,2 BC-SI-07,67_67399_5136971,8/11/26,,2026-2027
67012962,6 BC-SI-18,67_67399_5136971,8/11/26,,2026-2027
67012962,6 BC-SI-19,67_67399_5136971,8/11/26,,2026-2027
67012874,5-BC-SI-17,67_67399_5136971,8/11/26,,2026-2027
67012874,5BC-SI-20,67_67399_5136971,8/11/26,,2026-2027
67012728,2 BC-SI-06,67_67399_5136971,8/11/26,,2026-2027
67012728,2 BC-SI-07,67_67399_5136971,8/11/26,,2026-2027
67013098,1202746,67_67399_5136978,8/11/26,,2026-2027
67013098,1202777,67_67399_5136978,8/11/26,,2026-2027
67013103,1202746,67_67399_5136978,8/11/26,,2026-2027
67013103,1202777,67_67399_5136978,8/11/26,,2026-2027
67012970,6 BC-SI-18,67_67399_5136971,8/11/26,,2026-2027
67012970,6 BC-SI-19,67_67399_5136971,8/11/26,,2026-2027
67012936,6 BC-SI-18,67_67399_5136971,8/11/26,,2026-2027
67012936,6 BC-SI-19,67_67399_5136971,8/11/26,,2026-2027
67012963,6 BC-SI-18,67_67399_5136971,8/11/26,,2026-2027
67012963,6 BC-SI-19,67_67399_5136971,8/11/26,,2026-2027
67012908,6 BC-SI-18,67_67399_5136971,8/11/26,,2026-2027
67012908,6 BC-SI-19,67_67399_5136971,8/11/26,,2026-2027
67012758,3 BC-SI-5,67_67399_5136971,8/11/26,,2026-2027
67012758,3 BC-SI-8,67_67399_5136971,8/11/26,,2026-2027
67012753,3 BC-SI-5,67_67399_5136971,8/11/26,,2026-2027
67012753,3 BC-SI-8,67_67399_5136971,8/11/26,,2026-2027
67012731,2 BC-SI-06,67_67399_5136971,8/11/26,,2026-2027
67012731,2 BC-SI-07,67_67399_5136971,8/11/26,,2026-2027
67012992,0495-01,67_67399_5136978,8/11/26,,2026-2027
67012992,0495-02,67_67399_5136978,8/11/26,,2026-2027
67013032,0495-01,67_67399_5136978,8/11/26,,2026-2027
67013032,0495-02,67_67399_5136978,8/11/26,,2026-2027
67013066,1202746,67_67399_5136978,8/11/26,,2026-2027
67013066,1202777,67_67399_5136978,8/11/26,,2026-2027
67012785,3 BC-SI-5,67_67399_5136971,8/11/26,,2026-2027
67012785,3 BC-SI-8,67_67399_5136971,8/11/26,,2026-2027
67012726,2 BC-SI-06,67_67399_5136971,8/11/26,,2026-2027
67012726,2 BC-SI-07,67_67399_5136971,8/11/26,,2026-2027
67013018,0495-01,67_67399_5136978,8/11/26,,2026-2027
67013018,0495-02,67_67399_5136978,8/11/26,,2026-2027
67012765,3 BC-SI-5,67_67399_5136971,8/11/26,,2026-2027
67012765,3 BC-SI-8,67_67399_5136971,8/11/26,,2026-2027
67012686,1 BC-SI-03,67_67399_5136971,8/11/26,,2026-2027
67012686,1 BC-SI-04,67_67399_5136971,8/11/26,,2026-2027
67012991,0495-01,67_67399_5136978,8/11/26,,2026-2027
67012991,0495-02,67_67399_5136978,8/11/26,,2026-2027
67012904,5-BC-SI-17,67_67399_5136971,8/11/26,,2026-2027
67012904,5BC-SI-20,67_67399_5136971,8/11/26,,2026-2027
67012836,4 BC-SI-16,67_67399_5136971,8/11/26,,2026-2027
67012836,4 BC-SI-22,67_67399_5136971,8/11/26,,2026-2027
67013012,0495-01,67_67399_5136978,8/11/26,,2026-2027
67013012,0495-02,67_67399_5136978,8/11/26,,2026-2027
67013040,0495-01,67_67399_5136978,8/11/26,,2026-2027
67013040,0495-02,67_67399_5136978,8/11/26,,2026-2027
67012727,2 BC-SI-06,67_67399_5136971,8/11/26,,2026-2027
67012727,2 BC-SI-07,67_67399_5136971,8/11/26,,2026-2027
67012932,6 BC-SI-18,67_67399_5136971,8/11/26,,2026-2027
67012932,6 BC-SI-19,67_67399_5136971,8/11/26,,2026-2027
67012946,6 BC-SI-18,67_67399_5136971,8/11/26,,2026-2027
67012946,6 BC-SI-19,67_67399_5136971,8/11/26,,2026-2027
67012815,4 BC-SI-16,67_67399_5136971,8/11/26,,2026-2027
67012815,4 BC-SI-22,67_67399_5136971,8/11/26,,2026-2027
67012948,6 BC-SI-18,67_67399_5136971,8/11/26,,2026-2027
67012948,6 BC-SI-19,67_67399_5136971,8/11/26,,2026-2027
67012754,3 BC-SI-5,67_67399_5136971,8/11/26,,2026-2027
67012754,3 BC-SI-8,67_67399_5136971,8/11/26,,2026-2027
67012919,6 BC-SI-18,67_67399_5136971,8/11/26,,2026-2027
67012919,6 BC-SI-19,67_67399_5136971,8/11/26,,2026-2027
67012911,6 BC-SI-18,67_67399_5136971,8/11/26,,2026-2027
67012911,6 BC-SI-19,67_67399_5136971,8/11/26,,2026-2027
67012840,4 BC-SI-16,67_67399_5136971,8/11/26,,2026-2027
67012840,4 BC-SI-22,67_67399_5136971,8/11/26,,2026-2027
67012868,5-BC-SI-17,67_67399_5136971,8/11/26,,2026-2027
67012868,5BC-SI-20,67_67399_5136971,8/11/26,,2026-2027
67012697,2 BC-SI-06,67_67399_5136971,8/11/26,,2026-2027
67012697,2 BC-SI-07,67_67399_5136971,8/11/26,,2026-2027
67012735,2 BC-SI-06,67_67399_5136971,8/11/26,,2026-2027
67012735,2 BC-SI-07,67_67399_5136971,8/11/26,,2026-2027
67012888,5-BC-SI-17,67_67399_5136971,8/11/26,,2026-2027
67012888,5BC-SI-20,67_67399_5136971,8/11/26,,2026-2027
67012800,3 BC-SI-5,67_67399_5136971,8/11/26,,2026-2027
67012800,3 BC-SI-8,67_67399_5136971,8/11/26,,2026-2027
67012952,6 BC-SI-18,67_67399_5136971,8/11/26,,2026-2027
67012952,6 BC-SI-19,67_67399_5136971,8/11/26,,2026-2027
67012956,6 BC-SI-18,67_67399_5136971,8/11/26,,2026-2027
67012956,6 BC-SI-19,67_67399_5136971,8/11/26,,2026-2027
67013057,1202746,67_67399_5136978,8/11/26,,2026-2027
67013057,1202777,67_67399_5136978,8/11/26,,2026-2027
67012822,4 BC-SI-16,67_67399_5136971,8/11/26,,2026-2027
67012822,4 BC-SI-22,67_67399_5136971,8/11/26,,2026-2027
67012949,6 BC-SI-18,67_67399_5136971,8/11/26,,2026-2027
67012949,6 BC-SI-19,67_67399_5136971,8/11/26,,2026-2027
67012777,3 BC-SI-5,67_67399_5136971,8/11/26,,2026-2027
67012777,3 BC-SI-8,67_67399_5136971,8/11/26,,2026-2027
67012984,0495-01,67_67399_5136978,8/11/26,,2026-2027
67012984,0495-02,67_67399_5136978,8/11/26,,2026-2027
67012712,2 BC-SI-06,67_67399_5136971,8/11/26,,2026-2027
67012712,2 BC-SI-07,67_67399_5136971,8/11/26,,2026-2027
67012973,6 BC-SI-18,67_67399_5136971,8/11/26,,2026-2027
67012973,6 BC-SI-19,67_67399_5136971,8/11/26,,2026-2027
67012787,3 BC-SI-5,67_67399_5136971,8/11/26,,2026-2027
67012787,3 BC-SI-8,67_67399_5136971,8/11/26,,2026-2027
67012966,6 BC-SI-18,67_67399_5136971,8/11/26,,2026-2027
67012966,6 BC-SI-19,67_67399_5136971,8/11/26,,2026-2027
67012998,0495-01,67_67399_5136978,8/11/26,,2026-2027
67012998,0495-02,67_67399_5136978,8/11/26,,2026-2027
67012693,2 BC-SI-06,67_67399_5136971,8/11/26,,2026-2027
67012693,2 BC-SI-07,67_67399_5136971,8/11/26,,2026-2027
67012870,5-BC-SI-17,67_67399_5136971,8/11/26,,2026-2027
67012870,5BC-SI-20,67_67399_5136971,8/11/26,,2026-2027
67013071,1202746,67_67399_5136978,8/11/26,,2026-2027
67013071,1202777,67_67399_5136978,8/11/26,,2026-2027
67012732,2 BC-SI-06,67_67399_5136971,8/11/26,,2026-2027
67012732,2 BC-SI-07,67_67399_5136971,8/11/26,,2026-2027
67012916,6 BC-SI-18,67_67399_5136971,8/11/26,,2026-2027
67012916,6 BC-SI-19,67_67399_5136971,8/11/26,,2026-2027
67013114,1202746,67_67399_5136978,8/11/26,,2026-2027
67013114,1202777,67_67399_5136978,8/11/26,,2026-2027
67012685,1 BC-SI-03,67_67399_5136971,8/11/26,,2026-2027
67012685,1 BC-SI-04,67_67399_5136971,8/11/26,,2026-2027
67013037,0495-01,67_67399_5136978,8/11/26,,2026-2027
67013037,0495-02,67_67399_5136978,8/11/26,,2026-2027
67012750,3 BC-SI-5,67_67399_5136971,8/11/26,,2026-2027
67012750,3 BC-SI-8,67_67399_5136971,8/11/26,,2026-2027
67012935,6 BC-SI-18,67_67399_5136971,8/11/26,,2026-2027
67012935,6 BC-SI-19,67_67399_5136971,8/11/26,,2026-2027
67013008,0495-01,67_67399_5136978,8/11/26,,2026-2027
67013008,0495-02,67_67399_5136978,8/11/26,,2026-2027
67012938,6 BC-SI-18,67_67399_5136971,8/11/26,,2026-2027
67012938,6 BC-SI-19,67_67399_5136971,8/11/26,,2026-2027
67012833,4 BC-SI-16,67_67399_5136971,8/11/26,,2026-2027
67012833,4 BC-SI-22,67_67399_5136971,8/11/26,,2026-2027
67012955,6 BC-SI-18,67_67399_5136971,8/11/26,,2026-2027
67012955,6 BC-SI-19,67_67399_5136971,8/11/26,,2026-2027
67012931,6 BC-SI-18,67_67399_5136971,8/11/26,,2026-2027
67012931,6 BC-SI-19,67_67399_5136971,8/11/26,,2026-2027
67012835,4 BC-SI-16,67_67399_5136971,8/11/26,,2026-2027
67012835,4 BC-SI-22,67_67399_5136971,8/11/26,,2026-2027
67013046,0495-01,67_67399_5136978,8/11/26,,2026-2027
67013046,0495-02,67_67399_5136978,8/11/26,,2026-2027
67012774,3 BC-SI-5,67_67399_5136971,8/11/26,,2026-2027
67012774,3 BC-SI-8,67_67399_5136971,8/11/26,,2026-2027
67012701,2 BC-SI-06,67_67399_5136971,8/11/26,,2026-2027
67012701,2 BC-SI-07,67_67399_5136971,8/11/26,,2026-2027
67012918,6 BC-SI-18,67_67399_5136971,8/11/26,,2026-2027
67012918,6 BC-SI-19,67_67399_5136971,8/11/26,,2026-2027
67013051,0495-01,67_67399_5136978,8/11/26,,2026-2027
67013051,0495-02,67_67399_5136978,8/11/26,,2026-2027
67012860,5-BC-SI-17,67_67399_5136971,8/11/26,,2026-2027
67012860,5BC-SI-20,67_67399_5136971,8/11/26,,2026-2027
67012751,3 BC-SI-5,67_67399_5136971,8/11/26,,2026-2027
67012751,3 BC-SI-8,67_67399_5136971,8/11/26,,2026-2027
67012796,3 BC-SI-5,67_67399_5136971,8/11/26,,2026-2027
67012796,3 BC-SI-8,67_67399_5136971,8/11/26,,2026-2027
67013024,0495-01,67_67399_5136978,8/11/26,,2026-2027
67013024,0495-02,67_67399_5136978,8/11/26,,2026-2027
67012702,2 BC-SI-06,67_67399_5136971,8/11/26,,2026-2027
67012702,2 BC-SI-07,67_67399_5136971,8/11/26,,2026-2027
67012954,6 BC-SI-18,67_67399_5136971,8/11/26,,2026-2027
67012954,6 BC-SI-19,67_67399_5136971,8/11/26,,2026-2027
67012714,2 BC-SI-06,67_67399_5136971,8/11/26,,2026-2027
67012714,2 BC-SI-07,67_67399_5136971,8/11/26,,2026-2027
67013048,0495-01,67_67399_5136978,8/11/26,,2026-2027
67013048,0495-02,67_67399_5136978,8/11/26,,2026-2027
67012688,2 BC-SI-06,67_67399_5136971,8/11/26,,2026-2027
67012688,2 BC-SI-07,67_67399_5136971,8/11/26,,2026-2027
67013075,1202746,67_67399_5136978,8/11/26,,2026-2027
67013075,1202777,67_67399_5136978,8/11/26,,2026-2027
67013050,0495-01,67_67399_5136978,8/11/26,,2026-2027
67013050,0495-02,67_67399_5136978,8/11/26,,2026-2027
67012745,2 BC-SI-06,67_67399_5136971,8/11/26,,2026-2027
67012745,2 BC-SI-07,67_67399_5136971,8/11/26,,2026-2027
67013086,1202746,67_67399_5136978,8/11/26,,2026-2027
67013086,1202777,67_67399_5136978,8/11/26,,2026-2027
67012974,6 BC-SI-18,67_67399_5136971,8/11/26,,2026-2027
67012974,6 BC-SI-19,67_67399_5136971,8/11/26,,2026-2027
67013033,0495-01,67_67399_5136978,8/11/26,,2026-2027
67013033,0495-02,67_67399_5136978,8/11/26,,2026-2027
67012923,6 BC-SI-18,67_67399_5136971,8/11/26,,2026-2027
67012923,6 BC-SI-19,67_67399_5136971,8/11/26,,2026-2027
67012814,4 BC-SI-16,67_67399_5136971,8/11/26,,2026-2027
67012814,4 BC-SI-22,67_67399_5136971,8/11/26,,2026-2027
67012773,3 BC-SI-5,67_67399_5136971,8/11/26,,2026-2027
67012773,3 BC-SI-8,67_67399_5136971,8/11/26,,2026-2027
67012747,2 BC-SI-06,67_67399_5136971,8/11/26,,2026-2027
67012747,2 BC-SI-07,67_67399_5136971,8/11/26,,2026-2027
67012842,4 BC-SI-16,67_67399_5136971,8/11/26,,2026-2027
67012842,4 BC-SI-22,67_67399_5136971,8/11/26,,2026-2027
67012875,5-BC-SI-17,67_67399_5136971,8/11/26,,2026-2027
67012875,5BC-SI-20,67_67399_5136971,8/11/26,,2026-2027
67012801,3 BC-SI-5,67_67399_5136971,8/11/26,,2026-2027
67012801,3 BC-SI-8,67_67399_5136971,8/11/26,,2026-2027
67013034,0495-01,67_67399_5136978,8/11/26,,2026-2027
67013034,0495-02,67_67399_5136978,8/11/26,,2026-2027
67012718,2 BC-SI-06,67_67399_5136971,8/11/26,,2026-2027
67012718,2 BC-SI-07,67_67399_5136971,8/11/26,,2026-2027
67012720,2 BC-SI-06,67_67399_5136971,8/11/26,,2026-2027
67012720,2 BC-SI-07,67_67399_5136971,8/11/26,,2026-2027
67013092,1202746,67_67399_5136978,8/11/26,,2026-2027
67013092,1202777,67_67399_5136978,8/11/26,,2026-2027
67012899,5-BC-SI-17,67_67399_5136971,8/11/26,,2026-2027
67012899,5BC-SI-20,67_67399_5136971,8/11/26,,2026-2027
67012837,4 BC-SI-16,67_67399_5136971,8/11/26,,2026-2027
67012837,4 BC-SI-22,67_67399_5136971,8/11/26,,2026-2027
67013115,1202746,67_67399_5136978,8/11/26,,2026-2027
67013115,1202777,67_67399_5136978,8/11/26,,2026-2027
67012694,2 BC-SI-06,67_67399_5136971,8/11/26,,2026-2027
67012694,2 BC-SI-07,67_67399_5136971,8/11/26,,2026-2027
67012810,4 BC-SI-16,67_67399_5136971,8/11/26,,2026-2027
67012810,4 BC-SI-22,67_67399_5136971,8/11/26,,2026-2027
67012717,2 BC-SI-06,67_67399_5136971,8/11/26,,2026-2027
67012717,2 BC-SI-07,67_67399_5136971,8/11/26,,2026-2027
67012749,3 BC-SI-5,67_67399_5136971,8/11/26,,2026-2027
67012749,3 BC-SI-8,67_67399_5136971,8/11/26,,2026-2027
67012739,2 BC-SI-06,67_67399_5136971,8/11/26,,2026-2027
67012739,2 BC-SI-07,67_67399_5136971,8/11/26,,2026-2027
67012958,6 BC-SI-18,67_67399_5136971,8/11/26,,2026-2027
67012958,6 BC-SI-19,67_67399_5136971,8/11/26,,2026-2027
67012876,5-BC-SI-17,67_67399_5136971,8/11/26,,2026-2027
67012876,5BC-SI-20,67_67399_5136971,8/11/26,,2026-2027
67012696,2 BC-SI-06,67_67399_5136971,8/11/26,,2026-2027
67012696,2 BC-SI-07,67_67399_5136971,8/11/26,,2026-2027
67013073,1202746,67_67399_5136978,8/11/26,,2026-2027
67013073,1202777,67_67399_5136978,8/11/26,,2026-2027
67012706,2 BC-SI-06,67_67399_5136971,8/11/26,,2026-2027
67012706,2 BC-SI-07,67_67399_5136971,8/11/26,,2026-2027
67012848,4 BC-SI-16,67_67399_5136971,8/11/26,,2026-2027
67012848,4 BC-SI-22,67_67399_5136971,8/11/26,,2026-2027
67012861,5-BC-SI-17,67_67399_5136971,8/11/26,,2026-2027
67012861,5BC-SI-20,67_67399_5136971,8/11/26,,2026-2027
67012989,0495-01,67_67399_5136978,8/11/26,,2026-2027
67012989,0495-02,67_67399_5136978,8/11/26,,2026-2027
67012967,6 BC-SI-18,67_67399_5136971,8/11/26,,2026-2027
67012967,6 BC-SI-19,67_67399_5136971,8/11/26,,2026-2027
67012947,6 BC-SI-18,67_67399_5136971,8/11/26,,2026-2027
67012947,6 BC-SI-19,67_67399_5136971,8/11/26,,2026-2027
67013099,1202746,67_67399_5136978,8/11/26,,2026-2027
67013099,1202777,67_67399_5136978,8/11/26,,2026-2027
67012891,5-BC-SI-17,67_67399_5136971,8/11/26,,2026-2027
67012891,5BC-SI-20,67_67399_5136971,8/11/26,,2026-2027
67012924,6 BC-SI-18,67_67399_5136971,8/11/26,,2026-2027
67012924,6 BC-SI-19,67_67399_5136971,8/11/26,,2026-2027
67012788,3 BC-SI-5,67_67399_5136971,8/11/26,,2026-2027
67012788,3 BC-SI-8,67_67399_5136971,8/11/26,,2026-2027
67012906,5-BC-SI-17,67_67399_5136971,8/11/26,,2026-2027
67012906,5BC-SI-20,67_67399_5136971,8/11/26,,2026-2027
67012960,6 BC-SI-18,67_67399_5136971,8/11/26,,2026-2027
67012960,6 BC-SI-19,67_67399_5136971,8/11/26,,2026-2027
67013097,1202746,67_67399_5136978,8/11/26,,2026-2027
67013097,1202777,67_67399_5136978,8/11/26,,2026-2027
67012803,3 BC-SI-5,67_67399_5136971,8/11/26,,2026-2027
67012803,3 BC-SI-8,67_67399_5136971,8/11/26,,2026-2027
67013093,1202746,67_67399_5136978,8/11/26,,2026-2027
67013093,1202777,67_67399_5136978,8/11/26,,2026-2027
67012828,4 BC-SI-16,67_67399_5136971,8/11/26,,2026-2027
67012828,4 BC-SI-22,67_67399_5136971,8/11/26,,2026-2027
67012887,5-BC-SI-17,67_67399_5136971,8/11/26,,2026-2027
67012887,5BC-SI-20,67_67399_5136971,8/11/26,,2026-2027
67013015,0495-01,67_67399_5136978,8/11/26,,2026-2027
67013015,0495-02,67_67399_5136978,8/11/26,,2026-2027
67013001,0495-01,67_67399_5136978,8/11/26,,2026-2027
67013001,0495-02,67_67399_5136978,8/11/26,,2026-2027
67012959,6 BC-SI-18,67_67399_5136971,8/11/26,,2026-2027
67012959,6 BC-SI-19,67_67399_5136971,8/11/26,,2026-2027
67012994,0495-01,67_67399_5136978,8/11/26,,2026-2027
67012994,0495-02,67_67399_5136978,8/11/26,,2026-2027
67012813,4 BC-SI-16,67_67399_5136971,8/11/26,,2026-2027
67012813,4 BC-SI-22,67_67399_5136971,8/11/26,,2026-2027
67012912,6 BC-SI-18,67_67399_5136971,8/11/26,,2026-2027
67012912,6 BC-SI-19,67_67399_5136971,8/11/26,,2026-2027
67012939,6 BC-SI-18,67_67399_5136971,8/11/26,,2026-2027
67012939,6 BC-SI-19,67_67399_5136971,8/11/26,,2026-2027
67013084,1202746,67_67399_5136978,8/11/26,,2026-2027
67013084,1202777,67_67399_5136978,8/11/26,,2026-2027
67012909,6 BC-SI-18,67_67399_5136971,8/11/26,,2026-2027
67012909,6 BC-SI-19,67_67399_5136971,8/11/26,,2026-2027
67013094,1202746,67_67399_5136978,8/11/26,,2026-2027
67013094,1202777,67_67399_5136978,8/11/26,,2026-2027
67013109,1202746,67_67399_5136978,8/11/26,,2026-2027
67013109,1202777,67_67399_5136978,8/11/26,,2026-2027
67012976,6 BC-SI-18,67_67399_5136971,8/11/26,,2026-2027
67012976,6 BC-SI-19,67_67399_5136971,8/11/26,,2026-2027
67012722,2 BC-SI-06,67_67399_5136971,8/11/26,,2026-2027
67012722,2 BC-SI-07,67_67399_5136971,8/11/26,,2026-2027
67013044,0495-01,67_67399_5136978,8/11/26,,2026-2027
67013044,0495-02,67_67399_5136978,8/11/26,,2026-2027
67012705,2 BC-SI-06,67_67399_5136971,8/11/26,,2026-2027
67012705,2 BC-SI-07,67_67399_5136971,8/11/26,,2026-2027
67012853,4 BC-SI-16,67_67399_5136971,8/11/26,,2026-2027
67012853,4 BC-SI-22,67_67399_5136971,8/11/26,,2026-2027
67012762,3 BC-SI-5,67_67399_5136971,8/11/26,,2026-2027
67012762,3 BC-SI-8,67_67399_5136971,8/11/26,,2026-2027
67013116,1202746,67_67399_5136978,8/11/26,,2026-2027
67013116,1202777,67_67399_5136978,8/11/26,,2026-2027
67013063,1202746,67_67399_5136978,8/11/26,,2026-2027
67013063,1202777,67_67399_5136978,8/11/26,,2026-2027
67013062,1202746,67_67399_5136978,8/11/26,,2026-2027
67013062,1202777,67_67399_5136978,8/11/26,,2026-2027
67012969,6 BC-SI-18,67_67399_5136971,8/11/26,,2026-2027
67012969,6 BC-SI-19,67_67399_5136971,8/11/26,,2026-2027
67013058,1202746,67_67399_5136978,8/11/26,,2026-2027
67013058,1202777,67_67399_5136978,8/11/26,,2026-2027
67013108,1202746,67_67399_5136978,8/11/26,,2026-2027
67013108,1202777,67_67399_5136978,8/11/26,,2026-2027
67013083,1202746,67_67399_5136978,8/11/26,,2026-2027
67013083,1202777,67_67399_5136978,8/11/26,,2026-2027
67012897,5-BC-SI-17,67_67399_5136971,8/11/26,,2026-2027
67012897,5BC-SI-20,67_67399_5136971,8/11/26,,2026-2027
67012725,2 BC-SI-06,67_67399_5136971,8/11/26,,2026-2027
67012725,2 BC-SI-07,67_67399_5136971,8/11/26,,2026-2027
67012953,6 BC-SI-18,67_67399_5136971,8/11/26,,2026-2027
67012953,6 BC-SI-19,67_67399_5136971,8/11/26,,2026-2027
67012846,4 BC-SI-16,67_67399_5136971,8/11/26,,2026-2027
67012846,4 BC-SI-22,67_67399_5136971,8/11/26,,2026-2027
67013104,1202746,67_67399_5136978,8/11/26,,2026-2027
67013104,1202777,67_67399_5136978,8/11/26,,2026-2027
67012997,0495-01,67_67399_5136978,8/11/26,,2026-2027
67012997,0495-02,67_67399_5136978,8/11/26,,2026-2027
67012772,3 BC-SI-5,67_67399_5136971,8/11/26,,2026-2027
67012772,3 BC-SI-8,67_67399_5136971,8/11/26,,2026-2027
67012690,2 BC-SI-06,67_67399_5136971,8/11/26,,2026-2027
67012690,2 BC-SI-07,67_67399_5136971,8/11/26,,2026-2027
67012790,3 BC-SI-5,67_67399_5136971,8/11/26,,2026-2027
67012790,3 BC-SI-8,67_67399_5136971,8/11/26,,2026-2027
67012778,3 BC-SI-5,67_67399_5136971,8/11/26,,2026-2027
67012778,3 BC-SI-8,67_67399_5136971,8/11/26,,2026-2027
67012951,6 BC-SI-18,67_67399_5136971,8/11/26,,2026-2027
67012951,6 BC-SI-19,67_67399_5136971,8/11/26,,2026-2027
67013100,1202746,67_67399_5136978,8/11/26,,2026-2027
67013100,1202777,67_67399_5136978,8/11/26,,2026-2027
67012820,4 BC-SI-16,67_67399_5136971,8/11/26,,2026-2027
67012820,4 BC-SI-22,67_67399_5136971,8/11/26,,2026-2027
67012789,3 BC-SI-5,67_67399_5136971,8/11/26,,2026-2027
67012789,3 BC-SI-8,67_67399_5136971,8/11/26,,2026-2027
67012844,4 BC-SI-16,67_67399_5136971,8/11/26,,2026-2027
67012844,4 BC-SI-22,67_67399_5136971,8/11/26,,2026-2027
67013059,1202746,67_67399_5136978,8/11/26,,2026-2027
67013059,1202777,67_67399_5136978,8/11/26,,2026-2027
67012862,5-BC-SI-17,67_67399_5136971,8/11/26,,2026-2027
67012862,5BC-SI-20,67_67399_5136971,8/11/26,,2026-2027
67013029,0495-01,67_67399_5136978,8/11/26,,2026-2027
67013029,0495-02,67_67399_5136978,8/11/26,,2026-2027
67012849,4 BC-SI-16,67_67399_5136971,8/11/26,,2026-2027
67012849,4 BC-SI-22,67_67399_5136971,8/11/26,,2026-2027
67012767,3 BC-SI-5,67_67399_5136971,8/11/26,,2026-2027
67012767,3 BC-SI-8,67_67399_5136971,8/11/26,,2026-2027
67013000,0495-01,67_67399_5136978,8/11/26,,2026-2027
67013000,0495-02,67_67399_5136978,8/11/26,,2026-2027
67012873,5-BC-SI-17,67_67399_5136971,8/11/26,,2026-2027
67012873,5BC-SI-20,67_67399_5136971,8/11/26,,2026-2027
67012999,0495-01,67_67399_5136978,8/11/26,,2026-2027
67012999,0495-02,67_67399_5136978,8/11/26,,2026-2027
67013030,0495-01,67_67399_5136978,8/11/26,,2026-2027
67013030,0495-02,67_67399_5136978,8/11/26,,2026-2027
67013106,1202746,67_67399_5136978,8/11/26,,2026-2027
67013106,1202777,67_67399_5136978,8/11/26,,2026-2027
67012927,6 BC-SI-18,67_67399_5136971,8/11/26,,2026-2027
67012927,6 BC-SI-19,67_67399_5136971,8/11/26,,2026-2027
67013035,0495-01,67_67399_5136978,8/11/26,,2026-2027
67013035,0495-02,67_67399_5136978,8/11/26,,2026-2027
67012763,3 BC-SI-5,67_67399_5136971,8/11/26,,2026-2027
67012763,3 BC-SI-8,67_67399_5136971,8/11/26,,2026-2027
67012757,3 BC-SI-5,67_67399_5136971,8/11/26,,2026-2027
67012757,3 BC-SI-8,67_67399_5136971,8/11/26,,2026-2027
67013067,1202746,67_67399_5136978,8/11/26,,2026-2027
67013067,1202777,67_67399_5136978,8/11/26,,2026-2027
67013090,1202746,67_67399_5136978,8/11/26,,2026-2027
67013090,1202777,67_67399_5136978,8/11/26,,2026-2027
67012915,6 BC-SI-18,67_67399_5136971,8/11/26,,2026-2027
67012915,6 BC-SI-19,67_67399_5136971,8/11/26,,2026-2027
67012920,6 BC-SI-18,67_67399_5136971,8/11/26,,2026-2027
67012920,6 BC-SI-19,67_67399_5136971,8/11/26,,2026-2027
67013112,1202746,67_67399_5136978,8/11/26,,2026-2027
67013112,1202777,67_67399_5136978,8/11/26,,2026-2027
67012808,4 BC-SI-16,67_67399_5136971,8/11/26,,2026-2027
67012808,4 BC-SI-22,67_67399_5136971,8/11/26,,2026-2027
67012760,3 BC-SI-5,67_67399_5136971,8/11/26,,2026-2027
67012760,3 BC-SI-8,67_67399_5136971,8/11/26,,2026-2027
67013003,0495-01,67_67399_5136978,8/11/26,,2026-2027
67013003,0495-02,67_67399_5136978,8/11/26,,2026-2027
67012689,2 BC-SI-06,67_67399_5136971,8/11/26,,2026-2027
67012689,2 BC-SI-07,67_67399_5136971,8/11/26,,2026-2027
67012843,4 BC-SI-16,67_67399_5136971,8/11/26,,2026-2027
67012843,4 BC-SI-22,67_67399_5136971,8/11/26,,2026-2027
67013081,1202746,67_67399_5136978,8/11/26,,2026-2027
67013081,1202777,67_67399_5136978,8/11/26,,2026-2027
67013111,1202746,67_67399_5136978,8/11/26,,2026-2027
67013111,1202777,67_67399_5136978,8/11/26,,2026-2027
67012944,6 BC-SI-18,67_67399_5136971,8/11/26,,2026-2027
67012944,6 BC-SI-19,67_67399_5136971,8/11/26,,2026-2027
67013026,0495-01,67_67399_5136978,8/11/26,,2026-2027
67013026,0495-02,67_67399_5136978,8/11/26,,2026-2027
67012942,6 BC-SI-18,67_67399_5136971,8/11/26,,2026-2027
67012942,6 BC-SI-19,67_67399_5136971,8/11/26,,2026-2027
67012965,6 BC-SI-18,67_67399_5136971,8/11/26,,2026-2027
67012965,6 BC-SI-19,67_67399_5136971,8/11/26,,2026-2027
67012821,4 BC-SI-16,67_67399_5136971,8/11/26,,2026-2027
67012821,4 BC-SI-22,67_67399_5136971,8/11/26,,2026-2027
67012831,4 BC-SI-16,67_67399_5136971,8/11/26,,2026-2027
67012831,4 BC-SI-22,67_67399_5136971,8/11/26,,2026-2027
67012925,6 BC-SI-18,67_67399_5136971,8/11/26,,2026-2027
67012925,6 BC-SI-19,67_67399_5136971,8/11/26,,2026-2027
67012917,6 BC-SI-18,67_67399_5136971,8/11/26,,2026-2027
67012917,6 BC-SI-19,67_67399_5136971,8/11/26,,2026-2027
67012783,3 BC-SI-5,67_67399_5136971,8/11/26,,2026-2027
67012783,3 BC-SI-8,67_67399_5136971,8/11/26,,2026-2027
67012811,4 BC-SI-16,67_67399_5136971,8/11/26,,2026-2027
67012811,4 BC-SI-22,67_67399_5136971,8/11/26,,2026-2027
67012741,2 BC-SI-06,67_67399_5136971,8/11/26,,2026-2027
67012741,2 BC-SI-07,67_67399_5136971,8/11/26,,2026-2027
67012957,6 BC-SI-18,67_67399_5136971,8/11/26,,2026-2027
67012957,6 BC-SI-19,67_67399_5136971,8/11/26,,2026-2027
67013028,0495-01,67_67399_5136978,8/11/26,,2026-2027
67013028,0495-02,67_67399_5136978,8/11/26,,2026-2027
67012830,4 BC-SI-16,67_67399_5136971,8/11/26,,2026-2027
67012830,4 BC-SI-22,67_67399_5136971,8/11/26,,2026-2027
67012856,4 BC-SI-16,67_67399_5136971,8/11/26,,2026-2027
67012856,4 BC-SI-22,67_67399_5136971,8/11/26,,2026-2027
67012877,5-BC-SI-17,67_67399_5136971,8/11/26,,2026-2027
67012877,5BC-SI-20,67_67399_5136971,8/11/26,,2026-2027
67012819,4 BC-SI-16,67_67399_5136971,8/11/26,,2026-2027
67012819,4 BC-SI-22,67_67399_5136971,8/11/26,,2026-2027
67012986,0495-01,67_67399_5136978,8/11/26,,2026-2027
67012986,0495-02,67_67399_5136978,8/11/26,,2026-2027
67012905,5-BC-SI-17,67_67399_5136971,8/11/26,,2026-2027
67012905,5BC-SI-20,67_67399_5136971,8/11/26,,2026-2027
67013020,0495-01,67_67399_5136978,8/11/26,,2026-2027
67013020,0495-02,67_67399_5136978,8/11/26,,2026-2027
67012826,4 BC-SI-16,67_67399_5136971,8/11/26,,2026-2027
67012826,4 BC-SI-22,67_67399_5136971,8/11/26,,2026-2027
67013065,1202746,67_67399_5136978,8/11/26,,2026-2027
67013065,1202777,67_67399_5136978,8/11/26,,2026-2027
67012867,5-BC-SI-17,67_67399_5136971,8/11/26,,2026-2027
67012867,5BC-SI-20,67_67399_5136971,8/11/26,,2026-2027
67013043,0495-01,67_67399_5136978,8/11/26,,2026-2027
67013043,0495-02,67_67399_5136978,8/11/26,,2026-2027
67012914,6 BC-SI-18,67_67399_5136971,8/11/26,,2026-2027
67012914,6 BC-SI-19,67_67399_5136971,8/11/26,,2026-2027
67013011,0495-01,67_67399_5136978,8/11/26,,2026-2027
67013011,0495-02,67_67399_5136978,8/11/26,,2026-2027
67012961,6 BC-SI-18,67_67399_5136971,8/11/26,,2026-2027
67012961,6 BC-SI-19,67_67399_5136971,8/11/26,,2026-2027
67012829,4 BC-SI-16,67_67399_5136971,8/11/26,,2026-2027
67012829,4 BC-SI-22,67_67399_5136971,8/11/26,,2026-2027
67012719,2 BC-SI-06,67_67399_5136971,8/11/26,,2026-2027
67012719,2 BC-SI-07,67_67399_5136971,8/11/26,,2026-2027
67013054,0495-01,67_67399_5136978,8/11/26,,2026-2027
67013054,0495-02,67_67399_5136978,8/11/26,,2026-2027
67012941,6 BC-SI-18,67_67399_5136971,8/11/26,,2026-2027
67012941,6 BC-SI-19,67_67399_5136971,8/11/26,,2026-2027
67012988,0495-01,67_67399_5136978,8/11/26,,2026-2027
67012988,0495-02,67_67399_5136978,8/11/26,,2026-2027
67012707,2 BC-SI-06,67_67399_5136971,8/11/26,,2026-2027
67012707,2 BC-SI-07,67_67399_5136971,8/11/26,,2026-2027
67013076,1202746,67_67399_5136978,8/11/26,,2026-2027
67013076,1202777,67_67399_5136978,8/11/26,,2026-2027
67013047,0495-01,67_67399_5136978,8/11/26,,2026-2027
67013047,0495-02,67_67399_5136978,8/11/26,,2026-2027
67012683,1 BC-SI-03,67_67399_5136971,8/11/26,,2026-2027
67012683,1 BC-SI-04,67_67399_5136971,8/11/26,,2026-2027
67012892,5-BC-SI-17,67_67399_5136971,8/11/26,,2026-2027
67012892,5BC-SI-20,67_67399_5136971,8/11/26,,2026-2027
67012903,5-BC-SI-17,67_67399_5136971,8/11/26,,2026-2027
67012903,5BC-SI-20,67_67399_5136971,8/11/26,,2026-2027
67012902,5-BC-SI-17,67_67399_5136971,8/11/26,,2026-2027
67012902,5BC-SI-20,67_67399_5136971,8/11/26,,2026-2027
67012832,4 BC-SI-16,67_67399_5136971,8/11/26,,2026-2027
67012832,4 BC-SI-22,67_67399_5136971,8/11/26,,2026-2027
67012824,4 BC-SI-16,67_67399_5136971,8/11/26,,2026-2027
67012824,4 BC-SI-22,67_67399_5136971,8/11/26,,2026-2027
67012847,4 BC-SI-16,67_67399_5136971,8/11/26,,2026-2027
67012847,4 BC-SI-22,67_67399_5136971,8/11/26,,2026-2027
67012975,6 BC-SI-18,67_67399_5136971,8/11/26,,2026-2027
67012975,6 BC-SI-19,67_67399_5136971,8/11/26,,2026-2027
67012736,2 BC-SI-06,67_67399_5136971,8/11/26,,2026-2027
67012736,2 BC-SI-07,67_67399_5136971,8/11/26,,2026-2027
67013113,1202746,67_67399_5136978,8/11/26,,2026-2027
67013113,1202777,67_67399_5136978,8/11/26,,2026-2027
67013101,1202746,67_67399_5136978,8/11/26,,2026-2027
67013101,1202777,67_67399_5136978,8/11/26,,2026-2027
67012866,5-BC-SI-17,67_67399_5136971,8/11/26,,2026-2027
67012866,5BC-SI-20,67_67399_5136971,8/11/26,,2026-2027
67012839,4 BC-SI-16,67_67399_5136971,8/11/26,,2026-2027
67012839,4 BC-SI-22,67_67399_5136971,8/11/26,,2026-2027
67012983,0495-01,67_67399_5136978,8/11/26,,2026-2027
67012983,0495-02,67_67399_5136978,8/11/26,,2026-2027
67012940,6 BC-SI-18,67_67399_5136971,8/11/26,,2026-2027
67012940,6 BC-SI-19,67_67399_5136971,8/11/26,,2026-2027
67012945,6 BC-SI-18,67_67399_5136971,8/11/26,,2026-2027
67012945,6 BC-SI-19,67_67399_5136971,8/11/26,,2026-2027
67012709,2 BC-SI-06,67_67399_5136971,8/11/26,,2026-2027
67012709,2 BC-SI-07,67_67399_5136971,8/11/26,,2026-2027
67013110,1202746,67_67399_5136978,8/11/26,,2026-2027
67013110,1202777,67_67399_5136978,8/11/26,,2026-2027
67012880,5-BC-SI-17,67_67399_5136971,8/11/26,,2026-2027
67012880,5BC-SI-20,67_67399_5136971,8/11/26,,2026-2027
67012898,5-BC-SI-17,67_67399_5136971,8/11/26,,2026-2027
67012898,5BC-SI-20,67_67399_5136971,8/11/26,,2026-2027
67012854,4 BC-SI-16,67_67399_5136971,8/11/26,,2026-2027
67012854,4 BC-SI-22,67_67399_5136971,8/11/26,,2026-2027
67013061,1202746,67_67399_5136978,8/11/26,,2026-2027
67013061,1202777,67_67399_5136978,8/11/26,,2026-2027
67012695,2 BC-SI-06,67_67399_5136971,8/11/26,,2026-2027
67012695,2 BC-SI-07,67_67399_5136971,8/11/26,,2026-2027
67012780,3 BC-SI-5,67_67399_5136971,8/11/26,,2026-2027
67012780,3 BC-SI-8,67_67399_5136971,8/11/26,,2026-2027
67012993,0495-01,67_67399_5136978,8/11/26,,2026-2027
67012993,0495-02,67_67399_5136978,8/11/26,,2026-2027
67013006,0495-01,67_67399_5136978,8/11/26,,2026-2027
67013006,0495-02,67_67399_5136978,8/11/26,,2026-2027
67012704,2 BC-SI-06,67_67399_5136971,8/11/26,,2026-2027
67012704,2 BC-SI-07,67_67399_5136971,8/11/26,,2026-2027
67012977,6 BC-SI-18,67_67399_5136971,8/11/26,,2026-2027
67012977,6 BC-SI-19,67_67399_5136971,8/11/26,,2026-2027
67012779,3 BC-SI-5,67_67399_5136971,8/11/26,,2026-2027
67012779,3 BC-SI-8,67_67399_5136971,8/11/26,,2026-2027
67012699,2 BC-SI-06,67_67399_5136971,8/11/26,,2026-2027
67012699,2 BC-SI-07,67_67399_5136971,8/11/26,,2026-2027
67012729,2 BC-SI-06,67_67399_5136971,8/11/26,,2026-2027
67012729,2 BC-SI-07,67_67399_5136971,8/11/26,,2026-2027
67013007,0495-01,67_67399_5136978,8/11/26,,2026-2027
67013007,0495-02,67_67399_5136978,8/11/26,,2026-2027
67013102,1202746,67_67399_5136978,8/11/26,,2026-2027
67013102,1202777,67_67399_5136978,8/11/26,,2026-2027
67012910,6 BC-SI-18,67_67399_5136971,8/11/26,,2026-2027
67012910,6 BC-SI-19,67_67399_5136971,8/11/26,,2026-2027
67012827,4 BC-SI-16,67_67399_5136971,8/11/26,,2026-2027
67012827,4 BC-SI-22,67_67399_5136971,8/11/26,,2026-2027
67012851,4 BC-SI-16,67_67399_5136971,8/11/26,,2026-2027
67012851,4 BC-SI-22,67_67399_5136971,8/11/26,,2026-2027
67012791,3 BC-SI-5,67_67399_5136971,8/11/26,,2026-2027
67012791,3 BC-SI-8,67_67399_5136971,8/11/26,,2026-2027
67012793,3 BC-SI-5,67_67399_5136971,8/11/26,,2026-2027
67012793,3 BC-SI-8,67_67399_5136971,8/11/26,,2026-2027
67013074,1202746,67_67399_5136978,8/11/26,,2026-2027
67013074,1202777,67_67399_5136978,8/11/26,,2026-2027
67012738,2 BC-SI-06,67_67399_5136971,8/11/26,,2026-2027
67012738,2 BC-SI-07,67_67399_5136971,8/11/26,,2026-2027
67012990,0495-01,67_67399_5136978,8/11/26,,2026-2027
67012990,0495-02,67_67399_5136978,8/11/26,,2026-2027
67012734,2 BC-SI-06,67_67399_5136971,8/11/26,,2026-2027
67012734,2 BC-SI-07,67_67399_5136971,8/11/26,,2026-2027
67012692,2 BC-SI-06,67_67399_5136971,8/11/26,,2026-2027
67012692,2 BC-SI-07,67_67399_5136971,8/11/26,,2026-2027
67012769,3 BC-SI-5,67_67399_5136971,8/11/26,,2026-2027
67012769,3 BC-SI-8,67_67399_5136971,8/11/26,,2026-2027
67012950,6 BC-SI-18,67_67399_5136971,8/11/26,,2026-2027
67012950,6 BC-SI-19,67_67399_5136971,8/11/26,,2026-2027
67013013,0495-01,67_67399_5136978,8/11/26,,2026-2027
67013013,0495-02,67_67399_5136978,8/11/26,,2026-2027
67013016,0495-01,67_67399_5136978,8/11/26,,2026-2027
67013016,0495-02,67_67399_5136978,8/11/26,,2026-2027
67012921,6 BC-SI-18,67_67399_5136971,8/11/26,,2026-2027
67012921,6 BC-SI-19,67_67399_5136971,8/11/26,,2026-2027
67012804,3 BC-SI-5,67_67399_5136971,8/11/26,,2026-2027
67012804,3 BC-SI-8,67_67399_5136971,8/11/26,,2026-2027
67012869,5-BC-SI-17,67_67399_5136971,8/11/26,,2026-2027
67012869,5BC-SI-20,67_67399_5136971,8/11/26,,2026-2027
67012834,4 BC-SI-16,67_67399_5136971,8/11/26,,2026-2027
67012834,4 BC-SI-22,67_67399_5136971,8/11/26,,2026-2027
67012691,2 BC-SI-06,67_67399_5136971,8/11/26,,2026-2027
67012691,2 BC-SI-07,67_67399_5136971,8/11/26,,2026-2027
67012708,2 BC-SI-06,67_67399_5136971,8/11/26,,2026-2027
67012708,2 BC-SI-07,67_67399_5136971,8/11/26,,2026-2027
67012895,5-BC-SI-17,67_67399_5136971,8/11/26,,2026-2027
67012895,5BC-SI-20,67_67399_5136971,8/11/26,,2026-2027
67013072,1202746,67_67399_5136978,8/11/26,,2026-2027
67013072,1202777,67_67399_5136978,8/11/26,,2026-2027
67012838,4 BC-SI-16,67_67399_5136971,8/11/26,,2026-2027
67012838,4 BC-SI-22,67_67399_5136971,8/11/26,,2026-2027
67013042,0495-01,67_67399_5136978,8/11/26,,2026-2027
67013042,0495-02,67_67399_5136978,8/11/26,,2026-2027
67012883,5-BC-SI-17,67_67399_5136971,8/11/26,,2026-2027
67012883,5BC-SI-20,67_67399_5136971,8/11/26,,2026-2027
67012913,6 BC-SI-18,67_67399_5136971,8/11/26,,2026-2027
67012913,6 BC-SI-19,67_67399_5136971,8/11/26,,2026-2027
67013064,1202746,67_67399_5136978,8/11/26,,2026-2027
67013064,1202777,67_67399_5136978,8/11/26,,2026-2027
67012761,3 BC-SI-5,67_67399_5136971,8/11/26,,2026-2027
67012761,3 BC-SI-8,67_67399_5136971,8/11/26,,2026-2027
67012886,5-BC-SI-17,67_67399_5136971,8/11/26,,2026-2027
67012886,5BC-SI-20,67_67399_5136971,8/11/26,,2026-2027
67012716,2 BC-SI-06,67_67399_5136971,8/11/26,,2026-2027
67012716,2 BC-SI-07,67_67399_5136971,8/11/26,,2026-2027
67013039,0495-01,67_67399_5136978,8/11/26,,2026-2027
67013039,0495-02,67_67399_5136978,8/11/26,,2026-2027
67012865,5-BC-SI-17,67_67399_5136971,8/11/26,,2026-2027
67012865,5BC-SI-20,67_67399_5136971,8/11/26,,2026-2027
67012784,3 BC-SI-5,67_67399_5136971,8/11/26,,2026-2027
67012784,3 BC-SI-8,67_67399_5136971,8/11/26,,2026-2027
67012740,2 BC-SI-06,67_67399_5136971,8/11/26,,2026-2027
67012740,2 BC-SI-07,67_67399_5136971,8/11/26,,2026-2027
67013049,0495-01,67_67399_5136978,8/11/26,,2026-2027
67013049,0495-02,67_67399_5136978,8/11/26,,2026-2027
67012852,4 BC-SI-16,67_67399_5136971,8/11/26,,2026-2027
67012852,4 BC-SI-22,67_67399_5136971,8/11/26,,2026-2027
67013045,0495-01,67_67399_5136978,8/11/26,,2026-2027
67013045,0495-02,67_67399_5136978,8/11/26,,2026-2027
67012806,4 BC-SI-16,67_67399_5136971,8/11/26,,2026-2027
67012806,4 BC-SI-22,67_67399_5136971,8/11/26,,2026-2027
67012823,4 BC-SI-16,67_67399_5136971,8/11/26,,2026-2027
67012823,4 BC-SI-22,67_67399_5136971,8/11/26,,2026-2027
67013077,1202746,67_67399_5136978,8/11/26,,2026-2027
67013077,1202777,67_67399_5136978,8/11/26,,2026-2027
67012987,0495-01,67_67399_5136978,8/11/26,,2026-2027
67012987,0495-02,67_67399_5136978,8/11/26,,2026-2027
67012972,6 BC-SI-18,67_67399_5136971,8/11/26,,2026-2027
67012972,6 BC-SI-19,67_67399_5136971,8/11/26,,2026-2027
67012893,5-BC-SI-17,67_67399_5136971,8/11/26,,2026-2027
67012893,5BC-SI-20,67_67399_5136971,8/11/26,,2026-2027
67013069,1202746,67_67399_5136978,8/11/26,,2026-2027
67013069,1202777,67_67399_5136978,8/11/26,,2026-2027
67012995,0495-01,67_67399_5136978,8/11/26,,2026-2027
67012995,0495-02,67_67399_5136978,8/11/26,,2026-2027
67012782,3 BC-SI-5,67_67399_5136971,8/11/26,,2026-2027
67012782,3 BC-SI-8,67_67399_5136971,8/11/26,,2026-2027
67012884,5-BC-SI-17,67_67399_5136971,8/11/26,,2026-2027
67012884,5BC-SI-20,67_67399_5136971,8/11/26,,2026-2027
67012890,5-BC-SI-17,67_67399_5136971,8/11/26,,2026-2027
67012890,5BC-SI-20,67_67399_5136971,8/11/26,,2026-2027
67012929,6 BC-SI-18,67_67399_5136971,8/11/26,,2026-2027
67012929,6 BC-SI-19,67_67399_5136971,8/11/26,,2026-2027
67012980,6 BC-SI-18,67_67399_5136971,8/11/26,,2026-2027
67012980,6 BC-SI-19,67_67399_5136971,8/11/26,,2026-2027
67012845,4 BC-SI-16,67_67399_5136971,8/11/26,,2026-2027
67012845,4 BC-SI-22,67_67399_5136971,8/11/26,,2026-2027
67012713,2 BC-SI-06,67_67399_5136971,8/11/26,,2026-2027
67012713,2 BC-SI-07,67_67399_5136971,8/11/26,,2026-2027
67013055,1202746,67_67399_5136978,8/11/26,,2026-2027
67013055,1202777,67_67399_5136978,8/11/26,,2026-2027
67012882,5-BC-SI-17,67_67399_5136971,8/11/26,,2026-2027
67012882,5BC-SI-20,67_67399_5136971,8/11/26,,2026-2027
67012770,3 BC-SI-5,67_67399_5136971,8/11/26,,2026-2027
67012770,3 BC-SI-8,67_67399_5136971,8/11/26,,2026-2027
67013010,0495-01,67_67399_5136978,8/11/26,,2026-2027
67013010,0495-02,67_67399_5136978,8/11/26,,2026-2027
67012889,5-BC-SI-17,67_67399_5136971,8/11/26,,2026-2027
67012889,5BC-SI-20,67_67399_5136971,8/11/26,,2026-2027
67012812,4 BC-SI-16,67_67399_5136971,8/11/26,,2026-2027
67012812,4 BC-SI-22,67_67399_5136971,8/11/26,,2026-2027
67012996,0495-01,67_67399_5136978,8/11/26,,2026-2027
67012996,0495-02,67_67399_5136978,8/11/26,,2026-2027
67013025,0495-01,67_67399_5136978,8/11/26,,2026-2027
67013025,0495-02,67_67399_5136978,8/11/26,,2026-2027
67013005,0495-01,67_67399_5136978,8/11/26,,2026-2027
67013005,0495-02,67_67399_5136978,8/11/26,,2026-2027
67012755,3 BC-SI-5,67_67399_5136971,8/11/26,,2026-2027
67012755,3 BC-SI-8,67_67399_5136971,8/11/26,,2026-2027
67012733,2 BC-SI-06,67_67399_5136971,8/11/26,,2026-2027
67012733,2 BC-SI-07,67_67399_5136971,8/11/26,,2026-2027
67012748,3 BC-SI-5,67_67399_5136971,8/11/26,,2026-2027
67012748,3 BC-SI-8,67_67399_5136971,8/11/26,,2026-2027
67012872,5-BC-SI-17,67_67399_5136971,8/11/26,,2026-2027
67012872,5BC-SI-20,67_67399_5136971,8/11/26,,2026-2027
67012792,3 BC-SI-5,67_67399_5136971,8/11/26,,2026-2027
67012792,3 BC-SI-8,67_67399_5136971,8/11/26,,2026-2027
67012930,6 BC-SI-18,67_67399_5136971,8/11/26,,2026-2027
67012930,6 BC-SI-19,67_67399_5136971,8/11/26,,2026-2027
67012943,6 BC-SI-18,67_67399_5136971,8/11/26,,2026-2027
67012943,6 BC-SI-19,67_67399_5136971,8/11/26,,2026-2027
67012850,4 BC-SI-16,67_67399_5136971,8/11/26,,2026-2027
67012850,4 BC-SI-22,67_67399_5136971,8/11/26,,2026-2027
67012971,6 BC-SI-18,67_67399_5136971,8/11/26,,2026-2027
67012971,6 BC-SI-19,67_67399_5136971,8/11/26,,2026-2027
67013070,1202746,67_67399_5136978,8/11/26,,2026-2027
67013070,1202777,67_67399_5136978,8/11/26,,2026-2027
67012825,4 BC-SI-16,67_67399_5136971,8/11/26,,2026-2027
67012825,4 BC-SI-22,67_67399_5136971,8/11/26,,2026-2027
67012900,5-BC-SI-17,67_67399_5136971,8/11/26,,2026-2027
67012900,5BC-SI-20,67_67399_5136971,8/11/26,,2026-2027
67012864,5-BC-SI-17,67_67399_5136971,8/11/26,,2026-2027
67012864,5BC-SI-20,67_67399_5136971,8/11/26,,2026-2027
67013088,1202746,67_67399_5136978,8/11/26,,2026-2027
67013088,1202777,67_67399_5136978,8/11/26,,2026-2027
67013203,2 CC-SI-30,67_67399_5136972,8/11/26,,2026-2027
67013203,2 CC-SI-31,67_67399_5136972,8/11/26,,2026-2027
67013539,5 CC-SI-11,67_67399_5136972,8/11/26,,2026-2027
67013539,5 CC-SI-12,67_67399_5136972,8/11/26,,2026-2027
67013276,3 CC-SI-18,67_67399_5136972,8/11/26,,2026-2027
67013276,3 CC-SI-23,67_67399_5136972,8/11/26,,2026-2027
67013332,3 CC-SI-18,67_67399_5136972,8/11/26,,2026-2027
67013332,3 CC-SI-23,67_67399_5136972,8/11/26,,2026-2027
67013362,3 CC-SI-18,67_67399_5136972,8/11/26,,2026-2027
67013362,3 CC-SI-23,67_67399_5136972,8/11/26,,2026-2027
67013181,2 CC-SI-30,67_67399_5136972,8/11/26,,2026-2027
67013181,2 CC-SI-31,67_67399_5136972,8/11/26,,2026-2027
67013356,3 CC-SI-18,67_67399_5136972,8/11/26,,2026-2027
67013356,3 CC-SI-23,67_67399_5136972,8/11/26,,2026-2027
67013268,3 CC-SI-18,67_67399_5136972,8/11/26,,2026-2027
67013268,3 CC-SI-23,67_67399_5136972,8/11/26,,2026-2027
67013489,5 CC-SI-11,67_67399_5136972,8/11/26,,2026-2027
67013489,5 CC-SI-12,67_67399_5136972,8/11/26,,2026-2027
67013463,4 CC-SI-14,67_67399_5136972,8/11/26,,2026-2027
67013463,4 CC-SI-19,67_67399_5136972,8/11/26,,2026-2027
67013282,3 CC-SI-18,67_67399_5136972,8/11/26,,2026-2027
67013282,3 CC-SI-23,67_67399_5136972,8/11/26,,2026-2027
67013665,6 CC-SI-08,67_67399_5136972,8/11/26,,2026-2027
67013665,6 CC-SI-09,67_67399_5136972,8/11/26,,2026-2027
67013613,6 CC-SI-08,67_67399_5136972,8/11/26,,2026-2027
67013613,6 CC-SI-09,67_67399_5136972,8/11/26,,2026-2027
67013641,6 CC-SI-08,67_67399_5136972,8/11/26,,2026-2027
67013641,6 CC-SI-09,67_67399_5136972,8/11/26,,2026-2027
67013654,6 CC-SI-08,67_67399_5136972,8/11/26,,2026-2027
67013654,6 CC-SI-09,67_67399_5136972,8/11/26,,2026-2027
67013162,1 CC-SI-34,67_67399_5136972,8/11/26,,2026-2027
67013162,1 CC-SI-37,67_67399_5136972,8/11/26,,2026-2027
67013687,6 CC-SI-08,67_67399_5136972,8/11/26,,2026-2027
67013687,6 CC-SI-09,67_67399_5136972,8/11/26,,2026-2027
67013709,6 CC-SI-08,67_67399_5136972,8/11/26,,2026-2027
67013709,6 CC-SI-09,67_67399_5136972,8/11/26,,2026-2027
67013644,6 CC-SI-08,67_67399_5136972,8/11/26,,2026-2027
67013644,6 CC-SI-09,67_67399_5136972,8/11/26,,2026-2027
67013746,0495-01,67_67399_5136978,8/11/26,,2026-2027
67013746,0495-02,67_67399_5136978,8/11/26,,2026-2027
67013288,3 CC-SI-18,67_67399_5136972,8/11/26,,2026-2027
67013288,3 CC-SI-23,67_67399_5136972,8/11/26,,2026-2027
67013481,5 CC-SI-11,67_67399_5136972,8/11/26,,2026-2027
67013481,5 CC-SI-12,67_67399_5136972,8/11/26,,2026-2027
67013589,5 CC-SI-11,67_67399_5136972,8/11/26,,2026-2027
67013589,5 CC-SI-12,67_67399_5136972,8/11/26,,2026-2027
67013353,3 CC-SI-18,67_67399_5136972,8/11/26,,2026-2027
67013353,3 CC-SI-23,67_67399_5136972,8/11/26,,2026-2027
67013392,4 CC-SI-14,67_67399_5136972,8/11/26,,2026-2027
67013392,4 CC-SI-19,67_67399_5136972,8/11/26,,2026-2027
67013701,6 CC-SI-08,67_67399_5136972,8/11/26,,2026-2027
67013701,6 CC-SI-09,67_67399_5136972,8/11/26,,2026-2027
67013138,1 CC-SI-34,67_67399_5136972,8/11/26,,2026-2027
67013138,1 CC-SI-37,67_67399_5136972,8/11/26,,2026-2027
67013788,0495-01,67_67399_5136978,8/11/26,,2026-2027
67013788,0495-02,67_67399_5136978,8/11/26,,2026-2027
67013458,4 CC-SI-14,67_67399_5136972,8/11/26,,2026-2027
67013458,4 CC-SI-19,67_67399_5136972,8/11/26,,2026-2027
67013248,2 CC-SI-30,67_67399_5136972,8/11/26,,2026-2027
67013248,2 CC-SI-31,67_67399_5136972,8/11/26,,2026-2027
67013280,3 CC-SI-18,67_67399_5136972,8/11/26,,2026-2027
67013280,3 CC-SI-23,67_67399_5136972,8/11/26,,2026-2027
67013246,2 CC-SI-30,67_67399_5136972,8/11/26,,2026-2027
67013246,2 CC-SI-31,67_67399_5136972,8/11/26,,2026-2027
67013433,4 CC-SI-14,67_67399_5136972,8/11/26,,2026-2027
67013433,4 CC-SI-19,67_67399_5136972,8/11/26,,2026-2027
67013187,2 CC-SI-30,67_67399_5136972,8/11/26,,2026-2027
67013187,2 CC-SI-31,67_67399_5136972,8/11/26,,2026-2027
67013349,3 CC-SI-18,67_67399_5136972,8/11/26,,2026-2027
67013349,3 CC-SI-23,67_67399_5136972,8/11/26,,2026-2027
67013405,4 CC-SI-14,67_67399_5136972,8/11/26,,2026-2027
67013405,4 CC-SI-19,67_67399_5136972,8/11/26,,2026-2027
67013838,1202746,67_67399_5136978,8/11/26,,2026-2027
67013838,1202777,67_67399_5136978,8/11/26,,2026-2027
67013167,2 CC-SI-30,67_67399_5136972,8/11/26,,2026-2027
67013167,2 CC-SI-31,67_67399_5136972,8/11/26,,2026-2027
67013270,3 CC-SI-18,67_67399_5136972,8/11/26,,2026-2027
67013270,3 CC-SI-23,67_67399_5136972,8/11/26,,2026-2027
67013410,4 CC-SI-14,67_67399_5136972,8/11/26,,2026-2027
67013410,4 CC-SI-19,67_67399_5136972,8/11/26,,2026-2027
67013607,6 CC-SI-08,67_67399_5136972,8/11/26,,2026-2027
67013607,6 CC-SI-09,67_67399_5136972,8/11/26,,2026-2027
67013505,5 CC-SI-11,67_67399_5136972,8/11/26,,2026-2027
67013505,5 CC-SI-12,67_67399_5136972,8/11/26,,2026-2027
67013397,4 CC-SI-14,67_67399_5136972,8/11/26,,2026-2027
67013397,4 CC-SI-19,67_67399_5136972,8/11/26,,2026-2027
67013910,1202746,67_67399_5136978,8/11/26,,2026-2027
67013910,1202777,67_67399_5136978,8/11/26,,2026-2027
67013126,1 CC-SI-34,67_67399_5136972,8/11/26,,2026-2027
67013126,1 CC-SI-37,67_67399_5136972,8/11/26,,2026-2027
67013615,6 CC-SI-08,67_67399_5136972,8/11/26,,2026-2027
67013615,6 CC-SI-09,67_67399_5136972,8/11/26,,2026-2027
67013650,6 CC-SI-08,67_67399_5136972,8/11/26,,2026-2027
67013650,6 CC-SI-09,67_67399_5136972,8/11/26,,2026-2027
67013508,5 CC-SI-11,67_67399_5136972,8/11/26,,2026-2027
67013508,5 CC-SI-12,67_67399_5136972,8/11/26,,2026-2027
67013304,3 CC-SI-18,67_67399_5136972,8/11/26,,2026-2027
67013304,3 CC-SI-23,67_67399_5136972,8/11/26,,2026-2027
67013479,4 CC-SI-14,67_67399_5136972,8/11/26,,2026-2027
67013479,4 CC-SI-19,67_67399_5136972,8/11/26,,2026-2027
67013681,6 CC-SI-08,67_67399_5136972,8/11/26,,2026-2027
67013681,6 CC-SI-09,67_67399_5136972,8/11/26,,2026-2027
67013121,1 CC-SI-34,67_67399_5136972,8/11/26,,2026-2027
67013121,1 CC-SI-37,67_67399_5136972,8/11/26,,2026-2027
67013453,4 CC-SI-14,67_67399_5136972,8/11/26,,2026-2027
67013453,4 CC-SI-19,67_67399_5136972,8/11/26,,2026-2027
67013764,0495-01,67_67399_5136978,8/11/26,,2026-2027
67013764,0495-02,67_67399_5136978,8/11/26,,2026-2027
67013760,0495-01,67_67399_5136978,8/11/26,,2026-2027
67013760,0495-02,67_67399_5136978,8/11/26,,2026-2027
67013430,4 CC-SI-14,67_67399_5136972,8/11/26,,2026-2027
67013430,4 CC-SI-19,67_67399_5136972,8/11/26,,2026-2027
67013491,5 CC-SI-11,67_67399_5136972,8/11/26,,2026-2027
67013491,5 CC-SI-12,67_67399_5136972,8/11/26,,2026-2027
67013140,1 CC-SI-34,67_67399_5136972,8/11/26,,2026-2027
67013140,1 CC-SI-37,67_67399_5136972,8/11/26,,2026-2027
67013591,6 CC-SI-08,67_67399_5136972,8/11/26,,2026-2027
67013591,6 CC-SI-09,67_67399_5136972,8/11/26,,2026-2027
67013622,6 CC-SI-08,67_67399_5136972,8/11/26,,2026-2027
67013622,6 CC-SI-09,67_67399_5136972,8/11/26,,2026-2027
67013792,0495-01,67_67399_5136978,8/11/26,,2026-2027
67013792,0495-02,67_67399_5136978,8/11/26,,2026-2027
67013517,5 CC-SI-11,67_67399_5136972,8/11/26,,2026-2027
67013517,5 CC-SI-12,67_67399_5136972,8/11/26,,2026-2027
67013346,3 CC-SI-18,67_67399_5136972,8/11/26,,2026-2027
67013346,3 CC-SI-23,67_67399_5136972,8/11/26,,2026-2027
67013780,0495-01,67_67399_5136978,8/11/26,,2026-2027
67013780,0495-02,67_67399_5136978,8/11/26,,2026-2027
67013779,0495-01,67_67399_5136978,8/11/26,,2026-2027
67013779,0495-02,67_67399_5136978,8/11/26,,2026-2027
67013852,1202746,67_67399_5136978,8/11/26,,2026-2027
67013852,1202777,67_67399_5136978,8/11/26,,2026-2027
67013752,0495-01,67_67399_5136978,8/11/26,,2026-2027
67013752,0495-02,67_67399_5136978,8/11/26,,2026-2027
67013676,6 CC-SI-08,67_67399_5136972,8/11/26,,2026-2027
67013676,6 CC-SI-09,67_67399_5136972,8/11/26,,2026-2027
67013366,3 CC-SI-18,67_67399_5136972,8/11/26,,2026-2027
67013366,3 CC-SI-23,67_67399_5136972,8/11/26,,2026-2027
67013401,4 CC-SI-14,67_67399_5136972,8/11/26,,2026-2027
67013401,4 CC-SI-19,67_67399_5136972,8/11/26,,2026-2027
67013587,5 CC-SI-11,67_67399_5136972,8/11/26,,2026-2027
67013587,5 CC-SI-12,67_67399_5136972,8/11/26,,2026-2027
67013460,4 CC-SI-14,67_67399_5136972,8/11/26,,2026-2027
67013460,4 CC-SI-19,67_67399_5136972,8/11/26,,2026-2027
67013419,4 CC-SI-14,67_67399_5136972,8/11/26,,2026-2027
67013419,4 CC-SI-19,67_67399_5136972,8/11/26,,2026-2027
67013782,0495-01,67_67399_5136978,8/11/26,,2026-2027
67013782,0495-02,67_67399_5136978,8/11/26,,2026-2027
67013698,6 CC-SI-08,67_67399_5136972,8/11/26,,2026-2027
67013698,6 CC-SI-09,67_67399_5136972,8/11/26,,2026-2027
67013305,3 CC-SI-18,67_67399_5136972,8/11/26,,2026-2027
67013305,3 CC-SI-23,67_67399_5136972,8/11/26,,2026-2027
67013905,1202746,67_67399_5136978,8/11/26,,2026-2027
67013905,1202777,67_67399_5136978,8/11/26,,2026-2027
67013518,5 CC-SI-11,67_67399_5136972,8/11/26,,2026-2027
67013518,5 CC-SI-12,67_67399_5136972,8/11/26,,2026-2027
67013135,1 CC-SI-34,67_67399_5136972,8/11/26,,2026-2027
67013135,1 CC-SI-37,67_67399_5136972,8/11/26,,2026-2027
67013394,4 CC-SI-14,67_67399_5136972,8/11/26,,2026-2027
67013394,4 CC-SI-19,67_67399_5136972,8/11/26,,2026-2027
67013608,6 CC-SI-08,67_67399_5136972,8/11/26,,2026-2027
67013608,6 CC-SI-09,67_67399_5136972,8/11/26,,2026-2027
67013459,4 CC-SI-14,67_67399_5136972,8/11/26,,2026-2027
67013459,4 CC-SI-19,67_67399_5136972,8/11/26,,2026-2027
67013129,1 CC-SI-34,67_67399_5136972,8/11/26,,2026-2027
67013129,1 CC-SI-37,67_67399_5136972,8/11/26,,2026-2027
67013530,5 CC-SI-11,67_67399_5136972,8/11/26,,2026-2027
67013530,5 CC-SI-12,67_67399_5136972,8/11/26,,2026-2027
67013652,6 CC-SI-08,67_67399_5136972,8/11/26,,2026-2027
67013652,6 CC-SI-09,67_67399_5136972,8/11/26,,2026-2027
67013683,6 CC-SI-08,67_67399_5136972,8/11/26,,2026-2027
67013683,6 CC-SI-09,67_67399_5136972,8/11/26,,2026-2027
67013716,0495-01,67_67399_5136978,8/11/26,,2026-2027
67013716,0495-02,67_67399_5136978,8/11/26,,2026-2027
67013330,3 CC-SI-18,67_67399_5136972,8/11/26,,2026-2027
67013330,3 CC-SI-23,67_67399_5136972,8/11/26,,2026-2027
67013565,5 CC-SI-11,67_67399_5136972,8/11/26,,2026-2027
67013565,5 CC-SI-12,67_67399_5136972,8/11/26,,2026-2027
67013736,0495-01,67_67399_5136978,8/11/26,,2026-2027
67013736,0495-02,67_67399_5136978,8/11/26,,2026-2027
67013798,0495-01,67_67399_5136978,8/11/26,,2026-2027
67013798,0495-02,67_67399_5136978,8/11/26,,2026-2027
67013823,1202746,67_67399_5136978,8/11/26,,2026-2027
67013823,1202777,67_67399_5136978,8/11/26,,2026-2027
67013778,0495-01,67_67399_5136978,8/11/26,,2026-2027
67013778,0495-02,67_67399_5136978,8/11/26,,2026-2027
67013149,1 CC-SI-34,67_67399_5136972,8/11/26,,2026-2027
67013149,1 CC-SI-37,67_67399_5136972,8/11/26,,2026-2027
67013451,4 CC-SI-14,67_67399_5136972,8/11/26,,2026-2027
67013451,4 CC-SI-19,67_67399_5136972,8/11/26,,2026-2027
67013420,4 CC-SI-14,67_67399_5136972,8/11/26,,2026-2027
67013420,4 CC-SI-19,67_67399_5136972,8/11/26,,2026-2027
67013818,1202746,67_67399_5136978,8/11/26,,2026-2027
67013818,1202777,67_67399_5136978,8/11/26,,2026-2027
67013182,2 CC-SI-30,67_67399_5136972,8/11/26,,2026-2027
67013182,2 CC-SI-31,67_67399_5136972,8/11/26,,2026-2027
67013351,3 CC-SI-18,67_67399_5136972,8/11/26,,2026-2027
67013351,3 CC-SI-23,67_67399_5136972,8/11/26,,2026-2027
67013314,3 CC-SI-18,67_67399_5136972,8/11/26,,2026-2027
67013314,3 CC-SI-23,67_67399_5136972,8/11/26,,2026-2027
67013164,1 CC-SI-34,67_67399_5136972,8/11/26,,2026-2027
67013164,1 CC-SI-37,67_67399_5136972,8/11/26,,2026-2027
67013488,5 CC-SI-11,67_67399_5136972,8/11/26,,2026-2027
67013488,5 CC-SI-12,67_67399_5136972,8/11/26,,2026-2027
67013413,4 CC-SI-14,67_67399_5136972,8/11/26,,2026-2027
67013413,4 CC-SI-19,67_67399_5136972,8/11/26,,2026-2027
67013178,2 CC-SI-30,67_67399_5136972,8/11/26,,2026-2027
67013178,2 CC-SI-31,67_67399_5136972,8/11/26,,2026-2027
67013221,2 CC-SI-30,67_67399_5136972,8/11/26,,2026-2027
67013221,2 CC-SI-31,67_67399_5136972,8/11/26,,2026-2027
67013499,5 CC-SI-11,67_67399_5136972,8/11/26,,2026-2027
67013499,5 CC-SI-12,67_67399_5136972,8/11/26,,2026-2027
67013891,1202746,67_67399_5136978,8/11/26,,2026-2027
67013891,1202777,67_67399_5136978,8/11/26,,2026-2027
67013915,1202746,67_67399_5136978,8/11/26,,2026-2027
67013915,1202777,67_67399_5136978,8/11/26,,2026-2027
67013421,4 CC-SI-14,67_67399_5136972,8/11/26,,2026-2027
67013421,4 CC-SI-19,67_67399_5136972,8/11/26,,2026-2027
67013742,0495-01,67_67399_5136978,8/11/26,,2026-2027
67013742,0495-02,67_67399_5136978,8/11/26,,2026-2027
67013772,0495-01,67_67399_5136978,8/11/26,,2026-2027
67013772,0495-02,67_67399_5136978,8/11/26,,2026-2027
67013822,1202746,67_67399_5136978,8/11/26,,2026-2027
67013822,1202777,67_67399_5136978,8/11/26,,2026-2027
67013600,6 CC-SI-08,67_67399_5136972,8/11/26,,2026-2027
67013600,6 CC-SI-09,67_67399_5136972,8/11/26,,2026-2027
67013864,1202746,67_67399_5136978,8/11/26,,2026-2027
67013864,1202777,67_67399_5136978,8/11/26,,2026-2027
67013290,3 CC-SI-18,67_67399_5136972,8/11/26,,2026-2027
67013290,3 CC-SI-23,67_67399_5136972,8/11/26,,2026-2027
67013207,2 CC-SI-30,67_67399_5136972,8/11/26,,2026-2027
67013207,2 CC-SI-31,67_67399_5136972,8/11/26,,2026-2027
67013134,1 CC-SI-34,67_67399_5136972,8/11/26,,2026-2027
67013134,1 CC-SI-37,67_67399_5136972,8/11/26,,2026-2027
67013250,2 CC-SI-30,67_67399_5136972,8/11/26,,2026-2027
67013250,2 CC-SI-31,67_67399_5136972,8/11/26,,2026-2027
67013904,1202746,67_67399_5136978,8/11/26,,2026-2027
67013904,1202777,67_67399_5136978,8/11/26,,2026-2027
67013174,2 CC-SI-30,67_67399_5136972,8/11/26,,2026-2027
67013174,2 CC-SI-31,67_67399_5136972,8/11/26,,2026-2027
67013189,2 CC-SI-30,67_67399_5136972,8/11/26,,2026-2027
67013189,2 CC-SI-31,67_67399_5136972,8/11/26,,2026-2027
67013903,1202746,67_67399_5136978,8/11/26,,2026-2027
67013903,1202777,67_67399_5136978,8/11/26,,2026-2027
67013535,5 CC-SI-11,67_67399_5136972,8/11/26,,2026-2027
67013535,5 CC-SI-12,67_67399_5136972,8/11/26,,2026-2027
67013370,4 CC-SI-14,67_67399_5136972,8/11/26,,2026-2027
67013370,4 CC-SI-19,67_67399_5136972,8/11/26,,2026-2027
67013553,5 CC-SI-11,67_67399_5136972,8/11/26,,2026-2027
67013553,5 CC-SI-12,67_67399_5136972,8/11/26,,2026-2027
67013561,5 CC-SI-11,67_67399_5136972,8/11/26,,2026-2027
67013561,5 CC-SI-12,67_67399_5136972,8/11/26,,2026-2027
67013854,1202746,67_67399_5136978,8/11/26,,2026-2027
67013854,1202777,67_67399_5136978,8/11/26,,2026-2027
67013365,3 CC-SI-18,67_67399_5136972,8/11/26,,2026-2027
67013365,3 CC-SI-23,67_67399_5136972,8/11/26,,2026-2027
67013606,6 CC-SI-08,67_67399_5136972,8/11/26,,2026-2027
67013606,6 CC-SI-09,67_67399_5136972,8/11/26,,2026-2027
67013810,0495-01,67_67399_5136978,8/11/26,,2026-2027
67013810,0495-02,67_67399_5136978,8/11/26,,2026-2027
67013830,1202746,67_67399_5136978,8/11/26,,2026-2027
67013830,1202777,67_67399_5136978,8/11/26,,2026-2027
67013166,1 CC-SI-34,67_67399_5136972,8/11/26,,2026-2027
67013166,1 CC-SI-37,67_67399_5136972,8/11/26,,2026-2027
67013593,6 CC-SI-08,67_67399_5136972,8/11/26,,2026-2027
67013593,6 CC-SI-09,67_67399_5136972,8/11/26,,2026-2027
67013185,2 CC-SI-30,67_67399_5136972,8/11/26,,2026-2027
67013185,2 CC-SI-31,67_67399_5136972,8/11/26,,2026-2027
67013846,1202746,67_67399_5136978,8/11/26,,2026-2027
67013846,1202777,67_67399_5136978,8/11/26,,2026-2027
67013347,3 CC-SI-18,67_67399_5136972,8/11/26,,2026-2027
67013347,3 CC-SI-23,67_67399_5136972,8/11/26,,2026-2027
67013585,5 CC-SI-11,67_67399_5136972,8/11/26,,2026-2027
67013585,5 CC-SI-12,67_67399_5136972,8/11/26,,2026-2027
67013575,5 CC-SI-11,67_67399_5136972,8/11/26,,2026-2027
67013575,5 CC-SI-12,67_67399_5136972,8/11/26,,2026-2027
67013858,1202746,67_67399_5136978,8/11/26,,2026-2027
67013858,1202777,67_67399_5136978,8/11/26,,2026-2027
67013666,6 CC-SI-08,67_67399_5136972,8/11/26,,2026-2027
67013666,6 CC-SI-09,67_67399_5136972,8/11/26,,2026-2027
67013870,1202746,67_67399_5136978,8/11/26,,2026-2027
67013870,1202777,67_67399_5136978,8/11/26,,2026-2027
67013516,5 CC-SI-11,67_67399_5136972,8/11/26,,2026-2027
67013516,5 CC-SI-12,67_67399_5136972,8/11/26,,2026-2027
67013913,1202746,67_67399_5136978,8/11/26,,2026-2027
67013913,1202777,67_67399_5136978,8/11/26,,2026-2027
67013599,6 CC-SI-08,67_67399_5136972,8/11/26,,2026-2027
67013599,6 CC-SI-09,67_67399_5136972,8/11/26,,2026-2027
67013797,0495-01,67_67399_5136978,8/11/26,,2026-2027
67013797,0495-02,67_67399_5136978,8/11/26,,2026-2027
67013265,3 CC-SI-18,67_67399_5136972,8/11/26,,2026-2027
67013265,3 CC-SI-23,67_67399_5136972,8/11/26,,2026-2027
67013218,2 CC-SI-30,67_67399_5136972,8/11/26,,2026-2027
67013218,2 CC-SI-31,67_67399_5136972,8/11/26,,2026-2027
67013605,6 CC-SI-08,67_67399_5136972,8/11/26,,2026-2027
67013605,6 CC-SI-09,67_67399_5136972,8/11/26,,2026-2027
67013577,5 CC-SI-11,67_67399_5136972,8/11/26,,2026-2027
67013577,5 CC-SI-12,67_67399_5136972,8/11/26,,2026-2027
67013820,1202746,67_67399_5136978,8/11/26,,2026-2027
67013820,1202777,67_67399_5136978,8/11/26,,2026-2027
67013150,1 CC-SI-34,67_67399_5136972,8/11/26,,2026-2027
67013150,1 CC-SI-37,67_67399_5136972,8/11/26,,2026-2027
67013354,3 CC-SI-18,67_67399_5136972,8/11/26,,2026-2027
67013354,3 CC-SI-23,67_67399_5136972,8/11/26,,2026-2027
67013171,2 CC-SI-30,67_67399_5136972,8/11/26,,2026-2027
67013171,2 CC-SI-31,67_67399_5136972,8/11/26,,2026-2027
67013427,4 CC-SI-14,67_67399_5136972,8/11/26,,2026-2027
67013427,4 CC-SI-19,67_67399_5136972,8/11/26,,2026-2027
67013766,0495-01,67_67399_5136978,8/11/26,,2026-2027
67013766,0495-02,67_67399_5136978,8/11/26,,2026-2027
67013725,0495-01,67_67399_5136978,8/11/26,,2026-2027
67013725,0495-02,67_67399_5136978,8/11/26,,2026-2027
67013437,4 CC-SI-14,67_67399_5136972,8/11/26,,2026-2027
67013437,4 CC-SI-19,67_67399_5136972,8/11/26,,2026-2027
67013404,4 CC-SI-14,67_67399_5136972,8/11/26,,2026-2027
67013404,4 CC-SI-19,67_67399_5136972,8/11/26,,2026-2027
67013264,3 CC-SI-18,67_67399_5136972,8/11/26,,2026-2027
67013264,3 CC-SI-23,67_67399_5136972,8/11/26,,2026-2027
67013637,6 CC-SI-08,67_67399_5136972,8/11/26,,2026-2027
67013637,6 CC-SI-09,67_67399_5136972,8/11/26,,2026-2027
67013886,1202746,67_67399_5136978,8/11/26,,2026-2027
67013886,1202777,67_67399_5136978,8/11/26,,2026-2027
67013794,0495-01,67_67399_5136978,8/11/26,,2026-2027
67013794,0495-02,67_67399_5136978,8/11/26,,2026-2027
67013137,1 CC-SI-34,67_67399_5136972,8/11/26,,2026-2027
67013137,1 CC-SI-37,67_67399_5136972,8/11/26,,2026-2027
67013225,2 CC-SI-30,67_67399_5136972,8/11/26,,2026-2027
67013225,2 CC-SI-31,67_67399_5136972,8/11/26,,2026-2027
67013563,5 CC-SI-11,67_67399_5136972,8/11/26,,2026-2027
67013563,5 CC-SI-12,67_67399_5136972,8/11/26,,2026-2027
67013361,3 CC-SI-18,67_67399_5136972,8/11/26,,2026-2027
67013361,3 CC-SI-23,67_67399_5136972,8/11/26,,2026-2027
67013284,3 CC-SI-18,67_67399_5136972,8/11/26,,2026-2027
67013284,3 CC-SI-23,67_67399_5136972,8/11/26,,2026-2027
67013557,5 CC-SI-11,67_67399_5136972,8/11/26,,2026-2027
67013557,5 CC-SI-12,67_67399_5136972,8/11/26,,2026-2027
67013249,2 CC-SI-30,67_67399_5136972,8/11/26,,2026-2027
67013249,2 CC-SI-31,67_67399_5136972,8/11/26,,2026-2027
67013456,4 CC-SI-14,67_67399_5136972,8/11/26,,2026-2027
67013456,4 CC-SI-19,67_67399_5136972,8/11/26,,2026-2027
67013328,3 CC-SI-18,67_67399_5136972,8/11/26,,2026-2027
67013328,3 CC-SI-23,67_67399_5136972,8/11/26,,2026-2027
67013436,4 CC-SI-14,67_67399_5136972,8/11/26,,2026-2027
67013436,4 CC-SI-19,67_67399_5136972,8/11/26,,2026-2027
67013204,2 CC-SI-30,67_67399_5136972,8/11/26,,2026-2027
67013204,2 CC-SI-31,67_67399_5136972,8/11/26,,2026-2027
67013911,1202746,67_67399_5136978,8/11/26,,2026-2027
67013911,1202777,67_67399_5136978,8/11/26,,2026-2027
67013452,4 CC-SI-14,67_67399_5136972,8/11/26,,2026-2027
67013452,4 CC-SI-19,67_67399_5136972,8/11/26,,2026-2027
67013550,5 CC-SI-11,67_67399_5136972,8/11/26,,2026-2027
67013550,5 CC-SI-12,67_67399_5136972,8/11/26,,2026-2027
67013863,1202746,67_67399_5136978,8/11/26,,2026-2027
67013863,1202777,67_67399_5136978,8/11/26,,2026-2027
67013197,2 CC-SI-30,67_67399_5136972,8/11/26,,2026-2027
67013197,2 CC-SI-31,67_67399_5136972,8/11/26,,2026-2027
67013536,5 CC-SI-11,67_67399_5136972,8/11/26,,2026-2027
67013536,5 CC-SI-12,67_67399_5136972,8/11/26,,2026-2027
67013556,5 CC-SI-11,67_67399_5136972,8/11/26,,2026-2027
67013556,5 CC-SI-12,67_67399_5136972,8/11/26,,2026-2027
67013338,3 CC-SI-18,67_67399_5136972,8/11/26,,2026-2027
67013338,3 CC-SI-23,67_67399_5136972,8/11/26,,2026-2027
67013887,1202746,67_67399_5136978,8/11/26,,2026-2027
67013887,1202777,67_67399_5136978,8/11/26,,2026-2027
67013267,3 CC-SI-18,67_67399_5136972,8/11/26,,2026-2027
67013267,3 CC-SI-23,67_67399_5136972,8/11/26,,2026-2027
67013132,1 CC-SI-34,67_67399_5136972,8/11/26,,2026-2027
67013132,1 CC-SI-37,67_67399_5136972,8/11/26,,2026-2027
67013190,2 CC-SI-30,67_67399_5136972,8/11/26,,2026-2027
67013190,2 CC-SI-31,67_67399_5136972,8/11/26,,2026-2027
67013395,4 CC-SI-14,67_67399_5136972,8/11/26,,2026-2027
67013395,4 CC-SI-19,67_67399_5136972,8/11/26,,2026-2027
67013263,3 CC-SI-18,67_67399_5136972,8/11/26,,2026-2027
67013263,3 CC-SI-23,67_67399_5136972,8/11/26,,2026-2027
67013497,5 CC-SI-11,67_67399_5136972,8/11/26,,2026-2027
67013497,5 CC-SI-12,67_67399_5136972,8/11/26,,2026-2027
67013754,0495-01,67_67399_5136978,8/11/26,,2026-2027
67013754,0495-02,67_67399_5136978,8/11/26,,2026-2027
67013358,3 CC-SI-18,67_67399_5136972,8/11/26,,2026-2027
67013358,3 CC-SI-23,67_67399_5136972,8/11/26,,2026-2027
67013478,4 CC-SI-14,67_67399_5136972,8/11/26,,2026-2027
67013478,4 CC-SI-19,67_67399_5136972,8/11/26,,2026-2027
67013883,1202746,67_67399_5136978,8/11/26,,2026-2027
67013883,1202777,67_67399_5136978,8/11/26,,2026-2027
67013160,1 CC-SI-34,67_67399_5136972,8/11/26,,2026-2027
67013160,1 CC-SI-37,67_67399_5136972,8/11/26,,2026-2027
67013510,5 CC-SI-11,67_67399_5136972,8/11/26,,2026-2027
67013510,5 CC-SI-12,67_67399_5136972,8/11/26,,2026-2027
67013670,6 CC-SI-08,67_67399_5136972,8/11/26,,2026-2027
67013670,6 CC-SI-09,67_67399_5136972,8/11/26,,2026-2027
67013269,3 CC-SI-18,67_67399_5136972,8/11/26,,2026-2027
67013269,3 CC-SI-23,67_67399_5136972,8/11/26,,2026-2027
67013123,1 CC-SI-34,67_67399_5136972,8/11/26,,2026-2027
67013123,1 CC-SI-37,67_67399_5136972,8/11/26,,2026-2027
67013814,0495-01,67_67399_5136978,8/11/26,,2026-2027
67013814,0495-02,67_67399_5136978,8/11/26,,2026-2027
67013476,4 CC-SI-14,67_67399_5136972,8/11/26,,2026-2027
67013476,4 CC-SI-19,67_67399_5136972,8/11/26,,2026-2027
67013695,6 CC-SI-08,67_67399_5136972,8/11/26,,2026-2027
67013695,6 CC-SI-09,67_67399_5136972,8/11/26,,2026-2027
67013586,5 CC-SI-11,67_67399_5136972,8/11/26,,2026-2027
67013586,5 CC-SI-12,67_67399_5136972,8/11/26,,2026-2027
67013633,6 CC-SI-08,67_67399_5136972,8/11/26,,2026-2027
67013633,6 CC-SI-09,67_67399_5136972,8/11/26,,2026-2027
67013241,2 CC-SI-30,67_67399_5136972,8/11/26,,2026-2027
67013241,2 CC-SI-31,67_67399_5136972,8/11/26,,2026-2027
67013626,6 CC-SI-08,67_67399_5136972,8/11/26,,2026-2027
67013626,6 CC-SI-09,67_67399_5136972,8/11/26,,2026-2027
67013321,3 CC-SI-18,67_67399_5136972,8/11/26,,2026-2027
67013321,3 CC-SI-23,67_67399_5136972,8/11/26,,2026-2027
67013384,4 CC-SI-14,67_67399_5136972,8/11/26,,2026-2027
67013384,4 CC-SI-19,67_67399_5136972,8/11/26,,2026-2027
67013888,1202746,67_67399_5136978,8/11/26,,2026-2027
67013888,1202777,67_67399_5136978,8/11/26,,2026-2027
67013302,3 CC-SI-18,67_67399_5136972,8/11/26,,2026-2027
67013302,3 CC-SI-23,67_67399_5136972,8/11/26,,2026-2027
67013896,1202746,67_67399_5136978,8/11/26,,2026-2027
67013896,1202777,67_67399_5136978,8/11/26,,2026-2027
67013242,2 CC-SI-30,67_67399_5136972,8/11/26,,2026-2027
67013242,2 CC-SI-31,67_67399_5136972,8/11/26,,2026-2027
67013376,4 CC-SI-14,67_67399_5136972,8/11/26,,2026-2027
67013376,4 CC-SI-19,67_67399_5136972,8/11/26,,2026-2027
67013844,1202746,67_67399_5136978,8/11/26,,2026-2027
67013844,1202777,67_67399_5136978,8/11/26,,2026-2027
67013325,3 CC-SI-18,67_67399_5136972,8/11/26,,2026-2027
67013325,3 CC-SI-23,67_67399_5136972,8/11/26,,2026-2027
67013595,6 CC-SI-08,67_67399_5136972,8/11/26,,2026-2027
67013595,6 CC-SI-09,67_67399_5136972,8/11/26,,2026-2027
67013457,4 CC-SI-14,67_67399_5136972,8/11/26,,2026-2027
67013457,4 CC-SI-19,67_67399_5136972,8/11/26,,2026-2027
67013277,3 CC-SI-18,67_67399_5136972,8/11/26,,2026-2027
67013277,3 CC-SI-23,67_67399_5136972,8/11/26,,2026-2027
67013409,4 CC-SI-14,67_67399_5136972,8/11/26,,2026-2027
67013409,4 CC-SI-19,67_67399_5136972,8/11/26,,2026-2027
67013889,1202746,67_67399_5136978,8/11/26,,2026-2027
67013889,1202777,67_67399_5136978,8/11/26,,2026-2027
67013234,2 CC-SI-30,67_67399_5136972,8/11/26,,2026-2027
67013234,2 CC-SI-31,67_67399_5136972,8/11/26,,2026-2027
67013715,0495-01,67_67399_5136978,8/11/26,,2026-2027
67013715,0495-02,67_67399_5136978,8/11/26,,2026-2027
67013373,4 CC-SI-14,67_67399_5136972,8/11/26,,2026-2027
67013373,4 CC-SI-19,67_67399_5136972,8/11/26,,2026-2027
67013336,3 CC-SI-18,67_67399_5136972,8/11/26,,2026-2027
67013336,3 CC-SI-23,67_67399_5136972,8/11/26,,2026-2027
67013220,2 CC-SI-30,67_67399_5136972,8/11/26,,2026-2027
67013220,2 CC-SI-31,67_67399_5136972,8/11/26,,2026-2027
67013431,4 CC-SI-14,67_67399_5136972,8/11/26,,2026-2027
67013431,4 CC-SI-19,67_67399_5136972,8/11/26,,2026-2027
67013200,2 CC-SI-30,67_67399_5136972,8/11/26,,2026-2027
67013200,2 CC-SI-31,67_67399_5136972,8/11/26,,2026-2027
67013729,0495-01,67_67399_5136978,8/11/26,,2026-2027
67013729,0495-02,67_67399_5136978,8/11/26,,2026-2027
67013504,5 CC-SI-11,67_67399_5136972,8/11/26,,2026-2027
67013504,5 CC-SI-12,67_67399_5136972,8/11/26,,2026-2027
67013507,5 CC-SI-11,67_67399_5136972,8/11/26,,2026-2027
67013507,5 CC-SI-12,67_67399_5136972,8/11/26,,2026-2027
67013538,5 CC-SI-11,67_67399_5136972,8/11/26,,2026-2027
67013538,5 CC-SI-12,67_67399_5136972,8/11/26,,2026-2027
67013647,6 CC-SI-08,67_67399_5136972,8/11/26,,2026-2027
67013647,6 CC-SI-09,67_67399_5136972,8/11/26,,2026-2027
67013795,0495-01,67_67399_5136978,8/11/26,,2026-2027
67013795,0495-02,67_67399_5136978,8/11/26,,2026-2027
67013525,5 CC-SI-11,67_67399_5136972,8/11/26,,2026-2027
67013525,5 CC-SI-12,67_67399_5136972,8/11/26,,2026-2027
67013825,1202746,67_67399_5136978,8/11/26,,2026-2027
67013825,1202777,67_67399_5136978,8/11/26,,2026-2027
67013378,4 CC-SI-14,67_67399_5136972,8/11/26,,2026-2027
67013378,4 CC-SI-19,67_67399_5136972,8/11/26,,2026-2027
67013398,4 CC-SI-14,67_67399_5136972,8/11/26,,2026-2027
67013398,4 CC-SI-19,67_67399_5136972,8/11/26,,2026-2027
67013266,3 CC-SI-18,67_67399_5136972,8/11/26,,2026-2027
67013266,3 CC-SI-23,67_67399_5136972,8/11/26,,2026-2027
67013631,6 CC-SI-08,67_67399_5136972,8/11/26,,2026-2027
67013631,6 CC-SI-09,67_67399_5136972,8/11/26,,2026-2027
67013490,5 CC-SI-11,67_67399_5136972,8/11/26,,2026-2027
67013490,5 CC-SI-12,67_67399_5136972,8/11/26,,2026-2027
67013708,6 CC-SI-08,67_67399_5136972,8/11/26,,2026-2027
67013708,6 CC-SI-09,67_67399_5136972,8/11/26,,2026-2027
67013448,4 CC-SI-14,67_67399_5136972,8/11/26,,2026-2027
67013448,4 CC-SI-19,67_67399_5136972,8/11/26,,2026-2027
67013256,3 CC-SI-18,67_67399_5136972,8/11/26,,2026-2027
67013256,3 CC-SI-23,67_67399_5136972,8/11/26,,2026-2027
67013776,0495-01,67_67399_5136978,8/11/26,,2026-2027
67013776,0495-02,67_67399_5136978,8/11/26,,2026-2027
67013800,0495-01,67_67399_5136978,8/11/26,,2026-2027
67013800,0495-02,67_67399_5136978,8/11/26,,2026-2027
67013862,1202746,67_67399_5136978,8/11/26,,2026-2027
67013862,1202777,67_67399_5136978,8/11/26,,2026-2027
67013403,4 CC-SI-14,67_67399_5136972,8/11/26,,2026-2027
67013403,4 CC-SI-19,67_67399_5136972,8/11/26,,2026-2027
67013312,3 CC-SI-18,67_67399_5136972,8/11/26,,2026-2027
67013312,3 CC-SI-23,67_67399_5136972,8/11/26,,2026-2027
67013390,4 CC-SI-14,67_67399_5136972,8/11/26,,2026-2027
67013390,4 CC-SI-19,67_67399_5136972,8/11/26,,2026-2027
67013710,6 CC-SI-08,67_67399_5136972,8/11/26,,2026-2027
67013710,6 CC-SI-09,67_67399_5136972,8/11/26,,2026-2027
67013245,2 CC-SI-30,67_67399_5136972,8/11/26,,2026-2027
67013245,2 CC-SI-31,67_67399_5136972,8/11/26,,2026-2027
67013869,1202746,67_67399_5136978,8/11/26,,2026-2027
67013869,1202777,67_67399_5136978,8/11/26,,2026-2027
67013514,5 CC-SI-11,67_67399_5136972,8/11/26,,2026-2027
67013514,5 CC-SI-12,67_67399_5136972,8/11/26,,2026-2027
67013707,6 CC-SI-08,67_67399_5136972,8/11/26,,2026-2027
67013707,6 CC-SI-09,67_67399_5136972,8/11/26,,2026-2027
67013337,3 CC-SI-18,67_67399_5136972,8/11/26,,2026-2027
67013337,3 CC-SI-23,67_67399_5136972,8/11/26,,2026-2027
67013442,4 CC-SI-14,67_67399_5136972,8/11/26,,2026-2027
67013442,4 CC-SI-19,67_67399_5136972,8/11/26,,2026-2027
67013621,6 CC-SI-08,67_67399_5136972,8/11/26,,2026-2027
67013621,6 CC-SI-09,67_67399_5136972,8/11/26,,2026-2027
67013161,1 CC-SI-34,67_67399_5136972,8/11/26,,2026-2027
67013161,1 CC-SI-37,67_67399_5136972,8/11/26,,2026-2027
67013261,3 CC-SI-18,67_67399_5136972,8/11/26,,2026-2027
67013261,3 CC-SI-23,67_67399_5136972,8/11/26,,2026-2027
67013799,0495-01,67_67399_5136978,8/11/26,,2026-2027
67013799,0495-02,67_67399_5136978,8/11/26,,2026-2027
67013806,0495-01,67_67399_5136978,8/11/26,,2026-2027
67013806,0495-02,67_67399_5136978,8/11/26,,2026-2027
67013285,3 CC-SI-18,67_67399_5136972,8/11/26,,2026-2027
67013285,3 CC-SI-23,67_67399_5136972,8/11/26,,2026-2027
67013509,5 CC-SI-11,67_67399_5136972,8/11/26,,2026-2027
67013509,5 CC-SI-12,67_67399_5136972,8/11/26,,2026-2027
67013711,6 CC-SI-08,67_67399_5136972,8/11/26,,2026-2027
67013711,6 CC-SI-09,67_67399_5136972,8/11/26,,2026-2027
67013768,0495-01,67_67399_5136978,8/11/26,,2026-2027
67013768,0495-02,67_67399_5136978,8/11/26,,2026-2027
67013892,1202746,67_67399_5136978,8/11/26,,2026-2027
67013892,1202777,67_67399_5136978,8/11/26,,2026-2027
67013247,2 CC-SI-30,67_67399_5136972,8/11/26,,2026-2027
67013247,2 CC-SI-31,67_67399_5136972,8/11/26,,2026-2027
67013152,1 CC-SI-34,67_67399_5136972,8/11/26,,2026-2027
67013152,1 CC-SI-37,67_67399_5136972,8/11/26,,2026-2027
67013908,1202746,67_67399_5136978,8/11/26,,2026-2027
67013908,1202777,67_67399_5136978,8/11/26,,2026-2027
67013294,3 CC-SI-18,67_67399_5136972,8/11/26,,2026-2027
67013294,3 CC-SI-23,67_67399_5136972,8/11/26,,2026-2027
67013219,2 CC-SI-30,67_67399_5136972,8/11/26,,2026-2027
67013219,2 CC-SI-31,67_67399_5136972,8/11/26,,2026-2027
67013885,1202746,67_67399_5136978,8/11/26,,2026-2027
67013885,1202777,67_67399_5136978,8/11/26,,2026-2027
67013748,0495-01,67_67399_5136978,8/11/26,,2026-2027
67013748,0495-02,67_67399_5136978,8/11/26,,2026-2027
67013730,0495-01,67_67399_5136978,8/11/26,,2026-2027
67013730,0495-02,67_67399_5136978,8/11/26,,2026-2027
67013669,6 CC-SI-08,67_67399_5136972,8/11/26,,2026-2027
67013669,6 CC-SI-09,67_67399_5136972,8/11/26,,2026-2027
67013750,0495-01,67_67399_5136978,8/11/26,,2026-2027
67013750,0495-02,67_67399_5136978,8/11/26,,2026-2027
67013740,0495-01,67_67399_5136978,8/11/26,,2026-2027
67013740,0495-02,67_67399_5136978,8/11/26,,2026-2027
67013762,0495-01,67_67399_5136978,8/11/26,,2026-2027
67013762,0495-02,67_67399_5136978,8/11/26,,2026-2027
67013662,6 CC-SI-08,67_67399_5136972,8/11/26,,2026-2027
67013662,6 CC-SI-09,67_67399_5136972,8/11/26,,2026-2027
67013350,3 CC-SI-18,67_67399_5136972,8/11/26,,2026-2027
67013350,3 CC-SI-23,67_67399_5136972,8/11/26,,2026-2027
67013493,5 CC-SI-11,67_67399_5136972,8/11/26,,2026-2027
67013493,5 CC-SI-12,67_67399_5136972,8/11/26,,2026-2027
67013878,1202746,67_67399_5136978,8/11/26,,2026-2027
67013878,1202777,67_67399_5136978,8/11/26,,2026-2027
67013363,3 CC-SI-18,67_67399_5136972,8/11/26,,2026-2027
67013363,3 CC-SI-23,67_67399_5136972,8/11/26,,2026-2027
67013283,3 CC-SI-18,67_67399_5136972,8/11/26,,2026-2027
67013283,3 CC-SI-23,67_67399_5136972,8/11/26,,2026-2027
67013224,2 CC-SI-30,67_67399_5136972,8/11/26,,2026-2027
67013224,2 CC-SI-31,67_67399_5136972,8/11/26,,2026-2027
67013643,6 CC-SI-08,67_67399_5136972,8/11/26,,2026-2027
67013643,6 CC-SI-09,67_67399_5136972,8/11/26,,2026-2027
67013731,0495-01,67_67399_5136978,8/11/26,,2026-2027
67013731,0495-02,67_67399_5136978,8/11/26,,2026-2027
67013513,5 CC-SI-11,67_67399_5136972,8/11/26,,2026-2027
67013513,5 CC-SI-12,67_67399_5136972,8/11/26,,2026-2027
67013240,2 CC-SI-30,67_67399_5136972,8/11/26,,2026-2027
67013240,2 CC-SI-31,67_67399_5136972,8/11/26,,2026-2027
67013537,5 CC-SI-11,67_67399_5136972,8/11/26,,2026-2027
67013537,5 CC-SI-12,67_67399_5136972,8/11/26,,2026-2027
67013756,0495-01,67_67399_5136978,8/11/26,,2026-2027
67013756,0495-02,67_67399_5136978,8/11/26,,2026-2027
67013623,6 CC-SI-08,67_67399_5136972,8/11/26,,2026-2027
67013623,6 CC-SI-09,67_67399_5136972,8/11/26,,2026-2027
67013391,4 CC-SI-14,67_67399_5136972,8/11/26,,2026-2027
67013391,4 CC-SI-19,67_67399_5136972,8/11/26,,2026-2027
67013784,0495-01,67_67399_5136978,8/11/26,,2026-2027
67013784,0495-02,67_67399_5136978,8/11/26,,2026-2027
67013243,2 CC-SI-30,67_67399_5136972,8/11/26,,2026-2027
67013243,2 CC-SI-31,67_67399_5136972,8/11/26,,2026-2027
67013183,2 CC-SI-30,67_67399_5136972,8/11/26,,2026-2027
67013183,2 CC-SI-31,67_67399_5136972,8/11/26,,2026-2027
67013734,0495-01,67_67399_5136978,8/11/26,,2026-2027
67013734,0495-02,67_67399_5136978,8/11/26,,2026-2027
67013743,0495-01,67_67399_5136978,8/11/26,,2026-2027
67013743,0495-02,67_67399_5136978,8/11/26,,2026-2027
67013661,6 CC-SI-08,67_67399_5136972,8/11/26,,2026-2027
67013661,6 CC-SI-09,67_67399_5136972,8/11/26,,2026-2027
67013526,5 CC-SI-11,67_67399_5136972,8/11/26,,2026-2027
67013526,5 CC-SI-12,67_67399_5136972,8/11/26,,2026-2027
67013179,2 CC-SI-30,67_67399_5136972,8/11/26,,2026-2027
67013179,2 CC-SI-31,67_67399_5136972,8/11/26,,2026-2027
67013564,5 CC-SI-11,67_67399_5136972,8/11/26,,2026-2027
67013564,5 CC-SI-12,67_67399_5136972,8/11/26,,2026-2027
67013614,6 CC-SI-08,67_67399_5136972,8/11/26,,2026-2027
67013614,6 CC-SI-09,67_67399_5136972,8/11/26,,2026-2027
67013316,3 CC-SI-18,67_67399_5136972,8/11/26,,2026-2027
67013316,3 CC-SI-23,67_67399_5136972,8/11/26,,2026-2027
67013741,0495-01,67_67399_5136978,8/11/26,,2026-2027
67013741,0495-02,67_67399_5136978,8/11/26,,2026-2027
67013444,4 CC-SI-14,67_67399_5136972,8/11/26,,2026-2027
67013444,4 CC-SI-19,67_67399_5136972,8/11/26,,2026-2027
67013848,1202746,67_67399_5136978,8/11/26,,2026-2027
67013848,1202777,67_67399_5136978,8/11/26,,2026-2027
67013257,3 CC-SI-18,67_67399_5136972,8/11/26,,2026-2027
67013257,3 CC-SI-23,67_67399_5136972,8/11/26,,2026-2027
67013375,4 CC-SI-14,67_67399_5136972,8/11/26,,2026-2027
67013375,4 CC-SI-19,67_67399_5136972,8/11/26,,2026-2027
67013407,4 CC-SI-14,67_67399_5136972,8/11/26,,2026-2027
67013407,4 CC-SI-19,67_67399_5136972,8/11/26,,2026-2027
67013770,0495-01,67_67399_5136978,8/11/26,,2026-2027
67013770,0495-02,67_67399_5136978,8/11/26,,2026-2027
67013239,2 CC-SI-30,67_67399_5136972,8/11/26,,2026-2027
67013239,2 CC-SI-31,67_67399_5136972,8/11/26,,2026-2027
67013684,6 CC-SI-08,67_67399_5136972,8/11/26,,2026-2027
67013684,6 CC-SI-09,67_67399_5136972,8/11/26,,2026-2027
67013819,1202746,67_67399_5136978,8/11/26,,2026-2027
67013819,1202777,67_67399_5136978,8/11/26,,2026-2027
67013787,0495-01,67_67399_5136978,8/11/26,,2026-2027
67013787,0495-02,67_67399_5136978,8/11/26,,2026-2027
67013477,4 CC-SI-14,67_67399_5136972,8/11/26,,2026-2027
67013477,4 CC-SI-19,67_67399_5136972,8/11/26,,2026-2027
67013464,4 CC-SI-14,67_67399_5136972,8/11/26,,2026-2027
67013464,4 CC-SI-19,67_67399_5136972,8/11/26,,2026-2027
67013723,0495-01,67_67399_5136978,8/11/26,,2026-2027
67013723,0495-02,67_67399_5136978,8/11/26,,2026-2027
67013675,6 CC-SI-08,67_67399_5136972,8/11/26,,2026-2027
67013675,6 CC-SI-09,67_67399_5136972,8/11/26,,2026-2027
67013368,3 CC-SI-18,67_67399_5136972,8/11/26,,2026-2027
67013368,3 CC-SI-23,67_67399_5136972,8/11/26,,2026-2027
67013813,0495-01,67_67399_5136978,8/11/26,,2026-2027
67013813,0495-02,67_67399_5136978,8/11/26,,2026-2027
67013817,1202746,67_67399_5136978,8/11/26,,2026-2027
67013817,1202777,67_67399_5136978,8/11/26,,2026-2027
67013147,1 CC-SI-34,67_67399_5136972,8/11/26,,2026-2027
67013147,1 CC-SI-37,67_67399_5136972,8/11/26,,2026-2027
67013324,3 CC-SI-18,67_67399_5136972,8/11/26,,2026-2027
67013324,3 CC-SI-23,67_67399_5136972,8/11/26,,2026-2027
67013141,1 CC-SI-34,67_67399_5136972,8/11/26,,2026-2027
67013141,1 CC-SI-37,67_67399_5136972,8/11/26,,2026-2027
67013232,2 CC-SI-30,67_67399_5136972,8/11/26,,2026-2027
67013232,2 CC-SI-31,67_67399_5136972,8/11/26,,2026-2027
67013833,1202746,67_67399_5136978,8/11/26,,2026-2027
67013833,1202777,67_67399_5136978,8/11/26,,2026-2027
67013909,1202746,67_67399_5136978,8/11/26,,2026-2027
67013909,1202777,67_67399_5136978,8/11/26,,2026-2027
67013850,1202746,67_67399_5136978,8/11/26,,2026-2027
67013850,1202777,67_67399_5136978,8/11/26,,2026-2027
67013139,1 CC-SI-34,67_67399_5136972,8/11/26,,2026-2027
67013139,1 CC-SI-37,67_67399_5136972,8/11/26,,2026-2027
67013201,2 CC-SI-30,67_67399_5136972,8/11/26,,2026-2027
67013201,2 CC-SI-31,67_67399_5136972,8/11/26,,2026-2027
67013793,0495-01,67_67399_5136978,8/11/26,,2026-2027
67013793,0495-02,67_67399_5136978,8/11/26,,2026-2027
67013196,2 CC-SI-30,67_67399_5136972,8/11/26,,2026-2027
67013196,2 CC-SI-31,67_67399_5136972,8/11/26,,2026-2027
67013636,6 CC-SI-08,67_67399_5136972,8/11/26,,2026-2027
67013636,6 CC-SI-09,67_67399_5136972,8/11/26,,2026-2027
67013212,2 CC-SI-30,67_67399_5136972,8/11/26,,2026-2027
67013212,2 CC-SI-31,67_67399_5136972,8/11/26,,2026-2027
67013175,2 CC-SI-30,67_67399_5136972,8/11/26,,2026-2027
67013175,2 CC-SI-31,67_67399_5136972,8/11/26,,2026-2027
67013151,1 CC-SI-34,67_67399_5136972,8/11/26,,2026-2027
67013151,1 CC-SI-37,67_67399_5136972,8/11/26,,2026-2027
67013685,6 CC-SI-08,67_67399_5136972,8/11/26,,2026-2027
67013685,6 CC-SI-09,67_67399_5136972,8/11/26,,2026-2027
67013385,4 CC-SI-14,67_67399_5136972,8/11/26,,2026-2027
67013385,4 CC-SI-19,67_67399_5136972,8/11/26,,2026-2027
67013875,1202746,67_67399_5136978,8/11/26,,2026-2027
67013875,1202777,67_67399_5136978,8/11/26,,2026-2027
67013422,4 CC-SI-14,67_67399_5136972,8/11/26,,2026-2027
67013422,4 CC-SI-19,67_67399_5136972,8/11/26,,2026-2027
67013769,0495-01,67_67399_5136978,8/11/26,,2026-2027
67013769,0495-02,67_67399_5136978,8/11/26,,2026-2027
67013313,3 CC-SI-18,67_67399_5136972,8/11/26,,2026-2027
67013313,3 CC-SI-23,67_67399_5136972,8/11/26,,2026-2027
67013632,6 CC-SI-08,67_67399_5136972,8/11/26,,2026-2027
67013632,6 CC-SI-09,67_67399_5136972,8/11/26,,2026-2027
67013133,1 CC-SI-34,67_67399_5136972,8/11/26,,2026-2027
67013133,1 CC-SI-37,67_67399_5136972,8/11/26,,2026-2027
67013713,6 CC-SI-08,67_67399_5136972,8/11/26,,2026-2027
67013713,6 CC-SI-09,67_67399_5136972,8/11/26,,2026-2027
67013236,2 CC-SI-30,67_67399_5136972,8/11/26,,2026-2027
67013236,2 CC-SI-31,67_67399_5136972,8/11/26,,2026-2027
67013506,5 CC-SI-11,67_67399_5136972,8/11/26,,2026-2027
67013506,5 CC-SI-12,67_67399_5136972,8/11/26,,2026-2027
67013900,1202746,67_67399_5136978,8/11/26,,2026-2027
67013900,1202777,67_67399_5136978,8/11/26,,2026-2027
67013367,3 CC-SI-18,67_67399_5136972,8/11/26,,2026-2027
67013367,3 CC-SI-23,67_67399_5136972,8/11/26,,2026-2027
67013322,3 CC-SI-18,67_67399_5136972,8/11/26,,2026-2027
67013322,3 CC-SI-23,67_67399_5136972,8/11/26,,2026-2027
67013804,0495-01,67_67399_5136978,8/11/26,,2026-2027
67013804,0495-02,67_67399_5136978,8/11/26,,2026-2027
67013408,4 CC-SI-14,67_67399_5136972,8/11/26,,2026-2027
67013408,4 CC-SI-19,67_67399_5136972,8/11/26,,2026-2027
67013156,1 CC-SI-34,67_67399_5136972,8/11/26,,2026-2027
67013156,1 CC-SI-37,67_67399_5136972,8/11/26,,2026-2027
67013320,3 CC-SI-18,67_67399_5136972,8/11/26,,2026-2027
67013320,3 CC-SI-23,67_67399_5136972,8/11/26,,2026-2027
67013441,4 CC-SI-14,67_67399_5136972,8/11/26,,2026-2027
67013441,4 CC-SI-19,67_67399_5136972,8/11/26,,2026-2027
67013745,0495-01,67_67399_5136978,8/11/26,,2026-2027
67013745,0495-02,67_67399_5136978,8/11/26,,2026-2027
67013598,6 CC-SI-08,67_67399_5136972,8/11/26,,2026-2027
67013598,6 CC-SI-09,67_67399_5136972,8/11/26,,2026-2027
67013333,3 CC-SI-18,67_67399_5136972,8/11/26,,2026-2027
67013333,3 CC-SI-23,67_67399_5136972,8/11/26,,2026-2027
67013163,1 CC-SI-34,67_67399_5136972,8/11/26,,2026-2027
67013163,1 CC-SI-37,67_67399_5136972,8/11/26,,2026-2027
67013315,3 CC-SI-18,67_67399_5136972,8/11/26,,2026-2027
67013315,3 CC-SI-23,67_67399_5136972,8/11/26,,2026-2027
67013417,4 CC-SI-14,67_67399_5136972,8/11/26,,2026-2027
67013417,4 CC-SI-19,67_67399_5136972,8/11/26,,2026-2027
67013827,1202746,67_67399_5136978,8/11/26,,2026-2027
67013827,1202777,67_67399_5136978,8/11/26,,2026-2027
67013527,5 CC-SI-11,67_67399_5136972,8/11/26,,2026-2027
67013527,5 CC-SI-12,67_67399_5136972,8/11/26,,2026-2027
67013907,1202746,67_67399_5136978,8/11/26,,2026-2027
67013907,1202777,67_67399_5136978,8/11/26,,2026-2027
67013912,1202746,67_67399_5136978,8/11/26,,2026-2027
67013912,1202777,67_67399_5136978,8/11/26,,2026-2027
67013646,6 CC-SI-08,67_67399_5136972,8/11/26,,2026-2027
67013646,6 CC-SI-09,67_67399_5136972,8/11/26,,2026-2027
67013627,6 CC-SI-08,67_67399_5136972,8/11/26,,2026-2027
67013627,6 CC-SI-09,67_67399_5136972,8/11/26,,2026-2027
67013824,1202746,67_67399_5136978,8/11/26,,2026-2027
67013824,1202777,67_67399_5136978,8/11/26,,2026-2027
67013856,1202746,67_67399_5136978,8/11/26,,2026-2027
67013856,1202777,67_67399_5136978,8/11/26,,2026-2027
67013549,5 CC-SI-11,67_67399_5136972,8/11/26,,2026-2027
67013549,5 CC-SI-12,67_67399_5136972,8/11/26,,2026-2027
67013214,2 CC-SI-30,67_67399_5136972,8/11/26,,2026-2027
67013214,2 CC-SI-31,67_67399_5136972,8/11/26,,2026-2027
67013610,6 CC-SI-08,67_67399_5136972,8/11/26,,2026-2027
67013610,6 CC-SI-09,67_67399_5136972,8/11/26,,2026-2027
67013372,4 CC-SI-14,67_67399_5136972,8/11/26,,2026-2027
67013372,4 CC-SI-19,67_67399_5136972,8/11/26,,2026-2027
67013845,1202746,67_67399_5136978,8/11/26,,2026-2027
67013845,1202777,67_67399_5136978,8/11/26,,2026-2027
67013880,1202746,67_67399_5136978,8/11/26,,2026-2027
67013880,1202777,67_67399_5136978,8/11/26,,2026-2027
67013486,5 CC-SI-11,67_67399_5136972,8/11/26,,2026-2027
67013486,5 CC-SI-12,67_67399_5136972,8/11/26,,2026-2027
67013386,4 CC-SI-14,67_67399_5136972,8/11/26,,2026-2027
67013386,4 CC-SI-19,67_67399_5136972,8/11/26,,2026-2027
67013884,1202746,67_67399_5136978,8/11/26,,2026-2027
67013884,1202777,67_67399_5136978,8/11/26,,2026-2027
67013699,6 CC-SI-08,67_67399_5136972,8/11/26,,2026-2027
67013699,6 CC-SI-09,67_67399_5136972,8/11/26,,2026-2027
67013381,4 CC-SI-14,67_67399_5136972,8/11/26,,2026-2027
67013381,4 CC-SI-19,67_67399_5136972,8/11/26,,2026-2027
67013751,0495-01,67_67399_5136978,8/11/26,,2026-2027
67013751,0495-02,67_67399_5136978,8/11/26,,2026-2027
67013418,4 CC-SI-14,67_67399_5136972,8/11/26,,2026-2027
67013418,4 CC-SI-19,67_67399_5136972,8/11/26,,2026-2027
67013732,0495-01,67_67399_5136978,8/11/26,,2026-2027
67013732,0495-02,67_67399_5136978,8/11/26,,2026-2027
67013319,3 CC-SI-18,67_67399_5136972,8/11/26,,2026-2027
67013319,3 CC-SI-23,67_67399_5136972,8/11/26,,2026-2027
67013840,1202746,67_67399_5136978,8/11/26,,2026-2027
67013840,1202777,67_67399_5136978,8/11/26,,2026-2027
67013735,0495-01,67_67399_5136978,8/11/26,,2026-2027
67013735,0495-02,67_67399_5136978,8/11/26,,2026-2027
67013832,1202746,67_67399_5136978,8/11/26,,2026-2027
67013832,1202777,67_67399_5136978,8/11/26,,2026-2027
67013677,6 CC-SI-08,67_67399_5136972,8/11/26,,2026-2027
67013677,6 CC-SI-09,67_67399_5136972,8/11/26,,2026-2027
67013700,6 CC-SI-08,67_67399_5136972,8/11/26,,2026-2027
67013700,6 CC-SI-09,67_67399_5136972,8/11/26,,2026-2027
67013443,4 CC-SI-14,67_67399_5136972,8/11/26,,2026-2027
67013443,4 CC-SI-19,67_67399_5136972,8/11/26,,2026-2027
67013877,1202746,67_67399_5136978,8/11/26,,2026-2027
67013877,1202777,67_67399_5136978,8/11/26,,2026-2027
67013455,4 CC-SI-14,67_67399_5136972,8/11/26,,2026-2027
67013455,4 CC-SI-19,67_67399_5136972,8/11/26,,2026-2027
67013574,5 CC-SI-11,67_67399_5136972,8/11/26,,2026-2027
67013574,5 CC-SI-12,67_67399_5136972,8/11/26,,2026-2027
67013696,6 CC-SI-08,67_67399_5136972,8/11/26,,2026-2027
67013696,6 CC-SI-09,67_67399_5136972,8/11/26,,2026-2027
67013295,3 CC-SI-18,67_67399_5136972,8/11/26,,2026-2027
67013295,3 CC-SI-23,67_67399_5136972,8/11/26,,2026-2027
67013898,1202746,67_67399_5136978,8/11/26,,2026-2027
67013898,1202777,67_67399_5136978,8/11/26,,2026-2027
67013252,2 CC-SI-30,67_67399_5136972,8/11/26,,2026-2027
67013252,2 CC-SI-31,67_67399_5136972,8/11/26,,2026-2027
67013222,2 CC-SI-30,67_67399_5136972,8/11/26,,2026-2027
67013222,2 CC-SI-31,67_67399_5136972,8/11/26,,2026-2027
67013638,6 CC-SI-08,67_67399_5136972,8/11/26,,2026-2027
67013638,6 CC-SI-09,67_67399_5136972,8/11/26,,2026-2027
67013153,1 CC-SI-34,67_67399_5136972,8/11/26,,2026-2027
67013153,1 CC-SI-37,67_67399_5136972,8/11/26,,2026-2027
67013406,4 CC-SI-14,67_67399_5136972,8/11/26,,2026-2027
67013406,4 CC-SI-19,67_67399_5136972,8/11/26,,2026-2027
67013244,2 CC-SI-30,67_67399_5136972,8/11/26,,2026-2027
67013244,2 CC-SI-31,67_67399_5136972,8/11/26,,2026-2027
67013571,5 CC-SI-11,67_67399_5136972,8/11/26,,2026-2027
67013571,5 CC-SI-12,67_67399_5136972,8/11/26,,2026-2027
67013594,6 CC-SI-08,67_67399_5136972,8/11/26,,2026-2027
67013594,6 CC-SI-09,67_67399_5136972,8/11/26,,2026-2027
67013274,3 CC-SI-18,67_67399_5136972,8/11/26,,2026-2027
67013274,3 CC-SI-23,67_67399_5136972,8/11/26,,2026-2027
67013180,2 CC-SI-30,67_67399_5136972,8/11/26,,2026-2027
67013180,2 CC-SI-31,67_67399_5136972,8/11/26,,2026-2027
67013292,3 CC-SI-18,67_67399_5136972,8/11/26,,2026-2027
67013292,3 CC-SI-23,67_67399_5136972,8/11/26,,2026-2027
67013906,1202746,67_67399_5136978,8/11/26,,2026-2027
67013906,1202777,67_67399_5136978,8/11/26,,2026-2027
67013396,4 CC-SI-14,67_67399_5136972,8/11/26,,2026-2027
67013396,4 CC-SI-19,67_67399_5136972,8/11/26,,2026-2027
67013480,4 CC-SI-14,67_67399_5136972,8/11/26,,2026-2027
67013480,4 CC-SI-19,67_67399_5136972,8/11/26,,2026-2027
67013659,6 CC-SI-08,67_67399_5136972,8/11/26,,2026-2027
67013659,6 CC-SI-09,67_67399_5136972,8/11/26,,2026-2027
67013581,5 CC-SI-11,67_67399_5136972,8/11/26,,2026-2027
67013581,5 CC-SI-12,67_67399_5136972,8/11/26,,2026-2027
67013211,2 CC-SI-30,67_67399_5136972,8/11/26,,2026-2027
67013211,2 CC-SI-31,67_67399_5136972,8/11/26,,2026-2027
67013834,1202746,67_67399_5136978,8/11/26,,2026-2027
67013834,1202777,67_67399_5136978,8/11/26,,2026-2027
67013169,2 CC-SI-30,67_67399_5136972,8/11/26,,2026-2027
67013169,2 CC-SI-31,67_67399_5136972,8/11/26,,2026-2027
67013558,5 CC-SI-11,67_67399_5136972,8/11/26,,2026-2027
67013558,5 CC-SI-12,67_67399_5136972,8/11/26,,2026-2027
67013547,5 CC-SI-11,67_67399_5136972,8/11/26,,2026-2027
67013547,5 CC-SI-12,67_67399_5136972,8/11/26,,2026-2027
67013380,4 CC-SI-14,67_67399_5136972,8/11/26,,2026-2027
67013380,4 CC-SI-19,67_67399_5136972,8/11/26,,2026-2027
67013210,2 CC-SI-30,67_67399_5136972,8/11/26,,2026-2027
67013210,2 CC-SI-31,67_67399_5136972,8/11/26,,2026-2027
67013689,6 CC-SI-08,67_67399_5136972,8/11/26,,2026-2027
67013689,6 CC-SI-09,67_67399_5136972,8/11/26,,2026-2027
67013749,0495-01,67_67399_5136978,8/11/26,,2026-2027
67013749,0495-02,67_67399_5136978,8/11/26,,2026-2027
67013767,0495-01,67_67399_5136978,8/11/26,,2026-2027
67013767,0495-02,67_67399_5136978,8/11/26,,2026-2027
67013432,4 CC-SI-14,67_67399_5136972,8/11/26,,2026-2027
67013432,4 CC-SI-19,67_67399_5136972,8/11/26,,2026-2027
67013465,4 CC-SI-14,67_67399_5136972,8/11/26,,2026-2027
67013465,4 CC-SI-19,67_67399_5136972,8/11/26,,2026-2027
67013860,1202746,67_67399_5136978,8/11/26,,2026-2027
67013860,1202777,67_67399_5136978,8/11/26,,2026-2027
67013663,6 CC-SI-08,67_67399_5136972,8/11/26,,2026-2027
67013663,6 CC-SI-09,67_67399_5136972,8/11/26,,2026-2027
67013753,0495-01,67_67399_5136978,8/11/26,,2026-2027
67013753,0495-02,67_67399_5136978,8/11/26,,2026-2027
67013727,0495-01,67_67399_5136978,8/11/26,,2026-2027
67013727,0495-02,67_67399_5136978,8/11/26,,2026-2027
67013472,4 CC-SI-14,67_67399_5136972,8/11/26,,2026-2027
67013472,4 CC-SI-19,67_67399_5136972,8/11/26,,2026-2027
67013783,0495-01,67_67399_5136978,8/11/26,,2026-2027
67013783,0495-02,67_67399_5136978,8/11/26,,2026-2027
67013544,5 CC-SI-11,67_67399_5136972,8/11/26,,2026-2027
67013544,5 CC-SI-12,67_67399_5136972,8/11/26,,2026-2027
67013693,6 CC-SI-08,67_67399_5136972,8/11/26,,2026-2027
67013693,6 CC-SI-09,67_67399_5136972,8/11/26,,2026-2027
67013425,4 CC-SI-14,67_67399_5136972,8/11/26,,2026-2027
67013425,4 CC-SI-19,67_67399_5136972,8/11/26,,2026-2027
67013566,5 CC-SI-11,67_67399_5136972,8/11/26,,2026-2027
67013566,5 CC-SI-12,67_67399_5136972,8/11/26,,2026-2027
67013327,3 CC-SI-18,67_67399_5136972,8/11/26,,2026-2027
67013327,3 CC-SI-23,67_67399_5136972,8/11/26,,2026-2027
67013435,4 CC-SI-14,67_67399_5136972,8/11/26,,2026-2027
67013435,4 CC-SI-19,67_67399_5136972,8/11/26,,2026-2027
67013551,5 CC-SI-11,67_67399_5136972,8/11/26,,2026-2027
67013551,5 CC-SI-12,67_67399_5136972,8/11/26,,2026-2027
67013706,6 CC-SI-08,67_67399_5136972,8/11/26,,2026-2027
67013706,6 CC-SI-09,67_67399_5136972,8/11/26,,2026-2027
67013144,1 CC-SI-34,67_67399_5136972,8/11/26,,2026-2027
67013144,1 CC-SI-37,67_67399_5136972,8/11/26,,2026-2027
67013584,5 CC-SI-11,67_67399_5136972,8/11/26,,2026-2027
67013584,5 CC-SI-12,67_67399_5136972,8/11/26,,2026-2027
67013529,5 CC-SI-11,67_67399_5136972,8/11/26,,2026-2027
67013529,5 CC-SI-12,67_67399_5136972,8/11/26,,2026-2027
67013811,0495-01,67_67399_5136978,8/11/26,,2026-2027
67013811,0495-02,67_67399_5136978,8/11/26,,2026-2027
67013868,1202746,67_67399_5136978,8/11/26,,2026-2027
67013868,1202777,67_67399_5136978,8/11/26,,2026-2027
67013649,6 CC-SI-08,67_67399_5136972,8/11/26,,2026-2027
67013649,6 CC-SI-09,67_67399_5136972,8/11/26,,2026-2027
67013374,4 CC-SI-14,67_67399_5136972,8/11/26,,2026-2027
67013374,4 CC-SI-19,67_67399_5136972,8/11/26,,2026-2027
67013791,0495-01,67_67399_5136978,8/11/26,,2026-2027
67013791,0495-02,67_67399_5136978,8/11/26,,2026-2027
67013761,0495-01,67_67399_5136978,8/11/26,,2026-2027
67013761,0495-02,67_67399_5136978,8/11/26,,2026-2027
67013345,3 CC-SI-18,67_67399_5136972,8/11/26,,2026-2027
67013345,3 CC-SI-23,67_67399_5136972,8/11/26,,2026-2027
67013522,5 CC-SI-11,67_67399_5136972,8/11/26,,2026-2027
67013522,5 CC-SI-12,67_67399_5136972,8/11/26,,2026-2027
67013483,5 CC-SI-11,67_67399_5136972,8/11/26,,2026-2027
67013483,5 CC-SI-12,67_67399_5136972,8/11/26,,2026-2027
67013876,1202746,67_67399_5136978,8/11/26,,2026-2027
67013876,1202777,67_67399_5136978,8/11/26,,2026-2027
67013296,3 CC-SI-18,67_67399_5136972,8/11/26,,2026-2027
67013296,3 CC-SI-23,67_67399_5136972,8/11/26,,2026-2027
67013691,6 CC-SI-08,67_67399_5136972,8/11/26,,2026-2027
67013691,6 CC-SI-09,67_67399_5136972,8/11/26,,2026-2027
67013773,0495-01,67_67399_5136978,8/11/26,,2026-2027
67013773,0495-02,67_67399_5136978,8/11/26,,2026-2027
67013656,6 CC-SI-08,67_67399_5136972,8/11/26,,2026-2027
67013656,6 CC-SI-09,67_67399_5136972,8/11/26,,2026-2027
67013344,3 CC-SI-18,67_67399_5136972,8/11/26,,2026-2027
67013344,3 CC-SI-23,67_67399_5136972,8/11/26,,2026-2027
67013774,0495-01,67_67399_5136978,8/11/26,,2026-2027
67013774,0495-02,67_67399_5136978,8/11/26,,2026-2027
67013389,4 CC-SI-14,67_67399_5136972,8/11/26,,2026-2027
67013389,4 CC-SI-19,67_67399_5136972,8/11/26,,2026-2027
67013501,5 CC-SI-11,67_67399_5136972,8/11/26,,2026-2027
67013501,5 CC-SI-12,67_67399_5136972,8/11/26,,2026-2027
67013882,1202746,67_67399_5136978,8/11/26,,2026-2027
67013882,1202777,67_67399_5136978,8/11/26,,2026-2027
67013382,4 CC-SI-14,67_67399_5136972,8/11/26,,2026-2027
67013382,4 CC-SI-19,67_67399_5136972,8/11/26,,2026-2027
67013399,4 CC-SI-14,67_67399_5136972,8/11/26,,2026-2027
67013399,4 CC-SI-19,67_67399_5136972,8/11/26,,2026-2027
67013533,5 CC-SI-11,67_67399_5136972,8/11/26,,2026-2027
67013533,5 CC-SI-12,67_67399_5136972,8/11/26,,2026-2027
67013796,0495-01,67_67399_5136978,8/11/26,,2026-2027
67013796,0495-02,67_67399_5136978,8/11/26,,2026-2027
67013511,5 CC-SI-11,67_67399_5136972,8/11/26,,2026-2027
67013511,5 CC-SI-12,67_67399_5136972,8/11/26,,2026-2027
67013230,2 CC-SI-30,67_67399_5136972,8/11/26,,2026-2027
67013230,2 CC-SI-31,67_67399_5136972,8/11/26,,2026-2027
67013226,2 CC-SI-30,67_67399_5136972,8/11/26,,2026-2027
67013226,2 CC-SI-31,67_67399_5136972,8/11/26,,2026-2027
67013559,5 CC-SI-11,67_67399_5136972,8/11/26,,2026-2027
67013559,5 CC-SI-12,67_67399_5136972,8/11/26,,2026-2027
67013552,5 CC-SI-11,67_67399_5136972,8/11/26,,2026-2027
67013552,5 CC-SI-12,67_67399_5136972,8/11/26,,2026-2027
67013630,6 CC-SI-08,67_67399_5136972,8/11/26,,2026-2027
67013630,6 CC-SI-09,67_67399_5136972,8/11/26,,2026-2027
67013872,1202746,67_67399_5136978,8/11/26,,2026-2027
67013872,1202777,67_67399_5136978,8/11/26,,2026-2027
67013560,5 CC-SI-11,67_67399_5136972,8/11/26,,2026-2027
67013560,5 CC-SI-12,67_67399_5136972,8/11/26,,2026-2027
67013227,2 CC-SI-30,67_67399_5136972,8/11/26,,2026-2027
67013227,2 CC-SI-31,67_67399_5136972,8/11/26,,2026-2027
67013899,1202746,67_67399_5136978,8/11/26,,2026-2027
67013899,1202777,67_67399_5136978,8/11/26,,2026-2027
67013176,2 CC-SI-30,67_67399_5136972,8/11/26,,2026-2027
67013176,2 CC-SI-31,67_67399_5136972,8/11/26,,2026-2027
67013223,2 CC-SI-30,67_67399_5136972,8/11/26,,2026-2027
67013223,2 CC-SI-31,67_67399_5136972,8/11/26,,2026-2027
67013660,6 CC-SI-08,67_67399_5136972,8/11/26,,2026-2027
67013660,6 CC-SI-09,67_67399_5136972,8/11/26,,2026-2027
67013145,1 CC-SI-34,67_67399_5136972,8/11/26,,2026-2027
67013145,1 CC-SI-37,67_67399_5136972,8/11/26,,2026-2027
67013567,5 CC-SI-11,67_67399_5136972,8/11/26,,2026-2027
67013567,5 CC-SI-12,67_67399_5136972,8/11/26,,2026-2027
67013388,4 CC-SI-14,67_67399_5136972,8/11/26,,2026-2027
67013388,4 CC-SI-19,67_67399_5136972,8/11/26,,2026-2027
67013790,0495-01,67_67399_5136978,8/11/26,,2026-2027
67013790,0495-02,67_67399_5136978,8/11/26,,2026-2027
67013543,5 CC-SI-11,67_67399_5136972,8/11/26,,2026-2027
67013543,5 CC-SI-12,67_67399_5136972,8/11/26,,2026-2027
67013702,6 CC-SI-08,67_67399_5136972,8/11/26,,2026-2027
67013702,6 CC-SI-09,67_67399_5136972,8/11/26,,2026-2027
67013357,3 CC-SI-18,67_67399_5136972,8/11/26,,2026-2027
67013357,3 CC-SI-23,67_67399_5136972,8/11/26,,2026-2027
67013739,0495-01,67_67399_5136978,8/11/26,,2026-2027
67013739,0495-02,67_67399_5136978,8/11/26,,2026-2027
67013371,4 CC-SI-14,67_67399_5136972,8/11/26,,2026-2027
67013371,4 CC-SI-19,67_67399_5136972,8/11/26,,2026-2027
67013802,0495-01,67_67399_5136978,8/11/26,,2026-2027
67013802,0495-02,67_67399_5136978,8/11/26,,2026-2027
67013671,6 CC-SI-08,67_67399_5136972,8/11/26,,2026-2027
67013671,6 CC-SI-09,67_67399_5136972,8/11/26,,2026-2027
67013786,0495-01,67_67399_5136978,8/11/26,,2026-2027
67013786,0495-02,67_67399_5136978,8/11/26,,2026-2027
67013342,3 CC-SI-18,67_67399_5136972,8/11/26,,2026-2027
67013342,3 CC-SI-23,67_67399_5136972,8/11/26,,2026-2027
67013673,6 CC-SI-08,67_67399_5136972,8/11/26,,2026-2027
67013673,6 CC-SI-09,67_67399_5136972,8/11/26,,2026-2027
67013816,1202746,67_67399_5136978,8/11/26,,2026-2027
67013816,1202777,67_67399_5136978,8/11/26,,2026-2027
67013612,6 CC-SI-08,67_67399_5136972,8/11/26,,2026-2027
67013612,6 CC-SI-09,67_67399_5136972,8/11/26,,2026-2027
67013148,1 CC-SI-34,67_67399_5136972,8/11/26,,2026-2027
67013148,1 CC-SI-37,67_67399_5136972,8/11/26,,2026-2027
67013771,0495-01,67_67399_5136978,8/11/26,,2026-2027
67013771,0495-02,67_67399_5136978,8/11/26,,2026-2027
67013545,5 CC-SI-11,67_67399_5136972,8/11/26,,2026-2027
67013545,5 CC-SI-12,67_67399_5136972,8/11/26,,2026-2027
67013484,5 CC-SI-11,67_67399_5136972,8/11/26,,2026-2027
67013484,5 CC-SI-12,67_67399_5136972,8/11/26,,2026-2027
67013334,3 CC-SI-18,67_67399_5136972,8/11/26,,2026-2027
67013334,3 CC-SI-23,67_67399_5136972,8/11/26,,2026-2027
67013801,0495-01,67_67399_5136978,8/11/26,,2026-2027
67013801,0495-02,67_67399_5136978,8/11/26,,2026-2027
67013215,2 CC-SI-30,67_67399_5136972,8/11/26,,2026-2027
67013215,2 CC-SI-31,67_67399_5136972,8/11/26,,2026-2027
67013364,3 CC-SI-18,67_67399_5136972,8/11/26,,2026-2027
67013364,3 CC-SI-23,67_67399_5136972,8/11/26,,2026-2027
67013155,1 CC-SI-34,67_67399_5136972,8/11/26,,2026-2027
67013155,1 CC-SI-37,67_67399_5136972,8/11/26,,2026-2027
67013340,3 CC-SI-18,67_67399_5136972,8/11/26,,2026-2027
67013340,3 CC-SI-23,67_67399_5136972,8/11/26,,2026-2027
67013712,6 CC-SI-08,67_67399_5136972,8/11/26,,2026-2027
67013712,6 CC-SI-09,67_67399_5136972,8/11/26,,2026-2027
67013205,2 CC-SI-30,67_67399_5136972,8/11/26,,2026-2027
67013205,2 CC-SI-31,67_67399_5136972,8/11/26,,2026-2027
67013859,1202746,67_67399_5136978,8/11/26,,2026-2027
67013859,1202777,67_67399_5136978,8/11/26,,2026-2027
67013717,0495-01,67_67399_5136978,8/11/26,,2026-2027
67013717,0495-02,67_67399_5136978,8/11/26,,2026-2027
67013341,3 CC-SI-18,67_67399_5136972,8/11/26,,2026-2027
67013341,3 CC-SI-23,67_67399_5136972,8/11/26,,2026-2027
67013531,5 CC-SI-11,67_67399_5136972,8/11/26,,2026-2027
67013531,5 CC-SI-12,67_67399_5136972,8/11/26,,2026-2027
67013855,1202746,67_67399_5136978,8/11/26,,2026-2027
67013855,1202777,67_67399_5136978,8/11/26,,2026-2027
67013601,6 CC-SI-08,67_67399_5136972,8/11/26,,2026-2027
67013601,6 CC-SI-09,67_67399_5136972,8/11/26,,2026-2027
67013901,1202746,67_67399_5136978,8/11/26,,2026-2027
67013901,1202777,67_67399_5136978,8/11/26,,2026-2027
67013271,3 CC-SI-18,67_67399_5136972,8/11/26,,2026-2027
67013271,3 CC-SI-23,67_67399_5136972,8/11/26,,2026-2027
67013198,2 CC-SI-30,67_67399_5136972,8/11/26,,2026-2027
67013198,2 CC-SI-31,67_67399_5136972,8/11/26,,2026-2027
67013449,4 CC-SI-14,67_67399_5136972,8/11/26,,2026-2027
67013449,4 CC-SI-19,67_67399_5136972,8/11/26,,2026-2027
67013331,3 CC-SI-18,67_67399_5136972,8/11/26,,2026-2027
67013331,3 CC-SI-23,67_67399_5136972,8/11/26,,2026-2027
67013569,5 CC-SI-11,67_67399_5136972,8/11/26,,2026-2027
67013569,5 CC-SI-12,67_67399_5136972,8/11/26,,2026-2027
67013343,3 CC-SI-18,67_67399_5136972,8/11/26,,2026-2027
67013343,3 CC-SI-23,67_67399_5136972,8/11/26,,2026-2027
67013576,5 CC-SI-11,67_67399_5136972,8/11/26,,2026-2027
67013576,5 CC-SI-12,67_67399_5136972,8/11/26,,2026-2027
67013326,3 CC-SI-18,67_67399_5136972,8/11/26,,2026-2027
67013326,3 CC-SI-23,67_67399_5136972,8/11/26,,2026-2027
67013359,3 CC-SI-18,67_67399_5136972,8/11/26,,2026-2027
67013359,3 CC-SI-23,67_67399_5136972,8/11/26,,2026-2027
67013609,6 CC-SI-08,67_67399_5136972,8/11/26,,2026-2027
67013609,6 CC-SI-09,67_67399_5136972,8/11/26,,2026-2027
67013836,1202746,67_67399_5136978,8/11/26,,2026-2027
67013836,1202777,67_67399_5136978,8/11/26,,2026-2027
67013383,4 CC-SI-14,67_67399_5136972,8/11/26,,2026-2027
67013383,4 CC-SI-19,67_67399_5136972,8/11/26,,2026-2027
67013495,5 CC-SI-11,67_67399_5136972,8/11/26,,2026-2027
67013495,5 CC-SI-12,67_67399_5136972,8/11/26,,2026-2027
67013450,4 CC-SI-14,67_67399_5136972,8/11/26,,2026-2027
67013450,4 CC-SI-19,67_67399_5136972,8/11/26,,2026-2027
67013874,1202746,67_67399_5136978,8/11/26,,2026-2027
67013874,1202777,67_67399_5136978,8/11/26,,2026-2027
67013128,1 CC-SI-34,67_67399_5136972,8/11/26,,2026-2027
67013128,1 CC-SI-37,67_67399_5136972,8/11/26,,2026-2027
67013755,0495-01,67_67399_5136978,8/11/26,,2026-2027
67013755,0495-02,67_67399_5136978,8/11/26,,2026-2027
67013523,5 CC-SI-11,67_67399_5136972,8/11/26,,2026-2027
67013523,5 CC-SI-12,67_67399_5136972,8/11/26,,2026-2027
67013360,3 CC-SI-18,67_67399_5136972,8/11/26,,2026-2027
67013360,3 CC-SI-23,67_67399_5136972,8/11/26,,2026-2027
67013303,3 CC-SI-18,67_67399_5136972,8/11/26,,2026-2027
67013303,3 CC-SI-23,67_67399_5136972,8/11/26,,2026-2027
67013206,2 CC-SI-30,67_67399_5136972,8/11/26,,2026-2027
67013206,2 CC-SI-31,67_67399_5136972,8/11/26,,2026-2027
67013692,6 CC-SI-08,67_67399_5136972,8/11/26,,2026-2027
67013692,6 CC-SI-09,67_67399_5136972,8/11/26,,2026-2027
67013289,3 CC-SI-18,67_67399_5136972,8/11/26,,2026-2027
67013289,3 CC-SI-23,67_67399_5136972,8/11/26,,2026-2027
67013122,1 CC-SI-34,67_67399_5136972,8/11/26,,2026-2027
67013122,1 CC-SI-37,67_67399_5136972,8/11/26,,2026-2027
67013512,5 CC-SI-11,67_67399_5136972,8/11/26,,2026-2027
67013512,5 CC-SI-12,67_67399_5136972,8/11/26,,2026-2027
67013588,5 CC-SI-11,67_67399_5136972,8/11/26,,2026-2027
67013588,5 CC-SI-12,67_67399_5136972,8/11/26,,2026-2027
67013496,5 CC-SI-11,67_67399_5136972,8/11/26,,2026-2027
67013496,5 CC-SI-12,67_67399_5136972,8/11/26,,2026-2027
67013672,6 CC-SI-08,67_67399_5136972,8/11/26,,2026-2027
67013672,6 CC-SI-09,67_67399_5136972,8/11/26,,2026-2027
67013803,0495-01,67_67399_5136978,8/11/26,,2026-2027
67013803,0495-02,67_67399_5136978,8/11/26,,2026-2027
67013492,5 CC-SI-11,67_67399_5136972,8/11/26,,2026-2027
67013492,5 CC-SI-12,67_67399_5136972,8/11/26,,2026-2027
67013546,5 CC-SI-11,67_67399_5136972,8/11/26,,2026-2027
67013546,5 CC-SI-12,67_67399_5136972,8/11/26,,2026-2027
67013487,5 CC-SI-11,67_67399_5136972,8/11/26,,2026-2027
67013487,5 CC-SI-12,67_67399_5136972,8/11/26,,2026-2027
67013377,4 CC-SI-14,67_67399_5136972,8/11/26,,2026-2027
67013377,4 CC-SI-19,67_67399_5136972,8/11/26,,2026-2027
67013829,1202746,67_67399_5136978,8/11/26,,2026-2027
67013829,1202777,67_67399_5136978,8/11/26,,2026-2027
67013624,6 CC-SI-08,67_67399_5136972,8/11/26,,2026-2027
67013624,6 CC-SI-09,67_67399_5136972,8/11/26,,2026-2027
67013655,6 CC-SI-08,67_67399_5136972,8/11/26,,2026-2027
67013655,6 CC-SI-09,67_67399_5136972,8/11/26,,2026-2027
67013554,5 CC-SI-11,67_67399_5136972,8/11/26,,2026-2027
67013554,5 CC-SI-12,67_67399_5136972,8/11/26,,2026-2027
67013617,6 CC-SI-08,67_67399_5136972,8/11/26,,2026-2027
67013617,6 CC-SI-09,67_67399_5136972,8/11/26,,2026-2027
67013503,5 CC-SI-11,67_67399_5136972,8/11/26,,2026-2027
67013503,5 CC-SI-12,67_67399_5136972,8/11/26,,2026-2027
67013191,2 CC-SI-30,67_67399_5136972,8/11/26,,2026-2027
67013191,2 CC-SI-31,67_67399_5136972,8/11/26,,2026-2027
67013758,0495-01,67_67399_5136978,8/11/26,,2026-2027
67013758,0495-02,67_67399_5136978,8/11/26,,2026-2027
67013611,6 CC-SI-08,67_67399_5136972,8/11/26,,2026-2027
67013611,6 CC-SI-09,67_67399_5136972,8/11/26,,2026-2027
67013177,2 CC-SI-30,67_67399_5136972,8/11/26,,2026-2027
67013177,2 CC-SI-31,67_67399_5136972,8/11/26,,2026-2027
67013498,5 CC-SI-11,67_67399_5136972,8/11/26,,2026-2027
67013498,5 CC-SI-12,67_67399_5136972,8/11/26,,2026-2027
67013318,3 CC-SI-18,67_67399_5136972,8/11/26,,2026-2027
67013318,3 CC-SI-23,67_67399_5136972,8/11/26,,2026-2027
67013485,5 CC-SI-11,67_67399_5136972,8/11/26,,2026-2027
67013485,5 CC-SI-12,67_67399_5136972,8/11/26,,2026-2027
67013306,3 CC-SI-18,67_67399_5136972,8/11/26,,2026-2027
67013306,3 CC-SI-23,67_67399_5136972,8/11/26,,2026-2027
67013602,6 CC-SI-08,67_67399_5136972,8/11/26,,2026-2027
67013602,6 CC-SI-09,67_67399_5136972,8/11/26,,2026-2027
67013635,6 CC-SI-08,67_67399_5136972,8/11/26,,2026-2027
67013635,6 CC-SI-09,67_67399_5136972,8/11/26,,2026-2027
67013125,1 CC-SI-34,67_67399_5136972,8/11/26,,2026-2027
67013125,1 CC-SI-37,67_67399_5136972,8/11/26,,2026-2027
67013847,1202746,67_67399_5136978,8/11/26,,2026-2027
67013847,1202777,67_67399_5136978,8/11/26,,2026-2027
67013317,3 CC-SI-18,67_67399_5136972,8/11/26,,2026-2027
67013317,3 CC-SI-23,67_67399_5136972,8/11/26,,2026-2027
67013461,4 CC-SI-14,67_67399_5136972,8/11/26,,2026-2027
67013461,4 CC-SI-19,67_67399_5136972,8/11/26,,2026-2027
67013194,2 CC-SI-30,67_67399_5136972,8/11/26,,2026-2027
67013194,2 CC-SI-31,67_67399_5136972,8/11/26,,2026-2027
67013233,2 CC-SI-30,67_67399_5136972,8/11/26,,2026-2027
67013233,2 CC-SI-31,67_67399_5136972,8/11/26,,2026-2027
67013469,4 CC-SI-14,67_67399_5136972,8/11/26,,2026-2027
67013469,4 CC-SI-19,67_67399_5136972,8/11/26,,2026-2027
67013439,4 CC-SI-14,67_67399_5136972,8/11/26,,2026-2027
67013439,4 CC-SI-19,67_67399_5136972,8/11/26,,2026-2027
67013262,3 CC-SI-18,67_67399_5136972,8/11/26,,2026-2027
67013262,3 CC-SI-23,67_67399_5136972,8/11/26,,2026-2027
67013209,2 CC-SI-30,67_67399_5136972,8/11/26,,2026-2027
67013209,2 CC-SI-31,67_67399_5136972,8/11/26,,2026-2027
67013301,3 CC-SI-18,67_67399_5136972,8/11/26,,2026-2027
67013301,3 CC-SI-23,67_67399_5136972,8/11/26,,2026-2027
67013541,5 CC-SI-11,67_67399_5136972,8/11/26,,2026-2027
67013541,5 CC-SI-12,67_67399_5136972,8/11/26,,2026-2027
67013278,3 CC-SI-18,67_67399_5136972,8/11/26,,2026-2027
67013278,3 CC-SI-23,67_67399_5136972,8/11/26,,2026-2027
67013634,6 CC-SI-08,67_67399_5136972,8/11/26,,2026-2027
67013634,6 CC-SI-09,67_67399_5136972,8/11/26,,2026-2027
67013667,6 CC-SI-08,67_67399_5136972,8/11/26,,2026-2027
67013667,6 CC-SI-09,67_67399_5136972,8/11/26,,2026-2027
67013843,1202746,67_67399_5136978,8/11/26,,2026-2027
67013843,1202777,67_67399_5136978,8/11/26,,2026-2027
67013704,6 CC-SI-08,67_67399_5136972,8/11/26,,2026-2027
67013704,6 CC-SI-09,67_67399_5136972,8/11/26,,2026-2027
67013648,6 CC-SI-08,67_67399_5136972,8/11/26,,2026-2027
67013648,6 CC-SI-09,67_67399_5136972,8/11/26,,2026-2027
67013202,2 CC-SI-30,67_67399_5136972,8/11/26,,2026-2027
67013202,2 CC-SI-31,67_67399_5136972,8/11/26,,2026-2027
67013521,5 CC-SI-11,67_67399_5136972,8/11/26,,2026-2027
67013521,5 CC-SI-12,67_67399_5136972,8/11/26,,2026-2027
67013255,2 CC-SI-30,67_67399_5136972,8/11/26,,2026-2027
67013255,2 CC-SI-31,67_67399_5136972,8/11/26,,2026-2027
67013286,3 CC-SI-18,67_67399_5136972,8/11/26,,2026-2027
67013286,3 CC-SI-23,67_67399_5136972,8/11/26,,2026-2027
67013393,4 CC-SI-14,67_67399_5136972,8/11/26,,2026-2027
67013393,4 CC-SI-19,67_67399_5136972,8/11/26,,2026-2027
67013809,0495-01,67_67399_5136978,8/11/26,,2026-2027
67013809,0495-02,67_67399_5136978,8/11/26,,2026-2027
67013426,4 CC-SI-14,67_67399_5136972,8/11/26,,2026-2027
67013426,4 CC-SI-19,67_67399_5136972,8/11/26,,2026-2027
67013173,2 CC-SI-30,67_67399_5136972,8/11/26,,2026-2027
67013173,2 CC-SI-31,67_67399_5136972,8/11/26,,2026-2027
67013446,4 CC-SI-14,67_67399_5136972,8/11/26,,2026-2027
67013446,4 CC-SI-19,67_67399_5136972,8/11/26,,2026-2027
67013293,3 CC-SI-18,67_67399_5136972,8/11/26,,2026-2027
67013293,3 CC-SI-23,67_67399_5136972,8/11/26,,2026-2027
67013812,0495-01,67_67399_5136978,8/11/26,,2026-2027
67013812,0495-02,67_67399_5136978,8/11/26,,2026-2027
67013260,3 CC-SI-18,67_67399_5136972,8/11/26,,2026-2027
67013260,3 CC-SI-23,67_67399_5136972,8/11/26,,2026-2027
67013193,2 CC-SI-30,67_67399_5136972,8/11/26,,2026-2027
67013193,2 CC-SI-31,67_67399_5136972,8/11/26,,2026-2027
67013548,5 CC-SI-11,67_67399_5136972,8/11/26,,2026-2027
67013548,5 CC-SI-12,67_67399_5136972,8/11/26,,2026-2027
67013467,4 CC-SI-14,67_67399_5136972,8/11/26,,2026-2027
67013467,4 CC-SI-19,67_67399_5136972,8/11/26,,2026-2027
67013281,3 CC-SI-18,67_67399_5136972,8/11/26,,2026-2027
67013281,3 CC-SI-23,67_67399_5136972,8/11/26,,2026-2027
67013690,6 CC-SI-08,67_67399_5136972,8/11/26,,2026-2027
67013690,6 CC-SI-09,67_67399_5136972,8/11/26,,2026-2027
67013199,2 CC-SI-30,67_67399_5136972,8/11/26,,2026-2027
67013199,2 CC-SI-31,67_67399_5136972,8/11/26,,2026-2027
67013865,1202746,67_67399_5136978,8/11/26,,2026-2027
67013865,1202777,67_67399_5136978,8/11/26,,2026-2027
67013237,2 CC-SI-30,67_67399_5136972,8/11/26,,2026-2027
67013237,2 CC-SI-31,67_67399_5136972,8/11/26,,2026-2027
67013894,1202746,67_67399_5136978,8/11/26,,2026-2027
67013894,1202777,67_67399_5136978,8/11/26,,2026-2027
67013387,4 CC-SI-14,67_67399_5136972,8/11/26,,2026-2027
67013387,4 CC-SI-19,67_67399_5136972,8/11/26,,2026-2027
67013639,6 CC-SI-08,67_67399_5136972,8/11/26,,2026-2027
67013639,6 CC-SI-09,67_67399_5136972,8/11/26,,2026-2027
67013867,1202746,67_67399_5136978,8/11/26,,2026-2027
67013867,1202777,67_67399_5136978,8/11/26,,2026-2027
67013728,0495-01,67_67399_5136978,8/11/26,,2026-2027
67013728,0495-02,67_67399_5136978,8/11/26,,2026-2027
67013208,2 CC-SI-30,67_67399_5136972,8/11/26,,2026-2027
67013208,2 CC-SI-31,67_67399_5136972,8/11/26,,2026-2027
67013853,1202746,67_67399_5136978,8/11/26,,2026-2027
67013853,1202777,67_67399_5136978,8/11/26,,2026-2027
67013213,2 CC-SI-30,67_67399_5136972,8/11/26,,2026-2027
67013213,2 CC-SI-31,67_67399_5136972,8/11/26,,2026-2027
67013254,2 CC-SI-30,67_67399_5136972,8/11/26,,2026-2027
67013254,2 CC-SI-31,67_67399_5136972,8/11/26,,2026-2027
67013532,5 CC-SI-11,67_67399_5136972,8/11/26,,2026-2027
67013532,5 CC-SI-12,67_67399_5136972,8/11/26,,2026-2027
67013570,5 CC-SI-11,67_67399_5136972,8/11/26,,2026-2027
67013570,5 CC-SI-12,67_67399_5136972,8/11/26,,2026-2027
67013674,6 CC-SI-08,67_67399_5136972,8/11/26,,2026-2027
67013674,6 CC-SI-09,67_67399_5136972,8/11/26,,2026-2027
67013808,0495-01,67_67399_5136978,8/11/26,,2026-2027
67013808,0495-02,67_67399_5136978,8/11/26,,2026-2027
67013411,4 CC-SI-14,67_67399_5136972,8/11/26,,2026-2027
67013411,4 CC-SI-19,67_67399_5136972,8/11/26,,2026-2027
67013873,1202746,67_67399_5136978,8/11/26,,2026-2027
67013873,1202777,67_67399_5136978,8/11/26,,2026-2027
67013629,6 CC-SI-08,67_67399_5136972,8/11/26,,2026-2027
67013629,6 CC-SI-09,67_67399_5136972,8/11/26,,2026-2027
67013235,2 CC-SI-30,67_67399_5136972,8/11/26,,2026-2027
67013235,2 CC-SI-31,67_67399_5136972,8/11/26,,2026-2027
67013828,1202746,67_67399_5136978,8/11/26,,2026-2027
67013828,1202777,67_67399_5136978,8/11/26,,2026-2027
67013759,0495-01,67_67399_5136978,8/11/26,,2026-2027
67013759,0495-02,67_67399_5136978,8/11/26,,2026-2027
67013170,2 CC-SI-30,67_67399_5136972,8/11/26,,2026-2027
67013170,2 CC-SI-31,67_67399_5136972,8/11/26,,2026-2027
67013573,5 CC-SI-11,67_67399_5136972,8/11/26,,2026-2027
67013573,5 CC-SI-12,67_67399_5136972,8/11/26,,2026-2027
67013572,5 CC-SI-11,67_67399_5136972,8/11/26,,2026-2027
67013572,5 CC-SI-12,67_67399_5136972,8/11/26,,2026-2027
67013474,4 CC-SI-14,67_67399_5136972,8/11/26,,2026-2027
67013474,4 CC-SI-19,67_67399_5136972,8/11/26,,2026-2027
67013718,0495-01,67_67399_5136978,8/11/26,,2026-2027
67013718,0495-02,67_67399_5136978,8/11/26,,2026-2027
67013402,4 CC-SI-14,67_67399_5136972,8/11/26,,2026-2027
67013402,4 CC-SI-19,67_67399_5136972,8/11/26,,2026-2027
67013369,4 CC-SI-14,67_67399_5136972,8/11/26,,2026-2027
67013369,4 CC-SI-19,67_67399_5136972,8/11/26,,2026-2027
67013705,6 CC-SI-08,67_67399_5136972,8/11/26,,2026-2027
67013705,6 CC-SI-09,67_67399_5136972,8/11/26,,2026-2027
67013275,3 CC-SI-18,67_67399_5136972,8/11/26,,2026-2027
67013275,3 CC-SI-23,67_67399_5136972,8/11/26,,2026-2027
67013229,2 CC-SI-30,67_67399_5136972,8/11/26,,2026-2027
67013229,2 CC-SI-31,67_67399_5136972,8/11/26,,2026-2027
67013188,2 CC-SI-30,67_67399_5136972,8/11/26,,2026-2027
67013188,2 CC-SI-31,67_67399_5136972,8/11/26,,2026-2027
67013424,4 CC-SI-14,67_67399_5136972,8/11/26,,2026-2027
67013424,4 CC-SI-19,67_67399_5136972,8/11/26,,2026-2027
67013192,2 CC-SI-30,67_67399_5136972,8/11/26,,2026-2027
67013192,2 CC-SI-31,67_67399_5136972,8/11/26,,2026-2027
67013462,4 CC-SI-14,67_67399_5136972,8/11/26,,2026-2027
67013462,4 CC-SI-19,67_67399_5136972,8/11/26,,2026-2027
67013720,0495-01,67_67399_5136978,8/11/26,,2026-2027
67013720,0495-02,67_67399_5136978,8/11/26,,2026-2027
67013668,6 CC-SI-08,67_67399_5136972,8/11/26,,2026-2027
67013668,6 CC-SI-09,67_67399_5136972,8/11/26,,2026-2027
67013468,4 CC-SI-14,67_67399_5136972,8/11/26,,2026-2027
67013468,4 CC-SI-19,67_67399_5136972,8/11/26,,2026-2027
67013890,1202746,67_67399_5136978,8/11/26,,2026-2027
67013890,1202777,67_67399_5136978,8/11/26,,2026-2027
67013348,3 CC-SI-18,67_67399_5136972,8/11/26,,2026-2027
67013348,3 CC-SI-23,67_67399_5136972,8/11/26,,2026-2027
67013839,1202746,67_67399_5136978,8/11/26,,2026-2027
67013839,1202777,67_67399_5136978,8/11/26,,2026-2027
67013680,6 CC-SI-08,67_67399_5136972,8/11/26,,2026-2027
67013680,6 CC-SI-09,67_67399_5136972,8/11/26,,2026-2027
67013423,4 CC-SI-14,67_67399_5136972,8/11/26,,2026-2027
67013423,4 CC-SI-19,67_67399_5136972,8/11/26,,2026-2027
67013580,5 CC-SI-11,67_67399_5136972,8/11/26,,2026-2027
67013580,5 CC-SI-12,67_67399_5136972,8/11/26,,2026-2027
67013653,6 CC-SI-08,67_67399_5136972,8/11/26,,2026-2027
67013653,6 CC-SI-09,67_67399_5136972,8/11/26,,2026-2027
67013620,6 CC-SI-08,67_67399_5136972,8/11/26,,2026-2027
67013620,6 CC-SI-09,67_67399_5136972,8/11/26,,2026-2027
67013562,5 CC-SI-11,67_67399_5136972,8/11/26,,2026-2027
67013562,5 CC-SI-12,67_67399_5136972,8/11/26,,2026-2027
67013291,3 CC-SI-18,67_67399_5136972,8/11/26,,2026-2027
67013291,3 CC-SI-23,67_67399_5136972,8/11/26,,2026-2027
67013473,4 CC-SI-14,67_67399_5136972,8/11/26,,2026-2027
67013473,4 CC-SI-19,67_67399_5136972,8/11/26,,2026-2027
67013253,2 CC-SI-30,67_67399_5136972,8/11/26,,2026-2027
67013253,2 CC-SI-31,67_67399_5136972,8/11/26,,2026-2027
67013515,5 CC-SI-11,67_67399_5136972,8/11/26,,2026-2027
67013515,5 CC-SI-12,67_67399_5136972,8/11/26,,2026-2027
67013914,1202746,67_67399_5136978,8/11/26,,2026-2027
67013914,1202777,67_67399_5136978,8/11/26,,2026-2027
67013785,0495-01,67_67399_5136978,8/11/26,,2026-2027
67013785,0495-02,67_67399_5136978,8/11/26,,2026-2027
67013657,6 CC-SI-08,67_67399_5136972,8/11/26,,2026-2027
67013657,6 CC-SI-09,67_67399_5136972,8/11/26,,2026-2027
67013597,6 CC-SI-08,67_67399_5136972,8/11/26,,2026-2027
67013597,6 CC-SI-09,67_67399_5136972,8/11/26,,2026-2027
67013724,0495-01,67_67399_5136978,8/11/26,,2026-2027
67013724,0495-02,67_67399_5136978,8/11/26,,2026-2027
67013379,4 CC-SI-14,67_67399_5136972,8/11/26,,2026-2027
67013379,4 CC-SI-19,67_67399_5136972,8/11/26,,2026-2027
67013298,3 CC-SI-18,67_67399_5136972,8/11/26,,2026-2027
67013298,3 CC-SI-23,67_67399_5136972,8/11/26,,2026-2027
67013835,1202746,67_67399_5136978,8/11/26,,2026-2027
67013835,1202777,67_67399_5136978,8/11/26,,2026-2027
67013893,1202746,67_67399_5136978,8/11/26,,2026-2027
67013893,1202777,67_67399_5136978,8/11/26,,2026-2027
67013821,1202746,67_67399_5136978,8/11/26,,2026-2027
67013821,1202777,67_67399_5136978,8/11/26,,2026-2027
67013339,3 CC-SI-18,67_67399_5136972,8/11/26,,2026-2027
67013339,3 CC-SI-23,67_67399_5136972,8/11/26,,2026-2027
67013737,0495-01,67_67399_5136978,8/11/26,,2026-2027
67013737,0495-02,67_67399_5136978,8/11/26,,2026-2027
67013216,2 CC-SI-30,67_67399_5136972,8/11/26,,2026-2027
67013216,2 CC-SI-31,67_67399_5136972,8/11/26,,2026-2027
67013186,2 CC-SI-30,67_67399_5136972,8/11/26,,2026-2027
67013186,2 CC-SI-31,67_67399_5136972,8/11/26,,2026-2027
67013603,6 CC-SI-08,67_67399_5136972,8/11/26,,2026-2027
67013603,6 CC-SI-09,67_67399_5136972,8/11/26,,2026-2027
67013616,6 CC-SI-08,67_67399_5136972,8/11/26,,2026-2027
67013616,6 CC-SI-09,67_67399_5136972,8/11/26,,2026-2027
67013642,6 CC-SI-08,67_67399_5136972,8/11/26,,2026-2027
67013642,6 CC-SI-09,67_67399_5136972,8/11/26,,2026-2027
67013686,6 CC-SI-08,67_67399_5136972,8/11/26,,2026-2027
67013686,6 CC-SI-09,67_67399_5136972,8/11/26,,2026-2027
67013726,0495-01,67_67399_5136978,8/11/26,,2026-2027
67013726,0495-02,67_67399_5136978,8/11/26,,2026-2027
67013645,6 CC-SI-08,67_67399_5136972,8/11/26,,2026-2027
67013645,6 CC-SI-09,67_67399_5136972,8/11/26,,2026-2027
67013309,3 CC-SI-18,67_67399_5136972,8/11/26,,2026-2027
67013309,3 CC-SI-23,67_67399_5136972,8/11/26,,2026-2027
67013454,4 CC-SI-14,67_67399_5136972,8/11/26,,2026-2027
67013454,4 CC-SI-19,67_67399_5136972,8/11/26,,2026-2027
67013228,2 CC-SI-30,67_67399_5136972,8/11/26,,2026-2027
67013228,2 CC-SI-31,67_67399_5136972,8/11/26,,2026-2027
67013416,4 CC-SI-14,67_67399_5136972,8/11/26,,2026-2027
67013416,4 CC-SI-19,67_67399_5136972,8/11/26,,2026-2027
67013168,2 CC-SI-30,67_67399_5136972,8/11/26,,2026-2027
67013168,2 CC-SI-31,67_67399_5136972,8/11/26,,2026-2027
67013583,5 CC-SI-11,67_67399_5136972,8/11/26,,2026-2027
67013583,5 CC-SI-12,67_67399_5136972,8/11/26,,2026-2027
67013412,4 CC-SI-14,67_67399_5136972,8/11/26,,2026-2027
67013412,4 CC-SI-19,67_67399_5136972,8/11/26,,2026-2027
67013815,1202746,67_67399_5136978,8/11/26,,2026-2027
67013815,1202777,67_67399_5136978,8/11/26,,2026-2027
67013658,6 CC-SI-08,67_67399_5136972,8/11/26,,2026-2027
67013658,6 CC-SI-09,67_67399_5136972,8/11/26,,2026-2027
67013765,0495-01,67_67399_5136978,8/11/26,,2026-2027
67013765,0495-02,67_67399_5136978,8/11/26,,2026-2027
67013217,2 CC-SI-30,67_67399_5136972,8/11/26,,2026-2027
67013217,2 CC-SI-31,67_67399_5136972,8/11/26,,2026-2027
67013733,0495-01,67_67399_5136978,8/11/26,,2026-2027
67013733,0495-02,67_67399_5136978,8/11/26,,2026-2027
67013195,2 CC-SI-30,67_67399_5136972,8/11/26,,2026-2027
67013195,2 CC-SI-31,67_67399_5136972,8/11/26,,2026-2027
67013299,3 CC-SI-18,67_67399_5136972,8/11/26,,2026-2027
67013299,3 CC-SI-23,67_67399_5136972,8/11/26,,2026-2027
67013744,0495-01,67_67399_5136978,8/11/26,,2026-2027
67013744,0495-02,67_67399_5136978,8/11/26,,2026-2027
67013445,4 CC-SI-14,67_67399_5136972,8/11/26,,2026-2027
67013445,4 CC-SI-19,67_67399_5136972,8/11/26,,2026-2027
67013866,1202746,67_67399_5136978,8/11/26,,2026-2027
67013866,1202777,67_67399_5136978,8/11/26,,2026-2027
67013154,1 CC-SI-34,67_67399_5136972,8/11/26,,2026-2027
67013154,1 CC-SI-37,67_67399_5136972,8/11/26,,2026-2027
67013355,3 CC-SI-18,67_67399_5136972,8/11/26,,2026-2027
67013355,3 CC-SI-23,67_67399_5136972,8/11/26,,2026-2027
67013842,1202746,67_67399_5136978,8/11/26,,2026-2027
67013842,1202777,67_67399_5136978,8/11/26,,2026-2027
67013678,6 CC-SI-08,67_67399_5136972,8/11/26,,2026-2027
67013678,6 CC-SI-09,67_67399_5136972,8/11/26,,2026-2027
67013582,5 CC-SI-11,67_67399_5136972,8/11/26,,2026-2027
67013582,5 CC-SI-12,67_67399_5136972,8/11/26,,2026-2027
67013719,0495-01,67_67399_5136978,8/11/26,,2026-2027
67013719,0495-02,67_67399_5136978,8/11/26,,2026-2027
67013400,4 CC-SI-14,67_67399_5136972,8/11/26,,2026-2027
67013400,4 CC-SI-19,67_67399_5136972,8/11/26,,2026-2027
67013157,1 CC-SI-34,67_67399_5136972,8/11/26,,2026-2027
67013157,1 CC-SI-37,67_67399_5136972,8/11/26,,2026-2027
67013579,5 CC-SI-11,67_67399_5136972,8/11/26,,2026-2027
67013579,5 CC-SI-12,67_67399_5136972,8/11/26,,2026-2027
67013721,0495-01,67_67399_5136978,8/11/26,,2026-2027
67013721,0495-02,67_67399_5136978,8/11/26,,2026-2027
67013568,5 CC-SI-11,67_67399_5136972,8/11/26,,2026-2027
67013568,5 CC-SI-12,67_67399_5136972,8/11/26,,2026-2027
67013440,4 CC-SI-14,67_67399_5136972,8/11/26,,2026-2027
67013440,4 CC-SI-19,67_67399_5136972,8/11/26,,2026-2027
67013805,0495-01,67_67399_5136978,8/11/26,,2026-2027
67013805,0495-02,67_67399_5136978,8/11/26,,2026-2027
67013697,6 CC-SI-08,67_67399_5136972,8/11/26,,2026-2027
67013697,6 CC-SI-09,67_67399_5136972,8/11/26,,2026-2027
67013329,3 CC-SI-18,67_67399_5136972,8/11/26,,2026-2027
67013329,3 CC-SI-23,67_67399_5136972,8/11/26,,2026-2027
67013831,1202746,67_67399_5136978,8/11/26,,2026-2027
67013831,1202777,67_67399_5136978,8/11/26,,2026-2027
67013897,1202746,67_67399_5136978,8/11/26,,2026-2027
67013897,1202777,67_67399_5136978,8/11/26,,2026-2027
67013231,2 CC-SI-30,67_67399_5136972,8/11/26,,2026-2027
67013231,2 CC-SI-31,67_67399_5136972,8/11/26,,2026-2027
67013251,2 CC-SI-30,67_67399_5136972,8/11/26,,2026-2027
67013251,2 CC-SI-31,67_67399_5136972,8/11/26,,2026-2027
67013184,2 CC-SI-30,67_67399_5136972,8/11/26,,2026-2027
67013184,2 CC-SI-31,67_67399_5136972,8/11/26,,2026-2027
67013902,1202746,67_67399_5136978,8/11/26,,2026-2027
67013902,1202777,67_67399_5136978,8/11/26,,2026-2027
67013310,3 CC-SI-18,67_67399_5136972,8/11/26,,2026-2027
67013310,3 CC-SI-23,67_67399_5136972,8/11/26,,2026-2027
67013287,3 CC-SI-18,67_67399_5136972,8/11/26,,2026-2027
67013287,3 CC-SI-23,67_67399_5136972,8/11/26,,2026-2027
67013841,1202746,67_67399_5136978,8/11/26,,2026-2027
67013841,1202777,67_67399_5136978,8/11/26,,2026-2027
67013519,5 CC-SI-11,67_67399_5136972,8/11/26,,2026-2027
67013519,5 CC-SI-12,67_67399_5136972,8/11/26,,2026-2027
67013146,1 CC-SI-34,67_67399_5136972,8/11/26,,2026-2027
67013146,1 CC-SI-37,67_67399_5136972,8/11/26,,2026-2027
67013528,5 CC-SI-11,67_67399_5136972,8/11/26,,2026-2027
67013528,5 CC-SI-12,67_67399_5136972,8/11/26,,2026-2027
67013807,0495-01,67_67399_5136978,8/11/26,,2026-2027
67013807,0495-02,67_67399_5136978,8/11/26,,2026-2027
67013130,1 CC-SI-34,67_67399_5136972,8/11/26,,2026-2027
67013130,1 CC-SI-37,67_67399_5136972,8/11/26,,2026-2027
67013524,5 CC-SI-11,67_67399_5136972,8/11/26,,2026-2027
67013524,5 CC-SI-12,67_67399_5136972,8/11/26,,2026-2027
67013273,3 CC-SI-18,67_67399_5136972,8/11/26,,2026-2027
67013273,3 CC-SI-23,67_67399_5136972,8/11/26,,2026-2027
67013625,6 CC-SI-08,67_67399_5136972,8/11/26,,2026-2027
67013625,6 CC-SI-09,67_67399_5136972,8/11/26,,2026-2027
67013475,4 CC-SI-14,67_67399_5136972,8/11/26,,2026-2027
67013475,4 CC-SI-19,67_67399_5136972,8/11/26,,2026-2027
67013722,0495-01,67_67399_5136978,8/11/26,,2026-2027
67013722,0495-02,67_67399_5136978,8/11/26,,2026-2027
67013447,4 CC-SI-14,67_67399_5136972,8/11/26,,2026-2027
67013447,4 CC-SI-19,67_67399_5136972,8/11/26,,2026-2027
67013494,5 CC-SI-11,67_67399_5136972,8/11/26,,2026-2027
67013494,5 CC-SI-12,67_67399_5136972,8/11/26,,2026-2027
67013438,4 CC-SI-14,67_67399_5136972,8/11/26,,2026-2027
67013438,4 CC-SI-19,67_67399_5136972,8/11/26,,2026-2027
67013757,0495-01,67_67399_5136978,8/11/26,,2026-2027
67013757,0495-02,67_67399_5136978,8/11/26,,2026-2027
67013238,2 CC-SI-30,67_67399_5136972,8/11/26,,2026-2027
67013238,2 CC-SI-31,67_67399_5136972,8/11/26,,2026-2027
67013895,1202746,67_67399_5136978,8/11/26,,2026-2027
67013895,1202777,67_67399_5136978,8/11/26,,2026-2027
67013777,0495-01,67_67399_5136978,8/11/26,,2026-2027
67013777,0495-02,67_67399_5136978,8/11/26,,2026-2027
67013578,5 CC-SI-11,67_67399_5136972,8/11/26,,2026-2027
67013578,5 CC-SI-12,67_67399_5136972,8/11/26,,2026-2027
67013172,2 CC-SI-30,67_67399_5136972,8/11/26,,2026-2027
67013172,2 CC-SI-31,67_67399_5136972,8/11/26,,2026-2027
67013311,3 CC-SI-18,67_67399_5136972,8/11/26,,2026-2027
67013311,3 CC-SI-23,67_67399_5136972,8/11/26,,2026-2027
67013694,6 CC-SI-08,67_67399_5136972,8/11/26,,2026-2027
67013694,6 CC-SI-09,67_67399_5136972,8/11/26,,2026-2027
67013881,1202746,67_67399_5136978,8/11/26,,2026-2027
67013881,1202777,67_67399_5136978,8/11/26,,2026-2027
67013540,5 CC-SI-11,67_67399_5136972,8/11/26,,2026-2027
67013540,5 CC-SI-12,67_67399_5136972,8/11/26,,2026-2027
67013837,1202746,67_67399_5136978,8/11/26,,2026-2027
67013837,1202777,67_67399_5136978,8/11/26,,2026-2027
67013428,4 CC-SI-14,67_67399_5136972,8/11/26,,2026-2027
67013428,4 CC-SI-19,67_67399_5136972,8/11/26,,2026-2027
67013415,4 CC-SI-14,67_67399_5136972,8/11/26,,2026-2027
67013415,4 CC-SI-19,67_67399_5136972,8/11/26,,2026-2027
67013826,1202746,67_67399_5136978,8/11/26,,2026-2027
67013826,1202777,67_67399_5136978,8/11/26,,2026-2027
67013781,0495-01,67_67399_5136978,8/11/26,,2026-2027
67013781,0495-02,67_67399_5136978,8/11/26,,2026-2027
67013688,6 CC-SI-08,67_67399_5136972,8/11/26,,2026-2027
67013688,6 CC-SI-09,67_67399_5136972,8/11/26,,2026-2027
67013916,1202746,67_67399_5136978,8/11/26,,2026-2027
67013916,1202777,67_67399_5136978,8/11/26,,2026-2027
67013534,5 CC-SI-11,67_67399_5136972,8/11/26,,2026-2027
67013534,5 CC-SI-12,67_67399_5136972,8/11/26,,2026-2027
67013592,6 CC-SI-08,67_67399_5136972,8/11/26,,2026-2027
67013592,6 CC-SI-09,67_67399_5136972,8/11/26,,2026-2027
67013159,1 CC-SI-34,67_67399_5136972,8/11/26,,2026-2027
67013159,1 CC-SI-37,67_67399_5136972,8/11/26,,2026-2027
67013434,4 CC-SI-14,67_67399_5136972,8/11/26,,2026-2027
67013434,4 CC-SI-19,67_67399_5136972,8/11/26,,2026-2027
67013542,5 CC-SI-11,67_67399_5136972,8/11/26,,2026-2027
67013542,5 CC-SI-12,67_67399_5136972,8/11/26,,2026-2027
67013651,6 CC-SI-08,67_67399_5136972,8/11/26,,2026-2027
67013651,6 CC-SI-09,67_67399_5136972,8/11/26,,2026-2027
67013429,4 CC-SI-14,67_67399_5136972,8/11/26,,2026-2027
67013429,4 CC-SI-19,67_67399_5136972,8/11/26,,2026-2027
67013127,1 CC-SI-34,67_67399_5136972,8/11/26,,2026-2027
67013127,1 CC-SI-37,67_67399_5136972,8/11/26,,2026-2027
67013520,5 CC-SI-11,67_67399_5136972,8/11/26,,2026-2027
67013520,5 CC-SI-12,67_67399_5136972,8/11/26,,2026-2027
67013851,1202746,67_67399_5136978,8/11/26,,2026-2027
67013851,1202777,67_67399_5136978,8/11/26,,2026-2027
67013136,1 CC-SI-34,67_67399_5136972,8/11/26,,2026-2027
67013136,1 CC-SI-37,67_67399_5136972,8/11/26,,2026-2027
67013738,0495-01,67_67399_5136978,8/11/26,,2026-2027
67013738,0495-02,67_67399_5136978,8/11/26,,2026-2027
67013500,5 CC-SI-11,67_67399_5136972,8/11/26,,2026-2027
67013500,5 CC-SI-12,67_67399_5136972,8/11/26,,2026-2027
67013131,1 CC-SI-34,67_67399_5136972,8/11/26,,2026-2027
67013131,1 CC-SI-37,67_67399_5136972,8/11/26,,2026-2027
67013590,5 CC-SI-11,67_67399_5136972,8/11/26,,2026-2027
67013590,5 CC-SI-12,67_67399_5136972,8/11/26,,2026-2027
67013849,1202746,67_67399_5136978,8/11/26,,2026-2027
67013849,1202777,67_67399_5136978,8/11/26,,2026-2027
67013714,6 CC-SI-08,67_67399_5136972,8/11/26,,2026-2027
67013714,6 CC-SI-09,67_67399_5136972,8/11/26,,2026-2027
67013857,1202746,67_67399_5136978,8/11/26,,2026-2027
67013857,1202777,67_67399_5136978,8/11/26,,2026-2027
67013165,1 CC-SI-34,67_67399_5136972,8/11/26,,2026-2027
67013165,1 CC-SI-37,67_67399_5136972,8/11/26,,2026-2027
67013555,5 CC-SI-11,67_67399_5136972,8/11/26,,2026-2027
67013555,5 CC-SI-12,67_67399_5136972,8/11/26,,2026-2027
67013679,6 CC-SI-08,67_67399_5136972,8/11/26,,2026-2027
67013679,6 CC-SI-09,67_67399_5136972,8/11/26,,2026-2027
67013628,6 CC-SI-08,67_67399_5136972,8/11/26,,2026-2027
67013628,6 CC-SI-09,67_67399_5136972,8/11/26,,2026-2027
67013682,6 CC-SI-08,67_67399_5136972,8/11/26,,2026-2027
67013682,6 CC-SI-09,67_67399_5136972,8/11/26,,2026-2027
67013619,6 CC-SI-08,67_67399_5136972,8/11/26,,2026-2027
67013619,6 CC-SI-09,67_67399_5136972,8/11/26,,2026-2027
67013775,0495-01,67_67399_5136978,8/11/26,,2026-2027
67013775,0495-02,67_67399_5136978,8/11/26,,2026-2027
67013323,3 CC-SI-18,67_67399_5136972,8/11/26,,2026-2027
67013323,3 CC-SI-23,67_67399_5136972,8/11/26,,2026-2027
67013618,6 CC-SI-08,67_67399_5136972,8/11/26,,2026-2027
67013618,6 CC-SI-09,67_67399_5136972,8/11/26,,2026-2027
67013471,4 CC-SI-14,67_67399_5136972,8/11/26,,2026-2027
67013471,4 CC-SI-19,67_67399_5136972,8/11/26,,2026-2027
67013259,3 CC-SI-18,67_67399_5136972,8/11/26,,2026-2027
67013259,3 CC-SI-23,67_67399_5136972,8/11/26,,2026-2027
67013297,3 CC-SI-18,67_67399_5136972,8/11/26,,2026-2027
67013297,3 CC-SI-23,67_67399_5136972,8/11/26,,2026-2027
67013596,6 CC-SI-08,67_67399_5136972,8/11/26,,2026-2027
67013596,6 CC-SI-09,67_67399_5136972,8/11/26,,2026-2027
67013879,1202746,67_67399_5136978,8/11/26,,2026-2027
67013879,1202777,67_67399_5136978,8/11/26,,2026-2027
67013158,1 CC-SI-34,67_67399_5136972,8/11/26,,2026-2027
67013158,1 CC-SI-37,67_67399_5136972,8/11/26,,2026-2027
67013414,4 CC-SI-14,67_67399_5136972,8/11/26,,2026-2027
67013414,4 CC-SI-19,67_67399_5136972,8/11/26,,2026-2027
67013308,3 CC-SI-18,67_67399_5136972,8/11/26,,2026-2027
67013308,3 CC-SI-23,67_67399_5136972,8/11/26,,2026-2027
67013664,6 CC-SI-08,67_67399_5136972,8/11/26,,2026-2027
67013664,6 CC-SI-09,67_67399_5136972,8/11/26,,2026-2027
67013703,6 CC-SI-08,67_67399_5136972,8/11/26,,2026-2027
67013703,6 CC-SI-09,67_67399_5136972,8/11/26,,2026-2027
67013143,1 CC-SI-34,67_67399_5136972,8/11/26,,2026-2027
67013143,1 CC-SI-37,67_67399_5136972,8/11/26,,2026-2027
67013502,5 CC-SI-11,67_67399_5136972,8/11/26,,2026-2027
67013502,5 CC-SI-12,67_67399_5136972,8/11/26,,2026-2027
67013272,3 CC-SI-18,67_67399_5136972,8/11/26,,2026-2027
67013272,3 CC-SI-23,67_67399_5136972,8/11/26,,2026-2027
67013466,4 CC-SI-14,67_67399_5136972,8/11/26,,2026-2027
67013466,4 CC-SI-19,67_67399_5136972,8/11/26,,2026-2027
67013124,1 CC-SI-34,67_67399_5136972,8/11/26,,2026-2027
67013124,1 CC-SI-37,67_67399_5136972,8/11/26,,2026-2027
67013747,0495-01,67_67399_5136978,8/11/26,,2026-2027
67013747,0495-02,67_67399_5136978,8/11/26,,2026-2027
67013763,0495-01,67_67399_5136978,8/11/26,,2026-2027
67013763,0495-02,67_67399_5136978,8/11/26,,2026-2027
67013640,6 CC-SI-08,67_67399_5136972,8/11/26,,2026-2027
67013640,6 CC-SI-09,67_67399_5136972,8/11/26,,2026-2027
67013604,6 CC-SI-08,67_67399_5136972,8/11/26,,2026-2027
67013604,6 CC-SI-09,67_67399_5136972,8/11/26,,2026-2027
67013352,3 CC-SI-18,67_67399_5136972,8/11/26,,2026-2027
67013352,3 CC-SI-23,67_67399_5136972,8/11/26,,2026-2027
67013307,3 CC-SI-18,67_67399_5136972,8/11/26,,2026-2027
67013307,3 CC-SI-23,67_67399_5136972,8/11/26,,2026-2027
67013300,3 CC-SI-18,67_67399_5136972,8/11/26,,2026-2027
67013300,3 CC-SI-23,67_67399_5136972,8/11/26,,2026-2027
67013335,3 CC-SI-18,67_67399_5136972,8/11/26,,2026-2027
67013335,3 CC-SI-23,67_67399_5136972,8/11/26,,2026-2027
67013861,1202746,67_67399_5136978,8/11/26,,2026-2027
67013861,1202777,67_67399_5136978,8/11/26,,2026-2027
67013940,2 DL-SI-T5,67_67399_5136973,8/11/26,,2026-2027
67013940,2 DL-SI-T7,67_67399_5136973,8/11/26,,2026-2027
67014478,1202746,67_67399_5136978,8/11/26,,2026-2027
67014478,1202777,67_67399_5136978,8/11/26,,2026-2027
67014348,0495-01,67_67399_5136978,8/11/26,,2026-2027
67014348,0495-02,67_67399_5136978,8/11/26,,2026-2027
67013996,2 DL-SI-T5,67_67399_5136973,8/11/26,,2026-2027
67013996,2 DL-SI-T7,67_67399_5136973,8/11/26,,2026-2027
67014319,6 DL-SI-54,67_67399_5136973,8/11/26,,2026-2027
67014319,6 DL-SI-55,67_67399_5136973,8/11/26,,2026-2027
67014031,3 DL-SI-22,67_67399_5136973,8/11/26,,2026-2027
67014031,3 DL-SI-23,67_67399_5136973,8/11/26,,2026-2027
67014413,0495-01,67_67399_5136978,8/11/26,,2026-2027
67014413,0495-02,67_67399_5136978,8/11/26,,2026-2027
67014514,1202746,67_67399_5136978,8/11/26,,2026-2027
67014514,1202777,67_67399_5136978,8/11/26,,2026-2027
67014138,4 DL-SI-32,67_67399_5136973,8/11/26,,2026-2027
67014138,4 DL-SI-33,67_67399_5136973,8/11/26,,2026-2027
67014135,4 DL-SI-32,67_67399_5136973,8/11/26,,2026-2027
67014135,4 DL-SI-33,67_67399_5136973,8/11/26,,2026-2027
67014185,5 DL-SI-42,67_67399_5136973,8/11/26,,2026-2027
67014185,5 DL-SI-43,67_67399_5136973,8/11/26,,2026-2027
67014080,4 DL-SI-32,67_67399_5136973,8/11/26,,2026-2027
67014080,4 DL-SI-33,67_67399_5136973,8/11/26,,2026-2027
67013982,2 DL-SI-T5,67_67399_5136973,8/11/26,,2026-2027
67013982,2 DL-SI-T7,67_67399_5136973,8/11/26,,2026-2027
67013969,2 DL-SI-T5,67_67399_5136973,8/11/26,,2026-2027
67013969,2 DL-SI-T7,67_67399_5136973,8/11/26,,2026-2027
67014099,4 DL-SI-32,67_67399_5136973,8/11/26,,2026-2027
67014099,4 DL-SI-33,67_67399_5136973,8/11/26,,2026-2027
67014013,2 DL-SI-T5,67_67399_5136973,8/11/26,,2026-2027
67014013,2 DL-SI-T7,67_67399_5136973,8/11/26,,2026-2027
67014534,1202746,67_67399_5136978,8/11/26,,2026-2027
67014534,1202777,67_67399_5136978,8/11/26,,2026-2027
67014487,1202746,67_67399_5136978,8/11/26,,2026-2027
67014487,1202777,67_67399_5136978,8/11/26,,2026-2027
67014543,1202746,67_67399_5136978,8/11/26,,2026-2027
67014543,1202777,67_67399_5136978,8/11/26,,2026-2027
67014012,2 DL-SI-T5,67_67399_5136973,8/11/26,,2026-2027
67014012,2 DL-SI-T7,67_67399_5136973,8/11/26,,2026-2027
67014053,3 DL-SI-22,67_67399_5136973,8/11/26,,2026-2027
67014053,3 DL-SI-23,67_67399_5136973,8/11/26,,2026-2027
67014406,0495-01,67_67399_5136978,8/11/26,,2026-2027
67014406,0495-02,67_67399_5136978,8/11/26,,2026-2027
67014300,6 DL-SI-54,67_67399_5136973,8/11/26,,2026-2027
67014300,6 DL-SI-55,67_67399_5136973,8/11/26,,2026-2027
67014536,1202746,67_67399_5136978,8/11/26,,2026-2027
67014536,1202777,67_67399_5136978,8/11/26,,2026-2027
67013973,2 DL-SI-T5,67_67399_5136973,8/11/26,,2026-2027
67013973,2 DL-SI-T7,67_67399_5136973,8/11/26,,2026-2027
67014292,6 DL-SI-54,67_67399_5136973,8/11/26,,2026-2027
67014292,6 DL-SI-55,67_67399_5136973,8/11/26,,2026-2027
67014443,0495-01,67_67399_5136978,8/11/26,,2026-2027
67014443,0495-02,67_67399_5136978,8/11/26,,2026-2027
67014122,4 DL-SI-32,67_67399_5136973,8/11/26,,2026-2027
67014122,4 DL-SI-33,67_67399_5136973,8/11/26,,2026-2027
67014156,4 DL-SI-32,67_67399_5136973,8/11/26,,2026-2027
67014156,4 DL-SI-33,67_67399_5136973,8/11/26,,2026-2027
67013948,2 DL-SI-T5,67_67399_5136973,8/11/26,,2026-2027
67013948,2 DL-SI-T7,67_67399_5136973,8/11/26,,2026-2027
67014172,5 DL-SI-42,67_67399_5136973,8/11/26,,2026-2027
67014172,5 DL-SI-43,67_67399_5136973,8/11/26,,2026-2027
67014275,6 DL-SI-54,67_67399_5136973,8/11/26,,2026-2027
67014275,6 DL-SI-55,67_67399_5136973,8/11/26,,2026-2027
67014493,1202746,67_67399_5136978,8/11/26,,2026-2027
67014493,1202777,67_67399_5136978,8/11/26,,2026-2027
67014058,3 DL-SI-22,67_67399_5136973,8/11/26,,2026-2027
67014058,3 DL-SI-23,67_67399_5136973,8/11/26,,2026-2027
67014364,0495-01,67_67399_5136978,8/11/26,,2026-2027
67014364,0495-02,67_67399_5136978,8/11/26,,2026-2027
67014410,0495-01,67_67399_5136978,8/11/26,,2026-2027
67014410,0495-02,67_67399_5136978,8/11/26,,2026-2027
67014078,4 DL-SI-32,67_67399_5136973,8/11/26,,2026-2027
67014078,4 DL-SI-33,67_67399_5136973,8/11/26,,2026-2027
67014035,3 DL-SI-22,67_67399_5136973,8/11/26,,2026-2027
67014035,3 DL-SI-23,67_67399_5136973,8/11/26,,2026-2027
67014219,5 DL-SI-42,67_67399_5136973,8/11/26,,2026-2027
67014219,5 DL-SI-43,67_67399_5136973,8/11/26,,2026-2027
67013953,2 DL-SI-T5,67_67399_5136973,8/11/26,,2026-2027
67013953,2 DL-SI-T7,67_67399_5136973,8/11/26,,2026-2027
67014084,4 DL-SI-32,67_67399_5136973,8/11/26,,2026-2027
67014084,4 DL-SI-33,67_67399_5136973,8/11/26,,2026-2027
67014222,5 DL-SI-42,67_67399_5136973,8/11/26,,2026-2027
67014222,5 DL-SI-43,67_67399_5136973,8/11/26,,2026-2027
67014274,6 DL-SI-54,67_67399_5136973,8/11/26,,2026-2027
67014274,6 DL-SI-55,67_67399_5136973,8/11/26,,2026-2027
67014205,5 DL-SI-42,67_67399_5136973,8/11/26,,2026-2027
67014205,5 DL-SI-43,67_67399_5136973,8/11/26,,2026-2027
67014399,0495-01,67_67399_5136978,8/11/26,,2026-2027
67014399,0495-02,67_67399_5136978,8/11/26,,2026-2027
67013978,2 DL-SI-T5,67_67399_5136973,8/11/26,,2026-2027
67013978,2 DL-SI-T7,67_67399_5136973,8/11/26,,2026-2027
67014513,1202746,67_67399_5136978,8/11/26,,2026-2027
67014513,1202777,67_67399_5136978,8/11/26,,2026-2027
67014470,1202746,67_67399_5136978,8/11/26,,2026-2027
67014470,1202777,67_67399_5136978,8/11/26,,2026-2027
67014147,4 DL-SI-32,67_67399_5136973,8/11/26,,2026-2027
67014147,4 DL-SI-33,67_67399_5136973,8/11/26,,2026-2027
67014444,0495-01,67_67399_5136978,8/11/26,,2026-2027
67014444,0495-02,67_67399_5136978,8/11/26,,2026-2027
67014398,0495-01,67_67399_5136978,8/11/26,,2026-2027
67014398,0495-02,67_67399_5136978,8/11/26,,2026-2027
67014305,6 DL-SI-54,67_67399_5136973,8/11/26,,2026-2027
67014305,6 DL-SI-55,67_67399_5136973,8/11/26,,2026-2027
67014279,6 DL-SI-54,67_67399_5136973,8/11/26,,2026-2027
67014279,6 DL-SI-55,67_67399_5136973,8/11/26,,2026-2027
67014059,3 DL-SI-22,67_67399_5136973,8/11/26,,2026-2027
67014059,3 DL-SI-23,67_67399_5136973,8/11/26,,2026-2027
67014325,6 DL-SI-54,67_67399_5136973,8/11/26,,2026-2027
67014325,6 DL-SI-55,67_67399_5136973,8/11/26,,2026-2027
67014428,0495-01,67_67399_5136978,8/11/26,,2026-2027
67014428,0495-02,67_67399_5136978,8/11/26,,2026-2027
67014069,3 DL-SI-22,67_67399_5136973,8/11/26,,2026-2027
67014069,3 DL-SI-23,67_67399_5136973,8/11/26,,2026-2027
67014270,6 DL-SI-54,67_67399_5136973,8/11/26,,2026-2027
67014270,6 DL-SI-55,67_67399_5136973,8/11/26,,2026-2027
67014328,6 DL-SI-54,67_67399_5136973,8/11/26,,2026-2027
67014328,6 DL-SI-55,67_67399_5136973,8/11/26,,2026-2027
67014376,0495-01,67_67399_5136978,8/11/26,,2026-2027
67014376,0495-02,67_67399_5136978,8/11/26,,2026-2027
67014097,4 DL-SI-32,67_67399_5136973,8/11/26,,2026-2027
67014097,4 DL-SI-33,67_67399_5136973,8/11/26,,2026-2027
67014155,4 DL-SI-32,67_67399_5136973,8/11/26,,2026-2027
67014155,4 DL-SI-33,67_67399_5136973,8/11/26,,2026-2027
67014072,3 DL-SI-22,67_67399_5136973,8/11/26,,2026-2027
67014072,3 DL-SI-23,67_67399_5136973,8/11/26,,2026-2027
67014535,1202746,67_67399_5136978,8/11/26,,2026-2027
67014535,1202777,67_67399_5136978,8/11/26,,2026-2027
67014365,0495-01,67_67399_5136978,8/11/26,,2026-2027
67014365,0495-02,67_67399_5136978,8/11/26,,2026-2027
67014455,1202746,67_67399_5136978,8/11/26,,2026-2027
67014455,1202777,67_67399_5136978,8/11/26,,2026-2027
67014006,2 DL-SI-T5,67_67399_5136973,8/11/26,,2026-2027
67014006,2 DL-SI-T7,67_67399_5136973,8/11/26,,2026-2027
67014362,0495-01,67_67399_5136978,8/11/26,,2026-2027
67014362,0495-02,67_67399_5136978,8/11/26,,2026-2027
67014102,4 DL-SI-32,67_67399_5136973,8/11/26,,2026-2027
67014102,4 DL-SI-33,67_67399_5136973,8/11/26,,2026-2027
67014061,3 DL-SI-22,67_67399_5136973,8/11/26,,2026-2027
67014061,3 DL-SI-23,67_67399_5136973,8/11/26,,2026-2027
67014269,6 DL-SI-54,67_67399_5136973,8/11/26,,2026-2027
67014269,6 DL-SI-55,67_67399_5136973,8/11/26,,2026-2027
67014192,5 DL-SI-42,67_67399_5136973,8/11/26,,2026-2027
67014192,5 DL-SI-43,67_67399_5136973,8/11/26,,2026-2027
67014302,6 DL-SI-54,67_67399_5136973,8/11/26,,2026-2027
67014302,6 DL-SI-55,67_67399_5136973,8/11/26,,2026-2027
67014009,2 DL-SI-T5,67_67399_5136973,8/11/26,,2026-2027
67014009,2 DL-SI-T7,67_67399_5136973,8/11/26,,2026-2027
67014007,2 DL-SI-T5,67_67399_5136973,8/11/26,,2026-2027
67014007,2 DL-SI-T7,67_67399_5136973,8/11/26,,2026-2027
67014382,0495-01,67_67399_5136978,8/11/26,,2026-2027
67014382,0495-02,67_67399_5136978,8/11/26,,2026-2027
67014351,0495-01,67_67399_5136978,8/11/26,,2026-2027
67014351,0495-02,67_67399_5136978,8/11/26,,2026-2027
67014063,3 DL-SI-22,67_67399_5136973,8/11/26,,2026-2027
67014063,3 DL-SI-23,67_67399_5136973,8/11/26,,2026-2027
67014129,4 DL-SI-32,67_67399_5136973,8/11/26,,2026-2027
67014129,4 DL-SI-33,67_67399_5136973,8/11/26,,2026-2027
67013964,2 DL-SI-T5,67_67399_5136973,8/11/26,,2026-2027
67013964,2 DL-SI-T7,67_67399_5136973,8/11/26,,2026-2027
67014033,3 DL-SI-22,67_67399_5136973,8/11/26,,2026-2027
67014033,3 DL-SI-23,67_67399_5136973,8/11/26,,2026-2027
67014103,4 DL-SI-32,67_67399_5136973,8/11/26,,2026-2027
67014103,4 DL-SI-33,67_67399_5136973,8/11/26,,2026-2027
67014402,0495-01,67_67399_5136978,8/11/26,,2026-2027
67014402,0495-02,67_67399_5136978,8/11/26,,2026-2027
67013918,1 DL-SI-23,67_67399_5136973,8/11/26,,2026-2027
67013918,1DL-DI-T12,67_67399_5136973,8/11/26,,2026-2027
67014511,1202746,67_67399_5136978,8/11/26,,2026-2027
67014511,1202777,67_67399_5136978,8/11/26,,2026-2027
67014459,1202746,67_67399_5136978,8/11/26,,2026-2027
67014459,1202777,67_67399_5136978,8/11/26,,2026-2027
67014479,1202746,67_67399_5136978,8/11/26,,2026-2027
67014479,1202777,67_67399_5136978,8/11/26,,2026-2027
67014199,5 DL-SI-42,67_67399_5136973,8/11/26,,2026-2027
67014199,5 DL-SI-43,67_67399_5136973,8/11/26,,2026-2027
67014123,4 DL-SI-32,67_67399_5136973,8/11/26,,2026-2027
67014123,4 DL-SI-33,67_67399_5136973,8/11/26,,2026-2027
67014018,3 DL-SI-22,67_67399_5136973,8/11/26,,2026-2027
67014018,3 DL-SI-23,67_67399_5136973,8/11/26,,2026-2027
67013993,2 DL-SI-T5,67_67399_5136973,8/11/26,,2026-2027
67013993,2 DL-SI-T7,67_67399_5136973,8/11/26,,2026-2027
67014333,6 DL-SI-54,67_67399_5136973,8/11/26,,2026-2027
67014333,6 DL-SI-55,67_67399_5136973,8/11/26,,2026-2027
67014375,0495-01,67_67399_5136978,8/11/26,,2026-2027
67014375,0495-02,67_67399_5136978,8/11/26,,2026-2027
67014293,6 DL-SI-54,67_67399_5136973,8/11/26,,2026-2027
67014293,6 DL-SI-55,67_67399_5136973,8/11/26,,2026-2027
67014417,0495-01,67_67399_5136978,8/11/26,,2026-2027
67014417,0495-02,67_67399_5136978,8/11/26,,2026-2027
67013986,2 DL-SI-T5,67_67399_5136973,8/11/26,,2026-2027
67013986,2 DL-SI-T7,67_67399_5136973,8/11/26,,2026-2027
67013963,2 DL-SI-T5,67_67399_5136973,8/11/26,,2026-2027
67013963,2 DL-SI-T7,67_67399_5136973,8/11/26,,2026-2027
67014241,6 DL-SI-54,67_67399_5136973,8/11/26,,2026-2027
67014241,6 DL-SI-55,67_67399_5136973,8/11/26,,2026-2027
67013976,2 DL-SI-T5,67_67399_5136973,8/11/26,,2026-2027
67013976,2 DL-SI-T7,67_67399_5136973,8/11/26,,2026-2027
67014526,1202746,67_67399_5136978,8/11/26,,2026-2027
67014526,1202777,67_67399_5136978,8/11/26,,2026-2027
67014074,3 DL-SI-22,67_67399_5136973,8/11/26,,2026-2027
67014074,3 DL-SI-23,67_67399_5136973,8/11/26,,2026-2027
67014445,0495-01,67_67399_5136978,8/11/26,,2026-2027
67014445,0495-02,67_67399_5136978,8/11/26,,2026-2027
67014047,3 DL-SI-22,67_67399_5136973,8/11/26,,2026-2027
67014047,3 DL-SI-23,67_67399_5136973,8/11/26,,2026-2027
67014289,6 DL-SI-54,67_67399_5136973,8/11/26,,2026-2027
67014289,6 DL-SI-55,67_67399_5136973,8/11/26,,2026-2027
67014432,0495-01,67_67399_5136978,8/11/26,,2026-2027
67014432,0495-02,67_67399_5136978,8/11/26,,2026-2027
67014000,2 DL-SI-T5,67_67399_5136973,8/11/26,,2026-2027
67014000,2 DL-SI-T7,67_67399_5136973,8/11/26,,2026-2027
67014108,4 DL-SI-32,67_67399_5136973,8/11/26,,2026-2027
67014108,4 DL-SI-33,67_67399_5136973,8/11/26,,2026-2027
67014356,0495-01,67_67399_5136978,8/11/26,,2026-2027
67014356,0495-02,67_67399_5136978,8/11/26,,2026-2027
67014401,0495-01,67_67399_5136978,8/11/26,,2026-2027
67014401,0495-02,67_67399_5136978,8/11/26,,2026-2027
67014368,0495-01,67_67399_5136978,8/11/26,,2026-2027
67014368,0495-02,67_67399_5136978,8/11/26,,2026-2027
67014054,3 DL-SI-22,67_67399_5136973,8/11/26,,2026-2027
67014054,3 DL-SI-23,67_67399_5136973,8/11/26,,2026-2027
67014163,5 DL-SI-42,67_67399_5136973,8/11/26,,2026-2027
67014163,5 DL-SI-43,67_67399_5136973,8/11/26,,2026-2027
67014169,5 DL-SI-42,67_67399_5136973,8/11/26,,2026-2027
67014169,5 DL-SI-43,67_67399_5136973,8/11/26,,2026-2027
67014124,4 DL-SI-32,67_67399_5136973,8/11/26,,2026-2027
67014124,4 DL-SI-33,67_67399_5136973,8/11/26,,2026-2027
67014461,1202746,67_67399_5136978,8/11/26,,2026-2027
67014461,1202777,67_67399_5136978,8/11/26,,2026-2027
67014165,5 DL-SI-42,67_67399_5136973,8/11/26,,2026-2027
67014165,5 DL-SI-43,67_67399_5136973,8/11/26,,2026-2027
67014239,6 DL-SI-54,67_67399_5136973,8/11/26,,2026-2027
67014239,6 DL-SI-55,67_67399_5136973,8/11/26,,2026-2027
67014117,4 DL-SI-32,67_67399_5136973,8/11/26,,2026-2027
67014117,4 DL-SI-33,67_67399_5136973,8/11/26,,2026-2027
67013947,2 DL-SI-T5,67_67399_5136973,8/11/26,,2026-2027
67013947,2 DL-SI-T7,67_67399_5136973,8/11/26,,2026-2027
67014208,5 DL-SI-42,67_67399_5136973,8/11/26,,2026-2027
67014208,5 DL-SI-43,67_67399_5136973,8/11/26,,2026-2027
67014407,0495-01,67_67399_5136978,8/11/26,,2026-2027
67014407,0495-02,67_67399_5136978,8/11/26,,2026-2027
67014337,0495-01,67_67399_5136978,8/11/26,,2026-2027
67014337,0495-02,67_67399_5136978,8/11/26,,2026-2027
67014353,0495-01,67_67399_5136978,8/11/26,,2026-2027
67014353,0495-02,67_67399_5136978,8/11/26,,2026-2027
67014347,0495-01,67_67399_5136978,8/11/26,,2026-2027
67014347,0495-02,67_67399_5136978,8/11/26,,2026-2027
67014218,5 DL-SI-42,67_67399_5136973,8/11/26,,2026-2027
67014218,5 DL-SI-43,67_67399_5136973,8/11/26,,2026-2027
67014540,1202746,67_67399_5136978,8/11/26,,2026-2027
67014540,1202777,67_67399_5136978,8/11/26,,2026-2027
67013919,1 DL-SI-23,67_67399_5136973,8/11/26,,2026-2027
67013919,1DL-DI-T12,67_67399_5136973,8/11/26,,2026-2027
67014516,1202746,67_67399_5136978,8/11/26,,2026-2027
67014516,1202777,67_67399_5136978,8/11/26,,2026-2027
67014329,6 DL-SI-54,67_67399_5136973,8/11/26,,2026-2027
67014329,6 DL-SI-55,67_67399_5136973,8/11/26,,2026-2027
67014321,6 DL-SI-54,67_67399_5136973,8/11/26,,2026-2027
67014321,6 DL-SI-55,67_67399_5136973,8/11/26,,2026-2027
67013962,2 DL-SI-T5,67_67399_5136973,8/11/26,,2026-2027
67013962,2 DL-SI-T7,67_67399_5136973,8/11/26,,2026-2027
67013968,2 DL-SI-T5,67_67399_5136973,8/11/26,,2026-2027
67013968,2 DL-SI-T7,67_67399_5136973,8/11/26,,2026-2027
67014087,4 DL-SI-32,67_67399_5136973,8/11/26,,2026-2027
67014087,4 DL-SI-33,67_67399_5136973,8/11/26,,2026-2027
67013992,2 DL-SI-T5,67_67399_5136973,8/11/26,,2026-2027
67013992,2 DL-SI-T7,67_67399_5136973,8/11/26,,2026-2027
67013999,2 DL-SI-T5,67_67399_5136973,8/11/26,,2026-2027
67013999,2 DL-SI-T7,67_67399_5136973,8/11/26,,2026-2027
67014374,0495-01,67_67399_5136978,8/11/26,,2026-2027
67014374,0495-02,67_67399_5136978,8/11/26,,2026-2027
67014266,6 DL-SI-54,67_67399_5136973,8/11/26,,2026-2027
67014266,6 DL-SI-55,67_67399_5136973,8/11/26,,2026-2027
67014499,1202746,67_67399_5136978,8/11/26,,2026-2027
67014499,1202777,67_67399_5136978,8/11/26,,2026-2027
67014326,6 DL-SI-54,67_67399_5136973,8/11/26,,2026-2027
67014326,6 DL-SI-55,67_67399_5136973,8/11/26,,2026-2027
67014152,4 DL-SI-32,67_67399_5136973,8/11/26,,2026-2027
67014152,4 DL-SI-33,67_67399_5136973,8/11/26,,2026-2027
67014508,1202746,67_67399_5136978,8/11/26,,2026-2027
67014508,1202777,67_67399_5136978,8/11/26,,2026-2027
67014234,6 DL-SI-54,67_67399_5136973,8/11/26,,2026-2027
67014234,6 DL-SI-55,67_67399_5136973,8/11/26,,2026-2027
67014383,0495-01,67_67399_5136978,8/11/26,,2026-2027
67014383,0495-02,67_67399_5136978,8/11/26,,2026-2027
67013957,2 DL-SI-T5,67_67399_5136973,8/11/26,,2026-2027
67013957,2 DL-SI-T7,67_67399_5136973,8/11/26,,2026-2027
67014090,4 DL-SI-32,67_67399_5136973,8/11/26,,2026-2027
67014090,4 DL-SI-33,67_67399_5136973,8/11/26,,2026-2027
67014415,0495-01,67_67399_5136978,8/11/26,,2026-2027
67014415,0495-02,67_67399_5136978,8/11/26,,2026-2027
67014206,5 DL-SI-42,67_67399_5136973,8/11/26,,2026-2027
67014206,5 DL-SI-43,67_67399_5136973,8/11/26,,2026-2027
67014295,6 DL-SI-54,67_67399_5136973,8/11/26,,2026-2027
67014295,6 DL-SI-55,67_67399_5136973,8/11/26,,2026-2027
67014525,1202746,67_67399_5136978,8/11/26,,2026-2027
67014525,1202777,67_67399_5136978,8/11/26,,2026-2027
67014296,6 DL-SI-54,67_67399_5136973,8/11/26,,2026-2027
67014296,6 DL-SI-55,67_67399_5136973,8/11/26,,2026-2027
67013984,2 DL-SI-T5,67_67399_5136973,8/11/26,,2026-2027
67013984,2 DL-SI-T7,67_67399_5136973,8/11/26,,2026-2027
67014141,4 DL-SI-32,67_67399_5136973,8/11/26,,2026-2027
67014141,4 DL-SI-33,67_67399_5136973,8/11/26,,2026-2027
67014089,4 DL-SI-32,67_67399_5136973,8/11/26,,2026-2027
67014089,4 DL-SI-33,67_67399_5136973,8/11/26,,2026-2027
67013965,2 DL-SI-T5,67_67399_5136973,8/11/26,,2026-2027
67013965,2 DL-SI-T7,67_67399_5136973,8/11/26,,2026-2027
67014145,4 DL-SI-32,67_67399_5136973,8/11/26,,2026-2027
67014145,4 DL-SI-33,67_67399_5136973,8/11/26,,2026-2027
67014366,0495-01,67_67399_5136978,8/11/26,,2026-2027
67014366,0495-02,67_67399_5136978,8/11/26,,2026-2027
67014162,5 DL-SI-42,67_67399_5136973,8/11/26,,2026-2027
67014162,5 DL-SI-43,67_67399_5136973,8/11/26,,2026-2027
67014489,1202746,67_67399_5136978,8/11/26,,2026-2027
67014489,1202777,67_67399_5136978,8/11/26,,2026-2027
67014125,4 DL-SI-32,67_67399_5136973,8/11/26,,2026-2027
67014125,4 DL-SI-33,67_67399_5136973,8/11/26,,2026-2027
67014546,1202746,67_67399_5136978,8/11/26,,2026-2027
67014546,1202777,67_67399_5136978,8/11/26,,2026-2027
67013985,2 DL-SI-T5,67_67399_5136973,8/11/26,,2026-2027
67013985,2 DL-SI-T7,67_67399_5136973,8/11/26,,2026-2027
67014464,1202746,67_67399_5136978,8/11/26,,2026-2027
67014464,1202777,67_67399_5136978,8/11/26,,2026-2027
67014133,4 DL-SI-32,67_67399_5136973,8/11/26,,2026-2027
67014133,4 DL-SI-33,67_67399_5136973,8/11/26,,2026-2027
67014221,5 DL-SI-42,67_67399_5136973,8/11/26,,2026-2027
67014221,5 DL-SI-43,67_67399_5136973,8/11/26,,2026-2027
67014154,4 DL-SI-32,67_67399_5136973,8/11/26,,2026-2027
67014154,4 DL-SI-33,67_67399_5136973,8/11/26,,2026-2027
67014539,1202746,67_67399_5136978,8/11/26,,2026-2027
67014539,1202777,67_67399_5136978,8/11/26,,2026-2027
67013946,2 DL-SI-T5,67_67399_5136973,8/11/26,,2026-2027
67013946,2 DL-SI-T7,67_67399_5136973,8/11/26,,2026-2027
67014086,4 DL-SI-32,67_67399_5136973,8/11/26,,2026-2027
67014086,4 DL-SI-33,67_67399_5136973,8/11/26,,2026-2027
67013991,2 DL-SI-T5,67_67399_5136973,8/11/26,,2026-2027
67013991,2 DL-SI-T7,67_67399_5136973,8/11/26,,2026-2027
67014465,1202746,67_67399_5136978,8/11/26,,2026-2027
67014465,1202777,67_67399_5136978,8/11/26,,2026-2027
67014062,3 DL-SI-22,67_67399_5136973,8/11/26,,2026-2027
67014062,3 DL-SI-23,67_67399_5136973,8/11/26,,2026-2027
67014158,4 DL-SI-32,67_67399_5136973,8/11/26,,2026-2027
67014158,4 DL-SI-33,67_67399_5136973,8/11/26,,2026-2027
67013949,2 DL-SI-T5,67_67399_5136973,8/11/26,,2026-2027
67013949,2 DL-SI-T7,67_67399_5136973,8/11/26,,2026-2027
67014491,1202746,67_67399_5136978,8/11/26,,2026-2027
67014491,1202777,67_67399_5136978,8/11/26,,2026-2027
67014207,5 DL-SI-42,67_67399_5136973,8/11/26,,2026-2027
67014207,5 DL-SI-43,67_67399_5136973,8/11/26,,2026-2027
67014408,0495-01,67_67399_5136978,8/11/26,,2026-2027
67014408,0495-02,67_67399_5136978,8/11/26,,2026-2027
67014256,6 DL-SI-54,67_67399_5136973,8/11/26,,2026-2027
67014256,6 DL-SI-55,67_67399_5136973,8/11/26,,2026-2027
67014378,0495-01,67_67399_5136978,8/11/26,,2026-2027
67014378,0495-02,67_67399_5136978,8/11/26,,2026-2027
67014088,4 DL-SI-32,67_67399_5136973,8/11/26,,2026-2027
67014088,4 DL-SI-33,67_67399_5136973,8/11/26,,2026-2027
67013943,2 DL-SI-T5,67_67399_5136973,8/11/26,,2026-2027
67013943,2 DL-SI-T7,67_67399_5136973,8/11/26,,2026-2027
67014495,1202746,67_67399_5136978,8/11/26,,2026-2027
67014495,1202777,67_67399_5136978,8/11/26,,2026-2027
67014242,6 DL-SI-54,67_67399_5136973,8/11/26,,2026-2027
67014242,6 DL-SI-55,67_67399_5136973,8/11/26,,2026-2027
67014472,1202746,67_67399_5136978,8/11/26,,2026-2027
67014472,1202777,67_67399_5136978,8/11/26,,2026-2027
67014213,5 DL-SI-42,67_67399_5136973,8/11/26,,2026-2027
67014213,5 DL-SI-43,67_67399_5136973,8/11/26,,2026-2027
67014148,4 DL-SI-32,67_67399_5136973,8/11/26,,2026-2027
67014148,4 DL-SI-33,67_67399_5136973,8/11/26,,2026-2027
67013917,1 DL-SI-23,67_67399_5136973,8/11/26,,2026-2027
67013917,1DL-DI-T12,67_67399_5136973,8/11/26,,2026-2027
67014336,0495-01,67_67399_5136978,8/11/26,,2026-2027
67014336,0495-02,67_67399_5136978,8/11/26,,2026-2027
67014502,1202746,67_67399_5136978,8/11/26,,2026-2027
67014502,1202777,67_67399_5136978,8/11/26,,2026-2027
67014250,6 DL-SI-54,67_67399_5136973,8/11/26,,2026-2027
67014250,6 DL-SI-55,67_67399_5136973,8/11/26,,2026-2027
67014482,1202746,67_67399_5136978,8/11/26,,2026-2027
67014482,1202777,67_67399_5136978,8/11/26,,2026-2027
67014236,6 DL-SI-54,67_67399_5136973,8/11/26,,2026-2027
67014236,6 DL-SI-55,67_67399_5136973,8/11/26,,2026-2027
67014363,0495-01,67_67399_5136978,8/11/26,,2026-2027
67014363,0495-02,67_67399_5136978,8/11/26,,2026-2027
67014505,1202746,67_67399_5136978,8/11/26,,2026-2027
67014505,1202777,67_67399_5136978,8/11/26,,2026-2027
67014538,1202746,67_67399_5136978,8/11/26,,2026-2027
67014538,1202777,67_67399_5136978,8/11/26,,2026-2027
67014166,5 DL-SI-42,67_67399_5136973,8/11/26,,2026-2027
67014166,5 DL-SI-43,67_67399_5136973,8/11/26,,2026-2027
67014431,0495-01,67_67399_5136978,8/11/26,,2026-2027
67014431,0495-02,67_67399_5136978,8/11/26,,2026-2027
67014176,5 DL-SI-42,67_67399_5136973,8/11/26,,2026-2027
67014176,5 DL-SI-43,67_67399_5136973,8/11/26,,2026-2027
67014189,5 DL-SI-42,67_67399_5136973,8/11/26,,2026-2027
67014189,5 DL-SI-43,67_67399_5136973,8/11/26,,2026-2027
67014265,6 DL-SI-54,67_67399_5136973,8/11/26,,2026-2027
67014265,6 DL-SI-55,67_67399_5136973,8/11/26,,2026-2027
67014020,3 DL-SI-22,67_67399_5136973,8/11/26,,2026-2027
67014020,3 DL-SI-23,67_67399_5136973,8/11/26,,2026-2027
67014041,3 DL-SI-22,67_67399_5136973,8/11/26,,2026-2027
67014041,3 DL-SI-23,67_67399_5136973,8/11/26,,2026-2027
67014309,6 DL-SI-54,67_67399_5136973,8/11/26,,2026-2027
67014309,6 DL-SI-55,67_67399_5136973,8/11/26,,2026-2027
67014384,0495-01,67_67399_5136978,8/11/26,,2026-2027
67014384,0495-02,67_67399_5136978,8/11/26,,2026-2027
67014411,0495-01,67_67399_5136978,8/11/26,,2026-2027
67014411,0495-02,67_67399_5136978,8/11/26,,2026-2027
67014263,6 DL-SI-54,67_67399_5136973,8/11/26,,2026-2027
67014263,6 DL-SI-55,67_67399_5136973,8/11/26,,2026-2027
67013954,2 DL-SI-T5,67_67399_5136973,8/11/26,,2026-2027
67013954,2 DL-SI-T7,67_67399_5136973,8/11/26,,2026-2027
67014377,0495-01,67_67399_5136978,8/11/26,,2026-2027
67014377,0495-02,67_67399_5136978,8/11/26,,2026-2027
67013924,1 DL-SI-23,67_67399_5136973,8/11/26,,2026-2027
67013924,1DL-DI-T12,67_67399_5136973,8/11/26,,2026-2027
67014317,6 DL-SI-54,67_67399_5136973,8/11/26,,2026-2027
67014317,6 DL-SI-55,67_67399_5136973,8/11/26,,2026-2027
67014037,3 DL-SI-22,67_67399_5136973,8/11/26,,2026-2027
67014037,3 DL-SI-23,67_67399_5136973,8/11/26,,2026-2027
67014469,1202746,67_67399_5136978,8/11/26,,2026-2027
67014469,1202777,67_67399_5136978,8/11/26,,2026-2027
67014085,4 DL-SI-32,67_67399_5136973,8/11/26,,2026-2027
67014085,4 DL-SI-33,67_67399_5136973,8/11/26,,2026-2027
67014002,2 DL-SI-T5,67_67399_5136973,8/11/26,,2026-2027
67014002,2 DL-SI-T7,67_67399_5136973,8/11/26,,2026-2027
67014371,0495-01,67_67399_5136978,8/11/26,,2026-2027
67014371,0495-02,67_67399_5136978,8/11/26,,2026-2027
67014182,5 DL-SI-42,67_67399_5136973,8/11/26,,2026-2027
67014182,5 DL-SI-43,67_67399_5136973,8/11/26,,2026-2027
67014055,3 DL-SI-22,67_67399_5136973,8/11/26,,2026-2027
67014055,3 DL-SI-23,67_67399_5136973,8/11/26,,2026-2027
67014071,3 DL-SI-22,67_67399_5136973,8/11/26,,2026-2027
67014071,3 DL-SI-23,67_67399_5136973,8/11/26,,2026-2027
67014497,1202746,67_67399_5136978,8/11/26,,2026-2027
67014497,1202777,67_67399_5136978,8/11/26,,2026-2027
67014017,2 DL-SI-T5,67_67399_5136973,8/11/26,,2026-2027
67014017,2 DL-SI-T7,67_67399_5136973,8/11/26,,2026-2027
67014076,4 DL-SI-32,67_67399_5136973,8/11/26,,2026-2027
67014076,4 DL-SI-33,67_67399_5136973,8/11/26,,2026-2027
67014008,2 DL-SI-T5,67_67399_5136973,8/11/26,,2026-2027
67014008,2 DL-SI-T7,67_67399_5136973,8/11/26,,2026-2027
67014392,0495-01,67_67399_5136978,8/11/26,,2026-2027
67014392,0495-02,67_67399_5136978,8/11/26,,2026-2027
67014190,5 DL-SI-42,67_67399_5136973,8/11/26,,2026-2027
67014190,5 DL-SI-43,67_67399_5136973,8/11/26,,2026-2027
67014343,0495-01,67_67399_5136978,8/11/26,,2026-2027
67014343,0495-02,67_67399_5136978,8/11/26,,2026-2027
67014423,0495-01,67_67399_5136978,8/11/26,,2026-2027
67014423,0495-02,67_67399_5136978,8/11/26,,2026-2027
67013977,2 DL-SI-T5,67_67399_5136973,8/11/26,,2026-2027
67013977,2 DL-SI-T7,67_67399_5136973,8/11/26,,2026-2027
67014032,3 DL-SI-22,67_67399_5136973,8/11/26,,2026-2027
67014032,3 DL-SI-23,67_67399_5136973,8/11/26,,2026-2027
67014355,0495-01,67_67399_5136978,8/11/26,,2026-2027
67014355,0495-02,67_67399_5136978,8/11/26,,2026-2027
67014529,1202746,67_67399_5136978,8/11/26,,2026-2027
67014529,1202777,67_67399_5136978,8/11/26,,2026-2027
67014436,0495-01,67_67399_5136978,8/11/26,,2026-2027
67014436,0495-02,67_67399_5136978,8/11/26,,2026-2027
67014400,0495-01,67_67399_5136978,8/11/26,,2026-2027
67014400,0495-02,67_67399_5136978,8/11/26,,2026-2027
67014044,3 DL-SI-22,67_67399_5136973,8/11/26,,2026-2027
67014044,3 DL-SI-23,67_67399_5136973,8/11/26,,2026-2027
67014380,0495-01,67_67399_5136978,8/11/26,,2026-2027
67014380,0495-02,67_67399_5136978,8/11/26,,2026-2027
67014095,4 DL-SI-32,67_67399_5136973,8/11/26,,2026-2027
67014095,4 DL-SI-33,67_67399_5136973,8/11/26,,2026-2027
67014114,4 DL-SI-32,67_67399_5136973,8/11/26,,2026-2027
67014114,4 DL-SI-33,67_67399_5136973,8/11/26,,2026-2027
67014457,1202746,67_67399_5136978,8/11/26,,2026-2027
67014457,1202777,67_67399_5136978,8/11/26,,2026-2027
67014251,6 DL-SI-54,67_67399_5136973,8/11/26,,2026-2027
67014251,6 DL-SI-55,67_67399_5136973,8/11/26,,2026-2027
67014204,5 DL-SI-42,67_67399_5136973,8/11/26,,2026-2027
67014204,5 DL-SI-43,67_67399_5136973,8/11/26,,2026-2027
67014030,3 DL-SI-22,67_67399_5136973,8/11/26,,2026-2027
67014030,3 DL-SI-23,67_67399_5136973,8/11/26,,2026-2027
67014066,3 DL-SI-22,67_67399_5136973,8/11/26,,2026-2027
67014066,3 DL-SI-23,67_67399_5136973,8/11/26,,2026-2027
67013930,1 DL-SI-23,67_67399_5136973,8/11/26,,2026-2027
67013930,1DL-DI-T12,67_67399_5136973,8/11/26,,2026-2027
67014533,1202746,67_67399_5136978,8/11/26,,2026-2027
67014533,1202777,67_67399_5136978,8/11/26,,2026-2027
67014501,1202746,67_67399_5136978,8/11/26,,2026-2027
67014501,1202777,67_67399_5136978,8/11/26,,2026-2027
67014223,5 DL-SI-42,67_67399_5136973,8/11/26,,2026-2027
67014223,5 DL-SI-43,67_67399_5136973,8/11/26,,2026-2027
67014005,2 DL-SI-T5,67_67399_5136973,8/11/26,,2026-2027
67014005,2 DL-SI-T7,67_67399_5136973,8/11/26,,2026-2027
67014500,1202746,67_67399_5136978,8/11/26,,2026-2027
67014500,1202777,67_67399_5136978,8/11/26,,2026-2027
67014225,5 DL-SI-42,67_67399_5136973,8/11/26,,2026-2027
67014225,5 DL-SI-43,67_67399_5136973,8/11/26,,2026-2027
67014458,1202746,67_67399_5136978,8/11/26,,2026-2027
67014458,1202777,67_67399_5136978,8/11/26,,2026-2027
67014057,3 DL-SI-22,67_67399_5136973,8/11/26,,2026-2027
67014057,3 DL-SI-23,67_67399_5136973,8/11/26,,2026-2027
67013923,1 DL-SI-23,67_67399_5136973,8/11/26,,2026-2027
67013923,1DL-DI-T12,67_67399_5136973,8/11/26,,2026-2027
67013961,2 DL-SI-T5,67_67399_5136973,8/11/26,,2026-2027
67013961,2 DL-SI-T7,67_67399_5136973,8/11/26,,2026-2027
67014310,6 DL-SI-54,67_67399_5136973,8/11/26,,2026-2027
67014310,6 DL-SI-55,67_67399_5136973,8/11/26,,2026-2027
67014429,0495-01,67_67399_5136978,8/11/26,,2026-2027
67014429,0495-02,67_67399_5136978,8/11/26,,2026-2027
67014038,3 DL-SI-22,67_67399_5136973,8/11/26,,2026-2027
67014038,3 DL-SI-23,67_67399_5136973,8/11/26,,2026-2027
67014244,6 DL-SI-54,67_67399_5136973,8/11/26,,2026-2027
67014244,6 DL-SI-55,67_67399_5136973,8/11/26,,2026-2027
67014466,1202746,67_67399_5136978,8/11/26,,2026-2027
67014466,1202777,67_67399_5136978,8/11/26,,2026-2027
67014324,6 DL-SI-54,67_67399_5136973,8/11/26,,2026-2027
67014324,6 DL-SI-55,67_67399_5136973,8/11/26,,2026-2027
67014520,1202746,67_67399_5136978,8/11/26,,2026-2027
67014520,1202777,67_67399_5136978,8/11/26,,2026-2027
67014157,4 DL-SI-32,67_67399_5136973,8/11/26,,2026-2027
67014157,4 DL-SI-33,67_67399_5136973,8/11/26,,2026-2027
67014531,1202746,67_67399_5136978,8/11/26,,2026-2027
67014531,1202777,67_67399_5136978,8/11/26,,2026-2027
67014056,3 DL-SI-22,67_67399_5136973,8/11/26,,2026-2027
67014056,3 DL-SI-23,67_67399_5136973,8/11/26,,2026-2027
67014424,0495-01,67_67399_5136978,8/11/26,,2026-2027
67014424,0495-02,67_67399_5136978,8/11/26,,2026-2027
67014203,5 DL-SI-42,67_67399_5136973,8/11/26,,2026-2027
67014203,5 DL-SI-43,67_67399_5136973,8/11/26,,2026-2027
67014015,2 DL-SI-T5,67_67399_5136973,8/11/26,,2026-2027
67014015,2 DL-SI-T7,67_67399_5136973,8/11/26,,2026-2027
67014048,3 DL-SI-22,67_67399_5136973,8/11/26,,2026-2027
67014048,3 DL-SI-23,67_67399_5136973,8/11/26,,2026-2027
67013998,2 DL-SI-T5,67_67399_5136973,8/11/26,,2026-2027
67013998,2 DL-SI-T7,67_67399_5136973,8/11/26,,2026-2027
67014391,0495-01,67_67399_5136978,8/11/26,,2026-2027
67014391,0495-02,67_67399_5136978,8/11/26,,2026-2027
67013942,2 DL-SI-T5,67_67399_5136973,8/11/26,,2026-2027
67013942,2 DL-SI-T7,67_67399_5136973,8/11/26,,2026-2027
67014110,4 DL-SI-32,67_67399_5136973,8/11/26,,2026-2027
67014110,4 DL-SI-33,67_67399_5136973,8/11/26,,2026-2027
67014492,1202746,67_67399_5136978,8/11/26,,2026-2027
67014492,1202777,67_67399_5136978,8/11/26,,2026-2027
67014524,1202746,67_67399_5136978,8/11/26,,2026-2027
67014524,1202777,67_67399_5136978,8/11/26,,2026-2027
67014488,1202746,67_67399_5136978,8/11/26,,2026-2027
67014488,1202777,67_67399_5136978,8/11/26,,2026-2027
67014245,6 DL-SI-54,67_67399_5136973,8/11/26,,2026-2027
67014245,6 DL-SI-55,67_67399_5136973,8/11/26,,2026-2027
67014137,4 DL-SI-32,67_67399_5136973,8/11/26,,2026-2027
67014137,4 DL-SI-33,67_67399_5136973,8/11/26,,2026-2027
67014427,0495-01,67_67399_5136978,8/11/26,,2026-2027
67014427,0495-02,67_67399_5136978,8/11/26,,2026-2027
67013967,2 DL-SI-T5,67_67399_5136973,8/11/26,,2026-2027
67013967,2 DL-SI-T7,67_67399_5136973,8/11/26,,2026-2027
67014040,3 DL-SI-22,67_67399_5136973,8/11/26,,2026-2027
67014040,3 DL-SI-23,67_67399_5136973,8/11/26,,2026-2027
67014396,0495-01,67_67399_5136978,8/11/26,,2026-2027
67014396,0495-02,67_67399_5136978,8/11/26,,2026-2027
67014232,6 DL-SI-54,67_67399_5136973,8/11/26,,2026-2027
67014232,6 DL-SI-55,67_67399_5136973,8/11/26,,2026-2027
67014331,6 DL-SI-54,67_67399_5136973,8/11/26,,2026-2027
67014331,6 DL-SI-55,67_67399_5136973,8/11/26,,2026-2027
67014271,6 DL-SI-54,67_67399_5136973,8/11/26,,2026-2027
67014271,6 DL-SI-55,67_67399_5136973,8/11/26,,2026-2027
67014361,0495-01,67_67399_5136978,8/11/26,,2026-2027
67014361,0495-02,67_67399_5136978,8/11/26,,2026-2027
67014352,0495-01,67_67399_5136978,8/11/26,,2026-2027
67014352,0495-02,67_67399_5136978,8/11/26,,2026-2027
67014440,0495-01,67_67399_5136978,8/11/26,,2026-2027
67014440,0495-02,67_67399_5136978,8/11/26,,2026-2027
67014471,1202746,67_67399_5136978,8/11/26,,2026-2027
67014471,1202777,67_67399_5136978,8/11/26,,2026-2027
67014177,5 DL-SI-42,67_67399_5136973,8/11/26,,2026-2027
67014177,5 DL-SI-43,67_67399_5136973,8/11/26,,2026-2027
67014202,5 DL-SI-42,67_67399_5136973,8/11/26,,2026-2027
67014202,5 DL-SI-43,67_67399_5136973,8/11/26,,2026-2027
67014073,3 DL-SI-22,67_67399_5136973,8/11/26,,2026-2027
67014073,3 DL-SI-23,67_67399_5136973,8/11/26,,2026-2027
67014468,1202746,67_67399_5136978,8/11/26,,2026-2027
67014468,1202777,67_67399_5136978,8/11/26,,2026-2027
67014046,3 DL-SI-22,67_67399_5136973,8/11/26,,2026-2027
67014046,3 DL-SI-23,67_67399_5136973,8/11/26,,2026-2027
67014197,5 DL-SI-42,67_67399_5136973,8/11/26,,2026-2027
67014197,5 DL-SI-43,67_67399_5136973,8/11/26,,2026-2027
67013921,1 DL-SI-23,67_67399_5136973,8/11/26,,2026-2027
67013921,1DL-DI-T12,67_67399_5136973,8/11/26,,2026-2027
67014028,3 DL-SI-22,67_67399_5136973,8/11/26,,2026-2027
67014028,3 DL-SI-23,67_67399_5136973,8/11/26,,2026-2027
67014107,4 DL-SI-32,67_67399_5136973,8/11/26,,2026-2027
67014107,4 DL-SI-33,67_67399_5136973,8/11/26,,2026-2027
67014098,4 DL-SI-32,67_67399_5136973,8/11/26,,2026-2027
67014098,4 DL-SI-33,67_67399_5136973,8/11/26,,2026-2027
67014240,6 DL-SI-54,67_67399_5136973,8/11/26,,2026-2027
67014240,6 DL-SI-55,67_67399_5136973,8/11/26,,2026-2027
67013950,2 DL-SI-T5,67_67399_5136973,8/11/26,,2026-2027
67013950,2 DL-SI-T7,67_67399_5136973,8/11/26,,2026-2027
67014060,3 DL-SI-22,67_67399_5136973,8/11/26,,2026-2027
67014060,3 DL-SI-23,67_67399_5136973,8/11/26,,2026-2027
67013926,1 DL-SI-23,67_67399_5136973,8/11/26,,2026-2027
67013926,1DL-DI-T12,67_67399_5136973,8/11/26,,2026-2027
67014237,6 DL-SI-54,67_67399_5136973,8/11/26,,2026-2027
67014237,6 DL-SI-55,67_67399_5136973,8/11/26,,2026-2027
67014437,0495-01,67_67399_5136978,8/11/26,,2026-2027
67014437,0495-02,67_67399_5136978,8/11/26,,2026-2027
67014050,3 DL-SI-22,67_67399_5136973,8/11/26,,2026-2027
67014050,3 DL-SI-23,67_67399_5136973,8/11/26,,2026-2027
67014515,1202746,67_67399_5136978,8/11/26,,2026-2027
67014515,1202777,67_67399_5136978,8/11/26,,2026-2027
67014483,1202746,67_67399_5136978,8/11/26,,2026-2027
67014483,1202777,67_67399_5136978,8/11/26,,2026-2027
67014051,3 DL-SI-22,67_67399_5136973,8/11/26,,2026-2027
67014051,3 DL-SI-23,67_67399_5136973,8/11/26,,2026-2027
67013934,1 DL-SI-23,67_67399_5136973,8/11/26,,2026-2027
67013934,1DL-DI-T12,67_67399_5136973,8/11/26,,2026-2027
67014029,3 DL-SI-22,67_67399_5136973,8/11/26,,2026-2027
67014029,3 DL-SI-23,67_67399_5136973,8/11/26,,2026-2027
67014153,4 DL-SI-32,67_67399_5136973,8/11/26,,2026-2027
67014153,4 DL-SI-33,67_67399_5136973,8/11/26,,2026-2027
67014301,6 DL-SI-54,67_67399_5136973,8/11/26,,2026-2027
67014301,6 DL-SI-55,67_67399_5136973,8/11/26,,2026-2027
67014024,3 DL-SI-22,67_67399_5136973,8/11/26,,2026-2027
67014024,3 DL-SI-23,67_67399_5136973,8/11/26,,2026-2027
67014330,6 DL-SI-54,67_67399_5136973,8/11/26,,2026-2027
67014330,6 DL-SI-55,67_67399_5136973,8/11/26,,2026-2027
67014175,5 DL-SI-42,67_67399_5136973,8/11/26,,2026-2027
67014175,5 DL-SI-43,67_67399_5136973,8/11/26,,2026-2027
67014385,0495-01,67_67399_5136978,8/11/26,,2026-2027
67014385,0495-02,67_67399_5136978,8/11/26,,2026-2027
67013988,2 DL-SI-T5,67_67399_5136973,8/11/26,,2026-2027
67013988,2 DL-SI-T7,67_67399_5136973,8/11/26,,2026-2027
67014277,6 DL-SI-54,67_67399_5136973,8/11/26,,2026-2027
67014277,6 DL-SI-55,67_67399_5136973,8/11/26,,2026-2027
67014272,6 DL-SI-54,67_67399_5136973,8/11/26,,2026-2027
67014272,6 DL-SI-55,67_67399_5136973,8/11/26,,2026-2027
67014229,5 DL-SI-42,67_67399_5136973,8/11/26,,2026-2027
67014229,5 DL-SI-43,67_67399_5136973,8/11/26,,2026-2027
67014313,6 DL-SI-54,67_67399_5136973,8/11/26,,2026-2027
67014313,6 DL-SI-55,67_67399_5136973,8/11/26,,2026-2027
67013927,1 DL-SI-23,67_67399_5136973,8/11/26,,2026-2027
67013927,1DL-DI-T12,67_67399_5136973,8/11/26,,2026-2027
67014522,1202746,67_67399_5136978,8/11/26,,2026-2027
67014522,1202777,67_67399_5136978,8/11/26,,2026-2027
67013931,1 DL-SI-23,67_67399_5136973,8/11/26,,2026-2027
67013931,1DL-DI-T12,67_67399_5136973,8/11/26,,2026-2027
67014304,6 DL-SI-54,67_67399_5136973,8/11/26,,2026-2027
67014304,6 DL-SI-55,67_67399_5136973,8/11/26,,2026-2027
67014442,0495-01,67_67399_5136978,8/11/26,,2026-2027
67014442,0495-02,67_67399_5136978,8/11/26,,2026-2027
67014291,6 DL-SI-54,67_67399_5136973,8/11/26,,2026-2027
67014291,6 DL-SI-55,67_67399_5136973,8/11/26,,2026-2027
67014246,6 DL-SI-54,67_67399_5136973,8/11/26,,2026-2027
67014246,6 DL-SI-55,67_67399_5136973,8/11/26,,2026-2027
67014173,5 DL-SI-42,67_67399_5136973,8/11/26,,2026-2027
67014173,5 DL-SI-43,67_67399_5136973,8/11/26,,2026-2027
67014126,4 DL-SI-32,67_67399_5136973,8/11/26,,2026-2027
67014126,4 DL-SI-33,67_67399_5136973,8/11/26,,2026-2027
67014393,0495-01,67_67399_5136978,8/11/26,,2026-2027
67014393,0495-02,67_67399_5136978,8/11/26,,2026-2027
67014416,0495-01,67_67399_5136978,8/11/26,,2026-2027
67014416,0495-02,67_67399_5136978,8/11/26,,2026-2027
67014120,4 DL-SI-32,67_67399_5136973,8/11/26,,2026-2027
67014120,4 DL-SI-33,67_67399_5136973,8/11/26,,2026-2027
67014420,0495-01,67_67399_5136978,8/11/26,,2026-2027
67014420,0495-02,67_67399_5136978,8/11/26,,2026-2027
67013974,2 DL-SI-T5,67_67399_5136973,8/11/26,,2026-2027
67013974,2 DL-SI-T7,67_67399_5136973,8/11/26,,2026-2027
67014517,1202746,67_67399_5136978,8/11/26,,2026-2027
67014517,1202777,67_67399_5136978,8/11/26,,2026-2027
67013939,2 DL-SI-T5,67_67399_5136973,8/11/26,,2026-2027
67013939,2 DL-SI-T7,67_67399_5136973,8/11/26,,2026-2027
67013987,2 DL-SI-T5,67_67399_5136973,8/11/26,,2026-2027
67013987,2 DL-SI-T7,67_67399_5136973,8/11/26,,2026-2027
67014042,3 DL-SI-22,67_67399_5136973,8/11/26,,2026-2027
67014042,3 DL-SI-23,67_67399_5136973,8/11/26,,2026-2027
67014388,0495-01,67_67399_5136978,8/11/26,,2026-2027
67014388,0495-02,67_67399_5136978,8/11/26,,2026-2027
67014094,4 DL-SI-32,67_67399_5136973,8/11/26,,2026-2027
67014094,4 DL-SI-33,67_67399_5136973,8/11/26,,2026-2027
67014174,5 DL-SI-42,67_67399_5136973,8/11/26,,2026-2027
67014174,5 DL-SI-43,67_67399_5136973,8/11/26,,2026-2027
67014134,4 DL-SI-32,67_67399_5136973,8/11/26,,2026-2027
67014134,4 DL-SI-33,67_67399_5136973,8/11/26,,2026-2027
67013928,1 DL-SI-23,67_67399_5136973,8/11/26,,2026-2027
67013928,1DL-DI-T12,67_67399_5136973,8/11/26,,2026-2027
67014149,4 DL-SI-32,67_67399_5136973,8/11/26,,2026-2027
67014149,4 DL-SI-33,67_67399_5136973,8/11/26,,2026-2027
67014139,4 DL-SI-32,67_67399_5136973,8/11/26,,2026-2027
67014139,4 DL-SI-33,67_67399_5136973,8/11/26,,2026-2027
67014255,6 DL-SI-54,67_67399_5136973,8/11/26,,2026-2027
67014255,6 DL-SI-55,67_67399_5136973,8/11/26,,2026-2027
67014262,6 DL-SI-54,67_67399_5136973,8/11/26,,2026-2027
67014262,6 DL-SI-55,67_67399_5136973,8/11/26,,2026-2027
67014327,6 DL-SI-54,67_67399_5136973,8/11/26,,2026-2027
67014327,6 DL-SI-55,67_67399_5136973,8/11/26,,2026-2027
67014369,0495-01,67_67399_5136978,8/11/26,,2026-2027
67014369,0495-02,67_67399_5136978,8/11/26,,2026-2027
67014298,6 DL-SI-54,67_67399_5136973,8/11/26,,2026-2027
67014298,6 DL-SI-55,67_67399_5136973,8/11/26,,2026-2027
67014372,0495-01,67_67399_5136978,8/11/26,,2026-2027
67014372,0495-02,67_67399_5136978,8/11/26,,2026-2027
67013956,2 DL-SI-T5,67_67399_5136973,8/11/26,,2026-2027
67013956,2 DL-SI-T7,67_67399_5136973,8/11/26,,2026-2027
67014276,6 DL-SI-54,67_67399_5136973,8/11/26,,2026-2027
67014276,6 DL-SI-55,67_67399_5136973,8/11/26,,2026-2027
67014467,1202746,67_67399_5136978,8/11/26,,2026-2027
67014467,1202777,67_67399_5136978,8/11/26,,2026-2027
67014381,0495-01,67_67399_5136978,8/11/26,,2026-2027
67014381,0495-02,67_67399_5136978,8/11/26,,2026-2027
67014212,5 DL-SI-42,67_67399_5136973,8/11/26,,2026-2027
67014212,5 DL-SI-43,67_67399_5136973,8/11/26,,2026-2027
67013966,2 DL-SI-T5,67_67399_5136973,8/11/26,,2026-2027
67013966,2 DL-SI-T7,67_67399_5136973,8/11/26,,2026-2027
67014288,6 DL-SI-54,67_67399_5136973,8/11/26,,2026-2027
67014288,6 DL-SI-55,67_67399_5136973,8/11/26,,2026-2027
67014320,6 DL-SI-54,67_67399_5136973,8/11/26,,2026-2027
67014320,6 DL-SI-55,67_67399_5136973,8/11/26,,2026-2027
67014179,5 DL-SI-42,67_67399_5136973,8/11/26,,2026-2027
67014179,5 DL-SI-43,67_67399_5136973,8/11/26,,2026-2027
67014484,1202746,67_67399_5136978,8/11/26,,2026-2027
67014484,1202777,67_67399_5136978,8/11/26,,2026-2027
67014144,4 DL-SI-32,67_67399_5136973,8/11/26,,2026-2027
67014144,4 DL-SI-33,67_67399_5136973,8/11/26,,2026-2027
67014178,5 DL-SI-42,67_67399_5136973,8/11/26,,2026-2027
67014178,5 DL-SI-43,67_67399_5136973,8/11/26,,2026-2027
67014350,0495-01,67_67399_5136978,8/11/26,,2026-2027
67014350,0495-02,67_67399_5136978,8/11/26,,2026-2027
67014210,5 DL-SI-42,67_67399_5136973,8/11/26,,2026-2027
67014210,5 DL-SI-43,67_67399_5136973,8/11/26,,2026-2027
67014039,3 DL-SI-22,67_67399_5136973,8/11/26,,2026-2027
67014039,3 DL-SI-23,67_67399_5136973,8/11/26,,2026-2027
67014451,1202746,67_67399_5136978,8/11/26,,2026-2027
67014451,1202777,67_67399_5136978,8/11/26,,2026-2027
67014146,4 DL-SI-32,67_67399_5136973,8/11/26,,2026-2027
67014146,4 DL-SI-33,67_67399_5136973,8/11/26,,2026-2027
67014034,3 DL-SI-22,67_67399_5136973,8/11/26,,2026-2027
67014034,3 DL-SI-23,67_67399_5136973,8/11/26,,2026-2027
67014530,1202746,67_67399_5136978,8/11/26,,2026-2027
67014530,1202777,67_67399_5136978,8/11/26,,2026-2027
67014112,4 DL-SI-32,67_67399_5136973,8/11/26,,2026-2027
67014112,4 DL-SI-33,67_67399_5136973,8/11/26,,2026-2027
67014023,3 DL-SI-22,67_67399_5136973,8/11/26,,2026-2027
67014023,3 DL-SI-23,67_67399_5136973,8/11/26,,2026-2027
67014441,0495-01,67_67399_5136978,8/11/26,,2026-2027
67014441,0495-02,67_67399_5136978,8/11/26,,2026-2027
67014344,0495-01,67_67399_5136978,8/11/26,,2026-2027
67014344,0495-02,67_67399_5136978,8/11/26,,2026-2027
67014026,3 DL-SI-22,67_67399_5136973,8/11/26,,2026-2027
67014026,3 DL-SI-23,67_67399_5136973,8/11/26,,2026-2027
67014092,4 DL-SI-32,67_67399_5136973,8/11/26,,2026-2027
67014092,4 DL-SI-33,67_67399_5136973,8/11/26,,2026-2027
67014227,5 DL-SI-42,67_67399_5136973,8/11/26,,2026-2027
67014227,5 DL-SI-43,67_67399_5136973,8/11/26,,2026-2027
67014345,0495-01,67_67399_5136978,8/11/26,,2026-2027
67014345,0495-02,67_67399_5136978,8/11/26,,2026-2027
67014132,4 DL-SI-32,67_67399_5136973,8/11/26,,2026-2027
67014132,4 DL-SI-33,67_67399_5136973,8/11/26,,2026-2027
67014498,1202746,67_67399_5136978,8/11/26,,2026-2027
67014498,1202777,67_67399_5136978,8/11/26,,2026-2027
67014260,6 DL-SI-54,67_67399_5136973,8/11/26,,2026-2027
67014260,6 DL-SI-55,67_67399_5136973,8/11/26,,2026-2027
67014425,0495-01,67_67399_5136978,8/11/26,,2026-2027
67014425,0495-02,67_67399_5136978,8/11/26,,2026-2027
67014171,5 DL-SI-42,67_67399_5136973,8/11/26,,2026-2027
67014171,5 DL-SI-43,67_67399_5136973,8/11/26,,2026-2027
67014308,6 DL-SI-54,67_67399_5136973,8/11/26,,2026-2027
67014308,6 DL-SI-55,67_67399_5136973,8/11/26,,2026-2027
67014315,6 DL-SI-54,67_67399_5136973,8/11/26,,2026-2027
67014315,6 DL-SI-55,67_67399_5136973,8/11/26,,2026-2027
67014537,1202746,67_67399_5136978,8/11/26,,2026-2027
67014537,1202777,67_67399_5136978,8/11/26,,2026-2027
67014473,1202746,67_67399_5136978,8/11/26,,2026-2027
67014473,1202777,67_67399_5136978,8/11/26,,2026-2027
67014143,4 DL-SI-32,67_67399_5136973,8/11/26,,2026-2027
67014143,4 DL-SI-33,67_67399_5136973,8/11/26,,2026-2027
67014447,0495-01,67_67399_5136978,8/11/26,,2026-2027
67014447,0495-02,67_67399_5136978,8/11/26,,2026-2027
67014105,4 DL-SI-32,67_67399_5136973,8/11/26,,2026-2027
67014105,4 DL-SI-33,67_67399_5136973,8/11/26,,2026-2027
67014258,6 DL-SI-54,67_67399_5136973,8/11/26,,2026-2027
67014258,6 DL-SI-55,67_67399_5136973,8/11/26,,2026-2027
67014494,1202746,67_67399_5136978,8/11/26,,2026-2027
67014494,1202777,67_67399_5136978,8/11/26,,2026-2027
67014426,0495-01,67_67399_5136978,8/11/26,,2026-2027
67014426,0495-02,67_67399_5136978,8/11/26,,2026-2027
67014188,5 DL-SI-42,67_67399_5136973,8/11/26,,2026-2027
67014188,5 DL-SI-43,67_67399_5136973,8/11/26,,2026-2027
67014043,3 DL-SI-22,67_67399_5136973,8/11/26,,2026-2027
67014043,3 DL-SI-23,67_67399_5136973,8/11/26,,2026-2027
67014049,3 DL-SI-22,67_67399_5136973,8/11/26,,2026-2027
67014049,3 DL-SI-23,67_67399_5136973,8/11/26,,2026-2027
67014130,4 DL-SI-32,67_67399_5136973,8/11/26,,2026-2027
67014130,4 DL-SI-33,67_67399_5136973,8/11/26,,2026-2027
67014349,0495-01,67_67399_5136978,8/11/26,,2026-2027
67014349,0495-02,67_67399_5136978,8/11/26,,2026-2027
67014528,1202746,67_67399_5136978,8/11/26,,2026-2027
67014528,1202777,67_67399_5136978,8/11/26,,2026-2027
67014075,4 DL-SI-32,67_67399_5136973,8/11/26,,2026-2027
67014075,4 DL-SI-33,67_67399_5136973,8/11/26,,2026-2027
67014481,1202746,67_67399_5136978,8/11/26,,2026-2027
67014481,1202777,67_67399_5136978,8/11/26,,2026-2027
67014231,5 DL-SI-42,67_67399_5136973,8/11/26,,2026-2027
67014231,5 DL-SI-43,67_67399_5136973,8/11/26,,2026-2027
67014409,0495-01,67_67399_5136978,8/11/26,,2026-2027
67014409,0495-02,67_67399_5136978,8/11/26,,2026-2027
67014019,3 DL-SI-22,67_67399_5136973,8/11/26,,2026-2027
67014019,3 DL-SI-23,67_67399_5136973,8/11/26,,2026-2027
67014195,5 DL-SI-42,67_67399_5136973,8/11/26,,2026-2027
67014195,5 DL-SI-43,67_67399_5136973,8/11/26,,2026-2027
67014282,6 DL-SI-54,67_67399_5136973,8/11/26,,2026-2027
67014282,6 DL-SI-55,67_67399_5136973,8/11/26,,2026-2027
67014346,0495-01,67_67399_5136978,8/11/26,,2026-2027
67014346,0495-02,67_67399_5136978,8/11/26,,2026-2027
67014306,6 DL-SI-54,67_67399_5136973,8/11/26,,2026-2027
67014306,6 DL-SI-55,67_67399_5136973,8/11/26,,2026-2027
67014228,5 DL-SI-42,67_67399_5136973,8/11/26,,2026-2027
67014228,5 DL-SI-43,67_67399_5136973,8/11/26,,2026-2027
67014542,1202746,67_67399_5136978,8/11/26,,2026-2027
67014542,1202777,67_67399_5136978,8/11/26,,2026-2027
67014027,3 DL-SI-22,67_67399_5136973,8/11/26,,2026-2027
67014027,3 DL-SI-23,67_67399_5136973,8/11/26,,2026-2027
67014449,1202746,67_67399_5136978,8/11/26,,2026-2027
67014449,1202777,67_67399_5136978,8/11/26,,2026-2027
67014290,6 DL-SI-54,67_67399_5136973,8/11/26,,2026-2027
67014290,6 DL-SI-55,67_67399_5136973,8/11/26,,2026-2027
67014379,0495-01,67_67399_5136978,8/11/26,,2026-2027
67014379,0495-02,67_67399_5136978,8/11/26,,2026-2027
67014082,4 DL-SI-32,67_67399_5136973,8/11/26,,2026-2027
67014082,4 DL-SI-33,67_67399_5136973,8/11/26,,2026-2027
67014490,1202746,67_67399_5136978,8/11/26,,2026-2027
67014490,1202777,67_67399_5136978,8/11/26,,2026-2027
67014339,0495-01,67_67399_5136978,8/11/26,,2026-2027
67014339,0495-02,67_67399_5136978,8/11/26,,2026-2027
67014267,6 DL-SI-54,67_67399_5136973,8/11/26,,2026-2027
67014267,6 DL-SI-55,67_67399_5136973,8/11/26,,2026-2027
67014184,5 DL-SI-42,67_67399_5136973,8/11/26,,2026-2027
67014184,5 DL-SI-43,67_67399_5136973,8/11/26,,2026-2027
67014201,5 DL-SI-42,67_67399_5136973,8/11/26,,2026-2027
67014201,5 DL-SI-43,67_67399_5136973,8/11/26,,2026-2027
67014224,5 DL-SI-42,67_67399_5136973,8/11/26,,2026-2027
67014224,5 DL-SI-43,67_67399_5136973,8/11/26,,2026-2027
67014394,0495-01,67_67399_5136978,8/11/26,,2026-2027
67014394,0495-02,67_67399_5136978,8/11/26,,2026-2027
67014238,6 DL-SI-54,67_67399_5136973,8/11/26,,2026-2027
67014238,6 DL-SI-55,67_67399_5136973,8/11/26,,2026-2027
67014422,0495-01,67_67399_5136978,8/11/26,,2026-2027
67014422,0495-02,67_67399_5136978,8/11/26,,2026-2027
67014354,0495-01,67_67399_5136978,8/11/26,,2026-2027
67014354,0495-02,67_67399_5136978,8/11/26,,2026-2027
67014168,5 DL-SI-42,67_67399_5136973,8/11/26,,2026-2027
67014168,5 DL-SI-43,67_67399_5136973,8/11/26,,2026-2027
67014316,6 DL-SI-54,67_67399_5136973,8/11/26,,2026-2027
67014316,6 DL-SI-55,67_67399_5136973,8/11/26,,2026-2027
67014452,1202746,67_67399_5136978,8/11/26,,2026-2027
67014452,1202777,67_67399_5136978,8/11/26,,2026-2027
67014052,3 DL-SI-22,67_67399_5136973,8/11/26,,2026-2027
67014052,3 DL-SI-23,67_67399_5136973,8/11/26,,2026-2027
67014136,4 DL-SI-32,67_67399_5136973,8/11/26,,2026-2027
67014136,4 DL-SI-33,67_67399_5136973,8/11/26,,2026-2027
67014509,1202746,67_67399_5136978,8/11/26,,2026-2027
67014509,1202777,67_67399_5136978,8/11/26,,2026-2027
67014454,1202746,67_67399_5136978,8/11/26,,2026-2027
67014454,1202777,67_67399_5136978,8/11/26,,2026-2027
67014285,6 DL-SI-54,67_67399_5136973,8/11/26,,2026-2027
67014285,6 DL-SI-55,67_67399_5136973,8/11/26,,2026-2027
67014389,0495-01,67_67399_5136978,8/11/26,,2026-2027
67014389,0495-02,67_67399_5136978,8/11/26,,2026-2027
67014340,0495-01,67_67399_5136978,8/11/26,,2026-2027
67014340,0495-02,67_67399_5136978,8/11/26,,2026-2027
67014278,6 DL-SI-54,67_67399_5136973,8/11/26,,2026-2027
67014278,6 DL-SI-55,67_67399_5136973,8/11/26,,2026-2027
67013997,2 DL-SI-T5,67_67399_5136973,8/11/26,,2026-2027
67013997,2 DL-SI-T7,67_67399_5136973,8/11/26,,2026-2027
67014068,3 DL-SI-22,67_67399_5136973,8/11/26,,2026-2027
67014068,3 DL-SI-23,67_67399_5136973,8/11/26,,2026-2027
67014257,6 DL-SI-54,67_67399_5136973,8/11/26,,2026-2027
67014257,6 DL-SI-55,67_67399_5136973,8/11/26,,2026-2027
67013932,1 DL-SI-23,67_67399_5136973,8/11/26,,2026-2027
67013932,1DL-DI-T12,67_67399_5136973,8/11/26,,2026-2027
67014504,1202746,67_67399_5136978,8/11/26,,2026-2027
67014504,1202777,67_67399_5136978,8/11/26,,2026-2027
67014248,6 DL-SI-54,67_67399_5136973,8/11/26,,2026-2027
67014248,6 DL-SI-55,67_67399_5136973,8/11/26,,2026-2027
67014403,0495-01,67_67399_5136978,8/11/26,,2026-2027
67014403,0495-02,67_67399_5136978,8/11/26,,2026-2027
67013972,2 DL-SI-T5,67_67399_5136973,8/11/26,,2026-2027
67013972,2 DL-SI-T7,67_67399_5136973,8/11/26,,2026-2027
67014014,2 DL-SI-T5,67_67399_5136973,8/11/26,,2026-2027
67014014,2 DL-SI-T7,67_67399_5136973,8/11/26,,2026-2027
67014453,1202746,67_67399_5136978,8/11/26,,2026-2027
67014453,1202777,67_67399_5136978,8/11/26,,2026-2027
67014093,4 DL-SI-32,67_67399_5136973,8/11/26,,2026-2027
67014093,4 DL-SI-33,67_67399_5136973,8/11/26,,2026-2027
67014397,0495-01,67_67399_5136978,8/11/26,,2026-2027
67014397,0495-02,67_67399_5136978,8/11/26,,2026-2027
67014370,0495-01,67_67399_5136978,8/11/26,,2026-2027
67014370,0495-02,67_67399_5136978,8/11/26,,2026-2027
67014003,2 DL-SI-T5,67_67399_5136973,8/11/26,,2026-2027
67014003,2 DL-SI-T7,67_67399_5136973,8/11/26,,2026-2027
67014233,6 DL-SI-54,67_67399_5136973,8/11/26,,2026-2027
67014233,6 DL-SI-55,67_67399_5136973,8/11/26,,2026-2027
67014164,5 DL-SI-42,67_67399_5136973,8/11/26,,2026-2027
67014164,5 DL-SI-43,67_67399_5136973,8/11/26,,2026-2027
67014096,4 DL-SI-32,67_67399_5136973,8/11/26,,2026-2027
67014096,4 DL-SI-33,67_67399_5136973,8/11/26,,2026-2027
67014433,0495-01,67_67399_5136978,8/11/26,,2026-2027
67014433,0495-02,67_67399_5136978,8/11/26,,2026-2027
67013980,2 DL-SI-T5,67_67399_5136973,8/11/26,,2026-2027
67013980,2 DL-SI-T7,67_67399_5136973,8/11/26,,2026-2027
67014216,5 DL-SI-42,67_67399_5136973,8/11/26,,2026-2027
67014216,5 DL-SI-43,67_67399_5136973,8/11/26,,2026-2027
67014545,1202746,67_67399_5136978,8/11/26,,2026-2027
67014545,1202777,67_67399_5136978,8/11/26,,2026-2027
67014314,6 DL-SI-54,67_67399_5136973,8/11/26,,2026-2027
67014314,6 DL-SI-55,67_67399_5136973,8/11/26,,2026-2027
67013936,1 DL-SI-23,67_67399_5136973,8/11/26,,2026-2027
67013936,1DL-DI-T12,67_67399_5136973,8/11/26,,2026-2027
67014226,5 DL-SI-42,67_67399_5136973,8/11/26,,2026-2027
67014226,5 DL-SI-43,67_67399_5136973,8/11/26,,2026-2027
67014287,6 DL-SI-54,67_67399_5136973,8/11/26,,2026-2027
67014287,6 DL-SI-55,67_67399_5136973,8/11/26,,2026-2027
67013952,2 DL-SI-T5,67_67399_5136973,8/11/26,,2026-2027
67013952,2 DL-SI-T7,67_67399_5136973,8/11/26,,2026-2027
67014439,0495-01,67_67399_5136978,8/11/26,,2026-2027
67014439,0495-02,67_67399_5136978,8/11/26,,2026-2027
67013944,2 DL-SI-T5,67_67399_5136973,8/11/26,,2026-2027
67013944,2 DL-SI-T7,67_67399_5136973,8/11/26,,2026-2027
67014510,1202746,67_67399_5136978,8/11/26,,2026-2027
67014510,1202777,67_67399_5136978,8/11/26,,2026-2027
67014322,6 DL-SI-54,67_67399_5136973,8/11/26,,2026-2027
67014322,6 DL-SI-55,67_67399_5136973,8/11/26,,2026-2027
67013935,1 DL-SI-23,67_67399_5136973,8/11/26,,2026-2027
67013935,1DL-DI-T12,67_67399_5136973,8/11/26,,2026-2027
67014160,5 DL-SI-42,67_67399_5136973,8/11/26,,2026-2027
67014160,5 DL-SI-43,67_67399_5136973,8/11/26,,2026-2027
67014022,3 DL-SI-22,67_67399_5136973,8/11/26,,2026-2027
67014022,3 DL-SI-23,67_67399_5136973,8/11/26,,2026-2027
67013951,2 DL-SI-T5,67_67399_5136973,8/11/26,,2026-2027
67013951,2 DL-SI-T7,67_67399_5136973,8/11/26,,2026-2027
67014474,1202746,67_67399_5136978,8/11/26,,2026-2027
67014474,1202777,67_67399_5136978,8/11/26,,2026-2027
67014359,0495-01,67_67399_5136978,8/11/26,,2026-2027
67014359,0495-02,67_67399_5136978,8/11/26,,2026-2027
67014111,4 DL-SI-32,67_67399_5136973,8/11/26,,2026-2027
67014111,4 DL-SI-33,67_67399_5136973,8/11/26,,2026-2027
67013941,2 DL-SI-T5,67_67399_5136973,8/11/26,,2026-2027
67013941,2 DL-SI-T7,67_67399_5136973,8/11/26,,2026-2027
67014335,0495-01,67_67399_5136978,8/11/26,,2026-2027
67014335,0495-02,67_67399_5136978,8/11/26,,2026-2027
67013994,2 DL-SI-T5,67_67399_5136973,8/11/26,,2026-2027
67013994,2 DL-SI-T7,67_67399_5136973,8/11/26,,2026-2027
67014045,3 DL-SI-22,67_67399_5136973,8/11/26,,2026-2027
67014045,3 DL-SI-23,67_67399_5136973,8/11/26,,2026-2027
67014196,5 DL-SI-42,67_67399_5136973,8/11/26,,2026-2027
67014196,5 DL-SI-43,67_67399_5136973,8/11/26,,2026-2027
67013970,2 DL-SI-T5,67_67399_5136973,8/11/26,,2026-2027
67013970,2 DL-SI-T7,67_67399_5136973,8/11/26,,2026-2027
67014503,1202746,67_67399_5136978,8/11/26,,2026-2027
67014503,1202777,67_67399_5136978,8/11/26,,2026-2027
67014001,2 DL-SI-T5,67_67399_5136973,8/11/26,,2026-2027
67014001,2 DL-SI-T7,67_67399_5136973,8/11/26,,2026-2027
67014506,1202746,67_67399_5136978,8/11/26,,2026-2027
67014506,1202777,67_67399_5136978,8/11/26,,2026-2027
67014140,4 DL-SI-32,67_67399_5136973,8/11/26,,2026-2027
67014140,4 DL-SI-33,67_67399_5136973,8/11/26,,2026-2027
67014011,2 DL-SI-T5,67_67399_5136973,8/11/26,,2026-2027
67014011,2 DL-SI-T7,67_67399_5136973,8/11/26,,2026-2027
67014253,6 DL-SI-54,67_67399_5136973,8/11/26,,2026-2027
67014253,6 DL-SI-55,67_67399_5136973,8/11/26,,2026-2027
67014025,3 DL-SI-22,67_67399_5136973,8/11/26,,2026-2027
67014025,3 DL-SI-23,67_67399_5136973,8/11/26,,2026-2027
67013920,1 DL-SI-23,67_67399_5136973,8/11/26,,2026-2027
67013920,1DL-DI-T12,67_67399_5136973,8/11/26,,2026-2027
67014456,1202746,67_67399_5136978,8/11/26,,2026-2027
67014456,1202777,67_67399_5136978,8/11/26,,2026-2027
67014252,6 DL-SI-54,67_67399_5136973,8/11/26,,2026-2027
67014252,6 DL-SI-55,67_67399_5136973,8/11/26,,2026-2027
67013929,1 DL-SI-23,67_67399_5136973,8/11/26,,2026-2027
67013929,1DL-DI-T12,67_67399_5136973,8/11/26,,2026-2027
67014462,1202746,67_67399_5136978,8/11/26,,2026-2027
67014462,1202777,67_67399_5136978,8/11/26,,2026-2027
67013925,1 DL-SI-23,67_67399_5136973,8/11/26,,2026-2027
67013925,1DL-DI-T12,67_67399_5136973,8/11/26,,2026-2027
67014036,3 DL-SI-22,67_67399_5136973,8/11/26,,2026-2027
67014036,3 DL-SI-23,67_67399_5136973,8/11/26,,2026-2027
67014230,5 DL-SI-42,67_67399_5136973,8/11/26,,2026-2027
67014230,5 DL-SI-43,67_67399_5136973,8/11/26,,2026-2027
67014284,6 DL-SI-54,67_67399_5136973,8/11/26,,2026-2027
67014284,6 DL-SI-55,67_67399_5136973,8/11/26,,2026-2027
67014151,4 DL-SI-32,67_67399_5136973,8/11/26,,2026-2027
67014151,4 DL-SI-33,67_67399_5136973,8/11/26,,2026-2027
67014405,0495-01,67_67399_5136978,8/11/26,,2026-2027
67014405,0495-02,67_67399_5136978,8/11/26,,2026-2027
67014387,0495-01,67_67399_5136978,8/11/26,,2026-2027
67014387,0495-02,67_67399_5136978,8/11/26,,2026-2027
67014249,6 DL-SI-54,67_67399_5136973,8/11/26,,2026-2027
67014249,6 DL-SI-55,67_67399_5136973,8/11/26,,2026-2027
67014159,4 DL-SI-32,67_67399_5136973,8/11/26,,2026-2027
67014159,4 DL-SI-33,67_67399_5136973,8/11/26,,2026-2027
67014404,0495-01,67_67399_5136978,8/11/26,,2026-2027
67014404,0495-02,67_67399_5136978,8/11/26,,2026-2027
67014311,6 DL-SI-54,67_67399_5136973,8/11/26,,2026-2027
67014311,6 DL-SI-55,67_67399_5136973,8/11/26,,2026-2027
67014485,1202746,67_67399_5136978,8/11/26,,2026-2027
67014485,1202777,67_67399_5136978,8/11/26,,2026-2027
67014004,2 DL-SI-T5,67_67399_5136973,8/11/26,,2026-2027
67014004,2 DL-SI-T7,67_67399_5136973,8/11/26,,2026-2027
67014217,5 DL-SI-42,67_67399_5136973,8/11/26,,2026-2027
67014217,5 DL-SI-43,67_67399_5136973,8/11/26,,2026-2027
67014312,6 DL-SI-54,67_67399_5136973,8/11/26,,2026-2027
67014312,6 DL-SI-55,67_67399_5136973,8/11/26,,2026-2027
67014106,4 DL-SI-32,67_67399_5136973,8/11/26,,2026-2027
67014106,4 DL-SI-33,67_67399_5136973,8/11/26,,2026-2027
67014194,5 DL-SI-42,67_67399_5136973,8/11/26,,2026-2027
67014194,5 DL-SI-43,67_67399_5136973,8/11/26,,2026-2027
67014523,1202746,67_67399_5136978,8/11/26,,2026-2027
67014523,1202777,67_67399_5136978,8/11/26,,2026-2027
67014496,1202746,67_67399_5136978,8/11/26,,2026-2027
67014496,1202777,67_67399_5136978,8/11/26,,2026-2027
67014476,1202746,67_67399_5136978,8/11/26,,2026-2027
67014476,1202777,67_67399_5136978,8/11/26,,2026-2027
67014081,4 DL-SI-32,67_67399_5136973,8/11/26,,2026-2027
67014081,4 DL-SI-33,67_67399_5136973,8/11/26,,2026-2027
67014395,0495-01,67_67399_5136978,8/11/26,,2026-2027
67014395,0495-02,67_67399_5136978,8/11/26,,2026-2027
67014211,5 DL-SI-42,67_67399_5136973,8/11/26,,2026-2027
67014211,5 DL-SI-43,67_67399_5136973,8/11/26,,2026-2027
67014181,5 DL-SI-42,67_67399_5136973,8/11/26,,2026-2027
67014181,5 DL-SI-43,67_67399_5136973,8/11/26,,2026-2027
67014010,2 DL-SI-T5,67_67399_5136973,8/11/26,,2026-2027
67014010,2 DL-SI-T7,67_67399_5136973,8/11/26,,2026-2027
67014318,6 DL-SI-54,67_67399_5136973,8/11/26,,2026-2027
67014318,6 DL-SI-55,67_67399_5136973,8/11/26,,2026-2027
67014091,4 DL-SI-32,67_67399_5136973,8/11/26,,2026-2027
67014091,4 DL-SI-33,67_67399_5136973,8/11/26,,2026-2027
67014261,6 DL-SI-54,67_67399_5136973,8/11/26,,2026-2027
67014261,6 DL-SI-55,67_67399_5136973,8/11/26,,2026-2027
67014254,6 DL-SI-54,67_67399_5136973,8/11/26,,2026-2027
67014254,6 DL-SI-55,67_67399_5136973,8/11/26,,2026-2027
67014367,0495-01,67_67399_5136978,8/11/26,,2026-2027
67014367,0495-02,67_67399_5136978,8/11/26,,2026-2027
67013959,2 DL-SI-T5,67_67399_5136973,8/11/26,,2026-2027
67013959,2 DL-SI-T7,67_67399_5136973,8/11/26,,2026-2027
67014118,4 DL-SI-32,67_67399_5136973,8/11/26,,2026-2027
67014118,4 DL-SI-33,67_67399_5136973,8/11/26,,2026-2027
67014100,4 DL-SI-32,67_67399_5136973,8/11/26,,2026-2027
67014100,4 DL-SI-33,67_67399_5136973,8/11/26,,2026-2027
67014430,0495-01,67_67399_5136978,8/11/26,,2026-2027
67014430,0495-02,67_67399_5136978,8/11/26,,2026-2027
67013922,1 DL-SI-23,67_67399_5136973,8/11/26,,2026-2027
67013922,1DL-DI-T12,67_67399_5136973,8/11/26,,2026-2027
67013955,2 DL-SI-T5,67_67399_5136973,8/11/26,,2026-2027
67013955,2 DL-SI-T7,67_67399_5136973,8/11/26,,2026-2027
67014541,1202746,67_67399_5136978,8/11/26,,2026-2027
67014541,1202777,67_67399_5136978,8/11/26,,2026-2027
67014532,1202746,67_67399_5136978,8/11/26,,2026-2027
67014532,1202777,67_67399_5136978,8/11/26,,2026-2027
67014450,1202746,67_67399_5136978,8/11/26,,2026-2027
67014450,1202777,67_67399_5136978,8/11/26,,2026-2027
67014527,1202746,67_67399_5136978,8/11/26,,2026-2027
67014527,1202777,67_67399_5136978,8/11/26,,2026-2027
67013983,2 DL-SI-T5,67_67399_5136973,8/11/26,,2026-2027
67013983,2 DL-SI-T7,67_67399_5136973,8/11/26,,2026-2027
67013989,2 DL-SI-T5,67_67399_5136973,8/11/26,,2026-2027
67013989,2 DL-SI-T7,67_67399_5136973,8/11/26,,2026-2027
67014259,6 DL-SI-54,67_67399_5136973,8/11/26,,2026-2027
67014259,6 DL-SI-55,67_67399_5136973,8/11/26,,2026-2027
67014297,6 DL-SI-54,67_67399_5136973,8/11/26,,2026-2027
67014297,6 DL-SI-55,67_67399_5136973,8/11/26,,2026-2027
67014334,0495-01,67_67399_5136978,8/11/26,,2026-2027
67014334,0495-02,67_67399_5136978,8/11/26,,2026-2027
67014180,5 DL-SI-42,67_67399_5136973,8/11/26,,2026-2027
67014180,5 DL-SI-43,67_67399_5136973,8/11/26,,2026-2027
67014357,0495-01,67_67399_5136978,8/11/26,,2026-2027
67014357,0495-02,67_67399_5136978,8/11/26,,2026-2027
67014142,4 DL-SI-32,67_67399_5136973,8/11/26,,2026-2027
67014142,4 DL-SI-33,67_67399_5136973,8/11/26,,2026-2027
67014198,5 DL-SI-42,67_67399_5136973,8/11/26,,2026-2027
67014198,5 DL-SI-43,67_67399_5136973,8/11/26,,2026-2027
67014434,0495-01,67_67399_5136978,8/11/26,,2026-2027
67014434,0495-02,67_67399_5136978,8/11/26,,2026-2027
67014065,3 DL-SI-22,67_67399_5136973,8/11/26,,2026-2027
67014065,3 DL-SI-23,67_67399_5136973,8/11/26,,2026-2027
67014303,6 DL-SI-54,67_67399_5136973,8/11/26,,2026-2027
67014303,6 DL-SI-55,67_67399_5136973,8/11/26,,2026-2027
67014273,6 DL-SI-54,67_67399_5136973,8/11/26,,2026-2027
67014273,6 DL-SI-55,67_67399_5136973,8/11/26,,2026-2027
67014121,4 DL-SI-32,67_67399_5136973,8/11/26,,2026-2027
67014121,4 DL-SI-33,67_67399_5136973,8/11/26,,2026-2027
67014021,3 DL-SI-22,67_67399_5136973,8/11/26,,2026-2027
67014021,3 DL-SI-23,67_67399_5136973,8/11/26,,2026-2027
67014421,0495-01,67_67399_5136978,8/11/26,,2026-2027
67014421,0495-02,67_67399_5136978,8/11/26,,2026-2027
67013960,2 DL-SI-T5,67_67399_5136973,8/11/26,,2026-2027
67013960,2 DL-SI-T7,67_67399_5136973,8/11/26,,2026-2027
67014341,0495-01,67_67399_5136978,8/11/26,,2026-2027
67014341,0495-02,67_67399_5136978,8/11/26,,2026-2027
67014067,3 DL-SI-22,67_67399_5136973,8/11/26,,2026-2027
67014067,3 DL-SI-23,67_67399_5136973,8/11/26,,2026-2027
67014115,4 DL-SI-32,67_67399_5136973,8/11/26,,2026-2027
67014115,4 DL-SI-33,67_67399_5136973,8/11/26,,2026-2027
67014283,6 DL-SI-54,67_67399_5136973,8/11/26,,2026-2027
67014283,6 DL-SI-55,67_67399_5136973,8/11/26,,2026-2027
67014418,0495-01,67_67399_5136978,8/11/26,,2026-2027
67014418,0495-02,67_67399_5136978,8/11/26,,2026-2027
67014414,0495-01,67_67399_5136978,8/11/26,,2026-2027
67014414,0495-02,67_67399_5136978,8/11/26,,2026-2027
67014193,5 DL-SI-42,67_67399_5136973,8/11/26,,2026-2027
67014193,5 DL-SI-43,67_67399_5136973,8/11/26,,2026-2027
67013945,2 DL-SI-T5,67_67399_5136973,8/11/26,,2026-2027
67013945,2 DL-SI-T7,67_67399_5136973,8/11/26,,2026-2027
67014247,6 DL-SI-54,67_67399_5136973,8/11/26,,2026-2027
67014247,6 DL-SI-55,67_67399_5136973,8/11/26,,2026-2027
67014323,6 DL-SI-54,67_67399_5136973,8/11/26,,2026-2027
67014323,6 DL-SI-55,67_67399_5136973,8/11/26,,2026-2027
67014235,6 DL-SI-54,67_67399_5136973,8/11/26,,2026-2027
67014235,6 DL-SI-55,67_67399_5136973,8/11/26,,2026-2027
67014116,4 DL-SI-32,67_67399_5136973,8/11/26,,2026-2027
67014116,4 DL-SI-33,67_67399_5136973,8/11/26,,2026-2027
67014299,6 DL-SI-54,67_67399_5136973,8/11/26,,2026-2027
67014299,6 DL-SI-55,67_67399_5136973,8/11/26,,2026-2027
67014264,6 DL-SI-54,67_67399_5136973,8/11/26,,2026-2027
67014264,6 DL-SI-55,67_67399_5136973,8/11/26,,2026-2027
67014281,6 DL-SI-54,67_67399_5136973,8/11/26,,2026-2027
67014281,6 DL-SI-55,67_67399_5136973,8/11/26,,2026-2027
67014070,3 DL-SI-22,67_67399_5136973,8/11/26,,2026-2027
67014070,3 DL-SI-23,67_67399_5136973,8/11/26,,2026-2027
67014338,0495-01,67_67399_5136978,8/11/26,,2026-2027
67014338,0495-02,67_67399_5136978,8/11/26,,2026-2027
67014477,1202746,67_67399_5136978,8/11/26,,2026-2027
67014477,1202777,67_67399_5136978,8/11/26,,2026-2027
67014435,0495-01,67_67399_5136978,8/11/26,,2026-2027
67014435,0495-02,67_67399_5136978,8/11/26,,2026-2027
67014243,6 DL-SI-54,67_67399_5136973,8/11/26,,2026-2027
67014243,6 DL-SI-55,67_67399_5136973,8/11/26,,2026-2027
67014083,4 DL-SI-32,67_67399_5136973,8/11/26,,2026-2027
67014083,4 DL-SI-33,67_67399_5136973,8/11/26,,2026-2027
67014183,5 DL-SI-42,67_67399_5136973,8/11/26,,2026-2027
67014183,5 DL-SI-43,67_67399_5136973,8/11/26,,2026-2027
67013971,2 DL-SI-T5,67_67399_5136973,8/11/26,,2026-2027
67013971,2 DL-SI-T7,67_67399_5136973,8/11/26,,2026-2027
67014519,1202746,67_67399_5136978,8/11/26,,2026-2027
67014519,1202777,67_67399_5136978,8/11/26,,2026-2027
67014373,0495-01,67_67399_5136978,8/11/26,,2026-2027
67014373,0495-02,67_67399_5136978,8/11/26,,2026-2027
67014448,0495-01,67_67399_5136978,8/11/26,,2026-2027
67014448,0495-02,67_67399_5136978,8/11/26,,2026-2027
67014209,5 DL-SI-42,67_67399_5136973,8/11/26,,2026-2027
67014209,5 DL-SI-43,67_67399_5136973,8/11/26,,2026-2027
67013979,2 DL-SI-T5,67_67399_5136973,8/11/26,,2026-2027
67013979,2 DL-SI-T7,67_67399_5136973,8/11/26,,2026-2027
67014294,6 DL-SI-54,67_67399_5136973,8/11/26,,2026-2027
67014294,6 DL-SI-55,67_67399_5136973,8/11/26,,2026-2027
67014131,4 DL-SI-32,67_67399_5136973,8/11/26,,2026-2027
67014131,4 DL-SI-33,67_67399_5136973,8/11/26,,2026-2027
67014077,4 DL-SI-32,67_67399_5136973,8/11/26,,2026-2027
67014077,4 DL-SI-33,67_67399_5136973,8/11/26,,2026-2027
67014200,5 DL-SI-42,67_67399_5136973,8/11/26,,2026-2027
67014200,5 DL-SI-43,67_67399_5136973,8/11/26,,2026-2027
67014128,4 DL-SI-32,67_67399_5136973,8/11/26,,2026-2027
67014128,4 DL-SI-33,67_67399_5136973,8/11/26,,2026-2027
67014438,0495-01,67_67399_5136978,8/11/26,,2026-2027
67014438,0495-02,67_67399_5136978,8/11/26,,2026-2027
67014104,4 DL-SI-32,67_67399_5136973,8/11/26,,2026-2027
67014104,4 DL-SI-33,67_67399_5136973,8/11/26,,2026-2027
67014521,1202746,67_67399_5136978,8/11/26,,2026-2027
67014521,1202777,67_67399_5136978,8/11/26,,2026-2027
67013981,2 DL-SI-T5,67_67399_5136973,8/11/26,,2026-2027
67013981,2 DL-SI-T7,67_67399_5136973,8/11/26,,2026-2027
67014079,4 DL-SI-32,67_67399_5136973,8/11/26,,2026-2027
67014079,4 DL-SI-33,67_67399_5136973,8/11/26,,2026-2027
67014101,4 DL-SI-32,67_67399_5136973,8/11/26,,2026-2027
67014101,4 DL-SI-33,67_67399_5136973,8/11/26,,2026-2027
67014150,4 DL-SI-32,67_67399_5136973,8/11/26,,2026-2027
67014150,4 DL-SI-33,67_67399_5136973,8/11/26,,2026-2027
67014390,0495-01,67_67399_5136978,8/11/26,,2026-2027
67014390,0495-02,67_67399_5136978,8/11/26,,2026-2027
67014064,3 DL-SI-22,67_67399_5136973,8/11/26,,2026-2027
67014064,3 DL-SI-23,67_67399_5136973,8/11/26,,2026-2027
67014127,4 DL-SI-32,67_67399_5136973,8/11/26,,2026-2027
67014127,4 DL-SI-33,67_67399_5136973,8/11/26,,2026-2027
67014170,5 DL-SI-42,67_67399_5136973,8/11/26,,2026-2027
67014170,5 DL-SI-43,67_67399_5136973,8/11/26,,2026-2027
67014016,2 DL-SI-T5,67_67399_5136973,8/11/26,,2026-2027
67014016,2 DL-SI-T7,67_67399_5136973,8/11/26,,2026-2027
67014161,5 DL-SI-42,67_67399_5136973,8/11/26,,2026-2027
67014161,5 DL-SI-43,67_67399_5136973,8/11/26,,2026-2027
67014286,6 DL-SI-54,67_67399_5136973,8/11/26,,2026-2027
67014286,6 DL-SI-55,67_67399_5136973,8/11/26,,2026-2027
67014215,5 DL-SI-42,67_67399_5136973,8/11/26,,2026-2027
67014215,5 DL-SI-43,67_67399_5136973,8/11/26,,2026-2027
67014486,1202746,67_67399_5136978,8/11/26,,2026-2027
67014486,1202777,67_67399_5136978,8/11/26,,2026-2027
67013933,1 DL-SI-23,67_67399_5136973,8/11/26,,2026-2027
67013933,1DL-DI-T12,67_67399_5136973,8/11/26,,2026-2027
67013990,2 DL-SI-T5,67_67399_5136973,8/11/26,,2026-2027
67013990,2 DL-SI-T7,67_67399_5136973,8/11/26,,2026-2027
67014113,4 DL-SI-32,67_67399_5136973,8/11/26,,2026-2027
67014113,4 DL-SI-33,67_67399_5136973,8/11/26,,2026-2027
67014518,1202746,67_67399_5136978,8/11/26,,2026-2027
67014518,1202777,67_67399_5136978,8/11/26,,2026-2027
67014119,4 DL-SI-32,67_67399_5136973,8/11/26,,2026-2027
67014119,4 DL-SI-33,67_67399_5136973,8/11/26,,2026-2027
67014214,5 DL-SI-42,67_67399_5136973,8/11/26,,2026-2027
67014214,5 DL-SI-43,67_67399_5136973,8/11/26,,2026-2027
67013995,2 DL-SI-T5,67_67399_5136973,8/11/26,,2026-2027
67013995,2 DL-SI-T7,67_67399_5136973,8/11/26,,2026-2027
67013958,2 DL-SI-T5,67_67399_5136973,8/11/26,,2026-2027
67013958,2 DL-SI-T7,67_67399_5136973,8/11/26,,2026-2027
67014220,5 DL-SI-42,67_67399_5136973,8/11/26,,2026-2027
67014220,5 DL-SI-43,67_67399_5136973,8/11/26,,2026-2027
67014358,0495-01,67_67399_5136978,8/11/26,,2026-2027
67014358,0495-02,67_67399_5136978,8/11/26,,2026-2027
67014187,5 DL-SI-42,67_67399_5136973,8/11/26,,2026-2027
67014187,5 DL-SI-43,67_67399_5136973,8/11/26,,2026-2027
67014360,0495-01,67_67399_5136978,8/11/26,,2026-2027
67014360,0495-02,67_67399_5136978,8/11/26,,2026-2027
67014460,1202746,67_67399_5136978,8/11/26,,2026-2027
67014460,1202777,67_67399_5136978,8/11/26,,2026-2027
67014446,0495-01,67_67399_5136978,8/11/26,,2026-2027
67014446,0495-02,67_67399_5136978,8/11/26,,2026-2027
67014419,0495-01,67_67399_5136978,8/11/26,,2026-2027
67014419,0495-02,67_67399_5136978,8/11/26,,2026-2027
67014475,1202746,67_67399_5136978,8/11/26,,2026-2027
67014475,1202777,67_67399_5136978,8/11/26,,2026-2027
67014332,6 DL-SI-54,67_67399_5136973,8/11/26,,2026-2027
67014332,6 DL-SI-55,67_67399_5136973,8/11/26,,2026-2027
67014507,1202746,67_67399_5136978,8/11/26,,2026-2027
67014507,1202777,67_67399_5136978,8/11/26,,2026-2027
67013975,2 DL-SI-T5,67_67399_5136973,8/11/26,,2026-2027
67013975,2 DL-SI-T7,67_67399_5136973,8/11/26,,2026-2027
67013938,2 DL-SI-T5,67_67399_5136973,8/11/26,,2026-2027
67013938,2 DL-SI-T7,67_67399_5136973,8/11/26,,2026-2027
67014109,4 DL-SI-32,67_67399_5136973,8/11/26,,2026-2027
67014109,4 DL-SI-33,67_67399_5136973,8/11/26,,2026-2027
67014268,6 DL-SI-54,67_67399_5136973,8/11/26,,2026-2027
67014268,6 DL-SI-55,67_67399_5136973,8/11/26,,2026-2027
67014386,0495-01,67_67399_5136978,8/11/26,,2026-2027
67014386,0495-02,67_67399_5136978,8/11/26,,2026-2027
67014463,1202746,67_67399_5136978,8/11/26,,2026-2027
67014463,1202777,67_67399_5136978,8/11/26,,2026-2027
67014544,1202746,67_67399_5136978,8/11/26,,2026-2027
67014544,1202777,67_67399_5136978,8/11/26,,2026-2027
67014342,0495-01,67_67399_5136978,8/11/26,,2026-2027
67014342,0495-02,67_67399_5136978,8/11/26,,2026-2027
67014307,6 DL-SI-54,67_67399_5136973,8/11/26,,2026-2027
67014307,6 DL-SI-55,67_67399_5136973,8/11/26,,2026-2027
67014512,1202746,67_67399_5136978,8/11/26,,2026-2027
67014512,1202777,67_67399_5136978,8/11/26,,2026-2027
67014959,6JN-S1-23,67_67399_5136974,8/11/26,,2026-2027
67014959,6JN-SI-20,67_67399_5136974,8/11/26,,2026-2027
67015059,0495-01,67_67399_5136978,8/11/26,,2026-2027
67015059,0495-02,67_67399_5136978,8/11/26,,2026-2027
67014696,4JN-SI-16,67_67399_5136974,8/11/26,,2026-2027
67014696,4JN-SI-17,67_67399_5136974,8/11/26,,2026-2027
67015090,1202746,67_67399_5136978,8/11/26,,2026-2027
67015090,1202777,67_67399_5136978,8/11/26,,2026-2027
67014678,3JN-SI-03,67_67399_5136974,8/11/26,,2026-2027
67014678,3JN-SI-04,67_67399_5136974,8/11/26,,2026-2027
67014622,2JN-SI-08,67_67399_5136974,8/11/26,,2026-2027
67014622,2JN-SI-09,67_67399_5136974,8/11/26,,2026-2027
67015147,1202746,67_67399_5136978,8/11/26,,2026-2027
67015147,1202777,67_67399_5136978,8/11/26,,2026-2027
67014857,5JN-SI-14,67_67399_5136974,8/11/26,,2026-2027
67014857,5JN-SI-15,67_67399_5136974,8/11/26,,2026-2027
67014649,3JN-SI-03,67_67399_5136974,8/11/26,,2026-2027
67014649,3JN-SI-04,67_67399_5136974,8/11/26,,2026-2027
67014705,4JN-SI-16,67_67399_5136974,8/11/26,,2026-2027
67014705,4JN-SI-17,67_67399_5136974,8/11/26,,2026-2027
67015097,1202746,67_67399_5136978,8/11/26,,2026-2027
67015097,1202777,67_67399_5136978,8/11/26,,2026-2027
67014656,3JN-SI-03,67_67399_5136974,8/11/26,,2026-2027
67014656,3JN-SI-04,67_67399_5136974,8/11/26,,2026-2027
67014913,6JN-S1-23,67_67399_5136974,8/11/26,,2026-2027
67014913,6JN-SI-20,67_67399_5136974,8/11/26,,2026-2027
67014944,6JN-S1-23,67_67399_5136974,8/11/26,,2026-2027
67014944,6JN-SI-20,67_67399_5136974,8/11/26,,2026-2027
67014663,3JN-SI-03,67_67399_5136974,8/11/26,,2026-2027
67014663,3JN-SI-04,67_67399_5136974,8/11/26,,2026-2027
67015081,0495-01,67_67399_5136978,8/11/26,,2026-2027
67015081,0495-02,67_67399_5136978,8/11/26,,2026-2027
67014882,6JN-S1-23,67_67399_5136974,8/11/26,,2026-2027
67014882,6JN-SI-20,67_67399_5136974,8/11/26,,2026-2027
67014686,3JN-SI-03,67_67399_5136974,8/11/26,,2026-2027
67014686,3JN-SI-04,67_67399_5136974,8/11/26,,2026-2027
67014623,2JN-SI-08,67_67399_5136974,8/11/26,,2026-2027
67014623,2JN-SI-09,67_67399_5136974,8/11/26,,2026-2027
67015176,1202746,67_67399_5136978,8/11/26,,2026-2027
67015176,1202777,67_67399_5136978,8/11/26,,2026-2027
67014866,5JN-SI-14,67_67399_5136974,8/11/26,,2026-2027
67014866,5JN-SI-15,67_67399_5136974,8/11/26,,2026-2027
67014897,6JN-S1-23,67_67399_5136974,8/11/26,,2026-2027
67014897,6JN-SI-20,67_67399_5136974,8/11/26,,2026-2027
67014937,6JN-S1-23,67_67399_5136974,8/11/26,,2026-2027
67014937,6JN-SI-20,67_67399_5136974,8/11/26,,2026-2027
67014797,5JN-SI-14,67_67399_5136974,8/11/26,,2026-2027
67014797,5JN-SI-15,67_67399_5136974,8/11/26,,2026-2027
67014568,1JN-SI-11,67_67399_5136974,8/11/26,,2026-2027
67014568,1JN-SI-12,67_67399_5136974,8/11/26,,2026-2027
67014892,6JN-S1-23,67_67399_5136974,8/11/26,,2026-2027
67014892,6JN-SI-20,67_67399_5136974,8/11/26,,2026-2027
67014723,4JN-SI-16,67_67399_5136974,8/11/26,,2026-2027
67014723,4JN-SI-17,67_67399_5136974,8/11/26,,2026-2027
67014888,6JN-S1-23,67_67399_5136974,8/11/26,,2026-2027
67014888,6JN-SI-20,67_67399_5136974,8/11/26,,2026-2027
67015094,1202746,67_67399_5136978,8/11/26,,2026-2027
67015094,1202777,67_67399_5136978,8/11/26,,2026-2027
67015104,1202746,67_67399_5136978,8/11/26,,2026-2027
67015104,1202777,67_67399_5136978,8/11/26,,2026-2027
67014811,5JN-SI-14,67_67399_5136974,8/11/26,,2026-2027
67014811,5JN-SI-15,67_67399_5136974,8/11/26,,2026-2027
67014863,5JN-SI-14,67_67399_5136974,8/11/26,,2026-2027
67014863,5JN-SI-15,67_67399_5136974,8/11/26,,2026-2027
67014682,3JN-SI-03,67_67399_5136974,8/11/26,,2026-2027
67014682,3JN-SI-04,67_67399_5136974,8/11/26,,2026-2027
67015058,0495-01,67_67399_5136978,8/11/26,,2026-2027
67015058,0495-02,67_67399_5136978,8/11/26,,2026-2027
67014965,6JN-S1-23,67_67399_5136974,8/11/26,,2026-2027
67014965,6JN-SI-20,67_67399_5136974,8/11/26,,2026-2027
67015178,1202746,67_67399_5136978,8/11/26,,2026-2027
67015178,1202777,67_67399_5136978,8/11/26,,2026-2027
67014761,4JN-SI-16,67_67399_5136974,8/11/26,,2026-2027
67014761,4JN-SI-17,67_67399_5136974,8/11/26,,2026-2027
67014640,2JN-SI-08,67_67399_5136974,8/11/26,,2026-2027
67014640,2JN-SI-09,67_67399_5136974,8/11/26,,2026-2027
67015159,1202746,67_67399_5136978,8/11/26,,2026-2027
67015159,1202777,67_67399_5136978,8/11/26,,2026-2027
67014877,6JN-S1-23,67_67399_5136974,8/11/26,,2026-2027
67014877,6JN-SI-20,67_67399_5136974,8/11/26,,2026-2027
67014836,5JN-SI-14,67_67399_5136974,8/11/26,,2026-2027
67014836,5JN-SI-15,67_67399_5136974,8/11/26,,2026-2027
67014714,4JN-SI-16,67_67399_5136974,8/11/26,,2026-2027
67014714,4JN-SI-17,67_67399_5136974,8/11/26,,2026-2027
67014979,0495-01,67_67399_5136978,8/11/26,,2026-2027
67014979,0495-02,67_67399_5136978,8/11/26,,2026-2027
67015065,0495-01,67_67399_5136978,8/11/26,,2026-2027
67015065,0495-02,67_67399_5136978,8/11/26,,2026-2027
67014576,2JN-SI-08,67_67399_5136974,8/11/26,,2026-2027
67014576,2JN-SI-09,67_67399_5136974,8/11/26,,2026-2027
67014658,3JN-SI-03,67_67399_5136974,8/11/26,,2026-2027
67014658,3JN-SI-04,67_67399_5136974,8/11/26,,2026-2027
67015013,0495-01,67_67399_5136978,8/11/26,,2026-2027
67015013,0495-02,67_67399_5136978,8/11/26,,2026-2027
67015093,1202746,67_67399_5136978,8/11/26,,2026-2027
67015093,1202777,67_67399_5136978,8/11/26,,2026-2027
67014776,5JN-SI-14,67_67399_5136974,8/11/26,,2026-2027
67014776,5JN-SI-15,67_67399_5136974,8/11/26,,2026-2027
67014796,5JN-SI-14,67_67399_5136974,8/11/26,,2026-2027
67014796,5JN-SI-15,67_67399_5136974,8/11/26,,2026-2027
67014835,5JN-SI-14,67_67399_5136974,8/11/26,,2026-2027
67014835,5JN-SI-15,67_67399_5136974,8/11/26,,2026-2027
67015017,0495-01,67_67399_5136978,8/11/26,,2026-2027
67015017,0495-02,67_67399_5136978,8/11/26,,2026-2027
67014612,2JN-SI-08,67_67399_5136974,8/11/26,,2026-2027
67014612,2JN-SI-09,67_67399_5136974,8/11/26,,2026-2027
67014657,3JN-SI-03,67_67399_5136974,8/11/26,,2026-2027
67014657,3JN-SI-04,67_67399_5136974,8/11/26,,2026-2027
67015010,0495-01,67_67399_5136978,8/11/26,,2026-2027
67015010,0495-02,67_67399_5136978,8/11/26,,2026-2027
67015024,0495-01,67_67399_5136978,8/11/26,,2026-2027
67015024,0495-02,67_67399_5136978,8/11/26,,2026-2027
67015054,0495-01,67_67399_5136978,8/11/26,,2026-2027
67015054,0495-02,67_67399_5136978,8/11/26,,2026-2027
67014813,5JN-SI-14,67_67399_5136974,8/11/26,,2026-2027
67014813,5JN-SI-15,67_67399_5136974,8/11/26,,2026-2027
67014633,2JN-SI-08,67_67399_5136974,8/11/26,,2026-2027
67014633,2JN-SI-09,67_67399_5136974,8/11/26,,2026-2027
67015185,1202746,67_67399_5136978,8/11/26,,2026-2027
67015185,1202777,67_67399_5136978,8/11/26,,2026-2027
67014694,3JN-SI-03,67_67399_5136974,8/11/26,,2026-2027
67014694,3JN-SI-04,67_67399_5136974,8/11/26,,2026-2027
67014808,5JN-SI-14,67_67399_5136974,8/11/26,,2026-2027
67014808,5JN-SI-15,67_67399_5136974,8/11/26,,2026-2027
67014645,2JN-SI-08,67_67399_5136974,8/11/26,,2026-2027
67014645,2JN-SI-09,67_67399_5136974,8/11/26,,2026-2027
67014639,2JN-SI-08,67_67399_5136974,8/11/26,,2026-2027
67014639,2JN-SI-09,67_67399_5136974,8/11/26,,2026-2027
67014722,4JN-SI-16,67_67399_5136974,8/11/26,,2026-2027
67014722,4JN-SI-17,67_67399_5136974,8/11/26,,2026-2027
67014981,0495-01,67_67399_5136978,8/11/26,,2026-2027
67014981,0495-02,67_67399_5136978,8/11/26,,2026-2027
67014958,6JN-S1-23,67_67399_5136974,8/11/26,,2026-2027
67014958,6JN-SI-20,67_67399_5136974,8/11/26,,2026-2027
67015136,1202746,67_67399_5136978,8/11/26,,2026-2027
67015136,1202777,67_67399_5136978,8/11/26,,2026-2027
67015120,1202746,67_67399_5136978,8/11/26,,2026-2027
67015120,1202777,67_67399_5136978,8/11/26,,2026-2027
67014558,1JN-SI-11,67_67399_5136974,8/11/26,,2026-2027
67014558,1JN-SI-12,67_67399_5136974,8/11/26,,2026-2027
67014725,4JN-SI-16,67_67399_5136974,8/11/26,,2026-2027
67014725,4JN-SI-17,67_67399_5136974,8/11/26,,2026-2027
67014606,2JN-SI-08,67_67399_5136974,8/11/26,,2026-2027
67014606,2JN-SI-09,67_67399_5136974,8/11/26,,2026-2027
67014666,3JN-SI-03,67_67399_5136974,8/11/26,,2026-2027
67014666,3JN-SI-04,67_67399_5136974,8/11/26,,2026-2027
67015069,0495-01,67_67399_5136978,8/11/26,,2026-2027
67015069,0495-02,67_67399_5136978,8/11/26,,2026-2027
67015163,1202746,67_67399_5136978,8/11/26,,2026-2027
67015163,1202777,67_67399_5136978,8/11/26,,2026-2027
67014876,6JN-S1-23,67_67399_5136974,8/11/26,,2026-2027
67014876,6JN-SI-20,67_67399_5136974,8/11/26,,2026-2027
67014672,3JN-SI-03,67_67399_5136974,8/11/26,,2026-2027
67014672,3JN-SI-04,67_67399_5136974,8/11/26,,2026-2027
67014867,6JN-S1-23,67_67399_5136974,8/11/26,,2026-2027
67014867,6JN-SI-20,67_67399_5136974,8/11/26,,2026-2027
67014898,6JN-S1-23,67_67399_5136974,8/11/26,,2026-2027
67014898,6JN-SI-20,67_67399_5136974,8/11/26,,2026-2027
67014919,6JN-S1-23,67_67399_5136974,8/11/26,,2026-2027
67014919,6JN-SI-20,67_67399_5136974,8/11/26,,2026-2027
67015000,0495-01,67_67399_5136978,8/11/26,,2026-2027
67015000,0495-02,67_67399_5136978,8/11/26,,2026-2027
67014790,5JN-SI-14,67_67399_5136974,8/11/26,,2026-2027
67014790,5JN-SI-15,67_67399_5136974,8/11/26,,2026-2027
67014736,4JN-SI-16,67_67399_5136974,8/11/26,,2026-2027
67014736,4JN-SI-17,67_67399_5136974,8/11/26,,2026-2027
67015106,1202746,67_67399_5136978,8/11/26,,2026-2027
67015106,1202777,67_67399_5136978,8/11/26,,2026-2027
67014974,0495-01,67_67399_5136978,8/11/26,,2026-2027
67014974,0495-02,67_67399_5136978,8/11/26,,2026-2027
67014812,5JN-SI-14,67_67399_5136974,8/11/26,,2026-2027
67014812,5JN-SI-15,67_67399_5136974,8/11/26,,2026-2027
67014609,2JN-SI-08,67_67399_5136974,8/11/26,,2026-2027
67014609,2JN-SI-09,67_67399_5136974,8/11/26,,2026-2027
67014554,1JN-SI-11,67_67399_5136974,8/11/26,,2026-2027
67014554,1JN-SI-12,67_67399_5136974,8/11/26,,2026-2027
67015129,1202746,67_67399_5136978,8/11/26,,2026-2027
67015129,1202777,67_67399_5136978,8/11/26,,2026-2027
67014699,4JN-SI-16,67_67399_5136974,8/11/26,,2026-2027
67014699,4JN-SI-17,67_67399_5136974,8/11/26,,2026-2027
67014615,2JN-SI-08,67_67399_5136974,8/11/26,,2026-2027
67014615,2JN-SI-09,67_67399_5136974,8/11/26,,2026-2027
67014996,0495-01,67_67399_5136978,8/11/26,,2026-2027
67014996,0495-02,67_67399_5136978,8/11/26,,2026-2027
67014845,5JN-SI-14,67_67399_5136974,8/11/26,,2026-2027
67014845,5JN-SI-15,67_67399_5136974,8/11/26,,2026-2027
67015038,0495-01,67_67399_5136978,8/11/26,,2026-2027
67015038,0495-02,67_67399_5136978,8/11/26,,2026-2027
67014893,6JN-S1-23,67_67399_5136974,8/11/26,,2026-2027
67014893,6JN-SI-20,67_67399_5136974,8/11/26,,2026-2027
67014732,4JN-SI-16,67_67399_5136974,8/11/26,,2026-2027
67014732,4JN-SI-17,67_67399_5136974,8/11/26,,2026-2027
67014846,5JN-SI-14,67_67399_5136974,8/11/26,,2026-2027
67014846,5JN-SI-15,67_67399_5136974,8/11/26,,2026-2027
67014750,4JN-SI-16,67_67399_5136974,8/11/26,,2026-2027
67014750,4JN-SI-17,67_67399_5136974,8/11/26,,2026-2027
67014843,5JN-SI-14,67_67399_5136974,8/11/26,,2026-2027
67014843,5JN-SI-15,67_67399_5136974,8/11/26,,2026-2027
67014601,2JN-SI-08,67_67399_5136974,8/11/26,,2026-2027
67014601,2JN-SI-09,67_67399_5136974,8/11/26,,2026-2027
67014997,0495-01,67_67399_5136978,8/11/26,,2026-2027
67014997,0495-02,67_67399_5136978,8/11/26,,2026-2027
67014707,4JN-SI-16,67_67399_5136974,8/11/26,,2026-2027
67014707,4JN-SI-17,67_67399_5136974,8/11/26,,2026-2027
67014655,3JN-SI-03,67_67399_5136974,8/11/26,,2026-2027
67014655,3JN-SI-04,67_67399_5136974,8/11/26,,2026-2027
67015039,0495-01,67_67399_5136978,8/11/26,,2026-2027
67015039,0495-02,67_67399_5136978,8/11/26,,2026-2027
67014754,4JN-SI-16,67_67399_5136974,8/11/26,,2026-2027
67014754,4JN-SI-17,67_67399_5136974,8/11/26,,2026-2027
67014647,3JN-SI-03,67_67399_5136974,8/11/26,,2026-2027
67014647,3JN-SI-04,67_67399_5136974,8/11/26,,2026-2027
67014929,6JN-S1-23,67_67399_5136974,8/11/26,,2026-2027
67014929,6JN-SI-20,67_67399_5136974,8/11/26,,2026-2027
67014604,2JN-SI-08,67_67399_5136974,8/11/26,,2026-2027
67014604,2JN-SI-09,67_67399_5136974,8/11/26,,2026-2027
67014936,6JN-S1-23,67_67399_5136974,8/11/26,,2026-2027
67014936,6JN-SI-20,67_67399_5136974,8/11/26,,2026-2027
67014572,2JN-SI-08,67_67399_5136974,8/11/26,,2026-2027
67014572,2JN-SI-09,67_67399_5136974,8/11/26,,2026-2027
67014585,2JN-SI-08,67_67399_5136974,8/11/26,,2026-2027
67014585,2JN-SI-09,67_67399_5136974,8/11/26,,2026-2027
67015018,0495-01,67_67399_5136978,8/11/26,,2026-2027
67015018,0495-02,67_67399_5136978,8/11/26,,2026-2027
67014570,1JN-SI-11,67_67399_5136974,8/11/26,,2026-2027
67014570,1JN-SI-12,67_67399_5136974,8/11/26,,2026-2027
67015015,0495-01,67_67399_5136978,8/11/26,,2026-2027
67015015,0495-02,67_67399_5136978,8/11/26,,2026-2027
67014894,6JN-S1-23,67_67399_5136974,8/11/26,,2026-2027
67014894,6JN-SI-20,67_67399_5136974,8/11/26,,2026-2027
67014662,3JN-SI-03,67_67399_5136974,8/11/26,,2026-2027
67014662,3JN-SI-04,67_67399_5136974,8/11/26,,2026-2027
67015046,0495-01,67_67399_5136978,8/11/26,,2026-2027
67015046,0495-02,67_67399_5136978,8/11/26,,2026-2027
67014780,5JN-SI-14,67_67399_5136974,8/11/26,,2026-2027
67014780,5JN-SI-15,67_67399_5136974,8/11/26,,2026-2027
67014619,2JN-SI-08,67_67399_5136974,8/11/26,,2026-2027
67014619,2JN-SI-09,67_67399_5136974,8/11/26,,2026-2027
67014860,5JN-SI-14,67_67399_5136974,8/11/26,,2026-2027
67014860,5JN-SI-15,67_67399_5136974,8/11/26,,2026-2027
67014968,6JN-S1-23,67_67399_5136974,8/11/26,,2026-2027
67014968,6JN-SI-20,67_67399_5136974,8/11/26,,2026-2027
67014991,0495-01,67_67399_5136978,8/11/26,,2026-2027
67014991,0495-02,67_67399_5136978,8/11/26,,2026-2027
67015009,0495-01,67_67399_5136978,8/11/26,,2026-2027
67015009,0495-02,67_67399_5136978,8/11/26,,2026-2027
67014801,5JN-SI-14,67_67399_5136974,8/11/26,,2026-2027
67014801,5JN-SI-15,67_67399_5136974,8/11/26,,2026-2027
67014758,4JN-SI-16,67_67399_5136974,8/11/26,,2026-2027
67014758,4JN-SI-17,67_67399_5136974,8/11/26,,2026-2027
67015068,0495-01,67_67399_5136978,8/11/26,,2026-2027
67015068,0495-02,67_67399_5136978,8/11/26,,2026-2027
67015160,1202746,67_67399_5136978,8/11/26,,2026-2027
67015160,1202777,67_67399_5136978,8/11/26,,2026-2027
67014630,2JN-SI-08,67_67399_5136974,8/11/26,,2026-2027
67014630,2JN-SI-09,67_67399_5136974,8/11/26,,2026-2027
67014818,5JN-SI-14,67_67399_5136974,8/11/26,,2026-2027
67014818,5JN-SI-15,67_67399_5136974,8/11/26,,2026-2027
67015192,1202746,67_67399_5136978,8/11/26,,2026-2027
67015192,1202777,67_67399_5136978,8/11/26,,2026-2027
67014560,1JN-SI-11,67_67399_5136974,8/11/26,,2026-2027
67014560,1JN-SI-12,67_67399_5136974,8/11/26,,2026-2027
67015034,0495-01,67_67399_5136978,8/11/26,,2026-2027
67015034,0495-02,67_67399_5136978,8/11/26,,2026-2027
67014825,5JN-SI-14,67_67399_5136974,8/11/26,,2026-2027
67014825,5JN-SI-15,67_67399_5136974,8/11/26,,2026-2027
67015152,1202746,67_67399_5136978,8/11/26,,2026-2027
67015152,1202777,67_67399_5136978,8/11/26,,2026-2027
67014886,6JN-S1-23,67_67399_5136974,8/11/26,,2026-2027
67014886,6JN-SI-20,67_67399_5136974,8/11/26,,2026-2027
67014805,5JN-SI-14,67_67399_5136974,8/11/26,,2026-2027
67014805,5JN-SI-15,67_67399_5136974,8/11/26,,2026-2027
67015170,1202746,67_67399_5136978,8/11/26,,2026-2027
67015170,1202777,67_67399_5136978,8/11/26,,2026-2027
67014684,3JN-SI-03,67_67399_5136974,8/11/26,,2026-2027
67014684,3JN-SI-04,67_67399_5136974,8/11/26,,2026-2027
67015156,1202746,67_67399_5136978,8/11/26,,2026-2027
67015156,1202777,67_67399_5136978,8/11/26,,2026-2027
67015164,1202746,67_67399_5136978,8/11/26,,2026-2027
67015164,1202777,67_67399_5136978,8/11/26,,2026-2027
67015023,0495-01,67_67399_5136978,8/11/26,,2026-2027
67015023,0495-02,67_67399_5136978,8/11/26,,2026-2027
67014579,2JN-SI-08,67_67399_5136974,8/11/26,,2026-2027
67014579,2JN-SI-09,67_67399_5136974,8/11/26,,2026-2027
67014747,4JN-SI-16,67_67399_5136974,8/11/26,,2026-2027
67014747,4JN-SI-17,67_67399_5136974,8/11/26,,2026-2027
67014561,1JN-SI-11,67_67399_5136974,8/11/26,,2026-2027
67014561,1JN-SI-12,67_67399_5136974,8/11/26,,2026-2027
67014729,4JN-SI-16,67_67399_5136974,8/11/26,,2026-2027
67014729,4JN-SI-17,67_67399_5136974,8/11/26,,2026-2027
67014590,2JN-SI-08,67_67399_5136974,8/11/26,,2026-2027
67014590,2JN-SI-09,67_67399_5136974,8/11/26,,2026-2027
67014975,0495-01,67_67399_5136978,8/11/26,,2026-2027
67014975,0495-02,67_67399_5136978,8/11/26,,2026-2027
67014799,5JN-SI-14,67_67399_5136974,8/11/26,,2026-2027
67014799,5JN-SI-15,67_67399_5136974,8/11/26,,2026-2027
67014760,4JN-SI-16,67_67399_5136974,8/11/26,,2026-2027
67014760,4JN-SI-17,67_67399_5136974,8/11/26,,2026-2027
67014551,1JN-SI-11,67_67399_5136974,8/11/26,,2026-2027
67014551,1JN-SI-12,67_67399_5136974,8/11/26,,2026-2027
67015193,1202746,67_67399_5136978,8/11/26,,2026-2027
67015193,1202777,67_67399_5136978,8/11/26,,2026-2027
67014783,5JN-SI-14,67_67399_5136974,8/11/26,,2026-2027
67014783,5JN-SI-15,67_67399_5136974,8/11/26,,2026-2027
67014768,4JN-SI-16,67_67399_5136974,8/11/26,,2026-2027
67014768,4JN-SI-17,67_67399_5136974,8/11/26,,2026-2027
67015119,1202746,67_67399_5136978,8/11/26,,2026-2027
67015119,1202777,67_67399_5136978,8/11/26,,2026-2027
67014566,1JN-SI-11,67_67399_5136974,8/11/26,,2026-2027
67014566,1JN-SI-12,67_67399_5136974,8/11/26,,2026-2027
67014675,3JN-SI-03,67_67399_5136974,8/11/26,,2026-2027
67014675,3JN-SI-04,67_67399_5136974,8/11/26,,2026-2027
67014784,5JN-SI-14,67_67399_5136974,8/11/26,,2026-2027
67014784,5JN-SI-15,67_67399_5136974,8/11/26,,2026-2027
67014966,6JN-S1-23,67_67399_5136974,8/11/26,,2026-2027
67014966,6JN-SI-20,67_67399_5136974,8/11/26,,2026-2027
67014911,6JN-S1-23,67_67399_5136974,8/11/26,,2026-2027
67014911,6JN-SI-20,67_67399_5136974,8/11/26,,2026-2027
67014798,5JN-SI-14,67_67399_5136974,8/11/26,,2026-2027
67014798,5JN-SI-15,67_67399_5136974,8/11/26,,2026-2027
67014995,0495-01,67_67399_5136978,8/11/26,,2026-2027
67014995,0495-02,67_67399_5136978,8/11/26,,2026-2027
67014791,5JN-SI-14,67_67399_5136974,8/11/26,,2026-2027
67014791,5JN-SI-15,67_67399_5136974,8/11/26,,2026-2027
67014680,3JN-SI-03,67_67399_5136974,8/11/26,,2026-2027
67014680,3JN-SI-04,67_67399_5136974,8/11/26,,2026-2027
67015064,0495-01,67_67399_5136978,8/11/26,,2026-2027
67015064,0495-02,67_67399_5136978,8/11/26,,2026-2027
67014763,4JN-SI-16,67_67399_5136974,8/11/26,,2026-2027
67014763,4JN-SI-17,67_67399_5136974,8/11/26,,2026-2027
67015117,1202746,67_67399_5136978,8/11/26,,2026-2027
67015117,1202777,67_67399_5136978,8/11/26,,2026-2027
67014693,3JN-SI-03,67_67399_5136974,8/11/26,,2026-2027
67014693,3JN-SI-04,67_67399_5136974,8/11/26,,2026-2027
67014933,6JN-S1-23,67_67399_5136974,8/11/26,,2026-2027
67014933,6JN-SI-20,67_67399_5136974,8/11/26,,2026-2027
67015095,1202746,67_67399_5136978,8/11/26,,2026-2027
67015095,1202777,67_67399_5136978,8/11/26,,2026-2027
67014628,2JN-SI-08,67_67399_5136974,8/11/26,,2026-2027
67014628,2JN-SI-09,67_67399_5136974,8/11/26,,2026-2027
67014586,2JN-SI-08,67_67399_5136974,8/11/26,,2026-2027
67014586,2JN-SI-09,67_67399_5136974,8/11/26,,2026-2027
67014901,6JN-S1-23,67_67399_5136974,8/11/26,,2026-2027
67014901,6JN-SI-20,67_67399_5136974,8/11/26,,2026-2027
67014902,6JN-S1-23,67_67399_5136974,8/11/26,,2026-2027
67014902,6JN-SI-20,67_67399_5136974,8/11/26,,2026-2027
67014698,4JN-SI-16,67_67399_5136974,8/11/26,,2026-2027
67014698,4JN-SI-17,67_67399_5136974,8/11/26,,2026-2027
67014691,3JN-SI-03,67_67399_5136974,8/11/26,,2026-2027
67014691,3JN-SI-04,67_67399_5136974,8/11/26,,2026-2027
67015103,1202746,67_67399_5136978,8/11/26,,2026-2027
67015103,1202777,67_67399_5136978,8/11/26,,2026-2027
67014634,2JN-SI-08,67_67399_5136974,8/11/26,,2026-2027
67014634,2JN-SI-09,67_67399_5136974,8/11/26,,2026-2027
67015062,0495-01,67_67399_5136978,8/11/26,,2026-2027
67015062,0495-02,67_67399_5136978,8/11/26,,2026-2027
67014689,3JN-SI-03,67_67399_5136974,8/11/26,,2026-2027
67014689,3JN-SI-04,67_67399_5136974,8/11/26,,2026-2027
67014681,3JN-SI-03,67_67399_5136974,8/11/26,,2026-2027
67014681,3JN-SI-04,67_67399_5136974,8/11/26,,2026-2027
67014873,6JN-S1-23,67_67399_5136974,8/11/26,,2026-2027
67014873,6JN-SI-20,67_67399_5136974,8/11/26,,2026-2027
67014654,3JN-SI-03,67_67399_5136974,8/11/26,,2026-2027
67014654,3JN-SI-04,67_67399_5136974,8/11/26,,2026-2027
67014962,6JN-S1-23,67_67399_5136974,8/11/26,,2026-2027
67014962,6JN-SI-20,67_67399_5136974,8/11/26,,2026-2027
67014951,6JN-S1-23,67_67399_5136974,8/11/26,,2026-2027
67014951,6JN-SI-20,67_67399_5136974,8/11/26,,2026-2027
67014821,5JN-SI-14,67_67399_5136974,8/11/26,,2026-2027
67014821,5JN-SI-15,67_67399_5136974,8/11/26,,2026-2027
67014702,4JN-SI-16,67_67399_5136974,8/11/26,,2026-2027
67014702,4JN-SI-17,67_67399_5136974,8/11/26,,2026-2027
67015173,1202746,67_67399_5136978,8/11/26,,2026-2027
67015173,1202777,67_67399_5136978,8/11/26,,2026-2027
67014984,0495-01,67_67399_5136978,8/11/26,,2026-2027
67014984,0495-02,67_67399_5136978,8/11/26,,2026-2027
67015138,1202746,67_67399_5136978,8/11/26,,2026-2027
67015138,1202777,67_67399_5136978,8/11/26,,2026-2027
67015008,0495-01,67_67399_5136978,8/11/26,,2026-2027
67015008,0495-02,67_67399_5136978,8/11/26,,2026-2027
67014917,6JN-S1-23,67_67399_5136974,8/11/26,,2026-2027
67014917,6JN-SI-20,67_67399_5136974,8/11/26,,2026-2027
67015085,0495-01,67_67399_5136978,8/11/26,,2026-2027
67015085,0495-02,67_67399_5136978,8/11/26,,2026-2027
67014885,6JN-S1-23,67_67399_5136974,8/11/26,,2026-2027
67014885,6JN-SI-20,67_67399_5136974,8/11/26,,2026-2027
67015131,1202746,67_67399_5136978,8/11/26,,2026-2027
67015131,1202777,67_67399_5136978,8/11/26,,2026-2027
67014599,2JN-SI-08,67_67399_5136974,8/11/26,,2026-2027
67014599,2JN-SI-09,67_67399_5136974,8/11/26,,2026-2027
67014588,2JN-SI-08,67_67399_5136974,8/11/26,,2026-2027
67014588,2JN-SI-09,67_67399_5136974,8/11/26,,2026-2027
67014703,4JN-SI-16,67_67399_5136974,8/11/26,,2026-2027
67014703,4JN-SI-17,67_67399_5136974,8/11/26,,2026-2027
67014823,5JN-SI-14,67_67399_5136974,8/11/26,,2026-2027
67014823,5JN-SI-15,67_67399_5136974,8/11/26,,2026-2027
67014584,2JN-SI-08,67_67399_5136974,8/11/26,,2026-2027
67014584,2JN-SI-09,67_67399_5136974,8/11/26,,2026-2027
67014613,2JN-SI-08,67_67399_5136974,8/11/26,,2026-2027
67014613,2JN-SI-09,67_67399_5136974,8/11/26,,2026-2027
67014868,6JN-S1-23,67_67399_5136974,8/11/26,,2026-2027
67014868,6JN-SI-20,67_67399_5136974,8/11/26,,2026-2027
67015139,1202746,67_67399_5136978,8/11/26,,2026-2027
67015139,1202777,67_67399_5136978,8/11/26,,2026-2027
67014963,6JN-S1-23,67_67399_5136974,8/11/26,,2026-2027
67014963,6JN-SI-20,67_67399_5136974,8/11/26,,2026-2027
67014607,2JN-SI-08,67_67399_5136974,8/11/26,,2026-2027
67014607,2JN-SI-09,67_67399_5136974,8/11/26,,2026-2027
67014652,3JN-SI-03,67_67399_5136974,8/11/26,,2026-2027
67014652,3JN-SI-04,67_67399_5136974,8/11/26,,2026-2027
67015181,1202746,67_67399_5136978,8/11/26,,2026-2027
67015181,1202777,67_67399_5136978,8/11/26,,2026-2027
67015107,1202746,67_67399_5136978,8/11/26,,2026-2027
67015107,1202777,67_67399_5136978,8/11/26,,2026-2027
67014573,2JN-SI-08,67_67399_5136974,8/11/26,,2026-2027
67014573,2JN-SI-09,67_67399_5136974,8/11/26,,2026-2027
67015135,1202746,67_67399_5136978,8/11/26,,2026-2027
67015135,1202777,67_67399_5136978,8/11/26,,2026-2027
67014635,2JN-SI-08,67_67399_5136974,8/11/26,,2026-2027
67014635,2JN-SI-09,67_67399_5136974,8/11/26,,2026-2027
67014837,5JN-SI-14,67_67399_5136974,8/11/26,,2026-2027
67014837,5JN-SI-15,67_67399_5136974,8/11/26,,2026-2027
67014741,4JN-SI-16,67_67399_5136974,8/11/26,,2026-2027
67014741,4JN-SI-17,67_67399_5136974,8/11/26,,2026-2027
67014762,4JN-SI-16,67_67399_5136974,8/11/26,,2026-2027
67014762,4JN-SI-17,67_67399_5136974,8/11/26,,2026-2027
67014955,6JN-S1-23,67_67399_5136974,8/11/26,,2026-2027
67014955,6JN-SI-20,67_67399_5136974,8/11/26,,2026-2027
67015066,0495-01,67_67399_5136978,8/11/26,,2026-2027
67015066,0495-02,67_67399_5136978,8/11/26,,2026-2027
67014673,3JN-SI-03,67_67399_5136974,8/11/26,,2026-2027
67014673,3JN-SI-04,67_67399_5136974,8/11/26,,2026-2027
67014602,2JN-SI-08,67_67399_5136974,8/11/26,,2026-2027
67014602,2JN-SI-09,67_67399_5136974,8/11/26,,2026-2027
67014785,5JN-SI-14,67_67399_5136974,8/11/26,,2026-2027
67014785,5JN-SI-15,67_67399_5136974,8/11/26,,2026-2027
67015125,1202746,67_67399_5136978,8/11/26,,2026-2027
67015125,1202777,67_67399_5136978,8/11/26,,2026-2027
67015005,0495-01,67_67399_5136978,8/11/26,,2026-2027
67015005,0495-02,67_67399_5136978,8/11/26,,2026-2027
67015061,0495-01,67_67399_5136978,8/11/26,,2026-2027
67015061,0495-02,67_67399_5136978,8/11/26,,2026-2027
67014549,1JN-SI-11,67_67399_5136974,8/11/26,,2026-2027
67014549,1JN-SI-12,67_67399_5136974,8/11/26,,2026-2027
67014701,4JN-SI-16,67_67399_5136974,8/11/26,,2026-2027
67014701,4JN-SI-17,67_67399_5136974,8/11/26,,2026-2027
67015105,1202746,67_67399_5136978,8/11/26,,2026-2027
67015105,1202777,67_67399_5136978,8/11/26,,2026-2027
67014881,6JN-S1-23,67_67399_5136974,8/11/26,,2026-2027
67014881,6JN-SI-20,67_67399_5136974,8/11/26,,2026-2027
67014778,5JN-SI-14,67_67399_5136974,8/11/26,,2026-2027
67014778,5JN-SI-15,67_67399_5136974,8/11/26,,2026-2027
67014625,2JN-SI-08,67_67399_5136974,8/11/26,,2026-2027
67014625,2JN-SI-09,67_67399_5136974,8/11/26,,2026-2027
67014956,6JN-S1-23,67_67399_5136974,8/11/26,,2026-2027
67014956,6JN-SI-20,67_67399_5136974,8/11/26,,2026-2027
67014679,3JN-SI-03,67_67399_5136974,8/11/26,,2026-2027
67014679,3JN-SI-04,67_67399_5136974,8/11/26,,2026-2027
67014903,6JN-S1-23,67_67399_5136974,8/11/26,,2026-2027
67014903,6JN-SI-20,67_67399_5136974,8/11/26,,2026-2027
67014822,5JN-SI-14,67_67399_5136974,8/11/26,,2026-2027
67014822,5JN-SI-15,67_67399_5136974,8/11/26,,2026-2027
67015071,0495-01,67_67399_5136978,8/11/26,,2026-2027
67015071,0495-02,67_67399_5136978,8/11/26,,2026-2027
67015143,1202746,67_67399_5136978,8/11/26,,2026-2027
67015143,1202777,67_67399_5136978,8/11/26,,2026-2027
67015158,1202746,67_67399_5136978,8/11/26,,2026-2027
67015158,1202777,67_67399_5136978,8/11/26,,2026-2027
67014724,4JN-SI-16,67_67399_5136974,8/11/26,,2026-2027
67014724,4JN-SI-17,67_67399_5136974,8/11/26,,2026-2027
67015083,0495-01,67_67399_5136978,8/11/26,,2026-2027
67015083,0495-02,67_67399_5136978,8/11/26,,2026-2027
67015047,0495-01,67_67399_5136978,8/11/26,,2026-2027
67015047,0495-02,67_67399_5136978,8/11/26,,2026-2027
67014954,6JN-S1-23,67_67399_5136974,8/11/26,,2026-2027
67014954,6JN-SI-20,67_67399_5136974,8/11/26,,2026-2027
67015070,0495-01,67_67399_5136978,8/11/26,,2026-2027
67015070,0495-02,67_67399_5136978,8/11/26,,2026-2027
67015169,1202746,67_67399_5136978,8/11/26,,2026-2027
67015169,1202777,67_67399_5136978,8/11/26,,2026-2027
67014764,4JN-SI-16,67_67399_5136974,8/11/26,,2026-2027
67014764,4JN-SI-17,67_67399_5136974,8/11/26,,2026-2027
67014727,4JN-SI-16,67_67399_5136974,8/11/26,,2026-2027
67014727,4JN-SI-17,67_67399_5136974,8/11/26,,2026-2027
67014976,0495-01,67_67399_5136978,8/11/26,,2026-2027
67014976,0495-02,67_67399_5136978,8/11/26,,2026-2027
67014844,5JN-SI-14,67_67399_5136974,8/11/26,,2026-2027
67014844,5JN-SI-15,67_67399_5136974,8/11/26,,2026-2027
67014806,5JN-SI-14,67_67399_5136974,8/11/26,,2026-2027
67014806,5JN-SI-15,67_67399_5136974,8/11/26,,2026-2027
67014849,5JN-SI-14,67_67399_5136974,8/11/26,,2026-2027
67014849,5JN-SI-15,67_67399_5136974,8/11/26,,2026-2027
67015033,0495-01,67_67399_5136978,8/11/26,,2026-2027
67015033,0495-02,67_67399_5136978,8/11/26,,2026-2027
67014674,3JN-SI-03,67_67399_5136974,8/11/26,,2026-2027
67014674,3JN-SI-04,67_67399_5136974,8/11/26,,2026-2027
67015036,0495-01,67_67399_5136978,8/11/26,,2026-2027
67015036,0495-02,67_67399_5136978,8/11/26,,2026-2027
67014690,3JN-SI-03,67_67399_5136974,8/11/26,,2026-2027
67014690,3JN-SI-04,67_67399_5136974,8/11/26,,2026-2027
67015171,1202746,67_67399_5136978,8/11/26,,2026-2027
67015171,1202777,67_67399_5136978,8/11/26,,2026-2027
67015132,1202746,67_67399_5136978,8/11/26,,2026-2027
67015132,1202777,67_67399_5136978,8/11/26,,2026-2027
67015040,0495-01,67_67399_5136978,8/11/26,,2026-2027
67015040,0495-02,67_67399_5136978,8/11/26,,2026-2027
67014755,4JN-SI-16,67_67399_5136974,8/11/26,,2026-2027
67014755,4JN-SI-17,67_67399_5136974,8/11/26,,2026-2027
67014721,4JN-SI-16,67_67399_5136974,8/11/26,,2026-2027
67014721,4JN-SI-17,67_67399_5136974,8/11/26,,2026-2027
67014548,1JN-SI-11,67_67399_5136974,8/11/26,,2026-2027
67014548,1JN-SI-12,67_67399_5136974,8/11/26,,2026-2027
67014934,6JN-S1-23,67_67399_5136974,8/11/26,,2026-2027
67014934,6JN-SI-20,67_67399_5136974,8/11/26,,2026-2027
67014909,6JN-S1-23,67_67399_5136974,8/11/26,,2026-2027
67014909,6JN-SI-20,67_67399_5136974,8/11/26,,2026-2027
67014817,5JN-SI-14,67_67399_5136974,8/11/26,,2026-2027
67014817,5JN-SI-15,67_67399_5136974,8/11/26,,2026-2027
67014872,6JN-S1-23,67_67399_5136974,8/11/26,,2026-2027
67014872,6JN-SI-20,67_67399_5136974,8/11/26,,2026-2027
67014753,4JN-SI-16,67_67399_5136974,8/11/26,,2026-2027
67014753,4JN-SI-17,67_67399_5136974,8/11/26,,2026-2027
67014927,6JN-S1-23,67_67399_5136974,8/11/26,,2026-2027
67014927,6JN-SI-20,67_67399_5136974,8/11/26,,2026-2027
67015089,1202746,67_67399_5136978,8/11/26,,2026-2027
67015089,1202777,67_67399_5136978,8/11/26,,2026-2027
67015127,1202746,67_67399_5136978,8/11/26,,2026-2027
67015127,1202777,67_67399_5136978,8/11/26,,2026-2027
67014830,5JN-SI-14,67_67399_5136974,8/11/26,,2026-2027
67014830,5JN-SI-15,67_67399_5136974,8/11/26,,2026-2027
67014624,2JN-SI-08,67_67399_5136974,8/11/26,,2026-2027
67014624,2JN-SI-09,67_67399_5136974,8/11/26,,2026-2027
67014973,6JN-S1-23,67_67399_5136974,8/11/26,,2026-2027
67014973,6JN-SI-20,67_67399_5136974,8/11/26,,2026-2027
67014861,5JN-SI-14,67_67399_5136974,8/11/26,,2026-2027
67014861,5JN-SI-15,67_67399_5136974,8/11/26,,2026-2027
67014688,3JN-SI-03,67_67399_5136974,8/11/26,,2026-2027
67014688,3JN-SI-04,67_67399_5136974,8/11/26,,2026-2027
67015109,1202746,67_67399_5136978,8/11/26,,2026-2027
67015109,1202777,67_67399_5136978,8/11/26,,2026-2027
67014940,6JN-S1-23,67_67399_5136974,8/11/26,,2026-2027
67014940,6JN-SI-20,67_67399_5136974,8/11/26,,2026-2027
67014870,6JN-S1-23,67_67399_5136974,8/11/26,,2026-2027
67014870,6JN-SI-20,67_67399_5136974,8/11/26,,2026-2027
67015078,0495-01,67_67399_5136978,8/11/26,,2026-2027
67015078,0495-02,67_67399_5136978,8/11/26,,2026-2027
67015182,1202746,67_67399_5136978,8/11/26,,2026-2027
67015182,1202777,67_67399_5136978,8/11/26,,2026-2027
67014765,4JN-SI-16,67_67399_5136974,8/11/26,,2026-2027
67014765,4JN-SI-17,67_67399_5136974,8/11/26,,2026-2027
67014650,3JN-SI-03,67_67399_5136974,8/11/26,,2026-2027
67014650,3JN-SI-04,67_67399_5136974,8/11/26,,2026-2027
67014921,6JN-S1-23,67_67399_5136974,8/11/26,,2026-2027
67014921,6JN-SI-20,67_67399_5136974,8/11/26,,2026-2027
67014664,3JN-SI-03,67_67399_5136974,8/11/26,,2026-2027
67014664,3JN-SI-04,67_67399_5136974,8/11/26,,2026-2027
67015028,0495-01,67_67399_5136978,8/11/26,,2026-2027
67015028,0495-02,67_67399_5136978,8/11/26,,2026-2027
67015037,0495-01,67_67399_5136978,8/11/26,,2026-2027
67015037,0495-02,67_67399_5136978,8/11/26,,2026-2027
67014946,6JN-S1-23,67_67399_5136974,8/11/26,,2026-2027
67014946,6JN-SI-20,67_67399_5136974,8/11/26,,2026-2027
67014856,5JN-SI-14,67_67399_5136974,8/11/26,,2026-2027
67014856,5JN-SI-15,67_67399_5136974,8/11/26,,2026-2027
67014930,6JN-S1-23,67_67399_5136974,8/11/26,,2026-2027
67014930,6JN-SI-20,67_67399_5136974,8/11/26,,2026-2027
67014992,0495-01,67_67399_5136978,8/11/26,,2026-2027
67014992,0495-02,67_67399_5136978,8/11/26,,2026-2027
67014720,4JN-SI-16,67_67399_5136974,8/11/26,,2026-2027
67014720,4JN-SI-17,67_67399_5136974,8/11/26,,2026-2027
67014661,3JN-SI-03,67_67399_5136974,8/11/26,,2026-2027
67014661,3JN-SI-04,67_67399_5136974,8/11/26,,2026-2027
67014865,5JN-SI-14,67_67399_5136974,8/11/26,,2026-2027
67014865,5JN-SI-15,67_67399_5136974,8/11/26,,2026-2027
67014616,2JN-SI-08,67_67399_5136974,8/11/26,,2026-2027
67014616,2JN-SI-09,67_67399_5136974,8/11/26,,2026-2027
67014617,2JN-SI-08,67_67399_5136974,8/11/26,,2026-2027
67014617,2JN-SI-09,67_67399_5136974,8/11/26,,2026-2027
67015021,0495-01,67_67399_5136978,8/11/26,,2026-2027
67015021,0495-02,67_67399_5136978,8/11/26,,2026-2027
67015128,1202746,67_67399_5136978,8/11/26,,2026-2027
67015128,1202777,67_67399_5136978,8/11/26,,2026-2027
67014600,2JN-SI-08,67_67399_5136974,8/11/26,,2026-2027
67014600,2JN-SI-09,67_67399_5136974,8/11/26,,2026-2027
67015186,1202746,67_67399_5136978,8/11/26,,2026-2027
67015186,1202777,67_67399_5136978,8/11/26,,2026-2027
67014914,6JN-S1-23,67_67399_5136974,8/11/26,,2026-2027
67014914,6JN-SI-20,67_67399_5136974,8/11/26,,2026-2027
67015184,1202746,67_67399_5136978,8/11/26,,2026-2027
67015184,1202777,67_67399_5136978,8/11/26,,2026-2027
67014786,5JN-SI-14,67_67399_5136974,8/11/26,,2026-2027
67014786,5JN-SI-15,67_67399_5136974,8/11/26,,2026-2027
67014668,3JN-SI-03,67_67399_5136974,8/11/26,,2026-2027
67014668,3JN-SI-04,67_67399_5136974,8/11/26,,2026-2027
67015113,1202746,67_67399_5136978,8/11/26,,2026-2027
67015113,1202777,67_67399_5136978,8/11/26,,2026-2027
67014637,2JN-SI-08,67_67399_5136974,8/11/26,,2026-2027
67014637,2JN-SI-09,67_67399_5136974,8/11/26,,2026-2027
67015148,1202746,67_67399_5136978,8/11/26,,2026-2027
67015148,1202777,67_67399_5136978,8/11/26,,2026-2027
67014651,3JN-SI-03,67_67399_5136974,8/11/26,,2026-2027
67014651,3JN-SI-04,67_67399_5136974,8/11/26,,2026-2027
67014879,6JN-S1-23,67_67399_5136974,8/11/26,,2026-2027
67014879,6JN-SI-20,67_67399_5136974,8/11/26,,2026-2027
67015074,0495-01,67_67399_5136978,8/11/26,,2026-2027
67015074,0495-02,67_67399_5136978,8/11/26,,2026-2027
67015027,0495-01,67_67399_5136978,8/11/26,,2026-2027
67015027,0495-02,67_67399_5136978,8/11/26,,2026-2027
67015006,0495-01,67_67399_5136978,8/11/26,,2026-2027
67015006,0495-02,67_67399_5136978,8/11/26,,2026-2027
67014759,4JN-SI-16,67_67399_5136974,8/11/26,,2026-2027
67014759,4JN-SI-17,67_67399_5136974,8/11/26,,2026-2027
67014842,5JN-SI-14,67_67399_5136974,8/11/26,,2026-2027
67014842,5JN-SI-15,67_67399_5136974,8/11/26,,2026-2027
67014985,0495-01,67_67399_5136978,8/11/26,,2026-2027
67014985,0495-02,67_67399_5136978,8/11/26,,2026-2027
67015177,1202746,67_67399_5136978,8/11/26,,2026-2027
67015177,1202777,67_67399_5136978,8/11/26,,2026-2027
67014756,4JN-SI-16,67_67399_5136974,8/11/26,,2026-2027
67014756,4JN-SI-17,67_67399_5136974,8/11/26,,2026-2027
67014986,0495-01,67_67399_5136978,8/11/26,,2026-2027
67014986,0495-02,67_67399_5136978,8/11/26,,2026-2027
67015045,0495-01,67_67399_5136978,8/11/26,,2026-2027
67015045,0495-02,67_67399_5136978,8/11/26,,2026-2027
67015057,0495-01,67_67399_5136978,8/11/26,,2026-2027
67015057,0495-02,67_67399_5136978,8/11/26,,2026-2027
67014978,0495-01,67_67399_5136978,8/11/26,,2026-2027
67014978,0495-02,67_67399_5136978,8/11/26,,2026-2027
67014850,5JN-SI-14,67_67399_5136974,8/11/26,,2026-2027
67014850,5JN-SI-15,67_67399_5136974,8/11/26,,2026-2027
67015144,1202746,67_67399_5136978,8/11/26,,2026-2027
67015144,1202777,67_67399_5136978,8/11/26,,2026-2027
67014745,4JN-SI-16,67_67399_5136974,8/11/26,,2026-2027
67014745,4JN-SI-17,67_67399_5136974,8/11/26,,2026-2027
67014880,6JN-S1-23,67_67399_5136974,8/11/26,,2026-2027
67014880,6JN-SI-20,67_67399_5136974,8/11/26,,2026-2027
67015053,0495-01,67_67399_5136978,8/11/26,,2026-2027
67015053,0495-02,67_67399_5136978,8/11/26,,2026-2027
67015032,0495-01,67_67399_5136978,8/11/26,,2026-2027
67015032,0495-02,67_67399_5136978,8/11/26,,2026-2027
67014875,6JN-S1-23,67_67399_5136974,8/11/26,,2026-2027
67014875,6JN-SI-20,67_67399_5136974,8/11/26,,2026-2027
67015116,1202746,67_67399_5136978,8/11/26,,2026-2027
67015116,1202777,67_67399_5136978,8/11/26,,2026-2027
67015108,1202746,67_67399_5136978,8/11/26,,2026-2027
67015108,1202777,67_67399_5136978,8/11/26,,2026-2027
67014999,0495-01,67_67399_5136978,8/11/26,,2026-2027
67014999,0495-02,67_67399_5136978,8/11/26,,2026-2027
67014941,6JN-S1-23,67_67399_5136974,8/11/26,,2026-2027
67014941,6JN-SI-20,67_67399_5136974,8/11/26,,2026-2027
67015012,0495-01,67_67399_5136978,8/11/26,,2026-2027
67015012,0495-02,67_67399_5136978,8/11/26,,2026-2027
67015075,0495-01,67_67399_5136978,8/11/26,,2026-2027
67015075,0495-02,67_67399_5136978,8/11/26,,2026-2027
67015111,1202746,67_67399_5136978,8/11/26,,2026-2027
67015111,1202777,67_67399_5136978,8/11/26,,2026-2027
67015161,1202746,67_67399_5136978,8/11/26,,2026-2027
67015161,1202777,67_67399_5136978,8/11/26,,2026-2027
67014569,1JN-SI-11,67_67399_5136974,8/11/26,,2026-2027
67014569,1JN-SI-12,67_67399_5136974,8/11/26,,2026-2027
67014752,4JN-SI-16,67_67399_5136974,8/11/26,,2026-2027
67014752,4JN-SI-17,67_67399_5136974,8/11/26,,2026-2027
67014990,0495-01,67_67399_5136978,8/11/26,,2026-2027
67014990,0495-02,67_67399_5136978,8/11/26,,2026-2027
67014852,5JN-SI-14,67_67399_5136974,8/11/26,,2026-2027
67014852,5JN-SI-15,67_67399_5136974,8/11/26,,2026-2027
67015157,1202746,67_67399_5136978,8/11/26,,2026-2027
67015157,1202777,67_67399_5136978,8/11/26,,2026-2027
67014710,4JN-SI-16,67_67399_5136974,8/11/26,,2026-2027
67014710,4JN-SI-17,67_67399_5136974,8/11/26,,2026-2027
67015191,1202746,67_67399_5136978,8/11/26,,2026-2027
67015191,1202777,67_67399_5136978,8/11/26,,2026-2027
67014744,4JN-SI-16,67_67399_5136974,8/11/26,,2026-2027
67014744,4JN-SI-17,67_67399_5136974,8/11/26,,2026-2027
67014644,2JN-SI-08,67_67399_5136974,8/11/26,,2026-2027
67014644,2JN-SI-09,67_67399_5136974,8/11/26,,2026-2027
67015174,1202746,67_67399_5136978,8/11/26,,2026-2027
67015174,1202777,67_67399_5136978,8/11/26,,2026-2027
67014820,5JN-SI-14,67_67399_5136974,8/11/26,,2026-2027
67014820,5JN-SI-15,67_67399_5136974,8/11/26,,2026-2027
67014734,4JN-SI-16,67_67399_5136974,8/11/26,,2026-2027
67014734,4JN-SI-17,67_67399_5136974,8/11/26,,2026-2027
67014766,4JN-SI-16,67_67399_5136974,8/11/26,,2026-2027
67014766,4JN-SI-17,67_67399_5136974,8/11/26,,2026-2027
67015056,0495-01,67_67399_5136978,8/11/26,,2026-2027
67015056,0495-02,67_67399_5136978,8/11/26,,2026-2027
67014889,6JN-S1-23,67_67399_5136974,8/11/26,,2026-2027
67014889,6JN-SI-20,67_67399_5136974,8/11/26,,2026-2027
67014932,6JN-S1-23,67_67399_5136974,8/11/26,,2026-2027
67014932,6JN-SI-20,67_67399_5136974,8/11/26,,2026-2027
67014769,4JN-SI-16,67_67399_5136974,8/11/26,,2026-2027
67014769,4JN-SI-17,67_67399_5136974,8/11/26,,2026-2027
67014550,1JN-SI-11,67_67399_5136974,8/11/26,,2026-2027
67014550,1JN-SI-12,67_67399_5136974,8/11/26,,2026-2027
67014840,5JN-SI-14,67_67399_5136974,8/11/26,,2026-2027
67014840,5JN-SI-15,67_67399_5136974,8/11/26,,2026-2027
67014571,1JN-SI-11,67_67399_5136974,8/11/26,,2026-2027
67014571,1JN-SI-12,67_67399_5136974,8/11/26,,2026-2027
67015118,1202746,67_67399_5136978,8/11/26,,2026-2027
67015118,1202777,67_67399_5136978,8/11/26,,2026-2027
67014598,2JN-SI-08,67_67399_5136974,8/11/26,,2026-2027
67014598,2JN-SI-09,67_67399_5136974,8/11/26,,2026-2027
67014874,6JN-S1-23,67_67399_5136974,8/11/26,,2026-2027
67014874,6JN-SI-20,67_67399_5136974,8/11/26,,2026-2027
67014952,6JN-S1-23,67_67399_5136974,8/11/26,,2026-2027
67014952,6JN-SI-20,67_67399_5136974,8/11/26,,2026-2027
67014998,0495-01,67_67399_5136978,8/11/26,,2026-2027
67014998,0495-02,67_67399_5136978,8/11/26,,2026-2027
67014900,6JN-S1-23,67_67399_5136974,8/11/26,,2026-2027
67014900,6JN-SI-20,67_67399_5136974,8/11/26,,2026-2027
67014719,4JN-SI-16,67_67399_5136974,8/11/26,,2026-2027
67014719,4JN-SI-17,67_67399_5136974,8/11/26,,2026-2027
67014938,6JN-S1-23,67_67399_5136974,8/11/26,,2026-2027
67014938,6JN-SI-20,67_67399_5136974,8/11/26,,2026-2027
67014967,6JN-S1-23,67_67399_5136974,8/11/26,,2026-2027
67014967,6JN-SI-20,67_67399_5136974,8/11/26,,2026-2027
67014775,5JN-SI-14,67_67399_5136974,8/11/26,,2026-2027
67014775,5JN-SI-15,67_67399_5136974,8/11/26,,2026-2027
67014709,4JN-SI-16,67_67399_5136974,8/11/26,,2026-2027
67014709,4JN-SI-17,67_67399_5136974,8/11/26,,2026-2027
67015052,0495-01,67_67399_5136978,8/11/26,,2026-2027
67015052,0495-02,67_67399_5136978,8/11/26,,2026-2027
67014739,4JN-SI-16,67_67399_5136974,8/11/26,,2026-2027
67014739,4JN-SI-17,67_67399_5136974,8/11/26,,2026-2027
67015001,0495-01,67_67399_5136978,8/11/26,,2026-2027
67015001,0495-02,67_67399_5136978,8/11/26,,2026-2027
67014749,4JN-SI-16,67_67399_5136974,8/11/26,,2026-2027
67014749,4JN-SI-17,67_67399_5136974,8/11/26,,2026-2027
67014670,3JN-SI-03,67_67399_5136974,8/11/26,,2026-2027
67014670,3JN-SI-04,67_67399_5136974,8/11/26,,2026-2027
67014737,4JN-SI-16,67_67399_5136974,8/11/26,,2026-2027
67014737,4JN-SI-17,67_67399_5136974,8/11/26,,2026-2027
67015044,0495-01,67_67399_5136978,8/11/26,,2026-2027
67015044,0495-02,67_67399_5136978,8/11/26,,2026-2027
67014982,0495-01,67_67399_5136978,8/11/26,,2026-2027
67014982,0495-02,67_67399_5136978,8/11/26,,2026-2027
67014972,6JN-S1-23,67_67399_5136974,8/11/26,,2026-2027
67014972,6JN-SI-20,67_67399_5136974,8/11/26,,2026-2027
67014743,4JN-SI-16,67_67399_5136974,8/11/26,,2026-2027
67014743,4JN-SI-17,67_67399_5136974,8/11/26,,2026-2027
67014829,5JN-SI-14,67_67399_5136974,8/11/26,,2026-2027
67014829,5JN-SI-15,67_67399_5136974,8/11/26,,2026-2027
67014618,2JN-SI-08,67_67399_5136974,8/11/26,,2026-2027
67014618,2JN-SI-09,67_67399_5136974,8/11/26,,2026-2027
67014735,4JN-SI-16,67_67399_5136974,8/11/26,,2026-2027
67014735,4JN-SI-17,67_67399_5136974,8/11/26,,2026-2027
67014942,6JN-S1-23,67_67399_5136974,8/11/26,,2026-2027
67014942,6JN-SI-20,67_67399_5136974,8/11/26,,2026-2027
67014814,5JN-SI-14,67_67399_5136974,8/11/26,,2026-2027
67014814,5JN-SI-15,67_67399_5136974,8/11/26,,2026-2027
67014595,2JN-SI-08,67_67399_5136974,8/11/26,,2026-2027
67014595,2JN-SI-09,67_67399_5136974,8/11/26,,2026-2027
67015100,1202746,67_67399_5136978,8/11/26,,2026-2027
67015100,1202777,67_67399_5136978,8/11/26,,2026-2027
67014949,6JN-S1-23,67_67399_5136974,8/11/26,,2026-2027
67014949,6JN-SI-20,67_67399_5136974,8/11/26,,2026-2027
67015172,1202746,67_67399_5136978,8/11/26,,2026-2027
67015172,1202777,67_67399_5136978,8/11/26,,2026-2027
67015041,0495-01,67_67399_5136978,8/11/26,,2026-2027
67015041,0495-02,67_67399_5136978,8/11/26,,2026-2027
67014580,2JN-SI-08,67_67399_5136974,8/11/26,,2026-2027
67014580,2JN-SI-09,67_67399_5136974,8/11/26,,2026-2027
67015077,0495-01,67_67399_5136978,8/11/26,,2026-2027
67015077,0495-02,67_67399_5136978,8/11/26,,2026-2027
67014706,4JN-SI-16,67_67399_5136974,8/11/26,,2026-2027
67014706,4JN-SI-17,67_67399_5136974,8/11/26,,2026-2027
67015121,1202746,67_67399_5136978,8/11/26,,2026-2027
67015121,1202777,67_67399_5136978,8/11/26,,2026-2027
67015133,1202746,67_67399_5136978,8/11/26,,2026-2027
67015133,1202777,67_67399_5136978,8/11/26,,2026-2027
67014834,5JN-SI-14,67_67399_5136974,8/11/26,,2026-2027
67014834,5JN-SI-15,67_67399_5136974,8/11/26,,2026-2027
67014781,5JN-SI-14,67_67399_5136974,8/11/26,,2026-2027
67014781,5JN-SI-15,67_67399_5136974,8/11/26,,2026-2027
67014792,5JN-SI-14,67_67399_5136974,8/11/26,,2026-2027
67014792,5JN-SI-15,67_67399_5136974,8/11/26,,2026-2027
67014553,1JN-SI-11,67_67399_5136974,8/11/26,,2026-2027
67014553,1JN-SI-12,67_67399_5136974,8/11/26,,2026-2027
67015080,0495-01,67_67399_5136978,8/11/26,,2026-2027
67015080,0495-02,67_67399_5136978,8/11/26,,2026-2027
67015175,1202746,67_67399_5136978,8/11/26,,2026-2027
67015175,1202777,67_67399_5136978,8/11/26,,2026-2027
67015067,0495-01,67_67399_5136978,8/11/26,,2026-2027
67015067,0495-02,67_67399_5136978,8/11/26,,2026-2027
67014912,6JN-S1-23,67_67399_5136974,8/11/26,,2026-2027
67014912,6JN-SI-20,67_67399_5136974,8/11/26,,2026-2027
67015030,0495-01,67_67399_5136978,8/11/26,,2026-2027
67015030,0495-02,67_67399_5136978,8/11/26,,2026-2027
67015087,0495-01,67_67399_5136978,8/11/26,,2026-2027
67015087,0495-02,67_67399_5136978,8/11/26,,2026-2027
67014708,4JN-SI-16,67_67399_5136974,8/11/26,,2026-2027
67014708,4JN-SI-17,67_67399_5136974,8/11/26,,2026-2027
67014704,4JN-SI-16,67_67399_5136974,8/11/26,,2026-2027
67014704,4JN-SI-17,67_67399_5136974,8/11/26,,2026-2027
67014980,0495-01,67_67399_5136978,8/11/26,,2026-2027
67014980,0495-02,67_67399_5136978,8/11/26,,2026-2027
67014565,1JN-SI-11,67_67399_5136974,8/11/26,,2026-2027
67014565,1JN-SI-12,67_67399_5136974,8/11/26,,2026-2027
67015043,0495-01,67_67399_5136978,8/11/26,,2026-2027
67015043,0495-02,67_67399_5136978,8/11/26,,2026-2027
67014740,4JN-SI-16,67_67399_5136974,8/11/26,,2026-2027
67014740,4JN-SI-17,67_67399_5136974,8/11/26,,2026-2027
67014748,4JN-SI-16,67_67399_5136974,8/11/26,,2026-2027
67014748,4JN-SI-17,67_67399_5136974,8/11/26,,2026-2027
67014665,3JN-SI-03,67_67399_5136974,8/11/26,,2026-2027
67014665,3JN-SI-04,67_67399_5136974,8/11/26,,2026-2027
67014627,2JN-SI-08,67_67399_5136974,8/11/26,,2026-2027
67014627,2JN-SI-09,67_67399_5136974,8/11/26,,2026-2027
67014594,2JN-SI-08,67_67399_5136974,8/11/26,,2026-2027
67014594,2JN-SI-09,67_67399_5136974,8/11/26,,2026-2027
67015190,1202746,67_67399_5136978,8/11/26,,2026-2027
67015190,1202777,67_67399_5136978,8/11/26,,2026-2027
67015112,1202746,67_67399_5136978,8/11/26,,2026-2027
67015112,1202777,67_67399_5136978,8/11/26,,2026-2027
67014726,4JN-SI-16,67_67399_5136974,8/11/26,,2026-2027
67014726,4JN-SI-17,67_67399_5136974,8/11/26,,2026-2027
67014712,4JN-SI-16,67_67399_5136974,8/11/26,,2026-2027
67014712,4JN-SI-17,67_67399_5136974,8/11/26,,2026-2027
67014582,2JN-SI-08,67_67399_5136974,8/11/26,,2026-2027
67014582,2JN-SI-09,67_67399_5136974,8/11/26,,2026-2027
67014795,5JN-SI-14,67_67399_5136974,8/11/26,,2026-2027
67014795,5JN-SI-15,67_67399_5136974,8/11/26,,2026-2027
67014716,4JN-SI-16,67_67399_5136974,8/11/26,,2026-2027
67014716,4JN-SI-17,67_67399_5136974,8/11/26,,2026-2027
67014926,6JN-S1-23,67_67399_5136974,8/11/26,,2026-2027
67014926,6JN-SI-20,67_67399_5136974,8/11/26,,2026-2027
67014562,1JN-SI-11,67_67399_5136974,8/11/26,,2026-2027
67014562,1JN-SI-12,67_67399_5136974,8/11/26,,2026-2027
67014989,0495-01,67_67399_5136978,8/11/26,,2026-2027
67014989,0495-02,67_67399_5136978,8/11/26,,2026-2027
67015153,1202746,67_67399_5136978,8/11/26,,2026-2027
67015153,1202777,67_67399_5136978,8/11/26,,2026-2027
67015016,0495-01,67_67399_5136978,8/11/26,,2026-2027
67015016,0495-02,67_67399_5136978,8/11/26,,2026-2027
67014943,6JN-S1-23,67_67399_5136974,8/11/26,,2026-2027
67014943,6JN-SI-20,67_67399_5136974,8/11/26,,2026-2027
67014895,6JN-S1-23,67_67399_5136974,8/11/26,,2026-2027
67014895,6JN-SI-20,67_67399_5136974,8/11/26,,2026-2027
67014948,6JN-S1-23,67_67399_5136974,8/11/26,,2026-2027
67014948,6JN-SI-20,67_67399_5136974,8/11/26,,2026-2027
67014564,1JN-SI-11,67_67399_5136974,8/11/26,,2026-2027
67014564,1JN-SI-12,67_67399_5136974,8/11/26,,2026-2027
67015092,1202746,67_67399_5136978,8/11/26,,2026-2027
67015092,1202777,67_67399_5136978,8/11/26,,2026-2027
67014751,4JN-SI-16,67_67399_5136974,8/11/26,,2026-2027
67014751,4JN-SI-17,67_67399_5136974,8/11/26,,2026-2027
67015002,0495-01,67_67399_5136978,8/11/26,,2026-2027
67015002,0495-02,67_67399_5136978,8/11/26,,2026-2027
67014547,1JN-SI-11,67_67399_5136974,8/11/26,,2026-2027
67014547,1JN-SI-12,67_67399_5136974,8/11/26,,2026-2027
67014611,2JN-SI-08,67_67399_5136974,8/11/26,,2026-2027
67014611,2JN-SI-09,67_67399_5136974,8/11/26,,2026-2027
67015007,0495-01,67_67399_5136978,8/11/26,,2026-2027
67015007,0495-02,67_67399_5136978,8/11/26,,2026-2027
67015151,1202746,67_67399_5136978,8/11/26,,2026-2027
67015151,1202777,67_67399_5136978,8/11/26,,2026-2027
67014787,5JN-SI-14,67_67399_5136974,8/11/26,,2026-2027
67014787,5JN-SI-15,67_67399_5136974,8/11/26,,2026-2027
67014945,6JN-S1-23,67_67399_5136974,8/11/26,,2026-2027
67014945,6JN-SI-20,67_67399_5136974,8/11/26,,2026-2027
67015126,1202746,67_67399_5136978,8/11/26,,2026-2027
67015126,1202777,67_67399_5136978,8/11/26,,2026-2027
67014969,6JN-S1-23,67_67399_5136974,8/11/26,,2026-2027
67014969,6JN-SI-20,67_67399_5136974,8/11/26,,2026-2027
67014782,5JN-SI-14,67_67399_5136974,8/11/26,,2026-2027
67014782,5JN-SI-15,67_67399_5136974,8/11/26,,2026-2027
67014970,6JN-S1-23,67_67399_5136974,8/11/26,,2026-2027
67014970,6JN-SI-20,67_67399_5136974,8/11/26,,2026-2027
67014960,6JN-S1-23,67_67399_5136974,8/11/26,,2026-2027
67014960,6JN-SI-20,67_67399_5136974,8/11/26,,2026-2027
67014833,5JN-SI-14,67_67399_5136974,8/11/26,,2026-2027
67014833,5JN-SI-15,67_67399_5136974,8/11/26,,2026-2027
67014816,5JN-SI-14,67_67399_5136974,8/11/26,,2026-2027
67014816,5JN-SI-15,67_67399_5136974,8/11/26,,2026-2027
67014733,4JN-SI-16,67_67399_5136974,8/11/26,,2026-2027
67014733,4JN-SI-17,67_67399_5136974,8/11/26,,2026-2027
67015099,1202746,67_67399_5136978,8/11/26,,2026-2027
67015099,1202777,67_67399_5136978,8/11/26,,2026-2027
67014556,1JN-SI-11,67_67399_5136974,8/11/26,,2026-2027
67014556,1JN-SI-12,67_67399_5136974,8/11/26,,2026-2027
67015102,1202746,67_67399_5136978,8/11/26,,2026-2027
67015102,1202777,67_67399_5136978,8/11/26,,2026-2027
67014648,3JN-SI-03,67_67399_5136974,8/11/26,,2026-2027
67014648,3JN-SI-04,67_67399_5136974,8/11/26,,2026-2027
67014592,2JN-SI-08,67_67399_5136974,8/11/26,,2026-2027
67014592,2JN-SI-09,67_67399_5136974,8/11/26,,2026-2027
67014767,4JN-SI-16,67_67399_5136974,8/11/26,,2026-2027
67014767,4JN-SI-17,67_67399_5136974,8/11/26,,2026-2027
67014574,2JN-SI-08,67_67399_5136974,8/11/26,,2026-2027
67014574,2JN-SI-09,67_67399_5136974,8/11/26,,2026-2027
67015168,1202746,67_67399_5136978,8/11/26,,2026-2027
67015168,1202777,67_67399_5136978,8/11/26,,2026-2027
67014772,5JN-SI-14,67_67399_5136974,8/11/26,,2026-2027
67014772,5JN-SI-15,67_67399_5136974,8/11/26,,2026-2027
67015049,0495-01,67_67399_5136978,8/11/26,,2026-2027
67015049,0495-02,67_67399_5136978,8/11/26,,2026-2027
67015122,1202746,67_67399_5136978,8/11/26,,2026-2027
67015122,1202777,67_67399_5136978,8/11/26,,2026-2027
67014953,6JN-S1-23,67_67399_5136974,8/11/26,,2026-2027
67014953,6JN-SI-20,67_67399_5136974,8/11/26,,2026-2027
67014660,3JN-SI-03,67_67399_5136974,8/11/26,,2026-2027
67014660,3JN-SI-04,67_67399_5136974,8/11/26,,2026-2027
67014626,2JN-SI-08,67_67399_5136974,8/11/26,,2026-2027
67014626,2JN-SI-09,67_67399_5136974,8/11/26,,2026-2027
67014578,2JN-SI-08,67_67399_5136974,8/11/26,,2026-2027
67014578,2JN-SI-09,67_67399_5136974,8/11/26,,2026-2027
67014659,3JN-SI-03,67_67399_5136974,8/11/26,,2026-2027
67014659,3JN-SI-04,67_67399_5136974,8/11/26,,2026-2027
67014777,5JN-SI-14,67_67399_5136974,8/11/26,,2026-2027
67014777,5JN-SI-15,67_67399_5136974,8/11/26,,2026-2027
67014904,6JN-S1-23,67_67399_5136974,8/11/26,,2026-2027
67014904,6JN-SI-20,67_67399_5136974,8/11/26,,2026-2027
67014669,3JN-SI-03,67_67399_5136974,8/11/26,,2026-2027
67014669,3JN-SI-04,67_67399_5136974,8/11/26,,2026-2027
67014770,4JN-SI-16,67_67399_5136974,8/11/26,,2026-2027
67014770,4JN-SI-17,67_67399_5136974,8/11/26,,2026-2027
67015035,0495-01,67_67399_5136978,8/11/26,,2026-2027
67015035,0495-02,67_67399_5136978,8/11/26,,2026-2027
67014819,5JN-SI-14,67_67399_5136974,8/11/26,,2026-2027
67014819,5JN-SI-15,67_67399_5136974,8/11/26,,2026-2027
67014931,6JN-S1-23,67_67399_5136974,8/11/26,,2026-2027
67014931,6JN-SI-20,67_67399_5136974,8/11/26,,2026-2027
67015022,0495-01,67_67399_5136978,8/11/26,,2026-2027
67015022,0495-02,67_67399_5136978,8/11/26,,2026-2027
67014928,6JN-S1-23,67_67399_5136974,8/11/26,,2026-2027
67014928,6JN-SI-20,67_67399_5136974,8/11/26,,2026-2027
67014838,5JN-SI-14,67_67399_5136974,8/11/26,,2026-2027
67014838,5JN-SI-15,67_67399_5136974,8/11/26,,2026-2027
67014907,6JN-S1-23,67_67399_5136974,8/11/26,,2026-2027
67014907,6JN-SI-20,67_67399_5136974,8/11/26,,2026-2027
67014653,3JN-SI-03,67_67399_5136974,8/11/26,,2026-2027
67014653,3JN-SI-04,67_67399_5136974,8/11/26,,2026-2027
67014964,6JN-S1-23,67_67399_5136974,8/11/26,,2026-2027
67014964,6JN-SI-20,67_67399_5136974,8/11/26,,2026-2027
67015110,1202746,67_67399_5136978,8/11/26,,2026-2027
67015110,1202777,67_67399_5136978,8/11/26,,2026-2027
67015146,1202746,67_67399_5136978,8/11/26,,2026-2027
67015146,1202777,67_67399_5136978,8/11/26,,2026-2027
67014906,6JN-S1-23,67_67399_5136974,8/11/26,,2026-2027
67014906,6JN-SI-20,67_67399_5136974,8/11/26,,2026-2027
67014587,2JN-SI-08,67_67399_5136974,8/11/26,,2026-2027
67014587,2JN-SI-09,67_67399_5136974,8/11/26,,2026-2027
67014910,6JN-S1-23,67_67399_5136974,8/11/26,,2026-2027
67014910,6JN-SI-20,67_67399_5136974,8/11/26,,2026-2027
67014593,2JN-SI-08,67_67399_5136974,8/11/26,,2026-2027
67014593,2JN-SI-09,67_67399_5136974,8/11/26,,2026-2027
67014890,6JN-S1-23,67_67399_5136974,8/11/26,,2026-2027
67014890,6JN-SI-20,67_67399_5136974,8/11/26,,2026-2027
67014631,2JN-SI-08,67_67399_5136974,8/11/26,,2026-2027
67014631,2JN-SI-09,67_67399_5136974,8/11/26,,2026-2027
67014824,5JN-SI-14,67_67399_5136974,8/11/26,,2026-2027
67014824,5JN-SI-15,67_67399_5136974,8/11/26,,2026-2027
67014692,3JN-SI-03,67_67399_5136974,8/11/26,,2026-2027
67014692,3JN-SI-04,67_67399_5136974,8/11/26,,2026-2027
67015145,1202746,67_67399_5136978,8/11/26,,2026-2027
67015145,1202777,67_67399_5136978,8/11/26,,2026-2027
67014961,6JN-S1-23,67_67399_5136974,8/11/26,,2026-2027
67014961,6JN-SI-20,67_67399_5136974,8/11/26,,2026-2027
67014800,5JN-SI-14,67_67399_5136974,8/11/26,,2026-2027
67014800,5JN-SI-15,67_67399_5136974,8/11/26,,2026-2027
67015189,1202746,67_67399_5136978,8/11/26,,2026-2027
67015189,1202777,67_67399_5136978,8/11/26,,2026-2027
67014695,4JN-SI-16,67_67399_5136974,8/11/26,,2026-2027
67014695,4JN-SI-17,67_67399_5136974,8/11/26,,2026-2027
67014555,1JN-SI-11,67_67399_5136974,8/11/26,,2026-2027
67014555,1JN-SI-12,67_67399_5136974,8/11/26,,2026-2027
67014920,6JN-S1-23,67_67399_5136974,8/11/26,,2026-2027
67014920,6JN-SI-20,67_67399_5136974,8/11/26,,2026-2027
67014841,5JN-SI-14,67_67399_5136974,8/11/26,,2026-2027
67014841,5JN-SI-15,67_67399_5136974,8/11/26,,2026-2027
67014826,5JN-SI-14,67_67399_5136974,8/11/26,,2026-2027
67014826,5JN-SI-15,67_67399_5136974,8/11/26,,2026-2027
67015025,0495-01,67_67399_5136978,8/11/26,,2026-2027
67015025,0495-02,67_67399_5136978,8/11/26,,2026-2027
67014923,6JN-S1-23,67_67399_5136974,8/11/26,,2026-2027
67014923,6JN-SI-20,67_67399_5136974,8/11/26,,2026-2027
67015162,1202746,67_67399_5136978,8/11/26,,2026-2027
67015162,1202777,67_67399_5136978,8/11/26,,2026-2027
67015003,0495-01,67_67399_5136978,8/11/26,,2026-2027
67015003,0495-02,67_67399_5136978,8/11/26,,2026-2027
67015130,1202746,67_67399_5136978,8/11/26,,2026-2027
67015130,1202777,67_67399_5136978,8/11/26,,2026-2027
67014971,6JN-S1-23,67_67399_5136974,8/11/26,,2026-2027
67014971,6JN-SI-20,67_67399_5136974,8/11/26,,2026-2027
67015155,1202746,67_67399_5136978,8/11/26,,2026-2027
67015155,1202777,67_67399_5136978,8/11/26,,2026-2027
67014854,5JN-SI-14,67_67399_5136974,8/11/26,,2026-2027
67014854,5JN-SI-15,67_67399_5136974,8/11/26,,2026-2027
67014620,2JN-SI-08,67_67399_5136974,8/11/26,,2026-2027
67014620,2JN-SI-09,67_67399_5136974,8/11/26,,2026-2027
67014916,6JN-S1-23,67_67399_5136974,8/11/26,,2026-2027
67014916,6JN-SI-20,67_67399_5136974,8/11/26,,2026-2027
67014642,2JN-SI-08,67_67399_5136974,8/11/26,,2026-2027
67014642,2JN-SI-09,67_67399_5136974,8/11/26,,2026-2027
67014643,2JN-SI-08,67_67399_5136974,8/11/26,,2026-2027
67014643,2JN-SI-09,67_67399_5136974,8/11/26,,2026-2027
67014815,5JN-SI-14,67_67399_5136974,8/11/26,,2026-2027
67014815,5JN-SI-15,67_67399_5136974,8/11/26,,2026-2027
67014610,2JN-SI-08,67_67399_5136974,8/11/26,,2026-2027
67014610,2JN-SI-09,67_67399_5136974,8/11/26,,2026-2027
67014697,4JN-SI-16,67_67399_5136974,8/11/26,,2026-2027
67014697,4JN-SI-17,67_67399_5136974,8/11/26,,2026-2027
67015124,1202746,67_67399_5136978,8/11/26,,2026-2027
67015124,1202777,67_67399_5136978,8/11/26,,2026-2027
67014878,6JN-S1-23,67_67399_5136974,8/11/26,,2026-2027
67014878,6JN-SI-20,67_67399_5136974,8/11/26,,2026-2027
67014935,6JN-S1-23,67_67399_5136974,8/11/26,,2026-2027
67014935,6JN-SI-20,67_67399_5136974,8/11/26,,2026-2027
67014718,4JN-SI-16,67_67399_5136974,8/11/26,,2026-2027
67014718,4JN-SI-17,67_67399_5136974,8/11/26,,2026-2027
67014730,4JN-SI-16,67_67399_5136974,8/11/26,,2026-2027
67014730,4JN-SI-17,67_67399_5136974,8/11/26,,2026-2027
67014700,4JN-SI-16,67_67399_5136974,8/11/26,,2026-2027
67014700,4JN-SI-17,67_67399_5136974,8/11/26,,2026-2027
67015183,1202746,67_67399_5136978,8/11/26,,2026-2027
67015183,1202777,67_67399_5136978,8/11/26,,2026-2027
67014591,2JN-SI-08,67_67399_5136974,8/11/26,,2026-2027
67014591,2JN-SI-09,67_67399_5136974,8/11/26,,2026-2027
67014685,3JN-SI-03,67_67399_5136974,8/11/26,,2026-2027
67014685,3JN-SI-04,67_67399_5136974,8/11/26,,2026-2027
67014922,6JN-S1-23,67_67399_5136974,8/11/26,,2026-2027
67014922,6JN-SI-20,67_67399_5136974,8/11/26,,2026-2027
67014641,2JN-SI-08,67_67399_5136974,8/11/26,,2026-2027
67014641,2JN-SI-09,67_67399_5136974,8/11/26,,2026-2027
67014839,5JN-SI-14,67_67399_5136974,8/11/26,,2026-2027
67014839,5JN-SI-15,67_67399_5136974,8/11/26,,2026-2027
67014994,0495-01,67_67399_5136978,8/11/26,,2026-2027
67014994,0495-02,67_67399_5136978,8/11/26,,2026-2027
67014871,6JN-S1-23,67_67399_5136974,8/11/26,,2026-2027
67014871,6JN-SI-20,67_67399_5136974,8/11/26,,2026-2027
67014828,5JN-SI-14,67_67399_5136974,8/11/26,,2026-2027
67014828,5JN-SI-15,67_67399_5136974,8/11/26,,2026-2027
67015060,0495-01,67_67399_5136978,8/11/26,,2026-2027
67015060,0495-02,67_67399_5136978,8/11/26,,2026-2027
67014589,2JN-SI-08,67_67399_5136974,8/11/26,,2026-2027
67014589,2JN-SI-09,67_67399_5136974,8/11/26,,2026-2027
67014939,6JN-S1-23,67_67399_5136974,8/11/26,,2026-2027
67014939,6JN-SI-20,67_67399_5136974,8/11/26,,2026-2027
67014687,3JN-SI-03,67_67399_5136974,8/11/26,,2026-2027
67014687,3JN-SI-04,67_67399_5136974,8/11/26,,2026-2027
67014713,4JN-SI-16,67_67399_5136974,8/11/26,,2026-2027
67014713,4JN-SI-17,67_67399_5136974,8/11/26,,2026-2027
67015166,1202746,67_67399_5136978,8/11/26,,2026-2027
67015166,1202777,67_67399_5136978,8/11/26,,2026-2027
67014581,2JN-SI-08,67_67399_5136974,8/11/26,,2026-2027
67014581,2JN-SI-09,67_67399_5136974,8/11/26,,2026-2027
67014848,5JN-SI-14,67_67399_5136974,8/11/26,,2026-2027
67014848,5JN-SI-15,67_67399_5136974,8/11/26,,2026-2027
67014827,5JN-SI-14,67_67399_5136974,8/11/26,,2026-2027
67014827,5JN-SI-15,67_67399_5136974,8/11/26,,2026-2027
67014646,2JN-SI-08,67_67399_5136974,8/11/26,,2026-2027
67014646,2JN-SI-09,67_67399_5136974,8/11/26,,2026-2027
67014676,3JN-SI-03,67_67399_5136974,8/11/26,,2026-2027
67014676,3JN-SI-04,67_67399_5136974,8/11/26,,2026-2027
67015140,1202746,67_67399_5136978,8/11/26,,2026-2027
67015140,1202777,67_67399_5136978,8/11/26,,2026-2027
67014891,6JN-S1-23,67_67399_5136974,8/11/26,,2026-2027
67014891,6JN-SI-20,67_67399_5136974,8/11/26,,2026-2027
67015086,0495-01,67_67399_5136978,8/11/26,,2026-2027
67015086,0495-02,67_67399_5136978,8/11/26,,2026-2027
67014608,2JN-SI-08,67_67399_5136974,8/11/26,,2026-2027
67014608,2JN-SI-09,67_67399_5136974,8/11/26,,2026-2027
67014887,6JN-S1-23,67_67399_5136974,8/11/26,,2026-2027
67014887,6JN-SI-20,67_67399_5136974,8/11/26,,2026-2027
67014779,5JN-SI-14,67_67399_5136974,8/11/26,,2026-2027
67014779,5JN-SI-15,67_67399_5136974,8/11/26,,2026-2027
67014667,3JN-SI-03,67_67399_5136974,8/11/26,,2026-2027
67014667,3JN-SI-04,67_67399_5136974,8/11/26,,2026-2027
67015055,0495-01,67_67399_5136978,8/11/26,,2026-2027
67015055,0495-02,67_67399_5136978,8/11/26,,2026-2027
67014793,5JN-SI-14,67_67399_5136974,8/11/26,,2026-2027
67014793,5JN-SI-15,67_67399_5136974,8/11/26,,2026-2027
67014557,1JN-SI-11,67_67399_5136974,8/11/26,,2026-2027
67014557,1JN-SI-12,67_67399_5136974,8/11/26,,2026-2027
67015165,1202746,67_67399_5136978,8/11/26,,2026-2027
67015165,1202777,67_67399_5136978,8/11/26,,2026-2027
67014583,2JN-SI-08,67_67399_5136974,8/11/26,,2026-2027
67014583,2JN-SI-09,67_67399_5136974,8/11/26,,2026-2027
67015014,0495-01,67_67399_5136978,8/11/26,,2026-2027
67015014,0495-02,67_67399_5136978,8/11/26,,2026-2027
67015079,0495-01,67_67399_5136978,8/11/26,,2026-2027
67015079,0495-02,67_67399_5136978,8/11/26,,2026-2027
67014947,6JN-S1-23,67_67399_5136974,8/11/26,,2026-2027
67014947,6JN-SI-20,67_67399_5136974,8/11/26,,2026-2027
67014915,6JN-S1-23,67_67399_5136974,8/11/26,,2026-2027
67014915,6JN-SI-20,67_67399_5136974,8/11/26,,2026-2027
67014987,0495-01,67_67399_5136978,8/11/26,,2026-2027
67014987,0495-02,67_67399_5136978,8/11/26,,2026-2027
67015101,1202746,67_67399_5136978,8/11/26,,2026-2027
67015101,1202777,67_67399_5136978,8/11/26,,2026-2027
67014629,2JN-SI-08,67_67399_5136974,8/11/26,,2026-2027
67014629,2JN-SI-09,67_67399_5136974,8/11/26,,2026-2027
67015179,1202746,67_67399_5136978,8/11/26,,2026-2027
67015179,1202777,67_67399_5136978,8/11/26,,2026-2027
67015076,0495-01,67_67399_5136978,8/11/26,,2026-2027
67015076,0495-02,67_67399_5136978,8/11/26,,2026-2027
67015098,1202746,67_67399_5136978,8/11/26,,2026-2027
67015098,1202777,67_67399_5136978,8/11/26,,2026-2027
67014859,5JN-SI-14,67_67399_5136974,8/11/26,,2026-2027
67014859,5JN-SI-15,67_67399_5136974,8/11/26,,2026-2027
67014957,6JN-S1-23,67_67399_5136974,8/11/26,,2026-2027
67014957,6JN-SI-20,67_67399_5136974,8/11/26,,2026-2027
67014988,0495-01,67_67399_5136978,8/11/26,,2026-2027
67014988,0495-02,67_67399_5136978,8/11/26,,2026-2027
67014596,2JN-SI-08,67_67399_5136974,8/11/26,,2026-2027
67014596,2JN-SI-09,67_67399_5136974,8/11/26,,2026-2027
67015188,1202746,67_67399_5136978,8/11/26,,2026-2027
67015188,1202777,67_67399_5136978,8/11/26,,2026-2027
67014614,2JN-SI-08,67_67399_5136974,8/11/26,,2026-2027
67014614,2JN-SI-09,67_67399_5136974,8/11/26,,2026-2027
67014559,1JN-SI-11,67_67399_5136974,8/11/26,,2026-2027
67014559,1JN-SI-12,67_67399_5136974,8/11/26,,2026-2027
67014717,4JN-SI-16,67_67399_5136974,8/11/26,,2026-2027
67014717,4JN-SI-17,67_67399_5136974,8/11/26,,2026-2027
67014918,6JN-S1-23,67_67399_5136974,8/11/26,,2026-2027
67014918,6JN-SI-20,67_67399_5136974,8/11/26,,2026-2027
67015031,0495-01,67_67399_5136978,8/11/26,,2026-2027
67015031,0495-02,67_67399_5136978,8/11/26,,2026-2027
67014771,5JN-SI-14,67_67399_5136974,8/11/26,,2026-2027
67014771,5JN-SI-15,67_67399_5136974,8/11/26,,2026-2027
67014577,2JN-SI-08,67_67399_5136974,8/11/26,,2026-2027
67014577,2JN-SI-09,67_67399_5136974,8/11/26,,2026-2027
67015187,1202746,67_67399_5136978,8/11/26,,2026-2027
67015187,1202777,67_67399_5136978,8/11/26,,2026-2027
67015082,0495-01,67_67399_5136978,8/11/26,,2026-2027
67015082,0495-02,67_67399_5136978,8/11/26,,2026-2027
67014794,5JN-SI-14,67_67399_5136974,8/11/26,,2026-2027
67014794,5JN-SI-15,67_67399_5136974,8/11/26,,2026-2027
67014858,5JN-SI-14,67_67399_5136974,8/11/26,,2026-2027
67014858,5JN-SI-15,67_67399_5136974,8/11/26,,2026-2027
67015011,0495-01,67_67399_5136978,8/11/26,,2026-2027
67015011,0495-02,67_67399_5136978,8/11/26,,2026-2027
67014621,2JN-SI-08,67_67399_5136974,8/11/26,,2026-2027
67014621,2JN-SI-09,67_67399_5136974,8/11/26,,2026-2027
67014731,4JN-SI-16,67_67399_5136974,8/11/26,,2026-2027
67014731,4JN-SI-17,67_67399_5136974,8/11/26,,2026-2027
67015141,1202746,67_67399_5136978,8/11/26,,2026-2027
67015141,1202777,67_67399_5136978,8/11/26,,2026-2027
67014597,2JN-SI-08,67_67399_5136974,8/11/26,,2026-2027
67014597,2JN-SI-09,67_67399_5136974,8/11/26,,2026-2027
67014810,5JN-SI-14,67_67399_5136974,8/11/26,,2026-2027
67014810,5JN-SI-15,67_67399_5136974,8/11/26,,2026-2027
67014738,4JN-SI-16,67_67399_5136974,8/11/26,,2026-2027
67014738,4JN-SI-17,67_67399_5136974,8/11/26,,2026-2027
67014905,6JN-S1-23,67_67399_5136974,8/11/26,,2026-2027
67014905,6JN-SI-20,67_67399_5136974,8/11/26,,2026-2027
67014728,4JN-SI-16,67_67399_5136974,8/11/26,,2026-2027
67014728,4JN-SI-17,67_67399_5136974,8/11/26,,2026-2027
67014789,5JN-SI-14,67_67399_5136974,8/11/26,,2026-2027
67014789,5JN-SI-15,67_67399_5136974,8/11/26,,2026-2027
67014552,1JN-SI-11,67_67399_5136974,8/11/26,,2026-2027
67014552,1JN-SI-12,67_67399_5136974,8/11/26,,2026-2027
67014802,5JN-SI-14,67_67399_5136974,8/11/26,,2026-2027
67014802,5JN-SI-15,67_67399_5136974,8/11/26,,2026-2027
67014774,5JN-SI-14,67_67399_5136974,8/11/26,,2026-2027
67014774,5JN-SI-15,67_67399_5136974,8/11/26,,2026-2027
67014636,2JN-SI-08,67_67399_5136974,8/11/26,,2026-2027
67014636,2JN-SI-09,67_67399_5136974,8/11/26,,2026-2027
67015142,1202746,67_67399_5136978,8/11/26,,2026-2027
67015142,1202777,67_67399_5136978,8/11/26,,2026-2027
67015050,0495-01,67_67399_5136978,8/11/26,,2026-2027
67015050,0495-02,67_67399_5136978,8/11/26,,2026-2027
67014993,0495-01,67_67399_5136978,8/11/26,,2026-2027
67014993,0495-02,67_67399_5136978,8/11/26,,2026-2027
67015020,0495-01,67_67399_5136978,8/11/26,,2026-2027
67015020,0495-02,67_67399_5136978,8/11/26,,2026-2027
67014563,1JN-SI-11,67_67399_5136974,8/11/26,,2026-2027
67014563,1JN-SI-12,67_67399_5136974,8/11/26,,2026-2027
67015004,0495-01,67_67399_5136978,8/11/26,,2026-2027
67015004,0495-02,67_67399_5136978,8/11/26,,2026-2027
67014950,6JN-S1-23,67_67399_5136974,8/11/26,,2026-2027
67014950,6JN-SI-20,67_67399_5136974,8/11/26,,2026-2027
67015134,1202746,67_67399_5136978,8/11/26,,2026-2027
67015134,1202777,67_67399_5136978,8/11/26,,2026-2027
67014746,4JN-SI-16,67_67399_5136974,8/11/26,,2026-2027
67014746,4JN-SI-17,67_67399_5136974,8/11/26,,2026-2027
67014603,2JN-SI-08,67_67399_5136974,8/11/26,,2026-2027
67014603,2JN-SI-09,67_67399_5136974,8/11/26,,2026-2027
67014757,4JN-SI-16,67_67399_5136974,8/11/26,,2026-2027
67014757,4JN-SI-17,67_67399_5136974,8/11/26,,2026-2027
67015019,0495-01,67_67399_5136978,8/11/26,,2026-2027
67015019,0495-02,67_67399_5136978,8/11/26,,2026-2027
67015180,1202746,67_67399_5136978,8/11/26,,2026-2027
67015180,1202777,67_67399_5136978,8/11/26,,2026-2027
67015042,0495-01,67_67399_5136978,8/11/26,,2026-2027
67015042,0495-02,67_67399_5136978,8/11/26,,2026-2027
67014855,5JN-SI-14,67_67399_5136974,8/11/26,,2026-2027
67014855,5JN-SI-15,67_67399_5136974,8/11/26,,2026-2027
67014899,6JN-S1-23,67_67399_5136974,8/11/26,,2026-2027
67014899,6JN-SI-20,67_67399_5136974,8/11/26,,2026-2027
67015072,0495-01,67_67399_5136978,8/11/26,,2026-2027
67015072,0495-02,67_67399_5136978,8/11/26,,2026-2027
67014567,1JN-SI-11,67_67399_5136974,8/11/26,,2026-2027
67014567,1JN-SI-12,67_67399_5136974,8/11/26,,2026-2027
67014788,5JN-SI-14,67_67399_5136974,8/11/26,,2026-2027
67014788,5JN-SI-15,67_67399_5136974,8/11/26,,2026-2027
67015084,0495-01,67_67399_5136978,8/11/26,,2026-2027
67015084,0495-02,67_67399_5136978,8/11/26,,2026-2027
67015115,1202746,67_67399_5136978,8/11/26,,2026-2027
67015115,1202777,67_67399_5136978,8/11/26,,2026-2027
67015154,1202746,67_67399_5136978,8/11/26,,2026-2027
67015154,1202777,67_67399_5136978,8/11/26,,2026-2027
67015073,0495-01,67_67399_5136978,8/11/26,,2026-2027
67015073,0495-02,67_67399_5136978,8/11/26,,2026-2027
67014711,4JN-SI-16,67_67399_5136974,8/11/26,,2026-2027
67014711,4JN-SI-17,67_67399_5136974,8/11/26,,2026-2027
67014908,6JN-S1-23,67_67399_5136974,8/11/26,,2026-2027
67014908,6JN-SI-20,67_67399_5136974,8/11/26,,2026-2027
67015026,0495-01,67_67399_5136978,8/11/26,,2026-2027
67015026,0495-02,67_67399_5136978,8/11/26,,2026-2027
67014851,5JN-SI-14,67_67399_5136974,8/11/26,,2026-2027
67014851,5JN-SI-15,67_67399_5136974,8/11/26,,2026-2027
67014924,6JN-S1-23,67_67399_5136974,8/11/26,,2026-2027
67014924,6JN-SI-20,67_67399_5136974,8/11/26,,2026-2027
67014862,5JN-SI-14,67_67399_5136974,8/11/26,,2026-2027
67014862,5JN-SI-15,67_67399_5136974,8/11/26,,2026-2027
67014638,2JN-SI-08,67_67399_5136974,8/11/26,,2026-2027
67014638,2JN-SI-09,67_67399_5136974,8/11/26,,2026-2027
67014977,0495-01,67_67399_5136978,8/11/26,,2026-2027
67014977,0495-02,67_67399_5136978,8/11/26,,2026-2027
67014677,3JN-SI-03,67_67399_5136974,8/11/26,,2026-2027
67014677,3JN-SI-04,67_67399_5136974,8/11/26,,2026-2027
67014632,2JN-SI-08,67_67399_5136974,8/11/26,,2026-2027
67014632,2JN-SI-09,67_67399_5136974,8/11/26,,2026-2027
67015137,1202746,67_67399_5136978,8/11/26,,2026-2027
67015137,1202777,67_67399_5136978,8/11/26,,2026-2027
67014831,5JN-SI-14,67_67399_5136974,8/11/26,,2026-2027
67014831,5JN-SI-15,67_67399_5136974,8/11/26,,2026-2027
67014809,5JN-SI-14,67_67399_5136974,8/11/26,,2026-2027
67014809,5JN-SI-15,67_67399_5136974,8/11/26,,2026-2027
67014605,2JN-SI-08,67_67399_5136974,8/11/26,,2026-2027
67014605,2JN-SI-09,67_67399_5136974,8/11/26,,2026-2027
67014807,5JN-SI-14,67_67399_5136974,8/11/26,,2026-2027
67014807,5JN-SI-15,67_67399_5136974,8/11/26,,2026-2027
67015063,0495-01,67_67399_5136978,8/11/26,,2026-2027
67015063,0495-02,67_67399_5136978,8/11/26,,2026-2027
67014773,5JN-SI-14,67_67399_5136974,8/11/26,,2026-2027
67014773,5JN-SI-15,67_67399_5136974,8/11/26,,2026-2027
67014864,5JN-SI-14,67_67399_5136974,8/11/26,,2026-2027
67014864,5JN-SI-15,67_67399_5136974,8/11/26,,2026-2027
67014896,6JN-S1-23,67_67399_5136974,8/11/26,,2026-2027
67014896,6JN-SI-20,67_67399_5136974,8/11/26,,2026-2027
67014853,5JN-SI-14,67_67399_5136974,8/11/26,,2026-2027
67014853,5JN-SI-15,67_67399_5136974,8/11/26,,2026-2027
67014884,6JN-S1-23,67_67399_5136974,8/11/26,,2026-2027
67014884,6JN-SI-20,67_67399_5136974,8/11/26,,2026-2027
67014925,6JN-S1-23,67_67399_5136974,8/11/26,,2026-2027
67014925,6JN-SI-20,67_67399_5136974,8/11/26,,2026-2027
67014847,5JN-SI-14,67_67399_5136974,8/11/26,,2026-2027
67014847,5JN-SI-15,67_67399_5136974,8/11/26,,2026-2027
67015051,0495-01,67_67399_5136978,8/11/26,,2026-2027
67015051,0495-02,67_67399_5136978,8/11/26,,2026-2027
67014803,5JN-SI-14,67_67399_5136974,8/11/26,,2026-2027
67014803,5JN-SI-15,67_67399_5136974,8/11/26,,2026-2027
67014983,0495-01,67_67399_5136978,8/11/26,,2026-2027
67014983,0495-02,67_67399_5136978,8/11/26,,2026-2027
67015091,1202746,67_67399_5136978,8/11/26,,2026-2027
67015091,1202777,67_67399_5136978,8/11/26,,2026-2027
67014883,6JN-S1-23,67_67399_5136974,8/11/26,,2026-2027
67014883,6JN-SI-20,67_67399_5136974,8/11/26,,2026-2027
67014742,4JN-SI-16,67_67399_5136974,8/11/26,,2026-2027
67014742,4JN-SI-17,67_67399_5136974,8/11/26,,2026-2027
67015029,0495-01,67_67399_5136978,8/11/26,,2026-2027
67015029,0495-02,67_67399_5136978,8/11/26,,2026-2027
67015114,1202746,67_67399_5136978,8/11/26,,2026-2027
67015114,1202777,67_67399_5136978,8/11/26,,2026-2027
67015123,1202746,67_67399_5136978,8/11/26,,2026-2027
67015123,1202777,67_67399_5136978,8/11/26,,2026-2027
67014671,3JN-SI-03,67_67399_5136974,8/11/26,,2026-2027
67014671,3JN-SI-04,67_67399_5136974,8/11/26,,2026-2027
67015167,1202746,67_67399_5136978,8/11/26,,2026-2027
67015167,1202777,67_67399_5136978,8/11/26,,2026-2027
67015048,0495-01,67_67399_5136978,8/11/26,,2026-2027
67015048,0495-02,67_67399_5136978,8/11/26,,2026-2027
67015096,1202746,67_67399_5136978,8/11/26,,2026-2027
67015096,1202777,67_67399_5136978,8/11/26,,2026-2027
67015150,1202746,67_67399_5136978,8/11/26,,2026-2027
67015150,1202777,67_67399_5136978,8/11/26,,2026-2027
67015149,1202746,67_67399_5136978,8/11/26,,2026-2027
67015149,1202777,67_67399_5136978,8/11/26,,2026-2027
67014804,5JN-SI-14,67_67399_5136974,8/11/26,,2026-2027
67014804,5JN-SI-15,67_67399_5136974,8/11/26,,2026-2027
67015501,6 KG-SI-29,67_67399_5136975,8/11/26,,2026-2027
67015501,6 KG-SI-31,67_67399_5136975,8/11/26,,2026-2027
67015495,6 KG-SI-29,67_67399_5136975,8/11/26,,2026-2027
67015495,6 KG-SI-31,67_67399_5136975,8/11/26,,2026-2027
67015342,4 KG-SI-19,67_67399_5136975,8/11/26,,2026-2027
67015342,4 KG-SI-21,67_67399_5136975,8/11/26,,2026-2027
67015250,2 KG-SI-15,67_67399_5136975,8/11/26,,2026-2027
67015250,2 KG-SI-18,67_67399_5136975,8/11/26,,2026-2027
67015195,1 KG-SI-03,67_67399_5136975,8/11/26,,2026-2027
67015195,1 KG-SI-05,67_67399_5136975,8/11/26,,2026-2027
67015196,1 KG-SI-03,67_67399_5136975,8/11/26,,2026-2027
67015196,1 KG-SI-05,67_67399_5136975,8/11/26,,2026-2027
67015292,3 KG-SI-14,67_67399_5136975,8/11/26,,2026-2027
67015292,3 KG-SI-16,67_67399_5136975,8/11/26,,2026-2027
67015249,2 KG-SI-15,67_67399_5136975,8/11/26,,2026-2027
67015249,2 KG-SI-18,67_67399_5136975,8/11/26,,2026-2027
67015387,4 KG-SI-19,67_67399_5136975,8/11/26,,2026-2027
67015387,4 KG-SI-21,67_67399_5136975,8/11/26,,2026-2027
67015363,4 KG-SI-19,67_67399_5136975,8/11/26,,2026-2027
67015363,4 KG-SI-21,67_67399_5136975,8/11/26,,2026-2027
67015411,5 KG-SI-26,67_67399_5136975,8/11/26,,2026-2027
67015411,5 KG-SI-27,67_67399_5136975,8/11/26,,2026-2027
67015205,1 KG-SI-03,67_67399_5136975,8/11/26,,2026-2027
67015205,1 KG-SI-05,67_67399_5136975,8/11/26,,2026-2027
67015504,6 KG-SI-29,67_67399_5136975,8/11/26,,2026-2027
67015504,6 KG-SI-31,67_67399_5136975,8/11/26,,2026-2027
67015222,2 KG-SI-15,67_67399_5136975,8/11/26,,2026-2027
67015222,2 KG-SI-18,67_67399_5136975,8/11/26,,2026-2027
67015527,6 KG-SI-29,67_67399_5136975,8/11/26,,2026-2027
67015527,6 KG-SI-31,67_67399_5136975,8/11/26,,2026-2027
67015397,4 KG-SI-19,67_67399_5136975,8/11/26,,2026-2027
67015397,4 KG-SI-21,67_67399_5136975,8/11/26,,2026-2027
67015362,4 KG-SI-19,67_67399_5136975,8/11/26,,2026-2027
67015362,4 KG-SI-21,67_67399_5136975,8/11/26,,2026-2027
67015306,3 KG-SI-14,67_67399_5136975,8/11/26,,2026-2027
67015306,3 KG-SI-16,67_67399_5136975,8/11/26,,2026-2027
67015563,0495-01,67_67399_5136979,8/11/26,,2026-2027
67015563,0495-02,67_67399_5136979,8/11/26,,2026-2027
67015335,4 KG-SI-19,67_67399_5136975,8/11/26,,2026-2027
67015335,4 KG-SI-21,67_67399_5136975,8/11/26,,2026-2027
67015507,6 KG-SI-29,67_67399_5136975,8/11/26,,2026-2027
67015507,6 KG-SI-31,67_67399_5136975,8/11/26,,2026-2027
67015421,5 KG-SI-26,67_67399_5136975,8/11/26,,2026-2027
67015421,5 KG-SI-27,67_67399_5136975,8/11/26,,2026-2027
67015498,6 KG-SI-29,67_67399_5136975,8/11/26,,2026-2027
67015498,6 KG-SI-31,67_67399_5136975,8/11/26,,2026-2027
67015326,3 KG-SI-14,67_67399_5136975,8/11/26,,2026-2027
67015326,3 KG-SI-16,67_67399_5136975,8/11/26,,2026-2027
67015305,3 KG-SI-14,67_67399_5136975,8/11/26,,2026-2027
67015305,3 KG-SI-16,67_67399_5136975,8/11/26,,2026-2027
67015354,4 KG-SI-19,67_67399_5136975,8/11/26,,2026-2027
67015354,4 KG-SI-21,67_67399_5136975,8/11/26,,2026-2027
67015255,2 KG-SI-15,67_67399_5136975,8/11/26,,2026-2027
67015255,2 KG-SI-18,67_67399_5136975,8/11/26,,2026-2027
67015518,6 KG-SI-29,67_67399_5136975,8/11/26,,2026-2027
67015518,6 KG-SI-31,67_67399_5136975,8/11/26,,2026-2027
67015408,5 KG-SI-26,67_67399_5136975,8/11/26,,2026-2027
67015408,5 KG-SI-27,67_67399_5136975,8/11/26,,2026-2027
67015448,5 KG-SI-26,67_67399_5136975,8/11/26,,2026-2027
67015448,5 KG-SI-27,67_67399_5136975,8/11/26,,2026-2027
67015637,1203476,67_67399_5136979,8/11/26,,2026-2027
67015637,1203507,67_67399_5136979,8/11/26,,2026-2027
67015226,2 KG-SI-15,67_67399_5136975,8/11/26,,2026-2027
67015226,2 KG-SI-18,67_67399_5136975,8/11/26,,2026-2027
67015241,2 KG-SI-15,67_67399_5136975,8/11/26,,2026-2027
67015241,2 KG-SI-18,67_67399_5136975,8/11/26,,2026-2027
67015229,2 KG-SI-15,67_67399_5136975,8/11/26,,2026-2027
67015229,2 KG-SI-18,67_67399_5136975,8/11/26,,2026-2027
67015515,6 KG-SI-29,67_67399_5136975,8/11/26,,2026-2027
67015515,6 KG-SI-31,67_67399_5136975,8/11/26,,2026-2027
67015457,5 KG-SI-26,67_67399_5136975,8/11/26,,2026-2027
67015457,5 KG-SI-27,67_67399_5136975,8/11/26,,2026-2027
67015572,0495-01,67_67399_5136979,8/11/26,,2026-2027
67015572,0495-02,67_67399_5136979,8/11/26,,2026-2027
67015571,0495-01,67_67399_5136979,8/11/26,,2026-2027
67015571,0495-02,67_67399_5136979,8/11/26,,2026-2027
67015645,1203476,67_67399_5136979,8/11/26,,2026-2027
67015645,1203507,67_67399_5136979,8/11/26,,2026-2027
67015516,6 KG-SI-29,67_67399_5136975,8/11/26,,2026-2027
67015516,6 KG-SI-31,67_67399_5136975,8/11/26,,2026-2027
67015625,1203476,67_67399_5136979,8/11/26,,2026-2027
67015625,1203507,67_67399_5136979,8/11/26,,2026-2027
67015428,5 KG-SI-26,67_67399_5136975,8/11/26,,2026-2027
67015428,5 KG-SI-27,67_67399_5136975,8/11/26,,2026-2027
67015355,4 KG-SI-19,67_67399_5136975,8/11/26,,2026-2027
67015355,4 KG-SI-21,67_67399_5136975,8/11/26,,2026-2027
67015633,1203476,67_67399_5136979,8/11/26,,2026-2027
67015633,1203507,67_67399_5136979,8/11/26,,2026-2027
67015261,2 KG-SI-15,67_67399_5136975,8/11/26,,2026-2027
67015261,2 KG-SI-18,67_67399_5136975,8/11/26,,2026-2027
67015388,4 KG-SI-19,67_67399_5136975,8/11/26,,2026-2027
67015388,4 KG-SI-21,67_67399_5136975,8/11/26,,2026-2027
67015525,6 KG-SI-29,67_67399_5136975,8/11/26,,2026-2027
67015525,6 KG-SI-31,67_67399_5136975,8/11/26,,2026-2027
67015352,4 KG-SI-19,67_67399_5136975,8/11/26,,2026-2027
67015352,4 KG-SI-21,67_67399_5136975,8/11/26,,2026-2027
67015468,5 KG-SI-26,67_67399_5136975,8/11/26,,2026-2027
67015468,5 KG-SI-27,67_67399_5136975,8/11/26,,2026-2027
67015356,4 KG-SI-19,67_67399_5136975,8/11/26,,2026-2027
67015356,4 KG-SI-21,67_67399_5136975,8/11/26,,2026-2027
67015374,4 KG-SI-19,67_67399_5136975,8/11/26,,2026-2027
67015374,4 KG-SI-21,67_67399_5136975,8/11/26,,2026-2027
67015656,1203476,67_67399_5136979,8/11/26,,2026-2027
67015656,1203507,67_67399_5136979,8/11/26,,2026-2027
67015506,6 KG-SI-29,67_67399_5136975,8/11/26,,2026-2027
67015506,6 KG-SI-31,67_67399_5136975,8/11/26,,2026-2027
67015434,5 KG-SI-26,67_67399_5136975,8/11/26,,2026-2027
67015434,5 KG-SI-27,67_67399_5136975,8/11/26,,2026-2027
67015561,0495-01,67_67399_5136979,8/11/26,,2026-2027
67015561,0495-02,67_67399_5136979,8/11/26,,2026-2027
67015486,6 KG-SI-29,67_67399_5136975,8/11/26,,2026-2027
67015486,6 KG-SI-31,67_67399_5136975,8/11/26,,2026-2027
67015291,3 KG-SI-14,67_67399_5136975,8/11/26,,2026-2027
67015291,3 KG-SI-16,67_67399_5136975,8/11/26,,2026-2027
67015635,1203476,67_67399_5136979,8/11/26,,2026-2027
67015635,1203507,67_67399_5136979,8/11/26,,2026-2027
67015435,5 KG-SI-26,67_67399_5136975,8/11/26,,2026-2027
67015435,5 KG-SI-27,67_67399_5136975,8/11/26,,2026-2027
67015218,1 KG-SI-03,67_67399_5136975,8/11/26,,2026-2027
67015218,1 KG-SI-05,67_67399_5136975,8/11/26,,2026-2027
67015228,2 KG-SI-15,67_67399_5136975,8/11/26,,2026-2027
67015228,2 KG-SI-18,67_67399_5136975,8/11/26,,2026-2027
67015651,1203476,67_67399_5136979,8/11/26,,2026-2027
67015651,1203507,67_67399_5136979,8/11/26,,2026-2027
67015682,1203476,67_67399_5136979,8/11/26,,2026-2027
67015682,1203507,67_67399_5136979,8/11/26,,2026-2027
67015351,4 KG-SI-19,67_67399_5136975,8/11/26,,2026-2027
67015351,4 KG-SI-21,67_67399_5136975,8/11/26,,2026-2027
67015281,3 KG-SI-14,67_67399_5136975,8/11/26,,2026-2027
67015281,3 KG-SI-16,67_67399_5136975,8/11/26,,2026-2027
67015535,6 KG-SI-29,67_67399_5136975,8/11/26,,2026-2027
67015535,6 KG-SI-31,67_67399_5136975,8/11/26,,2026-2027
67015649,1203476,67_67399_5136979,8/11/26,,2026-2027
67015649,1203507,67_67399_5136979,8/11/26,,2026-2027
67015235,2 KG-SI-15,67_67399_5136975,8/11/26,,2026-2027
67015235,2 KG-SI-18,67_67399_5136975,8/11/26,,2026-2027
67015414,5 KG-SI-26,67_67399_5136975,8/11/26,,2026-2027
67015414,5 KG-SI-27,67_67399_5136975,8/11/26,,2026-2027
67015252,2 KG-SI-15,67_67399_5136975,8/11/26,,2026-2027
67015252,2 KG-SI-18,67_67399_5136975,8/11/26,,2026-2027
67015592,0495-01,67_67399_5136979,8/11/26,,2026-2027
67015592,0495-02,67_67399_5136979,8/11/26,,2026-2027
67015265,2 KG-SI-15,67_67399_5136975,8/11/26,,2026-2027
67015265,2 KG-SI-18,67_67399_5136975,8/11/26,,2026-2027
67015312,3 KG-SI-14,67_67399_5136975,8/11/26,,2026-2027
67015312,3 KG-SI-16,67_67399_5136975,8/11/26,,2026-2027
67015202,1 KG-SI-03,67_67399_5136975,8/11/26,,2026-2027
67015202,1 KG-SI-05,67_67399_5136975,8/11/26,,2026-2027
67015329,4 KG-SI-19,67_67399_5136975,8/11/26,,2026-2027
67015329,4 KG-SI-21,67_67399_5136975,8/11/26,,2026-2027
67015346,4 KG-SI-19,67_67399_5136975,8/11/26,,2026-2027
67015346,4 KG-SI-21,67_67399_5136975,8/11/26,,2026-2027
67015665,1203476,67_67399_5136979,8/11/26,,2026-2027
67015665,1203507,67_67399_5136979,8/11/26,,2026-2027
67015481,6 KG-SI-29,67_67399_5136975,8/11/26,,2026-2027
67015481,6 KG-SI-31,67_67399_5136975,8/11/26,,2026-2027
67015520,6 KG-SI-29,67_67399_5136975,8/11/26,,2026-2027
67015520,6 KG-SI-31,67_67399_5136975,8/11/26,,2026-2027
67015539,6 KG-SI-29,67_67399_5136975,8/11/26,,2026-2027
67015539,6 KG-SI-31,67_67399_5136975,8/11/26,,2026-2027
67015333,4 KG-SI-19,67_67399_5136975,8/11/26,,2026-2027
67015333,4 KG-SI-21,67_67399_5136975,8/11/26,,2026-2027
67015422,5 KG-SI-26,67_67399_5136975,8/11/26,,2026-2027
67015422,5 KG-SI-27,67_67399_5136975,8/11/26,,2026-2027
67015528,6 KG-SI-29,67_67399_5136975,8/11/26,,2026-2027
67015528,6 KG-SI-31,67_67399_5136975,8/11/26,,2026-2027
67015344,4 KG-SI-19,67_67399_5136975,8/11/26,,2026-2027
67015344,4 KG-SI-21,67_67399_5136975,8/11/26,,2026-2027
67015366,4 KG-SI-19,67_67399_5136975,8/11/26,,2026-2027
67015366,4 KG-SI-21,67_67399_5136975,8/11/26,,2026-2027
67015303,3 KG-SI-14,67_67399_5136975,8/11/26,,2026-2027
67015303,3 KG-SI-16,67_67399_5136975,8/11/26,,2026-2027
67015254,2 KG-SI-15,67_67399_5136975,8/11/26,,2026-2027
67015254,2 KG-SI-18,67_67399_5136975,8/11/26,,2026-2027
67015644,1203476,67_67399_5136979,8/11/26,,2026-2027
67015644,1203507,67_67399_5136979,8/11/26,,2026-2027
67015579,0495-01,67_67399_5136979,8/11/26,,2026-2027
67015579,0495-02,67_67399_5136979,8/11/26,,2026-2027
67015347,4 KG-SI-19,67_67399_5136975,8/11/26,,2026-2027
67015347,4 KG-SI-21,67_67399_5136975,8/11/26,,2026-2027
67015630,1203476,67_67399_5136979,8/11/26,,2026-2027
67015630,1203507,67_67399_5136979,8/11/26,,2026-2027
67015509,6 KG-SI-29,67_67399_5136975,8/11/26,,2026-2027
67015509,6 KG-SI-31,67_67399_5136975,8/11/26,,2026-2027
67015429,5 KG-SI-26,67_67399_5136975,8/11/26,,2026-2027
67015429,5 KG-SI-27,67_67399_5136975,8/11/26,,2026-2027
67015257,2 KG-SI-15,67_67399_5136975,8/11/26,,2026-2027
67015257,2 KG-SI-18,67_67399_5136975,8/11/26,,2026-2027
67015403,4 KG-SI-19,67_67399_5136975,8/11/26,,2026-2027
67015403,4 KG-SI-21,67_67399_5136975,8/11/26,,2026-2027
67015395,4 KG-SI-19,67_67399_5136975,8/11/26,,2026-2027
67015395,4 KG-SI-21,67_67399_5136975,8/11/26,,2026-2027
67015308,3 KG-SI-14,67_67399_5136975,8/11/26,,2026-2027
67015308,3 KG-SI-16,67_67399_5136975,8/11/26,,2026-2027
67015612,0495-01,67_67399_5136979,8/11/26,,2026-2027
67015612,0495-02,67_67399_5136979,8/11/26,,2026-2027
67015380,4 KG-SI-19,67_67399_5136975,8/11/26,,2026-2027
67015380,4 KG-SI-21,67_67399_5136975,8/11/26,,2026-2027
67015325,3 KG-SI-14,67_67399_5136975,8/11/26,,2026-2027
67015325,3 KG-SI-16,67_67399_5136975,8/11/26,,2026-2027
67015632,1203476,67_67399_5136979,8/11/26,,2026-2027
67015632,1203507,67_67399_5136979,8/11/26,,2026-2027
67015340,4 KG-SI-19,67_67399_5136975,8/11/26,,2026-2027
67015340,4 KG-SI-21,67_67399_5136975,8/11/26,,2026-2027
67015394,4 KG-SI-19,67_67399_5136975,8/11/26,,2026-2027
67015394,4 KG-SI-21,67_67399_5136975,8/11/26,,2026-2027
67015382,4 KG-SI-19,67_67399_5136975,8/11/26,,2026-2027
67015382,4 KG-SI-21,67_67399_5136975,8/11/26,,2026-2027
67015550,0495-01,67_67399_5136979,8/11/26,,2026-2027
67015550,0495-02,67_67399_5136979,8/11/26,,2026-2027
67015462,5 KG-SI-26,67_67399_5136975,8/11/26,,2026-2027
67015462,5 KG-SI-27,67_67399_5136975,8/11/26,,2026-2027
67015471,6 KG-SI-29,67_67399_5136975,8/11/26,,2026-2027
67015471,6 KG-SI-31,67_67399_5136975,8/11/26,,2026-2027
67015491,6 KG-SI-29,67_67399_5136975,8/11/26,,2026-2027
67015491,6 KG-SI-31,67_67399_5136975,8/11/26,,2026-2027
67015198,1 KG-SI-03,67_67399_5136975,8/11/26,,2026-2027
67015198,1 KG-SI-05,67_67399_5136975,8/11/26,,2026-2027
67015266,2 KG-SI-15,67_67399_5136975,8/11/26,,2026-2027
67015266,2 KG-SI-18,67_67399_5136975,8/11/26,,2026-2027
67015213,1 KG-SI-03,67_67399_5136975,8/11/26,,2026-2027
67015213,1 KG-SI-05,67_67399_5136975,8/11/26,,2026-2027
67015532,6 KG-SI-29,67_67399_5136975,8/11/26,,2026-2027
67015532,6 KG-SI-31,67_67399_5136975,8/11/26,,2026-2027
67015626,1203476,67_67399_5136979,8/11/26,,2026-2027
67015626,1203507,67_67399_5136979,8/11/26,,2026-2027
67015456,5 KG-SI-26,67_67399_5136975,8/11/26,,2026-2027
67015456,5 KG-SI-27,67_67399_5136975,8/11/26,,2026-2027
67015280,3 KG-SI-14,67_67399_5136975,8/11/26,,2026-2027
67015280,3 KG-SI-16,67_67399_5136975,8/11/26,,2026-2027
67015514,6 KG-SI-29,67_67399_5136975,8/11/26,,2026-2027
67015514,6 KG-SI-31,67_67399_5136975,8/11/26,,2026-2027
67015664,1203476,67_67399_5136979,8/11/26,,2026-2027
67015664,1203507,67_67399_5136979,8/11/26,,2026-2027
67015643,1203476,67_67399_5136979,8/11/26,,2026-2027
67015643,1203507,67_67399_5136979,8/11/26,,2026-2027
67015206,1 KG-SI-03,67_67399_5136975,8/11/26,,2026-2027
67015206,1 KG-SI-05,67_67399_5136975,8/11/26,,2026-2027
67015294,3 KG-SI-14,67_67399_5136975,8/11/26,,2026-2027
67015294,3 KG-SI-16,67_67399_5136975,8/11/26,,2026-2027
67015544,0495-01,67_67399_5136979,8/11/26,,2026-2027
67015544,0495-02,67_67399_5136979,8/11/26,,2026-2027
67015517,6 KG-SI-29,67_67399_5136975,8/11/26,,2026-2027
67015517,6 KG-SI-31,67_67399_5136975,8/11/26,,2026-2027
67015546,0495-01,67_67399_5136979,8/11/26,,2026-2027
67015546,0495-02,67_67399_5136979,8/11/26,,2026-2027
67015608,0495-01,67_67399_5136979,8/11/26,,2026-2027
67015608,0495-02,67_67399_5136979,8/11/26,,2026-2027
67015467,5 KG-SI-26,67_67399_5136975,8/11/26,,2026-2027
67015467,5 KG-SI-27,67_67399_5136975,8/11/26,,2026-2027
67015519,6 KG-SI-29,67_67399_5136975,8/11/26,,2026-2027
67015519,6 KG-SI-31,67_67399_5136975,8/11/26,,2026-2027
67015678,1203476,67_67399_5136979,8/11/26,,2026-2027
67015678,1203507,67_67399_5136979,8/11/26,,2026-2027
67015618,1203476,67_67399_5136979,8/11/26,,2026-2027
67015618,1203507,67_67399_5136979,8/11/26,,2026-2027
67015384,4 KG-SI-19,67_67399_5136975,8/11/26,,2026-2027
67015384,4 KG-SI-21,67_67399_5136975,8/11/26,,2026-2027
67015596,0495-01,67_67399_5136979,8/11/26,,2026-2027
67015596,0495-02,67_67399_5136979,8/11/26,,2026-2027
67015536,6 KG-SI-29,67_67399_5136975,8/11/26,,2026-2027
67015536,6 KG-SI-31,67_67399_5136975,8/11/26,,2026-2027
67015582,0495-01,67_67399_5136979,8/11/26,,2026-2027
67015582,0495-02,67_67399_5136979,8/11/26,,2026-2027
67015474,6 KG-SI-29,67_67399_5136975,8/11/26,,2026-2027
67015474,6 KG-SI-31,67_67399_5136975,8/11/26,,2026-2027
67015553,0495-01,67_67399_5136979,8/11/26,,2026-2027
67015553,0495-02,67_67399_5136979,8/11/26,,2026-2027
67015367,4 KG-SI-19,67_67399_5136975,8/11/26,,2026-2027
67015367,4 KG-SI-21,67_67399_5136975,8/11/26,,2026-2027
67015391,4 KG-SI-19,67_67399_5136975,8/11/26,,2026-2027
67015391,4 KG-SI-21,67_67399_5136975,8/11/26,,2026-2027
67015209,1 KG-SI-03,67_67399_5136975,8/11/26,,2026-2027
67015209,1 KG-SI-05,67_67399_5136975,8/11/26,,2026-2027
67015589,0495-01,67_67399_5136979,8/11/26,,2026-2027
67015589,0495-02,67_67399_5136979,8/11/26,,2026-2027
67015545,0495-01,67_67399_5136979,8/11/26,,2026-2027
67015545,0495-02,67_67399_5136979,8/11/26,,2026-2027
67015258,2 KG-SI-15,67_67399_5136975,8/11/26,,2026-2027
67015258,2 KG-SI-18,67_67399_5136975,8/11/26,,2026-2027
67015617,1203476,67_67399_5136979,8/11/26,,2026-2027
67015617,1203507,67_67399_5136979,8/11/26,,2026-2027
67015336,4 KG-SI-19,67_67399_5136975,8/11/26,,2026-2027
67015336,4 KG-SI-21,67_67399_5136975,8/11/26,,2026-2027
67015613,0495-01,67_67399_5136979,8/11/26,,2026-2027
67015613,0495-02,67_67399_5136979,8/11/26,,2026-2027
67015314,3 KG-SI-14,67_67399_5136975,8/11/26,,2026-2027
67015314,3 KG-SI-16,67_67399_5136975,8/11/26,,2026-2027
67015473,6 KG-SI-29,67_67399_5136975,8/11/26,,2026-2027
67015473,6 KG-SI-31,67_67399_5136975,8/11/26,,2026-2027
67015393,4 KG-SI-19,67_67399_5136975,8/11/26,,2026-2027
67015393,4 KG-SI-21,67_67399_5136975,8/11/26,,2026-2027
67015540,6 KG-SI-29,67_67399_5136975,8/11/26,,2026-2027
67015540,6 KG-SI-31,67_67399_5136975,8/11/26,,2026-2027
67015657,1203476,67_67399_5136979,8/11/26,,2026-2027
67015657,1203507,67_67399_5136979,8/11/26,,2026-2027
67015237,2 KG-SI-15,67_67399_5136975,8/11/26,,2026-2027
67015237,2 KG-SI-18,67_67399_5136975,8/11/26,,2026-2027
67015278,3 KG-SI-14,67_67399_5136975,8/11/26,,2026-2027
67015278,3 KG-SI-16,67_67399_5136975,8/11/26,,2026-2027
67015586,0495-01,67_67399_5136979,8/11/26,,2026-2027
67015586,0495-02,67_67399_5136979,8/11/26,,2026-2027
67015526,6 KG-SI-29,67_67399_5136975,8/11/26,,2026-2027
67015526,6 KG-SI-31,67_67399_5136975,8/11/26,,2026-2027
67015334,4 KG-SI-19,67_67399_5136975,8/11/26,,2026-2027
67015334,4 KG-SI-21,67_67399_5136975,8/11/26,,2026-2027
67015233,2 KG-SI-15,67_67399_5136975,8/11/26,,2026-2027
67015233,2 KG-SI-18,67_67399_5136975,8/11/26,,2026-2027
67015372,4 KG-SI-19,67_67399_5136975,8/11/26,,2026-2027
67015372,4 KG-SI-21,67_67399_5136975,8/11/26,,2026-2027
67015436,5 KG-SI-26,67_67399_5136975,8/11/26,,2026-2027
67015436,5 KG-SI-27,67_67399_5136975,8/11/26,,2026-2027
67015201,1 KG-SI-03,67_67399_5136975,8/11/26,,2026-2027
67015201,1 KG-SI-05,67_67399_5136975,8/11/26,,2026-2027
67015529,6 KG-SI-29,67_67399_5136975,8/11/26,,2026-2027
67015529,6 KG-SI-31,67_67399_5136975,8/11/26,,2026-2027
67015512,6 KG-SI-29,67_67399_5136975,8/11/26,,2026-2027
67015512,6 KG-SI-31,67_67399_5136975,8/11/26,,2026-2027
67015269,2 KG-SI-15,67_67399_5136975,8/11/26,,2026-2027
67015269,2 KG-SI-18,67_67399_5136975,8/11/26,,2026-2027
67015680,1203476,67_67399_5136979,8/11/26,,2026-2027
67015680,1203507,67_67399_5136979,8/11/26,,2026-2027
67015370,4 KG-SI-19,67_67399_5136975,8/11/26,,2026-2027
67015370,4 KG-SI-21,67_67399_5136975,8/11/26,,2026-2027
67015485,6 KG-SI-29,67_67399_5136975,8/11/26,,2026-2027
67015485,6 KG-SI-31,67_67399_5136975,8/11/26,,2026-2027
67015511,6 KG-SI-29,67_67399_5136975,8/11/26,,2026-2027
67015511,6 KG-SI-31,67_67399_5136975,8/11/26,,2026-2027
67015392,4 KG-SI-19,67_67399_5136975,8/11/26,,2026-2027
67015392,4 KG-SI-21,67_67399_5136975,8/11/26,,2026-2027
67015302,3 KG-SI-14,67_67399_5136975,8/11/26,,2026-2027
67015302,3 KG-SI-16,67_67399_5136975,8/11/26,,2026-2027
67015668,1203476,67_67399_5136979,8/11/26,,2026-2027
67015668,1203507,67_67399_5136979,8/11/26,,2026-2027
67015332,4 KG-SI-19,67_67399_5136975,8/11/26,,2026-2027
67015332,4 KG-SI-21,67_67399_5136975,8/11/26,,2026-2027
67015590,0495-01,67_67399_5136979,8/11/26,,2026-2027
67015590,0495-02,67_67399_5136979,8/11/26,,2026-2027
67015672,1203476,67_67399_5136979,8/11/26,,2026-2027
67015672,1203507,67_67399_5136979,8/11/26,,2026-2027
67015585,0495-01,67_67399_5136979,8/11/26,,2026-2027
67015585,0495-02,67_67399_5136979,8/11/26,,2026-2027
67015557,0495-01,67_67399_5136979,8/11/26,,2026-2027
67015557,0495-02,67_67399_5136979,8/11/26,,2026-2027
67015564,0495-01,67_67399_5136979,8/11/26,,2026-2027
67015564,0495-02,67_67399_5136979,8/11/26,,2026-2027
67015215,1 KG-SI-03,67_67399_5136975,8/11/26,,2026-2027
67015215,1 KG-SI-05,67_67399_5136975,8/11/26,,2026-2027
67015251,2 KG-SI-15,67_67399_5136975,8/11/26,,2026-2027
67015251,2 KG-SI-18,67_67399_5136975,8/11/26,,2026-2027
67015443,5 KG-SI-26,67_67399_5136975,8/11/26,,2026-2027
67015443,5 KG-SI-27,67_67399_5136975,8/11/26,,2026-2027
67015598,0495-01,67_67399_5136979,8/11/26,,2026-2027
67015598,0495-02,67_67399_5136979,8/11/26,,2026-2027
67015361,4 KG-SI-19,67_67399_5136975,8/11/26,,2026-2027
67015361,4 KG-SI-21,67_67399_5136975,8/11/26,,2026-2027
67015562,0495-01,67_67399_5136979,8/11/26,,2026-2027
67015562,0495-02,67_67399_5136979,8/11/26,,2026-2027
67015597,0495-01,67_67399_5136979,8/11/26,,2026-2027
67015597,0495-02,67_67399_5136979,8/11/26,,2026-2027
67015662,1203476,67_67399_5136979,8/11/26,,2026-2027
67015662,1203507,67_67399_5136979,8/11/26,,2026-2027
67015537,6 KG-SI-29,67_67399_5136975,8/11/26,,2026-2027
67015537,6 KG-SI-31,67_67399_5136975,8/11/26,,2026-2027
67015686,1203476,67_67399_5136979,8/11/26,,2026-2027
67015686,1203507,67_67399_5136979,8/11/26,,2026-2027
67015488,6 KG-SI-29,67_67399_5136975,8/11/26,,2026-2027
67015488,6 KG-SI-31,67_67399_5136975,8/11/26,,2026-2027
67015330,4 KG-SI-19,67_67399_5136975,8/11/26,,2026-2027
67015330,4 KG-SI-21,67_67399_5136975,8/11/26,,2026-2027
67015197,1 KG-SI-03,67_67399_5136975,8/11/26,,2026-2027
67015197,1 KG-SI-05,67_67399_5136975,8/11/26,,2026-2027
67015232,2 KG-SI-15,67_67399_5136975,8/11/26,,2026-2027
67015232,2 KG-SI-18,67_67399_5136975,8/11/26,,2026-2027
67015259,2 KG-SI-15,67_67399_5136975,8/11/26,,2026-2027
67015259,2 KG-SI-18,67_67399_5136975,8/11/26,,2026-2027
67015638,1203476,67_67399_5136979,8/11/26,,2026-2027
67015638,1203507,67_67399_5136979,8/11/26,,2026-2027
67015298,3 KG-SI-14,67_67399_5136975,8/11/26,,2026-2027
67015298,3 KG-SI-16,67_67399_5136975,8/11/26,,2026-2027
67015493,6 KG-SI-29,67_67399_5136975,8/11/26,,2026-2027
67015493,6 KG-SI-31,67_67399_5136975,8/11/26,,2026-2027
67015581,0495-01,67_67399_5136979,8/11/26,,2026-2027
67015581,0495-02,67_67399_5136979,8/11/26,,2026-2027
67015551,0495-01,67_67399_5136979,8/11/26,,2026-2027
67015551,0495-02,67_67399_5136979,8/11/26,,2026-2027
67015505,6 KG-SI-29,67_67399_5136975,8/11/26,,2026-2027
67015505,6 KG-SI-31,67_67399_5136975,8/11/26,,2026-2027
67015287,3 KG-SI-14,67_67399_5136975,8/11/26,,2026-2027
67015287,3 KG-SI-16,67_67399_5136975,8/11/26,,2026-2027
67015268,2 KG-SI-15,67_67399_5136975,8/11/26,,2026-2027
67015268,2 KG-SI-18,67_67399_5136975,8/11/26,,2026-2027
67015500,6 KG-SI-29,67_67399_5136975,8/11/26,,2026-2027
67015500,6 KG-SI-31,67_67399_5136975,8/11/26,,2026-2027
67015584,0495-01,67_67399_5136979,8/11/26,,2026-2027
67015584,0495-02,67_67399_5136979,8/11/26,,2026-2027
67015616,1203476,67_67399_5136979,8/11/26,,2026-2027
67015616,1203507,67_67399_5136979,8/11/26,,2026-2027
67015427,5 KG-SI-26,67_67399_5136975,8/11/26,,2026-2027
67015427,5 KG-SI-27,67_67399_5136975,8/11/26,,2026-2027
67015289,3 KG-SI-14,67_67399_5136975,8/11/26,,2026-2027
67015289,3 KG-SI-16,67_67399_5136975,8/11/26,,2026-2027
67015502,6 KG-SI-29,67_67399_5136975,8/11/26,,2026-2027
67015502,6 KG-SI-31,67_67399_5136975,8/11/26,,2026-2027
67015583,0495-01,67_67399_5136979,8/11/26,,2026-2027
67015583,0495-02,67_67399_5136979,8/11/26,,2026-2027
67015401,4 KG-SI-19,67_67399_5136975,8/11/26,,2026-2027
67015401,4 KG-SI-21,67_67399_5136975,8/11/26,,2026-2027
67015663,1203476,67_67399_5136979,8/11/26,,2026-2027
67015663,1203507,67_67399_5136979,8/11/26,,2026-2027
67015621,1203476,67_67399_5136979,8/11/26,,2026-2027
67015621,1203507,67_67399_5136979,8/11/26,,2026-2027
67015634,1203476,67_67399_5136979,8/11/26,,2026-2027
67015634,1203507,67_67399_5136979,8/11/26,,2026-2027
67015315,3 KG-SI-14,67_67399_5136975,8/11/26,,2026-2027
67015315,3 KG-SI-16,67_67399_5136975,8/11/26,,2026-2027
67015674,1203476,67_67399_5136979,8/11/26,,2026-2027
67015674,1203507,67_67399_5136979,8/11/26,,2026-2027
67015296,3 KG-SI-14,67_67399_5136975,8/11/26,,2026-2027
67015296,3 KG-SI-16,67_67399_5136975,8/11/26,,2026-2027
67015194,1 KG-SI-03,67_67399_5136975,8/11/26,,2026-2027
67015194,1 KG-SI-05,67_67399_5136975,8/11/26,,2026-2027
67015558,0495-01,67_67399_5136979,8/11/26,,2026-2027
67015558,0495-02,67_67399_5136979,8/11/26,,2026-2027
67015364,4 KG-SI-19,67_67399_5136975,8/11/26,,2026-2027
67015364,4 KG-SI-21,67_67399_5136975,8/11/26,,2026-2027
67015203,1 KG-SI-03,67_67399_5136975,8/11/26,,2026-2027
67015203,1 KG-SI-05,67_67399_5136975,8/11/26,,2026-2027
67015490,6 KG-SI-29,67_67399_5136975,8/11/26,,2026-2027
67015490,6 KG-SI-31,67_67399_5136975,8/11/26,,2026-2027
67015234,2 KG-SI-15,67_67399_5136975,8/11/26,,2026-2027
67015234,2 KG-SI-18,67_67399_5136975,8/11/26,,2026-2027
67015636,1203476,67_67399_5136979,8/11/26,,2026-2027
67015636,1203507,67_67399_5136979,8/11/26,,2026-2027
67015480,6 KG-SI-29,67_67399_5136975,8/11/26,,2026-2027
67015480,6 KG-SI-31,67_67399_5136975,8/11/26,,2026-2027
67015683,1203476,67_67399_5136979,8/11/26,,2026-2027
67015683,1203507,67_67399_5136979,8/11/26,,2026-2027
67015322,3 KG-SI-14,67_67399_5136975,8/11/26,,2026-2027
67015322,3 KG-SI-16,67_67399_5136975,8/11/26,,2026-2027
67015285,3 KG-SI-14,67_67399_5136975,8/11/26,,2026-2027
67015285,3 KG-SI-16,67_67399_5136975,8/11/26,,2026-2027
67015246,2 KG-SI-15,67_67399_5136975,8/11/26,,2026-2027
67015246,2 KG-SI-18,67_67399_5136975,8/11/26,,2026-2027
67015223,2 KG-SI-15,67_67399_5136975,8/11/26,,2026-2027
67015223,2 KG-SI-18,67_67399_5136975,8/11/26,,2026-2027
67015679,1203476,67_67399_5136979,8/11/26,,2026-2027
67015679,1203507,67_67399_5136979,8/11/26,,2026-2027
67015219,1 KG-SI-03,67_67399_5136975,8/11/26,,2026-2027
67015219,1 KG-SI-05,67_67399_5136975,8/11/26,,2026-2027
67015465,5 KG-SI-26,67_67399_5136975,8/11/26,,2026-2027
67015465,5 KG-SI-27,67_67399_5136975,8/11/26,,2026-2027
67015524,6 KG-SI-29,67_67399_5136975,8/11/26,,2026-2027
67015524,6 KG-SI-31,67_67399_5136975,8/11/26,,2026-2027
67015432,5 KG-SI-26,67_67399_5136975,8/11/26,,2026-2027
67015432,5 KG-SI-27,67_67399_5136975,8/11/26,,2026-2027
67015282,3 KG-SI-14,67_67399_5136975,8/11/26,,2026-2027
67015282,3 KG-SI-16,67_67399_5136975,8/11/26,,2026-2027
67015227,2 KG-SI-15,67_67399_5136975,8/11/26,,2026-2027
67015227,2 KG-SI-18,67_67399_5136975,8/11/26,,2026-2027
67015676,1203476,67_67399_5136979,8/11/26,,2026-2027
67015676,1203507,67_67399_5136979,8/11/26,,2026-2027
67015311,3 KG-SI-14,67_67399_5136975,8/11/26,,2026-2027
67015311,3 KG-SI-16,67_67399_5136975,8/11/26,,2026-2027
67015600,0495-01,67_67399_5136979,8/11/26,,2026-2027
67015600,0495-02,67_67399_5136979,8/11/26,,2026-2027
67015451,5 KG-SI-26,67_67399_5136975,8/11/26,,2026-2027
67015451,5 KG-SI-27,67_67399_5136975,8/11/26,,2026-2027
67015573,0495-01,67_67399_5136979,8/11/26,,2026-2027
67015573,0495-02,67_67399_5136979,8/11/26,,2026-2027
67015260,2 KG-SI-15,67_67399_5136975,8/11/26,,2026-2027
67015260,2 KG-SI-18,67_67399_5136975,8/11/26,,2026-2027
67015365,4 KG-SI-19,67_67399_5136975,8/11/26,,2026-2027
67015365,4 KG-SI-21,67_67399_5136975,8/11/26,,2026-2027
67015461,5 KG-SI-26,67_67399_5136975,8/11/26,,2026-2027
67015461,5 KG-SI-27,67_67399_5136975,8/11/26,,2026-2027
67015449,5 KG-SI-26,67_67399_5136975,8/11/26,,2026-2027
67015449,5 KG-SI-27,67_67399_5136975,8/11/26,,2026-2027
67015295,3 KG-SI-14,67_67399_5136975,8/11/26,,2026-2027
67015295,3 KG-SI-16,67_67399_5136975,8/11/26,,2026-2027
67015496,6 KG-SI-29,67_67399_5136975,8/11/26,,2026-2027
67015496,6 KG-SI-31,67_67399_5136975,8/11/26,,2026-2027
67015290,3 KG-SI-14,67_67399_5136975,8/11/26,,2026-2027
67015290,3 KG-SI-16,67_67399_5136975,8/11/26,,2026-2027
67015238,2 KG-SI-15,67_67399_5136975,8/11/26,,2026-2027
67015238,2 KG-SI-18,67_67399_5136975,8/11/26,,2026-2027
67015620,1203476,67_67399_5136979,8/11/26,,2026-2027
67015620,1203507,67_67399_5136979,8/11/26,,2026-2027
67015565,0495-01,67_67399_5136979,8/11/26,,2026-2027
67015565,0495-02,67_67399_5136979,8/11/26,,2026-2027
67015568,0495-01,67_67399_5136979,8/11/26,,2026-2027
67015568,0495-02,67_67399_5136979,8/11/26,,2026-2027
67015426,5 KG-SI-26,67_67399_5136975,8/11/26,,2026-2027
67015426,5 KG-SI-27,67_67399_5136975,8/11/26,,2026-2027
67015555,0495-01,67_67399_5136979,8/11/26,,2026-2027
67015555,0495-02,67_67399_5136979,8/11/26,,2026-2027
67015655,1203476,67_67399_5136979,8/11/26,,2026-2027
67015655,1203507,67_67399_5136979,8/11/26,,2026-2027
67015338,4 KG-SI-19,67_67399_5136975,8/11/26,,2026-2027
67015338,4 KG-SI-21,67_67399_5136975,8/11/26,,2026-2027
67015386,4 KG-SI-19,67_67399_5136975,8/11/26,,2026-2027
67015386,4 KG-SI-21,67_67399_5136975,8/11/26,,2026-2027
67015661,1203476,67_67399_5136979,8/11/26,,2026-2027
67015661,1203507,67_67399_5136979,8/11/26,,2026-2027
67015369,4 KG-SI-19,67_67399_5136975,8/11/26,,2026-2027
67015369,4 KG-SI-21,67_67399_5136975,8/11/26,,2026-2027
67015324,3 KG-SI-14,67_67399_5136975,8/11/26,,2026-2027
67015324,3 KG-SI-16,67_67399_5136975,8/11/26,,2026-2027
67015412,5 KG-SI-26,67_67399_5136975,8/11/26,,2026-2027
67015412,5 KG-SI-27,67_67399_5136975,8/11/26,,2026-2027
67015231,2 KG-SI-15,67_67399_5136975,8/11/26,,2026-2027
67015231,2 KG-SI-18,67_67399_5136975,8/11/26,,2026-2027
67015629,1203476,67_67399_5136979,8/11/26,,2026-2027
67015629,1203507,67_67399_5136979,8/11/26,,2026-2027
67015253,2 KG-SI-15,67_67399_5136975,8/11/26,,2026-2027
67015253,2 KG-SI-18,67_67399_5136975,8/11/26,,2026-2027
67015595,0495-01,67_67399_5136979,8/11/26,,2026-2027
67015595,0495-02,67_67399_5136979,8/11/26,,2026-2027
67015208,1 KG-SI-03,67_67399_5136975,8/11/26,,2026-2027
67015208,1 KG-SI-05,67_67399_5136975,8/11/26,,2026-2027
67015430,5 KG-SI-26,67_67399_5136975,8/11/26,,2026-2027
67015430,5 KG-SI-27,67_67399_5136975,8/11/26,,2026-2027
67015628,1203476,67_67399_5136979,8/11/26,,2026-2027
67015628,1203507,67_67399_5136979,8/11/26,,2026-2027
67015339,4 KG-SI-19,67_67399_5136975,8/11/26,,2026-2027
67015339,4 KG-SI-21,67_67399_5136975,8/11/26,,2026-2027
67015554,0495-01,67_67399_5136979,8/11/26,,2026-2027
67015554,0495-02,67_67399_5136979,8/11/26,,2026-2027
67015337,4 KG-SI-19,67_67399_5136975,8/11/26,,2026-2027
67015337,4 KG-SI-21,67_67399_5136975,8/11/26,,2026-2027
67015417,5 KG-SI-26,67_67399_5136975,8/11/26,,2026-2027
67015417,5 KG-SI-27,67_67399_5136975,8/11/26,,2026-2027
67015242,2 KG-SI-15,67_67399_5136975,8/11/26,,2026-2027
67015242,2 KG-SI-18,67_67399_5136975,8/11/26,,2026-2027
67015549,0495-01,67_67399_5136979,8/11/26,,2026-2027
67015549,0495-02,67_67399_5136979,8/11/26,,2026-2027
67015300,3 KG-SI-14,67_67399_5136975,8/11/26,,2026-2027
67015300,3 KG-SI-16,67_67399_5136975,8/11/26,,2026-2027
67015288,3 KG-SI-14,67_67399_5136975,8/11/26,,2026-2027
67015288,3 KG-SI-16,67_67399_5136975,8/11/26,,2026-2027
67015200,1 KG-SI-03,67_67399_5136975,8/11/26,,2026-2027
67015200,1 KG-SI-05,67_67399_5136975,8/11/26,,2026-2027
67015646,1203476,67_67399_5136979,8/11/26,,2026-2027
67015646,1203507,67_67399_5136979,8/11/26,,2026-2027
67015559,0495-01,67_67399_5136979,8/11/26,,2026-2027
67015559,0495-02,67_67399_5136979,8/11/26,,2026-2027
67015606,0495-01,67_67399_5136979,8/11/26,,2026-2027
67015606,0495-02,67_67399_5136979,8/11/26,,2026-2027
67015316,3 KG-SI-14,67_67399_5136975,8/11/26,,2026-2027
67015316,3 KG-SI-16,67_67399_5136975,8/11/26,,2026-2027
67015357,4 KG-SI-19,67_67399_5136975,8/11/26,,2026-2027
67015357,4 KG-SI-21,67_67399_5136975,8/11/26,,2026-2027
67015475,6 KG-SI-29,67_67399_5136975,8/11/26,,2026-2027
67015475,6 KG-SI-31,67_67399_5136975,8/11/26,,2026-2027
67015267,2 KG-SI-15,67_67399_5136975,8/11/26,,2026-2027
67015267,2 KG-SI-18,67_67399_5136975,8/11/26,,2026-2027
67015383,4 KG-SI-19,67_67399_5136975,8/11/26,,2026-2027
67015383,4 KG-SI-21,67_67399_5136975,8/11/26,,2026-2027
67015245,2 KG-SI-15,67_67399_5136975,8/11/26,,2026-2027
67015245,2 KG-SI-18,67_67399_5136975,8/11/26,,2026-2027
67015341,4 KG-SI-19,67_67399_5136975,8/11/26,,2026-2027
67015341,4 KG-SI-21,67_67399_5136975,8/11/26,,2026-2027
67015494,6 KG-SI-29,67_67399_5136975,8/11/26,,2026-2027
67015494,6 KG-SI-31,67_67399_5136975,8/11/26,,2026-2027
67015607,0495-01,67_67399_5136979,8/11/26,,2026-2027
67015607,0495-02,67_67399_5136979,8/11/26,,2026-2027
67015623,1203476,67_67399_5136979,8/11/26,,2026-2027
67015623,1203507,67_67399_5136979,8/11/26,,2026-2027
67015552,0495-01,67_67399_5136979,8/11/26,,2026-2027
67015552,0495-02,67_67399_5136979,8/11/26,,2026-2027
67015211,1 KG-SI-03,67_67399_5136975,8/11/26,,2026-2027
67015211,1 KG-SI-05,67_67399_5136975,8/11/26,,2026-2027
67015309,3 KG-SI-14,67_67399_5136975,8/11/26,,2026-2027
67015309,3 KG-SI-16,67_67399_5136975,8/11/26,,2026-2027
67015575,0495-01,67_67399_5136979,8/11/26,,2026-2027
67015575,0495-02,67_67399_5136979,8/11/26,,2026-2027
67015615,0495-01,67_67399_5136979,8/11/26,,2026-2027
67015615,0495-02,67_67399_5136979,8/11/26,,2026-2027
67015647,1203476,67_67399_5136979,8/11/26,,2026-2027
67015647,1203507,67_67399_5136979,8/11/26,,2026-2027
67015599,0495-01,67_67399_5136979,8/11/26,,2026-2027
67015599,0495-02,67_67399_5136979,8/11/26,,2026-2027
67015622,1203476,67_67399_5136979,8/11/26,,2026-2027
67015622,1203507,67_67399_5136979,8/11/26,,2026-2027
67015639,1203476,67_67399_5136979,8/11/26,,2026-2027
67015639,1203507,67_67399_5136979,8/11/26,,2026-2027
67015313,3 KG-SI-14,67_67399_5136975,8/11/26,,2026-2027
67015313,3 KG-SI-16,67_67399_5136975,8/11/26,,2026-2027
67015317,3 KG-SI-14,67_67399_5136975,8/11/26,,2026-2027
67015317,3 KG-SI-16,67_67399_5136975,8/11/26,,2026-2027
67015587,0495-01,67_67399_5136979,8/11/26,,2026-2027
67015587,0495-02,67_67399_5136979,8/11/26,,2026-2027
67015447,5 KG-SI-26,67_67399_5136975,8/11/26,,2026-2027
67015447,5 KG-SI-27,67_67399_5136975,8/11/26,,2026-2027
67015671,1203476,67_67399_5136979,8/11/26,,2026-2027
67015671,1203507,67_67399_5136979,8/11/26,,2026-2027
67015631,1203476,67_67399_5136979,8/11/26,,2026-2027
67015631,1203507,67_67399_5136979,8/11/26,,2026-2027
67015574,0495-01,67_67399_5136979,8/11/26,,2026-2027
67015574,0495-02,67_67399_5136979,8/11/26,,2026-2027
67015531,6 KG-SI-29,67_67399_5136975,8/11/26,,2026-2027
67015531,6 KG-SI-31,67_67399_5136975,8/11/26,,2026-2027
67015605,0495-01,67_67399_5136979,8/11/26,,2026-2027
67015605,0495-02,67_67399_5136979,8/11/26,,2026-2027
67015610,0495-01,67_67399_5136979,8/11/26,,2026-2027
67015610,0495-02,67_67399_5136979,8/11/26,,2026-2027
67015677,1203476,67_67399_5136979,8/11/26,,2026-2027
67015677,1203507,67_67399_5136979,8/11/26,,2026-2027
67015318,3 KG-SI-14,67_67399_5136975,8/11/26,,2026-2027
67015318,3 KG-SI-16,67_67399_5136975,8/11/26,,2026-2027
67015547,0495-01,67_67399_5136979,8/11/26,,2026-2027
67015547,0495-02,67_67399_5136979,8/11/26,,2026-2027
67015220,2 KG-SI-15,67_67399_5136975,8/11/26,,2026-2027
67015220,2 KG-SI-18,67_67399_5136975,8/11/26,,2026-2027
67015425,5 KG-SI-26,67_67399_5136975,8/11/26,,2026-2027
67015425,5 KG-SI-27,67_67399_5136975,8/11/26,,2026-2027
67015398,4 KG-SI-19,67_67399_5136975,8/11/26,,2026-2027
67015398,4 KG-SI-21,67_67399_5136975,8/11/26,,2026-2027
67015627,1203476,67_67399_5136979,8/11/26,,2026-2027
67015627,1203507,67_67399_5136979,8/11/26,,2026-2027
67015591,0495-01,67_67399_5136979,8/11/26,,2026-2027
67015591,0495-02,67_67399_5136979,8/11/26,,2026-2027
67015624,1203476,67_67399_5136979,8/11/26,,2026-2027
67015624,1203507,67_67399_5136979,8/11/26,,2026-2027
67015478,6 KG-SI-29,67_67399_5136975,8/11/26,,2026-2027
67015478,6 KG-SI-31,67_67399_5136975,8/11/26,,2026-2027
67015619,1203476,67_67399_5136979,8/11/26,,2026-2027
67015619,1203507,67_67399_5136979,8/11/26,,2026-2027
67015277,3 KG-SI-14,67_67399_5136975,8/11/26,,2026-2027
67015277,3 KG-SI-16,67_67399_5136975,8/11/26,,2026-2027
67015276,2 KG-SI-15,67_67399_5136975,8/11/26,,2026-2027
67015276,2 KG-SI-18,67_67399_5136975,8/11/26,,2026-2027
67015648,1203476,67_67399_5136979,8/11/26,,2026-2027
67015648,1203507,67_67399_5136979,8/11/26,,2026-2027
67015477,6 KG-SI-29,67_67399_5136975,8/11/26,,2026-2027
67015477,6 KG-SI-31,67_67399_5136975,8/11/26,,2026-2027
67015455,5 KG-SI-26,67_67399_5136975,8/11/26,,2026-2027
67015455,5 KG-SI-27,67_67399_5136975,8/11/26,,2026-2027
67015293,3 KG-SI-14,67_67399_5136975,8/11/26,,2026-2027
67015293,3 KG-SI-16,67_67399_5136975,8/11/26,,2026-2027
67015466,5 KG-SI-26,67_67399_5136975,8/11/26,,2026-2027
67015466,5 KG-SI-27,67_67399_5136975,8/11/26,,2026-2027
67015482,6 KG-SI-29,67_67399_5136975,8/11/26,,2026-2027
67015482,6 KG-SI-31,67_67399_5136975,8/11/26,,2026-2027
67015273,2 KG-SI-15,67_67399_5136975,8/11/26,,2026-2027
67015273,2 KG-SI-18,67_67399_5136975,8/11/26,,2026-2027
67015263,2 KG-SI-15,67_67399_5136975,8/11/26,,2026-2027
67015263,2 KG-SI-18,67_67399_5136975,8/11/26,,2026-2027
67015301,3 KG-SI-14,67_67399_5136975,8/11/26,,2026-2027
67015301,3 KG-SI-16,67_67399_5136975,8/11/26,,2026-2027
67015297,3 KG-SI-14,67_67399_5136975,8/11/26,,2026-2027
67015297,3 KG-SI-16,67_67399_5136975,8/11/26,,2026-2027
67015304,3 KG-SI-14,67_67399_5136975,8/11/26,,2026-2027
67015304,3 KG-SI-16,67_67399_5136975,8/11/26,,2026-2027
67015418,5 KG-SI-26,67_67399_5136975,8/11/26,,2026-2027
67015418,5 KG-SI-27,67_67399_5136975,8/11/26,,2026-2027
67015594,0495-01,67_67399_5136979,8/11/26,,2026-2027
67015594,0495-02,67_67399_5136979,8/11/26,,2026-2027
67015569,0495-01,67_67399_5136979,8/11/26,,2026-2027
67015569,0495-02,67_67399_5136979,8/11/26,,2026-2027
67015489,6 KG-SI-29,67_67399_5136975,8/11/26,,2026-2027
67015489,6 KG-SI-31,67_67399_5136975,8/11/26,,2026-2027
67015479,6 KG-SI-29,67_67399_5136975,8/11/26,,2026-2027
67015479,6 KG-SI-31,67_67399_5136975,8/11/26,,2026-2027
67015604,0495-01,67_67399_5136979,8/11/26,,2026-2027
67015604,0495-02,67_67399_5136979,8/11/26,,2026-2027
67015272,2 KG-SI-15,67_67399_5136975,8/11/26,,2026-2027
67015272,2 KG-SI-18,67_67399_5136975,8/11/26,,2026-2027
67015503,6 KG-SI-29,67_67399_5136975,8/11/26,,2026-2027
67015503,6 KG-SI-31,67_67399_5136975,8/11/26,,2026-2027
67015446,5 KG-SI-26,67_67399_5136975,8/11/26,,2026-2027
67015446,5 KG-SI-27,67_67399_5136975,8/11/26,,2026-2027
67015548,0495-01,67_67399_5136979,8/11/26,,2026-2027
67015548,0495-02,67_67399_5136979,8/11/26,,2026-2027
67015348,4 KG-SI-19,67_67399_5136975,8/11/26,,2026-2027
67015348,4 KG-SI-21,67_67399_5136975,8/11/26,,2026-2027
67015681,1203476,67_67399_5136979,8/11/26,,2026-2027
67015681,1203507,67_67399_5136979,8/11/26,,2026-2027
67015323,3 KG-SI-14,67_67399_5136975,8/11/26,,2026-2027
67015323,3 KG-SI-16,67_67399_5136975,8/11/26,,2026-2027
67015641,1203476,67_67399_5136979,8/11/26,,2026-2027
67015641,1203507,67_67399_5136979,8/11/26,,2026-2027
67015603,0495-01,67_67399_5136979,8/11/26,,2026-2027
67015603,0495-02,67_67399_5136979,8/11/26,,2026-2027
67015684,1203476,67_67399_5136979,8/11/26,,2026-2027
67015684,1203507,67_67399_5136979,8/11/26,,2026-2027
67015307,3 KG-SI-14,67_67399_5136975,8/11/26,,2026-2027
67015307,3 KG-SI-16,67_67399_5136975,8/11/26,,2026-2027
67015358,4 KG-SI-19,67_67399_5136975,8/11/26,,2026-2027
67015358,4 KG-SI-21,67_67399_5136975,8/11/26,,2026-2027
67015368,4 KG-SI-19,67_67399_5136975,8/11/26,,2026-2027
67015368,4 KG-SI-21,67_67399_5136975,8/11/26,,2026-2027
67015319,3 KG-SI-14,67_67399_5136975,8/11/26,,2026-2027
67015319,3 KG-SI-16,67_67399_5136975,8/11/26,,2026-2027
67015225,2 KG-SI-15,67_67399_5136975,8/11/26,,2026-2027
67015225,2 KG-SI-18,67_67399_5136975,8/11/26,,2026-2027
67015459,5 KG-SI-26,67_67399_5136975,8/11/26,,2026-2027
67015459,5 KG-SI-27,67_67399_5136975,8/11/26,,2026-2027
67015216,1 KG-SI-03,67_67399_5136975,8/11/26,,2026-2027
67015216,1 KG-SI-05,67_67399_5136975,8/11/26,,2026-2027
67015264,2 KG-SI-15,67_67399_5136975,8/11/26,,2026-2027
67015264,2 KG-SI-18,67_67399_5136975,8/11/26,,2026-2027
67015381,4 KG-SI-19,67_67399_5136975,8/11/26,,2026-2027
67015381,4 KG-SI-21,67_67399_5136975,8/11/26,,2026-2027
67015286,3 KG-SI-14,67_67399_5136975,8/11/26,,2026-2027
67015286,3 KG-SI-16,67_67399_5136975,8/11/26,,2026-2027
67015614,0495-01,67_67399_5136979,8/11/26,,2026-2027
67015614,0495-02,67_67399_5136979,8/11/26,,2026-2027
67015593,0495-01,67_67399_5136979,8/11/26,,2026-2027
67015593,0495-02,67_67399_5136979,8/11/26,,2026-2027
67015244,2 KG-SI-15,67_67399_5136975,8/11/26,,2026-2027
67015244,2 KG-SI-18,67_67399_5136975,8/11/26,,2026-2027
67015460,5 KG-SI-26,67_67399_5136975,8/11/26,,2026-2027
67015460,5 KG-SI-27,67_67399_5136975,8/11/26,,2026-2027
67015689,1203476,67_67399_5136979,8/11/26,,2026-2027
67015689,1203507,67_67399_5136979,8/11/26,,2026-2027
67015497,6 KG-SI-29,67_67399_5136975,8/11/26,,2026-2027
67015497,6 KG-SI-31,67_67399_5136975,8/11/26,,2026-2027
67015650,1203476,67_67399_5136979,8/11/26,,2026-2027
67015650,1203507,67_67399_5136979,8/11/26,,2026-2027
67015230,2 KG-SI-15,67_67399_5136975,8/11/26,,2026-2027
67015230,2 KG-SI-18,67_67399_5136975,8/11/26,,2026-2027
67015654,1203476,67_67399_5136979,8/11/26,,2026-2027
67015654,1203507,67_67399_5136979,8/11/26,,2026-2027
67015239,2 KG-SI-15,67_67399_5136975,8/11/26,,2026-2027
67015239,2 KG-SI-18,67_67399_5136975,8/11/26,,2026-2027
67015469,5 KG-SI-26,67_67399_5136975,8/11/26,,2026-2027
67015469,5 KG-SI-27,67_67399_5136975,8/11/26,,2026-2027
67015534,6 KG-SI-29,67_67399_5136975,8/11/26,,2026-2027
67015534,6 KG-SI-31,67_67399_5136975,8/11/26,,2026-2027
67015522,6 KG-SI-29,67_67399_5136975,8/11/26,,2026-2027
67015522,6 KG-SI-31,67_67399_5136975,8/11/26,,2026-2027
67015210,1 KG-SI-03,67_67399_5136975,8/11/26,,2026-2027
67015210,1 KG-SI-05,67_67399_5136975,8/11/26,,2026-2027
67015224,2 KG-SI-15,67_67399_5136975,8/11/26,,2026-2027
67015224,2 KG-SI-18,67_67399_5136975,8/11/26,,2026-2027
67015270,2 KG-SI-15,67_67399_5136975,8/11/26,,2026-2027
67015270,2 KG-SI-18,67_67399_5136975,8/11/26,,2026-2027
67015576,0495-01,67_67399_5136979,8/11/26,,2026-2027
67015576,0495-02,67_67399_5136979,8/11/26,,2026-2027
67015240,2 KG-SI-15,67_67399_5136975,8/11/26,,2026-2027
67015240,2 KG-SI-18,67_67399_5136975,8/11/26,,2026-2027
67015433,5 KG-SI-26,67_67399_5136975,8/11/26,,2026-2027
67015433,5 KG-SI-27,67_67399_5136975,8/11/26,,2026-2027
67015377,4 KG-SI-19,67_67399_5136975,8/11/26,,2026-2027
67015377,4 KG-SI-21,67_67399_5136975,8/11/26,,2026-2027
67015670,1203476,67_67399_5136979,8/11/26,,2026-2027
67015670,1203507,67_67399_5136979,8/11/26,,2026-2027
67015431,5 KG-SI-26,67_67399_5136975,8/11/26,,2026-2027
67015431,5 KG-SI-27,67_67399_5136975,8/11/26,,2026-2027
67015284,3 KG-SI-14,67_67399_5136975,8/11/26,,2026-2027
67015284,3 KG-SI-16,67_67399_5136975,8/11/26,,2026-2027
67015577,0495-01,67_67399_5136979,8/11/26,,2026-2027
67015577,0495-02,67_67399_5136979,8/11/26,,2026-2027
67015271,2 KG-SI-15,67_67399_5136975,8/11/26,,2026-2027
67015271,2 KG-SI-18,67_67399_5136975,8/11/26,,2026-2027
67015470,6 KG-SI-29,67_67399_5136975,8/11/26,,2026-2027
67015470,6 KG-SI-31,67_67399_5136975,8/11/26,,2026-2027
67015508,6 KG-SI-29,67_67399_5136975,8/11/26,,2026-2027
67015508,6 KG-SI-31,67_67399_5136975,8/11/26,,2026-2027
67015199,1 KG-SI-03,67_67399_5136975,8/11/26,,2026-2027
67015199,1 KG-SI-05,67_67399_5136975,8/11/26,,2026-2027
67015609,0495-01,67_67399_5136979,8/11/26,,2026-2027
67015609,0495-02,67_67399_5136979,8/11/26,,2026-2027
67015404,5 KG-SI-26,67_67399_5136975,8/11/26,,2026-2027
67015404,5 KG-SI-27,67_67399_5136975,8/11/26,,2026-2027
67015472,6 KG-SI-29,67_67399_5136975,8/11/26,,2026-2027
67015472,6 KG-SI-31,67_67399_5136975,8/11/26,,2026-2027
67015262,2 KG-SI-15,67_67399_5136975,8/11/26,,2026-2027
67015262,2 KG-SI-18,67_67399_5136975,8/11/26,,2026-2027
67015299,3 KG-SI-14,67_67399_5136975,8/11/26,,2026-2027
67015299,3 KG-SI-16,67_67399_5136975,8/11/26,,2026-2027
67015464,5 KG-SI-26,67_67399_5136975,8/11/26,,2026-2027
67015464,5 KG-SI-27,67_67399_5136975,8/11/26,,2026-2027
67015390,4 KG-SI-19,67_67399_5136975,8/11/26,,2026-2027
67015390,4 KG-SI-21,67_67399_5136975,8/11/26,,2026-2027
67015499,6 KG-SI-29,67_67399_5136975,8/11/26,,2026-2027
67015499,6 KG-SI-31,67_67399_5136975,8/11/26,,2026-2027
67015440,5 KG-SI-26,67_67399_5136975,8/11/26,,2026-2027
67015440,5 KG-SI-27,67_67399_5136975,8/11/26,,2026-2027
67015236,2 KG-SI-15,67_67399_5136975,8/11/26,,2026-2027
67015236,2 KG-SI-18,67_67399_5136975,8/11/26,,2026-2027
67015328,4 KG-SI-19,67_67399_5136975,8/11/26,,2026-2027
67015328,4 KG-SI-21,67_67399_5136975,8/11/26,,2026-2027
67015542,0495-01,67_67399_5136979,8/11/26,,2026-2027
67015542,0495-02,67_67399_5136979,8/11/26,,2026-2027
67015420,5 KG-SI-26,67_67399_5136975,8/11/26,,2026-2027
67015420,5 KG-SI-27,67_67399_5136975,8/11/26,,2026-2027
67015406,5 KG-SI-26,67_67399_5136975,8/11/26,,2026-2027
67015406,5 KG-SI-27,67_67399_5136975,8/11/26,,2026-2027
67015275,2 KG-SI-15,67_67399_5136975,8/11/26,,2026-2027
67015275,2 KG-SI-18,67_67399_5136975,8/11/26,,2026-2027
67015405,5 KG-SI-26,67_67399_5136975,8/11/26,,2026-2027
67015405,5 KG-SI-27,67_67399_5136975,8/11/26,,2026-2027
67015601,0495-01,67_67399_5136979,8/11/26,,2026-2027
67015601,0495-02,67_67399_5136979,8/11/26,,2026-2027
67015458,5 KG-SI-26,67_67399_5136975,8/11/26,,2026-2027
67015458,5 KG-SI-27,67_67399_5136975,8/11/26,,2026-2027
67015214,1 KG-SI-03,67_67399_5136975,8/11/26,,2026-2027
67015214,1 KG-SI-05,67_67399_5136975,8/11/26,,2026-2027
67015659,1203476,67_67399_5136979,8/11/26,,2026-2027
67015659,1203507,67_67399_5136979,8/11/26,,2026-2027
67015588,0495-01,67_67399_5136979,8/11/26,,2026-2027
67015588,0495-02,67_67399_5136979,8/11/26,,2026-2027
67015389,4 KG-SI-19,67_67399_5136975,8/11/26,,2026-2027
67015389,4 KG-SI-21,67_67399_5136975,8/11/26,,2026-2027
67015483,6 KG-SI-29,67_67399_5136975,8/11/26,,2026-2027
67015483,6 KG-SI-31,67_67399_5136975,8/11/26,,2026-2027
67015640,1203476,67_67399_5136979,8/11/26,,2026-2027
67015640,1203507,67_67399_5136979,8/11/26,,2026-2027
67015653,1203476,67_67399_5136979,8/11/26,,2026-2027
67015653,1203507,67_67399_5136979,8/11/26,,2026-2027
67015247,2 KG-SI-15,67_67399_5136975,8/11/26,,2026-2027
67015247,2 KG-SI-18,67_67399_5136975,8/11/26,,2026-2027
67015660,1203476,67_67399_5136979,8/11/26,,2026-2027
67015660,1203507,67_67399_5136979,8/11/26,,2026-2027
67015658,1203476,67_67399_5136979,8/11/26,,2026-2027
67015658,1203507,67_67399_5136979,8/11/26,,2026-2027
67015353,4 KG-SI-19,67_67399_5136975,8/11/26,,2026-2027
67015353,4 KG-SI-21,67_67399_5136975,8/11/26,,2026-2027
67015441,5 KG-SI-26,67_67399_5136975,8/11/26,,2026-2027
67015441,5 KG-SI-27,67_67399_5136975,8/11/26,,2026-2027
67015541,6 KG-SI-29,67_67399_5136975,8/11/26,,2026-2027
67015541,6 KG-SI-31,67_67399_5136975,8/11/26,,2026-2027
67015399,4 KG-SI-19,67_67399_5136975,8/11/26,,2026-2027
67015399,4 KG-SI-21,67_67399_5136975,8/11/26,,2026-2027
67015566,0495-01,67_67399_5136979,8/11/26,,2026-2027
67015566,0495-02,67_67399_5136979,8/11/26,,2026-2027
67015688,1203476,67_67399_5136979,8/11/26,,2026-2027
67015688,1203507,67_67399_5136979,8/11/26,,2026-2027
67015521,6 KG-SI-29,67_67399_5136975,8/11/26,,2026-2027
67015521,6 KG-SI-31,67_67399_5136975,8/11/26,,2026-2027
67015484,6 KG-SI-29,67_67399_5136975,8/11/26,,2026-2027
67015484,6 KG-SI-31,67_67399_5136975,8/11/26,,2026-2027
67015450,5 KG-SI-26,67_67399_5136975,8/11/26,,2026-2027
67015450,5 KG-SI-27,67_67399_5136975,8/11/26,,2026-2027
67015207,1 KG-SI-03,67_67399_5136975,8/11/26,,2026-2027
67015207,1 KG-SI-05,67_67399_5136975,8/11/26,,2026-2027
67015274,2 KG-SI-15,67_67399_5136975,8/11/26,,2026-2027
67015274,2 KG-SI-18,67_67399_5136975,8/11/26,,2026-2027
67015416,5 KG-SI-26,67_67399_5136975,8/11/26,,2026-2027
67015416,5 KG-SI-27,67_67399_5136975,8/11/26,,2026-2027
67015402,4 KG-SI-19,67_67399_5136975,8/11/26,,2026-2027
67015402,4 KG-SI-21,67_67399_5136975,8/11/26,,2026-2027
67015560,0495-01,67_67399_5136979,8/11/26,,2026-2027
67015560,0495-02,67_67399_5136979,8/11/26,,2026-2027
67015578,0495-01,67_67399_5136979,8/11/26,,2026-2027
67015578,0495-02,67_67399_5136979,8/11/26,,2026-2027
67015212,1 KG-SI-03,67_67399_5136975,8/11/26,,2026-2027
67015212,1 KG-SI-05,67_67399_5136975,8/11/26,,2026-2027
67015279,3 KG-SI-14,67_67399_5136975,8/11/26,,2026-2027
67015279,3 KG-SI-16,67_67399_5136975,8/11/26,,2026-2027
67015327,4 KG-SI-19,67_67399_5136975,8/11/26,,2026-2027
67015327,4 KG-SI-21,67_67399_5136975,8/11/26,,2026-2027
67015415,5 KG-SI-26,67_67399_5136975,8/11/26,,2026-2027
67015415,5 KG-SI-27,67_67399_5136975,8/11/26,,2026-2027
67015439,5 KG-SI-26,67_67399_5136975,8/11/26,,2026-2027
67015439,5 KG-SI-27,67_67399_5136975,8/11/26,,2026-2027
67015438,5 KG-SI-26,67_67399_5136975,8/11/26,,2026-2027
67015438,5 KG-SI-27,67_67399_5136975,8/11/26,,2026-2027
67015667,1203476,67_67399_5136979,8/11/26,,2026-2027
67015667,1203507,67_67399_5136979,8/11/26,,2026-2027
67015310,3 KG-SI-14,67_67399_5136975,8/11/26,,2026-2027
67015310,3 KG-SI-16,67_67399_5136975,8/11/26,,2026-2027
67015204,1 KG-SI-03,67_67399_5136975,8/11/26,,2026-2027
67015204,1 KG-SI-05,67_67399_5136975,8/11/26,,2026-2027
67015513,6 KG-SI-29,67_67399_5136975,8/11/26,,2026-2027
67015513,6 KG-SI-31,67_67399_5136975,8/11/26,,2026-2027
67015444,5 KG-SI-26,67_67399_5136975,8/11/26,,2026-2027
67015444,5 KG-SI-27,67_67399_5136975,8/11/26,,2026-2027
67015642,1203476,67_67399_5136979,8/11/26,,2026-2027
67015642,1203507,67_67399_5136979,8/11/26,,2026-2027
67015283,3 KG-SI-14,67_67399_5136975,8/11/26,,2026-2027
67015283,3 KG-SI-16,67_67399_5136975,8/11/26,,2026-2027
67015602,0495-01,67_67399_5136979,8/11/26,,2026-2027
67015602,0495-02,67_67399_5136979,8/11/26,,2026-2027
67015437,5 KG-SI-26,67_67399_5136975,8/11/26,,2026-2027
67015437,5 KG-SI-27,67_67399_5136975,8/11/26,,2026-2027
67015345,4 KG-SI-19,67_67399_5136975,8/11/26,,2026-2027
67015345,4 KG-SI-21,67_67399_5136975,8/11/26,,2026-2027
67015243,2 KG-SI-15,67_67399_5136975,8/11/26,,2026-2027
67015243,2 KG-SI-18,67_67399_5136975,8/11/26,,2026-2027
67015371,4 KG-SI-19,67_67399_5136975,8/11/26,,2026-2027
67015371,4 KG-SI-21,67_67399_5136975,8/11/26,,2026-2027
67015570,0495-01,67_67399_5136979,8/11/26,,2026-2027
67015570,0495-02,67_67399_5136979,8/11/26,,2026-2027
67015373,4 KG-SI-19,67_67399_5136975,8/11/26,,2026-2027
67015373,4 KG-SI-21,67_67399_5136975,8/11/26,,2026-2027
67015409,5 KG-SI-26,67_67399_5136975,8/11/26,,2026-2027
67015409,5 KG-SI-27,67_67399_5136975,8/11/26,,2026-2027
67015413,5 KG-SI-26,67_67399_5136975,8/11/26,,2026-2027
67015413,5 KG-SI-27,67_67399_5136975,8/11/26,,2026-2027
67015385,4 KG-SI-19,67_67399_5136975,8/11/26,,2026-2027
67015385,4 KG-SI-21,67_67399_5136975,8/11/26,,2026-2027
67015463,5 KG-SI-26,67_67399_5136975,8/11/26,,2026-2027
67015463,5 KG-SI-27,67_67399_5136975,8/11/26,,2026-2027
67015248,2 KG-SI-15,67_67399_5136975,8/11/26,,2026-2027
67015248,2 KG-SI-18,67_67399_5136975,8/11/26,,2026-2027
67015673,1203476,67_67399_5136979,8/11/26,,2026-2027
67015673,1203507,67_67399_5136979,8/11/26,,2026-2027
67015523,6 KG-SI-29,67_67399_5136975,8/11/26,,2026-2027
67015523,6 KG-SI-31,67_67399_5136975,8/11/26,,2026-2027
67015556,0495-01,67_67399_5136979,8/11/26,,2026-2027
67015556,0495-02,67_67399_5136979,8/11/26,,2026-2027
67015343,4 KG-SI-19,67_67399_5136975,8/11/26,,2026-2027
67015343,4 KG-SI-21,67_67399_5136975,8/11/26,,2026-2027
67015359,4 KG-SI-19,67_67399_5136975,8/11/26,,2026-2027
67015359,4 KG-SI-21,67_67399_5136975,8/11/26,,2026-2027
67015530,6 KG-SI-29,67_67399_5136975,8/11/26,,2026-2027
67015530,6 KG-SI-31,67_67399_5136975,8/11/26,,2026-2027
67015349,4 KG-SI-19,67_67399_5136975,8/11/26,,2026-2027
67015349,4 KG-SI-21,67_67399_5136975,8/11/26,,2026-2027
67015217,1 KG-SI-03,67_67399_5136975,8/11/26,,2026-2027
67015217,1 KG-SI-05,67_67399_5136975,8/11/26,,2026-2027
67015454,5 KG-SI-26,67_67399_5136975,8/11/26,,2026-2027
67015454,5 KG-SI-27,67_67399_5136975,8/11/26,,2026-2027
67015379,4 KG-SI-19,67_67399_5136975,8/11/26,,2026-2027
67015379,4 KG-SI-21,67_67399_5136975,8/11/26,,2026-2027
67015687,1203476,67_67399_5136979,8/11/26,,2026-2027
67015687,1203507,67_67399_5136979,8/11/26,,2026-2027
67015442,5 KG-SI-26,67_67399_5136975,8/11/26,,2026-2027
67015442,5 KG-SI-27,67_67399_5136975,8/11/26,,2026-2027
67015321,3 KG-SI-14,67_67399_5136975,8/11/26,,2026-2027
67015321,3 KG-SI-16,67_67399_5136975,8/11/26,,2026-2027
67015350,4 KG-SI-19,67_67399_5136975,8/11/26,,2026-2027
67015350,4 KG-SI-21,67_67399_5136975,8/11/26,,2026-2027
67015538,6 KG-SI-29,67_67399_5136975,8/11/26,,2026-2027
67015538,6 KG-SI-31,67_67399_5136975,8/11/26,,2026-2027
67015611,0495-01,67_67399_5136979,8/11/26,,2026-2027
67015611,0495-02,67_67399_5136979,8/11/26,,2026-2027
67015375,4 KG-SI-19,67_67399_5136975,8/11/26,,2026-2027
67015375,4 KG-SI-21,67_67399_5136975,8/11/26,,2026-2027
67015331,4 KG-SI-19,67_67399_5136975,8/11/26,,2026-2027
67015331,4 KG-SI-21,67_67399_5136975,8/11/26,,2026-2027
67015492,6 KG-SI-29,67_67399_5136975,8/11/26,,2026-2027
67015492,6 KG-SI-31,67_67399_5136975,8/11/26,,2026-2027
67015669,1203476,67_67399_5136979,8/11/26,,2026-2027
67015669,1203507,67_67399_5136979,8/11/26,,2026-2027
67015652,1203476,67_67399_5136979,8/11/26,,2026-2027
67015652,1203507,67_67399_5136979,8/11/26,,2026-2027
67015567,0495-01,67_67399_5136979,8/11/26,,2026-2027
67015567,0495-02,67_67399_5136979,8/11/26,,2026-2027
67015410,5 KG-SI-26,67_67399_5136975,8/11/26,,2026-2027
67015410,5 KG-SI-27,67_67399_5136975,8/11/26,,2026-2027
67015396,4 KG-SI-19,67_67399_5136975,8/11/26,,2026-2027
67015396,4 KG-SI-21,67_67399_5136975,8/11/26,,2026-2027
67015360,4 KG-SI-19,67_67399_5136975,8/11/26,,2026-2027
67015360,4 KG-SI-21,67_67399_5136975,8/11/26,,2026-2027
67015256,2 KG-SI-15,67_67399_5136975,8/11/26,,2026-2027
67015256,2 KG-SI-18,67_67399_5136975,8/11/26,,2026-2027
67015510,6 KG-SI-29,67_67399_5136975,8/11/26,,2026-2027
67015510,6 KG-SI-31,67_67399_5136975,8/11/26,,2026-2027
67015407,5 KG-SI-26,67_67399_5136975,8/11/26,,2026-2027
67015407,5 KG-SI-27,67_67399_5136975,8/11/26,,2026-2027
67015445,5 KG-SI-26,67_67399_5136975,8/11/26,,2026-2027
67015445,5 KG-SI-27,67_67399_5136975,8/11/26,,2026-2027
67015376,4 KG-SI-19,67_67399_5136975,8/11/26,,2026-2027
67015376,4 KG-SI-21,67_67399_5136975,8/11/26,,2026-2027
67015543,0495-01,67_67399_5136979,8/11/26,,2026-2027
67015543,0495-02,67_67399_5136979,8/11/26,,2026-2027
67015423,5 KG-SI-26,67_67399_5136975,8/11/26,,2026-2027
67015423,5 KG-SI-27,67_67399_5136975,8/11/26,,2026-2027
67015378,4 KG-SI-19,67_67399_5136975,8/11/26,,2026-2027
67015378,4 KG-SI-21,67_67399_5136975,8/11/26,,2026-2027
67015487,6 KG-SI-29,67_67399_5136975,8/11/26,,2026-2027
67015487,6 KG-SI-31,67_67399_5136975,8/11/26,,2026-2027
67015221,2 KG-SI-15,67_67399_5136975,8/11/26,,2026-2027
67015221,2 KG-SI-18,67_67399_5136975,8/11/26,,2026-2027
67015666,1203476,67_67399_5136979,8/11/26,,2026-2027
67015666,1203507,67_67399_5136979,8/11/26,,2026-2027
67015320,3 KG-SI-14,67_67399_5136975,8/11/26,,2026-2027
67015320,3 KG-SI-16,67_67399_5136975,8/11/26,,2026-2027
67015675,1203476,67_67399_5136979,8/11/26,,2026-2027
67015675,1203507,67_67399_5136979,8/11/26,,2026-2027
67015533,6 KG-SI-29,67_67399_5136975,8/11/26,,2026-2027
67015533,6 KG-SI-31,67_67399_5136975,8/11/26,,2026-2027
67015580,0495-01,67_67399_5136979,8/11/26,,2026-2027
67015580,0495-02,67_67399_5136979,8/11/26,,2026-2027
67015453,5 KG-SI-26,67_67399_5136975,8/11/26,,2026-2027
67015453,5 KG-SI-27,67_67399_5136975,8/11/26,,2026-2027
67015424,5 KG-SI-26,67_67399_5136975,8/11/26,,2026-2027
67015424,5 KG-SI-27,67_67399_5136975,8/11/26,,2026-2027
67015419,5 KG-SI-26,67_67399_5136975,8/11/26,,2026-2027
67015419,5 KG-SI-27,67_67399_5136975,8/11/26,,2026-2027
67016033,0495-01,67_67399_5136979,8/11/26,,2026-2027
67016033,0495-02,67_67399_5136979,8/11/26,,2026-2027
67016035,0495-01,67_67399_5136979,8/11/26,,2026-2027
67016035,0495-02,67_67399_5136979,8/11/26,,2026-2027
67015938,6MS-SI-09,67_67399_5136976,8/11/26,,2026-2027
67015938,6MS-SI-10,67_67399_5136976,8/11/26,,2026-2027
67015696,1MS-SI-16,67_67399_5136976,8/11/26,,2026-2027
67015696,1MS-SI-17,67_67399_5136976,8/11/26,,2026-2027
67015812,4MS-SI-05,67_67399_5136976,8/11/26,,2026-2027
67015812,4MS-SI-06,67_67399_5136976,8/11/26,,2026-2027
67016044,1203476,67_67399_5136979,8/11/26,,2026-2027
67016044,1203507,67_67399_5136979,8/11/26,,2026-2027
67016079,1203476,67_67399_5136979,8/11/26,,2026-2027
67016079,1203507,67_67399_5136979,8/11/26,,2026-2027
67015917,6MS-SI-09,67_67399_5136976,8/11/26,,2026-2027
67015917,6MS-SI-10,67_67399_5136976,8/11/26,,2026-2027
67015944,6MS-SI-09,67_67399_5136976,8/11/26,,2026-2027
67015944,6MS-SI-10,67_67399_5136976,8/11/26,,2026-2027
67015971,0495-01,67_67399_5136979,8/11/26,,2026-2027
67015971,0495-02,67_67399_5136979,8/11/26,,2026-2027
67015821,4MS-SI-05,67_67399_5136976,8/11/26,,2026-2027
67015821,4MS-SI-06,67_67399_5136976,8/11/26,,2026-2027
67016014,0495-01,67_67399_5136979,8/11/26,,2026-2027
67016014,0495-02,67_67399_5136979,8/11/26,,2026-2027
67015847,4MS-SI-05,67_67399_5136976,8/11/26,,2026-2027
67015847,4MS-SI-06,67_67399_5136976,8/11/26,,2026-2027
67015736,2MS-SI-14,67_67399_5136976,8/11/26,,2026-2027
67015736,2MS-SI-15,67_67399_5136976,8/11/26,,2026-2027
67015897,4/5MS-SI06,67_67399_5136976,8/11/26,,2026-2027
67015897,5MS-SI-11,67_67399_5136976,8/11/26,,2026-2027
67015786,03MS-SI-13,67_67399_5136976,8/11/26,,2026-2027
67015786,3MS-SI-02,67_67399_5136976,8/11/26,,2026-2027
67016065,1203476,67_67399_5136979,8/11/26,,2026-2027
67016065,1203507,67_67399_5136979,8/11/26,,2026-2027
67015886,4/5MS-SI06,67_67399_5136976,8/11/26,,2026-2027
67015886,5MS-SI-11,67_67399_5136976,8/11/26,,2026-2027
67015930,6MS-SI-09,67_67399_5136976,8/11/26,,2026-2027
67015930,6MS-SI-10,67_67399_5136976,8/11/26,,2026-2027
67016060,1203476,67_67399_5136979,8/11/26,,2026-2027
67016060,1203507,67_67399_5136979,8/11/26,,2026-2027
67015905,4/5MS-SI06,67_67399_5136976,8/11/26,,2026-2027
67015905,5MS-SI-11,67_67399_5136976,8/11/26,,2026-2027
67015942,6MS-SI-09,67_67399_5136976,8/11/26,,2026-2027
67015942,6MS-SI-10,67_67399_5136976,8/11/26,,2026-2027
67015746,2MS-SI-14,67_67399_5136976,8/11/26,,2026-2027
67015746,2MS-SI-15,67_67399_5136976,8/11/26,,2026-2027
67016007,0495-01,67_67399_5136979,8/11/26,,2026-2027
67016007,0495-02,67_67399_5136979,8/11/26,,2026-2027
67016064,1203476,67_67399_5136979,8/11/26,,2026-2027
67016064,1203507,67_67399_5136979,8/11/26,,2026-2027
67015799,03MS-SI-13,67_67399_5136976,8/11/26,,2026-2027
67015799,3MS-SI-02,67_67399_5136976,8/11/26,,2026-2027
67015705,1MS-SI-16,67_67399_5136976,8/11/26,,2026-2027
67015705,1MS-SI-17,67_67399_5136976,8/11/26,,2026-2027
67015743,2MS-SI-14,67_67399_5136976,8/11/26,,2026-2027
67015743,2MS-SI-15,67_67399_5136976,8/11/26,,2026-2027
67015788,03MS-SI-13,67_67399_5136976,8/11/26,,2026-2027
67015788,3MS-SI-02,67_67399_5136976,8/11/26,,2026-2027
67015896,4/5MS-SI06,67_67399_5136976,8/11/26,,2026-2027
67015896,5MS-SI-11,67_67399_5136976,8/11/26,,2026-2027
67015972,0495-01,67_67399_5136979,8/11/26,,2026-2027
67015972,0495-02,67_67399_5136979,8/11/26,,2026-2027
67015954,6MS-SI-09,67_67399_5136976,8/11/26,,2026-2027
67015954,6MS-SI-10,67_67399_5136976,8/11/26,,2026-2027
67015876,4/5MS-SI06,67_67399_5136976,8/11/26,,2026-2027
67015876,5MS-SI-11,67_67399_5136976,8/11/26,,2026-2027
67016087,1203476,67_67399_5136979,8/11/26,,2026-2027
67016087,1203507,67_67399_5136979,8/11/26,,2026-2027
67015740,2MS-SI-14,67_67399_5136976,8/11/26,,2026-2027
67015740,2MS-SI-15,67_67399_5136976,8/11/26,,2026-2027
67016057,1203476,67_67399_5136979,8/11/26,,2026-2027
67016057,1203507,67_67399_5136979,8/11/26,,2026-2027
67015719,2MS-SI-14,67_67399_5136976,8/11/26,,2026-2027
67015719,2MS-SI-15,67_67399_5136976,8/11/26,,2026-2027
67016046,1203476,67_67399_5136979,8/11/26,,2026-2027
67016046,1203507,67_67399_5136979,8/11/26,,2026-2027
67016062,1203476,67_67399_5136979,8/11/26,,2026-2027
67016062,1203507,67_67399_5136979,8/11/26,,2026-2027
67015713,1MS-SI-16,67_67399_5136976,8/11/26,,2026-2027
67015713,1MS-SI-17,67_67399_5136976,8/11/26,,2026-2027
67015882,4/5MS-SI06,67_67399_5136976,8/11/26,,2026-2027
67015882,5MS-SI-11,67_67399_5136976,8/11/26,,2026-2027
67015869,4/5MS-SI06,67_67399_5136976,8/11/26,,2026-2027
67015869,5MS-SI-11,67_67399_5136976,8/11/26,,2026-2027
67016022,0495-01,67_67399_5136979,8/11/26,,2026-2027
67016022,0495-02,67_67399_5136979,8/11/26,,2026-2027
67015805,03MS-SI-13,67_67399_5136976,8/11/26,,2026-2027
67015805,3MS-SI-02,67_67399_5136976,8/11/26,,2026-2027
67015856,4MS-SI-05,67_67399_5136976,8/11/26,,2026-2027
67015856,4MS-SI-06,67_67399_5136976,8/11/26,,2026-2027
67015871,4/5MS-SI06,67_67399_5136976,8/11/26,,2026-2027
67015871,5MS-SI-11,67_67399_5136976,8/11/26,,2026-2027
67015827,4MS-SI-05,67_67399_5136976,8/11/26,,2026-2027
67015827,4MS-SI-06,67_67399_5136976,8/11/26,,2026-2027
67016094,1203476,67_67399_5136979,8/11/26,,2026-2027
67016094,1203507,67_67399_5136979,8/11/26,,2026-2027
67015691,1MS-SI-16,67_67399_5136976,8/11/26,,2026-2027
67015691,1MS-SI-17,67_67399_5136976,8/11/26,,2026-2027
67015754,03MS-SI-13,67_67399_5136976,8/11/26,,2026-2027
67015754,3MS-SI-02,67_67399_5136976,8/11/26,,2026-2027
67015714,1MS-SI-16,67_67399_5136976,8/11/26,,2026-2027
67015714,1MS-SI-17,67_67399_5136976,8/11/26,,2026-2027
67015931,6MS-SI-09,67_67399_5136976,8/11/26,,2026-2027
67015931,6MS-SI-10,67_67399_5136976,8/11/26,,2026-2027
67015929,6MS-SI-09,67_67399_5136976,8/11/26,,2026-2027
67015929,6MS-SI-10,67_67399_5136976,8/11/26,,2026-2027
67015701,1MS-SI-16,67_67399_5136976,8/11/26,,2026-2027
67015701,1MS-SI-17,67_67399_5136976,8/11/26,,2026-2027
67015735,2MS-SI-14,67_67399_5136976,8/11/26,,2026-2027
67015735,2MS-SI-15,67_67399_5136976,8/11/26,,2026-2027
67016000,0495-01,67_67399_5136979,8/11/26,,2026-2027
67016000,0495-02,67_67399_5136979,8/11/26,,2026-2027
67015830,4MS-SI-05,67_67399_5136976,8/11/26,,2026-2027
67015830,4MS-SI-06,67_67399_5136976,8/11/26,,2026-2027
67016101,1203476,67_67399_5136979,8/11/26,,2026-2027
67016101,1203507,67_67399_5136979,8/11/26,,2026-2027
67015795,03MS-SI-13,67_67399_5136976,8/11/26,,2026-2027
67015795,3MS-SI-02,67_67399_5136976,8/11/26,,2026-2027
67016036,0495-01,67_67399_5136979,8/11/26,,2026-2027
67016036,0495-02,67_67399_5136979,8/11/26,,2026-2027
67015708,1MS-SI-16,67_67399_5136976,8/11/26,,2026-2027
67015708,1MS-SI-17,67_67399_5136976,8/11/26,,2026-2027
67015774,03MS-SI-13,67_67399_5136976,8/11/26,,2026-2027
67015774,3MS-SI-02,67_67399_5136976,8/11/26,,2026-2027
67015750,2MS-SI-14,67_67399_5136976,8/11/26,,2026-2027
67015750,2MS-SI-15,67_67399_5136976,8/11/26,,2026-2027
67015986,0495-01,67_67399_5136979,8/11/26,,2026-2027
67015986,0495-02,67_67399_5136979,8/11/26,,2026-2027
67015749,2MS-SI-14,67_67399_5136976,8/11/26,,2026-2027
67015749,2MS-SI-15,67_67399_5136976,8/11/26,,2026-2027
67015768,03MS-SI-13,67_67399_5136976,8/11/26,,2026-2027
67015768,3MS-SI-02,67_67399_5136976,8/11/26,,2026-2027
67015909,4/5MS-SI06,67_67399_5136976,8/11/26,,2026-2027
67015909,5MS-SI-11,67_67399_5136976,8/11/26,,2026-2027
67016063,1203476,67_67399_5136979,8/11/26,,2026-2027
67016063,1203507,67_67399_5136979,8/11/26,,2026-2027
67015980,0495-01,67_67399_5136979,8/11/26,,2026-2027
67015980,0495-02,67_67399_5136979,8/11/26,,2026-2027
67015814,4MS-SI-05,67_67399_5136976,8/11/26,,2026-2027
67015814,4MS-SI-06,67_67399_5136976,8/11/26,,2026-2027
67015985,0495-01,67_67399_5136979,8/11/26,,2026-2027
67015985,0495-02,67_67399_5136979,8/11/26,,2026-2027
67015824,4MS-SI-05,67_67399_5136976,8/11/26,,2026-2027
67015824,4MS-SI-06,67_67399_5136976,8/11/26,,2026-2027
67016096,1203476,67_67399_5136979,8/11/26,,2026-2027
67016096,1203507,67_67399_5136979,8/11/26,,2026-2027
67015710,1MS-SI-16,67_67399_5136976,8/11/26,,2026-2027
67015710,1MS-SI-17,67_67399_5136976,8/11/26,,2026-2027
67015758,03MS-SI-13,67_67399_5136976,8/11/26,,2026-2027
67015758,3MS-SI-02,67_67399_5136976,8/11/26,,2026-2027
67015715,2MS-SI-14,67_67399_5136976,8/11/26,,2026-2027
67015715,2MS-SI-15,67_67399_5136976,8/11/26,,2026-2027
67015959,6MS-SI-09,67_67399_5136976,8/11/26,,2026-2027
67015959,6MS-SI-10,67_67399_5136976,8/11/26,,2026-2027
67015843,4MS-SI-05,67_67399_5136976,8/11/26,,2026-2027
67015843,4MS-SI-06,67_67399_5136976,8/11/26,,2026-2027
67015998,0495-01,67_67399_5136979,8/11/26,,2026-2027
67015998,0495-02,67_67399_5136979,8/11/26,,2026-2027
67015811,4MS-SI-05,67_67399_5136976,8/11/26,,2026-2027
67015811,4MS-SI-06,67_67399_5136976,8/11/26,,2026-2027
67016005,0495-01,67_67399_5136979,8/11/26,,2026-2027
67016005,0495-02,67_67399_5136979,8/11/26,,2026-2027
67015992,0495-01,67_67399_5136979,8/11/26,,2026-2027
67015992,0495-02,67_67399_5136979,8/11/26,,2026-2027
67015889,4/5MS-SI06,67_67399_5136976,8/11/26,,2026-2027
67015889,5MS-SI-11,67_67399_5136976,8/11/26,,2026-2027
67016041,1203476,67_67399_5136979,8/11/26,,2026-2027
67016041,1203507,67_67399_5136979,8/11/26,,2026-2027
67015790,03MS-SI-13,67_67399_5136976,8/11/26,,2026-2027
67015790,3MS-SI-02,67_67399_5136976,8/11/26,,2026-2027
67015753,03MS-SI-13,67_67399_5136976,8/11/26,,2026-2027
67015753,3MS-SI-02,67_67399_5136976,8/11/26,,2026-2027
67015862,4/5MS-SI06,67_67399_5136976,8/11/26,,2026-2027
67015862,5MS-SI-11,67_67399_5136976,8/11/26,,2026-2027
67015770,03MS-SI-13,67_67399_5136976,8/11/26,,2026-2027
67015770,3MS-SI-02,67_67399_5136976,8/11/26,,2026-2027
67015997,0495-01,67_67399_5136979,8/11/26,,2026-2027
67015997,0495-02,67_67399_5136979,8/11/26,,2026-2027
67015943,6MS-SI-09,67_67399_5136976,8/11/26,,2026-2027
67015943,6MS-SI-10,67_67399_5136976,8/11/26,,2026-2027
67015921,6MS-SI-09,67_67399_5136976,8/11/26,,2026-2027
67015921,6MS-SI-10,67_67399_5136976,8/11/26,,2026-2027
67016029,0495-01,67_67399_5136979,8/11/26,,2026-2027
67016029,0495-02,67_67399_5136979,8/11/26,,2026-2027
67015819,4MS-SI-05,67_67399_5136976,8/11/26,,2026-2027
67015819,4MS-SI-06,67_67399_5136976,8/11/26,,2026-2027
67015858,4MS-SI-05,67_67399_5136976,8/11/26,,2026-2027
67015858,4MS-SI-06,67_67399_5136976,8/11/26,,2026-2027
67015866,4/5MS-SI06,67_67399_5136976,8/11/26,,2026-2027
67015866,5MS-SI-11,67_67399_5136976,8/11/26,,2026-2027
67015690,1MS-SI-16,67_67399_5136976,8/11/26,,2026-2027
67015690,1MS-SI-17,67_67399_5136976,8/11/26,,2026-2027
67015782,03MS-SI-13,67_67399_5136976,8/11/26,,2026-2027
67015782,3MS-SI-02,67_67399_5136976,8/11/26,,2026-2027
67016043,1203476,67_67399_5136979,8/11/26,,2026-2027
67016043,1203507,67_67399_5136979,8/11/26,,2026-2027
67015722,2MS-SI-14,67_67399_5136976,8/11/26,,2026-2027
67015722,2MS-SI-15,67_67399_5136976,8/11/26,,2026-2027
67015763,03MS-SI-13,67_67399_5136976,8/11/26,,2026-2027
67015763,3MS-SI-02,67_67399_5136976,8/11/26,,2026-2027
67016002,0495-01,67_67399_5136979,8/11/26,,2026-2027
67016002,0495-02,67_67399_5136979,8/11/26,,2026-2027
67016077,1203476,67_67399_5136979,8/11/26,,2026-2027
67016077,1203507,67_67399_5136979,8/11/26,,2026-2027
67015962,6MS-SI-09,67_67399_5136976,8/11/26,,2026-2027
67015962,6MS-SI-10,67_67399_5136976,8/11/26,,2026-2027
67015878,4/5MS-SI06,67_67399_5136976,8/11/26,,2026-2027
67015878,5MS-SI-11,67_67399_5136976,8/11/26,,2026-2027
67015865,4/5MS-SI06,67_67399_5136976,8/11/26,,2026-2027
67015865,5MS-SI-11,67_67399_5136976,8/11/26,,2026-2027
67016069,1203476,67_67399_5136979,8/11/26,,2026-2027
67016069,1203507,67_67399_5136979,8/11/26,,2026-2027
67015892,4/5MS-SI06,67_67399_5136976,8/11/26,,2026-2027
67015892,5MS-SI-11,67_67399_5136976,8/11/26,,2026-2027
67015893,4/5MS-SI06,67_67399_5136976,8/11/26,,2026-2027
67015893,5MS-SI-11,67_67399_5136976,8/11/26,,2026-2027
67015694,1MS-SI-16,67_67399_5136976,8/11/26,,2026-2027
67015694,1MS-SI-17,67_67399_5136976,8/11/26,,2026-2027
67016093,1203476,67_67399_5136979,8/11/26,,2026-2027
67016093,1203507,67_67399_5136979,8/11/26,,2026-2027
67016030,0495-01,67_67399_5136979,8/11/26,,2026-2027
67016030,0495-02,67_67399_5136979,8/11/26,,2026-2027
67015857,4MS-SI-05,67_67399_5136976,8/11/26,,2026-2027
67015857,4MS-SI-06,67_67399_5136976,8/11/26,,2026-2027
67015817,4MS-SI-05,67_67399_5136976,8/11/26,,2026-2027
67015817,4MS-SI-06,67_67399_5136976,8/11/26,,2026-2027
67016050,1203476,67_67399_5136979,8/11/26,,2026-2027
67016050,1203507,67_67399_5136979,8/11/26,,2026-2027
67016072,1203476,67_67399_5136979,8/11/26,,2026-2027
67016072,1203507,67_67399_5136979,8/11/26,,2026-2027
67015950,6MS-SI-09,67_67399_5136976,8/11/26,,2026-2027
67015950,6MS-SI-10,67_67399_5136976,8/11/26,,2026-2027
67015826,4MS-SI-05,67_67399_5136976,8/11/26,,2026-2027
67015826,4MS-SI-06,67_67399_5136976,8/11/26,,2026-2027
67015949,6MS-SI-09,67_67399_5136976,8/11/26,,2026-2027
67015949,6MS-SI-10,67_67399_5136976,8/11/26,,2026-2027
67015920,6MS-SI-09,67_67399_5136976,8/11/26,,2026-2027
67015920,6MS-SI-10,67_67399_5136976,8/11/26,,2026-2027
67015885,4/5MS-SI06,67_67399_5136976,8/11/26,,2026-2027
67015885,5MS-SI-11,67_67399_5136976,8/11/26,,2026-2027
67015842,4MS-SI-05,67_67399_5136976,8/11/26,,2026-2027
67015842,4MS-SI-06,67_67399_5136976,8/11/26,,2026-2027
67016100,1203476,67_67399_5136979,8/11/26,,2026-2027
67016100,1203507,67_67399_5136979,8/11/26,,2026-2027
67015751,2MS-SI-14,67_67399_5136976,8/11/26,,2026-2027
67015751,2MS-SI-15,67_67399_5136976,8/11/26,,2026-2027
67015730,2MS-SI-14,67_67399_5136976,8/11/26,,2026-2027
67015730,2MS-SI-15,67_67399_5136976,8/11/26,,2026-2027
67015925,6MS-SI-09,67_67399_5136976,8/11/26,,2026-2027
67015925,6MS-SI-10,67_67399_5136976,8/11/26,,2026-2027
67016027,0495-01,67_67399_5136979,8/11/26,,2026-2027
67016027,0495-02,67_67399_5136979,8/11/26,,2026-2027
67015796,03MS-SI-13,67_67399_5136976,8/11/26,,2026-2027
67015796,3MS-SI-02,67_67399_5136976,8/11/26,,2026-2027
67015808,4MS-SI-05,67_67399_5136976,8/11/26,,2026-2027
67015808,4MS-SI-06,67_67399_5136976,8/11/26,,2026-2027
67015899,4/5MS-SI06,67_67399_5136976,8/11/26,,2026-2027
67015899,5MS-SI-11,67_67399_5136976,8/11/26,,2026-2027
67015926,6MS-SI-09,67_67399_5136976,8/11/26,,2026-2027
67015926,6MS-SI-10,67_67399_5136976,8/11/26,,2026-2027
67016081,1203476,67_67399_5136979,8/11/26,,2026-2027
67016081,1203507,67_67399_5136979,8/11/26,,2026-2027
67015742,2MS-SI-14,67_67399_5136976,8/11/26,,2026-2027
67015742,2MS-SI-15,67_67399_5136976,8/11/26,,2026-2027
67016059,1203476,67_67399_5136979,8/11/26,,2026-2027
67016059,1203507,67_67399_5136979,8/11/26,,2026-2027
67015927,6MS-SI-09,67_67399_5136976,8/11/26,,2026-2027
67015927,6MS-SI-10,67_67399_5136976,8/11/26,,2026-2027
67015832,4MS-SI-05,67_67399_5136976,8/11/26,,2026-2027
67015832,4MS-SI-06,67_67399_5136976,8/11/26,,2026-2027
67015910,4/5MS-SI06,67_67399_5136976,8/11/26,,2026-2027
67015910,5MS-SI-11,67_67399_5136976,8/11/26,,2026-2027
67015956,6MS-SI-09,67_67399_5136976,8/11/26,,2026-2027
67015956,6MS-SI-10,67_67399_5136976,8/11/26,,2026-2027
67015792,03MS-SI-13,67_67399_5136976,8/11/26,,2026-2027
67015792,3MS-SI-02,67_67399_5136976,8/11/26,,2026-2027
67016001,0495-01,67_67399_5136979,8/11/26,,2026-2027
67016001,0495-02,67_67399_5136979,8/11/26,,2026-2027
67016085,1203476,67_67399_5136979,8/11/26,,2026-2027
67016085,1203507,67_67399_5136979,8/11/26,,2026-2027
67015836,4MS-SI-05,67_67399_5136976,8/11/26,,2026-2027
67015836,4MS-SI-06,67_67399_5136976,8/11/26,,2026-2027
67015818,4MS-SI-05,67_67399_5136976,8/11/26,,2026-2027
67015818,4MS-SI-06,67_67399_5136976,8/11/26,,2026-2027
67015800,03MS-SI-13,67_67399_5136976,8/11/26,,2026-2027
67015800,3MS-SI-02,67_67399_5136976,8/11/26,,2026-2027
67016083,1203476,67_67399_5136979,8/11/26,,2026-2027
67016083,1203507,67_67399_5136979,8/11/26,,2026-2027
67015953,6MS-SI-09,67_67399_5136976,8/11/26,,2026-2027
67015953,6MS-SI-10,67_67399_5136976,8/11/26,,2026-2027
67015989,0495-01,67_67399_5136979,8/11/26,,2026-2027
67015989,0495-02,67_67399_5136979,8/11/26,,2026-2027
67015877,4/5MS-SI06,67_67399_5136976,8/11/26,,2026-2027
67015877,5MS-SI-11,67_67399_5136976,8/11/26,,2026-2027
67015729,2MS-SI-14,67_67399_5136976,8/11/26,,2026-2027
67015729,2MS-SI-15,67_67399_5136976,8/11/26,,2026-2027
67016073,1203476,67_67399_5136979,8/11/26,,2026-2027
67016073,1203507,67_67399_5136979,8/11/26,,2026-2027
67015933,6MS-SI-09,67_67399_5136976,8/11/26,,2026-2027
67015933,6MS-SI-10,67_67399_5136976,8/11/26,,2026-2027
67016025,0495-01,67_67399_5136979,8/11/26,,2026-2027
67016025,0495-02,67_67399_5136979,8/11/26,,2026-2027
67016021,0495-01,67_67399_5136979,8/11/26,,2026-2027
67016021,0495-02,67_67399_5136979,8/11/26,,2026-2027
67015996,0495-01,67_67399_5136979,8/11/26,,2026-2027
67015996,0495-02,67_67399_5136979,8/11/26,,2026-2027
67016006,0495-01,67_67399_5136979,8/11/26,,2026-2027
67016006,0495-02,67_67399_5136979,8/11/26,,2026-2027
67015859,4/5MS-SI06,67_67399_5136976,8/11/26,,2026-2027
67015859,5MS-SI-11,67_67399_5136976,8/11/26,,2026-2027
67016047,1203476,67_67399_5136979,8/11/26,,2026-2027
67016047,1203507,67_67399_5136979,8/11/26,,2026-2027
67015772,03MS-SI-13,67_67399_5136976,8/11/26,,2026-2027
67015772,3MS-SI-02,67_67399_5136976,8/11/26,,2026-2027
67015794,03MS-SI-13,67_67399_5136976,8/11/26,,2026-2027
67015794,3MS-SI-02,67_67399_5136976,8/11/26,,2026-2027
67015888,4/5MS-SI06,67_67399_5136976,8/11/26,,2026-2027
67015888,5MS-SI-11,67_67399_5136976,8/11/26,,2026-2027
67015732,2MS-SI-14,67_67399_5136976,8/11/26,,2026-2027
67015732,2MS-SI-15,67_67399_5136976,8/11/26,,2026-2027
67016095,1203476,67_67399_5136979,8/11/26,,2026-2027
67016095,1203507,67_67399_5136979,8/11/26,,2026-2027
67015995,0495-01,67_67399_5136979,8/11/26,,2026-2027
67015995,0495-02,67_67399_5136979,8/11/26,,2026-2027
67015844,4MS-SI-05,67_67399_5136976,8/11/26,,2026-2027
67015844,4MS-SI-06,67_67399_5136976,8/11/26,,2026-2027
67015883,4/5MS-SI06,67_67399_5136976,8/11/26,,2026-2027
67015883,5MS-SI-11,67_67399_5136976,8/11/26,,2026-2027
67015706,1MS-SI-16,67_67399_5136976,8/11/26,,2026-2027
67015706,1MS-SI-17,67_67399_5136976,8/11/26,,2026-2027
67015903,4/5MS-SI06,67_67399_5136976,8/11/26,,2026-2027
67015903,5MS-SI-11,67_67399_5136976,8/11/26,,2026-2027
67015712,1MS-SI-16,67_67399_5136976,8/11/26,,2026-2027
67015712,1MS-SI-17,67_67399_5136976,8/11/26,,2026-2027
67015912,4/5MS-SI06,67_67399_5136976,8/11/26,,2026-2027
67015912,5MS-SI-11,67_67399_5136976,8/11/26,,2026-2027
67015887,4/5MS-SI06,67_67399_5136976,8/11/26,,2026-2027
67015887,5MS-SI-11,67_67399_5136976,8/11/26,,2026-2027
67015879,4/5MS-SI06,67_67399_5136976,8/11/26,,2026-2027
67015879,5MS-SI-11,67_67399_5136976,8/11/26,,2026-2027
67016039,0495-01,67_67399_5136979,8/11/26,,2026-2027
67016039,0495-02,67_67399_5136979,8/11/26,,2026-2027
67016092,1203476,67_67399_5136979,8/11/26,,2026-2027
67016092,1203507,67_67399_5136979,8/11/26,,2026-2027
67016034,0495-01,67_67399_5136979,8/11/26,,2026-2027
67016034,0495-02,67_67399_5136979,8/11/26,,2026-2027
67015783,03MS-SI-13,67_67399_5136976,8/11/26,,2026-2027
67015783,3MS-SI-02,67_67399_5136976,8/11/26,,2026-2027
67015864,4/5MS-SI06,67_67399_5136976,8/11/26,,2026-2027
67015864,5MS-SI-11,67_67399_5136976,8/11/26,,2026-2027
67016097,1203476,67_67399_5136979,8/11/26,,2026-2027
67016097,1203507,67_67399_5136979,8/11/26,,2026-2027
67016061,1203476,67_67399_5136979,8/11/26,,2026-2027
67016061,1203507,67_67399_5136979,8/11/26,,2026-2027
67015963,6MS-SI-09,67_67399_5136976,8/11/26,,2026-2027
67015963,6MS-SI-10,67_67399_5136976,8/11/26,,2026-2027
67015975,0495-01,67_67399_5136979,8/11/26,,2026-2027
67015975,0495-02,67_67399_5136979,8/11/26,,2026-2027
67015834,4MS-SI-05,67_67399_5136976,8/11/26,,2026-2027
67015834,4MS-SI-06,67_67399_5136976,8/11/26,,2026-2027
67015860,4/5MS-SI06,67_67399_5136976,8/11/26,,2026-2027
67015860,5MS-SI-11,67_67399_5136976,8/11/26,,2026-2027
67015973,0495-01,67_67399_5136979,8/11/26,,2026-2027
67015973,0495-02,67_67399_5136979,8/11/26,,2026-2027
67015693,1MS-SI-16,67_67399_5136976,8/11/26,,2026-2027
67015693,1MS-SI-17,67_67399_5136976,8/11/26,,2026-2027
67015711,1MS-SI-16,67_67399_5136976,8/11/26,,2026-2027
67015711,1MS-SI-17,67_67399_5136976,8/11/26,,2026-2027
67015725,2MS-SI-14,67_67399_5136976,8/11/26,,2026-2027
67015725,2MS-SI-15,67_67399_5136976,8/11/26,,2026-2027
67015747,2MS-SI-14,67_67399_5136976,8/11/26,,2026-2027
67015747,2MS-SI-15,67_67399_5136976,8/11/26,,2026-2027
67015958,6MS-SI-09,67_67399_5136976,8/11/26,,2026-2027
67015958,6MS-SI-10,67_67399_5136976,8/11/26,,2026-2027
67015825,4MS-SI-05,67_67399_5136976,8/11/26,,2026-2027
67015825,4MS-SI-06,67_67399_5136976,8/11/26,,2026-2027
67016008,0495-01,67_67399_5136979,8/11/26,,2026-2027
67016008,0495-02,67_67399_5136979,8/11/26,,2026-2027
67015724,2MS-SI-14,67_67399_5136976,8/11/26,,2026-2027
67015724,2MS-SI-15,67_67399_5136976,8/11/26,,2026-2027
67016068,1203476,67_67399_5136979,8/11/26,,2026-2027
67016068,1203507,67_67399_5136979,8/11/26,,2026-2027
67015941,6MS-SI-09,67_67399_5136976,8/11/26,,2026-2027
67015941,6MS-SI-10,67_67399_5136976,8/11/26,,2026-2027
67015716,2MS-SI-14,67_67399_5136976,8/11/26,,2026-2027
67015716,2MS-SI-15,67_67399_5136976,8/11/26,,2026-2027
67015723,2MS-SI-14,67_67399_5136976,8/11/26,,2026-2027
67015723,2MS-SI-15,67_67399_5136976,8/11/26,,2026-2027
67015916,4/5MS-SI06,67_67399_5136976,8/11/26,,2026-2027
67015916,5MS-SI-11,67_67399_5136976,8/11/26,,2026-2027
67015922,6MS-SI-09,67_67399_5136976,8/11/26,,2026-2027
67015922,6MS-SI-10,67_67399_5136976,8/11/26,,2026-2027
67015868,4/5MS-SI06,67_67399_5136976,8/11/26,,2026-2027
67015868,5MS-SI-11,67_67399_5136976,8/11/26,,2026-2027
67015731,2MS-SI-14,67_67399_5136976,8/11/26,,2026-2027
67015731,2MS-SI-15,67_67399_5136976,8/11/26,,2026-2027
67015779,03MS-SI-13,67_67399_5136976,8/11/26,,2026-2027
67015779,3MS-SI-02,67_67399_5136976,8/11/26,,2026-2027
67015884,4/5MS-SI06,67_67399_5136976,8/11/26,,2026-2027
67015884,5MS-SI-11,67_67399_5136976,8/11/26,,2026-2027
67016038,0495-01,67_67399_5136979,8/11/26,,2026-2027
67016038,0495-02,67_67399_5136979,8/11/26,,2026-2027
67015776,03MS-SI-13,67_67399_5136976,8/11/26,,2026-2027
67015776,3MS-SI-02,67_67399_5136976,8/11/26,,2026-2027
67015974,0495-01,67_67399_5136979,8/11/26,,2026-2027
67015974,0495-02,67_67399_5136979,8/11/26,,2026-2027
67016080,1203476,67_67399_5136979,8/11/26,,2026-2027
67016080,1203507,67_67399_5136979,8/11/26,,2026-2027
67015828,4MS-SI-05,67_67399_5136976,8/11/26,,2026-2027
67015828,4MS-SI-06,67_67399_5136976,8/11/26,,2026-2027
67015764,03MS-SI-13,67_67399_5136976,8/11/26,,2026-2027
67015764,3MS-SI-02,67_67399_5136976,8/11/26,,2026-2027
67015752,03MS-SI-13,67_67399_5136976,8/11/26,,2026-2027
67015752,3MS-SI-02,67_67399_5136976,8/11/26,,2026-2027
67015781,03MS-SI-13,67_67399_5136976,8/11/26,,2026-2027
67015781,3MS-SI-02,67_67399_5136976,8/11/26,,2026-2027
67015845,4MS-SI-05,67_67399_5136976,8/11/26,,2026-2027
67015845,4MS-SI-06,67_67399_5136976,8/11/26,,2026-2027
67015692,1MS-SI-16,67_67399_5136976,8/11/26,,2026-2027
67015692,1MS-SI-17,67_67399_5136976,8/11/26,,2026-2027
67016031,0495-01,67_67399_5136979,8/11/26,,2026-2027
67016031,0495-02,67_67399_5136979,8/11/26,,2026-2027
67015789,03MS-SI-13,67_67399_5136976,8/11/26,,2026-2027
67015789,3MS-SI-02,67_67399_5136976,8/11/26,,2026-2027
67016010,0495-01,67_67399_5136979,8/11/26,,2026-2027
67016010,0495-02,67_67399_5136979,8/11/26,,2026-2027
67015807,4MS-SI-05,67_67399_5136976,8/11/26,,2026-2027
67015807,4MS-SI-06,67_67399_5136976,8/11/26,,2026-2027
67015895,4/5MS-SI06,67_67399_5136976,8/11/26,,2026-2027
67015895,5MS-SI-11,67_67399_5136976,8/11/26,,2026-2027
67015940,6MS-SI-09,67_67399_5136976,8/11/26,,2026-2027
67015940,6MS-SI-10,67_67399_5136976,8/11/26,,2026-2027
67015849,4MS-SI-05,67_67399_5136976,8/11/26,,2026-2027
67015849,4MS-SI-06,67_67399_5136976,8/11/26,,2026-2027
67015720,2MS-SI-14,67_67399_5136976,8/11/26,,2026-2027
67015720,2MS-SI-15,67_67399_5136976,8/11/26,,2026-2027
67015801,03MS-SI-13,67_67399_5136976,8/11/26,,2026-2027
67015801,3MS-SI-02,67_67399_5136976,8/11/26,,2026-2027
67016048,1203476,67_67399_5136979,8/11/26,,2026-2027
67016048,1203507,67_67399_5136979,8/11/26,,2026-2027
67016066,1203476,67_67399_5136979,8/11/26,,2026-2027
67016066,1203507,67_67399_5136979,8/11/26,,2026-2027
67015932,6MS-SI-09,67_67399_5136976,8/11/26,,2026-2027
67015932,6MS-SI-10,67_67399_5136976,8/11/26,,2026-2027
67015984,0495-01,67_67399_5136979,8/11/26,,2026-2027
67015984,0495-02,67_67399_5136979,8/11/26,,2026-2027
67015872,4/5MS-SI06,67_67399_5136976,8/11/26,,2026-2027
67015872,5MS-SI-11,67_67399_5136976,8/11/26,,2026-2027
67015890,4/5MS-SI06,67_67399_5136976,8/11/26,,2026-2027
67015890,5MS-SI-11,67_67399_5136976,8/11/26,,2026-2027
67015936,6MS-SI-09,67_67399_5136976,8/11/26,,2026-2027
67015936,6MS-SI-10,67_67399_5136976,8/11/26,,2026-2027
67016075,1203476,67_67399_5136979,8/11/26,,2026-2027
67016075,1203507,67_67399_5136979,8/11/26,,2026-2027
67016056,1203476,67_67399_5136979,8/11/26,,2026-2027
67016056,1203507,67_67399_5136979,8/11/26,,2026-2027
67015947,6MS-SI-09,67_67399_5136976,8/11/26,,2026-2027
67015947,6MS-SI-10,67_67399_5136976,8/11/26,,2026-2027
67015978,0495-01,67_67399_5136979,8/11/26,,2026-2027
67015978,0495-02,67_67399_5136979,8/11/26,,2026-2027
67015948,6MS-SI-09,67_67399_5136976,8/11/26,,2026-2027
67015948,6MS-SI-10,67_67399_5136976,8/11/26,,2026-2027
67015906,4/5MS-SI06,67_67399_5136976,8/11/26,,2026-2027
67015906,5MS-SI-11,67_67399_5136976,8/11/26,,2026-2027
67015923,6MS-SI-09,67_67399_5136976,8/11/26,,2026-2027
67015923,6MS-SI-10,67_67399_5136976,8/11/26,,2026-2027
67015867,4/5MS-SI06,67_67399_5136976,8/11/26,,2026-2027
67015867,5MS-SI-11,67_67399_5136976,8/11/26,,2026-2027
67015804,03MS-SI-13,67_67399_5136976,8/11/26,,2026-2027
67015804,3MS-SI-02,67_67399_5136976,8/11/26,,2026-2027
67016078,1203476,67_67399_5136979,8/11/26,,2026-2027
67016078,1203507,67_67399_5136979,8/11/26,,2026-2027
67015981,0495-01,67_67399_5136979,8/11/26,,2026-2027
67015981,0495-02,67_67399_5136979,8/11/26,,2026-2027
67015951,6MS-SI-09,67_67399_5136976,8/11/26,,2026-2027
67015951,6MS-SI-10,67_67399_5136976,8/11/26,,2026-2027
67015785,03MS-SI-13,67_67399_5136976,8/11/26,,2026-2027
67015785,3MS-SI-02,67_67399_5136976,8/11/26,,2026-2027
67016045,1203476,67_67399_5136979,8/11/26,,2026-2027
67016045,1203507,67_67399_5136979,8/11/26,,2026-2027
67016051,1203476,67_67399_5136979,8/11/26,,2026-2027
67016051,1203507,67_67399_5136979,8/11/26,,2026-2027
67016052,1203476,67_67399_5136979,8/11/26,,2026-2027
67016052,1203507,67_67399_5136979,8/11/26,,2026-2027
67015901,4/5MS-SI06,67_67399_5136976,8/11/26,,2026-2027
67015901,5MS-SI-11,67_67399_5136976,8/11/26,,2026-2027
67015748,2MS-SI-14,67_67399_5136976,8/11/26,,2026-2027
67015748,2MS-SI-15,67_67399_5136976,8/11/26,,2026-2027
67015775,03MS-SI-13,67_67399_5136976,8/11/26,,2026-2027
67015775,3MS-SI-02,67_67399_5136976,8/11/26,,2026-2027
67015848,4MS-SI-05,67_67399_5136976,8/11/26,,2026-2027
67015848,4MS-SI-06,67_67399_5136976,8/11/26,,2026-2027
67015757,03MS-SI-13,67_67399_5136976,8/11/26,,2026-2027
67015757,3MS-SI-02,67_67399_5136976,8/11/26,,2026-2027
67016013,0495-01,67_67399_5136979,8/11/26,,2026-2027
67016013,0495-02,67_67399_5136979,8/11/26,,2026-2027
67015919,6MS-SI-09,67_67399_5136976,8/11/26,,2026-2027
67015919,6MS-SI-10,67_67399_5136976,8/11/26,,2026-2027
67015911,4/5MS-SI06,67_67399_5136976,8/11/26,,2026-2027
67015911,5MS-SI-11,67_67399_5136976,8/11/26,,2026-2027
67016026,0495-01,67_67399_5136979,8/11/26,,2026-2027
67016026,0495-02,67_67399_5136979,8/11/26,,2026-2027
67015820,4MS-SI-05,67_67399_5136976,8/11/26,,2026-2027
67015820,4MS-SI-06,67_67399_5136976,8/11/26,,2026-2027
67015833,4MS-SI-05,67_67399_5136976,8/11/26,,2026-2027
67015833,4MS-SI-06,67_67399_5136976,8/11/26,,2026-2027
67015853,4MS-SI-05,67_67399_5136976,8/11/26,,2026-2027
67015853,4MS-SI-06,67_67399_5136976,8/11/26,,2026-2027
67015810,4MS-SI-05,67_67399_5136976,8/11/26,,2026-2027
67015810,4MS-SI-06,67_67399_5136976,8/11/26,,2026-2027
67016084,1203476,67_67399_5136979,8/11/26,,2026-2027
67016084,1203507,67_67399_5136979,8/11/26,,2026-2027
67015766,03MS-SI-13,67_67399_5136976,8/11/26,,2026-2027
67015766,3MS-SI-02,67_67399_5136976,8/11/26,,2026-2027
67015900,4/5MS-SI06,67_67399_5136976,8/11/26,,2026-2027
67015900,5MS-SI-11,67_67399_5136976,8/11/26,,2026-2027
67015835,4MS-SI-05,67_67399_5136976,8/11/26,,2026-2027
67015835,4MS-SI-06,67_67399_5136976,8/11/26,,2026-2027
67015982,0495-01,67_67399_5136979,8/11/26,,2026-2027
67015982,0495-02,67_67399_5136979,8/11/26,,2026-2027
67015846,4MS-SI-05,67_67399_5136976,8/11/26,,2026-2027
67015846,4MS-SI-06,67_67399_5136976,8/11/26,,2026-2027
67015745,2MS-SI-14,67_67399_5136976,8/11/26,,2026-2027
67015745,2MS-SI-15,67_67399_5136976,8/11/26,,2026-2027
67015955,6MS-SI-09,67_67399_5136976,8/11/26,,2026-2027
67015955,6MS-SI-10,67_67399_5136976,8/11/26,,2026-2027
67016042,1203476,67_67399_5136979,8/11/26,,2026-2027
67016042,1203507,67_67399_5136979,8/11/26,,2026-2027
67016091,1203476,67_67399_5136979,8/11/26,,2026-2027
67016091,1203507,67_67399_5136979,8/11/26,,2026-2027
67015939,6MS-SI-09,67_67399_5136976,8/11/26,,2026-2027
67015939,6MS-SI-10,67_67399_5136976,8/11/26,,2026-2027
67015759,03MS-SI-13,67_67399_5136976,8/11/26,,2026-2027
67015759,3MS-SI-02,67_67399_5136976,8/11/26,,2026-2027
67015945,6MS-SI-09,67_67399_5136976,8/11/26,,2026-2027
67015945,6MS-SI-10,67_67399_5136976,8/11/26,,2026-2027
67015977,0495-01,67_67399_5136979,8/11/26,,2026-2027
67015977,0495-02,67_67399_5136979,8/11/26,,2026-2027
67015993,0495-01,67_67399_5136979,8/11/26,,2026-2027
67015993,0495-02,67_67399_5136979,8/11/26,,2026-2027
67016098,1203476,67_67399_5136979,8/11/26,,2026-2027
67016098,1203507,67_67399_5136979,8/11/26,,2026-2027
67015798,03MS-SI-13,67_67399_5136976,8/11/26,,2026-2027
67015798,3MS-SI-02,67_67399_5136976,8/11/26,,2026-2027
67015802,03MS-SI-13,67_67399_5136976,8/11/26,,2026-2027
67015802,3MS-SI-02,67_67399_5136976,8/11/26,,2026-2027
67015983,0495-01,67_67399_5136979,8/11/26,,2026-2027
67015983,0495-02,67_67399_5136979,8/11/26,,2026-2027
67016053,1203476,67_67399_5136979,8/11/26,,2026-2027
67016053,1203507,67_67399_5136979,8/11/26,,2026-2027
67015999,0495-01,67_67399_5136979,8/11/26,,2026-2027
67015999,0495-02,67_67399_5136979,8/11/26,,2026-2027
67016058,1203476,67_67399_5136979,8/11/26,,2026-2027
67016058,1203507,67_67399_5136979,8/11/26,,2026-2027
67016037,0495-01,67_67399_5136979,8/11/26,,2026-2027
67016037,0495-02,67_67399_5136979,8/11/26,,2026-2027
67016071,1203476,67_67399_5136979,8/11/26,,2026-2027
67016071,1203507,67_67399_5136979,8/11/26,,2026-2027
67015755,03MS-SI-13,67_67399_5136976,8/11/26,,2026-2027
67015755,3MS-SI-02,67_67399_5136976,8/11/26,,2026-2027
67015760,03MS-SI-13,67_67399_5136976,8/11/26,,2026-2027
67015760,3MS-SI-02,67_67399_5136976,8/11/26,,2026-2027
67015797,03MS-SI-13,67_67399_5136976,8/11/26,,2026-2027
67015797,3MS-SI-02,67_67399_5136976,8/11/26,,2026-2027
67015778,03MS-SI-13,67_67399_5136976,8/11/26,,2026-2027
67015778,3MS-SI-02,67_67399_5136976,8/11/26,,2026-2027
67015970,0495-01,67_67399_5136979,8/11/26,,2026-2027
67015970,0495-02,67_67399_5136979,8/11/26,,2026-2027
67015908,4/5MS-SI06,67_67399_5136976,8/11/26,,2026-2027
67015908,5MS-SI-11,67_67399_5136976,8/11/26,,2026-2027
67016016,0495-01,67_67399_5136979,8/11/26,,2026-2027
67016016,0495-02,67_67399_5136979,8/11/26,,2026-2027
67015698,1MS-SI-16,67_67399_5136976,8/11/26,,2026-2027
67015698,1MS-SI-17,67_67399_5136976,8/11/26,,2026-2027
67015979,0495-01,67_67399_5136979,8/11/26,,2026-2027
67015979,0495-02,67_67399_5136979,8/11/26,,2026-2027
67015994,0495-01,67_67399_5136979,8/11/26,,2026-2027
67015994,0495-02,67_67399_5136979,8/11/26,,2026-2027
67016070,1203476,67_67399_5136979,8/11/26,,2026-2027
67016070,1203507,67_67399_5136979,8/11/26,,2026-2027
67015851,4MS-SI-05,67_67399_5136976,8/11/26,,2026-2027
67015851,4MS-SI-06,67_67399_5136976,8/11/26,,2026-2027
67015928,6MS-SI-09,67_67399_5136976,8/11/26,,2026-2027
67015928,6MS-SI-10,67_67399_5136976,8/11/26,,2026-2027
67016012,0495-01,67_67399_5136979,8/11/26,,2026-2027
67016012,0495-02,67_67399_5136979,8/11/26,,2026-2027
67015784,03MS-SI-13,67_67399_5136976,8/11/26,,2026-2027
67015784,3MS-SI-02,67_67399_5136976,8/11/26,,2026-2027
67015838,4MS-SI-05,67_67399_5136976,8/11/26,,2026-2027
67015838,4MS-SI-06,67_67399_5136976,8/11/26,,2026-2027
67015934,6MS-SI-09,67_67399_5136976,8/11/26,,2026-2027
67015934,6MS-SI-10,67_67399_5136976,8/11/26,,2026-2027
67015733,2MS-SI-14,67_67399_5136976,8/11/26,,2026-2027
67015733,2MS-SI-15,67_67399_5136976,8/11/26,,2026-2027
67015815,4MS-SI-05,67_67399_5136976,8/11/26,,2026-2027
67015815,4MS-SI-06,67_67399_5136976,8/11/26,,2026-2027
67015915,4/5MS-SI06,67_67399_5136976,8/11/26,,2026-2027
67015915,5MS-SI-11,67_67399_5136976,8/11/26,,2026-2027
67015702,1MS-SI-16,67_67399_5136976,8/11/26,,2026-2027
67015702,1MS-SI-17,67_67399_5136976,8/11/26,,2026-2027
67015813,4MS-SI-05,67_67399_5136976,8/11/26,,2026-2027
67015813,4MS-SI-06,67_67399_5136976,8/11/26,,2026-2027
67015803,03MS-SI-13,67_67399_5136976,8/11/26,,2026-2027
67015803,3MS-SI-02,67_67399_5136976,8/11/26,,2026-2027
67015704,1MS-SI-16,67_67399_5136976,8/11/26,,2026-2027
67015704,1MS-SI-17,67_67399_5136976,8/11/26,,2026-2027
67015880,4/5MS-SI06,67_67399_5136976,8/11/26,,2026-2027
67015880,5MS-SI-11,67_67399_5136976,8/11/26,,2026-2027
67015966,6MS-SI-09,67_67399_5136976,8/11/26,,2026-2027
67015966,6MS-SI-10,67_67399_5136976,8/11/26,,2026-2027
67016055,1203476,67_67399_5136979,8/11/26,,2026-2027
67016055,1203507,67_67399_5136979,8/11/26,,2026-2027
67016019,0495-01,67_67399_5136979,8/11/26,,2026-2027
67016019,0495-02,67_67399_5136979,8/11/26,,2026-2027
67015991,0495-01,67_67399_5136979,8/11/26,,2026-2027
67015991,0495-02,67_67399_5136979,8/11/26,,2026-2027
67016003,0495-01,67_67399_5136979,8/11/26,,2026-2027
67016003,0495-02,67_67399_5136979,8/11/26,,2026-2027
67016009,0495-01,67_67399_5136979,8/11/26,,2026-2027
67016009,0495-02,67_67399_5136979,8/11/26,,2026-2027
67015907,4/5MS-SI06,67_67399_5136976,8/11/26,,2026-2027
67015907,5MS-SI-11,67_67399_5136976,8/11/26,,2026-2027
67015756,03MS-SI-13,67_67399_5136976,8/11/26,,2026-2027
67015756,3MS-SI-02,67_67399_5136976,8/11/26,,2026-2027
67016017,0495-01,67_67399_5136979,8/11/26,,2026-2027
67016017,0495-02,67_67399_5136979,8/11/26,,2026-2027
67015913,4/5MS-SI06,67_67399_5136976,8/11/26,,2026-2027
67015913,5MS-SI-11,67_67399_5136976,8/11/26,,2026-2027
67015699,1MS-SI-16,67_67399_5136976,8/11/26,,2026-2027
67015699,1MS-SI-17,67_67399_5136976,8/11/26,,2026-2027
67015855,4MS-SI-05,67_67399_5136976,8/11/26,,2026-2027
67015855,4MS-SI-06,67_67399_5136976,8/11/26,,2026-2027
67015738,2MS-SI-14,67_67399_5136976,8/11/26,,2026-2027
67015738,2MS-SI-15,67_67399_5136976,8/11/26,,2026-2027
67016032,0495-01,67_67399_5136979,8/11/26,,2026-2027
67016032,0495-02,67_67399_5136979,8/11/26,,2026-2027
67015852,4MS-SI-05,67_67399_5136976,8/11/26,,2026-2027
67015852,4MS-SI-06,67_67399_5136976,8/11/26,,2026-2027
67015726,2MS-SI-14,67_67399_5136976,8/11/26,,2026-2027
67015726,2MS-SI-15,67_67399_5136976,8/11/26,,2026-2027
67015964,6MS-SI-09,67_67399_5136976,8/11/26,,2026-2027
67015964,6MS-SI-10,67_67399_5136976,8/11/26,,2026-2027
67016040,1203476,67_67399_5136979,8/11/26,,2026-2027
67016040,1203507,67_67399_5136979,8/11/26,,2026-2027
67015935,6MS-SI-09,67_67399_5136976,8/11/26,,2026-2027
67015935,6MS-SI-10,67_67399_5136976,8/11/26,,2026-2027
67016023,0495-01,67_67399_5136979,8/11/26,,2026-2027
67016023,0495-02,67_67399_5136979,8/11/26,,2026-2027
67015787,03MS-SI-13,67_67399_5136976,8/11/26,,2026-2027
67015787,3MS-SI-02,67_67399_5136976,8/11/26,,2026-2027
67016028,0495-01,67_67399_5136979,8/11/26,,2026-2027
67016028,0495-02,67_67399_5136979,8/11/26,,2026-2027
67016018,0495-01,67_67399_5136979,8/11/26,,2026-2027
67016018,0495-02,67_67399_5136979,8/11/26,,2026-2027
67016020,0495-01,67_67399_5136979,8/11/26,,2026-2027
67016020,0495-02,67_67399_5136979,8/11/26,,2026-2027
67015717,2MS-SI-14,67_67399_5136976,8/11/26,,2026-2027
67015717,2MS-SI-15,67_67399_5136976,8/11/26,,2026-2027
67015937,6MS-SI-09,67_67399_5136976,8/11/26,,2026-2027
67015937,6MS-SI-10,67_67399_5136976,8/11/26,,2026-2027
67015737,2MS-SI-14,67_67399_5136976,8/11/26,,2026-2027
67015737,2MS-SI-15,67_67399_5136976,8/11/26,,2026-2027
67015791,03MS-SI-13,67_67399_5136976,8/11/26,,2026-2027
67015791,3MS-SI-02,67_67399_5136976,8/11/26,,2026-2027
67015854,4MS-SI-05,67_67399_5136976,8/11/26,,2026-2027
67015854,4MS-SI-06,67_67399_5136976,8/11/26,,2026-2027
67015761,03MS-SI-13,67_67399_5136976,8/11/26,,2026-2027
67015761,3MS-SI-02,67_67399_5136976,8/11/26,,2026-2027
67015946,6MS-SI-09,67_67399_5136976,8/11/26,,2026-2027
67015946,6MS-SI-10,67_67399_5136976,8/11/26,,2026-2027
67015771,03MS-SI-13,67_67399_5136976,8/11/26,,2026-2027
67015771,3MS-SI-02,67_67399_5136976,8/11/26,,2026-2027
67015780,03MS-SI-13,67_67399_5136976,8/11/26,,2026-2027
67015780,3MS-SI-02,67_67399_5136976,8/11/26,,2026-2027
67015969,6MS-SI-09,67_67399_5136976,8/11/26,,2026-2027
67015969,6MS-SI-10,67_67399_5136976,8/11/26,,2026-2027
67015773,03MS-SI-13,67_67399_5136976,8/11/26,,2026-2027
67015773,3MS-SI-02,67_67399_5136976,8/11/26,,2026-2027
67015873,4/5MS-SI06,67_67399_5136976,8/11/26,,2026-2027
67015873,5MS-SI-11,67_67399_5136976,8/11/26,,2026-2027
67016088,1203476,67_67399_5136979,8/11/26,,2026-2027
67016088,1203507,67_67399_5136979,8/11/26,,2026-2027
67015767,03MS-SI-13,67_67399_5136976,8/11/26,,2026-2027
67015767,3MS-SI-02,67_67399_5136976,8/11/26,,2026-2027
67015831,4MS-SI-05,67_67399_5136976,8/11/26,,2026-2027
67015831,4MS-SI-06,67_67399_5136976,8/11/26,,2026-2027
67015727,2MS-SI-14,67_67399_5136976,8/11/26,,2026-2027
67015727,2MS-SI-15,67_67399_5136976,8/11/26,,2026-2027
67015863,4/5MS-SI06,67_67399_5136976,8/11/26,,2026-2027
67015863,5MS-SI-11,67_67399_5136976,8/11/26,,2026-2027
67015961,6MS-SI-09,67_67399_5136976,8/11/26,,2026-2027
67015961,6MS-SI-10,67_67399_5136976,8/11/26,,2026-2027
67015718,2MS-SI-14,67_67399_5136976,8/11/26,,2026-2027
67015718,2MS-SI-15,67_67399_5136976,8/11/26,,2026-2027
67015806,4MS-SI-05,67_67399_5136976,8/11/26,,2026-2027
67015806,4MS-SI-06,67_67399_5136976,8/11/26,,2026-2027
67015875,4/5MS-SI06,67_67399_5136976,8/11/26,,2026-2027
67015875,5MS-SI-11,67_67399_5136976,8/11/26,,2026-2027
67015707,1MS-SI-16,67_67399_5136976,8/11/26,,2026-2027
67015707,1MS-SI-17,67_67399_5136976,8/11/26,,2026-2027
67016011,0495-01,67_67399_5136979,8/11/26,,2026-2027
67016011,0495-02,67_67399_5136979,8/11/26,,2026-2027
67015739,2MS-SI-14,67_67399_5136976,8/11/26,,2026-2027
67015739,2MS-SI-15,67_67399_5136976,8/11/26,,2026-2027
67015777,03MS-SI-13,67_67399_5136976,8/11/26,,2026-2027
67015777,3MS-SI-02,67_67399_5136976,8/11/26,,2026-2027
67015976,0495-01,67_67399_5136979,8/11/26,,2026-2027
67015976,0495-02,67_67399_5136979,8/11/26,,2026-2027
67015695,1MS-SI-16,67_67399_5136976,8/11/26,,2026-2027
67015695,1MS-SI-17,67_67399_5136976,8/11/26,,2026-2027
67015709,1MS-SI-16,67_67399_5136976,8/11/26,,2026-2027
67015709,1MS-SI-17,67_67399_5136976,8/11/26,,2026-2027
67015881,4/5MS-SI06,67_67399_5136976,8/11/26,,2026-2027
67015881,5MS-SI-11,67_67399_5136976,8/11/26,,2026-2027
67015793,03MS-SI-13,67_67399_5136976,8/11/26,,2026-2027
67015793,3MS-SI-02,67_67399_5136976,8/11/26,,2026-2027
67015823,4MS-SI-05,67_67399_5136976,8/11/26,,2026-2027
67015823,4MS-SI-06,67_67399_5136976,8/11/26,,2026-2027
67016054,1203476,67_67399_5136979,8/11/26,,2026-2027
67016054,1203507,67_67399_5136979,8/11/26,,2026-2027
67016074,1203476,67_67399_5136979,8/11/26,,2026-2027
67016074,1203507,67_67399_5136979,8/11/26,,2026-2027
67015914,4/5MS-SI06,67_67399_5136976,8/11/26,,2026-2027
67015914,5MS-SI-11,67_67399_5136976,8/11/26,,2026-2027
67015960,6MS-SI-09,67_67399_5136976,8/11/26,,2026-2027
67015960,6MS-SI-10,67_67399_5136976,8/11/26,,2026-2027
67015765,03MS-SI-13,67_67399_5136976,8/11/26,,2026-2027
67015765,3MS-SI-02,67_67399_5136976,8/11/26,,2026-2027
67015967,6MS-SI-09,67_67399_5136976,8/11/26,,2026-2027
67015967,6MS-SI-10,67_67399_5136976,8/11/26,,2026-2027
67015822,4MS-SI-05,67_67399_5136976,8/11/26,,2026-2027
67015822,4MS-SI-06,67_67399_5136976,8/11/26,,2026-2027
67015874,4/5MS-SI06,67_67399_5136976,8/11/26,,2026-2027
67015874,5MS-SI-11,67_67399_5136976,8/11/26,,2026-2027
67016082,1203476,67_67399_5136979,8/11/26,,2026-2027
67016082,1203507,67_67399_5136979,8/11/26,,2026-2027
67016089,1203476,67_67399_5136979,8/11/26,,2026-2027
67016089,1203507,67_67399_5136979,8/11/26,,2026-2027
67016015,0495-01,67_67399_5136979,8/11/26,,2026-2027
67016015,0495-02,67_67399_5136979,8/11/26,,2026-2027
67015987,0495-01,67_67399_5136979,8/11/26,,2026-2027
67015987,0495-02,67_67399_5136979,8/11/26,,2026-2027
67015816,4MS-SI-05,67_67399_5136976,8/11/26,,2026-2027
67015816,4MS-SI-06,67_67399_5136976,8/11/26,,2026-2027
67015700,1MS-SI-16,67_67399_5136976,8/11/26,,2026-2027
67015700,1MS-SI-17,67_67399_5136976,8/11/26,,2026-2027
67015957,6MS-SI-09,67_67399_5136976,8/11/26,,2026-2027
67015957,6MS-SI-10,67_67399_5136976,8/11/26,,2026-2027
67016024,0495-01,67_67399_5136979,8/11/26,,2026-2027
67016024,0495-02,67_67399_5136979,8/11/26,,2026-2027
67016004,0495-01,67_67399_5136979,8/11/26,,2026-2027
67016004,0495-02,67_67399_5136979,8/11/26,,2026-2027
67015870,4/5MS-SI06,67_67399_5136976,8/11/26,,2026-2027
67015870,5MS-SI-11,67_67399_5136976,8/11/26,,2026-2027
67015965,6MS-SI-09,67_67399_5136976,8/11/26,,2026-2027
67015965,6MS-SI-10,67_67399_5136976,8/11/26,,2026-2027
67015741,2MS-SI-14,67_67399_5136976,8/11/26,,2026-2027
67015741,2MS-SI-15,67_67399_5136976,8/11/26,,2026-2027
67015762,03MS-SI-13,67_67399_5136976,8/11/26,,2026-2027
67015762,3MS-SI-02,67_67399_5136976,8/11/26,,2026-2027
67016099,1203476,67_67399_5136979,8/11/26,,2026-2027
67016099,1203507,67_67399_5136979,8/11/26,,2026-2027
67015734,2MS-SI-14,67_67399_5136976,8/11/26,,2026-2027
67015734,2MS-SI-15,67_67399_5136976,8/11/26,,2026-2027
67015952,6MS-SI-09,67_67399_5136976,8/11/26,,2026-2027
67015952,6MS-SI-10,67_67399_5136976,8/11/26,,2026-2027
67015769,03MS-SI-13,67_67399_5136976,8/11/26,,2026-2027
67015769,3MS-SI-02,67_67399_5136976,8/11/26,,2026-2027
67015837,4MS-SI-05,67_67399_5136976,8/11/26,,2026-2027
67015837,4MS-SI-06,67_67399_5136976,8/11/26,,2026-2027
67016086,1203476,67_67399_5136979,8/11/26,,2026-2027
67016086,1203507,67_67399_5136979,8/11/26,,2026-2027
67015968,6MS-SI-09,67_67399_5136976,8/11/26,,2026-2027
67015968,6MS-SI-10,67_67399_5136976,8/11/26,,2026-2027
67015829,4MS-SI-05,67_67399_5136976,8/11/26,,2026-2027
67015829,4MS-SI-06,67_67399_5136976,8/11/26,,2026-2027
67015839,4MS-SI-05,67_67399_5136976,8/11/26,,2026-2027
67015839,4MS-SI-06,67_67399_5136976,8/11/26,,2026-2027
67015697,1MS-SI-16,67_67399_5136976,8/11/26,,2026-2027
67015697,1MS-SI-17,67_67399_5136976,8/11/26,,2026-2027
67015898,4/5MS-SI06,67_67399_5136976,8/11/26,,2026-2027
67015898,5MS-SI-11,67_67399_5136976,8/11/26,,2026-2027
67015728,2MS-SI-14,67_67399_5136976,8/11/26,,2026-2027
67015728,2MS-SI-15,67_67399_5136976,8/11/26,,2026-2027
67016049,1203476,67_67399_5136979,8/11/26,,2026-2027
67016049,1203507,67_67399_5136979,8/11/26,,2026-2027
67016067,1203476,67_67399_5136979,8/11/26,,2026-2027
67016067,1203507,67_67399_5136979,8/11/26,,2026-2027
67015850,4MS-SI-05,67_67399_5136976,8/11/26,,2026-2027
67015850,4MS-SI-06,67_67399_5136976,8/11/26,,2026-2027
67015988,0495-01,67_67399_5136979,8/11/26,,2026-2027
67015988,0495-02,67_67399_5136979,8/11/26,,2026-2027
67015721,2MS-SI-14,67_67399_5136976,8/11/26,,2026-2027
67015721,2MS-SI-15,67_67399_5136976,8/11/26,,2026-2027
67015744,2MS-SI-14,67_67399_5136976,8/11/26,,2026-2027
67015744,2MS-SI-15,67_67399_5136976,8/11/26,,2026-2027
67015840,4MS-SI-05,67_67399_5136976,8/11/26,,2026-2027
67015840,4MS-SI-06,67_67399_5136976,8/11/26,,2026-2027
67015918,6MS-SI-09,67_67399_5136976,8/11/26,,2026-2027
67015918,6MS-SI-10,67_67399_5136976,8/11/26,,2026-2027
67015924,6MS-SI-09,67_67399_5136976,8/11/26,,2026-2027
67015924,6MS-SI-10,67_67399_5136976,8/11/26,,2026-2027
67015902,4/5MS-SI06,67_67399_5136976,8/11/26,,2026-2027
67015902,5MS-SI-11,67_67399_5136976,8/11/26,,2026-2027
67015703,1MS-SI-16,67_67399_5136976,8/11/26,,2026-2027
67015703,1MS-SI-17,67_67399_5136976,8/11/26,,2026-2027
67015904,4/5MS-SI06,67_67399_5136976,8/11/26,,2026-2027
67015904,5MS-SI-11,67_67399_5136976,8/11/26,,2026-2027
67015894,4/5MS-SI06,67_67399_5136976,8/11/26,,2026-2027
67015894,5MS-SI-11,67_67399_5136976,8/11/26,,2026-2027
67016624,0495-01,67_67399_5136979,8/11/26,,2026-2027
67016624,0495-02,67_67399_5136979,8/11/26,,2026-2027
67016360,4 RD-SI-09,67_67399_5136977,8/11/26,,2026-2027
67016360,4 RD-SI-10,67_67399_5136977,8/11/26,,2026-2027
67016688,1203476,67_67399_5136979,8/11/26,,2026-2027
67016688,1203507,67_67399_5136979,8/11/26,,2026-2027
67016282,3 RD-SI-16,67_67399_5136977,8/11/26,,2026-2027
67016282,3 RD-SI-17,67_67399_5136977,8/11/26,,2026-2027
67016110,1 RD-SI-20,67_67399_5136977,8/11/26,,2026-2027
67016110,1 RD-SI-21,67_67399_5136977,8/11/26,,2026-2027
67016397,4/5RD-SI11,67_67399_5136977,8/11/26,,2026-2027
67016397,5 RD-SI-05,67_67399_5136977,8/11/26,,2026-2027
67016410,4/5RD-SI11,67_67399_5136977,8/11/26,,2026-2027
67016410,5 RD-SI-05,67_67399_5136977,8/11/26,,2026-2027
67016252,3 RD-SI-16,67_67399_5136977,8/11/26,,2026-2027
67016252,3 RD-SI-17,67_67399_5136977,8/11/26,,2026-2027
67016269,3 RD-SI-16,67_67399_5136977,8/11/26,,2026-2027
67016269,3 RD-SI-17,67_67399_5136977,8/11/26,,2026-2027
67016300,3 RD-SI-16,67_67399_5136977,8/11/26,,2026-2027
67016300,3 RD-SI-17,67_67399_5136977,8/11/26,,2026-2027
67016294,3 RD-SI-16,67_67399_5136977,8/11/26,,2026-2027
67016294,3 RD-SI-17,67_67399_5136977,8/11/26,,2026-2027
67016108,1 RD-SI-20,67_67399_5136977,8/11/26,,2026-2027
67016108,1 RD-SI-21,67_67399_5136977,8/11/26,,2026-2027
67016497,6 RD-SI-01,67_67399_5136977,8/11/26,,2026-2027
67016497,6 RD-SI-02,67_67399_5136977,8/11/26,,2026-2027
67016283,3 RD-SI-16,67_67399_5136977,8/11/26,,2026-2027
67016283,3 RD-SI-17,67_67399_5136977,8/11/26,,2026-2027
67016207,2 RD-SI-13,67_67399_5136977,8/11/26,,2026-2027
67016207,2 RD-SI-14,67_67399_5136977,8/11/26,,2026-2027
67016704,1203476,67_67399_5136979,8/11/26,,2026-2027
67016704,1203507,67_67399_5136979,8/11/26,,2026-2027
67016573,0495-01,67_67399_5136979,8/11/26,,2026-2027
67016573,0495-02,67_67399_5136979,8/11/26,,2026-2027
67016715,1203476,67_67399_5136979,8/11/26,,2026-2027
67016715,1203507,67_67399_5136979,8/11/26,,2026-2027
67016239,3 RD-SI-16,67_67399_5136977,8/11/26,,2026-2027
67016239,3 RD-SI-17,67_67399_5136977,8/11/26,,2026-2027
67016260,3 RD-SI-16,67_67399_5136977,8/11/26,,2026-2027
67016260,3 RD-SI-17,67_67399_5136977,8/11/26,,2026-2027
67016320,4 RD-SI-09,67_67399_5136977,8/11/26,,2026-2027
67016320,4 RD-SI-10,67_67399_5136977,8/11/26,,2026-2027
67016279,3 RD-SI-16,67_67399_5136977,8/11/26,,2026-2027
67016279,3 RD-SI-17,67_67399_5136977,8/11/26,,2026-2027
67016696,1203476,67_67399_5136979,8/11/26,,2026-2027
67016696,1203507,67_67399_5136979,8/11/26,,2026-2027
67016419,4/5RD-SI11,67_67399_5136977,8/11/26,,2026-2027
67016419,5 RD-SI-05,67_67399_5136977,8/11/26,,2026-2027
67016426,4/5RD-SI11,67_67399_5136977,8/11/26,,2026-2027
67016426,5 RD-SI-05,67_67399_5136977,8/11/26,,2026-2027
67016225,3 RD-SI-16,67_67399_5136977,8/11/26,,2026-2027
67016225,3 RD-SI-17,67_67399_5136977,8/11/26,,2026-2027
67016701,1203476,67_67399_5136979,8/11/26,,2026-2027
67016701,1203507,67_67399_5136979,8/11/26,,2026-2027
67016228,3 RD-SI-16,67_67399_5136977,8/11/26,,2026-2027
67016228,3 RD-SI-17,67_67399_5136977,8/11/26,,2026-2027
67016344,4 RD-SI-09,67_67399_5136977,8/11/26,,2026-2027
67016344,4 RD-SI-10,67_67399_5136977,8/11/26,,2026-2027
67016350,4 RD-SI-09,67_67399_5136977,8/11/26,,2026-2027
67016350,4 RD-SI-10,67_67399_5136977,8/11/26,,2026-2027
67016529,6 RD-SI-01,67_67399_5136977,8/11/26,,2026-2027
67016529,6 RD-SI-02,67_67399_5136977,8/11/26,,2026-2027
67016690,1203476,67_67399_5136979,8/11/26,,2026-2027
67016690,1203507,67_67399_5136979,8/11/26,,2026-2027
67016600,0495-01,67_67399_5136979,8/11/26,,2026-2027
67016600,0495-02,67_67399_5136979,8/11/26,,2026-2027
67016551,6 RD-SI-01,67_67399_5136977,8/11/26,,2026-2027
67016551,6 RD-SI-02,67_67399_5136977,8/11/26,,2026-2027
67016284,3 RD-SI-16,67_67399_5136977,8/11/26,,2026-2027
67016284,3 RD-SI-17,67_67399_5136977,8/11/26,,2026-2027
67016417,4/5RD-SI11,67_67399_5136977,8/11/26,,2026-2027
67016417,5 RD-SI-05,67_67399_5136977,8/11/26,,2026-2027
67016717,1203476,67_67399_5136979,8/11/26,,2026-2027
67016717,1203507,67_67399_5136979,8/11/26,,2026-2027
67016209,3 RD-SI-16,67_67399_5136977,8/11/26,,2026-2027
67016209,3 RD-SI-17,67_67399_5136977,8/11/26,,2026-2027
67016117,1 RD-SI-20,67_67399_5136977,8/11/26,,2026-2027
67016117,1 RD-SI-21,67_67399_5136977,8/11/26,,2026-2027
67016500,6 RD-SI-01,67_67399_5136977,8/11/26,,2026-2027
67016500,6 RD-SI-02,67_67399_5136977,8/11/26,,2026-2027
67016632,0495-01,67_67399_5136979,8/11/26,,2026-2027
67016632,0495-02,67_67399_5136979,8/11/26,,2026-2027
67016189,2 RD-SI-13,67_67399_5136977,8/11/26,,2026-2027
67016189,2 RD-SI-14,67_67399_5136977,8/11/26,,2026-2027
67016725,1203476,67_67399_5136979,8/11/26,,2026-2027
67016725,1203507,67_67399_5136979,8/11/26,,2026-2027
67016309,3 RD-SI-16,67_67399_5136977,8/11/26,,2026-2027
67016309,3 RD-SI-17,67_67399_5136977,8/11/26,,2026-2027
67016503,6 RD-SI-01,67_67399_5136977,8/11/26,,2026-2027
67016503,6 RD-SI-02,67_67399_5136977,8/11/26,,2026-2027
67016625,0495-01,67_67399_5136979,8/11/26,,2026-2027
67016625,0495-02,67_67399_5136979,8/11/26,,2026-2027
67016415,4/5RD-SI11,67_67399_5136977,8/11/26,,2026-2027
67016415,5 RD-SI-05,67_67399_5136977,8/11/26,,2026-2027
67016155,2 RD-SI-13,67_67399_5136977,8/11/26,,2026-2027
67016155,2 RD-SI-14,67_67399_5136977,8/11/26,,2026-2027
67016202,2 RD-SI-13,67_67399_5136977,8/11/26,,2026-2027
67016202,2 RD-SI-14,67_67399_5136977,8/11/26,,2026-2027
67016449,4/5RD-SI11,67_67399_5136977,8/11/26,,2026-2027
67016449,5 RD-SI-05,67_67399_5136977,8/11/26,,2026-2027
67016288,3 RD-SI-16,67_67399_5136977,8/11/26,,2026-2027
67016288,3 RD-SI-17,67_67399_5136977,8/11/26,,2026-2027
67016609,0495-01,67_67399_5136979,8/11/26,,2026-2027
67016609,0495-02,67_67399_5136979,8/11/26,,2026-2027
67016385,4 RD-SI-09,67_67399_5136977,8/11/26,,2026-2027
67016385,4 RD-SI-10,67_67399_5136977,8/11/26,,2026-2027
67016670,1203476,67_67399_5136979,8/11/26,,2026-2027
67016670,1203507,67_67399_5136979,8/11/26,,2026-2027
67016650,1203476,67_67399_5136979,8/11/26,,2026-2027
67016650,1203507,67_67399_5136979,8/11/26,,2026-2027
67016413,4/5RD-SI11,67_67399_5136977,8/11/26,,2026-2027
67016413,5 RD-SI-05,67_67399_5136977,8/11/26,,2026-2027
67016280,3 RD-SI-16,67_67399_5136977,8/11/26,,2026-2027
67016280,3 RD-SI-17,67_67399_5136977,8/11/26,,2026-2027
67016176,2 RD-SI-13,67_67399_5136977,8/11/26,,2026-2027
67016176,2 RD-SI-14,67_67399_5136977,8/11/26,,2026-2027
67016521,6 RD-SI-01,67_67399_5136977,8/11/26,,2026-2027
67016521,6 RD-SI-02,67_67399_5136977,8/11/26,,2026-2027
67016402,4/5RD-SI11,67_67399_5136977,8/11/26,,2026-2027
67016402,5 RD-SI-05,67_67399_5136977,8/11/26,,2026-2027
67016659,1203476,67_67399_5136979,8/11/26,,2026-2027
67016659,1203507,67_67399_5136979,8/11/26,,2026-2027
67016544,6 RD-SI-01,67_67399_5136977,8/11/26,,2026-2027
67016544,6 RD-SI-02,67_67399_5136977,8/11/26,,2026-2027
67016699,1203476,67_67399_5136979,8/11/26,,2026-2027
67016699,1203507,67_67399_5136979,8/11/26,,2026-2027
67016336,4 RD-SI-09,67_67399_5136977,8/11/26,,2026-2027
67016336,4 RD-SI-10,67_67399_5136977,8/11/26,,2026-2027
67016222,3 RD-SI-16,67_67399_5136977,8/11/26,,2026-2027
67016222,3 RD-SI-17,67_67399_5136977,8/11/26,,2026-2027
67016635,0495-01,67_67399_5136979,8/11/26,,2026-2027
67016635,0495-02,67_67399_5136979,8/11/26,,2026-2027
67016463,4/5RD-SI11,67_67399_5136977,8/11/26,,2026-2027
67016463,5 RD-SI-05,67_67399_5136977,8/11/26,,2026-2027
67016118,1 RD-SI-20,67_67399_5136977,8/11/26,,2026-2027
67016118,1 RD-SI-21,67_67399_5136977,8/11/26,,2026-2027
67016367,4 RD-SI-09,67_67399_5136977,8/11/26,,2026-2027
67016367,4 RD-SI-10,67_67399_5136977,8/11/26,,2026-2027
67016396,4/5RD-SI11,67_67399_5136977,8/11/26,,2026-2027
67016396,5 RD-SI-05,67_67399_5136977,8/11/26,,2026-2027
67016381,4 RD-SI-09,67_67399_5136977,8/11/26,,2026-2027
67016381,4 RD-SI-10,67_67399_5136977,8/11/26,,2026-2027
67016674,1203476,67_67399_5136979,8/11/26,,2026-2027
67016674,1203507,67_67399_5136979,8/11/26,,2026-2027
67016373,4 RD-SI-09,67_67399_5136977,8/11/26,,2026-2027
67016373,4 RD-SI-10,67_67399_5136977,8/11/26,,2026-2027
67016564,0495-01,67_67399_5136979,8/11/26,,2026-2027
67016564,0495-02,67_67399_5136979,8/11/26,,2026-2027
67016408,4/5RD-SI11,67_67399_5136977,8/11/26,,2026-2027
67016408,5 RD-SI-05,67_67399_5136977,8/11/26,,2026-2027
67016109,1 RD-SI-20,67_67399_5136977,8/11/26,,2026-2027
67016109,1 RD-SI-21,67_67399_5136977,8/11/26,,2026-2027
67016508,6 RD-SI-01,67_67399_5136977,8/11/26,,2026-2027
67016508,6 RD-SI-02,67_67399_5136977,8/11/26,,2026-2027
67016223,3 RD-SI-16,67_67399_5136977,8/11/26,,2026-2027
67016223,3 RD-SI-17,67_67399_5136977,8/11/26,,2026-2027
67016187,2 RD-SI-13,67_67399_5136977,8/11/26,,2026-2027
67016187,2 RD-SI-14,67_67399_5136977,8/11/26,,2026-2027
67016547,6 RD-SI-01,67_67399_5136977,8/11/26,,2026-2027
67016547,6 RD-SI-02,67_67399_5136977,8/11/26,,2026-2027
67016525,6 RD-SI-01,67_67399_5136977,8/11/26,,2026-2027
67016525,6 RD-SI-02,67_67399_5136977,8/11/26,,2026-2027
67016342,4 RD-SI-09,67_67399_5136977,8/11/26,,2026-2027
67016342,4 RD-SI-10,67_67399_5136977,8/11/26,,2026-2027
67016665,1203476,67_67399_5136979,8/11/26,,2026-2027
67016665,1203507,67_67399_5136979,8/11/26,,2026-2027
67016148,2 RD-SI-13,67_67399_5136977,8/11/26,,2026-2027
67016148,2 RD-SI-14,67_67399_5136977,8/11/26,,2026-2027
67016498,6 RD-SI-01,67_67399_5136977,8/11/26,,2026-2027
67016498,6 RD-SI-02,67_67399_5136977,8/11/26,,2026-2027
67016250,3 RD-SI-16,67_67399_5136977,8/11/26,,2026-2027
67016250,3 RD-SI-17,67_67399_5136977,8/11/26,,2026-2027
67016263,3 RD-SI-16,67_67399_5136977,8/11/26,,2026-2027
67016263,3 RD-SI-17,67_67399_5136977,8/11/26,,2026-2027
67016380,4 RD-SI-09,67_67399_5136977,8/11/26,,2026-2027
67016380,4 RD-SI-10,67_67399_5136977,8/11/26,,2026-2027
67016167,2 RD-SI-13,67_67399_5136977,8/11/26,,2026-2027
67016167,2 RD-SI-14,67_67399_5136977,8/11/26,,2026-2027
67016520,6 RD-SI-01,67_67399_5136977,8/11/26,,2026-2027
67016520,6 RD-SI-02,67_67399_5136977,8/11/26,,2026-2027
67016254,3 RD-SI-16,67_67399_5136977,8/11/26,,2026-2027
67016254,3 RD-SI-17,67_67399_5136977,8/11/26,,2026-2027
67016291,3 RD-SI-16,67_67399_5136977,8/11/26,,2026-2027
67016291,3 RD-SI-17,67_67399_5136977,8/11/26,,2026-2027
67016317,4 RD-SI-09,67_67399_5136977,8/11/26,,2026-2027
67016317,4 RD-SI-10,67_67399_5136977,8/11/26,,2026-2027
67016558,6 RD-SI-01,67_67399_5136977,8/11/26,,2026-2027
67016558,6 RD-SI-02,67_67399_5136977,8/11/26,,2026-2027
67016307,3 RD-SI-16,67_67399_5136977,8/11/26,,2026-2027
67016307,3 RD-SI-17,67_67399_5136977,8/11/26,,2026-2027
67016549,6 RD-SI-01,67_67399_5136977,8/11/26,,2026-2027
67016549,6 RD-SI-02,67_67399_5136977,8/11/26,,2026-2027
67016591,0495-01,67_67399_5136979,8/11/26,,2026-2027
67016591,0495-02,67_67399_5136979,8/11/26,,2026-2027
67016689,1203476,67_67399_5136979,8/11/26,,2026-2027
67016689,1203507,67_67399_5136979,8/11/26,,2026-2027
67016568,0495-01,67_67399_5136979,8/11/26,,2026-2027
67016568,0495-02,67_67399_5136979,8/11/26,,2026-2027
67016293,3 RD-SI-16,67_67399_5136977,8/11/26,,2026-2027
67016293,3 RD-SI-17,67_67399_5136977,8/11/26,,2026-2027
67016456,4/5RD-SI11,67_67399_5136977,8/11/26,,2026-2027
67016456,5 RD-SI-05,67_67399_5136977,8/11/26,,2026-2027
67016667,1203476,67_67399_5136979,8/11/26,,2026-2027
67016667,1203507,67_67399_5136979,8/11/26,,2026-2027
67016608,0495-01,67_67399_5136979,8/11/26,,2026-2027
67016608,0495-02,67_67399_5136979,8/11/26,,2026-2027
67016257,3 RD-SI-16,67_67399_5136977,8/11/26,,2026-2027
67016257,3 RD-SI-17,67_67399_5136977,8/11/26,,2026-2027
67016199,2 RD-SI-13,67_67399_5136977,8/11/26,,2026-2027
67016199,2 RD-SI-14,67_67399_5136977,8/11/26,,2026-2027
67016618,0495-01,67_67399_5136979,8/11/26,,2026-2027
67016618,0495-02,67_67399_5136979,8/11/26,,2026-2027
67016491,6 RD-SI-01,67_67399_5136977,8/11/26,,2026-2027
67016491,6 RD-SI-02,67_67399_5136977,8/11/26,,2026-2027
67016115,1 RD-SI-20,67_67399_5136977,8/11/26,,2026-2027
67016115,1 RD-SI-21,67_67399_5136977,8/11/26,,2026-2027
67016648,0495-01,67_67399_5136979,8/11/26,,2026-2027
67016648,0495-02,67_67399_5136979,8/11/26,,2026-2027
67016507,6 RD-SI-01,67_67399_5136977,8/11/26,,2026-2027
67016507,6 RD-SI-02,67_67399_5136977,8/11/26,,2026-2027
67016501,6 RD-SI-01,67_67399_5136977,8/11/26,,2026-2027
67016501,6 RD-SI-02,67_67399_5136977,8/11/26,,2026-2027
67016401,4/5RD-SI11,67_67399_5136977,8/11/26,,2026-2027
67016401,5 RD-SI-05,67_67399_5136977,8/11/26,,2026-2027
67016324,4 RD-SI-09,67_67399_5136977,8/11/26,,2026-2027
67016324,4 RD-SI-10,67_67399_5136977,8/11/26,,2026-2027
67016611,0495-01,67_67399_5136979,8/11/26,,2026-2027
67016611,0495-02,67_67399_5136979,8/11/26,,2026-2027
67016345,4 RD-SI-09,67_67399_5136977,8/11/26,,2026-2027
67016345,4 RD-SI-10,67_67399_5136977,8/11/26,,2026-2027
67016454,4/5RD-SI11,67_67399_5136977,8/11/26,,2026-2027
67016454,5 RD-SI-05,67_67399_5136977,8/11/26,,2026-2027
67016255,3 RD-SI-16,67_67399_5136977,8/11/26,,2026-2027
67016255,3 RD-SI-17,67_67399_5136977,8/11/26,,2026-2027
67016490,6 RD-SI-01,67_67399_5136977,8/11/26,,2026-2027
67016490,6 RD-SI-02,67_67399_5136977,8/11/26,,2026-2027
67016702,1203476,67_67399_5136979,8/11/26,,2026-2027
67016702,1203507,67_67399_5136979,8/11/26,,2026-2027
67016203,2 RD-SI-13,67_67399_5136977,8/11/26,,2026-2027
67016203,2 RD-SI-14,67_67399_5136977,8/11/26,,2026-2027
67016314,4 RD-SI-09,67_67399_5136977,8/11/26,,2026-2027
67016314,4 RD-SI-10,67_67399_5136977,8/11/26,,2026-2027
67016671,1203476,67_67399_5136979,8/11/26,,2026-2027
67016671,1203507,67_67399_5136979,8/11/26,,2026-2027
67016316,4 RD-SI-09,67_67399_5136977,8/11/26,,2026-2027
67016316,4 RD-SI-10,67_67399_5136977,8/11/26,,2026-2027
67016436,4/5RD-SI11,67_67399_5136977,8/11/26,,2026-2027
67016436,5 RD-SI-05,67_67399_5136977,8/11/26,,2026-2027
67016672,1203476,67_67399_5136979,8/11/26,,2026-2027
67016672,1203507,67_67399_5136979,8/11/26,,2026-2027
67016663,1203476,67_67399_5136979,8/11/26,,2026-2027
67016663,1203507,67_67399_5136979,8/11/26,,2026-2027
67016522,6 RD-SI-01,67_67399_5136977,8/11/26,,2026-2027
67016522,6 RD-SI-02,67_67399_5136977,8/11/26,,2026-2027
67016531,6 RD-SI-01,67_67399_5136977,8/11/26,,2026-2027
67016531,6 RD-SI-02,67_67399_5136977,8/11/26,,2026-2027
67016172,2 RD-SI-13,67_67399_5136977,8/11/26,,2026-2027
67016172,2 RD-SI-14,67_67399_5136977,8/11/26,,2026-2027
67016116,1 RD-SI-20,67_67399_5136977,8/11/26,,2026-2027
67016116,1 RD-SI-21,67_67399_5136977,8/11/26,,2026-2027
67016113,1 RD-SI-20,67_67399_5136977,8/11/26,,2026-2027
67016113,1 RD-SI-21,67_67399_5136977,8/11/26,,2026-2027
67016368,4 RD-SI-09,67_67399_5136977,8/11/26,,2026-2027
67016368,4 RD-SI-10,67_67399_5136977,8/11/26,,2026-2027
67016687,1203476,67_67399_5136979,8/11/26,,2026-2027
67016687,1203507,67_67399_5136979,8/11/26,,2026-2027
67016533,6 RD-SI-01,67_67399_5136977,8/11/26,,2026-2027
67016533,6 RD-SI-02,67_67399_5136977,8/11/26,,2026-2027
67016103,1 RD-SI-20,67_67399_5136977,8/11/26,,2026-2027
67016103,1 RD-SI-21,67_67399_5136977,8/11/26,,2026-2027
67016274,3 RD-SI-16,67_67399_5136977,8/11/26,,2026-2027
67016274,3 RD-SI-17,67_67399_5136977,8/11/26,,2026-2027
67016443,4/5RD-SI11,67_67399_5136977,8/11/26,,2026-2027
67016443,5 RD-SI-05,67_67399_5136977,8/11/26,,2026-2027
67016160,2 RD-SI-13,67_67399_5136977,8/11/26,,2026-2027
67016160,2 RD-SI-14,67_67399_5136977,8/11/26,,2026-2027
67016388,4 RD-SI-09,67_67399_5136977,8/11/26,,2026-2027
67016388,4 RD-SI-10,67_67399_5136977,8/11/26,,2026-2027
67016131,2 RD-SI-13,67_67399_5136977,8/11/26,,2026-2027
67016131,2 RD-SI-14,67_67399_5136977,8/11/26,,2026-2027
67016359,4 RD-SI-09,67_67399_5136977,8/11/26,,2026-2027
67016359,4 RD-SI-10,67_67399_5136977,8/11/26,,2026-2027
67016403,4/5RD-SI11,67_67399_5136977,8/11/26,,2026-2027
67016403,5 RD-SI-05,67_67399_5136977,8/11/26,,2026-2027
67016240,3 RD-SI-16,67_67399_5136977,8/11/26,,2026-2027
67016240,3 RD-SI-17,67_67399_5136977,8/11/26,,2026-2027
67016369,4 RD-SI-09,67_67399_5136977,8/11/26,,2026-2027
67016369,4 RD-SI-10,67_67399_5136977,8/11/26,,2026-2027
67016527,6 RD-SI-01,67_67399_5136977,8/11/26,,2026-2027
67016527,6 RD-SI-02,67_67399_5136977,8/11/26,,2026-2027
67016431,4/5RD-SI11,67_67399_5136977,8/11/26,,2026-2027
67016431,5 RD-SI-05,67_67399_5136977,8/11/26,,2026-2027
67016634,0495-01,67_67399_5136979,8/11/26,,2026-2027
67016634,0495-02,67_67399_5136979,8/11/26,,2026-2027
67016481,6 RD-SI-01,67_67399_5136977,8/11/26,,2026-2027
67016481,6 RD-SI-02,67_67399_5136977,8/11/26,,2026-2027
67016161,2 RD-SI-13,67_67399_5136977,8/11/26,,2026-2027
67016161,2 RD-SI-14,67_67399_5136977,8/11/26,,2026-2027
67016676,1203476,67_67399_5136979,8/11/26,,2026-2027
67016676,1203507,67_67399_5136979,8/11/26,,2026-2027
67016645,0495-01,67_67399_5136979,8/11/26,,2026-2027
67016645,0495-02,67_67399_5136979,8/11/26,,2026-2027
67016592,0495-01,67_67399_5136979,8/11/26,,2026-2027
67016592,0495-02,67_67399_5136979,8/11/26,,2026-2027
67016147,2 RD-SI-13,67_67399_5136977,8/11/26,,2026-2027
67016147,2 RD-SI-14,67_67399_5136977,8/11/26,,2026-2027
67016178,2 RD-SI-13,67_67399_5136977,8/11/26,,2026-2027
67016178,2 RD-SI-14,67_67399_5136977,8/11/26,,2026-2027
67016219,3 RD-SI-16,67_67399_5136977,8/11/26,,2026-2027
67016219,3 RD-SI-17,67_67399_5136977,8/11/26,,2026-2027
67016146,2 RD-SI-13,67_67399_5136977,8/11/26,,2026-2027
67016146,2 RD-SI-14,67_67399_5136977,8/11/26,,2026-2027
67016328,4 RD-SI-09,67_67399_5136977,8/11/26,,2026-2027
67016328,4 RD-SI-10,67_67399_5136977,8/11/26,,2026-2027
67016227,3 RD-SI-16,67_67399_5136977,8/11/26,,2026-2027
67016227,3 RD-SI-17,67_67399_5136977,8/11/26,,2026-2027
67016130,2 RD-SI-13,67_67399_5136977,8/11/26,,2026-2027
67016130,2 RD-SI-14,67_67399_5136977,8/11/26,,2026-2027
67016106,1 RD-SI-20,67_67399_5136977,8/11/26,,2026-2027
67016106,1 RD-SI-21,67_67399_5136977,8/11/26,,2026-2027
67016610,0495-01,67_67399_5136979,8/11/26,,2026-2027
67016610,0495-02,67_67399_5136979,8/11/26,,2026-2027
67016539,6 RD-SI-01,67_67399_5136977,8/11/26,,2026-2027
67016539,6 RD-SI-02,67_67399_5136977,8/11/26,,2026-2027
67016642,0495-01,67_67399_5136979,8/11/26,,2026-2027
67016642,0495-02,67_67399_5136979,8/11/26,,2026-2027
67016352,4 RD-SI-09,67_67399_5136977,8/11/26,,2026-2027
67016352,4 RD-SI-10,67_67399_5136977,8/11/26,,2026-2027
67016706,1203476,67_67399_5136979,8/11/26,,2026-2027
67016706,1203507,67_67399_5136979,8/11/26,,2026-2027
67016124,1 RD-SI-20,67_67399_5136977,8/11/26,,2026-2027
67016124,1 RD-SI-21,67_67399_5136977,8/11/26,,2026-2027
67016452,4/5RD-SI11,67_67399_5136977,8/11/26,,2026-2027
67016452,5 RD-SI-05,67_67399_5136977,8/11/26,,2026-2027
67016464,4/5RD-SI11,67_67399_5136977,8/11/26,,2026-2027
67016464,5 RD-SI-05,67_67399_5136977,8/11/26,,2026-2027
67016570,0495-01,67_67399_5136979,8/11/26,,2026-2027
67016570,0495-02,67_67399_5136979,8/11/26,,2026-2027
67016326,4 RD-SI-09,67_67399_5136977,8/11/26,,2026-2027
67016326,4 RD-SI-10,67_67399_5136977,8/11/26,,2026-2027
67016234,3 RD-SI-16,67_67399_5136977,8/11/26,,2026-2027
67016234,3 RD-SI-17,67_67399_5136977,8/11/26,,2026-2027
67016370,4 RD-SI-09,67_67399_5136977,8/11/26,,2026-2027
67016370,4 RD-SI-10,67_67399_5136977,8/11/26,,2026-2027
67016374,4 RD-SI-09,67_67399_5136977,8/11/26,,2026-2027
67016374,4 RD-SI-10,67_67399_5136977,8/11/26,,2026-2027
67016603,0495-01,67_67399_5136979,8/11/26,,2026-2027
67016603,0495-02,67_67399_5136979,8/11/26,,2026-2027
67016698,1203476,67_67399_5136979,8/11/26,,2026-2027
67016698,1203507,67_67399_5136979,8/11/26,,2026-2027
67016669,1203476,67_67399_5136979,8/11/26,,2026-2027
67016669,1203507,67_67399_5136979,8/11/26,,2026-2027
67016134,2 RD-SI-13,67_67399_5136977,8/11/26,,2026-2027
67016134,2 RD-SI-14,67_67399_5136977,8/11/26,,2026-2027
67016281,3 RD-SI-16,67_67399_5136977,8/11/26,,2026-2027
67016281,3 RD-SI-17,67_67399_5136977,8/11/26,,2026-2027
67016526,6 RD-SI-01,67_67399_5136977,8/11/26,,2026-2027
67016526,6 RD-SI-02,67_67399_5136977,8/11/26,,2026-2027
67016145,2 RD-SI-13,67_67399_5136977,8/11/26,,2026-2027
67016145,2 RD-SI-14,67_67399_5136977,8/11/26,,2026-2027
67016584,0495-01,67_67399_5136979,8/11/26,,2026-2027
67016584,0495-02,67_67399_5136979,8/11/26,,2026-2027
67016231,3 RD-SI-16,67_67399_5136977,8/11/26,,2026-2027
67016231,3 RD-SI-17,67_67399_5136977,8/11/26,,2026-2027
67016332,4 RD-SI-09,67_67399_5136977,8/11/26,,2026-2027
67016332,4 RD-SI-10,67_67399_5136977,8/11/26,,2026-2027
67016583,0495-01,67_67399_5136979,8/11/26,,2026-2027
67016583,0495-02,67_67399_5136979,8/11/26,,2026-2027
67016137,2 RD-SI-13,67_67399_5136977,8/11/26,,2026-2027
67016137,2 RD-SI-14,67_67399_5136977,8/11/26,,2026-2027
67016658,1203476,67_67399_5136979,8/11/26,,2026-2027
67016658,1203507,67_67399_5136979,8/11/26,,2026-2027
67016654,1203476,67_67399_5136979,8/11/26,,2026-2027
67016654,1203507,67_67399_5136979,8/11/26,,2026-2027
67016677,1203476,67_67399_5136979,8/11/26,,2026-2027
67016677,1203507,67_67399_5136979,8/11/26,,2026-2027
67016407,4/5RD-SI11,67_67399_5136977,8/11/26,,2026-2027
67016407,5 RD-SI-05,67_67399_5136977,8/11/26,,2026-2027
67016546,6 RD-SI-01,67_67399_5136977,8/11/26,,2026-2027
67016546,6 RD-SI-02,67_67399_5136977,8/11/26,,2026-2027
67016499,6 RD-SI-01,67_67399_5136977,8/11/26,,2026-2027
67016499,6 RD-SI-02,67_67399_5136977,8/11/26,,2026-2027
67016636,0495-01,67_67399_5136979,8/11/26,,2026-2027
67016636,0495-02,67_67399_5136979,8/11/26,,2026-2027
67016723,1203476,67_67399_5136979,8/11/26,,2026-2027
67016723,1203507,67_67399_5136979,8/11/26,,2026-2027
67016621,0495-01,67_67399_5136979,8/11/26,,2026-2027
67016621,0495-02,67_67399_5136979,8/11/26,,2026-2027
67016550,6 RD-SI-01,67_67399_5136977,8/11/26,,2026-2027
67016550,6 RD-SI-02,67_67399_5136977,8/11/26,,2026-2027
67016416,4/5RD-SI11,67_67399_5136977,8/11/26,,2026-2027
67016416,5 RD-SI-05,67_67399_5136977,8/11/26,,2026-2027
67016460,4/5RD-SI11,67_67399_5136977,8/11/26,,2026-2027
67016460,5 RD-SI-05,67_67399_5136977,8/11/26,,2026-2027
67016604,0495-01,67_67399_5136979,8/11/26,,2026-2027
67016604,0495-02,67_67399_5136979,8/11/26,,2026-2027
67016409,4/5RD-SI11,67_67399_5136977,8/11/26,,2026-2027
67016409,5 RD-SI-05,67_67399_5136977,8/11/26,,2026-2027
67016286,3 RD-SI-16,67_67399_5136977,8/11/26,,2026-2027
67016286,3 RD-SI-17,67_67399_5136977,8/11/26,,2026-2027
67016509,6 RD-SI-01,67_67399_5136977,8/11/26,,2026-2027
67016509,6 RD-SI-02,67_67399_5136977,8/11/26,,2026-2027
67016668,1203476,67_67399_5136979,8/11/26,,2026-2027
67016668,1203507,67_67399_5136979,8/11/26,,2026-2027
67016437,4/5RD-SI11,67_67399_5136977,8/11/26,,2026-2027
67016437,5 RD-SI-05,67_67399_5136977,8/11/26,,2026-2027
67016384,4 RD-SI-09,67_67399_5136977,8/11/26,,2026-2027
67016384,4 RD-SI-10,67_67399_5136977,8/11/26,,2026-2027
67016311,3 RD-SI-16,67_67399_5136977,8/11/26,,2026-2027
67016311,3 RD-SI-17,67_67399_5136977,8/11/26,,2026-2027
67016428,4/5RD-SI11,67_67399_5136977,8/11/26,,2026-2027
67016428,5 RD-SI-05,67_67399_5136977,8/11/26,,2026-2027
67016478,4/5RD-SI11,67_67399_5136977,8/11/26,,2026-2027
67016478,5 RD-SI-05,67_67399_5136977,8/11/26,,2026-2027
67016447,4/5RD-SI11,67_67399_5136977,8/11/26,,2026-2027
67016447,5 RD-SI-05,67_67399_5136977,8/11/26,,2026-2027
67016325,4 RD-SI-09,67_67399_5136977,8/11/26,,2026-2027
67016325,4 RD-SI-10,67_67399_5136977,8/11/26,,2026-2027
67016398,4/5RD-SI11,67_67399_5136977,8/11/26,,2026-2027
67016398,5 RD-SI-05,67_67399_5136977,8/11/26,,2026-2027
67016308,3 RD-SI-16,67_67399_5136977,8/11/26,,2026-2027
67016308,3 RD-SI-17,67_67399_5136977,8/11/26,,2026-2027
67016709,1203476,67_67399_5136979,8/11/26,,2026-2027
67016709,1203507,67_67399_5136979,8/11/26,,2026-2027
67016511,6 RD-SI-01,67_67399_5136977,8/11/26,,2026-2027
67016511,6 RD-SI-02,67_67399_5136977,8/11/26,,2026-2027
67016242,3 RD-SI-16,67_67399_5136977,8/11/26,,2026-2027
67016242,3 RD-SI-17,67_67399_5136977,8/11/26,,2026-2027
67016446,4/5RD-SI11,67_67399_5136977,8/11/26,,2026-2027
67016446,5 RD-SI-05,67_67399_5136977,8/11/26,,2026-2027
67016506,6 RD-SI-01,67_67399_5136977,8/11/26,,2026-2027
67016506,6 RD-SI-02,67_67399_5136977,8/11/26,,2026-2027
67016542,6 RD-SI-01,67_67399_5136977,8/11/26,,2026-2027
67016542,6 RD-SI-02,67_67399_5136977,8/11/26,,2026-2027
67016613,0495-01,67_67399_5136979,8/11/26,,2026-2027
67016613,0495-02,67_67399_5136979,8/11/26,,2026-2027
67016132,2 RD-SI-13,67_67399_5136977,8/11/26,,2026-2027
67016132,2 RD-SI-14,67_67399_5136977,8/11/26,,2026-2027
67016347,4 RD-SI-09,67_67399_5136977,8/11/26,,2026-2027
67016347,4 RD-SI-10,67_67399_5136977,8/11/26,,2026-2027
67016391,4 RD-SI-09,67_67399_5136977,8/11/26,,2026-2027
67016391,4 RD-SI-10,67_67399_5136977,8/11/26,,2026-2027
67016387,4 RD-SI-09,67_67399_5136977,8/11/26,,2026-2027
67016387,4 RD-SI-10,67_67399_5136977,8/11/26,,2026-2027
67016302,3 RD-SI-16,67_67399_5136977,8/11/26,,2026-2027
67016302,3 RD-SI-17,67_67399_5136977,8/11/26,,2026-2027
67016371,4 RD-SI-09,67_67399_5136977,8/11/26,,2026-2027
67016371,4 RD-SI-10,67_67399_5136977,8/11/26,,2026-2027
67016127,2 RD-SI-13,67_67399_5136977,8/11/26,,2026-2027
67016127,2 RD-SI-14,67_67399_5136977,8/11/26,,2026-2027
67016537,6 RD-SI-01,67_67399_5136977,8/11/26,,2026-2027
67016537,6 RD-SI-02,67_67399_5136977,8/11/26,,2026-2027
67016593,0495-01,67_67399_5136979,8/11/26,,2026-2027
67016593,0495-02,67_67399_5136979,8/11/26,,2026-2027
67016272,3 RD-SI-16,67_67399_5136977,8/11/26,,2026-2027
67016272,3 RD-SI-17,67_67399_5136977,8/11/26,,2026-2027
67016181,2 RD-SI-13,67_67399_5136977,8/11/26,,2026-2027
67016181,2 RD-SI-14,67_67399_5136977,8/11/26,,2026-2027
67016361,4 RD-SI-09,67_67399_5136977,8/11/26,,2026-2027
67016361,4 RD-SI-10,67_67399_5136977,8/11/26,,2026-2027
67016165,2 RD-SI-13,67_67399_5136977,8/11/26,,2026-2027
67016165,2 RD-SI-14,67_67399_5136977,8/11/26,,2026-2027
67016479,4/5RD-SI11,67_67399_5136977,8/11/26,,2026-2027
67016479,5 RD-SI-05,67_67399_5136977,8/11/26,,2026-2027
67016631,0495-01,67_67399_5136979,8/11/26,,2026-2027
67016631,0495-02,67_67399_5136979,8/11/26,,2026-2027
67016597,0495-01,67_67399_5136979,8/11/26,,2026-2027
67016597,0495-02,67_67399_5136979,8/11/26,,2026-2027
67016414,4/5RD-SI11,67_67399_5136977,8/11/26,,2026-2027
67016414,5 RD-SI-05,67_67399_5136977,8/11/26,,2026-2027
67016455,4/5RD-SI11,67_67399_5136977,8/11/26,,2026-2027
67016455,5 RD-SI-05,67_67399_5136977,8/11/26,,2026-2027
67016400,4/5RD-SI11,67_67399_5136977,8/11/26,,2026-2027
67016400,5 RD-SI-05,67_67399_5136977,8/11/26,,2026-2027
67016159,2 RD-SI-13,67_67399_5136977,8/11/26,,2026-2027
67016159,2 RD-SI-14,67_67399_5136977,8/11/26,,2026-2027
67016245,3 RD-SI-16,67_67399_5136977,8/11/26,,2026-2027
67016245,3 RD-SI-17,67_67399_5136977,8/11/26,,2026-2027
67016382,4 RD-SI-09,67_67399_5136977,8/11/26,,2026-2027
67016382,4 RD-SI-10,67_67399_5136977,8/11/26,,2026-2027
67016152,2 RD-SI-13,67_67399_5136977,8/11/26,,2026-2027
67016152,2 RD-SI-14,67_67399_5136977,8/11/26,,2026-2027
67016548,6 RD-SI-01,67_67399_5136977,8/11/26,,2026-2027
67016548,6 RD-SI-02,67_67399_5136977,8/11/26,,2026-2027
67016266,3 RD-SI-16,67_67399_5136977,8/11/26,,2026-2027
67016266,3 RD-SI-17,67_67399_5136977,8/11/26,,2026-2027
67016330,4 RD-SI-09,67_67399_5136977,8/11/26,,2026-2027
67016330,4 RD-SI-10,67_67399_5136977,8/11/26,,2026-2027
67016201,2 RD-SI-13,67_67399_5136977,8/11/26,,2026-2027
67016201,2 RD-SI-14,67_67399_5136977,8/11/26,,2026-2027
67016122,1 RD-SI-20,67_67399_5136977,8/11/26,,2026-2027
67016122,1 RD-SI-21,67_67399_5136977,8/11/26,,2026-2027
67016193,2 RD-SI-13,67_67399_5136977,8/11/26,,2026-2027
67016193,2 RD-SI-14,67_67399_5136977,8/11/26,,2026-2027
67016114,1 RD-SI-20,67_67399_5136977,8/11/26,,2026-2027
67016114,1 RD-SI-21,67_67399_5136977,8/11/26,,2026-2027
67016235,3 RD-SI-16,67_67399_5136977,8/11/26,,2026-2027
67016235,3 RD-SI-17,67_67399_5136977,8/11/26,,2026-2027
67016505,6 RD-SI-01,67_67399_5136977,8/11/26,,2026-2027
67016505,6 RD-SI-02,67_67399_5136977,8/11/26,,2026-2027
67016424,4/5RD-SI11,67_67399_5136977,8/11/26,,2026-2027
67016424,5 RD-SI-05,67_67399_5136977,8/11/26,,2026-2027
67016301,3 RD-SI-16,67_67399_5136977,8/11/26,,2026-2027
67016301,3 RD-SI-17,67_67399_5136977,8/11/26,,2026-2027
67016519,6 RD-SI-01,67_67399_5136977,8/11/26,,2026-2027
67016519,6 RD-SI-02,67_67399_5136977,8/11/26,,2026-2027
67016166,2 RD-SI-13,67_67399_5136977,8/11/26,,2026-2027
67016166,2 RD-SI-14,67_67399_5136977,8/11/26,,2026-2027
67016420,4/5RD-SI11,67_67399_5136977,8/11/26,,2026-2027
67016420,5 RD-SI-05,67_67399_5136977,8/11/26,,2026-2027
67016487,6 RD-SI-01,67_67399_5136977,8/11/26,,2026-2027
67016487,6 RD-SI-02,67_67399_5136977,8/11/26,,2026-2027
67016682,1203476,67_67399_5136979,8/11/26,,2026-2027
67016682,1203507,67_67399_5136979,8/11/26,,2026-2027
67016468,4/5RD-SI11,67_67399_5136977,8/11/26,,2026-2027
67016468,5 RD-SI-05,67_67399_5136977,8/11/26,,2026-2027
67016262,3 RD-SI-16,67_67399_5136977,8/11/26,,2026-2027
67016262,3 RD-SI-17,67_67399_5136977,8/11/26,,2026-2027
67016170,2 RD-SI-13,67_67399_5136977,8/11/26,,2026-2027
67016170,2 RD-SI-14,67_67399_5136977,8/11/26,,2026-2027
67016553,6 RD-SI-01,67_67399_5136977,8/11/26,,2026-2027
67016553,6 RD-SI-02,67_67399_5136977,8/11/26,,2026-2027
67016517,6 RD-SI-01,67_67399_5136977,8/11/26,,2026-2027
67016517,6 RD-SI-02,67_67399_5136977,8/11/26,,2026-2027
67016298,3 RD-SI-16,67_67399_5136977,8/11/26,,2026-2027
67016298,3 RD-SI-17,67_67399_5136977,8/11/26,,2026-2027
67016515,6 RD-SI-01,67_67399_5136977,8/11/26,,2026-2027
67016515,6 RD-SI-02,67_67399_5136977,8/11/26,,2026-2027
67016357,4 RD-SI-09,67_67399_5136977,8/11/26,,2026-2027
67016357,4 RD-SI-10,67_67399_5136977,8/11/26,,2026-2027
67016247,3 RD-SI-16,67_67399_5136977,8/11/26,,2026-2027
67016247,3 RD-SI-17,67_67399_5136977,8/11/26,,2026-2027
67016246,3 RD-SI-16,67_67399_5136977,8/11/26,,2026-2027
67016246,3 RD-SI-17,67_67399_5136977,8/11/26,,2026-2027
67016270,3 RD-SI-16,67_67399_5136977,8/11/26,,2026-2027
67016270,3 RD-SI-17,67_67399_5136977,8/11/26,,2026-2027
67016472,4/5RD-SI11,67_67399_5136977,8/11/26,,2026-2027
67016472,5 RD-SI-05,67_67399_5136977,8/11/26,,2026-2027
67016376,4 RD-SI-09,67_67399_5136977,8/11/26,,2026-2027
67016376,4 RD-SI-10,67_67399_5136977,8/11/26,,2026-2027
67016102,1 RD-SI-20,67_67399_5136977,8/11/26,,2026-2027
67016102,1 RD-SI-21,67_67399_5136977,8/11/26,,2026-2027
67016605,0495-01,67_67399_5136979,8/11/26,,2026-2027
67016605,0495-02,67_67399_5136979,8/11/26,,2026-2027
67016179,2 RD-SI-13,67_67399_5136977,8/11/26,,2026-2027
67016179,2 RD-SI-14,67_67399_5136977,8/11/26,,2026-2027
67016716,1203476,67_67399_5136979,8/11/26,,2026-2027
67016716,1203507,67_67399_5136979,8/11/26,,2026-2027
67016346,4 RD-SI-09,67_67399_5136977,8/11/26,,2026-2027
67016346,4 RD-SI-10,67_67399_5136977,8/11/26,,2026-2027
67016339,4 RD-SI-09,67_67399_5136977,8/11/26,,2026-2027
67016339,4 RD-SI-10,67_67399_5136977,8/11/26,,2026-2027
67016486,6 RD-SI-01,67_67399_5136977,8/11/26,,2026-2027
67016486,6 RD-SI-02,67_67399_5136977,8/11/26,,2026-2027
67016348,4 RD-SI-09,67_67399_5136977,8/11/26,,2026-2027
67016348,4 RD-SI-10,67_67399_5136977,8/11/26,,2026-2027
67016588,0495-01,67_67399_5136979,8/11/26,,2026-2027
67016588,0495-02,67_67399_5136979,8/11/26,,2026-2027
67016425,4/5RD-SI11,67_67399_5136977,8/11/26,,2026-2027
67016425,5 RD-SI-05,67_67399_5136977,8/11/26,,2026-2027
67016315,4 RD-SI-09,67_67399_5136977,8/11/26,,2026-2027
67016315,4 RD-SI-10,67_67399_5136977,8/11/26,,2026-2027
67016475,4/5RD-SI11,67_67399_5136977,8/11/26,,2026-2027
67016475,5 RD-SI-05,67_67399_5136977,8/11/26,,2026-2027
67016510,6 RD-SI-01,67_67399_5136977,8/11/26,,2026-2027
67016510,6 RD-SI-02,67_67399_5136977,8/11/26,,2026-2027
67016580,0495-01,67_67399_5136979,8/11/26,,2026-2027
67016580,0495-02,67_67399_5136979,8/11/26,,2026-2027
67016121,1 RD-SI-20,67_67399_5136977,8/11/26,,2026-2027
67016121,1 RD-SI-21,67_67399_5136977,8/11/26,,2026-2027
67016126,2 RD-SI-13,67_67399_5136977,8/11/26,,2026-2027
67016126,2 RD-SI-14,67_67399_5136977,8/11/26,,2026-2027
67016264,3 RD-SI-16,67_67399_5136977,8/11/26,,2026-2027
67016264,3 RD-SI-17,67_67399_5136977,8/11/26,,2026-2027
67016338,4 RD-SI-09,67_67399_5136977,8/11/26,,2026-2027
67016338,4 RD-SI-10,67_67399_5136977,8/11/26,,2026-2027
67016259,3 RD-SI-16,67_67399_5136977,8/11/26,,2026-2027
67016259,3 RD-SI-17,67_67399_5136977,8/11/26,,2026-2027
67016578,0495-01,67_67399_5136979,8/11/26,,2026-2027
67016578,0495-02,67_67399_5136979,8/11/26,,2026-2027
67016462,4/5RD-SI11,67_67399_5136977,8/11/26,,2026-2027
67016462,5 RD-SI-05,67_67399_5136977,8/11/26,,2026-2027
67016724,1203476,67_67399_5136979,8/11/26,,2026-2027
67016724,1203507,67_67399_5136979,8/11/26,,2026-2027
67016196,2 RD-SI-13,67_67399_5136977,8/11/26,,2026-2027
67016196,2 RD-SI-14,67_67399_5136977,8/11/26,,2026-2027
67016617,0495-01,67_67399_5136979,8/11/26,,2026-2027
67016617,0495-02,67_67399_5136979,8/11/26,,2026-2027
67016538,6 RD-SI-01,67_67399_5136977,8/11/26,,2026-2027
67016538,6 RD-SI-02,67_67399_5136977,8/11/26,,2026-2027
67016183,2 RD-SI-13,67_67399_5136977,8/11/26,,2026-2027
67016183,2 RD-SI-14,67_67399_5136977,8/11/26,,2026-2027
67016173,2 RD-SI-13,67_67399_5136977,8/11/26,,2026-2027
67016173,2 RD-SI-14,67_67399_5136977,8/11/26,,2026-2027
67016169,2 RD-SI-13,67_67399_5136977,8/11/26,,2026-2027
67016169,2 RD-SI-14,67_67399_5136977,8/11/26,,2026-2027
67016230,3 RD-SI-16,67_67399_5136977,8/11/26,,2026-2027
67016230,3 RD-SI-17,67_67399_5136977,8/11/26,,2026-2027
67016721,1203476,67_67399_5136979,8/11/26,,2026-2027
67016721,1203507,67_67399_5136979,8/11/26,,2026-2027
67016615,0495-01,67_67399_5136979,8/11/26,,2026-2027
67016615,0495-02,67_67399_5136979,8/11/26,,2026-2027
67016477,4/5RD-SI11,67_67399_5136977,8/11/26,,2026-2027
67016477,5 RD-SI-05,67_67399_5136977,8/11/26,,2026-2027
67016125,1 RD-SI-20,67_67399_5136977,8/11/26,,2026-2027
67016125,1 RD-SI-21,67_67399_5136977,8/11/26,,2026-2027
67016297,3 RD-SI-16,67_67399_5136977,8/11/26,,2026-2027
67016297,3 RD-SI-17,67_67399_5136977,8/11/26,,2026-2027
67016566,0495-01,67_67399_5136979,8/11/26,,2026-2027
67016566,0495-02,67_67399_5136979,8/11/26,,2026-2027
67016138,2 RD-SI-13,67_67399_5136977,8/11/26,,2026-2027
67016138,2 RD-SI-14,67_67399_5136977,8/11/26,,2026-2027
67016430,4/5RD-SI11,67_67399_5136977,8/11/26,,2026-2027
67016430,5 RD-SI-05,67_67399_5136977,8/11/26,,2026-2027
67016194,2 RD-SI-13,67_67399_5136977,8/11/26,,2026-2027
67016194,2 RD-SI-14,67_67399_5136977,8/11/26,,2026-2027
67016175,2 RD-SI-13,67_67399_5136977,8/11/26,,2026-2027
67016175,2 RD-SI-14,67_67399_5136977,8/11/26,,2026-2027
67016493,6 RD-SI-01,67_67399_5136977,8/11/26,,2026-2027
67016493,6 RD-SI-02,67_67399_5136977,8/11/26,,2026-2027
67016532,6 RD-SI-01,67_67399_5136977,8/11/26,,2026-2027
67016532,6 RD-SI-02,67_67399_5136977,8/11/26,,2026-2027
67016210,3 RD-SI-16,67_67399_5136977,8/11/26,,2026-2027
67016210,3 RD-SI-17,67_67399_5136977,8/11/26,,2026-2027
67016461,4/5RD-SI11,67_67399_5136977,8/11/26,,2026-2027
67016461,5 RD-SI-05,67_67399_5136977,8/11/26,,2026-2027
67016412,4/5RD-SI11,67_67399_5136977,8/11/26,,2026-2027
67016412,5 RD-SI-05,67_67399_5136977,8/11/26,,2026-2027
67016217,3 RD-SI-16,67_67399_5136977,8/11/26,,2026-2027
67016217,3 RD-SI-17,67_67399_5136977,8/11/26,,2026-2027
67016640,0495-01,67_67399_5136979,8/11/26,,2026-2027
67016640,0495-02,67_67399_5136979,8/11/26,,2026-2027
67016180,2 RD-SI-13,67_67399_5136977,8/11/26,,2026-2027
67016180,2 RD-SI-14,67_67399_5136977,8/11/26,,2026-2027
67016351,4 RD-SI-09,67_67399_5136977,8/11/26,,2026-2027
67016351,4 RD-SI-10,67_67399_5136977,8/11/26,,2026-2027
67016423,4/5RD-SI11,67_67399_5136977,8/11/26,,2026-2027
67016423,5 RD-SI-05,67_67399_5136977,8/11/26,,2026-2027
67016296,3 RD-SI-16,67_67399_5136977,8/11/26,,2026-2027
67016296,3 RD-SI-17,67_67399_5136977,8/11/26,,2026-2027
67016292,3 RD-SI-16,67_67399_5136977,8/11/26,,2026-2027
67016292,3 RD-SI-17,67_67399_5136977,8/11/26,,2026-2027
67016356,4 RD-SI-09,67_67399_5136977,8/11/26,,2026-2027
67016356,4 RD-SI-10,67_67399_5136977,8/11/26,,2026-2027
67016474,4/5RD-SI11,67_67399_5136977,8/11/26,,2026-2027
67016474,5 RD-SI-05,67_67399_5136977,8/11/26,,2026-2027
67016378,4 RD-SI-09,67_67399_5136977,8/11/26,,2026-2027
67016378,4 RD-SI-10,67_67399_5136977,8/11/26,,2026-2027
67016129,2 RD-SI-13,67_67399_5136977,8/11/26,,2026-2027
67016129,2 RD-SI-14,67_67399_5136977,8/11/26,,2026-2027
67016353,4 RD-SI-09,67_67399_5136977,8/11/26,,2026-2027
67016353,4 RD-SI-10,67_67399_5136977,8/11/26,,2026-2027
67016708,1203476,67_67399_5136979,8/11/26,,2026-2027
67016708,1203507,67_67399_5136979,8/11/26,,2026-2027
67016208,3 RD-SI-16,67_67399_5136977,8/11/26,,2026-2027
67016208,3 RD-SI-17,67_67399_5136977,8/11/26,,2026-2027
67016204,2 RD-SI-13,67_67399_5136977,8/11/26,,2026-2027
67016204,2 RD-SI-14,67_67399_5136977,8/11/26,,2026-2027
67016157,2 RD-SI-13,67_67399_5136977,8/11/26,,2026-2027
67016157,2 RD-SI-14,67_67399_5136977,8/11/26,,2026-2027
67016265,3 RD-SI-16,67_67399_5136977,8/11/26,,2026-2027
67016265,3 RD-SI-17,67_67399_5136977,8/11/26,,2026-2027
67016112,1 RD-SI-20,67_67399_5136977,8/11/26,,2026-2027
67016112,1 RD-SI-21,67_67399_5136977,8/11/26,,2026-2027
67016535,6 RD-SI-01,67_67399_5136977,8/11/26,,2026-2027
67016535,6 RD-SI-02,67_67399_5136977,8/11/26,,2026-2027
67016275,3 RD-SI-16,67_67399_5136977,8/11/26,,2026-2027
67016275,3 RD-SI-17,67_67399_5136977,8/11/26,,2026-2027
67016111,1 RD-SI-20,67_67399_5136977,8/11/26,,2026-2027
67016111,1 RD-SI-21,67_67399_5136977,8/11/26,,2026-2027
67016158,2 RD-SI-13,67_67399_5136977,8/11/26,,2026-2027
67016158,2 RD-SI-14,67_67399_5136977,8/11/26,,2026-2027
67016422,4/5RD-SI11,67_67399_5136977,8/11/26,,2026-2027
67016422,5 RD-SI-05,67_67399_5136977,8/11/26,,2026-2027
67016365,4 RD-SI-09,67_67399_5136977,8/11/26,,2026-2027
67016365,4 RD-SI-10,67_67399_5136977,8/11/26,,2026-2027
67016581,0495-01,67_67399_5136979,8/11/26,,2026-2027
67016581,0495-02,67_67399_5136979,8/11/26,,2026-2027
67016589,0495-01,67_67399_5136979,8/11/26,,2026-2027
67016589,0495-02,67_67399_5136979,8/11/26,,2026-2027
67016304,3 RD-SI-16,67_67399_5136977,8/11/26,,2026-2027
67016304,3 RD-SI-17,67_67399_5136977,8/11/26,,2026-2027
67016244,3 RD-SI-16,67_67399_5136977,8/11/26,,2026-2027
67016244,3 RD-SI-17,67_67399_5136977,8/11/26,,2026-2027
67016488,6 RD-SI-01,67_67399_5136977,8/11/26,,2026-2027
67016488,6 RD-SI-02,67_67399_5136977,8/11/26,,2026-2027
67016177,2 RD-SI-13,67_67399_5136977,8/11/26,,2026-2027
67016177,2 RD-SI-14,67_67399_5136977,8/11/26,,2026-2027
67016722,1203476,67_67399_5136979,8/11/26,,2026-2027
67016722,1203507,67_67399_5136979,8/11/26,,2026-2027
67016418,4/5RD-SI11,67_67399_5136977,8/11/26,,2026-2027
67016418,5 RD-SI-05,67_67399_5136977,8/11/26,,2026-2027
67016586,0495-01,67_67399_5136979,8/11/26,,2026-2027
67016586,0495-02,67_67399_5136979,8/11/26,,2026-2027
67016214,3 RD-SI-16,67_67399_5136977,8/11/26,,2026-2027
67016214,3 RD-SI-17,67_67399_5136977,8/11/26,,2026-2027
67016143,2 RD-SI-13,67_67399_5136977,8/11/26,,2026-2027
67016143,2 RD-SI-14,67_67399_5136977,8/11/26,,2026-2027
67016562,0495-01,67_67399_5136979,8/11/26,,2026-2027
67016562,0495-02,67_67399_5136979,8/11/26,,2026-2027
67016596,0495-01,67_67399_5136979,8/11/26,,2026-2027
67016596,0495-02,67_67399_5136979,8/11/26,,2026-2027
67016718,1203476,67_67399_5136979,8/11/26,,2026-2027
67016718,1203507,67_67399_5136979,8/11/26,,2026-2027
67016554,6 RD-SI-01,67_67399_5136977,8/11/26,,2026-2027
67016554,6 RD-SI-02,67_67399_5136977,8/11/26,,2026-2027
67016469,4/5RD-SI11,67_67399_5136977,8/11/26,,2026-2027
67016469,5 RD-SI-05,67_67399_5136977,8/11/26,,2026-2027
67016185,2 RD-SI-13,67_67399_5136977,8/11/26,,2026-2027
67016185,2 RD-SI-14,67_67399_5136977,8/11/26,,2026-2027
67016318,4 RD-SI-09,67_67399_5136977,8/11/26,,2026-2027
67016318,4 RD-SI-10,67_67399_5136977,8/11/26,,2026-2027
67016213,3 RD-SI-16,67_67399_5136977,8/11/26,,2026-2027
67016213,3 RD-SI-17,67_67399_5136977,8/11/26,,2026-2027
67016141,2 RD-SI-13,67_67399_5136977,8/11/26,,2026-2027
67016141,2 RD-SI-14,67_67399_5136977,8/11/26,,2026-2027
67016135,2 RD-SI-13,67_67399_5136977,8/11/26,,2026-2027
67016135,2 RD-SI-14,67_67399_5136977,8/11/26,,2026-2027
67016485,6 RD-SI-01,67_67399_5136977,8/11/26,,2026-2027
67016485,6 RD-SI-02,67_67399_5136977,8/11/26,,2026-2027
67016516,6 RD-SI-01,67_67399_5136977,8/11/26,,2026-2027
67016516,6 RD-SI-02,67_67399_5136977,8/11/26,,2026-2027
67016142,2 RD-SI-13,67_67399_5136977,8/11/26,,2026-2027
67016142,2 RD-SI-14,67_67399_5136977,8/11/26,,2026-2027
67016162,2 RD-SI-13,67_67399_5136977,8/11/26,,2026-2027
67016162,2 RD-SI-14,67_67399_5136977,8/11/26,,2026-2027
67016313,4 RD-SI-09,67_67399_5136977,8/11/26,,2026-2027
67016313,4 RD-SI-10,67_67399_5136977,8/11/26,,2026-2027
67016355,4 RD-SI-09,67_67399_5136977,8/11/26,,2026-2027
67016355,4 RD-SI-10,67_67399_5136977,8/11/26,,2026-2027
67016195,2 RD-SI-13,67_67399_5136977,8/11/26,,2026-2027
67016195,2 RD-SI-14,67_67399_5136977,8/11/26,,2026-2027
67016258,3 RD-SI-16,67_67399_5136977,8/11/26,,2026-2027
67016258,3 RD-SI-17,67_67399_5136977,8/11/26,,2026-2027
67016614,0495-01,67_67399_5136979,8/11/26,,2026-2027
67016614,0495-02,67_67399_5136979,8/11/26,,2026-2027
67016638,0495-01,67_67399_5136979,8/11/26,,2026-2027
67016638,0495-02,67_67399_5136979,8/11/26,,2026-2027
67016386,4 RD-SI-09,67_67399_5136977,8/11/26,,2026-2027
67016386,4 RD-SI-10,67_67399_5136977,8/11/26,,2026-2027
67016156,2 RD-SI-13,67_67399_5136977,8/11/26,,2026-2027
67016156,2 RD-SI-14,67_67399_5136977,8/11/26,,2026-2027
67016133,2 RD-SI-13,67_67399_5136977,8/11/26,,2026-2027
67016133,2 RD-SI-14,67_67399_5136977,8/11/26,,2026-2027
67016197,2 RD-SI-13,67_67399_5136977,8/11/26,,2026-2027
67016197,2 RD-SI-14,67_67399_5136977,8/11/26,,2026-2027
67016652,1203476,67_67399_5136979,8/11/26,,2026-2027
67016652,1203507,67_67399_5136979,8/11/26,,2026-2027
67016726,1203476,67_67399_5136979,8/11/26,,2026-2027
67016726,1203507,67_67399_5136979,8/11/26,,2026-2027
67016285,3 RD-SI-16,67_67399_5136977,8/11/26,,2026-2027
67016285,3 RD-SI-17,67_67399_5136977,8/11/26,,2026-2027
67016186,2 RD-SI-13,67_67399_5136977,8/11/26,,2026-2027
67016186,2 RD-SI-14,67_67399_5136977,8/11/26,,2026-2027
67016273,3 RD-SI-16,67_67399_5136977,8/11/26,,2026-2027
67016273,3 RD-SI-17,67_67399_5136977,8/11/26,,2026-2027
67016459,4/5RD-SI11,67_67399_5136977,8/11/26,,2026-2027
67016459,5 RD-SI-05,67_67399_5136977,8/11/26,,2026-2027
67016524,6 RD-SI-01,67_67399_5136977,8/11/26,,2026-2027
67016524,6 RD-SI-02,67_67399_5136977,8/11/26,,2026-2027
67016128,2 RD-SI-13,67_67399_5136977,8/11/26,,2026-2027
67016128,2 RD-SI-14,67_67399_5136977,8/11/26,,2026-2027
67016364,4 RD-SI-09,67_67399_5136977,8/11/26,,2026-2027
67016364,4 RD-SI-10,67_67399_5136977,8/11/26,,2026-2027
67016598,0495-01,67_67399_5136979,8/11/26,,2026-2027
67016598,0495-02,67_67399_5136979,8/11/26,,2026-2027
67016123,1 RD-SI-20,67_67399_5136977,8/11/26,,2026-2027
67016123,1 RD-SI-21,67_67399_5136977,8/11/26,,2026-2027
67016657,1203476,67_67399_5136979,8/11/26,,2026-2027
67016657,1203507,67_67399_5136979,8/11/26,,2026-2027
67016560,6 RD-SI-01,67_67399_5136977,8/11/26,,2026-2027
67016560,6 RD-SI-02,67_67399_5136977,8/11/26,,2026-2027
67016334,4 RD-SI-09,67_67399_5136977,8/11/26,,2026-2027
67016334,4 RD-SI-10,67_67399_5136977,8/11/26,,2026-2027
67016271,3 RD-SI-16,67_67399_5136977,8/11/26,,2026-2027
67016271,3 RD-SI-17,67_67399_5136977,8/11/26,,2026-2027
67016719,1203476,67_67399_5136979,8/11/26,,2026-2027
67016719,1203507,67_67399_5136979,8/11/26,,2026-2027
67016321,4 RD-SI-09,67_67399_5136977,8/11/26,,2026-2027
67016321,4 RD-SI-10,67_67399_5136977,8/11/26,,2026-2027
67016691,1203476,67_67399_5136979,8/11/26,,2026-2027
67016691,1203507,67_67399_5136979,8/11/26,,2026-2027
67016438,4/5RD-SI11,67_67399_5136977,8/11/26,,2026-2027
67016438,5 RD-SI-05,67_67399_5136977,8/11/26,,2026-2027
67016627,0495-01,67_67399_5136979,8/11/26,,2026-2027
67016627,0495-02,67_67399_5136979,8/11/26,,2026-2027
67016151,2 RD-SI-13,67_67399_5136977,8/11/26,,2026-2027
67016151,2 RD-SI-14,67_67399_5136977,8/11/26,,2026-2027
67016327,4 RD-SI-09,67_67399_5136977,8/11/26,,2026-2027
67016327,4 RD-SI-10,67_67399_5136977,8/11/26,,2026-2027
67016714,1203476,67_67399_5136979,8/11/26,,2026-2027
67016714,1203507,67_67399_5136979,8/11/26,,2026-2027
67016433,4/5RD-SI11,67_67399_5136977,8/11/26,,2026-2027
67016433,5 RD-SI-05,67_67399_5136977,8/11/26,,2026-2027
67016343,4 RD-SI-09,67_67399_5136977,8/11/26,,2026-2027
67016343,4 RD-SI-10,67_67399_5136977,8/11/26,,2026-2027
67016594,0495-01,67_67399_5136979,8/11/26,,2026-2027
67016594,0495-02,67_67399_5136979,8/11/26,,2026-2027
67016530,6 RD-SI-01,67_67399_5136977,8/11/26,,2026-2027
67016530,6 RD-SI-02,67_67399_5136977,8/11/26,,2026-2027
67016323,4 RD-SI-09,67_67399_5136977,8/11/26,,2026-2027
67016323,4 RD-SI-10,67_67399_5136977,8/11/26,,2026-2027
67016445,4/5RD-SI11,67_67399_5136977,8/11/26,,2026-2027
67016445,5 RD-SI-05,67_67399_5136977,8/11/26,,2026-2027
67016198,2 RD-SI-13,67_67399_5136977,8/11/26,,2026-2027
67016198,2 RD-SI-14,67_67399_5136977,8/11/26,,2026-2027
67016514,6 RD-SI-01,67_67399_5136977,8/11/26,,2026-2027
67016514,6 RD-SI-02,67_67399_5136977,8/11/26,,2026-2027
67016656,1203476,67_67399_5136979,8/11/26,,2026-2027
67016656,1203507,67_67399_5136979,8/11/26,,2026-2027
67016528,6 RD-SI-01,67_67399_5136977,8/11/26,,2026-2027
67016528,6 RD-SI-02,67_67399_5136977,8/11/26,,2026-2027
67016567,0495-01,67_67399_5136979,8/11/26,,2026-2027
67016567,0495-02,67_67399_5136979,8/11/26,,2026-2027
67016643,0495-01,67_67399_5136979,8/11/26,,2026-2027
67016643,0495-02,67_67399_5136979,8/11/26,,2026-2027
67016574,0495-01,67_67399_5136979,8/11/26,,2026-2027
67016574,0495-02,67_67399_5136979,8/11/26,,2026-2027
67016606,0495-01,67_67399_5136979,8/11/26,,2026-2027
67016606,0495-02,67_67399_5136979,8/11/26,,2026-2027
67016700,1203476,67_67399_5136979,8/11/26,,2026-2027
67016700,1203507,67_67399_5136979,8/11/26,,2026-2027
67016319,4 RD-SI-09,67_67399_5136977,8/11/26,,2026-2027
67016319,4 RD-SI-10,67_67399_5136977,8/11/26,,2026-2027
67016626,0495-01,67_67399_5136979,8/11/26,,2026-2027
67016626,0495-02,67_67399_5136979,8/11/26,,2026-2027
67016256,3 RD-SI-16,67_67399_5136977,8/11/26,,2026-2027
67016256,3 RD-SI-17,67_67399_5136977,8/11/26,,2026-2027
67016563,0495-01,67_67399_5136979,8/11/26,,2026-2027
67016563,0495-02,67_67399_5136979,8/11/26,,2026-2027
67016666,1203476,67_67399_5136979,8/11/26,,2026-2027
67016666,1203507,67_67399_5136979,8/11/26,,2026-2027
67016389,4 RD-SI-09,67_67399_5136977,8/11/26,,2026-2027
67016389,4 RD-SI-10,67_67399_5136977,8/11/26,,2026-2027
67016261,3 RD-SI-16,67_67399_5136977,8/11/26,,2026-2027
67016261,3 RD-SI-17,67_67399_5136977,8/11/26,,2026-2027
67016120,1 RD-SI-20,67_67399_5136977,8/11/26,,2026-2027
67016120,1 RD-SI-21,67_67399_5136977,8/11/26,,2026-2027
67016703,1203476,67_67399_5136979,8/11/26,,2026-2027
67016703,1203507,67_67399_5136979,8/11/26,,2026-2027
67016354,4 RD-SI-09,67_67399_5136977,8/11/26,,2026-2027
67016354,4 RD-SI-10,67_67399_5136977,8/11/26,,2026-2027
67016299,3 RD-SI-16,67_67399_5136977,8/11/26,,2026-2027
67016299,3 RD-SI-17,67_67399_5136977,8/11/26,,2026-2027
67016483,6 RD-SI-01,67_67399_5136977,8/11/26,,2026-2027
67016483,6 RD-SI-02,67_67399_5136977,8/11/26,,2026-2027
67016290,3 RD-SI-16,67_67399_5136977,8/11/26,,2026-2027
67016290,3 RD-SI-17,67_67399_5136977,8/11/26,,2026-2027
67016237,3 RD-SI-16,67_67399_5136977,8/11/26,,2026-2027
67016237,3 RD-SI-17,67_67399_5136977,8/11/26,,2026-2027
67016232,3 RD-SI-16,67_67399_5136977,8/11/26,,2026-2027
67016232,3 RD-SI-17,67_67399_5136977,8/11/26,,2026-2027
67016504,6 RD-SI-01,67_67399_5136977,8/11/26,,2026-2027
67016504,6 RD-SI-02,67_67399_5136977,8/11/26,,2026-2027
67016404,4/5RD-SI11,67_67399_5136977,8/11/26,,2026-2027
67016404,5 RD-SI-05,67_67399_5136977,8/11/26,,2026-2027
67016310,3 RD-SI-16,67_67399_5136977,8/11/26,,2026-2027
67016310,3 RD-SI-17,67_67399_5136977,8/11/26,,2026-2027
67016119,1 RD-SI-20,67_67399_5136977,8/11/26,,2026-2027
67016119,1 RD-SI-21,67_67399_5136977,8/11/26,,2026-2027
67016192,2 RD-SI-13,67_67399_5136977,8/11/26,,2026-2027
67016192,2 RD-SI-14,67_67399_5136977,8/11/26,,2026-2027
67016363,4 RD-SI-09,67_67399_5136977,8/11/26,,2026-2027
67016363,4 RD-SI-10,67_67399_5136977,8/11/26,,2026-2027
67016473,4/5RD-SI11,67_67399_5136977,8/11/26,,2026-2027
67016473,5 RD-SI-05,67_67399_5136977,8/11/26,,2026-2027
67016466,4/5RD-SI11,67_67399_5136977,8/11/26,,2026-2027
67016466,5 RD-SI-05,67_67399_5136977,8/11/26,,2026-2027
67016536,6 RD-SI-01,67_67399_5136977,8/11/26,,2026-2027
67016536,6 RD-SI-02,67_67399_5136977,8/11/26,,2026-2027
67016405,4/5RD-SI11,67_67399_5136977,8/11/26,,2026-2027
67016405,5 RD-SI-05,67_67399_5136977,8/11/26,,2026-2027
67016647,0495-01,67_67399_5136979,8/11/26,,2026-2027
67016647,0495-02,67_67399_5136979,8/11/26,,2026-2027
67016107,1 RD-SI-20,67_67399_5136977,8/11/26,,2026-2027
67016107,1 RD-SI-21,67_67399_5136977,8/11/26,,2026-2027
67016602,0495-01,67_67399_5136979,8/11/26,,2026-2027
67016602,0495-02,67_67399_5136979,8/11/26,,2026-2027
67016168,2 RD-SI-13,67_67399_5136977,8/11/26,,2026-2027
67016168,2 RD-SI-14,67_67399_5136977,8/11/26,,2026-2027
67016494,6 RD-SI-01,67_67399_5136977,8/11/26,,2026-2027
67016494,6 RD-SI-02,67_67399_5136977,8/11/26,,2026-2027
67016453,4/5RD-SI11,67_67399_5136977,8/11/26,,2026-2027
67016453,5 RD-SI-05,67_67399_5136977,8/11/26,,2026-2027
67016306,3 RD-SI-16,67_67399_5136977,8/11/26,,2026-2027
67016306,3 RD-SI-17,67_67399_5136977,8/11/26,,2026-2027
67016577,0495-01,67_67399_5136979,8/11/26,,2026-2027
67016577,0495-02,67_67399_5136979,8/11/26,,2026-2027
67016184,2 RD-SI-13,67_67399_5136977,8/11/26,,2026-2027
67016184,2 RD-SI-14,67_67399_5136977,8/11/26,,2026-2027
67016226,3 RD-SI-16,67_67399_5136977,8/11/26,,2026-2027
67016226,3 RD-SI-17,67_67399_5136977,8/11/26,,2026-2027
67016329,4 RD-SI-09,67_67399_5136977,8/11/26,,2026-2027
67016329,4 RD-SI-10,67_67399_5136977,8/11/26,,2026-2027
67016653,1203476,67_67399_5136979,8/11/26,,2026-2027
67016653,1203507,67_67399_5136979,8/11/26,,2026-2027
67016622,0495-01,67_67399_5136979,8/11/26,,2026-2027
67016622,0495-02,67_67399_5136979,8/11/26,,2026-2027
67016215,3 RD-SI-16,67_67399_5136977,8/11/26,,2026-2027
67016215,3 RD-SI-17,67_67399_5136977,8/11/26,,2026-2027
67016432,4/5RD-SI11,67_67399_5136977,8/11/26,,2026-2027
67016432,5 RD-SI-05,67_67399_5136977,8/11/26,,2026-2027
67016440,4/5RD-SI11,67_67399_5136977,8/11/26,,2026-2027
67016440,5 RD-SI-05,67_67399_5136977,8/11/26,,2026-2027
67016675,1203476,67_67399_5136979,8/11/26,,2026-2027
67016675,1203507,67_67399_5136979,8/11/26,,2026-2027
67016448,4/5RD-SI11,67_67399_5136977,8/11/26,,2026-2027
67016448,5 RD-SI-05,67_67399_5136977,8/11/26,,2026-2027
67016312,4 RD-SI-09,67_67399_5136977,8/11/26,,2026-2027
67016312,4 RD-SI-10,67_67399_5136977,8/11/26,,2026-2027
67016362,4 RD-SI-09,67_67399_5136977,8/11/26,,2026-2027
67016362,4 RD-SI-10,67_67399_5136977,8/11/26,,2026-2027
67016457,4/5RD-SI11,67_67399_5136977,8/11/26,,2026-2027
67016457,5 RD-SI-05,67_67399_5136977,8/11/26,,2026-2027
67016476,4/5RD-SI11,67_67399_5136977,8/11/26,,2026-2027
67016476,5 RD-SI-05,67_67399_5136977,8/11/26,,2026-2027
67016435,4/5RD-SI11,67_67399_5136977,8/11/26,,2026-2027
67016435,5 RD-SI-05,67_67399_5136977,8/11/26,,2026-2027
67016685,1203476,67_67399_5136979,8/11/26,,2026-2027
67016685,1203507,67_67399_5136979,8/11/26,,2026-2027
67016502,6 RD-SI-01,67_67399_5136977,8/11/26,,2026-2027
67016502,6 RD-SI-02,67_67399_5136977,8/11/26,,2026-2027
67016305,3 RD-SI-16,67_67399_5136977,8/11/26,,2026-2027
67016305,3 RD-SI-17,67_67399_5136977,8/11/26,,2026-2027
67016619,0495-01,67_67399_5136979,8/11/26,,2026-2027
67016619,0495-02,67_67399_5136979,8/11/26,,2026-2027
67016220,3 RD-SI-16,67_67399_5136977,8/11/26,,2026-2027
67016220,3 RD-SI-17,67_67399_5136977,8/11/26,,2026-2027
67016144,2 RD-SI-13,67_67399_5136977,8/11/26,,2026-2027
67016144,2 RD-SI-14,67_67399_5136977,8/11/26,,2026-2027
67016572,0495-01,67_67399_5136979,8/11/26,,2026-2027
67016572,0495-02,67_67399_5136979,8/11/26,,2026-2027
67016694,1203476,67_67399_5136979,8/11/26,,2026-2027
67016694,1203507,67_67399_5136979,8/11/26,,2026-2027
67016711,1203476,67_67399_5136979,8/11/26,,2026-2027
67016711,1203507,67_67399_5136979,8/11/26,,2026-2027
67016278,3 RD-SI-16,67_67399_5136977,8/11/26,,2026-2027
67016278,3 RD-SI-17,67_67399_5136977,8/11/26,,2026-2027
67016393,4 RD-SI-09,67_67399_5136977,8/11/26,,2026-2027
67016393,4 RD-SI-10,67_67399_5136977,8/11/26,,2026-2027
67016495,6 RD-SI-01,67_67399_5136977,8/11/26,,2026-2027
67016495,6 RD-SI-02,67_67399_5136977,8/11/26,,2026-2027
67016139,2 RD-SI-13,67_67399_5136977,8/11/26,,2026-2027
67016139,2 RD-SI-14,67_67399_5136977,8/11/26,,2026-2027
67016489,6 RD-SI-01,67_67399_5136977,8/11/26,,2026-2027
67016489,6 RD-SI-02,67_67399_5136977,8/11/26,,2026-2027
67016582,0495-01,67_67399_5136979,8/11/26,,2026-2027
67016582,0495-02,67_67399_5136979,8/11/26,,2026-2027
67016633,0495-01,67_67399_5136979,8/11/26,,2026-2027
67016633,0495-02,67_67399_5136979,8/11/26,,2026-2027
67016211,3 RD-SI-16,67_67399_5136977,8/11/26,,2026-2027
67016211,3 RD-SI-17,67_67399_5136977,8/11/26,,2026-2027
67016458,4/5RD-SI11,67_67399_5136977,8/11/26,,2026-2027
67016458,5 RD-SI-05,67_67399_5136977,8/11/26,,2026-2027
67016612,0495-01,67_67399_5136979,8/11/26,,2026-2027
67016612,0495-02,67_67399_5136979,8/11/26,,2026-2027
67016644,0495-01,67_67399_5136979,8/11/26,,2026-2027
67016644,0495-02,67_67399_5136979,8/11/26,,2026-2027
67016406,4/5RD-SI11,67_67399_5136977,8/11/26,,2026-2027
67016406,5 RD-SI-05,67_67399_5136977,8/11/26,,2026-2027
67016163,2 RD-SI-13,67_67399_5136977,8/11/26,,2026-2027
67016163,2 RD-SI-14,67_67399_5136977,8/11/26,,2026-2027
67016392,4 RD-SI-09,67_67399_5136977,8/11/26,,2026-2027
67016392,4 RD-SI-10,67_67399_5136977,8/11/26,,2026-2027
67016236,3 RD-SI-16,67_67399_5136977,8/11/26,,2026-2027
67016236,3 RD-SI-17,67_67399_5136977,8/11/26,,2026-2027
67016695,1203476,67_67399_5136979,8/11/26,,2026-2027
67016695,1203507,67_67399_5136979,8/11/26,,2026-2027
67016303,3 RD-SI-16,67_67399_5136977,8/11/26,,2026-2027
67016303,3 RD-SI-17,67_67399_5136977,8/11/26,,2026-2027
67016267,3 RD-SI-16,67_67399_5136977,8/11/26,,2026-2027
67016267,3 RD-SI-17,67_67399_5136977,8/11/26,,2026-2027
67016680,1203476,67_67399_5136979,8/11/26,,2026-2027
67016680,1203507,67_67399_5136979,8/11/26,,2026-2027
67016707,1203476,67_67399_5136979,8/11/26,,2026-2027
67016707,1203507,67_67399_5136979,8/11/26,,2026-2027
67016104,1 RD-SI-20,67_67399_5136977,8/11/26,,2026-2027
67016104,1 RD-SI-21,67_67399_5136977,8/11/26,,2026-2027
67016188,2 RD-SI-13,67_67399_5136977,8/11/26,,2026-2027
67016188,2 RD-SI-14,67_67399_5136977,8/11/26,,2026-2027
67016681,1203476,67_67399_5136979,8/11/26,,2026-2027
67016681,1203507,67_67399_5136979,8/11/26,,2026-2027
67016637,0495-01,67_67399_5136979,8/11/26,,2026-2027
67016637,0495-02,67_67399_5136979,8/11/26,,2026-2027
67016153,2 RD-SI-13,67_67399_5136977,8/11/26,,2026-2027
67016153,2 RD-SI-14,67_67399_5136977,8/11/26,,2026-2027
67016585,0495-01,67_67399_5136979,8/11/26,,2026-2027
67016585,0495-02,67_67399_5136979,8/11/26,,2026-2027
67016693,1203476,67_67399_5136979,8/11/26,,2026-2027
67016693,1203507,67_67399_5136979,8/11/26,,2026-2027
67016105,1 RD-SI-20,67_67399_5136977,8/11/26,,2026-2027
67016105,1 RD-SI-21,67_67399_5136977,8/11/26,,2026-2027
67016233,3 RD-SI-16,67_67399_5136977,8/11/26,,2026-2027
67016233,3 RD-SI-17,67_67399_5136977,8/11/26,,2026-2027
67016394,4/5RD-SI11,67_67399_5136977,8/11/26,,2026-2027
67016394,5 RD-SI-05,67_67399_5136977,8/11/26,,2026-2027
67016399,4/5RD-SI11,67_67399_5136977,8/11/26,,2026-2027
67016399,5 RD-SI-05,67_67399_5136977,8/11/26,,2026-2027
67016543,6 RD-SI-01,67_67399_5136977,8/11/26,,2026-2027
67016543,6 RD-SI-02,67_67399_5136977,8/11/26,,2026-2027
67016372,4 RD-SI-09,67_67399_5136977,8/11/26,,2026-2027
67016372,4 RD-SI-10,67_67399_5136977,8/11/26,,2026-2027
67016150,2 RD-SI-13,67_67399_5136977,8/11/26,,2026-2027
67016150,2 RD-SI-14,67_67399_5136977,8/11/26,,2026-2027
67016492,6 RD-SI-01,67_67399_5136977,8/11/26,,2026-2027
67016492,6 RD-SI-02,67_67399_5136977,8/11/26,,2026-2027
67016140,2 RD-SI-13,67_67399_5136977,8/11/26,,2026-2027
67016140,2 RD-SI-14,67_67399_5136977,8/11/26,,2026-2027
67016434,4/5RD-SI11,67_67399_5136977,8/11/26,,2026-2027
67016434,5 RD-SI-05,67_67399_5136977,8/11/26,,2026-2027
67016628,0495-01,67_67399_5136979,8/11/26,,2026-2027
67016628,0495-02,67_67399_5136979,8/11/26,,2026-2027
67016513,6 RD-SI-01,67_67399_5136977,8/11/26,,2026-2027
67016513,6 RD-SI-02,67_67399_5136977,8/11/26,,2026-2027
67016686,1203476,67_67399_5136979,8/11/26,,2026-2027
67016686,1203507,67_67399_5136979,8/11/26,,2026-2027
67016641,0495-01,67_67399_5136979,8/11/26,,2026-2027
67016641,0495-02,67_67399_5136979,8/11/26,,2026-2027
67016541,6 RD-SI-01,67_67399_5136977,8/11/26,,2026-2027
67016541,6 RD-SI-02,67_67399_5136977,8/11/26,,2026-2027
67016579,0495-01,67_67399_5136979,8/11/26,,2026-2027
67016579,0495-02,67_67399_5136979,8/11/26,,2026-2027
67016383,4 RD-SI-09,67_67399_5136977,8/11/26,,2026-2027
67016383,4 RD-SI-10,67_67399_5136977,8/11/26,,2026-2027
67016697,1203476,67_67399_5136979,8/11/26,,2026-2027
67016697,1203507,67_67399_5136979,8/11/26,,2026-2027
67016322,4 RD-SI-09,67_67399_5136977,8/11/26,,2026-2027
67016322,4 RD-SI-10,67_67399_5136977,8/11/26,,2026-2027
67016480,6 RD-SI-01,67_67399_5136977,8/11/26,,2026-2027
67016480,6 RD-SI-02,67_67399_5136977,8/11/26,,2026-2027
67016692,1203476,67_67399_5136979,8/11/26,,2026-2027
67016692,1203507,67_67399_5136979,8/11/26,,2026-2027
67016295,3 RD-SI-16,67_67399_5136977,8/11/26,,2026-2027
67016295,3 RD-SI-17,67_67399_5136977,8/11/26,,2026-2027
67016149,2 RD-SI-13,67_67399_5136977,8/11/26,,2026-2027
67016149,2 RD-SI-14,67_67399_5136977,8/11/26,,2026-2027
67016471,4/5RD-SI11,67_67399_5136977,8/11/26,,2026-2027
67016471,5 RD-SI-05,67_67399_5136977,8/11/26,,2026-2027
67016333,4 RD-SI-09,67_67399_5136977,8/11/26,,2026-2027
67016333,4 RD-SI-10,67_67399_5136977,8/11/26,,2026-2027
67016569,0495-01,67_67399_5136979,8/11/26,,2026-2027
67016569,0495-02,67_67399_5136979,8/11/26,,2026-2027
67016555,6 RD-SI-01,67_67399_5136977,8/11/26,,2026-2027
67016555,6 RD-SI-02,67_67399_5136977,8/11/26,,2026-2027
67016411,4/5RD-SI11,67_67399_5136977,8/11/26,,2026-2027
67016411,5 RD-SI-05,67_67399_5136977,8/11/26,,2026-2027
67016253,3 RD-SI-16,67_67399_5136977,8/11/26,,2026-2027
67016253,3 RD-SI-17,67_67399_5136977,8/11/26,,2026-2027
67016575,0495-01,67_67399_5136979,8/11/26,,2026-2027
67016575,0495-02,67_67399_5136979,8/11/26,,2026-2027
67016465,4/5RD-SI11,67_67399_5136977,8/11/26,,2026-2027
67016465,5 RD-SI-05,67_67399_5136977,8/11/26,,2026-2027
67016200,2 RD-SI-13,67_67399_5136977,8/11/26,,2026-2027
67016200,2 RD-SI-14,67_67399_5136977,8/11/26,,2026-2027
67016590,0495-01,67_67399_5136979,8/11/26,,2026-2027
67016590,0495-02,67_67399_5136979,8/11/26,,2026-2027
67016366,4 RD-SI-09,67_67399_5136977,8/11/26,,2026-2027
67016366,4 RD-SI-10,67_67399_5136977,8/11/26,,2026-2027
67016331,4 RD-SI-09,67_67399_5136977,8/11/26,,2026-2027
67016331,4 RD-SI-10,67_67399_5136977,8/11/26,,2026-2027
67016720,1203476,67_67399_5136979,8/11/26,,2026-2027
67016720,1203507,67_67399_5136979,8/11/26,,2026-2027
67016268,3 RD-SI-16,67_67399_5136977,8/11/26,,2026-2027
67016268,3 RD-SI-17,67_67399_5136977,8/11/26,,2026-2027
67016561,6 RD-SI-01,67_67399_5136977,8/11/26,,2026-2027
67016561,6 RD-SI-02,67_67399_5136977,8/11/26,,2026-2027
67016710,1203476,67_67399_5136979,8/11/26,,2026-2027
67016710,1203507,67_67399_5136979,8/11/26,,2026-2027
67016660,1203476,67_67399_5136979,8/11/26,,2026-2027
67016660,1203507,67_67399_5136979,8/11/26,,2026-2027
67016427,4/5RD-SI11,67_67399_5136977,8/11/26,,2026-2027
67016427,5 RD-SI-05,67_67399_5136977,8/11/26,,2026-2027
67016571,0495-01,67_67399_5136979,8/11/26,,2026-2027
67016571,0495-02,67_67399_5136979,8/11/26,,2026-2027
67016238,3 RD-SI-16,67_67399_5136977,8/11/26,,2026-2027
67016238,3 RD-SI-17,67_67399_5136977,8/11/26,,2026-2027
67016683,1203476,67_67399_5136979,8/11/26,,2026-2027
67016683,1203507,67_67399_5136979,8/11/26,,2026-2027
67016190,2 RD-SI-13,67_67399_5136977,8/11/26,,2026-2027
67016190,2 RD-SI-14,67_67399_5136977,8/11/26,,2026-2027
67016375,4 RD-SI-09,67_67399_5136977,8/11/26,,2026-2027
67016375,4 RD-SI-10,67_67399_5136977,8/11/26,,2026-2027
67016395,4/5RD-SI11,67_67399_5136977,8/11/26,,2026-2027
67016395,5 RD-SI-05,67_67399_5136977,8/11/26,,2026-2027
67016341,4 RD-SI-09,67_67399_5136977,8/11/26,,2026-2027
67016341,4 RD-SI-10,67_67399_5136977,8/11/26,,2026-2027
67016444,4/5RD-SI11,67_67399_5136977,8/11/26,,2026-2027
67016444,5 RD-SI-05,67_67399_5136977,8/11/26,,2026-2027
67016276,3 RD-SI-16,67_67399_5136977,8/11/26,,2026-2027
67016276,3 RD-SI-17,67_67399_5136977,8/11/26,,2026-2027
67016441,4/5RD-SI11,67_67399_5136977,8/11/26,,2026-2027
67016441,5 RD-SI-05,67_67399_5136977,8/11/26,,2026-2027
67016182,2 RD-SI-13,67_67399_5136977,8/11/26,,2026-2027
67016182,2 RD-SI-14,67_67399_5136977,8/11/26,,2026-2027
67016450,4/5RD-SI11,67_67399_5136977,8/11/26,,2026-2027
67016450,5 RD-SI-05,67_67399_5136977,8/11/26,,2026-2027
67016496,6 RD-SI-01,67_67399_5136977,8/11/26,,2026-2027
67016496,6 RD-SI-02,67_67399_5136977,8/11/26,,2026-2027
67016241,3 RD-SI-16,67_67399_5136977,8/11/26,,2026-2027
67016241,3 RD-SI-17,67_67399_5136977,8/11/26,,2026-2027
67016421,4/5RD-SI11,67_67399_5136977,8/11/26,,2026-2027
67016421,5 RD-SI-05,67_67399_5136977,8/11/26,,2026-2027
67016713,1203476,67_67399_5136979,8/11/26,,2026-2027
67016713,1203507,67_67399_5136979,8/11/26,,2026-2027
67016540,6 RD-SI-01,67_67399_5136977,8/11/26,,2026-2027
67016540,6 RD-SI-02,67_67399_5136977,8/11/26,,2026-2027
67016164,2 RD-SI-13,67_67399_5136977,8/11/26,,2026-2027
67016164,2 RD-SI-14,67_67399_5136977,8/11/26,,2026-2027
67016557,6 RD-SI-01,67_67399_5136977,8/11/26,,2026-2027
67016557,6 RD-SI-02,67_67399_5136977,8/11/26,,2026-2027
67016442,4/5RD-SI11,67_67399_5136977,8/11/26,,2026-2027
67016442,5 RD-SI-05,67_67399_5136977,8/11/26,,2026-2027
67016545,6 RD-SI-01,67_67399_5136977,8/11/26,,2026-2027
67016545,6 RD-SI-02,67_67399_5136977,8/11/26,,2026-2027
67016218,3 RD-SI-16,67_67399_5136977,8/11/26,,2026-2027
67016218,3 RD-SI-17,67_67399_5136977,8/11/26,,2026-2027
67016646,0495-01,67_67399_5136979,8/11/26,,2026-2027
67016646,0495-02,67_67399_5136979,8/11/26,,2026-2027
67016664,1203476,67_67399_5136979,8/11/26,,2026-2027
67016664,1203507,67_67399_5136979,8/11/26,,2026-2027
67016655,1203476,67_67399_5136979,8/11/26,,2026-2027
67016655,1203507,67_67399_5136979,8/11/26,,2026-2027
67016287,3 RD-SI-16,67_67399_5136977,8/11/26,,2026-2027
67016287,3 RD-SI-17,67_67399_5136977,8/11/26,,2026-2027
67016212,3 RD-SI-16,67_67399_5136977,8/11/26,,2026-2027
67016212,3 RD-SI-17,67_67399_5136977,8/11/26,,2026-2027
67016349,4 RD-SI-09,67_67399_5136977,8/11/26,,2026-2027
67016349,4 RD-SI-10,67_67399_5136977,8/11/26,,2026-2027
67016136,2 RD-SI-13,67_67399_5136977,8/11/26,,2026-2027
67016136,2 RD-SI-14,67_67399_5136977,8/11/26,,2026-2027
67016335,4 RD-SI-09,67_67399_5136977,8/11/26,,2026-2027
67016335,4 RD-SI-10,67_67399_5136977,8/11/26,,2026-2027
67016556,6 RD-SI-01,67_67399_5136977,8/11/26,,2026-2027
67016556,6 RD-SI-02,67_67399_5136977,8/11/26,,2026-2027
67016649,1203476,67_67399_5136979,8/11/26,,2026-2027
67016649,1203507,67_67399_5136979,8/11/26,,2026-2027
67016470,4/5RD-SI11,67_67399_5136977,8/11/26,,2026-2027
67016470,5 RD-SI-05,67_67399_5136977,8/11/26,,2026-2027
67016216,3 RD-SI-16,67_67399_5136977,8/11/26,,2026-2027
67016216,3 RD-SI-17,67_67399_5136977,8/11/26,,2026-2027
67016340,4 RD-SI-09,67_67399_5136977,8/11/26,,2026-2027
67016340,4 RD-SI-10,67_67399_5136977,8/11/26,,2026-2027
67016623,0495-01,67_67399_5136979,8/11/26,,2026-2027
67016623,0495-02,67_67399_5136979,8/11/26,,2026-2027
67016599,0495-01,67_67399_5136979,8/11/26,,2026-2027
67016599,0495-02,67_67399_5136979,8/11/26,,2026-2027
67016523,6 RD-SI-01,67_67399_5136977,8/11/26,,2026-2027
67016523,6 RD-SI-02,67_67399_5136977,8/11/26,,2026-2027
67016595,0495-01,67_67399_5136979,8/11/26,,2026-2027
67016595,0495-02,67_67399_5136979,8/11/26,,2026-2027
67016248,3 RD-SI-16,67_67399_5136977,8/11/26,,2026-2027
67016248,3 RD-SI-17,67_67399_5136977,8/11/26,,2026-2027
67016484,6 RD-SI-01,67_67399_5136977,8/11/26,,2026-2027
67016484,6 RD-SI-02,67_67399_5136977,8/11/26,,2026-2027
67016576,0495-01,67_67399_5136979,8/11/26,,2026-2027
67016576,0495-02,67_67399_5136979,8/11/26,,2026-2027
67016229,3 RD-SI-16,67_67399_5136977,8/11/26,,2026-2027
67016229,3 RD-SI-17,67_67399_5136977,8/11/26,,2026-2027
67016379,4 RD-SI-09,67_67399_5136977,8/11/26,,2026-2027
67016379,4 RD-SI-10,67_67399_5136977,8/11/26,,2026-2027
67016467,4/5RD-SI11,67_67399_5136977,8/11/26,,2026-2027
67016467,5 RD-SI-05,67_67399_5136977,8/11/26,,2026-2027
67016191,2 RD-SI-13,67_67399_5136977,8/11/26,,2026-2027
67016191,2 RD-SI-14,67_67399_5136977,8/11/26,,2026-2027
67016559,6 RD-SI-01,67_67399_5136977,8/11/26,,2026-2027
67016559,6 RD-SI-02,67_67399_5136977,8/11/26,,2026-2027
67016661,1203476,67_67399_5136979,8/11/26,,2026-2027
67016661,1203507,67_67399_5136979,8/11/26,,2026-2027
67016224,3 RD-SI-16,67_67399_5136977,8/11/26,,2026-2027
67016224,3 RD-SI-17,67_67399_5136977,8/11/26,,2026-2027
67016518,6 RD-SI-01,67_67399_5136977,8/11/26,,2026-2027
67016518,6 RD-SI-02,67_67399_5136977,8/11/26,,2026-2027
67016221,3 RD-SI-16,67_67399_5136977,8/11/26,,2026-2027
67016221,3 RD-SI-17,67_67399_5136977,8/11/26,,2026-2027
67016673,1203476,67_67399_5136979,8/11/26,,2026-2027
67016673,1203507,67_67399_5136979,8/11/26,,2026-2027
67016171,2 RD-SI-13,67_67399_5136977,8/11/26,,2026-2027
67016171,2 RD-SI-14,67_67399_5136977,8/11/26,,2026-2027
67016679,1203476,67_67399_5136979,8/11/26,,2026-2027
67016679,1203507,67_67399_5136979,8/11/26,,2026-2027
67016630,0495-01,67_67399_5136979,8/11/26,,2026-2027
67016630,0495-02,67_67399_5136979,8/11/26,,2026-2027
67016534,6 RD-SI-01,67_67399_5136977,8/11/26,,2026-2027
67016534,6 RD-SI-02,67_67399_5136977,8/11/26,,2026-2027
67016206,2 RD-SI-13,67_67399_5136977,8/11/26,,2026-2027
67016206,2 RD-SI-14,67_67399_5136977,8/11/26,,2026-2027
67016174,2 RD-SI-13,67_67399_5136977,8/11/26,,2026-2027
67016174,2 RD-SI-14,67_67399_5136977,8/11/26,,2026-2027
67016607,0495-01,67_67399_5136979,8/11/26,,2026-2027
67016607,0495-02,67_67399_5136979,8/11/26,,2026-2027
67016154,2 RD-SI-13,67_67399_5136977,8/11/26,,2026-2027
67016154,2 RD-SI-14,67_67399_5136977,8/11/26,,2026-2027
67016678,1203476,67_67399_5136979,8/11/26,,2026-2027
67016678,1203507,67_67399_5136979,8/11/26,,2026-2027
67016451,4/5RD-SI11,67_67399_5136977,8/11/26,,2026-2027
67016451,5 RD-SI-05,67_67399_5136977,8/11/26,,2026-2027
67016601,0495-01,67_67399_5136979,8/11/26,,2026-2027
67016601,0495-02,67_67399_5136979,8/11/26,,2026-2027
67016616,0495-01,67_67399_5136979,8/11/26,,2026-2027
67016616,0495-02,67_67399_5136979,8/11/26,,2026-2027
67016337,4 RD-SI-09,67_67399_5136977,8/11/26,,2026-2027
67016337,4 RD-SI-10,67_67399_5136977,8/11/26,,2026-2027
67016552,6 RD-SI-01,67_67399_5136977,8/11/26,,2026-2027
67016552,6 RD-SI-02,67_67399_5136977,8/11/26,,2026-2027
67016629,0495-01,67_67399_5136979,8/11/26,,2026-2027
67016629,0495-02,67_67399_5136979,8/11/26,,2026-2027
67016249,3 RD-SI-16,67_67399_5136977,8/11/26,,2026-2027
67016249,3 RD-SI-17,67_67399_5136977,8/11/26,,2026-2027
67016358,4 RD-SI-09,67_67399_5136977,8/11/26,,2026-2027
67016358,4 RD-SI-10,67_67399_5136977,8/11/26,,2026-2027
67016565,0495-01,67_67399_5136979,8/11/26,,2026-2027
67016565,0495-02,67_67399_5136979,8/11/26,,2026-2027
67016662,1203476,67_67399_5136979,8/11/26,,2026-2027
67016662,1203507,67_67399_5136979,8/11/26,,2026-2027
67016712,1203476,67_67399_5136979,8/11/26,,2026-2027
67016712,1203507,67_67399_5136979,8/11/26,,2026-2027
67016639,0495-01,67_67399_5136979,8/11/26,,2026-2027
67016639,0495-02,67_67399_5136979,8/11/26,,2026-2027
67016243,3 RD-SI-16,67_67399_5136977,8/11/26,,2026-2027
67016243,3 RD-SI-17,67_67399_5136977,8/11/26,,2026-2027
67016390,4 RD-SI-09,67_67399_5136977,8/11/26,,2026-2027
67016390,4 RD-SI-10,67_67399_5136977,8/11/26,,2026-2027
67016684,1203476,67_67399_5136979,8/11/26,,2026-2027
67016684,1203507,67_67399_5136979,8/11/26,,2026-2027
67016277,3 RD-SI-16,67_67399_5136977,8/11/26,,2026-2027
67016277,3 RD-SI-17,67_67399_5136977,8/11/26,,2026-2027
67016289,3 RD-SI-16,67_67399_5136977,8/11/26,,2026-2027
67016289,3 RD-SI-17,67_67399_5136977,8/11/26,,2026-2027
67016651,1203476,67_67399_5136979,8/11/26,,2026-2027
67016651,1203507,67_67399_5136979,8/11/26,,2026-2027
67016587,0495-01,67_67399_5136979,8/11/26,,2026-2027
67016587,0495-02,67_67399_5136979,8/11/26,,2026-2027
67016705,1203476,67_67399_5136979,8/11/26,,2026-2027
67016705,1203507,67_67399_5136979,8/11/26,,2026-2027
67016377,4 RD-SI-09,67_67399_5136977,8/11/26,,2026-2027
67016377,4 RD-SI-10,67_67399_5136977,8/11/26,,2026-2027
67016429,4/5RD-SI11,67_67399_5136977,8/11/26,,2026-2027
67016429,5 RD-SI-05,67_67399_5136977,8/11/26,,2026-2027
67016439,4/5RD-SI11,67_67399_5136977,8/11/26,,2026-2027
67016439,5 RD-SI-05,67_67399_5136977,8/11/26,,2026-2027
67016512,6 RD-SI-01,67_67399_5136977,8/11/26,,2026-2027
67016512,6 RD-SI-02,67_67399_5136977,8/11/26,,2026-2027
67016251,3 RD-SI-16,67_67399_5136977,8/11/26,,2026-2027
67016251,3 RD-SI-17,67_67399_5136977,8/11/26,,2026-2027
